timestamp,extrinsic_yaw_error_deg,class,confidence,bbox_raw_points,bbox_filtered_points,mask_raw_points,mask_filtered_points,bbox_distance_m,mask_distance_m,bbox_centroid_x,bbox_centroid_y,bbox_centroid_z,mask_centroid_x,mask_centroid_y,mask_centroid_z,bbox_extent_x,bbox_extent_y,bbox_extent_z,mask_extent_x,mask_extent_y,mask_extent_z
1789688094.663405,0.0000,traffic cone,0.8524,177,61,82,45,3.8748,3.8640,1.2149396,0.113301575,3.6776314,1.1977959,0.18243629,3.669158,0.14454686641693115,0.36456717550754547,0.0869746208190918,0.13930187225341806,0.2923946619033813,0.09040384292602521
1789688094.709927,0.0000,traffic cone,0.7179,198,60,121,60,3.8065,3.8065,-0.99059737,0.111733556,3.6736393,-0.99059737,0.111733556,3.6736393,0.14265809059143053,0.36238200925290587,0.08174480199813816,0.14265809059143053,0.36238200925290587,0.08174480199813816
1789688094.769153,0.0000,traffic cone,0.6834,215,77,147,75,3.3339,3.3328,0.12166516,0.14193058,3.3286958,0.12083569,0.14143494,3.3276398,0.16222258731722833,0.32010739743709565,0.07977709770202646,0.15354501530528064,0.3203118920326233,0.07486371994018581
1789688094.797898,0.0000,traffic cone,0.4805,400,199,317,186,3.1385,3.1408,-0.4339052,0.06275529,3.107685,-0.43440092,0.032766588,3.1104736,0.21624048054218292,0.48220602571964266,0.0961582899093627,0.21341219544410706,0.4229629188776016,0.09055125713348389
1789688094.855160,0.0000,truck,0.1823,524,377,327,140,4.5031,4.8618,2.7716522,-0.02026023,3.5490565,2.9393106,-0.18010002,3.8685331,0.8028998374938965,0.5725425958633422,0.6723567962646482,0.7537845969200134,0.5313363745808601,0.6117114782333375
1789688094.911287,0.0000,traffic cone,0.8491,182,61,80,44,3.8723,3.8667,1.216023,0.11358774,3.6746604,1.1954933,0.18226995,3.672704,0.14490628242492676,0.36386899650096893,0.08925247192382812,0.1407557606697083,0.2921876795589924,0.09124093055725124
1789688094.952193,0.0000,traffic cone,0.7260,196,61,119,61,3.8086,3.8086,-0.9912432,0.11166629,3.6756985,-0.9912432,0.11166629,3.6756985,0.14320629835128784,0.36239253729581833,0.08201289176940918,0.14320629835128784,0.36239253729581833,0.08201289176940918
1789688094.999490,0.0000,traffic cone,0.6843,245,103,147,75,3.3329,3.3348,0.121307805,0.20494282,3.3243957,0.12148978,0.14086992,3.3295686,0.20633450448513022,0.38783707767724995,0.08551130294799814,0.1536912880837917,0.32075143754482266,0.07643439769744864
1789688095.049038,0.0000,traffic cone,0.4727,400,199,324,186,3.1400,3.1412,-0.43294096,0.062747866,3.10934,-0.43379283,0.0029669404,3.1110668,0.21659520864486692,0.48216728270053866,0.09727854728698704,0.21273712813854218,0.42302045971155167,0.0921396017074585
1789688095.102726,0.0000,traffic cone,0.2367,190,96,127,84,3.3673,3.3688,1.3799379,0.04284226,3.071309,1.3799379,0.011478469,3.0731626,0.11753696203231812,0.44284774363040924,0.09650248289108276,0.10727199316024794,0.4425563678145409,0.0967189908027648
1789688095.178186,0.0000,traffic cone,0.8482,180,61,80,45,3.8713,3.8676,1.2122287,0.112789735,3.6749196,1.197793,0.18234523,3.672905,0.13802039623260498,0.3638751581311226,0.09026098251342773,0.13578588962554927,0.29172537624835965,0.09560804367065412
1789688095.228660,0.0000,traffic cone,0.7275,196,62,116,62,3.8072,3.8072,-0.9891881,0.11164826,3.6747952,-0.9891881,0.11164826,3.6747952,0.1446542054414749,0.362187884747982,0.08513723611831692,0.1446542054414749,0.362187884747982,0.08513723611831692
1789688095.274518,0.0000,traffic cone,0.6836,247,103,145,74,3.3333,3.3333,0.12106915,0.20484339,3.3248222,0.12107,0.14105031,3.328146,0.20648815818130964,0.38766939342021944,0.08304829597473162,0.14833702221512787,0.32064164280891416,0.07279268503189051
1789688095.307797,0.0000,traffic cone,0.4786,401,199,321,185,3.1396,3.1440,-0.43468755,0.06285776,3.108743,-0.43561292,0.0027593672,3.1136932,0.21670482754707332,0.4820297032594681,0.09957880973815891,0.21266989111900325,0.42271681427955626,0.09208559989929199
1789688095.364323,0.0000,traffic cone,0.2350,192,97,132,87,3.3677,3.3678,1.381392,0.011420727,3.0713117,1.3816994,0.011420727,3.0713117,0.12002670764923096,0.44280960559844973,0.09231753349304217,0.10983638763427739,0.4426757574081421,0.09489591121673602
1789688095.444841,0.0000,traffic cone,0.8469,182,62,81,45,3.8739,3.8681,1.2151341,0.11451554,3.6765883,1.1953238,0.18236727,3.6742878,0.15564706921577454,0.3605827324092388,0.09258043766021729,0.13638851642608651,0.2919486671686172,0.09576816558837908
1789688095.481980,0.0000,traffic cone,0.7298,203,61,118,61,3.8086,3.8086,-0.99159247,0.11123437,3.675528,-0.99159247,0.11123437,3.675528,0.14490044116973877,0.3622235059738159,0.08360481262207031,0.14490044116973877,0.3622235059738159,0.08360481262207031
1789688095.518227,0.0000,traffic cone,0.6828,262,103,135,74,3.3333,3.3318,0.121615335,0.20401657,3.324819,0.11993919,0.14103836,3.3266463,0.207170521467924,0.38761727809906005,0.08733575344085676,0.1465257097035646,0.3209223739802837,0.07434915304183942
1789688095.567884,0.0000,traffic cone,0.4802,401,199,316,185,3.1388,3.1412,-0.43449458,0.06287056,3.1079323,-0.43470636,0.0029321462,3.111002,0.2159023195505142,0.48210022747516634,0.09740715026855451,0.21160600185394285,0.4228167474269867,0.09178080558776847
1789688095.615194,0.0000,traffic cone,0.2285,188,97,127,86,3.3682,3.3690,1.3807135,0.011528745,3.072208,1.3810759,0.0114873275,3.072928,0.11928362846374507,0.4427176773548126,0.09369974136352521,0.10955286026000977,0.4426475688815117,0.09560519456863403
1789688095.669986,0.0000,traffic cone,0.8456,182,60,81,45,3.8708,3.8617,1.2132572,0.11330116,3.6739528,1.1960287,0.18231797,3.6672785,0.13990326523780827,0.36492246203124523,0.08997030258178729,0.13666207790374751,0.29254651367664336,0.09082789421081561
1789688095.712548,0.0000,traffic cone,0.7267,201,60,117,60,3.8064,3.8064,-0.9910661,0.11166142,3.6734624,-0.9910661,0.11166142,3.6734624,0.14406223297119125,0.3622045982629061,0.0852672338485716,0.14406223297119125,0.3622045982629061,0.0852672338485716
1789688095.763637,0.0000,traffic cone,0.6845,248,104,140,75,3.3351,3.3348,0.12084438,0.20507064,3.3266253,0.12079784,0.14139858,3.3295631,0.20650085639208549,0.3879207722842693,0.0840673804283143,0.15513275712728497,0.32081557959318163,0.07420468330383301
1789688095.809553,0.0000,traffic cone,0.4818,398,199,316,186,3.1384,3.1420,-0.43411386,0.06274815,3.1076236,-0.43469998,0.032762304,3.1115766,0.2159369230270386,0.48198308050632477,0.09940507411956778,0.2126719281077385,0.4228634089231491,0.09569096565246582
1789688095.856031,0.0000,traffic cone,0.2345,188,97,128,87,3.3668,3.3669,1.3819337,0.011504456,3.0701005,1.3821558,0.011504456,3.0701005,0.1185245990753172,0.4428252249956131,0.09311499595642125,0.1079816341400146,0.4425168752670288,0.09356834888458287
1789688095.925766,0.0000,traffic cone,0.8452,181,61,81,45,3.8733,3.8636,1.214699,0.1138916,3.676117,1.1951158,0.1822798,3.6695666,0.14666450023651123,0.3640346974134445,0.09070825576782227,0.13752751350402836,0.2922117620706558,0.09402971267700178
1789688095.955014,0.0000,traffic cone,0.7286,201,61,116,61,3.8061,3.8061,-0.99024403,0.11146492,3.6733003,-0.99024403,0.11146492,3.6733003,0.14480805397033691,0.36217985302209854,0.08128857612609863,0.14480805397033691,0.36217985302209854,0.08128857612609863
1789688095.984214,0.0000,traffic cone,0.6873,263,105,136,74,3.3343,3.3342,0.12099786,0.20489854,3.3258438,0.12088281,0.14088437,3.3290274,0.20836236923933027,0.3877336174249649,0.08924970626831064,0.14696921184658998,0.32097188383340836,0.07512319087982178
1789688096.028748,0.0000,traffic cone,0.4864,397,198,314,184,3.1383,3.1441,-0.43312016,0.0628554,3.1076832,-0.4337522,0.032705,3.1138637,0.2170103162527084,0.4821139708161354,0.09685361385345459,0.21143179833889003,0.4229423239827156,0.09351996183395395
1789688096.073513,0.0000,traffic cone,0.2212,189,97,130,88,3.3703,3.3709,1.3812946,0.01141049,3.0742488,1.3819664,0.0114098415,3.0745301,0.11751029491424547,0.4426736146211624,0.09311418533325178,0.11143600940704346,0.44241888672113416,0.0933975338935853
1789688096.126994,0.0000,traffic cone,0.8467,181,60,80,44,3.8701,3.8674,1.2132573,0.112856045,3.673293,1.1959066,0.18229072,3.673293,0.14021019339561458,0.36421821638941765,0.09094280004501343,0.1376749992370605,0.29229747727513317,0.09230750799179077
1789688096.169695,0.0000,traffic cone,0.7231,203,61,119,61,3.8079,3.8079,-0.9906922,0.11154701,3.6750634,-0.9906922,0.11154701,3.6750634,0.14421004056930542,0.3623971566557884,0.08128976821899414,0.14421004056930542,0.3623971566557884,0.08128976821899414
1789688096.219667,0.0000,traffic cone,0.6881,263,104,135,75,3.3331,3.3348,0.120816976,0.20483202,3.3245602,0.12097399,0.14108975,3.329572,0.20602132361382242,0.3879700392484665,0.08825051784515381,0.1540550474077463,0.32080690562725067,0.07764410972595215
1789688096.265454,0.0000,traffic cone,0.4814,399,198,317,185,3.1402,3.1415,-0.43373558,0.062829,3.1094542,-0.43441683,0.0028661638,3.111278,0.21554918885231017,0.4822385758161545,0.0992487192153928,0.21218150854110718,0.42303418517112734,0.09221096038818377
1789688096.298977,0.0000,traffic cone,0.2304,196,97,135,87,3.3672,3.3676,1.3801516,0.0113159865,3.0713234,1.3811959,0.0113159865,3.0713234,0.11833565235137944,0.44302476942539215,0.09338908195495588,0.1099895477294921,0.4428206831216812,0.09607737064361555
1789688096.373219,0.0000,traffic cone,0.8485,181,62,79,45,3.8734,3.8624,1.2131642,0.11306909,3.6768236,1.1969752,0.18206482,3.6676853,0.14777011871337886,0.36413929089903835,0.09003729820251438,0.13606724739074716,0.2920649915933609,0.09473180770874023
1789688096.423012,0.0000,traffic cone,0.7224,203,61,119,61,3.8081,3.8081,-0.98929226,0.11136238,3.675642,-0.98929226,0.11136238,3.675642,0.13809502124786377,0.36235952377319336,0.0842432975769043,0.13809502124786377,0.36235952377319336,0.0842432975769043
1789688096.475109,0.0000,traffic cone,0.6891,264,105,136,75,3.3324,3.3339,0.12078218,0.20486243,3.323916,0.12078218,0.14121725,3.3287332,0.2084231309592724,0.3879376620054245,0.08532009124755868,0.15312929376959797,0.32048204988241197,0.07591145038604763
1789688096.530991,0.0000,traffic cone,0.4849,399,199,317,186,3.1394,3.1422,-0.43378207,0.06279935,3.108676,-0.43441314,0.032774203,3.111888,0.2159319877624512,0.4823235899209976,0.09320824146270779,0.2136167287826538,0.4228530824184418,0.08891373872756958
1789688096.596420,0.0000,traffic cone,0.2273,192,97,133,88,3.3690,3.3688,1.3832537,0.011405677,3.0719514,1.3846362,0.011458948,3.071045,0.12047014236450182,0.44288510680198667,0.08808374404907227,0.11162571907043461,0.44244414269924165,0.09404937028884897
1789688096.645908,0.0000,truck,0.1519,528,376,356,355,4.5000,4.0601,2.7719054,-0.019858256,3.5449257,2.1052687,0.07867031,3.470692,0.7958315014839172,0.5745358988642693,0.6722778081893921,1.1521814465522766,0.42869204878807066,0.9433808803558352
1789688096.706259,0.0000,traffic cone,0.8468,183,62,81,45,3.8754,3.8662,1.2146466,0.11439605,3.6783712,1.1953285,0.18224801,3.672287,0.15608474612236,0.36101685538887973,0.09049093723297119,0.13760633468627925,0.29237739741802216,0.09688596725463894
1789688096.751053,0.0000,traffic cone,0.7265,201,62,117,62,3.8083,3.8083,-0.98975974,0.11155781,3.6757853,-0.98975974,0.11155781,3.6757853,0.1450242906808853,0.3619398009032011,0.08756701946258527,0.1450242906808853,0.3619398009032011,0.08756701946258527
1789688096.797054,0.0000,traffic cone,0.6920,264,105,136,75,3.3331,3.3341,0.12051502,0.20441626,3.3246393,0.12010357,0.14144911,3.3289766,0.20719052106142039,0.3877041220664978,0.0936419486999509,0.1526334401220083,0.32098451554775237,0.07779822349548349
1789688096.842541,0.0000,traffic cone,0.4804,396,197,315,184,3.1399,3.1419,-0.43343347,0.06279591,3.1092463,-0.43490025,0.03274726,3.1114364,0.21402833461761472,0.48208083510398864,0.09600448608398438,0.20978264063596724,0.4230498090386391,0.08932991027832049
1789688096.888437,0.0000,traffic cone,0.2310,189,97,130,89,3.3699,3.3685,1.3817596,0.011444747,3.0736122,1.3834333,0.011444747,3.071291,0.12134618759155269,0.44261255860328674,0.095408058166504,0.11347336769104022,0.4425251305103302,0.09688549041748074
1789688096.961454,0.0000,traffic cone,0.8451,181,61,80,44,3.8727,3.8677,1.2141604,0.113291726,3.6756825,1.1962825,0.18206635,3.6735334,0.14554071426391602,0.3641330748796463,0.08965206146240234,0.13777479529380798,0.29221729785203937,0.09587075710296666
1789688096.990755,0.0000,traffic cone,0.7195,202,61,117,61,3.8074,3.8074,-0.99030226,0.111609384,3.6746278,-0.99030226,0.111609384,3.6746278,0.14210927486419678,0.36273210495710373,0.08362007141113281,0.14210927486419678,0.36273210495710373,0.08362007141113281
1789688097.022799,0.0000,traffic cone,0.6924,249,104,137,74,3.3317,3.3330,0.12140553,0.20538366,3.3231454,0.12140553,0.14095208,3.3278387,0.20902068130671977,0.387779151648283,0.08676564693450928,0.14811118766665451,0.32096959725022317,0.07745387554168692
1789688097.071418,0.0000,traffic cone,0.4838,398,199,316,185,3.1396,3.1413,-0.43449938,0.06278013,3.108801,-0.43499613,0.0030242056,3.1110506,0.21615052819252012,0.4820768624544144,0.09839301109313947,0.21261781454086298,0.4229099750518799,0.0918714523315427
1789688097.114363,0.0000,traffic cone,0.2327,192,97,132,88,3.3686,3.3691,1.380773,0.011360079,3.0726056,1.3824213,0.011358991,3.0723612,0.11954998970031738,0.4428294897079468,0.0961646080017089,0.11199762821197523,0.4425074905157089,0.09727590084075954
1789688097.186212,0.0000,traffic cone,0.8448,182,61,82,45,3.8717,3.8643,1.2138591,0.113309845,3.6747308,1.1962659,0.18226175,3.6699667,0.14563536643981934,0.36433450877666473,0.08569025993347168,0.13746030330657955,0.29205520749092106,0.09090762138366681
1789688097.234962,0.0000,traffic cone,0.7205,201,61,119,61,3.8087,3.8087,-0.9895745,0.111971185,3.6762357,-0.9895745,0.111971185,3.6762357,0.14495766162872314,0.3625117242336273,0.08656024932861328,0.14495766162872314,0.3625117242336273,0.08656024932861328
1789688097.285082,0.0000,traffic cone,0.6895,249,104,138,74,3.3344,3.3340,0.12192914,0.20456244,3.3259082,0.12134351,0.14094561,3.3287892,0.20689513459801667,0.38725418448448184,0.08482179641723642,0.146327980607748,0.3204733096063137,0.07279434204101554
1789688097.336120,0.0000,traffic cone,0.4813,399,199,315,185,3.1383,3.1415,-0.43410686,0.06289752,3.107452,-0.43561462,0.062443376,3.1104798,0.21842381954193119,0.4824849754571915,0.0975478410720827,0.21350890398025513,0.42290520668029785,0.09132895469665536
1789688097.388408,0.0000,traffic cone,0.2363,190,97,131,88,3.3684,3.3689,1.3813243,0.011323795,3.0721178,1.3829048,0.011314131,3.0720112,0.11849608421325675,0.4428333818912506,0.09082365036010742,0.11474614143371586,0.442589470744133,0.09344899654388428
1789688097.439689,0.0000,truck,0.1513,523,374,357,357,4.4977,4.0635,2.7756886,-0.055224493,3.5385637,2.107661,0.07669981,3.4733427,0.7959212064743042,0.5726172924041748,0.6728962063789368,0.8442114830017087,0.4293250560760498,0.833864068984985
1789688097.513358,0.0000,traffic cone,0.8457,181,62,81,46,3.8720,3.8677,1.2117144,0.113066345,3.675731,1.1977433,0.18200716,3.673047,0.14634298086166386,0.36448499038815496,0.09154069423675537,0.13699963688850403,0.29212719947099686,0.09878742694854736
1789688097.547104,0.0000,traffic cone,0.7203,199,61,118,61,3.8075,3.8075,-0.99039984,0.111623585,3.6747081,-0.99039984,0.111623585,3.6747081,0.1422906517982483,0.3621049299836159,0.08180928230285645,0.1422906517982483,0.3621049299836159,0.08180928230285645
1789688097.593069,0.0000,traffic cone,0.6912,247,105,136,75,3.3360,3.3345,0.12002275,0.20471954,3.3275356,0.119918585,0.14099506,3.329332,0.20646504163742063,0.3880358040332794,0.0882595062255862,0.15281681194901464,0.32093194127082825,0.0786464691162112
1789688097.642941,0.0000,traffic cone,0.4817,403,199,320,186,3.1394,3.1410,-0.43305156,0.062787175,3.1087453,-0.43373728,0.0029240325,3.1108766,0.2161916941404342,0.4822613924741745,0.09823741912841788,0.21324080228805542,0.42298272997140884,0.09245097637176514
1789688097.688944,0.0000,traffic cone,0.2401,190,96,130,88,3.3666,3.3675,1.3807626,0.042817295,3.0700965,1.3838677,0.042817295,3.0696912,0.11843812465667725,0.4427785649895668,0.09690356254577637,0.11141229271888742,0.44272907078266144,0.09762995243072492
1789688097.729630,0.0000,truck,0.1543,521,373,39,27,4.4981,4.3917,2.784398,-0.09063901,3.5314956,2.9721596,-0.019293427,3.2330427,0.7957468032836914,0.5710622549057007,0.6725630283355715,0.1341117382049557,0.16043750196695328,0.1482358932495118
1789688097.789044,0.0000,traffic cone,0.8451,180,63,78,44,3.8716,3.8661,1.2112436,0.11412744,3.675518,1.1941618,0.18216753,3.6725366,0.15355666875839225,0.3643373385071754,0.09582927227020255,0.1366514801979064,0.2919906347990036,0.10178502798080435
1789688097.837499,0.0000,traffic cone,0.7160,200,61,118,61,3.8092,3.8092,-0.99160415,0.11123143,3.6761518,-0.99160415,0.11123143,3.6761518,0.1434842348098755,0.36184072494506836,0.08331155776977539,0.1434842348098755,0.36184072494506836,0.08331155776977539
1789688097.886658,0.0000,traffic cone,0.6901,249,105,140,76,3.3338,3.3343,0.120986775,0.20458196,3.3253617,0.12012921,0.1409991,3.3291578,0.2066222086548805,0.3876269787549973,0.08704605102539054,0.15269777365028858,0.3208123631775379,0.08039742708206177
1789688097.938714,0.0000,traffic cone,0.4844,395,197,312,184,3.1396,3.1423,-0.43335253,0.06288549,3.1089616,-0.4339123,0.032733902,3.1119976,0.21436253786087034,0.482258203625679,0.0954516410827635,0.21042081713676447,0.4229323446750641,0.090555036067963
1789688097.984371,0.0000,traffic cone,0.2420,191,96,130,86,3.3692,3.3692,1.3820378,0.042650186,3.072431,1.3820378,0.042650186,3.072431,0.12016001343727112,0.44280168414115906,0.09415918588638306,0.10542014241218567,0.44269996881484985,0.09562081098556519
1789688098.056172,0.0000,traffic cone,0.8451,181,61,81,45,3.8730,3.8631,1.2153791,0.1151083,3.6756015,1.200361,0.18236525,3.6673753,0.1566091775894165,0.3639766722917557,0.08276200294494629,0.13819127082824711,0.2922424256801605,0.09570050239562988
1789688098.085849,0.0000,traffic cone,0.7151,202,62,117,62,3.8090,3.8090,-0.9906023,0.111795664,3.676184,-0.9906023,0.111795664,3.676184,0.1432812333106993,0.3621352847665548,0.08416842222213727,0.1432812333106993,0.3621352847665548,0.08416842222213727
1789688098.114604,0.0000,traffic cone,0.6858,249,105,139,76,3.3333,3.3342,0.12014729,0.20495625,3.32478,0.120442905,0.14153512,3.3290539,0.20544480159878728,0.3876629739999771,0.09183049201965332,0.1607325216755271,0.3205346316099167,0.07937490940093994
1789688098.163978,0.0000,traffic cone,0.4829,399,199,317,185,3.1391,3.1418,-0.43342724,0.06285137,3.1083858,-0.43431053,0.06260562,3.111039,0.2164282709360123,0.4823928505182266,0.09352383613586435,0.21307864189147951,0.42301395535469055,0.09200692176818848
1789688098.213450,0.0000,traffic cone,0.2432,190,97,129,87,3.3676,3.3705,1.3808686,0.011503667,3.071491,1.3808686,0.011405557,3.0745842,0.11690497398376443,0.4428257167339325,0.0941548824310301,0.10910209417343153,0.4427355766296387,0.09355268478393564
1789688098.286100,0.0000,traffic cone,0.8459,181,62,80,45,3.8731,3.8655,1.2134309,0.113061026,3.6764002,1.1972803,0.18241675,3.670896,0.14517525434494027,0.36382444426417354,0.09291417598724383,0.13960289955139138,0.2923604041337967,0.0986303806304929
1789688098.333506,0.0000,traffic cone,0.7161,201,61,118,61,3.8061,3.8061,-0.9899392,0.111585006,3.6734095,-0.9899392,0.111585006,3.6734095,0.14073461294174194,0.36205437034368515,0.08388376235961914,0.14073461294174194,0.36205437034368515,0.08388376235961914
1789688098.386008,0.0000,traffic cone,0.6848,250,105,137,75,3.3346,3.3328,0.12146732,0.2049738,3.3261247,0.12146732,0.14128636,3.3275433,0.20893738195300102,0.3883227914571762,0.08790717124938974,0.15317809581756586,0.32065038830041886,0.07849717140197754
1789688098.438273,0.0000,traffic cone,0.4848,402,199,318,185,3.1399,3.1426,-0.4347904,0.06283246,3.1090062,-0.43491277,0.002914369,3.1123512,0.21578845381736755,0.48213191628456115,0.098368263244629,0.21226562261581422,0.4231033116579056,0.09163894653320304
1789688098.483393,0.0000,traffic cone,0.2467,190,97,130,86,3.3690,3.3691,1.3814268,0.011561245,3.0727763,1.381146,0.0114670545,3.0729575,0.11770133972167973,0.44277490973472594,0.09321179389953604,0.10950526595115662,0.44268307089805603,0.09331709146499634
1789688098.546823,0.0000,traffic cone,0.8453,181,61,79,44,3.8723,3.8647,1.2142406,0.11325562,3.6752133,1.1960969,0.18232511,3.6704078,0.14967656135559082,0.3643719479441643,0.08959102630615234,0.1363327741622926,0.2924049220979214,0.0936585307121276
1789688098.581934,0.0000,traffic cone,0.7157,202,61,119,61,3.8098,3.8098,-0.9923916,0.11141184,3.6765585,-0.9923916,0.11141184,3.6765585,0.1463836431503296,0.36224764585494995,0.08337235450744629,0.1463836431503296,0.36224764585494995,0.08337235450744629
1789688098.629382,0.0000,traffic cone,0.6861,247,104,137,75,3.3344,3.3362,0.12103633,0.20408657,3.3259873,0.121020555,0.14102954,3.331044,0.20678521599620575,0.3878326825797558,0.08926424980163539,0.15326192639768121,0.32101290822029116,0.07877168655395517
1789688098.693100,0.0000,traffic cone,0.4864,401,198,316,183,3.1389,3.1438,-0.4326621,0.062899135,3.1083336,-0.4345379,0.0029626936,3.1136198,0.21573117524385454,0.48191427886486055,0.09792069196701059,0.21048359870910643,0.4228416830301285,0.09207689762115479
1789688098.745764,0.0000,traffic cone,0.2536,192,97,131,87,3.3691,3.3701,1.379162,0.011381015,3.0738432,1.3815182,0.011374116,3.0738592,0.11837887763977051,0.44314044117927553,0.09021296501159659,0.10833523273468026,0.44289925694465637,0.09115507602691642
1789688098.801191,0.0000,traffic cone,0.8436,182,62,80,45,3.8732,3.8661,1.2131038,0.11314838,3.6766064,1.1961875,0.18236795,3.6718392,0.1459384977817535,0.36414275951683517,0.09021148681640634,0.1360651731491087,0.2918772667646408,0.09125385284423837
1789688098.846233,0.0000,traffic cone,0.7137,201,61,117,61,3.8062,3.8062,-0.99381024,0.11116645,3.67248,-0.99381024,0.11116645,3.67248,0.1432928442955017,0.3617332875728607,0.08529853820800781,0.1432928442955017,0.3617332875728607,0.08529853820800781
1789688098.897256,0.0000,traffic cone,0.6842,248,106,134,75,3.3345,3.3342,0.12093789,0.2047732,3.325988,0.12070077,0.14139995,3.3289862,0.20732423290610313,0.38804828003048897,0.08616876602172852,0.1515635922551155,0.3204714000225067,0.07570552825927734
1789688098.943717,0.0000,traffic cone,0.4862,401,200,315,185,3.1392,3.1422,-0.43298206,0.06284021,3.1085498,-0.43447256,0.0029195845,3.1119838,0.2187776327133179,0.4824078008532524,0.09931225776672337,0.2115365862846374,0.4228926956653595,0.0905956268310546
1789688098.990221,0.0000,traffic cone,0.2527,191,97,132,88,3.3688,3.3690,1.3806173,0.0115121305,3.0728574,1.3823481,0.01149749,3.072269,0.11935491561889644,0.4428382694721222,0.09881734848022461,0.11243811249732971,0.4426463022828102,0.09952993392944354
1789688099.036875,0.0000,truck,0.1542,515,371,40,27,4.5049,4.3912,2.7779555,-0.020099446,3.5463748,2.9703662,-0.018999055,3.2341223,0.7952446937561035,0.5703423768281937,0.6724495887756348,0.13513107299804705,0.16000146865844728,0.1456458568572998
1789688099.103972,0.0000,traffic cone,0.8444,181,61,82,45,3.8724,3.8686,1.2155218,0.11353025,3.6748872,1.1978958,0.18250611,3.6739154,0.14454007148742676,0.3644452169537544,0.08459258079528809,0.1382735013961791,0.29250336289405826,0.09045348167419442
1789688099.136395,0.0000,traffic cone,0.7115,213,74,118,62,3.8039,3.8105,-0.98171294,0.18107764,3.6706166,-0.9915272,0.11182584,3.6774857,0.1552916139364242,0.4313908081501722,0.09243328571319553,0.14680720567703232,0.36218911223113537,0.08861744403839111
1789688099.184039,0.0000,traffic cone,0.6834,248,106,137,75,3.3353,3.3346,0.1208956,0.20483778,3.326849,0.120838806,0.14110503,3.3294365,0.20739925000816584,0.387903418391943,0.08769005537033081,0.15248792767524716,0.32114300429821013,0.07581925392150879
1789688099.226551,0.0000,traffic cone,0.4919,395,198,315,185,3.1395,3.1415,-0.4338281,0.06283757,3.108704,-0.43546414,0.002901569,3.1111302,0.21631491184234614,0.4821865186095238,0.09620848894119227,0.21155941486358643,0.42296794056892395,0.0896256923675538
1789688099.258588,0.0000,traffic cone,0.2570,188,96,129,88,3.3688,3.3691,1.3819308,0.042852372,3.0719562,1.3834081,0.011439748,3.0719562,0.11796793341636658,0.44293127208948135,0.09357577562332153,0.11065016388893123,0.4423581913113594,0.09456883668899563
1789688099.308715,0.0000,truck,0.1542,527,379,39,26,4.5038,4.3909,2.7752788,-0.020151779,3.5470116,2.9690568,-0.017726883,3.2349162,0.7988688230514529,0.5744126349687576,0.6725013256072998,0.13455474376678467,0.16006731055676937,0.14608556032180786
1789688099.384005,0.0000,traffic cone,0.8443,182,61,81,44,3.8737,3.8660,1.2152324,0.11362335,3.6763864,1.1959412,0.18241031,3.671808,0.14762115478515625,0.3640466257929802,0.09051227569580078,0.1396899461746215,0.29223875924944875,0.09499948024749783
1789688099.436386,0.0000,traffic cone,0.7102,214,73,120,61,3.8019,3.8055,-0.981392,0.18077713,3.66857,-0.9903244,0.11192271,3.672627,0.15493898391723626,0.3879371643066406,0.09336204528808567,0.14524328708648682,0.3628358617424965,0.08464241027832031
1789688099.485971,0.0000,traffic cone,0.6827,249,103,136,74,3.3346,3.3340,0.120979056,0.20485848,3.326117,0.12118356,0.14113353,3.3288422,0.20865957699716084,0.3879423126578331,0.08569343090057391,0.14863187707960598,0.32096696496009824,0.07454969882965079
1789688099.532964,0.0000,traffic cone,0.4944,399,199,312,184,3.1396,3.1432,-0.43378475,0.062926754,3.1088908,-0.4363983,0.003008388,3.1127536,0.21541475057601928,0.48207888305187224,0.09712481498718262,0.2097909346222877,0.42286487072706225,0.09089583158493042
1789688099.580612,0.0000,traffic cone,0.2620,189,97,130,88,3.3678,3.3680,1.3803048,0.011496514,3.0719178,1.3807855,0.042857185,3.0716028,0.116663646697998,0.4427890062332153,0.09547162055969238,0.10946142077445975,0.4426185205578804,0.09674942493438721
1789688099.638253,0.0000,traffic cone,0.8433,179,61,83,46,3.8737,3.8663,1.2145646,0.11340058,3.6766696,1.197095,0.18236884,3.671785,0.1435788869857788,0.36374077945947647,0.08979606628417969,0.1388465166091919,0.2924605570733547,0.09393757581710815
1789688099.680401,0.0000,traffic cone,0.7065,216,75,119,62,3.8072,3.8084,-0.9822929,0.18085745,3.6737995,-0.99039954,0.111624405,3.675675,0.15610386729240422,0.43259288743138313,0.09473040103912345,0.1451933711767196,0.3623213645070791,0.08370471000671387
1789688099.731182,0.0000,traffic cone,0.6768,263,105,136,75,3.3336,3.3344,0.120494634,0.20497745,3.325122,0.120494634,0.14145204,3.3292296,0.20646652877330776,0.38802664279937743,0.09226045608520517,0.15356534160673616,0.32063490301370623,0.07643797397613517
1789688099.781415,0.0000,traffic cone,0.4966,397,199,311,185,3.1398,3.1434,-0.43520516,0.06276773,3.1088796,-0.43520516,0.0029545426,3.113076,0.2162140071392059,0.4820407837629318,0.09925870895385724,0.21106026768684388,0.4230003595352173,0.09135441780090314
1789688099.830999,0.0000,traffic cone,0.2671,191,96,134,88,3.3688,3.3678,1.3817532,0.042829745,3.072052,1.3832421,0.042829745,3.0703042,0.11921057105064392,0.4430244714021683,0.09465265274047852,0.11219044923782362,0.44267925173044204,0.0960656166076661
1789688099.888032,0.0000,traffic cone,0.8445,177,62,81,46,3.8748,3.8686,1.2134445,0.11318879,3.6781604,1.1991334,0.18224022,3.6735413,0.1440651595592497,0.36444195434451104,0.09391734600067148,0.13568764925003052,0.29262525588274,0.09620171785354614
1789688099.932454,0.0000,traffic cone,0.7068,214,74,118,61,3.8061,3.8072,-0.9821702,0.1810679,3.672716,-0.9914969,0.11121367,3.6741345,0.1565603137016296,0.4327930141240358,0.09158092737197876,0.14488846063613892,0.3619587793946266,0.0862119197845459
1789688099.974028,0.0000,traffic cone,0.6752,264,106,138,76,3.3340,3.3341,0.120445654,0.20415764,3.325588,0.12034105,0.14163229,3.3289256,0.2035811571404338,0.3877846486866474,0.08595144748687744,0.15137136727571487,0.32072238251566887,0.07327103614807129
1789688100.005955,0.0000,traffic cone,0.5002,396,198,313,185,3.1397,3.1425,-0.43313107,0.062844016,3.1090865,-0.43324518,0.0030125976,3.1125145,0.21547493338584894,0.4821844816207886,0.09491071701049814,0.21204605698585516,0.42299736142158506,0.09230866432189933
1789688100.051026,0.0000,traffic cone,0.2695,190,97,131,88,3.3669,3.3676,1.380964,0.011512756,3.0706167,1.3829725,0.011485629,3.0704713,0.11907134056091295,0.4429108381271362,0.09423222541809073,0.11184393167495732,0.44268514811992643,0.09469496011733991
1789688100.123641,0.0000,traffic cone,0.8446,182,60,80,43,3.8726,3.8642,1.2147269,0.11444065,3.6753705,1.1957784,0.18234473,3.6699677,0.1495778501033782,0.36412613578140735,0.08388487100601205,0.13996993303298955,0.29197090566158296,0.08969967365264919
1789688100.174483,0.0000,traffic cone,0.7076,213,74,117,62,3.8069,3.8091,-0.9828495,0.18058446,3.6734266,-0.991416,0.11176363,3.6760967,0.15553549826145174,0.4313824016600847,0.09579508304595974,0.14360540211200723,0.36216962672770026,0.08664760589599618
1789688100.243524,0.0000,traffic cone,0.6709,264,105,138,75,3.3367,3.3351,0.120660424,0.20506549,3.3282351,0.120660424,0.14111358,3.329932,0.21053282022476197,0.38803757131099703,0.08915033340454093,0.1545608755201101,0.32066292613744735,0.07735474109649676
1789688100.299469,0.0000,traffic cone,0.4956,400,198,315,184,3.1387,3.1431,-0.4342117,0.06286501,3.1078787,-0.43628016,0.0028533041,3.1126828,0.21394138634204862,0.4821177452802658,0.09547206163406363,0.20929480642080306,0.42291740924119947,0.09273043870925868
1789688100.350774,0.0000,traffic cone,0.2585,190,96,131,88,3.3707,3.3699,1.3819708,0.042883255,3.0740829,1.382354,0.042883255,3.0730176,0.11808118224143982,0.4429074376821518,0.09503787755966187,0.10913878083229056,0.4428406596183777,0.09708055257797232
1789688100.422622,0.0000,traffic cone,0.8422,178,61,83,45,3.8719,3.8678,1.2156907,0.113655925,3.6743617,1.1984535,0.18223429,3.672934,0.1460973024368286,0.3642507344484329,0.09226584434509277,0.13785784244537358,0.2919397622346878,0.09455237388610804
1789688100.454442,0.0000,traffic cone,0.7155,213,72,117,60,3.8047,3.8072,-0.98422706,0.18060863,3.6707592,-0.9905814,0.11147742,3.6744103,0.1541439533233644,0.39249733127653597,0.08965684175491351,0.14106504619121552,0.3621560599654913,0.08052017688751212
1789688100.502700,0.0000,traffic cone,0.6665,261,104,138,74,3.3337,3.3354,0.12078713,0.20458889,3.325181,0.12050311,0.14105728,3.3302383,0.20564936436712736,0.38778245896101,0.08608762025833139,0.14657158683985466,0.3211359456181526,0.07452841997146598
1789688100.552552,0.0000,traffic cone,0.4984,399,201,315,186,3.1381,3.1429,-0.4340763,0.062794894,3.107341,-0.43513608,0.0028939024,3.1126645,0.21881988644599915,0.48208746314048767,0.09644556045532227,0.21363617479801178,0.42294444888830185,0.09148430824279785
1789688100.597440,0.0000,traffic cone,0.2518,186,96,130,88,3.3697,3.3682,1.3816972,0.042991363,3.073094,1.3833487,0.042991363,3.0707502,0.1175394058227539,0.442889466881752,0.09176445007324219,0.11231135725975028,0.44270911663770673,0.09470201730728167
1789688100.665955,0.0000,traffic cone,0.8418,179,61,80,44,3.8701,3.8657,1.2120092,0.11286378,3.6736603,1.1958916,0.18233854,3.6715503,0.13853669166564941,0.36404839158058167,0.09259295463562012,0.13724932074546836,0.29188988655805587,0.09451514482498169
1789688100.695220,0.0000,traffic cone,0.7184,215,73,119,61,3.8061,3.8103,-0.9825455,0.18079364,3.672608,-0.9911994,0.11142227,3.6774144,0.1555015206336975,0.4318853095173836,0.09176702499389666,0.14405465126037598,0.36208145320415497,0.08517956733703613
1789688100.727123,0.0000,traffic cone,0.6574,264,104,142,75,3.3345,3.3340,0.121080935,0.20481324,3.325968,0.121552974,0.14127263,3.3287642,0.20599073041230434,0.3878737181425095,0.08985298871994019,0.1543679822236299,0.3207449287176132,0.07802143096923819
1789688100.772800,0.0000,traffic cone,0.4967,402,198,316,184,3.1402,3.1424,-0.4336132,0.062921055,3.109449,-0.4355488,0.0029671043,3.1120985,0.21475847959518435,0.48241532146930693,0.09809134006500253,0.211139515042305,0.42283045053482055,0.09218958616256678
1789688100.824711,0.0000,traffic cone,0.2447,188,97,129,88,3.3683,3.3693,1.3811166,0.011506483,3.0720901,1.3819927,0.011472948,3.0727644,0.11841616630554208,0.4429809957742691,0.09579448699951154,0.11137320995330802,0.44298651814460754,0.09670654535293544
1789688100.889305,0.0000,traffic cone,0.8408,179,60,83,44,3.8722,3.8665,1.2147284,0.11340907,3.6749656,1.1954865,0.1821619,3.6724806,0.1408333301544189,0.36365761458873747,0.08439500331878635,0.1396582782268525,0.2921684600412846,0.09004189968109122
1789688100.929169,0.0000,traffic cone,0.7209,215,74,119,61,3.8081,3.8094,-0.9831354,0.18081467,3.6745536,-0.9880129,0.11171439,3.67732,0.156811597943306,0.43308106027543547,0.09319150447845459,0.1401139497756958,0.3621673882007599,0.0835883617401123
1789688100.976820,0.0000,traffic cone,0.6551,265,105,140,76,3.3345,3.3346,0.12140417,0.2050086,3.3259947,0.12145582,0.14151224,3.3293858,0.20501347780227658,0.3874923974275589,0.08858766555786168,0.15258911903947592,0.32041115686297417,0.07959878444671631
1789688101.022672,0.0000,traffic cone,0.4965,398,200,313,186,3.1394,3.1410,-0.43339896,0.062860034,3.1086707,-0.43391973,0.032755315,3.110722,0.2176981821656227,0.4824068620800972,0.09786114692687953,0.21369750797748566,0.42305970191955566,0.09108054637908936
1789688101.068685,0.0000,traffic cone,0.2431,189,97,130,89,3.3692,3.3703,1.380046,0.011419341,3.0735486,1.3827899,0.011411488,3.0735486,0.11659822463989244,0.44280506372451783,0.09436950683593759,0.11235787868499769,0.4427449703216553,0.09662513732910138
1789688101.141298,0.0000,traffic cone,0.8415,181,62,82,46,3.8737,3.8659,1.2123708,0.11308983,3.677321,1.1983767,0.18229148,3.6708992,0.14445437788963322,0.3638495672494173,0.09325268268585196,0.13581061363220215,0.2918524444103241,0.09505414962768555
1789688101.187243,0.0000,traffic cone,0.7152,215,74,121,62,3.8067,3.8086,-0.9840016,0.18075554,3.6728427,-0.9897562,0.11182067,3.6760464,0.15597601234912872,0.4313521530479193,0.0952893018722536,0.14440902173519132,0.36234172992408276,0.08608167171478254
1789688101.238184,0.0000,traffic cone,0.6552,264,106,138,75,3.3346,3.3341,0.12083428,0.20486408,3.326062,0.120502904,0.14126267,3.3289738,0.20863771345466375,0.3880365192890167,0.08681225776672363,0.15182787030935285,0.3208228185772896,0.07482266426086426
1789688101.287027,0.0000,traffic cone,0.4986,399,199,314,186,3.1416,3.1425,-0.43488052,0.06278108,3.1107044,-0.4357923,0.032752678,3.1119506,0.21713202595710757,0.4821594923734665,0.09589762687683123,0.2134958803653717,0.42305541038513184,0.09097659587860107
1789688101.337700,0.0000,traffic cone,0.2327,191,97,129,86,3.3682,3.3687,1.3801717,0.0114398,3.0724301,1.381094,0.011415601,3.072567,0.11770122051239018,0.4429835587739944,0.09769840240478533,0.10582137107849121,0.4428267329931259,0.09811854362487793
1789688101.393557,0.0000,traffic cone,0.8425,177,62,80,45,3.8733,3.8684,1.213669,0.11301541,3.6765096,1.1967821,0.18238628,3.6741247,0.14443489313125624,0.364126780256629,0.09454656839370701,0.1386132240295408,0.29254853427410127,0.09905881881713885
1789688101.434423,0.0000,traffic cone,0.7173,213,71,116,59,3.8014,3.8089,-0.98431724,0.18052572,3.6673381,-0.99149925,0.11116284,3.6758966,0.1536749303340912,0.3957600072026253,0.08611559867858887,0.1440815150737762,0.36188706010580063,0.07927839756011945
1789688101.463624,0.0000,traffic cone,0.6567,264,107,139,76,3.3359,3.3347,0.1200334,0.20473534,3.3274422,0.119903,0.14165296,3.329569,0.20593907423317429,0.38786959946155547,0.09187195301055917,0.1510738879442215,0.3205345645546913,0.07650089263916016
1789688101.493266,0.0000,traffic cone,0.5001,398,197,317,184,3.1402,3.1420,-0.43194762,0.06279129,3.10975,-0.4325006,0.032670863,3.111954,0.2153312802314758,0.48248793482780455,0.09572596549987766,0.2097311615943908,0.4229982852935791,0.09317333698272723
1789688101.542058,0.0000,traffic cone,0.2482,191,97,135,89,3.3686,3.3686,1.3799798,0.011524022,3.0729568,1.3831205,0.011524022,3.071549,0.12142026424407959,0.44301907122135165,0.09350309371948251,0.11489787101745619,0.44267949759960173,0.09418492317199689
1789688101.614815,0.0000,traffic cone,0.8425,177,61,82,45,3.8769,3.8649,1.2139914,0.11287433,3.6801448,1.1967318,0.1822758,3.670435,0.13812530040740967,0.3644127622246742,0.08422350883483887,0.1370995044708252,0.2926799237728119,0.09263777732849121
1789688101.660720,0.0000,traffic cone,0.7151,214,72,118,60,3.8053,3.8101,-0.98225147,0.18106617,3.6719313,-0.9908688,0.111806676,3.677268,0.15511497259140017,0.39214757978916165,0.08892184495925903,0.1435349375009537,0.36238897033035755,0.08707702159881592
1789688101.694076,0.0000,traffic cone,0.6597,262,105,137,75,3.3361,3.3346,0.12136407,0.20528731,3.3275182,0.12136407,0.14157823,3.3293808,0.2116220638155937,0.38807337284088134,0.08940281867980948,0.15603887513279913,0.32106387913227086,0.07848515510559073
1789688101.738917,0.0000,traffic cone,0.5039,401,198,319,185,3.1394,3.1429,-0.43354434,0.062925555,3.1086888,-0.43459833,0.0029756725,3.1126635,0.2150681525468826,0.48199975937604905,0.09929041862487775,0.2123305141925811,0.42294514179229736,0.09169020652770987
1789688101.785548,0.0000,traffic cone,0.2536,188,98,129,88,3.3706,3.3706,1.3826149,0.04280208,3.0736394,1.3833361,0.011447519,3.0736394,0.12137122154235858,0.4430314779281616,0.0917635202407836,0.11327377557754525,0.4427214786410332,0.09330066442489615
1789688101.837124,0.0000,traffic cone,0.8427,177,61,82,45,3.8714,3.8652,1.2136748,0.11363974,3.6744888,1.1965556,0.18227977,3.67082,0.14338421821594238,0.3642726466059685,0.08909463882446289,0.13896934986114506,0.29191839098930356,0.09231042861938477
1789688101.866272,0.0000,traffic cone,0.7185,212,74,118,62,3.8085,3.8092,-0.9833282,0.18064982,3.674909,-0.9893279,0.111567244,3.676842,0.15439492166042323,0.4314736034721136,0.09510793685913077,0.1441997557878495,0.36227650605142114,0.08882999420166016
1789688101.915782,0.0000,traffic cone,0.6599,265,105,138,74,3.3348,3.3341,0.12124391,0.2047956,3.3263257,0.12103089,0.14104295,3.3288667,0.20987155735492707,0.38780229389667514,0.08800029754638672,0.14736474920064202,0.3209487788379192,0.07619718313217172
1789688101.965445,0.0000,traffic cone,0.5011,401,199,317,184,3.1379,3.1432,-0.43334314,0.06287898,3.107197,-0.43491706,0.032791592,3.1127644,0.21779341399669644,0.48232826590538025,0.09847657680511501,0.2134419411420822,0.42301625609397886,0.09091732501983651
1789688102.025709,0.0000,traffic cone,0.2491,189,97,130,87,3.3699,3.3699,1.382987,0.011576727,3.072967,1.382987,0.011576727,3.072967,0.11931123733520521,0.44304858446121215,0.09625425338745108,0.1076044201850892,0.44297021329402925,0.09818937778472892
1789688102.084093,0.0000,traffic cone,0.8421,178,60,80,44,3.8725,3.8667,1.213598,0.11323498,3.675629,1.1956899,0.18241498,3.6726553,0.1406910777091981,0.3642346527427435,0.08357528448104867,0.14041234850883488,0.29230033382773396,0.09329189062118548
1789688102.129590,0.0000,traffic cone,0.7224,215,75,119,62,3.8060,3.8097,-0.98413706,0.18110207,3.6721,-0.9905032,0.11165032,3.6769934,0.1539044678211211,0.43174811601638796,0.09633815288543701,0.1479242324829102,0.3624349422752857,0.0869835734367368
1789688102.176957,0.0000,traffic cone,0.6640,263,103,140,74,3.3341,3.3350,0.12101279,0.20506802,3.325578,0.12087287,0.14139803,3.3297691,0.20724150687456128,0.38800271749496457,0.09054479598999032,0.14745078608393664,0.3206434771418571,0.07603389024734497
1789688102.221072,0.0000,traffic cone,0.5028,401,198,313,184,3.1390,3.1426,-0.43279827,0.06290716,3.1083677,-0.43466914,0.032723665,3.1121945,0.2167492866516113,0.482425382733345,0.10044547319412223,0.2118849635124206,0.4230601072311401,0.0910297393798829
1789688102.252047,0.0000,traffic cone,0.2550,191,97,131,88,3.3705,3.3699,1.3810232,0.011549234,3.0745988,1.3821877,0.042949185,3.0730982,0.11857097148895268,0.44292052984237673,0.09874191284179679,0.10988191962242122,0.44253448843955995,0.10198985338211042
1789688102.324894,0.0000,traffic cone,0.8437,177,61,80,44,3.8745,3.8675,1.214524,0.113669425,3.677457,1.1972324,0.18271501,3.672991,0.14883804321289062,0.3644833341240883,0.08975052833557129,0.13763294816017146,0.2924073919653893,0.09297944307327288
1789688102.375603,0.0000,traffic cone,0.7260,215,74,117,61,3.8058,3.8103,-0.9819395,0.18106921,3.672512,-0.9903875,0.111801505,3.6776636,0.15624981224536882,0.4326483953744173,0.0927980422973631,0.14056575298309326,0.3624700605869293,0.08735179901123047
1789688102.426034,0.0000,traffic cone,0.6626,263,104,139,75,3.3350,3.3330,0.12038554,0.2048105,3.3264847,0.12018543,0.14116058,3.3278549,0.20620449855923648,0.3877117723226547,0.08586361408233634,0.15326275415718554,0.32063213735818863,0.07465715408325213
1789688102.476599,0.0000,traffic cone,0.5024,400,198,315,185,3.1405,3.1422,-0.43362346,0.06297991,3.109765,-0.43414497,0.06269035,3.1114569,0.21544286608695984,0.4820911601185799,0.09789619445800746,0.21390234231948846,0.4228923678398132,0.09154939651489258
1789688102.539171,0.0000,traffic cone,0.2569,193,96,132,86,3.3693,3.3695,1.3815243,0.042868264,3.072732,1.382683,0.011515595,3.072732,0.11894279718399048,0.4428979754447937,0.09282547235488892,0.10850244760513306,0.44275691360235214,0.09703177213668823
1789688102.600338,0.0000,traffic cone,0.8421,177,61,81,45,3.8746,3.8683,1.214167,0.11386117,3.6776342,1.1964701,0.18238246,3.6741285,0.14451396465301514,0.36426232755184174,0.09227228164672852,0.13828284740447994,0.2922531425952911,0.09502878189086905
1789688102.645612,0.0000,traffic cone,0.7310,213,73,119,61,3.8066,3.8095,-0.9851645,0.18071476,3.6724224,-0.99339235,0.11131361,3.6759982,0.15568695068359373,0.43119799345731735,0.09062075614929199,0.1468389630317688,0.36206964403390884,0.08137893676757812
1789688102.692993,0.0000,traffic cone,0.6632,263,105,134,75,3.3334,3.3336,0.12125,0.20463786,3.3249285,0.12114976,0.14116856,3.3284037,0.20912392437458036,0.3877990871667862,0.09119853973388636,0.1543057985603809,0.32074607610702516,0.08112115859985325
1789688102.739887,0.0000,traffic cone,0.5021,400,199,315,186,3.1414,3.1432,-0.43333462,0.06290516,3.1107728,-0.43368047,0.0030291304,3.1131203,0.2138506084680557,0.4823145419359207,0.0993703126907346,0.211809441447258,0.4229522719979286,0.09274947643280029
1789688102.787414,0.0000,traffic cone,0.2613,187,97,126,86,3.3690,3.3693,1.3820137,0.011315227,3.0724883,1.3809075,0.01130721,3.073286,0.11934599876403817,0.44303619861602783,0.09374442100524893,0.10991770029067993,0.44268788397312164,0.09372085332870483
1789688102.861148,0.0000,traffic cone,0.8417,179,62,83,46,3.8746,3.8678,1.2126822,0.11332236,3.6782207,1.1979136,0.18227069,3.6731246,0.14682463407516488,0.3642912983894348,0.09576203823089591,0.13734790682792664,0.29271088913083076,0.09859871864318848
1789688102.901479,0.0000,traffic cone,0.7290,214,72,118,60,3.8048,3.8083,-0.9838067,0.18109274,3.6709895,-0.9903801,0.11183606,3.6755428,0.15560165345668808,0.39245097041130067,0.0902637243270874,0.14298311471939096,0.3624677240848541,0.08205072879791242
1789688102.936385,0.0000,traffic cone,0.6649,247,105,137,75,3.3348,3.3354,0.12073832,0.20467559,3.326356,0.12073832,0.14116517,3.3302162,0.20526977702975271,0.38769079446792604,0.08955302238464347,0.1536205947399139,0.32089992612600327,0.07594304084777814
1789688102.966813,0.0000,traffic cone,0.4994,402,200,315,186,3.1406,3.1438,-0.43306357,0.062807076,3.1099668,-0.43398392,0.0030417517,3.1137366,0.21727508008480073,0.4823135271668434,0.09970922470092791,0.21364900469779968,0.4231062978506088,0.0930030345916748
1789688103.012624,0.0000,traffic cone,0.2565,190,97,130,87,3.3699,3.3699,1.3813664,0.011646986,3.0737588,1.3813664,0.011646986,3.0737588,0.11934893131256108,0.44295365214347837,0.09545707702636719,0.10752278566360474,0.44280448853969573,0.09832942485809326
1789688103.086952,0.0000,traffic cone,0.8409,179,60,82,44,3.8723,3.8662,1.2130029,0.11325842,3.6756318,1.1963576,0.1822438,3.671908,0.14036292433738695,0.3647758223116398,0.08925151824951172,0.13582777976989746,0.29255149587988855,0.08989620208740234
1789688103.135030,0.0000,traffic cone,0.7324,214,73,119,61,3.8068,3.8082,-0.9838731,0.1810103,3.6729672,-0.99048436,0.11128074,3.6754467,0.1555677771568298,0.4318339794874191,0.0897836685180664,0.14430320262908936,0.36187484860420227,0.08240985870361328
1789688103.184162,0.0000,traffic cone,0.6636,250,104,138,75,3.3349,3.3346,0.12127775,0.20482694,3.3264418,0.1211145,0.14128098,3.3294382,0.20703332796692847,0.3876595549285412,0.0867353081703186,0.1537448480725288,0.32087932974100114,0.07659547328948957
1789688103.230258,0.0000,traffic cone,0.5029,399,199,317,185,3.1402,3.1416,-0.43386203,0.0628635,3.1094286,-0.434178,0.0029418617,3.1114917,0.2158797413110733,0.48231056332588196,0.09761872291564933,0.21189795732498168,0.4230849266052246,0.09147782325744602
1789688103.278407,0.0000,traffic cone,0.2522,190,97,131,87,3.3703,3.3711,1.3822901,0.011493832,3.0737345,1.3824253,0.011455715,3.074613,0.11899058818817143,0.44288766384124756,0.09277181625366193,0.11206839084625231,0.4426982939243317,0.0946584224700926
1789688103.333445,0.0000,traffic cone,0.8412,178,61,81,44,3.8741,3.8682,1.2132674,0.112671375,3.6775188,1.1952276,0.18241046,3.6744363,0.13742005825042725,0.36457133293151855,0.09307336807250977,0.1369258046150208,0.29256679490208626,0.09425626993179304
1789688103.377415,0.0000,traffic cone,0.7303,214,73,119,61,3.8073,3.8092,-0.98494846,0.18077102,3.6732507,-0.9913518,0.1116254,3.6761985,0.15306627750396729,0.4316151425242424,0.09021425247192383,0.1449320912361145,0.36277276277542114,0.08276510238647461
1789688103.420884,0.0000,traffic cone,0.6652,263,104,136,75,3.3363,3.3346,0.120585054,0.20467056,3.327849,0.12067093,0.14101285,3.3294125,0.20478567909449333,0.38768552243709564,0.0876757979393008,0.1535578843206167,0.32063291817903516,0.07672178745269775
1789688103.475416,0.0000,traffic cone,0.4994,402,200,317,185,3.1401,3.1417,-0.43432415,0.06292393,3.1092548,-0.4345919,0.0029495507,3.1114676,0.2168839126825332,0.4822426825761795,0.09805630445480373,0.21187306642532344,0.4231585443019867,0.09282889366149893
1789688103.525718,0.0000,traffic cone,0.2507,195,97,132,86,3.3696,3.3704,1.382018,0.011692643,3.0730846,1.3821615,0.011586316,3.073883,0.11871795654296857,0.44298197627067565,0.0921207904815673,0.11014175415039062,0.4428713396191597,0.0961809754371643
1789688103.596750,0.0000,traffic cone,0.8414,180,63,82,45,3.8745,3.8645,1.2130154,0.11371091,3.6779482,1.1956867,0.18211359,3.670336,0.15392152070999154,0.36461023017764094,0.09289166927337655,0.13643906116485582,0.2923679053783417,0.09369163513183576
1789688103.628928,0.0000,traffic cone,0.7321,214,74,119,61,3.8055,3.8079,-0.98207396,0.1811495,3.6721528,-0.99121296,0.11141172,3.674976,0.15795264840126033,0.4332786835730076,0.08994325399398795,0.14520561695098877,0.3620375692844391,0.08182048797607422
1789688103.671319,0.0000,traffic cone,0.6693,248,105,135,75,3.3352,3.3358,0.120301984,0.20506805,3.3267572,0.11987254,0.14106214,3.3306296,0.20564325451850887,0.38764862418174745,0.0897251605987548,0.15292306244373322,0.3210177853703499,0.0765395641326907
1789688103.702682,0.0000,traffic cone,0.4982,401,198,317,185,3.1398,3.1440,-0.4338204,0.062870145,3.109066,-0.43462887,0.0030061752,3.1138399,0.21527314037084583,0.4825477808713913,0.09439593553543091,0.21096839308738707,0.42307971715927123,0.08953609466552725
1789688103.749785,0.0000,traffic cone,0.2498,193,97,132,86,3.3698,3.3702,1.3815619,0.0114314705,3.0735962,1.38159,0.0113911405,3.074014,0.11947603225708003,0.44284720420837403,0.0948298931121827,0.1086050271987915,0.4427533596754074,0.09581232070922852
1789688103.830077,0.0000,traffic cone,0.8431,179,60,80,44,3.8737,3.8658,1.2126769,0.113111034,3.6772568,1.1947794,0.18249242,3.6719573,0.14069510698318477,0.36477081663906574,0.08356419801712045,0.13918326497077937,0.2920219272375107,0.09031106233596775
1789688103.874574,0.0000,traffic cone,0.7364,211,74,117,62,3.8089,3.8109,-0.983145,0.18083087,3.6753871,-0.99057686,0.1120065,3.6782484,0.15657313466072076,0.431500644236803,0.09824017286300668,0.14946186542510975,0.3626221619546413,0.0891477584838869
1789688103.922522,0.0000,traffic cone,0.6714,248,104,135,75,3.3344,3.3343,0.12059443,0.20508638,3.3259172,0.12073055,0.14137316,3.329104,0.20612632818520063,0.3879258453845978,0.08833479881286621,0.15402508080005645,0.3208943083882332,0.07931237220764187
1789688103.969351,0.0000,traffic cone,0.4968,402,198,319,185,3.1397,3.1432,-0.4340759,0.062930025,3.108922,-0.4356698,0.0030059814,3.11287,0.21447280645370487,0.4823539167642593,0.09532744884490985,0.2091846346855163,0.4232044070959091,0.09046006202697754
1789688104.016819,0.0000,traffic cone,0.2537,193,97,131,86,3.3714,3.3705,1.3825402,0.0116871,3.0748734,1.3816334,0.043002173,3.074043,0.12080104351043697,0.4429039180278778,0.09203605651855451,0.1048366129398346,0.44273319840431213,0.09673064947128296
1789688104.117226,0.0000,traffic cone,0.8422,178,61,79,45,3.8707,3.8639,1.2134299,0.11386149,3.673871,1.1964244,0.18239261,3.669448,0.14705705642700195,0.3649781793355942,0.0887596607208252,0.13634142875671373,0.29240161180496216,0.09491772651672337
1789688104.153414,0.0000,traffic cone,0.7397,214,74,119,62,3.8071,3.8086,-0.98444504,0.18096451,3.6731505,-0.9893139,0.111666545,3.6761568,0.15399841368198397,0.43157452195882795,0.08968864679336574,0.14155526161193854,0.3621684774756432,0.081986355781555
1789688104.210805,0.0000,traffic cone,0.6725,250,106,135,75,3.3345,3.3338,0.12055273,0.20532542,3.3259506,0.12022089,0.14106776,3.3286016,0.20642824470996857,0.3878101371228695,0.09210270643234253,0.15241830311715598,0.3204372122883796,0.0759319305419921
1789688104.263174,0.0000,traffic cone,0.5004,401,199,318,186,3.1406,3.1426,-0.43433493,0.062959105,3.109785,-0.43536648,0.032936998,3.112171,0.21614915728569034,0.48223487436771395,0.09700500965118408,0.21144017577171326,0.42316723614931107,0.09073805809020996
1789688104.314112,0.0000,traffic cone,0.2629,188,96,126,85,3.3686,3.3689,1.3807642,0.042921603,3.0722866,1.3815078,0.011521682,3.0726326,0.11631157994270325,0.4429781883955002,0.09709453582763672,0.10453171730041522,0.44287129342556,0.09838328361511195
1789688104.370646,0.0000,traffic cone,0.8423,177,61,81,45,3.8742,3.8649,1.2155619,0.11381349,3.676754,1.1967925,0.18239811,3.670354,0.14281105995178223,0.3645228371024132,0.08552074432373047,0.14010181427001944,0.29240737557411195,0.08964672088623082
1789688104.402355,0.0000,traffic cone,0.7438,215,74,119,61,3.8055,3.8076,-0.98287463,0.18085934,3.6719794,-0.9897555,0.11178169,3.6750503,0.15480315983295434,0.43324332982301705,0.09054671525955182,0.14447230100631714,0.3620873987674713,0.0836782455444336
1789688104.452952,0.0000,traffic cone,0.6698,253,107,138,76,3.3370,3.3354,0.12082049,0.2046518,3.3285127,0.12067975,0.1416288,3.330256,0.20749211125075812,0.38799014687538147,0.09223923683166513,0.15180100966244936,0.3208320923149586,0.07944393157958984
1789688104.502295,0.0000,traffic cone,0.4974,400,200,316,187,3.1411,3.1427,-0.43301663,0.0629014,3.110443,-0.43348724,0.0030295104,3.1126208,0.21650086939334873,0.48236564099788665,0.09636461734771729,0.2138242900371552,0.42300652861595156,0.08986692428588894
1789688104.553888,0.0000,traffic cone,0.2704,193,97,135,87,3.3705,3.3715,1.3817722,0.011674851,3.07418,1.3819181,0.011564672,3.0752804,0.11681306362152077,0.4431031048297882,0.09313511848449707,0.10927492380142212,0.4428236722946167,0.09469497203826904
1789688104.658663,0.0000,traffic cone,0.8409,178,61,80,45,3.8749,3.8672,1.2147481,0.11387497,3.6777997,1.197756,0.18231139,3.6725683,0.14944791793823242,0.3644969239830971,0.0899202823638916,0.13672134876251207,0.29201656579971313,0.09552884101867676
1789688104.704979,0.0000,traffic cone,0.7457,212,74,119,61,3.8066,3.8079,-0.9827594,0.18096805,3.6730762,-0.98979896,0.11139959,3.6753354,0.15728878676891334,0.4333689287304878,0.09205639362335205,0.143837571144104,0.3626222386956215,0.08386707305908203
1789688104.751170,0.0000,traffic cone,0.6756,246,104,137,75,3.3361,3.3356,0.1204812,0.20498511,3.327601,0.120574385,0.14128247,3.3304498,0.20524612534791226,0.38764748349785805,0.08739850521087655,0.15225435011088848,0.32053632736206056,0.0777901887893675
1789688104.798462,0.0000,traffic cone,0.4949,403,199,319,186,3.1404,3.1429,-0.43258113,0.0628538,3.1098666,-0.43366027,0.0030648485,3.1128154,0.21769302189350132,0.48213028311729433,0.09622397422790518,0.21310880035161972,0.42292333394289017,0.09111523628234863
1789688104.846346,0.0000,traffic cone,0.2540,188,97,128,87,3.3695,3.3698,1.3813382,0.011508465,3.0732958,1.3816334,0.011397779,3.0735183,0.11821513175964338,0.44294055700302126,0.09513788223266628,0.10873230695724478,0.44285495281219484,0.09681408405303982
1789688104.939993,0.0000,traffic cone,0.8406,177,61,79,44,3.8728,3.8683,1.2124946,0.112641364,3.676399,1.1961007,0.18218711,3.674249,0.13800930976867676,0.3641526773571968,0.09398174285888672,0.13713868856430045,0.2922709010541439,0.09452526569366482
1789688104.986355,0.0000,traffic cone,0.7484,213,73,117,60,3.8047,3.8082,-0.9820417,0.18137765,3.6713378,-0.99096036,0.11162387,3.675289,0.15707616806030278,0.3894564688205719,0.09304671287536648,0.1408577531576155,0.3624409127980471,0.0860786199569703
1789688105.030031,0.0000,traffic cone,0.6774,248,104,137,75,3.3365,3.3356,0.12082288,0.20500466,3.3279963,0.12055825,0.14111963,3.3304133,0.20739848222583526,0.3876479990780353,0.08792495727539062,0.1549286637455225,0.32096999436616896,0.07965874671936035
1789688105.068945,0.0000,traffic cone,0.4976,398,200,315,186,3.1410,3.1438,-0.43444186,0.06289181,3.1101904,-0.43514532,0.03284345,3.113346,0.21685809493064878,0.4822422757744789,0.09884219169616681,0.2136247158050537,0.42312441021203995,0.09233450889587402
1789688105.103899,0.0000,traffic cone,0.2521,191,97,131,86,3.3666,3.3684,1.3809532,0.011550501,3.0703626,1.3815584,0.011498682,3.0720372,0.11617746353149405,0.44299920201301574,0.09460210800170898,0.10897746682167053,0.44277486205101013,0.09701097011566162
1789688105.214500,0.0000,traffic cone,0.8394,179,62,81,45,3.8726,3.8690,1.212211,0.113244325,3.6762617,1.197915,0.18209313,3.6743908,0.14485661983489995,0.36452153399586673,0.0948362827301028,0.13727536201477064,0.29252353608608245,0.09686050415039071
1789688105.259171,0.0000,traffic cone,0.7480,214,72,119,60,3.8050,3.8075,-0.98230207,0.18084872,3.6715467,-0.9919903,0.11206171,3.6742554,0.15678967833518986,0.39219194762408727,0.08932917118072492,0.1455534458160399,0.36290913447737694,0.08300223350524893
1789688105.309991,0.0000,traffic cone,0.6800,248,104,136,75,3.3371,3.3354,0.120858595,0.20474716,3.328666,0.12084147,0.14096616,3.3302708,0.20474180895835156,0.38791936486959455,0.09167914390563947,0.15310566052794453,0.3211145505309105,0.07747983932495117
1789688105.372867,0.0000,traffic cone,0.4933,401,199,318,185,3.1394,3.1418,-0.43356237,0.06291509,3.108706,-0.43453613,0.002904132,3.111567,0.21601300239562993,0.48229471743106844,0.09719629287719744,0.21281036138534548,0.42303602695465087,0.08998022079467782
1789688105.426302,0.0000,traffic cone,0.2509,191,97,130,87,3.3696,3.3696,1.3826373,0.011447683,3.0728593,1.3826373,0.011447683,3.0728593,0.11867260932922363,0.44297176599502563,0.09094772338867196,0.10870074033737187,0.4429465070366859,0.09452662467956552
1789688105.502553,0.0000,traffic cone,0.8397,182,60,80,43,3.8729,3.8644,1.2115381,0.112507224,3.6768231,1.1947151,0.18241234,3.6705618,0.13512164950370797,0.3639600519090891,0.09730528593063381,0.12679810523986812,0.2911558195948601,0.09952619075775138
1789688105.550552,0.0000,traffic cone,0.7483,215,74,120,62,3.8096,3.8101,-0.9836703,0.18079507,3.676022,-0.99001545,0.11164418,3.677573,0.15580691695213322,0.43189540840685364,0.09599472284317034,0.14759187400341023,0.3625885654240847,0.08744651079177856
1789688105.602350,0.0000,traffic cone,0.6786,249,103,137,75,3.3378,3.3372,0.1205641,0.20519842,3.3293269,0.12069668,0.14133622,3.3319871,0.2072726659476756,0.3879299804568291,0.08498985767364475,0.1541911173611879,0.3213002681732178,0.07667665481567365
1789688105.660095,0.0000,traffic cone,0.4942,401,198,317,185,3.1387,3.1429,-0.4342861,0.062925234,3.1078877,-0.435731,0.003084302,3.1125534,0.21504163444042207,0.48221373856067656,0.0981935381889345,0.2109466314315796,0.4231237381696701,0.09167728424072275
1789688105.711799,0.0000,traffic cone,0.2527,193,97,129,84,3.3704,3.3705,1.3823856,0.011523023,3.07379,1.3814754,0.011515558,3.0743854,0.1190300226211547,0.44293885827064516,0.09563107490539524,0.10512486100196838,0.4428119480609894,0.09631117582321203
1789688105.755201,0.0000,traffic cone,0.8398,181,60,81,44,3.8726,3.8667,1.2120247,0.113190666,3.6762655,1.1967971,0.18205728,3.6722662,0.13971574902534467,0.36434991881251333,0.08818790912628183,0.13702687025070182,0.2917955070734024,0.09141857624053973
1789688105.803668,0.0000,traffic cone,0.7470,213,74,117,62,3.8069,3.8086,-0.9816779,0.18087144,3.6736977,-0.9899605,0.11174485,3.6760297,0.15592809617519365,0.43180832751095294,0.0949244856834408,0.1461943060159684,0.3627168152481317,0.08743066787719744
1789688105.855122,0.0000,traffic cone,0.6766,249,105,136,75,3.3349,3.3363,0.12053551,0.20541444,3.3263955,0.12053551,0.14139286,3.331145,0.20844053328037263,0.38785400390624997,0.08863134384155247,0.15359358265995976,0.3206805542111397,0.07855978012084952
1789688105.900491,0.0000,traffic cone,0.4944,399,197,317,184,3.1424,3.1432,-0.4320526,0.06294215,3.1118746,-0.43383795,0.03270351,3.112976,0.2154367506504059,0.48248855471611024,0.09511260986328152,0.21137819290161136,0.423014310002327,0.08970867395401028
1789688105.952518,0.0000,traffic cone,0.2483,190,96,129,86,3.3694,3.3703,1.3826178,0.04289347,3.072381,1.3835065,0.011521235,3.0732136,0.11825799942016602,0.4431278556585312,0.09380292892456055,0.1069256067276001,0.4429319053888321,0.09585380554199219
1789688106.033483,0.0000,traffic cone,0.8394,179,60,82,45,3.8719,3.8652,1.2136555,0.11297779,3.6750438,1.1976514,0.18261987,3.6704383,0.14259194731712355,0.36421176977455616,0.0834111690521242,0.13960776329040536,0.29225262403488156,0.0849375247955324
1789688106.082059,0.0000,traffic cone,0.7408,213,74,115,62,3.8066,3.8113,-0.9840044,0.18107581,3.6727333,-0.99106854,0.11168328,3.6785364,0.1552485615015029,0.4314322829246521,0.09257639646530169,0.14538151025772095,0.36245104968547825,0.08712828159332275
1789688106.131323,0.0000,traffic cone,0.6807,248,103,135,74,3.3339,3.3341,0.121244445,0.20485774,3.3254147,0.1211954,0.14109036,3.3288946,0.20641860663890832,0.3879393368959427,0.08569369316101083,0.14709101058542723,0.32072306573390963,0.0713773012161254
1789688106.180568,0.0000,traffic cone,0.4979,400,199,313,185,3.1417,3.1424,-0.43406975,0.06298125,3.1109624,-0.43555355,0.0030071884,3.1121123,0.21779864430427553,0.482499772310257,0.09695262908935565,0.21316668987274168,0.42314268946647643,0.0889702796936036
1789688106.232010,0.0000,traffic cone,0.2526,190,98,127,86,3.3698,3.3698,1.3817701,0.011446193,3.0734499,1.3817701,0.011446193,3.0734499,0.1188187301158905,0.44307953119277954,0.09559668302536029,0.10903096199035645,0.44293583929538727,0.09673494100570679
1789688106.279149,0.0000,truck,0.1542,522,374,40,27,4.5031,4.3930,2.786868,-0.09065269,3.535932,2.972537,-0.019336388,3.2344632,0.7966984748840331,0.5697136670351028,0.6719914913177489,0.13584578037261963,0.16013683900237086,0.14908678531646746
1789688106.342268,0.0000,traffic cone,0.8390,182,62,80,45,3.8742,3.8677,1.2130349,0.11317976,3.6777096,1.1985505,0.1824766,3.6728244,0.1478542685508728,0.36425448693335055,0.08961908817291286,0.1377604722976684,0.2921019971370697,0.09412651062011701
1789688106.377975,0.0000,traffic cone,0.7441,215,73,118,60,3.8077,3.8088,-0.9838273,0.18097048,3.6739573,-0.99172467,0.11178534,3.6757727,0.157608127593994,0.3898303359746933,0.09216804504394549,0.14202364981174465,0.36289946734905243,0.08072621822357151
1789688106.436788,0.0000,traffic cone,0.6797,248,104,136,74,3.3363,3.3354,0.12108877,0.20442691,3.327824,0.12108877,0.1410376,3.3301878,0.20639859735965724,0.3881199285387993,0.08881287574768093,0.14734980911016457,0.32082298249006275,0.07451891899108887
1789688106.484760,0.0000,traffic cone,0.4964,401,199,314,185,3.1412,3.1436,-0.43364498,0.06297897,3.110516,-0.43502727,0.0029836446,3.1133103,0.21593721210956568,0.4822761744260788,0.09777450561523438,0.21318368911743163,0.4230646014213562,0.09405384063720712
1789688106.516767,0.0000,traffic cone,0.2487,187,97,128,86,3.3704,3.3713,1.3823795,0.011503413,3.0738392,1.3826799,0.011475638,3.0746849,0.11852576732635489,0.4430822849273682,0.09459266662597665,0.10828116536140442,0.4427815079689026,0.09568262100219727
1789688106.566234,0.0000,truck,0.1507,526,377,38,26,4.5148,4.3944,2.7756944,-0.02035892,3.560709,2.972591,-0.017687805,3.236404,0.797701930999756,0.5727940171957016,0.6727891921997067,0.13008904457092285,0.16012662276625633,0.1527649164199829
1789688106.649142,0.0000,traffic cone,0.8352,179,61,80,44,3.8728,3.8675,1.2109268,0.11280298,3.6768951,1.1958437,0.18226145,3.6734166,0.13742411136627197,0.364404134452343,0.08969902992248535,0.13699148893356328,0.292631159722805,0.10007824897766149
1789688106.698805,0.0000,traffic cone,0.7400,214,72,119,60,3.8056,3.8094,-0.9831254,0.18098794,3.6719117,-0.9917757,0.11177015,3.6763546,0.1535499930381775,0.3922612465918064,0.0909246087074278,0.14386210143566125,0.36253186464309695,0.07874698638916033
1789688106.733097,0.0000,traffic cone,0.6762,250,105,139,76,3.3351,3.3365,0.12024774,0.20495552,3.3265877,0.12001208,0.14165258,3.3313437,0.20620990842580791,0.38791103661060333,0.08899478912353498,0.15338917076587677,0.32057977095246315,0.0750458836555481
1789688106.779861,0.0000,traffic cone,0.5031,401,198,318,185,3.1417,3.1436,-0.43282646,0.063045606,3.111062,-0.43350592,0.0030839294,3.1135278,0.21492028087377546,0.4822518453001976,0.0960584282875061,0.21176427602767944,0.4231116771697998,0.09092588424682635
1789688106.840024,0.0000,traffic cone,0.2516,189,96,129,86,3.3711,3.3711,1.3826132,0.042847358,3.074272,1.3826132,0.042847358,3.074272,0.118817538022995,0.4430195391178131,0.09422242641448975,0.10480427742004395,0.44295404851436615,0.09829199314117432
1789688106.936938,0.0000,traffic cone,0.8341,180,60,80,45,3.8725,3.8672,1.212527,0.113088086,3.6760018,1.1960727,0.1822378,3.6730409,0.1388248383998869,0.3644544336944818,0.08472098112106341,0.13732206821441628,0.29221025109291077,0.09166450500488299
1789688106.982030,0.0000,traffic cone,0.7389,215,73,120,61,3.8084,3.8114,-0.98337007,0.18092689,3.674749,-0.99120605,0.11156696,3.678597,0.15367665290832522,0.4318570107221603,0.08785820007324219,0.1435399055480957,0.3629724681377411,0.08830451965332031
1789688107.029353,0.0000,traffic cone,0.6706,247,104,134,75,3.3351,3.3353,0.12044115,0.20527183,3.3266323,0.12064859,0.14169362,3.3301136,0.2065640036016702,0.3876895748078823,0.08771244287490854,0.15309849604964254,0.32078083902597426,0.07465672492980957
1789688107.078724,0.0000,traffic cone,0.4980,403,199,318,186,3.1404,3.1429,-0.4332334,0.06289503,3.1097572,-0.43378577,0.0030391663,3.1128342,0.21586757004261015,0.4824470549821854,0.09433205127716082,0.21377140283584595,0.4231339246034622,0.09110373258590698
1789688107.129466,0.0000,traffic cone,0.2419,187,96,125,85,3.3708,3.3708,1.3813497,0.04284004,3.0745087,1.3818405,0.011465386,3.0745556,0.11720547080039978,0.4430772513151169,0.09056663513183594,0.10417242050170894,0.4429453253746033,0.09200959205627424
1789688107.198282,0.0000,traffic cone,0.8331,179,60,84,45,3.8719,3.8644,1.212739,0.11319363,3.6753361,1.1957437,0.18220097,3.670236,0.13889480829238887,0.3636994272470474,0.08399136066436785,0.13560752868652348,0.292195925116539,0.09094471931457537
1789688107.231133,0.0000,traffic cone,0.7385,215,74,120,62,3.8068,3.8104,-0.9824823,0.18106693,3.673324,-0.9903038,0.11176731,3.6777349,0.15556194186210637,0.4314332723617553,0.09293375015258754,0.14677039980888362,0.36213914304971695,0.08805757761001587
1789688107.279627,0.0000,traffic cone,0.6676,249,104,135,75,3.3354,3.3351,0.12065681,0.20516299,3.3268523,0.12065548,0.14165151,3.3299005,0.2062445437535643,0.38779227808117867,0.0865144252777097,0.15499470084905623,0.3208633050322533,0.07452023029327393
1789688107.326431,0.0000,traffic cone,0.4943,398,198,314,185,3.1408,3.1433,-0.4343577,0.062923305,3.1099753,-0.43602836,0.0030302405,3.1129184,0.21507596373558047,0.4824729099869728,0.09893627166748065,0.21147762537002562,0.42317440509796145,0.09188036918640119
1789688107.373652,0.0000,traffic cone,0.2369,189,96,124,84,3.3685,3.3698,1.3826765,0.042918272,3.0713863,1.3826765,0.011524864,3.0730493,0.1175706684589386,0.44293249398469925,0.09227001667022705,0.10278841853141785,0.44252459406852723,0.09669859409332249
1789688107.500362,0.0000,traffic cone,0.8326,183,60,82,45,3.8731,3.8643,1.211425,0.113201946,3.6770208,1.197629,0.18283612,3.6694527,0.1396976113319397,0.36469674706459043,0.08853142261505109,0.13609766960144043,0.29245556592941285,0.08978204727172834
1789688107.535063,0.0000,traffic cone,0.7348,214,74,119,62,3.8052,3.8068,-0.9823438,0.18078767,3.671782,-0.9918271,0.11194135,3.6736243,0.15507235825061794,0.43183340728282926,0.09523937702178964,0.14835465252399438,0.36245402693748474,0.08962328433990452
1789688107.581880,0.0000,traffic cone,0.6648,244,104,136,75,3.3374,3.3367,0.12069607,0.20503639,3.3288822,0.12100582,0.1415256,3.3315294,0.20609267260879274,0.3877819590270519,0.09210953712463388,0.15459758527576922,0.32146546691656114,0.08185415267944318
1789688107.628850,0.0000,traffic cone,0.4937,397,197,313,184,3.1403,3.1430,-0.43274188,0.06288804,3.1097422,-0.43389583,0.032886453,3.112713,0.2159533321857452,0.48244019150733947,0.09587335586547852,0.21228408068418503,0.4232667699456215,0.08921531438827479
1789688107.675633,0.0000,traffic cone,0.2368,190,96,131,87,3.3701,3.3706,1.3828833,0.042946823,3.0730562,1.383529,0.011475638,3.0734875,0.11783647537231445,0.44287697970867157,0.0949583649635315,0.1069849014282227,0.44264779686927797,0.09726173877716038
1789688107.769820,0.0000,traffic cone,0.8327,182,62,83,46,3.8739,3.8703,1.213512,0.11328201,3.6772199,1.2000504,0.18217115,3.675029,0.14547522068023677,0.36432726755738254,0.09267756938934335,0.138496994972229,0.2924037389457226,0.09636986255645752
1789688107.817903,0.0000,traffic cone,0.7361,212,73,117,61,3.8049,3.8103,-0.98376614,0.18084951,3.671092,-0.9909021,0.11171208,3.6775265,0.1529907226562499,0.43153864741325376,0.09094438552856454,0.14118236303329468,0.3625589534640312,0.08632397651672363
1789688107.866782,0.0000,traffic cone,0.6665,247,105,135,74,3.3359,3.3340,0.12098196,0.20467071,3.3274238,0.12080165,0.14094962,3.3288689,0.20946415066719054,0.3876582711935043,0.08943781852722177,0.14741070456802838,0.32103071734309196,0.07586098909378025
1789688107.898568,0.0000,traffic cone,0.4926,399,200,314,186,3.1404,3.1442,-0.434433,0.06296913,3.1096015,-0.43512407,0.032890864,3.113814,0.21559054106473924,0.4822874844074249,0.09834654331207293,0.21319979429244995,0.4231354519724846,0.09121125936508179
1789688107.945647,0.0000,traffic cone,0.2366,189,96,128,85,3.3693,3.3693,1.3816949,0.042960472,3.072713,1.3821237,0.011520594,3.0727851,0.1155785322189331,0.44311803579330444,0.09069371223449707,0.10526728630065918,0.44291732609272005,0.09447236061096165
1789688108.030305,0.0000,traffic cone,0.8323,182,61,82,46,3.8753,3.8662,1.2133636,0.11361399,3.67871,1.1984663,0.18267478,3.6711981,0.14570295810699463,0.3639418035745621,0.08955860137939453,0.13863149285316467,0.292292732745409,0.09445899724960327
1789688108.073926,0.0000,traffic cone,0.7377,211,74,117,62,3.8040,3.8108,-0.98112756,0.18091196,3.6708157,-0.99003226,0.111792475,3.6782005,0.15549879074096684,0.43194094523787496,0.09711090326309213,0.14631065130233767,0.3620344363152981,0.08942835330963117
1789688108.122250,0.0000,traffic cone,0.6614,247,105,135,75,3.3367,3.3350,0.12045294,0.20477816,3.3282812,0.12006853,0.14140195,3.3298037,0.20671372711658476,0.38791580200195314,0.08771181106567383,0.15280988141894336,0.32106709480285645,0.07500095367431658
1789688108.181007,0.0000,traffic cone,0.4926,397,198,314,185,3.1408,3.1432,-0.43291977,0.062904,3.1102111,-0.43332776,0.0031434447,3.113193,0.21518251448869696,0.4822465717792511,0.09761952161788923,0.21163006424903863,0.42312649488449094,0.09039297103881827
1789688108.233838,0.0000,traffic cone,0.2289,186,96,126,86,3.3690,3.3694,1.3814782,0.04289493,3.072434,1.3827978,0.011456922,3.0725117,0.11833006143569946,0.4429145082831383,0.09588909149169922,0.10677501559257507,0.4428810104727745,0.09668731689453125
1789688108.292463,0.0000,traffic cone,0.8311,180,62,80,45,3.8758,3.8653,1.2139165,0.113266736,3.6790252,1.1977382,0.18210414,3.6704874,0.14380102753639235,0.3639283049851656,0.09053661823272696,0.14057343006134038,0.2922103375196457,0.09305682182312047
1789688108.340706,0.0000,traffic cone,0.7419,213,73,117,60,3.8064,3.8082,-0.983257,0.18146801,3.6727614,-0.9912767,0.11175096,3.6752584,0.15743826627731328,0.389573261141777,0.08884186744689915,0.14747443497180923,0.36298780068755154,0.08206789493560818
1789688108.372925,0.0000,traffic cone,0.6568,246,104,135,75,3.3353,3.3361,0.12116867,0.2044631,3.3268065,0.12103176,0.14126071,3.3308961,0.20619450677186246,0.38764792978763585,0.09285649061202994,0.15314853750169274,0.3211851119995117,0.07690575122833243
1789688108.417777,0.0000,traffic cone,0.4932,400,199,316,185,3.1418,3.1437,-0.4336878,0.06294176,3.1110713,-0.4347582,0.003002286,3.1134937,0.21542721986770635,0.4824505358934402,0.10206434726715052,0.21067987680435185,0.42309058308601377,0.09158334732055673
1789688108.466302,0.0000,traffic cone,0.2247,191,97,131,87,3.3700,3.3700,1.38174,0.011524871,3.0736952,1.38174,0.011524871,3.0736952,0.11815609931945792,0.44295608103275297,0.09422888755798331,0.10797630548477155,0.44286091029644015,0.09532060623168936
1789688108.573666,0.0000,traffic cone,0.8310,182,61,82,45,3.8757,3.8713,1.2151319,0.113232195,3.6785672,1.1983314,0.18240532,3.676667,0.14499258995056152,0.364121176302433,0.08432769775390625,0.1377098560333252,0.29203420579433437,0.09365558624267578
1789688108.602674,0.0000,traffic cone,0.7378,212,74,118,61,3.8073,3.8110,-0.98367155,0.18128958,3.6736047,-0.9923305,0.11170977,3.6778562,0.1593350946903228,0.43276008553802964,0.09352300167083749,0.14447587728500366,0.36229532957077026,0.08301019668579102
1789688108.633653,0.0000,traffic cone,0.6541,263,105,133,75,3.3367,3.3359,0.121294245,0.20484409,3.3282402,0.12035638,0.14124358,3.3306885,0.20587909966707227,0.38778442740440366,0.09117636680603036,0.1524385247379541,0.32063730210065844,0.07795274257659912
1789688108.678192,0.0000,traffic cone,0.4889,402,199,317,186,3.1415,3.1449,-0.43339866,0.06297931,3.1108289,-0.43436286,0.0029883608,3.1147146,0.2161217421293259,0.4827309936285019,0.0977590322494506,0.21215688437223434,0.42329271882772446,0.09302014112472534
1789688108.726638,0.0000,traffic cone,0.2233,195,98,132,87,3.3698,3.3705,1.381802,0.0116151795,3.0734878,1.3822936,0.011593118,3.0740244,0.11944594979286194,0.4429930537939072,0.09384455680847159,0.10968587398529062,0.44285925626754763,0.09666700363159153
1789688108.872186,0.0000,traffic cone,0.8305,181,62,81,45,3.8759,3.8684,1.2130527,0.113424405,3.6794727,1.1953497,0.18251243,3.674545,0.1453987956047058,0.3644208304584027,0.09286785125732422,0.14010689258575426,0.2921324402093887,0.09920344352722177
1789688108.912473,0.0000,traffic cone,0.7423,214,74,115,61,3.8092,3.8112,-0.9831354,0.18065296,3.675685,-0.9924309,0.11115131,3.6780598,0.15890645384788515,0.4331815101206303,0.09817336797714216,0.1463037133216858,0.3624618649482727,0.08922338485717773
1789688108.958847,0.0000,traffic cone,0.6543,264,105,133,74,3.3341,3.3379,0.12015069,0.2053254,3.325558,0.12015052,0.14117047,3.3327951,0.20966857150197027,0.3879479318857193,0.08738865852355948,0.14662554860115046,0.32081210389733317,0.07472043037414577
1789688109.017120,0.0000,traffic cone,0.4911,393,198,310,184,3.1406,3.1435,-0.43364745,0.06300458,3.1099064,-0.43419027,0.032906905,3.113169,0.21696254014968874,0.4823938474059105,0.09863240718841526,0.2125025317072869,0.4231133297085762,0.09371415376663172
1789688109.070730,0.0000,traffic cone,0.2226,190,96,131,86,3.3721,3.3721,1.3822563,0.042845458,3.0755064,1.3822563,0.042845458,3.0755064,0.11818626523017883,0.44302135705947876,0.09132593870162964,0.1043911874294281,0.44293760508298874,0.09407669305801392
1789688109.146258,0.0000,traffic cone,0.8306,182,61,81,45,3.8733,3.8688,1.2117604,0.11291611,3.677155,1.1975628,0.18243986,3.6742759,0.1398400068283081,0.36398348212242126,0.08832907676696777,0.13755927085876474,0.292075327038765,0.10162119865417463
1789688109.195509,0.0000,traffic cone,0.7420,214,75,118,62,3.8091,3.8105,-0.9837785,0.1812262,3.6754036,-0.9898897,0.11197527,3.677936,0.1574084997177123,0.4325093343853951,0.09857957363128644,0.14334555268287663,0.362804451584816,0.08794089555740348
1789688109.236640,0.0000,traffic cone,0.6550,263,103,135,75,3.3345,3.3350,0.121344715,0.2053824,3.3259063,0.12100019,0.14155567,3.329789,0.20668339841067782,0.3878061279654503,0.08937275409698486,0.15529326163232324,0.3209942951798439,0.078743577003479
1789688109.268036,0.0000,traffic cone,0.4923,401,200,316,186,3.1419,3.1440,-0.43472803,0.062907755,3.110999,-0.43545622,0.032818742,3.1134846,0.21719817668199543,0.4825427561998367,0.0963818669319152,0.2139505073428154,0.4232361987233162,0.08882665634155273
1789688109.314111,0.0000,traffic cone,0.2240,191,97,129,85,3.3712,3.3705,1.3827465,0.07421476,3.0737028,1.3827465,0.011562958,3.0737379,0.11903469562530522,0.4430573731660843,0.09290847778320321,0.10414793491363539,0.4428535908460617,0.09473848342895508
1789688109.416009,0.0000,traffic cone,0.8311,183,62,83,47,3.8746,3.8681,1.2119983,0.113032654,3.6784263,1.2009214,0.18277976,3.6724446,0.14438042044639587,0.3639646559953689,0.0910873055458068,0.13654921054840075,0.2923100039362907,0.09475705623626718
1789688109.464905,0.0000,traffic cone,0.7428,215,74,120,62,3.8073,3.8093,-0.9832796,0.18095995,3.6736844,-0.9902725,0.11189844,3.6766489,0.15642919540405265,0.4317490585148335,0.09522835016250619,0.14634937047958363,0.36263889744877814,0.08228359222412118
1789688109.499035,0.0000,traffic cone,0.6565,264,105,135,74,3.3362,3.3359,0.12088379,0.20519415,3.3277166,0.12048248,0.14120977,3.3307095,0.207150661945343,0.38795750439167026,0.08534989356994638,0.1462442493066191,0.32079222798347473,0.07572362422943124
1789688109.555528,0.0000,traffic cone,0.4939,399,200,312,185,3.1414,3.1443,-0.43470734,0.06297574,3.1104941,-0.43664953,0.0029035807,3.113862,0.21882020980119699,0.4823329493403435,0.09775409698486337,0.21257087588310242,0.42321250438690183,0.08985915184021032
1789688109.604908,0.0000,traffic cone,0.2180,190,97,129,86,3.3694,3.3698,1.3817658,0.011651814,3.0730538,1.382066,0.011589102,3.0733762,0.11791768074035636,0.44310771822929385,0.09371314048767099,0.10912001132965088,0.442828468978405,0.09526926279067993
1789688109.696634,0.0000,traffic cone,0.8304,182,62,81,46,3.8751,3.8687,1.2133901,0.11306584,3.6784472,1.1977859,0.18239024,3.674035,0.14559082388877864,0.3641017522662878,0.09322478771209708,0.13554754853248596,0.2923000790178776,0.09705442190170288
1789688109.740238,0.0000,traffic cone,0.7413,214,73,118,61,3.8058,3.8113,-0.9825816,0.18088317,3.6723235,-0.9910252,0.11316213,3.6784256,0.15498294830322268,0.388658532500267,0.09319882392883283,0.14803218841552734,0.36247848719358444,0.08546924591064453
1789688109.783481,0.0000,traffic cone,0.6584,265,104,138,75,3.3353,3.3348,0.12102263,0.20455405,3.3268318,0.12102729,0.14131013,3.329643,0.20647119227796787,0.3878463044762611,0.09083642959594718,0.15277532227337356,0.3205285012722015,0.07946264743804932
1789688109.827225,0.0000,traffic cone,0.4947,398,198,316,184,3.1411,3.1440,-0.43286338,0.063040785,3.1104512,-0.43358263,0.0328011,3.1137762,0.21568965166807175,0.48254828006029127,0.09883981943130493,0.21080356091260904,0.42311917543411254,0.09112670421600333
1789688109.872218,0.0000,traffic cone,0.2072,190,96,129,86,3.3708,3.3708,1.3818705,0.042922504,3.0741863,1.3818705,0.042922504,3.0741863,0.11835768818855286,0.4430258944630623,0.09468144178390503,0.10465940833091736,0.44277574121952057,0.0970950722694397
1789688109.918305,0.0000,truck,0.1542,520,375,39,26,4.5001,4.3943,2.7714913,-0.019199044,3.545334,2.9721363,-0.01777821,3.236622,0.7939538717269898,0.575152987241745,0.6723930835723877,0.1415642499923706,0.16033052280545235,0.14605611562728882
1789688109.965940,0.0000,traffic cone,0.8309,181,62,82,46,3.8751,3.8694,1.2128685,0.113143,3.678626,1.1988938,0.18240447,3.67445,0.14519298672676095,0.36433881111443045,0.08956212997436541,0.13920772075653076,0.2928796038031578,0.09637260437011719
1789688109.995167,0.0000,traffic cone,0.7401,214,72,115,59,3.8061,3.8076,-0.98468125,0.18112238,3.6720731,-0.9905319,0.11241442,3.6747413,0.15687866210937507,0.3924462772905827,0.09057478904724103,0.14639942646026616,0.36266608610749246,0.07749819755554199
1789688110.042636,0.0000,traffic cone,0.6589,263,105,132,74,3.3353,3.3359,0.12143305,0.20502004,3.3267732,0.12092717,0.14113128,3.330679,0.206354758143425,0.3880998969078064,0.08529720306396493,0.146241233870387,0.32104205191135404,0.0740889310836792
1789688110.090266,0.0000,traffic cone,0.4956,399,199,313,185,3.1415,3.1446,-0.43319276,0.06288937,3.1108356,-0.43420425,0.0030418932,3.1144881,0.21799156069755554,0.4823949486017227,0.09800410270690918,0.21340202093124383,0.42317245006561277,0.08926038742065412
1789688110.135601,0.0000,traffic cone,0.2178,189,96,127,85,3.3702,3.3706,1.382354,0.042982876,3.0733225,1.3834382,0.01148507,3.0735307,0.11787876486778259,0.44296973943710327,0.09176015853881836,0.10485820770263676,0.4429467856884003,0.09558811187744132
1789688110.180263,0.0000,truck,0.1578,517,371,38,26,4.5019,4.3944,2.7773829,-0.020060912,3.5430517,2.9728389,-0.017728642,3.2360837,0.7996903657913208,0.5741172730922699,0.672046422958374,0.13529139757156372,0.1603980828076601,0.14569568634033203
1789688110.266376,0.0000,traffic cone,0.8297,180,61,80,44,3.8755,3.8655,1.2152581,0.113627136,3.678232,1.1954446,0.18269968,3.6714442,0.145577073097229,0.3638201430439949,0.08585882186889648,0.14102613329887403,0.2923322252929211,0.09119738340377825
1789688110.304043,0.0000,traffic cone,0.7433,213,74,119,61,3.8065,3.8082,-0.98167026,0.18100089,3.6732738,-0.9908824,0.112181544,3.675351,0.15812054574489587,0.38660219050943845,0.09256532192230216,0.14703327417373657,0.3625909313559532,0.08564233779907227
1789688110.347970,0.0000,traffic cone,0.6718,248,105,138,75,3.3347,3.3361,0.12122542,0.20503706,3.3261366,0.12073283,0.141644,3.3309164,0.2071610495448112,0.38767532706260677,0.09169902801513663,0.153685824945569,0.3207228735089302,0.07621295452117938
1789688110.392601,0.0000,traffic cone,0.4968,403,198,317,184,3.1423,3.1435,-0.43465325,0.0630093,3.1114726,-0.43716627,0.0029497445,3.1129346,0.2147138133645058,0.48243455290794374,0.09764555692672738,0.21012028157711032,0.42314043939113616,0.0956107735633851
1789688110.437257,0.0000,traffic cone,0.2223,189,97,128,87,3.3709,3.3714,1.3815651,0.011427328,3.074792,1.3819294,0.011397839,3.075152,0.11650958061218253,0.4430800974369049,0.09559288024902335,0.10983510017395015,0.4427781492471695,0.09748330116271964
1789688110.482376,0.0000,truck,0.1603,517,371,40,27,4.4958,4.3932,2.7803786,-0.09059091,3.531756,2.970514,-0.019078285,3.2366889,0.7947840690612793,0.5699338614940643,0.6716276407241821,0.13015275001525906,0.16014339849352838,0.15112271308898917
1789688110.552830,0.0000,traffic cone,0.8320,182,60,81,44,3.8742,3.8672,1.2144635,0.113425314,3.6772044,1.1991326,0.18234973,3.6720843,0.1407566726207734,0.3640997268259525,0.08564043045043945,0.13851331472396855,0.2927219241857528,0.0876774787902832
1789688110.596935,0.0000,traffic cone,0.7450,213,74,117,62,3.8084,3.8088,-0.9822348,0.18107189,3.6750963,-0.9899886,0.11308114,3.6761668,0.157118022441864,0.38440399840474127,0.09322850704193097,0.15051544010639195,0.3592417620122433,0.08729410171508789
1789688110.637711,0.0000,traffic cone,0.6748,247,104,137,75,3.3368,3.3374,0.12126038,0.20511109,3.328269,0.12146085,0.1414614,3.3322272,0.20616348013281816,0.3879551164805889,0.08761093616485605,0.15429434180259702,0.32116930186748505,0.07566862106323224
1789688110.668196,0.0000,traffic cone,0.5009,401,199,316,185,3.1412,3.1428,-0.43305472,0.06297666,3.110567,-0.43559584,0.0029535145,3.1124763,0.2163343787193298,0.48224689066410065,0.0954803943634035,0.21107625961303705,0.4233192980289459,0.08822622299194327
1789688110.712848,0.0000,traffic cone,0.2232,189,98,127,86,3.3702,3.3703,1.3811319,0.042904444,3.0739257,1.3811319,0.011516124,3.0742803,0.11902960538864127,0.4431218490004539,0.09381754398345965,0.10720866918563843,0.4429861605167389,0.09438681602478027
1789688110.757364,0.0000,truck,0.1607,515,369,403,375,4.5048,4.0274,2.7738965,-0.09042482,3.548335,2.1413925,0.08223724,3.409896,0.7969109535217282,0.5727563977241517,0.6733138084411618,1.1648770451545716,0.4586668521165849,0.9093235015869143
1789688110.827152,0.0000,traffic cone,0.8294,181,61,80,46,3.8742,3.8688,1.2126093,0.11302459,3.677808,1.1989441,0.1822231,3.6738281,0.13918399810791016,0.3648211807012558,0.0916755199432373,0.13626405596733093,0.2924734950065613,0.09701311588287354
1789688110.874748,0.0000,traffic cone,0.7435,214,74,118,61,3.8087,3.8097,-0.9833653,0.18103358,3.6751,-0.99051416,0.11169502,3.6769488,0.15744141042232507,0.4330239977687597,0.0953141450881958,0.1426091194152832,0.36232397705316544,0.08412432670593262
1789688110.922389,0.0000,traffic cone,0.6710,250,105,138,75,3.3364,3.3361,0.12077211,0.20493388,3.3279037,0.12077211,0.14154544,3.33087,0.20784118473529817,0.3879122048616409,0.09212493896484375,0.15377281866967674,0.32093053758144374,0.07874932289123526
1789688110.969553,0.0000,traffic cone,0.4971,400,199,315,185,3.1403,3.1441,-0.43266898,0.062996805,3.1096678,-0.4339828,0.0031585842,3.113989,0.2161950767040252,0.4824751913547516,0.10074696540832528,0.2124236583709717,0.4232060730457306,0.09387450218200666
1789688111.017836,0.0000,traffic cone,0.2210,192,97,130,86,3.3703,3.3705,1.3815554,0.011496887,3.0740829,1.3820649,0.011484511,3.0740924,0.11720247268676753,0.44299265146255495,0.09396777153015146,0.10944637656211853,0.4426337257027626,0.09569764137268066
1789688111.064509,0.0000,truck,0.1605,522,377,412,401,4.5087,4.0855,2.7783566,-0.01997362,3.5508492,2.1504633,0.10197371,3.4722912,0.7956858634948731,0.5749837338924408,0.6733631134033202,1.1813241243362427,0.40364310145378113,0.9695494174957275
1789688111.134251,0.0000,traffic cone,0.8300,179,61,81,45,3.8743,3.8644,1.2136738,0.11321099,3.6775756,1.1984005,0.18247174,3.6693044,0.14694607257843018,0.364388108253479,0.08741068840026855,0.13717100620269762,0.2924793064594269,0.08931708335876465
1789688111.182612,0.0000,traffic cone,0.7474,213,73,114,61,3.8072,3.8099,-0.9817555,0.18082975,3.674007,-0.9909047,0.11256607,3.6770205,0.15518397092819225,0.38824749290943145,0.09056305885314941,0.14683353900909424,0.36263421177864075,0.08428025245666504
1789688111.230671,0.0000,traffic cone,0.6741,247,105,133,76,3.3374,3.3375,0.12105192,0.20538737,3.328898,0.12064535,0.14190239,3.3322594,0.20592677965760228,0.3877262443304062,0.0891413688659668,0.15304335206747055,0.3208104856312275,0.07992124557495117
1789688111.279426,0.0000,traffic cone,0.4945,396,198,312,183,3.1401,3.1432,-0.43337366,0.062987894,3.1094222,-0.4338928,0.003009811,3.1131012,0.2163001015782356,0.48243348300457,0.09350655078887948,0.21008124053478244,0.4230823427438736,0.08918144702911368
1789688111.321967,0.0000,traffic cone,0.2235,192,97,129,86,3.3696,3.3705,1.3810539,0.01157406,3.0735452,1.382087,0.011565678,3.0740643,0.11843857765197763,0.4431095004081726,0.09448671340942383,0.10770624876022339,0.4427705258131027,0.09583407640457153
1789688111.354614,0.0000,truck,0.1686,513,370,40,27,4.5062,4.3939,2.7866564,-0.05525416,3.5408077,2.9723458,-0.019110605,3.2359731,0.7983810305595398,0.5699779838323593,0.673435389995575,0.13521795272827175,0.1602693535387516,0.14985949993133518
1789688111.423892,0.0000,traffic cone,0.8299,180,61,80,46,3.8743,3.8708,1.2138857,0.1124976,3.6775484,1.1988502,0.18237215,3.6759107,0.1410980224609375,0.36403219401836395,0.09040522575378418,0.1401297152042389,0.2921122536063194,0.0923389196395874
1789688111.471371,0.0000,traffic cone,0.7467,212,72,117,60,3.8049,3.8093,-0.98294425,0.18096295,3.671244,-0.9922964,0.11185701,3.676109,0.15572608113288888,0.39201320670545103,0.09222108125686646,0.14735800325870518,0.36252460777759554,0.08577157258987445
1789688111.519292,0.0000,traffic cone,0.6735,249,104,135,75,3.3352,3.3375,0.120739445,0.20547421,3.3266835,0.12113551,0.14140838,3.332332,0.20604172497987744,0.38818894177675245,0.08763045072555542,0.1541277304291725,0.32085147351026533,0.07570850849151611
1789688111.566825,0.0000,traffic cone,0.4952,402,199,314,184,3.1409,3.1437,-0.43344402,0.06298074,3.1102505,-0.43558764,0.0031231046,3.1134238,0.21631609201431273,0.48262925148010255,0.09596846103668222,0.2113143458962441,0.42321918308734896,0.08973768949508676
1789688111.616212,0.0000,traffic cone,0.2254,192,97,129,86,3.3700,3.3704,1.3808522,0.011493623,3.0741053,1.3809832,0.011489481,3.0744162,0.11613771915435778,0.44324235916137694,0.09785118103027335,0.10820972919464111,0.44283364713191986,0.10010242462158203
1789688111.662409,0.0000,truck,0.1610,521,375,416,405,4.5082,4.1929,2.779234,-0.019735962,3.5495543,2.1593652,0.101979345,3.5926175,0.7962224245071408,0.5737301111221313,0.672217607498169,1.0937279939651479,0.4214535117149353,0.940208721160888
1789688111.733126,0.0000,traffic cone,0.8309,180,62,81,45,3.8740,3.8662,1.2130003,0.1132877,3.677473,1.1976593,0.18227707,3.67151,0.1453791201114656,0.36426643580198287,0.09343144893646249,0.13793785572051998,0.2922843098640442,0.09873943328857404
1789688111.781559,0.0000,traffic cone,0.7482,213,74,121,62,3.8074,3.8098,-0.98387295,0.18114671,3.673667,-0.99141586,0.111989304,3.6768272,0.15709981918334948,0.4313632614910603,0.09284099340438834,0.14933154582977293,0.36221236959099773,0.08510583639144897
1789688111.829978,0.0000,traffic cone,0.6775,248,105,134,75,3.3370,3.3343,0.12093332,0.20520417,3.3284552,0.120730594,0.14183025,3.329077,0.20705036818981168,0.38777391016483304,0.09083490371704084,0.1539303462952375,0.32100553065538406,0.07960407733917219
1789688111.877558,0.0000,traffic cone,0.4957,405,198,323,185,3.1415,3.1433,-0.43496275,0.06293972,3.1105578,-0.43644342,0.0031238496,3.1128998,0.21526405811309812,0.48262307941913607,0.09742920398712185,0.21029372811317443,0.4231545627117157,0.09308209419250524
1789688111.926337,0.0000,traffic cone,0.2339,190,98,128,86,3.3713,3.3721,1.3813982,0.042832643,3.0750332,1.3813982,0.011444733,3.0761333,0.11874656677246076,0.4429726243019104,0.09339392185211182,0.1081022322177887,0.44287699460983276,0.09388935565948486
1789688111.971852,0.0000,truck,0.1647,520,375,40,27,4.5002,4.3964,2.7784283,-0.019863889,3.5400834,2.9745982,-0.019067347,3.2372215,0.7968385457992553,0.5749272286891938,0.6720267772674564,0.13574676513671902,0.1603003904223442,0.1498548030853275
1789688112.019877,0.0000,traffic cone,0.8325,179,62,80,45,3.8733,3.8690,1.212868,0.11327447,3.676724,1.1972147,0.18264493,3.674614,0.14565936923027034,0.3642506323754787,0.09433020353317279,0.14035520553588876,0.2922384440898895,0.09554915428161648
1789688112.051826,0.0000,traffic cone,0.7524,214,73,118,60,3.8065,3.8103,-0.98197865,0.18125641,3.6731663,-0.9917423,0.111985445,3.6772463,0.15688891410827632,0.3899897813796997,0.0968637466430664,0.1440871179103852,0.36219967976212497,0.08596974611282349
1789688112.101122,0.0000,traffic cone,0.6723,247,105,135,75,3.3378,3.3377,0.12090362,0.20522264,3.3292778,0.12083598,0.14151755,3.3324766,0.20753424167633056,0.3877919375896454,0.09131827354431188,0.15326000899076458,0.321369569003582,0.078151559829712
1789688112.149865,0.0000,traffic cone,0.4934,402,199,318,185,3.1414,3.1432,-0.43339705,0.063048005,3.1106849,-0.4341148,0.0030465424,3.113039,0.21468459963798525,0.482601261138916,0.09720618724822971,0.2114934146404267,0.42314210534095764,0.09018778800964355
1789688112.198604,0.0000,traffic cone,0.2396,190,97,129,87,3.3715,3.3715,1.3816193,0.01152578,3.075399,1.3816193,0.01152578,3.075399,0.11996476650238042,0.4431705355644226,0.09519553184509277,0.1073123693466187,0.4431567817926407,0.09636616706848145
1789688112.247275,0.0000,truck,0.1616,513,369,40,27,4.5020,4.3967,2.786931,-0.09050646,3.5345445,2.974463,-0.01916267,3.237809,0.7981048583984376,0.5696349740028381,0.672741174697876,0.13453528881073007,0.16005935445427893,0.15026423931121835
1789688112.318851,0.0000,traffic cone,0.8324,178,61,81,45,3.8749,3.8655,1.2143576,0.113775715,3.677992,1.1970613,0.18241282,3.6709588,0.14764535427093506,0.36455579102039337,0.09210801124572754,0.13667950630187975,0.2924677610397339,0.09488263130188024
1789688112.367582,0.0000,traffic cone,0.7577,213,73,117,61,3.8092,3.8097,-0.9854332,0.18105768,3.6750634,-0.98977673,0.111867234,3.67722,0.15182529687881474,0.4316916927695274,0.09524693489074743,0.1400545835494995,0.3627841845154762,0.08344173431396484
1789688112.417348,0.0000,traffic cone,0.6743,246,104,131,75,3.3363,3.3364,0.120789915,0.20474139,3.3278313,0.12095739,0.14097373,3.3312004,0.20613802466541523,0.3875994734466076,0.08768620491027823,0.15322760529816148,0.32087195217609404,0.0796484470367429
1789688112.463102,0.0000,traffic cone,0.4975,405,201,319,187,3.1415,3.1423,-0.43412128,0.0629033,3.1106784,-0.43449488,0.0031266958,3.1120896,0.21941059827804565,0.48222877085208893,0.09321928024291992,0.21418616175651545,0.4232945919036865,0.09052722454071072
1789688112.509041,0.0000,traffic cone,0.2359,191,97,128,86,3.3700,3.3704,1.3796502,0.011596352,3.0745804,1.3802593,0.01158154,3.0748405,0.11851351261138898,0.44292254745960236,0.09318642616271999,0.10858935117721558,0.4426406919956207,0.09363305568695068
1789688112.555115,0.0000,truck,0.1580,509,365,415,385,4.4953,4.0307,2.7834833,-0.020263031,3.5298023,2.1452897,0.07987161,3.4114282,0.7954906463623046,0.5712209612131119,0.6722198963165282,1.1528127908706662,0.45522323250770563,0.9058192729949948
1789688112.626378,0.0000,traffic cone,0.8341,176,63,81,45,3.8763,3.8679,1.2148556,0.11398518,3.679281,1.1960368,0.18256596,3.673813,0.15516499280929552,0.36464719846844673,0.09098575115203866,0.13973314762115474,0.2920655518770218,0.09517064094543493
1789688112.675688,0.0000,traffic cone,0.7589,212,73,115,61,3.8072,3.8109,-0.9838063,0.18087968,3.6734836,-0.9906909,0.11188948,3.678168,0.1525100946426391,0.43178351521492003,0.09226331710815439,0.14467424154281616,0.36286143213510513,0.0874471664428711
1789688112.721621,0.0000,traffic cone,0.6758,249,107,133,77,3.3370,3.3365,0.1208267,0.20407945,3.328593,0.1208267,0.14088953,3.3313131,0.20410281904041758,0.3877413868904114,0.09236090183258039,0.15205765962600712,0.320995682477951,0.07859773635864276
1789688112.753104,0.0000,traffic cone,0.4938,396,198,311,184,3.1408,3.1437,-0.43339062,0.062949024,3.1101384,-0.43395463,0.032863833,3.1134372,0.21567873358726491,0.4825368463993073,0.0964770555496215,0.21182920038700098,0.42326764911413195,0.09199862480163556
1789688112.799639,0.0000,traffic cone,0.2458,186,97,129,87,3.3687,3.3687,1.3817998,0.011639759,3.072259,1.3817998,0.011639759,3.072259,0.1201031923294067,0.44298335909843445,0.09449963569641096,0.10882471799850468,0.44288937747478485,0.09778277873992902
1789688112.845371,0.0000,truck,0.1605,523,375,422,409,4.5419,4.0892,2.7731125,-0.019473776,3.5970187,2.151653,0.101728916,3.4758565,0.7985589742660522,0.5758861511945724,0.6735023260116577,1.0146141767501824,0.48536719083786006,0.9091314315795898
1789688112.916441,0.0000,traffic cone,0.8338,178,60,82,45,3.8733,3.8692,1.2136142,0.11347525,3.6765394,1.1981906,0.18238226,3.6744678,0.14136942028999333,0.36419135667383673,0.08865258693695077,0.13906550407409668,0.2921908229589462,0.09579405784606942
1789688112.965943,0.0000,traffic cone,0.7577,213,74,119,61,3.8078,3.8092,-0.98085105,0.18125792,3.6748154,-0.9904184,0.1121912,3.6764781,0.15764610469341278,0.3861907079815864,0.09244261980056745,0.14662861824035645,0.36211761832237244,0.08193397521972656
1789688113.014297,0.0000,traffic cone,0.6782,252,105,136,75,3.3380,3.3367,0.12121465,0.20552158,3.329467,0.12121465,0.14147964,3.3315272,0.20795789435505868,0.38786775171756743,0.0869987487792967,0.15384268723428246,0.32105644345283507,0.07487008571624765
1789688113.062887,0.0000,traffic cone,0.5001,401,199,315,185,3.1429,3.1457,-0.43352756,0.06293157,3.1122527,-0.43597564,0.0030528605,3.1152985,0.2155097872018814,0.48248211443424227,0.09515714645385742,0.21144734621047967,0.4231614351272583,0.08960952758789054
1789688113.112573,0.0000,traffic cone,0.2495,193,97,131,86,3.3702,3.3709,1.3808945,0.011601776,3.074302,1.3816838,0.011564866,3.0747542,0.11640672683715803,0.4429931044578552,0.09424099922180185,0.10802927613258362,0.4426780417561531,0.09572434425354004
1789688113.159009,0.0000,truck,0.1632,516,374,420,411,4.5207,4.0905,2.769428,-0.05535604,3.5726287,2.155192,0.10231298,3.475169,0.8008816123008726,0.5736761942505836,0.6728231430053713,0.9786492586135864,0.4857224076986313,0.8968123197555542
1789688113.230487,0.0000,traffic cone,0.8343,178,62,82,46,3.8746,3.8674,1.2129738,0.113061085,3.6780627,1.199212,0.18259542,3.672235,0.14514487385749808,0.36417896747589107,0.08859121799468994,0.13856524229049683,0.29274076968431473,0.09736621379852295
1789688113.261041,0.0000,traffic cone,0.7617,215,73,119,61,3.8069,3.8090,-0.98246366,0.18123291,3.6734252,-0.9902597,0.11226417,3.676342,0.1557539105415343,0.38843210935592654,0.09173812866210929,0.1467236876487732,0.36257826536893845,0.08281588554382324
1789688113.289908,0.0000,traffic cone,0.6753,247,105,132,75,3.3378,3.3353,0.12092543,0.20525797,3.3292737,0.12092543,0.14144836,3.330077,0.20823388919234276,0.38787590265274047,0.08786482810974094,0.15350332781672477,0.32096690982580184,0.07600114345550546
1789688113.319211,0.0000,traffic cone,0.4958,399,199,314,185,3.1426,3.1451,-0.43336815,0.06285931,3.1118994,-0.43547112,0.003057614,3.1148088,0.2158130407333374,0.48251011669635774,0.0977077007293703,0.211946165561676,0.42328149676322935,0.08995437622070312
1789688113.364320,0.0000,traffic cone,0.2470,189,97,126,86,3.3683,3.3686,1.3806386,0.011633828,3.0723467,1.3809673,0.011560418,3.0724638,0.11826565265655509,0.44305233657360077,0.09676628112792951,0.10943475365638733,0.4426545053720474,0.0984986424446106
1789688113.410749,0.0000,truck,0.1697,509,366,414,403,4.4985,4.0813,2.7763045,-0.09049875,3.5384827,2.1474726,0.10153879,3.469151,0.7952238321304321,0.5717212036252022,0.6723908185958862,1.1279790520668025,0.48291870653629265,0.9519224643707274
1789688113.484060,0.0000,traffic cone,0.8324,179,60,82,45,3.8777,3.8645,1.2135438,0.11343065,3.6812048,1.1964545,0.18250409,3.6701214,0.13892145156860347,0.3645982638001442,0.0882367491722107,0.13771731853485103,0.29238405227661135,0.0931711196899414
1789688113.513943,0.0000,traffic cone,0.7627,213,72,119,60,3.8073,3.8084,-0.98396784,0.18084018,3.6734767,-0.99060535,0.11203858,3.675651,0.15342415571212775,0.39220884442329407,0.09057224988937396,0.14243896007537826,0.3625413984060287,0.08519868850708034
1789688113.546156,0.0000,traffic cone,0.6783,248,103,134,74,3.3368,3.3354,0.12081077,0.20537764,3.3283248,0.12056059,0.14118774,3.3301835,0.20676653161644926,0.38769728392362596,0.08683419227600098,0.14731441698968403,0.32128507643938065,0.07369229793548593
1789688113.593853,0.0000,traffic cone,0.4990,401,201,318,187,3.1419,3.1440,-0.43421713,0.06299357,3.1111045,-0.4343876,0.0031665117,3.113888,0.217208594083786,0.48253533244132996,0.09463858604431152,0.21438131630420687,0.42327430546283723,0.09055385589599618
1789688113.643008,0.0000,traffic cone,0.2512,190,97,128,87,3.3703,3.3717,1.3823079,0.01156041,3.0737348,1.3825223,0.011440486,3.0752144,0.1183721542358398,0.4431179821491241,0.09248929023742658,0.1090901374816895,0.44271795749664306,0.09466319084167463
1789688113.692726,0.0000,truck,0.1760,515,370,369,352,4.5072,3.9814,2.7758422,-0.02000893,3.5509748,2.0913486,0.065594375,3.387278,0.798408102989197,0.5738224133849144,0.671969747543335,0.7602572619915009,0.4239526942372322,0.7141592144966129
1789688113.768097,0.0000,traffic cone,0.8324,172,62,81,46,3.8735,3.8685,1.2111135,0.11331174,3.6775916,1.1964461,0.18240643,3.6743333,0.14912610650062552,0.36456503123044964,0.09837307929992667,0.13430872559547424,0.29226741939783096,0.10251224040985107
1789688113.817051,0.0000,traffic cone,0.7637,214,74,120,62,3.8069,3.8105,-0.9830987,0.18110822,3.6732926,-0.99048793,0.1122414,3.677851,0.15518920123577107,0.4316889256238937,0.0915351152420043,0.14974400401115406,0.3624920710921287,0.08909487724304199
1789688113.866867,0.0000,traffic cone,0.6809,248,105,132,75,3.3354,3.3353,0.12016298,0.20499289,3.3269606,0.1197339,0.14121139,3.3301992,0.20629135295748707,0.3879227489233017,0.09063415527343777,0.15235073342919347,0.32073787003755566,0.07620563507080069
1789688113.914693,0.0000,traffic cone,0.5041,401,200,316,186,3.1419,3.1452,-0.43242332,0.06305821,3.1113987,-0.43433866,0.003009431,3.115081,0.2162749946117401,0.4824704214930534,0.10006365776061976,0.21250393986701965,0.42321284860372543,0.09251952171325684
1789688113.961024,0.0000,traffic cone,0.2586,188,96,126,84,3.3705,3.3715,1.3812983,0.042901784,3.0741487,1.3812983,0.042901784,3.0752382,0.11894789338111877,0.4430272728204727,0.09459793567657471,0.10329809188842765,0.4426429882645607,0.09674742221832267
1789688114.006682,0.0000,truck,0.1775,511,367,347,347,4.5011,4.0613,2.7721283,-0.09043284,3.5450006,2.0995176,0.08007902,3.4755764,0.7971088171005252,0.5732926279306412,0.6723534107208251,1.156216061115265,0.4296276539564132,1.0016787052154537
1789688114.077050,0.0000,traffic cone,0.8322,180,61,82,45,3.8750,3.8650,1.2145375,0.11356816,3.6780205,1.1966792,0.18253368,3.6705232,0.14470410346984863,0.3643423095345497,0.09162735939025879,0.13777794837951673,0.2924817562103271,0.09491219520568883
1789688114.126825,0.0000,traffic cone,0.7661,213,73,118,61,3.8072,3.8072,-0.984969,0.18093807,3.6731372,-0.9919207,0.11159003,3.6740136,0.15529791116714475,0.4319442600011825,0.08805117607116708,0.1448373794555664,0.362386517226696,0.08072257041931152
1789688114.176263,0.0000,traffic cone,0.6803,254,105,131,74,3.3372,3.3365,0.12031396,0.20517698,3.3287072,0.12029037,0.1411336,3.331338,0.20747614800930023,0.3875662535429001,0.08655910491943342,0.1460508365184068,0.3206936553120613,0.0756840705871582
1789688114.222181,0.0000,traffic cone,0.5021,401,200,318,186,3.1408,3.1447,-0.43299457,0.062955424,3.1102192,-0.4349515,0.0030829608,3.114501,0.21831813156604768,0.4825167641043663,0.09590690135955793,0.2126343548297882,0.42317021638154984,0.09306436777114868
1789688114.255559,0.0000,traffic cone,0.2476,191,96,131,85,3.3705,3.3707,1.3816192,0.042903617,3.0740352,1.3817854,0.011510074,3.0744836,0.11731922626495361,0.4430636689066887,0.09331834316253662,0.10615551471710205,0.442796328663826,0.09535689353942889
1789688114.300810,0.0000,truck,0.1764,512,370,369,351,4.5028,3.9789,2.781767,-0.05544778,3.5403597,2.0922549,0.06543665,3.3837802,0.7955151200294495,0.571595972776413,0.6722230315208435,0.753526508808136,0.4237296134233475,0.7140755653381348
1789688114.371312,0.0000,traffic cone,0.8313,177,63,81,46,3.8757,3.8695,1.2126029,0.11415602,3.6793568,1.1976545,0.1826115,3.6749096,0.15595531463623047,0.36449961140751835,0.09742031097412118,0.13586851954460144,0.2926250211894512,0.10149353742599487
1789688114.403647,0.0000,traffic cone,0.7675,214,75,119,62,3.8085,3.8113,-0.9817603,0.18123181,3.6753438,-0.9916831,0.11195926,3.6783092,0.15892595648765562,0.4330612823367119,0.09320492744445819,0.14684666097164156,0.36219103932380675,0.08355376720428476
1789688114.447767,0.0000,traffic cone,0.6828,248,106,133,76,3.3370,3.3367,0.12034398,0.20454457,3.328505,0.12014318,0.14121276,3.3315268,0.206665494479239,0.38785721734166145,0.09101086854934692,0.15214048232883215,0.3210882991552353,0.08004903793334961
1789688114.493217,0.0000,traffic cone,0.5010,396,198,319,185,3.1428,3.1450,-0.43447235,0.06291228,3.111969,-0.43594635,0.0030204207,3.1146538,0.21565809547901155,0.4822649300098419,0.09728075265884373,0.21143434047698972,0.42317160964012146,0.0914621353149414
1789688114.539345,0.0000,traffic cone,0.2489,189,96,128,85,3.3698,3.3711,1.3820345,0.04292704,3.073097,1.3823394,0.011496291,3.0745895,0.12049809098243713,0.44329558312892914,0.09361892938613892,0.10563631057739253,0.44275525510311126,0.0947619915008544
1789688114.585892,0.0000,truck,0.1819,515,371,351,351,4.5013,4.0580,2.7727757,-0.09041096,3.5446918,2.104911,0.07656191,3.4685447,0.8030859231948853,0.5722469538450241,0.6729568243026733,0.7590510845184326,0.4292701184749603,0.8104749917984009
1789688114.656588,0.0000,traffic cone,0.8300,178,63,81,46,3.8755,3.8681,1.21512,0.11408022,3.6783042,1.197545,0.18249796,3.673531,0.15457440614700335,0.36409809812903404,0.09210968017578125,0.13841700553894043,0.2921450212597847,0.09546089172363281
1789688114.705311,0.0000,traffic cone,0.7642,213,73,119,61,3.8047,3.8092,-0.98238057,0.18102741,3.6712189,-0.9921493,0.11134058,3.6760826,0.1546444296836854,0.43194940537214277,0.08821043968200692,0.1466546654701233,0.36289726942777634,0.08164620399475098
1789688114.754411,0.0000,traffic cone,0.6814,251,108,134,77,3.3356,3.3350,0.11970032,0.20449792,3.3272214,0.11949228,0.14090094,3.3298771,0.2060954252257943,0.3877540819346905,0.09163299798965463,0.1511284209787846,0.3206345349550247,0.07779531478881818
1789688114.802415,0.0000,traffic cone,0.4984,403,199,320,186,3.1417,3.1457,-0.43287885,0.063015446,3.11108,-0.43342128,0.0030452833,3.1156988,0.21612046957015985,0.4826031267642975,0.09444890022277797,0.2129921019077301,0.4232611134648323,0.08986002206802368
1789688114.852070,0.0000,traffic cone,0.2415,188,96,130,85,3.3700,3.3709,1.3815684,0.042968236,3.0735252,1.3822275,0.011722371,3.0744736,0.1192300021648407,0.44313792884349823,0.09354758262634277,0.10622255802154545,0.4428893059492111,0.09387907981872567
1789688114.898932,0.0000,truck,0.1912,512,367,350,331,4.4938,3.9811,2.776078,-0.09114766,3.5325446,2.0926175,0.07399997,3.3859472,0.8041502237319946,0.5686659961938858,0.673006534576416,0.9577368497848511,0.42409343272447586,0.7887167930603027
1789688114.947813,0.0000,traffic cone,0.8290,177,62,80,45,3.8747,3.8667,1.2128487,0.113276124,3.678264,1.196997,0.18247114,3.6722808,0.14443982839584346,0.36426854096353056,0.09331443309783971,0.13810341358184797,0.29275465905666354,0.09510917663574237
1789688114.979283,0.0000,traffic cone,0.7658,214,74,119,62,3.8078,3.8105,-0.98215383,0.1810089,3.6745195,-0.990679,0.11187954,3.677812,0.15685136020183565,0.431569405645132,0.09609065055847177,0.14895387589931486,0.36257035955786704,0.08918447494506854
1789688115.011329,0.0000,traffic cone,0.6829,249,105,134,75,3.3347,3.3344,0.12096195,0.20455484,3.3261743,0.12052384,0.14135613,3.3291745,0.2063669294118881,0.38771424889564515,0.09049911499023455,0.15263007171452042,0.3206599324941635,0.07467741966247576
1789688115.055620,0.0000,traffic cone,0.4987,406,199,325,186,3.1426,3.1440,-0.43344384,0.063041896,3.1118784,-0.43497625,0.0029494166,3.1137602,0.21437783539295197,0.4826477557420731,0.10132331848144505,0.21038788557052612,0.423138290643692,0.09179055690765381
1789688115.102099,0.0000,traffic cone,0.2465,188,97,128,86,3.3720,3.3724,1.3829874,0.011468485,3.0752907,1.3832102,0.011466168,3.0757024,0.11748135089874268,0.4430276781320572,0.09539661407470712,0.10734215378761292,0.44276829063892365,0.09786736965179443
1789688115.148499,0.0000,truck,0.1828,524,378,349,342,4.5371,4.0307,2.7722974,-0.020258658,3.5915828,2.0997286,0.07650879,3.4397023,0.8017896890640257,0.5755336478352546,0.6723063707351686,0.7607759177684783,0.4272529795765877,0.7570684671401979
1789688115.219480,0.0000,traffic cone,0.8300,179,62,78,45,3.8760,3.8686,1.2131926,0.11327466,3.6794693,1.1979579,0.18241876,3.6739194,0.14642953276634207,0.36422336250543597,0.08930352926254281,0.13720989227294922,0.2928456902503967,0.09683899879455549
1789688115.268574,0.0000,traffic cone,0.7661,211,73,117,61,3.8096,3.8089,-0.9850287,0.18094796,3.675638,-0.9908255,0.111736864,3.6760972,0.15322841405868537,0.43194049000740053,0.09209775924682617,0.14147770404815674,0.36297060549259186,0.08572745323181152
1789688115.318227,0.0000,traffic cone,0.6856,254,104,135,74,3.3364,3.3363,0.12055453,0.20510422,3.3279285,0.12055453,0.14110237,3.331155,0.20755087062716482,0.3871820226311684,0.08558933734893781,0.146242044866085,0.3207746848464012,0.07291839122772226
1789688115.365269,0.0000,traffic cone,0.4983,398,199,316,185,3.1416,3.1444,-0.43352056,0.06297289,3.110895,-0.433928,0.062830225,3.1137016,0.21716275215148922,0.48252015709877016,0.09527802467346191,0.21388898491859432,0.4231500506401062,0.08988614082336444
1789688115.411935,0.0000,traffic cone,0.2456,192,97,130,86,3.3709,3.3711,1.3821471,0.011570051,3.0745177,1.3823,0.011530034,3.0746145,0.12037084102630624,0.44294382631778717,0.09292478561401385,0.10891038179397583,0.4426809251308441,0.09476900100708008
1789688115.458226,0.0000,truck,0.1833,513,370,350,350,4.5111,4.0583,2.783441,-0.019941427,3.5499964,2.1032436,0.07736106,3.46989,0.799482369422913,0.57154610902071,0.6723422408103943,0.7592621147632599,0.42945459410548215,0.8146645426750192
1789688115.530411,0.0000,traffic cone,0.8305,178,61,78,44,3.8748,3.8668,1.2124004,0.11279854,3.6784854,1.1953142,0.18257152,3.672915,0.13926231861114502,0.3642740249633789,0.09136676788330078,0.1378026545047759,0.2917518958449364,0.09825584888458261
1789688115.572561,0.0000,traffic cone,0.7638,214,74,118,61,3.8081,3.8107,-0.9822324,0.18148026,3.674745,-0.9900942,0.11197415,3.6781402,0.15784186124801625,0.386187295615673,0.09261732101440412,0.14419281482696533,0.36296626925468445,0.08549070358276367
1789688115.619792,0.0000,traffic cone,0.6884,248,104,133,75,3.3323,3.3344,0.120140925,0.2050229,3.323769,0.11989081,0.1411463,3.3292456,0.20465822424739594,0.3878571808338165,0.08879919052124041,0.1528780125081539,0.32066408097743987,0.0780907630920411
1789688115.669405,0.0000,traffic cone,0.5011,396,199,311,185,3.1403,3.1441,-0.43428454,0.06308772,3.1095133,-0.43497875,0.062884614,3.113264,0.21729479432106014,0.4825058400630951,0.09875130653381348,0.2130022287368774,0.42328486442565916,0.09184465408325204
1789688115.700933,0.0000,traffic cone,0.2480,194,97,134,86,3.3697,3.3701,1.3825132,0.0115945935,3.0729942,1.3826475,0.011549458,3.0734403,0.12225580215454102,0.44318031668663027,0.0920673370361329,0.10884883999824524,0.44295745342969894,0.09519636631011963
1789688115.750338,0.0000,truck,0.1770,522,379,352,351,4.5061,4.0560,2.7743075,-0.019963339,3.5507617,2.1039612,0.077506185,3.4667516,0.7999566316604616,0.5738194793462753,0.6729361057281498,0.7524745464324951,0.42908458411693573,0.7920231819152832
1789688115.821323,0.0000,traffic cone,0.8307,178,60,78,43,3.8734,3.8630,1.2125518,0.11345495,3.6769993,1.1951052,0.18231231,3.6690102,0.13917323350906363,0.3642751112580299,0.0817659378051756,0.13902364969253544,0.29195364415645597,0.09270610809326207
1789688115.854641,0.0000,traffic cone,0.7614,212,73,115,61,3.8075,3.8104,-0.9828678,0.18084043,3.673956,-0.9906712,0.11228123,3.677651,0.15605065822601305,0.3887120753526688,0.09153709411621103,0.14726823568344116,0.36241497844457626,0.08742237091064453
1789688115.899891,0.0000,traffic cone,0.6858,245,104,134,74,3.3363,3.3359,0.12053962,0.20532203,3.327815,0.12053962,0.14134236,3.3307674,0.2085116198286414,0.38792104348540307,0.08671107292175284,0.14827551506459707,0.3208812475204468,0.07240579128265345
1789688115.946097,0.0000,traffic cone,0.5007,399,198,315,184,3.1417,3.1453,-0.43372196,0.0630397,3.111019,-0.43502104,0.032905802,3.1149464,0.21661850810050964,0.4825051695108414,0.0982148408889767,0.21195097714662547,0.42334147840738295,0.09230158329010019
1789688115.991786,0.0000,traffic cone,0.2387,189,96,129,86,3.3703,3.3712,1.3825753,0.042908616,3.0733597,1.3836366,0.011567436,3.0741215,0.118040531873703,0.4430718347430229,0.09563004970550537,0.10553032159805298,0.44303854554891586,0.09596168994903564
1789688116.037989,0.0000,truck,0.1828,513,369,369,351,4.5050,3.9768,2.7722518,-0.090791754,3.5498548,2.0894513,0.06516372,3.383071,0.7960064411163326,0.5726660847663879,0.6724796295166016,1.1414551138877869,0.423828125,0.8691999912261963
1789688116.109725,0.0000,traffic cone,0.8300,177,61,79,45,3.8728,3.8703,1.21245,0.11315845,3.676384,1.1981695,0.18248408,3.6756802,0.13980531692504883,0.36422155052423477,0.09119939804077148,0.1380123615264892,0.2926924258470535,0.09488878250122079
1789688116.158613,0.0000,traffic cone,0.7615,215,74,118,61,3.8067,3.8101,-0.9822277,0.1810077,3.6733134,-0.99043524,0.11209063,3.6773777,0.1584014594554901,0.38593387417495245,0.09189279079437229,0.14736437797546387,0.3628321811556816,0.08191609382629395
1789688116.207482,0.0000,traffic cone,0.6825,246,104,135,75,3.3356,3.3379,0.120502576,0.20525861,3.3271449,0.12055725,0.14126994,3.3327327,0.20620208773761983,0.387491811811924,0.08881998062133789,0.1550029221922159,0.32065277844667434,0.0777482032775878
1789688116.257036,0.0000,traffic cone,0.5001,396,198,312,184,3.1409,3.1451,-0.43264928,0.063012876,3.1102905,-0.43454254,0.03285083,3.1147728,0.21616636961698527,0.48243266344070435,0.10064899921417236,0.2113030925393104,0.42309906631708144,0.09419784545898446
1789688116.303846,0.0000,traffic cone,0.2388,188,97,127,86,3.3705,3.3707,1.3822587,0.0116420835,3.0739534,1.382844,0.011585861,3.073985,0.11748416423797603,0.44306446313858033,0.09271230697631827,0.10965874791145325,0.442950040102005,0.09555035829544067
1789688116.349143,0.0000,truck,0.1779,514,372,351,334,4.5087,4.0032,2.7746325,-0.055176456,3.5534384,2.0973425,0.073777914,3.4089491,0.7993739962577817,0.5738757133483887,0.672718381881714,0.8935495734214773,0.42423510700464245,0.7683725953102107
1789688116.398490,0.0000,traffic cone,0.8307,180,61,80,44,3.8742,3.8671,1.2146952,0.11377899,3.677106,1.1969206,0.18253332,3.6726313,0.1460437774658203,0.3647216707468033,0.08811473846435547,0.14243917465209965,0.2921860262751579,0.09416279792785653
1789688116.430991,0.0000,traffic cone,0.7631,215,75,116,62,3.8099,3.8103,-0.98113304,0.18113227,3.6769133,-0.98939276,0.11337234,3.6778805,0.15938966870307913,0.3825124196708202,0.10504436492919922,0.15024816691875464,0.35910926274955274,0.08635842800140381
1789688116.479076,0.0000,traffic cone,0.6867,249,105,134,75,3.3349,3.3359,0.1212955,0.20458587,3.326397,0.1212955,0.14121522,3.330686,0.20629493594169615,0.38752121925354005,0.0914591789245609,0.15338500365614888,0.3204713702201843,0.08048505783081072
1789688116.524609,0.0000,traffic cone,0.4993,394,198,312,184,3.1418,3.1442,-0.43268555,0.06302954,3.1112225,-0.43450952,0.032876536,3.1138155,0.21602579653263088,0.4824948966503143,0.09535534381866428,0.2116962566971779,0.4232052996754646,0.09147245883941668
1789688116.570714,0.0000,traffic cone,0.2495,190,97,128,87,3.3722,3.3722,1.3819988,0.011613205,3.0759726,1.3819988,0.011613205,3.0759726,0.11725292205810556,0.4432734489440918,0.0927680015563963,0.1079493045806883,0.44302229285240174,0.09697680473327663
1789688116.616767,0.0000,truck,0.1775,509,367,351,351,4.5015,4.0562,2.77795,-0.09062303,3.5409355,2.1029096,0.07744549,3.46768,0.798087787628174,0.5714444875717163,0.6728577136993406,0.7606361508369446,0.4292457103729248,0.8105607032775879
1789688116.688930,0.0000,traffic cone,0.8300,176,62,80,45,3.8764,3.8684,1.2137903,0.113370374,3.6797006,1.1976446,0.18256848,3.67383,0.1442838251590728,0.36393218822777273,0.09150702953338641,0.13881356716156001,0.2924003958702088,0.09492387771606436
1789688116.737694,0.0000,traffic cone,0.7630,211,72,117,60,3.8045,3.8093,-0.9822938,0.18111756,3.6710737,-0.9910752,0.11202791,3.6763992,0.1571293830871583,0.39243454225361346,0.08498182296752921,0.14607958197593685,0.3624051295220852,0.08195056915283194
1789688116.786491,0.0000,traffic cone,0.6887,250,106,134,75,3.3381,3.3379,0.12076183,0.20532899,3.32962,0.120565064,0.14156221,3.3327165,0.20773769542574883,0.38770413026213646,0.09413409233093262,0.15262121707201004,0.32038621306419374,0.07852969169616708
1789688116.836316,0.0000,traffic cone,0.4941,397,198,315,184,3.1412,3.1438,-0.43332237,0.06297655,3.1105766,-0.43332237,0.032829985,3.1136587,0.215775203704834,0.4829708576202393,0.0984934091567995,0.2103273525834084,0.4232073962688446,0.09034516811370841
1789688116.883917,0.0000,traffic cone,0.2506,191,97,130,86,3.3700,3.3711,1.3822317,0.011586264,3.0734692,1.3824499,0.011543311,3.0745783,0.1179909229278564,0.4431962907314301,0.09321870803832999,0.10478460788726807,0.4428580105304718,0.0946044921875
1789688116.929362,0.0000,truck,0.1798,521,377,346,346,4.5392,4.0631,2.7708395,-0.020089716,3.595376,2.107088,0.078080386,3.473204,0.7996955871582032,0.5742652386426925,0.6723735809326175,1.0544354915618896,0.4297192767262459,0.927939772605896
1789688117.000974,0.0000,traffic cone,0.8301,178,61,80,45,3.8743,3.8669,1.2130625,0.11274937,3.677733,1.1975317,0.18277684,3.6722364,0.13956642150878906,0.36451800912618637,0.0907742977142334,0.13750064373016335,0.2926203042268753,0.0946212291717532
1789688117.047984,0.0000,traffic cone,0.7641,210,73,114,61,3.8072,3.8118,-0.9832546,0.1810309,3.6736298,-0.99151915,0.11230135,3.6788378,0.15540109872817987,0.3885842502117157,0.09355497360229492,0.14863979816436768,0.36245352029800415,0.08154153823852539
1789688117.093874,0.0000,traffic cone,0.6893,249,104,135,74,3.3350,3.3370,0.12106855,0.20555198,3.3264217,0.12106855,0.14127557,3.3318,0.2078153224661946,0.38788471594452856,0.08807525634765634,0.14736093394458288,0.3211454607546329,0.07336671352386492
1789688117.125927,0.0000,traffic cone,0.4981,397,198,316,184,3.1417,3.1444,-0.4339052,0.0631225,3.1109056,-0.43473747,0.032882422,3.1139984,0.21580529212951655,0.482732854783535,0.09832284450531015,0.21078436672687534,0.4231928065419197,0.09175176620483372
1789688117.174359,0.0000,traffic cone,0.2411,191,97,129,86,3.3701,3.3707,1.3800541,0.01155895,3.0745804,1.3808897,0.011521086,3.0748222,0.1190180778503418,0.4432447195053101,0.09266238212585431,0.10916179418563843,0.4431643486022949,0.09398692846298218
1789688117.219257,0.0000,truck,0.1707,516,372,347,341,4.5211,4.0295,2.7703793,-0.055230066,3.5723882,2.1009254,0.07642615,3.437579,0.7999481916427613,0.5720736429095268,0.6723853111267091,1.144486904144287,0.4282985031604767,0.9348204135894775
1789688117.272676,0.0000,traffic cone,0.8300,177,60,79,43,3.8750,3.8644,1.2151664,0.113460526,3.677736,1.195556,0.18246782,3.6702368,0.14166443347930913,0.36357819624245163,0.09159768819808933,0.12711430788040157,0.2908271074295044,0.09276721477508554
1789688117.314636,0.0000,traffic cone,0.7613,214,74,120,62,3.8065,3.8116,-0.98287946,0.18121682,3.6729465,-0.98970187,0.11208536,3.6791098,0.15426177382469164,0.4316466934978962,0.09146149158477757,0.1470321476459503,0.36222193762660027,0.08357012271881104
1789688117.347123,0.0000,traffic cone,0.6895,248,104,135,75,3.3370,3.3373,0.12123525,0.20473526,3.3284693,0.12151167,0.14120683,3.3321376,0.20693654809147113,0.3873037979006767,0.09046527147293082,0.15440438389778133,0.3212539300322533,0.08050687313079852
1789688117.391485,0.0000,traffic cone,0.4973,401,198,319,185,3.1411,3.1425,-0.43239602,0.063053206,3.1105928,-0.432738,0.003087014,3.1125972,0.21533218324184417,0.4824292525649071,0.0946019768714903,0.2126434922218322,0.423295921087265,0.08949480056762704
1789688117.438101,0.0000,traffic cone,0.2426,191,97,130,86,3.3708,3.3710,1.3817635,0.01157099,3.0745008,1.3817184,0.011553742,3.074829,0.11655061244964604,0.44297892451286314,0.09553360939025879,0.10801860690116882,0.44288933277130127,0.09626108407974243
1789688117.484224,0.0000,truck,0.1734,516,373,368,351,4.5553,3.9968,2.778769,-0.019810647,3.6095402,2.093364,0.070345044,3.4040573,0.7904275894165043,0.573166447877884,0.6732339859008789,0.9532023668289185,0.42404262721538544,0.7914268970489502
1789688117.555114,0.0000,traffic cone,0.8282,178,60,80,44,3.8756,3.8665,1.213093,0.1135225,3.6790667,1.1966308,0.18242304,3.6720939,0.14140945672988892,0.36495705842971804,0.086598467826843,0.14018104076385507,0.2926068864762783,0.09262301921844474
1789688117.606053,0.0000,traffic cone,0.7623,213,74,119,62,3.8080,3.8097,-0.9836646,0.1812615,3.6742983,-0.9903614,0.111892045,3.6770341,0.15462966859340666,0.4320634700357914,0.09262441396713239,0.14430663585662828,0.36226476207375524,0.08572633266448992
1789688117.653519,0.0000,traffic cone,0.6885,251,105,133,75,3.3355,3.3364,0.12081627,0.20560627,3.3269837,0.12081627,0.14137296,3.3312247,0.20615636631846426,0.3880364060401917,0.08582639694213867,0.1507237173616886,0.32038562595844267,0.07337353229522714
1789688117.698623,0.0000,traffic cone,0.5000,396,198,313,184,3.1430,3.1449,-0.43435895,0.06309668,3.1121523,-0.4357597,0.032930657,3.1143956,0.21532577872276304,0.4824500441551208,0.09908355474472064,0.21111387163400652,0.42311870902776716,0.09426561594009408
1789688117.744887,0.0000,traffic cone,0.2393,192,97,129,87,3.3703,3.3729,1.3813089,0.01152508,3.0742033,1.3834656,0.011504978,3.076084,0.11744251251220694,0.44313645362854004,0.0960390567779541,0.11031458377838144,0.44281694293022156,0.10057199001312256
1789688117.790016,0.0000,truck,0.1813,511,369,40,27,4.4933,4.3936,2.7746787,-0.02014345,3.5341976,2.9707723,-0.018886432,3.2369184,0.8012894630432128,0.5733531683683395,0.6715331077575684,0.1333643436431884,0.16040964648127556,0.147210764884949
1789688117.853495,0.0000,traffic cone,0.8298,178,61,79,43,3.8726,3.8646,1.2168269,0.11434698,3.6747193,1.1942053,0.18252349,3.6709042,0.1454836130142212,0.3640342652797699,0.08836245536804199,0.12720497846603385,0.29107516258955,0.09604666233062753
1789688117.907018,0.0000,traffic cone,0.7625,213,73,118,61,3.8065,3.8112,-0.98403895,0.18106344,3.6726332,-0.99213374,0.111744285,3.6780996,0.15502240657806388,0.4320259004831314,0.09512972831726074,0.14457404613494873,0.36288658529520035,0.08299565315246582
1789688117.955506,0.0000,traffic cone,0.6928,248,105,133,76,3.3358,3.3386,0.12035003,0.20407611,3.327414,0.12052753,0.14116013,3.3334243,0.2041344083845615,0.38788833618164065,0.0903724193572999,0.1533082090318203,0.32062071934342384,0.07959473133087158
1789688118.003628,0.0000,traffic cone,0.4985,398,199,316,185,3.1413,3.1444,-0.43321934,0.063050345,3.1106772,-0.43516514,0.0031788945,3.1141748,0.2158338040113449,0.48253903687000277,0.09665057659149134,0.21053481698036197,0.42327551245689393,0.09211168289184579
1789688118.054145,0.0000,traffic cone,0.2494,191,97,128,85,3.3727,3.3728,1.3825994,0.011644959,3.0762784,1.3825994,0.011550739,3.0763547,0.11703815460205091,0.44307196140289307,0.09589352607727086,0.10852286815643297,0.44262051582336426,0.09607105255126935
1789688118.114989,0.0000,truck,0.1836,515,373,377,360,4.5396,4.0045,2.7721467,-0.019554064,3.5948508,2.097001,0.06931799,3.4108377,0.8007022380828857,0.5747951328754425,0.6727895259857175,0.7620153665542604,0.42375238686800004,0.7124615550041202
1789688118.172438,0.0000,traffic cone,0.8292,176,62,79,44,3.8764,3.8682,1.2146623,0.11342654,3.6794772,1.1960168,0.18269877,3.674139,0.14369903206825274,0.3638146031647921,0.09576705694198573,0.140463149547577,0.29263934269547465,0.09893453121185303
1789688118.219465,0.0000,traffic cone,0.7641,213,72,115,60,3.8081,3.8078,-0.9841786,0.18086287,3.6742542,-0.9895539,0.111846864,3.6752748,0.15304436683654776,0.39250572100281717,0.09030220508575404,0.14383583664894095,0.3631525132805109,0.08031612634658813
1789688118.268203,0.0000,traffic cone,0.6936,249,105,132,75,3.3389,3.3380,0.120724514,0.20425051,3.330414,0.12070316,0.14143667,3.3328278,0.20649166032671926,0.3879215657711029,0.09028344154357892,0.15324601233005522,0.3210762977600098,0.07610623836517316
1789688118.317091,0.0000,traffic cone,0.5017,401,200,320,186,3.1419,3.1443,-0.43399975,0.06295644,3.111112,-0.43491888,0.03291153,3.1138587,0.21646840125322336,0.4826578229665756,0.09778401851654017,0.2133794128894806,0.4234411492943764,0.09121143817901611
1789688118.366192,0.0000,traffic cone,0.2464,191,97,130,86,3.3711,3.3722,1.3823041,0.011646703,3.0746095,1.3825059,0.011563085,3.07572,0.11939148902893071,0.4431061565876007,0.09412808418273944,0.10796064138412476,0.4429718926548958,0.09613293409347534
1789688118.412371,0.0000,truck,0.1800,521,376,40,27,4.5270,4.3959,2.7729402,-0.019998193,3.5782986,2.973206,-0.0191437,3.2378242,0.8028887510299683,0.5738992914557457,0.6726656556129456,0.13259291648864746,0.160091058164835,0.15112674236297607
1789688118.484035,0.0000,traffic cone,0.8307,178,60,79,44,3.8730,3.8664,1.2135458,0.11329891,3.6762493,1.1963441,0.18246166,3.6721475,0.14018891453742977,0.364496898651123,0.08239332437515268,0.13930919766426086,0.2921393379569054,0.08937669992446873
1789688118.516252,0.0000,traffic cone,0.7579,212,73,116,61,3.8100,3.8104,-0.9857352,0.18096146,3.675858,-0.9911275,0.11156142,3.6775508,0.15402028560638414,0.43151889741420746,0.0928088665008544,0.1462690234184265,0.3627533093094826,0.08322715759277344
1789688118.554996,0.0000,traffic cone,0.6955,248,105,133,75,3.3364,3.3390,0.12111625,0.2053878,3.3278944,0.12111625,0.1412116,3.3338232,0.2079355165362358,0.38772435784339904,0.08949618339538556,0.15346662960946558,0.32087777853012084,0.07809717655181858
1789688118.587016,0.0000,traffic cone,0.4974,395,199,313,185,3.1414,3.1441,-0.4336418,0.062997565,3.1106687,-0.4351762,0.0032227635,3.1138048,0.21692761182785036,0.48270087838172915,0.09732036590576154,0.21193540096282953,0.4232857584953308,0.09315381050109872
1789688118.632010,0.0000,traffic cone,0.2530,191,96,132,87,3.3719,3.3719,1.3821106,0.04301057,3.0753067,1.3825136,0.011622623,3.0754273,0.11747229099273682,0.44302766770124435,0.09513682126998901,0.10438319444656385,0.44290465116500854,0.09599158763885507
1789688118.677569,0.0000,truck,0.1866,509,365,40,27,4.4997,4.3930,2.783905,-0.09058757,3.53397,2.97048,-0.019214869,3.2364588,0.7999102115631103,0.5695906102657318,0.6740592956542968,0.13839731216430673,0.1602596051990986,0.14975659847259504
1789688118.750161,0.0000,traffic cone,0.8304,178,60,81,44,3.8747,3.8634,1.2124913,0.11321093,3.6783693,1.196737,0.18269041,3.6688182,0.13931119441986084,0.3645996052771807,0.08747262954711932,0.13993501663208008,0.2918526887893677,0.08895578384399405
1789688118.780290,0.0000,traffic cone,0.7612,214,73,119,61,3.8050,3.8104,-0.98245925,0.18107049,3.671533,-0.9903442,0.11233266,3.6777115,0.15521787405014031,0.3887743175029755,0.0938255786895752,0.147907555103302,0.3624338284134865,0.08276915550231934
1789688118.808914,0.0000,traffic cone,0.6931,247,105,135,75,3.3370,3.3363,0.120414585,0.20543317,3.3284888,0.120414585,0.14131694,3.331135,0.20694649145007132,0.387598505616188,0.08789539337158203,0.153152734413743,0.32129134684801103,0.07553892135620144
1789688118.838188,0.0000,traffic cone,0.5004,401,199,315,185,3.1416,3.1450,-0.43371826,0.06303635,3.110917,-0.4351046,0.0031615198,3.1147113,0.21627715229988093,0.4824462980031967,0.09530587196350115,0.2114149153232574,0.42337135076522825,0.09161591529846191
1789688118.883325,0.0000,traffic cone,0.2542,188,97,128,87,3.3725,3.3739,1.3819535,0.0116110295,3.0762994,1.382498,0.011579901,3.0776126,0.11863584518432613,0.44314976036548615,0.09382143020629874,0.11120402812957764,0.44268566071987153,0.09541621208190909
1789688118.928471,0.0000,truck,0.1902,509,366,358,340,4.5045,3.9778,2.7816892,-0.0905461,3.5418382,2.0897815,0.0659693,3.3840046,0.7991916537284851,0.569505400955677,0.6722569465637207,0.757626819610596,0.4241686165332794,0.711187565326691
1789688118.999999,0.0000,traffic cone,0.8308,178,61,78,44,3.8755,3.8678,1.2142324,0.11297153,3.6786194,1.1955374,0.18257557,3.673883,0.14068865776062012,0.3641500771045685,0.09506106376647949,0.14030998945236228,0.292706935852766,0.09846628904342669
1789688119.032480,0.0000,traffic cone,0.7571,214,74,119,61,3.8080,3.8099,-0.9833385,0.18109761,3.6743956,-0.99198014,0.111457214,3.6768427,0.15847683846950533,0.43307318426668645,0.0924270749092102,0.14675533771514893,0.36293965578079224,0.08417177200317383
1789688119.076257,0.0000,traffic cone,0.6936,247,105,134,75,3.3376,3.3361,0.121228635,0.20530064,3.329066,0.121228635,0.1416855,3.3308377,0.20974095538258553,0.3877404391765594,0.08952016830444354,0.15563280768692492,0.32115215957164767,0.08012170791625994
1789688119.121830,0.0000,traffic cone,0.5006,395,198,315,184,3.1415,3.1455,-0.4342103,0.063045815,3.110669,-0.43434283,0.033004627,3.1151452,0.21518362164497373,0.4827606976032257,0.09712947607040379,0.21081763654947283,0.42343132197856903,0.09221361875534084
1789688119.168614,0.0000,traffic cone,0.2569,188,97,128,87,3.3723,3.3723,1.3827419,0.011753157,3.0757477,1.3827419,0.011753157,3.0757477,0.11719202995300293,0.4431848436594009,0.09801964759826687,0.10737125873565678,0.4429393380880356,0.09963922500610378
1789688119.214700,0.0000,truck,0.1859,515,372,40,27,4.5059,4.3963,2.7764688,-0.09039338,3.5476897,2.973269,-0.018891603,3.238329,0.7983200192451476,0.5717062249779701,0.672870397567749,0.13361721038818386,0.16029677614569665,0.15042133331298801
1789688119.285357,0.0000,traffic cone,0.8298,180,62,79,45,3.8770,3.8682,1.2123898,0.11332323,3.680791,1.1981053,0.18269353,3.673478,0.14729239940643302,0.36468334719538686,0.09108572006225613,0.1374559879302979,0.29246834218502044,0.10117678642272931
1789688119.316333,0.0000,traffic cone,0.7597,213,72,118,60,3.8076,3.8094,-0.9835642,0.18111667,3.673903,-0.991438,0.11195904,3.6763723,0.15627056956291197,0.39223003722727295,0.08654782772064218,0.1457847297191619,0.3632253177464008,0.07972553968429574
1789688119.356385,0.0000,traffic cone,0.6949,247,104,130,74,3.3362,3.3343,0.12048751,0.20472202,3.327747,0.12048751,0.14109376,3.3290892,0.205450895987451,0.3877270042896271,0.09116677045822152,0.14684047568589442,0.3208517447113991,0.07614511251449585
1789688119.388119,0.0000,traffic cone,0.5016,397,199,317,185,3.1413,3.1436,-0.43269175,0.06306405,3.110709,-0.43417758,0.0031708628,3.1134746,0.2180391132831574,0.48255130648612976,0.09921772480011004,0.21367983222007753,0.4232458621263504,0.0899852752685546
1789688119.433226,0.0000,traffic cone,0.2504,188,96,127,86,3.3704,3.3704,1.3815821,0.042906895,3.0739532,1.3815821,0.042906895,3.0739532,0.11898106336593628,0.443095326423645,0.09438228607177734,0.10549953579902649,0.44295378029346466,0.09757709503173828
1789688119.479880,0.0000,truck,0.1860,513,369,40,27,4.5016,4.3954,2.7719,-0.019983843,3.5469403,2.972892,-0.019100651,3.2373977,0.7980282783508299,0.5736686080694198,0.6716078758239745,0.13866150379180908,0.16035981178283693,0.14823925495147705
1789688119.553588,0.0000,traffic cone,0.8277,178,60,79,44,3.8725,3.8665,1.2129567,0.1129996,3.67592,1.1960685,0.18247576,3.6722753,0.14015210866928096,0.3644888520240783,0.08670080900192279,0.1380512058734895,0.29211499765515325,0.09089907407760611
1789688119.586353,0.0000,traffic cone,0.7610,214,73,115,61,3.8061,3.8101,-0.98300326,0.18118452,3.672507,-0.9906293,0.11201666,3.677388,0.15335396528244016,0.3883757025003433,0.0902057647705079,0.14081847667694092,0.36215969920158386,0.08142924308776855
1789688119.630255,0.0000,traffic cone,0.6968,249,105,134,75,3.3384,3.3386,0.120868444,0.20546024,3.3299217,0.120868444,0.14146201,3.3333874,0.20974293202161787,0.3879197180271149,0.08769488334655762,0.15244277082383628,0.3212728634476662,0.07631013393402108
1789688119.677173,0.0000,traffic cone,0.5029,400,200,319,187,3.1423,3.1449,-0.43402869,0.06305503,3.111497,-0.43489033,0.0031840205,3.1147165,0.2179960161447525,0.4827413737773895,0.0991947531700137,0.21367467045784,0.4232566326856613,0.09028823375701878
1789688119.724253,0.0000,traffic cone,0.2483,190,97,130,87,3.3719,3.3737,1.3819196,0.011664629,3.0756888,1.3828715,0.011579812,3.0772684,0.1186492681503295,0.4431228578090668,0.09579429626464853,0.11107230186462402,0.442863404750824,0.09654138088226327
1789688119.769808,0.0000,truck,0.1882,516,373,40,27,4.5123,4.3921,2.7739346,-0.01981841,3.5589418,2.9704196,-0.019069523,3.235233,0.7991139411926267,0.5733299762010574,0.6721541404724118,0.13516757488250697,0.16042443811893464,0.14752869606018093
1789688119.840544,0.0000,traffic cone,0.8270,178,61,79,44,3.8756,3.8672,1.2134202,0.11285262,3.6789732,1.1960858,0.18262376,3.673013,0.1392301321029663,0.3644043952226639,0.09189105033874512,0.13801971673965463,0.2926918223500252,0.09304740428924552
1789688119.888634,0.0000,traffic cone,0.7587,212,73,116,61,3.8084,3.8109,-0.9843987,0.18143477,3.6745195,-0.9921386,0.11218391,3.6777315,0.15675640106201183,0.3886027574539184,0.09018206596374512,0.14695477485656738,0.3626796528697014,0.08610653877258301
1789688119.936862,0.0000,traffic cone,0.6947,247,103,133,74,3.3358,3.3384,0.121234074,0.20518045,3.3272974,0.12124179,0.14150539,3.3332024,0.20696800686419,0.38770929574966434,0.08523151874542245,0.14758051540702577,0.32094585746526716,0.07434036731719962
1789688119.986183,0.0000,traffic cone,0.5036,395,198,315,184,3.1424,3.1440,-0.4338968,0.0630174,3.1116364,-0.43532634,0.032897063,3.1135528,0.21664133369922633,0.4827608704566956,0.09890763759613064,0.21183804571628567,0.42325796782970426,0.09371082782745344
1789688120.033518,0.0000,traffic cone,0.2490,191,97,130,86,3.3719,3.3720,1.3814363,0.011633277,3.0759325,1.3816388,0.011586428,3.0759425,0.11971704959869389,0.4430615931749344,0.0942781448364256,0.11005854606628418,0.4430109113454819,0.0962209701538086
1789688120.074595,0.0000,truck,0.1892,508,366,38,26,4.4999,4.3954,2.7807446,-0.09064418,3.536761,2.973721,-0.017547496,3.2367315,0.7978518009185791,0.5697570964694023,0.6719932556152344,0.13350659608840942,0.16025387309491634,0.14836865663528442
1789688120.135066,0.0000,traffic cone,0.8270,178,62,78,44,3.8761,3.8690,1.2142086,0.113285005,3.679223,1.1962333,0.18269156,3.6748903,0.1479580760002135,0.3638894136995077,0.08728955984115627,0.13887326717376713,0.2922373443841934,0.0966329574584961
1789688120.183349,0.0000,traffic cone,0.7597,215,75,118,62,3.8083,3.8109,-0.9801075,0.18097633,3.675609,-0.98970264,0.11348565,3.678433,0.1586198866367341,0.38264254406094544,0.10127224922180167,0.14832053482532492,0.35844477750360965,0.08960410356521642
1789688120.231677,0.0000,traffic cone,0.6987,249,105,135,75,3.3372,3.3366,0.12072569,0.20512852,3.3287272,0.12054291,0.14157537,3.331403,0.20918057486414907,0.38778990507125854,0.09375524520874023,0.1545140322297811,0.3208240061998367,0.08121013641357422
1789688120.279649,0.0000,traffic cone,0.5026,398,198,319,184,3.1422,3.1447,-0.43404448,0.06311364,3.1114264,-0.43556264,0.033015676,3.114192,0.21455627381801606,0.48260595351457597,0.10137562751770002,0.210590261220932,0.4232418894767761,0.09343186616897592
1789688120.328053,0.0000,traffic cone,0.2438,190,98,129,86,3.3719,3.3729,1.3816159,0.042997897,3.0755286,1.3816159,0.011603542,3.0769756,0.11823698878288269,0.4431314691901207,0.0959346413612363,0.10774543881416321,0.4428197219967842,0.09533852338790894
1789688120.378478,0.0000,truck,0.1823,511,367,40,27,4.5040,4.3970,2.7862363,-0.090660095,3.5375745,2.9746192,-0.019157156,3.2380419,0.7997311353683472,0.5701186567544937,0.6723727226257323,0.13550794124603271,0.16026937738060953,0.15170409679412833
1789688120.449568,0.0000,traffic cone,0.8268,178,61,79,45,3.8758,3.8680,1.2119718,0.113191605,3.679685,1.1973352,0.18261263,3.6734838,0.13816964626312256,0.36404990404844284,0.09124398231506348,0.13932313919067396,0.2921890288591385,0.1035395145416258
1789688120.498021,0.0000,traffic cone,0.7573,211,73,117,60,3.8076,3.8116,-0.98276985,0.18132609,3.6741557,-0.9920681,0.11179268,3.6785593,0.15740143060684197,0.3900884747505188,0.0938523769378663,0.14618527591228492,0.36261447556316856,0.0802415370941163
1789688120.548531,0.0000,traffic cone,0.6986,247,105,132,76,3.3395,3.3390,0.120441966,0.20540115,3.3310213,0.12054244,0.14199395,3.3338366,0.2042966820299625,0.3878428339958191,0.08871116638183585,0.15210861805826426,0.32118795812129974,0.07576024532318115
1789688120.594706,0.0000,traffic cone,0.4996,396,197,318,184,3.1407,3.1439,-0.43321693,0.06305143,3.110069,-0.4332458,0.032953136,3.1137483,0.2153283476829529,0.48249117136001585,0.09504647254943821,0.21014013588428498,0.42336801886558534,0.08863282203674316
1789688120.641043,0.0000,traffic cone,0.2411,190,96,128,85,3.3708,3.3708,1.3828444,0.0429975,3.0738144,1.3828614,0.011542514,3.0740373,0.11746492981910706,0.4432731419801712,0.09183192253112793,0.1074366569519043,0.44314761757850646,0.09737977981567347
1789688120.687237,0.0000,truck,0.1837,517,371,40,27,4.5056,4.3944,2.7776954,-0.019952416,3.547445,2.9722807,-0.019009411,3.2366428,0.799120306968689,0.5740601420402527,0.6712876558303833,0.1360537528991701,0.16030120328068734,0.14842181205749494
1789688120.756489,0.0000,traffic cone,0.8236,178,61,78,44,3.8741,3.8689,1.2138032,0.11251968,3.6773007,1.1961969,0.1828943,3.6747506,0.1393667459487915,0.36411404609680176,0.09750676155090332,0.13854259252548218,0.2918582417070866,0.09900540113449097
1789688120.786337,0.0000,traffic cone,0.7543,207,73,117,61,3.8076,3.8092,-0.98533595,0.18131605,3.6734097,-0.9902147,0.11177957,3.676502,0.1523114204406737,0.43161620795726774,0.0876358985900878,0.1407681703567505,0.36259767413139343,0.0812838077545166
1789688120.818017,0.0000,traffic cone,0.6961,250,104,141,74,3.3365,3.3375,0.121010415,0.20535247,3.3279443,0.121010415,0.14136241,3.332275,0.21046790964901446,0.38775261491537094,0.08559803962707502,0.14794077649712556,0.32113439291715623,0.0769931793212888
1789688120.865185,0.0000,traffic cone,0.4985,401,201,313,187,3.1444,3.1464,-0.43462276,0.063093394,3.1135514,-0.4347157,0.0030846447,3.1161773,0.21802985668182373,0.48270124197006226,0.09664678573608398,0.2145518183708191,0.4234321653842926,0.09065172672271737
1789688120.910010,0.0000,traffic cone,0.2386,189,97,129,87,3.3701,3.3701,1.3827516,0.011534065,3.0733325,1.3827516,0.011534065,3.0733325,0.1191109657287599,0.44317827224731443,0.09408349990844744,0.10883622169494633,0.44307067692279817,0.09815199375152606
1789688120.955777,0.0000,truck,0.1853,518,375,40,27,4.5039,4.3961,2.773548,-0.02008593,3.5484881,2.9747312,-0.01913777,3.2367127,0.7972516059875492,0.5726273506879807,0.6730988740921018,0.1303605079650878,0.1602724201977253,0.15330190658569354
1789688121.028070,0.0000,traffic cone,0.8250,178,61,80,44,3.8740,3.8655,1.2161373,0.1136428,3.6764057,1.1962675,0.18253227,3.6712008,0.1464937925338745,0.3646073192358017,0.08702564239501953,0.14015044569969182,0.2923504412174225,0.08963564634323085
1789688121.076813,0.0000,traffic cone,0.7519,212,72,115,60,3.8086,3.8099,-0.9832272,0.18120925,3.6749876,-0.99033666,0.11196245,3.6772385,0.1557053595781327,0.3921079039573669,0.08558669090270987,0.14342205226421345,0.36289117522537706,0.07901532649993914
1789688121.126170,0.0000,traffic cone,0.6967,249,106,133,75,3.3372,3.3364,0.121381894,0.2055457,3.32869,0.12133821,0.14104985,3.331238,0.21017978340387344,0.3877147510647774,0.09175431728363037,0.15411319062113757,0.3209211841225624,0.08017683029174805
1789688121.175673,0.0000,traffic cone,0.4951,397,199,318,185,3.1424,3.1439,-0.43354583,0.06304653,3.1117334,-0.4349355,0.003097728,3.1137064,0.21458841860294336,0.4827717632055283,0.09738280773162833,0.2119479417800903,0.42333070039749143,0.09092435836792001
1789688121.223072,0.0000,traffic cone,0.2418,191,99,129,88,3.3735,3.3738,1.38242,0.01155518,3.0771723,1.3826013,0.011546582,3.0774693,0.12205997705459604,0.44325471222400664,0.08866195678710964,0.10914149880409241,0.4431610643863678,0.09002990722656223
1789688121.266791,0.0000,truck,0.1826,515,372,38,26,4.5056,4.3957,2.7768614,-0.05532985,3.5477562,2.972304,-0.017638884,3.2383528,0.7964480400085452,0.5717707946896553,0.6711146831512451,0.13138699531555176,0.16011944226920605,0.1498900055885315
1789688121.337114,0.0000,traffic cone,0.8248,178,62,80,45,3.8761,3.8671,1.2129908,0.113380745,3.6796677,1.1991847,0.18260193,3.6719036,0.14913033246994,0.36453967057168485,0.09191793203353882,0.1379772424697876,0.2925050944089889,0.09304995536804217
1789688121.369670,0.0000,traffic cone,0.7500,208,73,114,61,3.8074,3.8123,-0.9839357,0.18110645,3.6736135,-0.98972666,0.11273068,3.6799054,0.15692071914672845,0.388481992483139,0.09066786766052237,0.14697152376174927,0.3626646623015404,0.08336329460144043
1789688121.414264,0.0000,traffic cone,0.6993,248,106,140,76,3.3388,3.3387,0.12066369,0.20468901,3.330337,0.12020145,0.14173187,3.3335369,0.20575248543173075,0.38772786781191826,0.0917091965675354,0.1528457747772336,0.321463905274868,0.08088374137878418
1789688121.459791,0.0000,traffic cone,0.4977,398,199,314,185,3.1430,3.1442,-0.4333233,0.0630873,3.1123118,-0.43412974,0.0031524897,3.114052,0.21552910506725315,0.48283580243587493,0.0985604763031005,0.21000232696533205,0.4233657240867615,0.0926990985870364
1789688121.502762,0.0000,traffic cone,0.2394,189,98,133,87,3.3718,3.3721,1.3825498,0.011629723,3.0752811,1.3832365,0.011580065,3.0753427,0.1171962857246398,0.4431456759572029,0.09076170921325666,0.10865050554275513,0.4429846376180649,0.09609975814819327
1789688121.533804,0.0000,truck,0.1903,511,369,38,26,4.5029,4.3970,2.7824335,-0.09086716,3.5391576,2.973866,-0.0175663,3.2386746,0.7977094173431394,0.5699162542819977,0.6734512329101561,0.13448578119277954,0.160134669393301,0.1472448706626892
1789688121.601899,0.0000,traffic cone,0.8253,179,61,80,45,3.8749,3.8656,1.2145807,0.113037035,3.6778562,1.2005756,0.18257578,3.669874,0.14304590225219727,0.36398813128471375,0.08537745475769043,0.12731559276580806,0.2916328638792038,0.08921065330505362
1789688121.636528,0.0000,traffic cone,0.7463,210,73,117,60,3.8078,3.8102,-0.9833543,0.18122853,3.674215,-0.99125105,0.11190358,3.6772544,0.15895985364913945,0.38975015580654143,0.09172763824462882,0.1425582617521285,0.3632070075720549,0.08177840709686279
1789688121.698690,0.0000,traffic cone,0.6949,248,104,140,74,3.3376,3.3381,0.12166482,0.2047389,3.3290758,0.12166482,0.14140153,3.3329215,0.20943850595504043,0.3875053718686104,0.08661369085311899,0.1484256030991673,0.3215992160141468,0.07282216548919695
1789688121.747776,0.0000,traffic cone,0.4939,398,199,313,185,3.1430,3.1468,-0.43421745,0.06298329,3.1122522,-0.4349711,0.062593594,3.1159284,0.2163790196180344,0.48260416090488434,0.09539763927459699,0.21299624443054188,0.4234618961811066,0.09056873321533176
1789688121.796765,0.0000,traffic cone,0.2365,192,97,129,85,3.3714,3.3720,1.3824794,0.011599258,3.0748985,1.3824794,0.011591643,3.075554,0.11724374294281015,0.44321362376213075,0.09466910362243652,0.10789709091186528,0.4430078685283661,0.09491491317749023
1789688121.845359,0.0000,truck,0.1874,511,368,40,27,4.5066,4.3963,2.7789445,-0.019935071,3.5477355,2.973745,-0.019064605,3.2379367,0.7959111094474793,0.573334327340126,0.6711830735206603,0.13328645229339608,0.16044799238443375,0.14843497276306117
1789688121.902930,0.0000,traffic cone,0.8269,178,61,79,44,3.8768,3.8683,1.2146382,0.11422855,3.6797998,1.1959041,0.18278116,3.6742692,0.15197312831878662,0.36398687213659286,0.08453798294067383,0.1393144726753235,0.2927101559937,0.09398255348205531
1789688121.949861,0.0000,traffic cone,0.7479,209,73,117,60,3.8092,3.8093,-0.98410106,0.18127027,3.6753685,-0.9904173,0.11174877,3.6766248,0.15778505802154552,0.3901634246110916,0.09314250946044922,0.14271638989448554,0.36274843811988833,0.08054078817367571
1789688121.999531,0.0000,traffic cone,0.6979,246,104,141,75,3.3379,3.3378,0.12119992,0.2048386,3.3294,0.1216128,0.14142805,3.3326118,0.20453852787613863,0.38771633356809615,0.08969745635986337,0.1473430927842855,0.3211277857422829,0.07704784870147696
1789688122.048015,0.0000,traffic cone,0.4956,400,199,314,185,3.1435,3.1455,-0.43218303,0.06311697,3.1130505,-0.43444717,0.0030219257,3.1153522,0.21897694170475007,0.4827073723077774,0.0951976299285886,0.21367802023887628,0.4233084380626678,0.09001321792602512
1789688122.094023,0.0000,traffic cone,0.2409,193,97,137,87,3.3712,3.3722,1.3823211,0.0116562545,3.0747569,1.3830373,0.011581212,3.075566,0.11714060306549068,0.4431434154510498,0.0976188659667967,0.11026310920715332,0.4427356392145157,0.0990149259567259
1789688122.139771,0.0000,truck,0.1912,514,370,40,27,4.5048,4.3977,2.777361,-0.055251,3.546294,2.9741948,-0.01896967,3.2393348,0.7965088248252865,0.5723731517791748,0.6718171834945679,0.13274068832397434,0.16031203269958497,0.15038740634918213
1789688122.208484,0.0000,traffic cone,0.8269,180,60,81,44,3.8729,3.8655,1.2129447,0.113376305,3.6762795,1.1959524,0.18285456,3.6713233,0.14086047410964952,0.36482077017426495,0.09113222360610962,0.13939700722694393,0.29207758605480194,0.09362035989761353
1789688122.238017,0.0000,traffic cone,0.7459,209,74,116,61,3.8075,3.8098,-0.98145443,0.18135911,3.674356,-0.99214053,0.11216971,3.6766288,0.15935201942920685,0.3862114068120717,0.09305787086486816,0.1468011736869812,0.3631989285349846,0.08464527130126953
1789688122.270769,0.0000,traffic cone,0.6960,248,103,141,74,3.3372,3.3355,0.12117256,0.20521137,3.3286417,0.120898314,0.14114997,3.3302798,0.20654603838920585,0.38801779001951214,0.08796622753143302,0.14758580103516572,0.3210771888494492,0.07936569452285758
1789688122.315588,0.0000,traffic cone,0.4954,400,198,313,184,3.1426,3.1460,-0.432893,0.06307949,3.111988,-0.43509397,0.032976642,3.1156292,0.2168857306241989,0.4828034982085228,0.09730143547058123,0.21204234957695,0.4233995407819748,0.09236394166946393
1789688122.360842,0.0000,traffic cone,0.2499,189,97,131,86,3.3735,3.3739,1.3829598,0.011655584,3.0770185,1.3830159,0.011636853,3.077405,0.11715867519378653,0.4432757914066315,0.0934871196746827,0.10895594954490662,0.44310417026281357,0.09674465656280518
1789688122.406435,0.0000,truck,0.1911,518,374,38,26,4.5109,4.3978,2.7755654,-0.019954607,3.5558515,2.9751797,-0.017611273,3.2386668,0.7967930793762203,0.5736346885561943,0.671847438812256,0.13221979141235352,0.16036675870418549,0.151780903339386
1789688122.477990,0.0000,traffic cone,0.8273,177,59,80,44,3.8724,3.8686,1.2155888,0.11323944,3.6749551,1.2013254,0.18243472,3.6728141,0.1391429901123047,0.3638711877167225,0.0900204658508299,0.12681435346603398,0.29131081625819205,0.09177320003509504
1789688122.526659,0.0000,traffic cone,0.7466,208,73,117,60,3.8085,3.8120,-0.9833407,0.1810115,3.674919,-0.992232,0.11192833,3.6789417,0.15942552089691164,0.39004074931144717,0.09240927696228063,0.14500086605548856,0.36250484399497507,0.08345212936401358
1789688122.576183,0.0000,traffic cone,0.6953,246,103,140,74,3.3341,3.3367,0.120843954,0.20463446,3.3256497,0.12156866,0.14130469,3.3315148,0.2054577697068452,0.38790298700332637,0.08362846374511745,0.1474898017942905,0.3208590105175972,0.07245638370513952
1789688122.625876,0.0000,traffic cone,0.4948,392,198,307,184,3.1427,3.1453,-0.43346262,0.06307199,3.111999,-0.4344643,0.032991216,3.114962,0.21770204901695256,0.4827087610960007,0.0985974669456482,0.2122127681970596,0.423407655954361,0.09288159608840951
1789688122.672658,0.0000,traffic cone,0.2484,193,98,133,84,3.3714,3.3732,1.3818357,0.01158715,3.075173,1.3809967,0.01158715,3.0775073,0.11897718906402588,0.44313064515590667,0.09401520490646353,0.10619996786117536,0.44286367744207383,0.0945186495780943
1789688122.718901,0.0000,truck,0.1888,511,366,40,27,4.5052,4.3931,2.7848845,-0.09049419,3.540214,2.970229,-0.019192144,3.2367182,0.793656587600708,0.5706122368574142,0.6722731590270996,0.1280178785324093,0.16024875044822692,0.1522826433181761
1789688122.791494,0.0000,traffic cone,0.8262,177,62,79,44,3.8751,3.8667,1.2115909,0.11346084,3.6791043,1.197174,0.18259646,3.6721842,0.14732840061187735,0.36445728316903114,0.09295752048492467,0.13745051026344313,0.2915447048842907,0.0940024495124816
1789688122.836923,0.0000,traffic cone,0.7497,208,73,117,60,3.8095,3.8101,-0.9821939,0.18133545,3.676229,-0.990224,0.11188467,3.6774564,0.1586652278900147,0.39007268846035,0.09164581298828134,0.14405107796192163,0.3624868035316467,0.0810307979583742
1789688122.883664,0.0000,traffic cone,0.6959,248,105,141,75,3.3384,3.3374,0.120950796,0.20486972,3.3298724,0.11920524,0.14137346,3.3322232,0.2061833262443542,0.3878309279680252,0.08716397285461408,0.15133872665464876,0.3210297331213951,0.0782169580459593
1789688122.924636,0.0000,traffic cone,0.4863,396,199,312,186,3.1422,3.1453,-0.4322731,0.06300378,3.1116765,-0.4332303,0.002995193,3.1153417,0.21700618565082552,0.4828577429056168,0.09581742286682138,0.212797112762928,0.42337793856859207,0.09069216251373291
1789688122.955709,0.0000,traffic cone,0.2394,186,97,130,87,3.3720,3.3720,1.3830432,0.011625946,3.0753217,1.3830432,0.011625946,3.0753217,0.12017772197723375,0.4431550592184067,0.09443373680114764,0.10581873655319218,0.4430618345737457,0.09467501640319842
1789688123.000498,0.0000,truck,0.1892,510,366,38,26,4.5010,4.3965,2.777019,-0.09094715,3.5410774,2.9738753,-0.017591827,3.2380533,0.7945403456687927,0.5701775327324867,0.672989547252655,0.1369839906692505,0.16028402373194695,0.1476193070411682
1789688123.072021,0.0000,traffic cone,0.8263,176,61,79,44,3.8762,3.8694,1.2124428,0.11285427,3.6799383,1.197262,0.18266334,3.6749399,0.14010047912597656,0.3647479936480522,0.0918722152709961,0.1381046056747437,0.2918372876942158,0.09626579284667969
1789688123.119146,0.0000,traffic cone,0.7541,214,73,117,61,3.8070,3.8108,-0.98193085,0.18119866,3.6737494,-0.9920416,0.11269012,3.6777015,0.15707085132598864,0.38829849362373353,0.09005794525146493,0.15004289150238037,0.36287299543619156,0.08707332611083984
1789688123.166312,0.0000,traffic cone,0.6971,248,104,133,75,3.3361,3.3367,0.12033405,0.20532155,3.327551,0.120215386,0.14163601,3.3314877,0.2060438567772507,0.38784326463937757,0.08578181266784668,0.15364450775086877,0.3207321107387543,0.07331657409667969
1789688123.211637,0.0000,traffic cone,0.4916,401,199,317,185,3.1419,3.1462,-0.4336088,0.063093394,3.1111746,-0.43570074,0.003294602,3.1158562,0.21570581793785087,0.48267503678798673,0.09548678398132315,0.2117331385612488,0.4233629107475281,0.09296255111694318
1789688123.257526,0.0000,traffic cone,0.2502,190,97,135,86,3.3699,3.3708,1.3829471,0.011683926,3.0730166,1.3831277,0.011655182,3.07397,0.12071018218994145,0.44344383478164673,0.09292154312133771,0.10886174440383911,0.44339579343795776,0.09528660774230957
1789688123.303553,0.0000,truck,0.1854,518,373,38,26,4.5097,4.3977,2.7764633,-0.020246431,3.553638,2.9756277,-0.017712928,3.2381306,0.7991054534912108,0.5721973359584809,0.6720866203308105,0.13216334581375122,0.16051197610795498,0.15247714519500732
1789688123.370423,0.0000,traffic cone,0.8266,177,62,79,44,3.8788,3.8692,1.2142096,0.11325246,3.6821077,1.1963615,0.18269281,3.6750224,0.1446267068386078,0.36405505388975146,0.09298164844512913,0.14220687150955214,0.2923798754811287,0.09450588226318324
1789688123.405873,0.0000,traffic cone,0.7555,212,73,116,60,3.8068,3.8116,-0.982394,0.1810624,3.6733847,-0.9922497,0.11220838,3.6784897,0.16031930446624754,0.3902522325515747,0.09329895973205549,0.14674913883209229,0.36257967315614226,0.08527516126632673
1789688123.450084,0.0000,traffic cone,0.6957,248,105,133,75,3.3378,3.3381,0.120466374,0.20491168,3.329319,0.120466374,0.14145052,3.332933,0.2046334959566593,0.38758482336997985,0.09448437690734846,0.15323483943939203,0.3212586760520935,0.08310222625732422
1789688123.497416,0.0000,traffic cone,0.4910,401,200,318,186,3.1423,3.1466,-0.432667,0.06304621,3.111706,-0.4341061,0.0031036139,3.1165261,0.2178776502609252,0.4826815724372864,0.09515451192855862,0.21366506069898605,0.4233836159110069,0.09012138843536377
1789688123.543824,0.0000,traffic cone,0.2388,189,99,133,87,3.3729,3.3741,1.3827404,0.011522368,3.0764449,1.3827404,0.011522368,3.0777025,0.11949036121368395,0.44326336681842804,0.09176251888275155,0.10702694654464717,0.4430381268262863,0.09306557178497332
1789688123.590161,0.0000,truck,0.1833,516,373,38,26,4.5189,4.3984,2.7760663,-0.02017197,3.5655627,2.976613,-0.017664313,3.2380586,0.7991250514984132,0.5739610195159912,0.6718978881835938,0.13401925563812256,0.16048449277877808,0.15118789672851562
1789688123.639358,0.0000,traffic cone,0.8283,176,62,78,44,3.8749,3.8661,1.2138494,0.113510996,3.6781168,1.1966394,0.18274514,3.671697,0.14408385753631592,0.3644106637686491,0.08817996978759757,0.14245315790176405,0.29250579327344894,0.09289456605911228
1789688123.671966,0.0000,traffic cone,0.7532,212,73,116,61,3.8097,3.8112,-0.9861763,0.18098041,3.6753922,-0.9900752,0.111839265,3.678677,0.15520019531249984,0.43205793350934985,0.09175872802734375,0.1425650715827942,0.3625515177845955,0.08549976348876953
1789688123.721550,0.0000,traffic cone,0.6971,248,105,132,74,3.3368,3.3368,0.12166147,0.20528036,3.3282282,0.12116123,0.14128189,3.331613,0.20955316871404647,0.3877303421497345,0.08909616470336923,0.14762036297470324,0.32107294872403147,0.07669707536697379
1789688123.768845,0.0000,traffic cone,0.4916,403,201,320,187,3.1440,3.1448,-0.43456447,0.06302826,3.1132066,-0.43499273,0.0032251477,3.1145837,0.21769040822982788,0.4827145040035248,0.09461641311645508,0.21434961557388305,0.42346336543560026,0.0924068212509157
1789688123.815706,0.0000,traffic cone,0.2486,191,98,130,85,3.3711,3.3725,1.382175,0.04304009,3.0743923,1.3805568,0.011647686,3.076995,0.11973466277122502,0.4433251053094864,0.09110075235366821,0.10792143344879146,0.44305105209350587,0.09117588996887216
1789688123.862058,0.0000,truck,0.1813,511,369,40,27,4.5013,4.3981,2.7783759,-0.090368554,3.5403633,2.976535,-0.019066676,3.2378013,0.7999825477600098,0.5715843737125397,0.6714870452880861,0.13585796356201163,0.1604202315211296,0.14881563186645508
1789688123.933659,0.0000,traffic cone,0.8256,177,60,79,43,3.8751,3.8678,1.2111326,0.11254063,3.6792765,1.1960281,0.18253788,3.6737385,0.13333232998847966,0.3638496361672878,0.09739747047424352,0.125493025779724,0.2913210391998291,0.09826321601867694
1789688123.983311,0.0000,traffic cone,0.7567,214,74,118,62,3.8080,3.8115,-0.98297924,0.18118905,3.674426,-0.99165875,0.11199023,3.6785426,0.15736988186836243,0.43201532438397405,0.09141340255737296,0.14888561666011813,0.3625213257968426,0.08504500389099112
1789688124.033836,0.0000,traffic cone,0.6980,252,106,132,75,3.3408,3.3392,0.1209279,0.20542186,3.3322968,0.12089718,0.14200103,3.3340175,0.2095836978405714,0.3875131867825985,0.09541404247283936,0.1545512858778238,0.3211444914340973,0.08146085739135778
1789688124.080709,0.0000,traffic cone,0.4942,401,199,320,185,3.1439,3.1458,-0.43238485,0.063038856,3.1133497,-0.43315017,0.0032313466,3.1158779,0.2162026941776275,0.48265438377857206,0.09711213111877459,0.21089165210723876,0.4234870135784149,0.09053540229797363
1789688124.126980,0.0000,traffic cone,0.2405,186,96,131,85,3.3729,3.3740,1.3834147,0.042983964,3.0758042,1.3833421,0.07438481,3.07653,0.1170872151851654,0.4432517886161804,0.09437590837478638,0.1025815248489379,0.4431224465370178,0.09736266136169425
1789688124.173259,0.0000,truck,0.1747,509,366,37,25,4.5033,4.3979,2.7821832,-0.090500474,3.5399756,2.9753456,-0.019033536,3.2385778,0.791857898235321,0.5712680518627167,0.6719866394996643,0.12154688835144078,0.160358464717865,0.14923763275146484
1789688124.244255,0.0000,traffic cone,0.8244,178,62,79,45,3.8756,3.8697,1.2141302,0.11318244,3.6788027,1.1954111,0.18257204,3.675874,0.1444824278354646,0.3638968050479889,0.0929811120033266,0.1411544799804687,0.2924610435962677,0.09681696891784641
1789688124.294459,0.0000,traffic cone,0.7555,211,73,118,61,3.8115,3.8137,-0.9847169,0.18100715,3.677695,-0.9919455,0.1116575,3.6807592,0.1558256030082702,0.4320220649242401,0.09401564598083478,0.1437128782272339,0.36282774060964584,0.08302593231201172
1789688124.341573,0.0000,traffic cone,0.6949,248,106,134,76,3.3374,3.3377,0.12070361,0.20466487,3.3289533,0.12070361,0.1415655,3.3325214,0.20524450577795506,0.38753145188093185,0.09414416551589966,0.1528644012287259,0.3206363022327423,0.08073097467422485
1789688124.375258,0.0000,traffic cone,0.4948,400,200,316,186,3.1431,3.1466,-0.4334503,0.06310028,3.1123939,-0.4349492,0.0030613765,3.1163433,0.2174084052443504,0.4827663227915764,0.09950115680694571,0.213437020778656,0.4234449043869972,0.09422701597213745
1789688124.422539,0.0000,traffic cone,0.2499,191,97,134,85,3.3733,3.3737,1.3819797,0.011593565,3.077199,1.3819797,0.011593565,3.0776637,0.11983096599578857,0.44322594106197355,0.0933237075805664,0.10632176399230975,0.4428295880556107,0.09479355812072754
1789688124.467503,0.0000,truck,0.1797,519,374,40,27,4.5088,4.3974,2.7752385,-0.05523613,3.553018,2.9748704,-0.018848523,3.2383206,0.7974667429924014,0.5733282417058945,0.6723340511322022,0.13370883464813232,0.16027768477797508,0.14752721786499023
1789688124.518589,0.0000,traffic cone,0.8263,179,60,81,44,3.8755,3.8684,1.2136934,0.11340226,3.6787944,1.1959493,0.18261993,3.6743217,0.14020534157752973,0.3642891008406878,0.08796113729476929,0.13844171762466417,0.29198444113135336,0.09306806325912476
1789688124.548349,0.0000,traffic cone,0.7501,214,73,119,61,3.8061,3.8094,-0.9810731,0.1812729,3.6729808,-0.99045163,0.1124112,3.6766825,0.15737937688827508,0.4322061568498612,0.09182248115539515,0.14876198768615723,0.3622882217168808,0.08605051040649414
1789688124.597688,0.0000,traffic cone,0.6973,249,104,136,75,3.3374,3.3379,0.1204283,0.20536397,3.3289099,0.12035215,0.1417608,3.3327634,0.20490072164684528,0.3877002440392971,0.08867015838623038,0.1526763159781694,0.3209980890154838,0.07972021102905291
1789688124.647588,0.0000,traffic cone,0.4949,397,197,320,184,3.1427,3.1463,-0.4326026,0.06311074,3.1121356,-0.43291786,0.003106527,3.1163435,0.2150051593780518,0.48282283544540405,0.09683175086975115,0.20980034023523336,0.4234018445014954,0.09094368219375637
1789688124.696359,0.0000,traffic cone,0.2520,191,98,133,86,3.3718,3.3730,1.3833046,0.011596836,3.0750015,1.3833046,0.011596836,3.0762691,0.12212740182876591,0.44333792477846146,0.09177199602127084,0.10932275652885437,0.44324322789907455,0.09724098443984985
1789688124.742871,0.0000,truck,0.1749,518,375,38,26,4.5071,4.3942,2.7742198,-0.020000234,3.5521305,2.9723113,-0.0176583,3.2364135,0.796276950836182,0.5736865639686585,0.673407220840454,0.1317814588546753,0.16028833016753197,0.151067316532135
1789688124.815094,0.0000,traffic cone,0.8275,177,60,80,44,3.8761,3.8701,1.2130082,0.11329326,3.6796846,1.1964514,0.1827151,3.67596,0.13925762772560102,0.3647040080279112,0.09046622514724723,0.1370617270469665,0.29238684475421906,0.09352504014968899
1789688124.859555,0.0000,traffic cone,0.7525,215,74,116,61,3.8086,3.8099,-0.9832236,0.18142553,3.6749752,-0.99140584,0.11263031,3.6769733,0.16067595481872554,0.38627780675888057,0.09646941423416155,0.14925825595855713,0.36263328790664673,0.08667540550231934
1789688124.893132,0.0000,traffic cone,0.6955,249,104,136,75,3.3394,3.3374,0.120796874,0.20512973,3.3309307,0.12068907,0.14154774,3.3322155,0.20606012064963575,0.38760317116975784,0.08444643020629883,0.15389943569898604,0.3212757259607315,0.07558848857879674
1789688124.938765,0.0000,traffic cone,0.4972,397,199,318,185,3.1427,3.1445,-0.4339128,0.06301752,3.1119826,-0.435175,0.003127396,3.1142216,0.21646850407123563,0.4827296376228333,0.09757361412048349,0.21169490814208985,0.42328284978866576,0.08978729248046902
1789688124.985150,0.0000,traffic cone,0.2587,189,97,134,87,3.3711,3.3722,1.3825676,0.011630863,3.0745158,1.3825676,0.011630863,3.0757287,0.12096600532531743,0.44328577518463136,0.09285225868225089,0.11023596525192247,0.4431228667497635,0.09481599330902091
1789688125.029966,0.0000,truck,0.1742,511,370,38,26,4.5030,4.3949,2.776892,-0.09052023,3.5436258,2.9729116,-0.01765962,3.2368221,0.800255608558655,0.5714279174804687,0.6726292490959169,0.13218694925308228,0.16026213578879833,0.14629238843917847
1789688125.094407,0.0000,traffic cone,0.8254,177,60,79,43,3.8741,3.8648,1.2150177,0.11337188,3.676852,1.1954936,0.1823433,3.6706977,0.14133088588714604,0.36427093409001826,0.08429391384124729,0.13985079526901245,0.2921455785632134,0.08640275001525888
1789688125.125058,0.0000,traffic cone,0.7481,215,75,118,62,3.8089,3.8123,-0.98102623,0.18122733,3.675932,-0.9902011,0.11186196,3.6797223,0.1597143173217772,0.4331019692122936,0.09310259819030753,0.14660854935646062,0.3624305512756109,0.08511865139007568
1789688125.154548,0.0000,traffic cone,0.6965,247,103,136,75,3.3368,3.3363,0.1214879,0.20491451,3.328301,0.1209385,0.141507,3.3311028,0.20692309625446786,0.38750489354133605,0.08625092506408683,0.15349385663866993,0.3207910045981407,0.07478299140930167
1789688125.184844,0.0000,traffic cone,0.4983,398,198,319,185,3.1436,3.1450,-0.4342495,0.06316733,3.1128566,-0.43610865,0.003071934,3.1145854,0.21562136113643643,0.4828765720129013,0.10031130313873282,0.21243675351142877,0.42340713143348696,0.09364919662475613
1789688125.233227,0.0000,traffic cone,0.2552,192,98,136,87,3.3730,3.3740,1.381542,0.011680044,3.077016,1.3819394,0.011614054,3.077939,0.1184880912303925,0.44312900602817534,0.09288852214813215,0.10868649482727055,0.4429662138223648,0.09371962547302282
1789688125.283072,0.0000,truck,0.1762,513,370,369,351,4.5142,3.9805,2.7852955,-0.019487962,3.5523846,2.0963185,0.06761019,3.383058,0.7942358493804931,0.5729073062539101,0.672300863265991,0.7578920722007751,0.42354436218738556,0.7093126773834229
1789688125.350772,0.0000,traffic cone,0.8254,178,61,79,44,3.8779,3.8666,1.2153957,0.11362511,3.6807942,1.1968477,0.18275146,3.6722047,0.1465209722518921,0.3642873167991638,0.08205246925354004,0.14085978865623483,0.2921033091843128,0.08744838237762442
1789688125.382401,0.0000,traffic cone,0.7491,212,74,115,62,3.8078,3.8106,-0.9827057,0.18123098,3.674359,-0.9897961,0.11316115,3.678043,0.15589397549629203,0.3849232118576765,0.09242300987243679,0.1499537229537964,0.3591594260185957,0.08305807113647479
1789688125.427695,0.0000,traffic cone,0.6952,246,104,133,74,3.3368,3.3367,0.12098146,0.20494863,3.328329,0.12071839,0.14155647,3.331493,0.20733980182558293,0.3875695034861565,0.08891590833663932,0.1477995874360203,0.3210258349776268,0.07373399734497088
1789688125.473838,0.0000,traffic cone,0.5013,395,198,318,184,3.1438,3.1465,-0.4340382,0.063107066,3.1130552,-0.435043,0.03307093,3.116074,0.21652853190898896,0.4823881059885025,0.09628270864486677,0.21108031868934635,0.42328971773386004,0.09006317853927648
1789688125.520611,0.0000,traffic cone,0.2563,190,97,132,86,3.3716,3.3735,1.3819054,0.011722803,3.0754206,1.3820944,0.011722021,3.07733,0.11936292648315439,0.4432654559612274,0.09233975410461426,0.10829022526741028,0.44310618191957474,0.09686309099197388
1789688125.565952,0.0000,truck,0.1674,513,371,40,27,4.5095,4.3970,2.7827873,-0.09033974,3.5473769,2.9731884,-0.018949628,3.2393632,0.7947368621826172,0.5715605318546295,0.6715773344039917,0.13357703685760525,0.16036185324192048,0.15202305316925058
1789688125.636590,0.0000,traffic cone,0.8253,177,60,80,44,3.8751,3.8672,1.2134178,0.1133436,3.6784718,1.1976483,0.18263581,3.6724963,0.14054360389709464,0.36485563665628434,0.08545782566070592,0.13720917105674735,0.29193077534437184,0.08711760044097883
1789688125.686172,0.0000,traffic cone,0.7527,213,73,115,61,3.8081,3.8132,-0.98169315,0.18148828,3.6749308,-0.991354,0.11227739,3.6803854,0.15452091693878167,0.3884246081113816,0.09071145057678232,0.1472533941268921,0.3626898303627968,0.08328628540039062
1789688125.735988,0.0000,traffic cone,0.6995,247,104,135,75,3.3386,3.3385,0.12074067,0.20521161,3.3300788,0.12072822,0.14178726,3.3333087,0.20725669078528874,0.38766512721776963,0.09090567827224705,0.15606861747801304,0.32112125158309934,0.0757777452468873
1789688125.786826,0.0000,traffic cone,0.4985,404,199,322,185,3.1435,3.1465,-0.43402597,0.06309566,3.1127498,-0.43505457,0.0031919628,3.116293,0.21502117514610286,0.48265661001205445,0.09736170768737784,0.21196311116218564,0.42341386079788207,0.09132442474365243
1789688125.832128,0.0000,traffic cone,0.2657,188,98,130,85,3.3721,3.3726,1.3836197,0.01164183,3.0751295,1.3835429,0.0116916,3.0756996,0.12017785310745244,0.44335432052612306,0.09132882356643712,0.10635297298431401,0.4433214783668518,0.09346418380737287
1789688125.872674,0.0000,truck,0.1678,514,370,40,27,4.5109,4.3967,2.78118,-0.019661933,3.5514789,2.9747455,-0.019036233,3.2375073,0.7973339438438414,0.5722489207983017,0.673052966594696,0.13161497116088894,0.16034610345959663,0.15063569545745858
1789688125.919047,0.0000,traffic cone,0.8262,177,61,79,45,3.8751,3.8691,1.2139218,0.11305055,3.6782687,1.1993074,0.1824685,3.6739938,0.1402721405029297,0.3645501583814621,0.09207653999328613,0.13767800331115732,0.29267655313014984,0.0975622653961179
1789688125.962846,0.0000,traffic cone,0.7530,213,74,116,61,3.8109,3.8125,-0.9822769,0.18137453,3.677713,-0.9911662,0.11235064,3.6797101,0.15972662568092344,0.3866316344588995,0.09422861337661725,0.14840185642242432,0.3630547747015953,0.08112049102783203
1789688126.007616,0.0000,traffic cone,0.7000,247,104,132,75,3.3362,3.3373,0.12051709,0.20517649,3.3277473,0.120727204,0.14166486,3.3321195,0.20605361908674236,0.3876808352768421,0.0897037863731387,0.15314285978674885,0.32112191766500475,0.07901456356048575
1789688126.054109,0.0000,traffic cone,0.4999,396,197,317,184,3.1451,3.1466,-0.43267953,0.063048884,3.1145666,-0.4341937,0.033036657,3.1163726,0.21485032439231877,0.4826504588127136,0.0980525016784668,0.21079881340265272,0.42345865815877914,0.09244776964187595
1789688126.100610,0.0000,traffic cone,0.2697,188,97,131,85,3.3717,3.3726,1.3811722,0.0116380155,3.07586,1.3811722,0.0116380155,3.0768435,0.11805367469787598,0.44342457354068754,0.0929316997528078,0.10763325691223158,0.4429809063673019,0.0953004837036131
1789688126.146423,0.0000,truck,0.1658,517,373,347,347,4.5038,4.0607,2.7749262,-0.02013193,3.5473027,2.1065996,0.07931775,3.4706275,0.7986225128173832,0.5725178182125091,0.6729823112487794,1.0340456247329708,0.4295250400900841,0.918213272094726
1789688126.217338,0.0000,traffic cone,0.8259,178,61,80,44,3.8771,3.8680,1.2137861,0.113579795,3.6804216,1.1959467,0.18270175,3.6739619,0.14560341835021973,0.36412761360406876,0.08739686012268066,0.14003193974494943,0.2923811703920364,0.09136810302734366
1789688126.263433,0.0000,traffic cone,0.7536,212,73,115,60,3.8069,3.8129,-0.98122865,0.18134795,3.6738455,-0.99217165,0.112059414,3.679888,0.15863651037216187,0.390136182308197,0.09180316925048793,0.14690014719963085,0.3627308029681444,0.08275831937789935
1789688126.314049,0.0000,traffic cone,0.7018,250,106,134,76,3.3391,3.3402,0.12029983,0.20506674,3.3305864,0.120178826,0.14212923,3.3350306,0.20523983798921108,0.3873343989253044,0.09324556589126587,0.15231330785900354,0.32080068439245224,0.0776250958442688
1789688126.361276,0.0000,traffic cone,0.4976,398,199,323,186,3.1447,3.1459,-0.432975,0.06312215,3.1141105,-0.4332396,0.0032710508,3.1159494,0.2157981961965561,0.4828920751810074,0.09946866035461444,0.2136271521449089,0.4235318526625633,0.0937233567237854
1789688126.407562,0.0000,traffic cone,0.2766,192,98,135,86,3.3717,3.3724,1.3819783,0.04302881,3.0751176,1.3819783,0.04302881,3.075972,0.12285192012786861,0.4433228075504303,0.0923080801963807,0.10603076219558716,0.44308312237262726,0.09443110227584839
1789688126.453045,0.0000,truck,0.1702,512,369,40,27,4.4976,4.3959,2.7783253,-0.09075276,3.535706,2.9726083,-0.018910512,3.2383718,0.8005635261535642,0.5710931926965713,0.672122287750244,0.13374805450439453,0.16030673906207085,0.15237083435058585
1789688126.508596,0.0000,traffic cone,0.8263,177,61,78,43,3.8745,3.8697,1.213529,0.11265966,3.677852,1.1957694,0.18260494,3.6757996,0.13658130168914795,0.36413058638572693,0.08684325218200684,0.1359287023544311,0.292794194817543,0.09246387481689444
1789688126.550317,0.0000,traffic cone,0.7547,212,75,118,63,3.8109,3.8121,-0.9830884,0.1809429,3.6774476,-0.9901124,0.11244798,3.679598,0.15506983399391172,0.43189797252416606,0.09653172492980966,0.1478451311588288,0.36330260783433915,0.08747394084930438
1789688126.597674,0.0000,traffic cone,0.7051,249,103,135,74,3.3377,3.3370,0.12142263,0.20513415,3.3291564,0.121145085,0.14176197,3.3317928,0.20858718529343595,0.3876527473330498,0.08595087528228751,0.14831182416528457,0.32122655510902404,0.07583400011062613
1789688126.629613,0.0000,traffic cone,0.5002,396,199,319,185,3.1421,3.1459,-0.43313968,0.06308958,3.1114175,-0.4346372,0.003128916,3.1156886,0.21793620586395268,0.482582151889801,0.09982070922851571,0.2131226181983948,0.42346996665000913,0.09078769683837873
1789688126.677489,0.0000,traffic cone,0.2739,189,97,132,85,3.3720,3.3737,1.3827182,0.011721939,3.075449,1.3827182,0.011721939,3.0772896,0.11914067268371564,0.4433579444885254,0.09235944747924796,0.10778498649597168,0.4430216193199158,0.09452495574951181
1789688126.723971,0.0000,truck,0.1781,508,365,40,27,4.5000,4.3997,2.7793422,-0.09080167,3.5379815,2.9778993,-0.019022495,3.2387402,0.7960792064666746,0.5707067847251892,0.6737134933471678,0.1352641820907592,0.1603260189294815,0.15230259895324716
1789688126.769572,0.0000,truck,0.1553,598,56,138,89,3.3467,4.7893,0.121817194,0.13927896,3.3416026,-0.23339413,0.083672166,4.782858,0.1301787430420518,0.2569381222128868,0.06278026103973389,0.3043882369995117,0.35746039152145387,0.3289494514465332
1789688126.840928,0.0000,traffic cone,0.8262,179,61,81,45,3.8746,3.8709,1.2120547,0.113078445,3.6783626,1.1973243,0.182569,3.6765282,0.14080429077148438,0.3644895926117897,0.09087824821472168,0.13772025108337393,0.2923700720071793,0.09657759666442844
1789688126.883312,0.0000,traffic cone,0.7540,213,74,118,61,3.8093,3.8105,-0.9841454,0.18114904,3.6754699,-0.99128425,0.11132389,3.677581,0.1592519789934158,0.43363413475453855,0.09622826576232901,0.1460491418838501,0.36273954063653946,0.08374166488647461
1789688126.934537,0.0000,traffic cone,0.7026,249,105,133,75,3.3349,3.3365,0.120663024,0.20427912,3.3264477,0.12044883,0.14126736,3.331309,0.20579177886247632,0.38783440589904783,0.08866667747497559,0.15103629603981966,0.320690093934536,0.07331805229186994
1789688126.982851,0.0000,traffic cone,0.5052,399,199,318,185,3.1426,3.1437,-0.43247765,0.063005924,3.112099,-0.43329096,0.0032042265,3.1137223,0.21924778223037722,0.48267328441143037,0.09780223369598362,0.21324305534362792,0.4234143078327179,0.09080872535705531
1789688127.030605,0.0000,traffic cone,0.2714,190,97,133,85,3.3705,3.3715,1.382691,0.011568308,3.0737967,1.382691,0.011568308,3.0749269,0.11877636909484868,0.4432735502719879,0.09717969894409162,0.10757136344909668,0.4432357907295227,0.09836215972900408
1789688127.079996,0.0000,truck,0.1809,513,369,342,340,4.5069,4.0445,2.779208,-0.09055462,3.5467803,2.1016173,0.077611834,3.4546773,0.7991847991943359,0.5701964616775512,0.6726715564727783,0.7696129441261292,0.4292270347476006,0.7844924569129943
1789688127.126051,0.0000,truck,0.1535,588,58,135,89,3.3444,4.7937,0.120725915,0.13932317,3.3393211,-0.23234536,0.08358151,4.787314,0.1394285600632429,0.2569921337068081,0.06673829555511457,0.30487181246280665,0.35718037486076354,0.3276710510253906
1789688127.197793,0.0000,traffic cone,0.8241,178,62,79,45,3.8774,3.8699,1.2140579,0.11318517,3.680725,1.196974,0.18273433,3.6756232,0.14397059679031354,0.36403949521481993,0.09563101530075091,0.14081683158874503,0.2926528751850128,0.09910569190979013
1789688127.247175,0.0000,traffic cone,0.7561,213,74,116,61,3.8097,3.8097,-0.9825075,0.18148376,3.6763415,-0.98948604,0.112218514,3.677263,0.1587814718484878,0.38628636710345743,0.09704082012176496,0.14671534299850464,0.3622986450791359,0.08985185623168945
1789688127.293529,0.0000,traffic cone,0.7041,246,104,133,76,3.3366,3.3383,0.1215743,0.20492597,3.3281279,0.1210608,0.1418921,3.3331242,0.2059377802535891,0.3878308653831482,0.09123814105987549,0.16040712874382734,0.32093480974435806,0.07903289794921875
1789688127.327250,0.0000,traffic cone,0.5054,402,199,321,185,3.1435,3.1446,-0.43188068,0.063073084,3.1130745,-0.43283203,0.0032332093,3.114701,0.21664167642593385,0.48253341019153595,0.10020613670349121,0.21290510296821596,0.42340736985206606,0.09210400581359846
1789688127.372829,0.0000,traffic cone,0.2695,189,98,135,86,3.3713,3.3718,1.3813064,0.04306431,3.0750427,1.3813064,0.04306431,3.0756278,0.12034034729003906,0.44332667291164396,0.09405280351638767,0.10696280002593994,0.4430473744869232,0.09574180841445923
1789688127.418776,0.0000,truck,0.1796,517,372,341,341,4.5044,4.0630,2.7771463,-0.090522505,3.5452547,2.1086962,0.07785542,3.4720335,0.800126767158508,0.5713331073522567,0.6710718631744386,0.7645488977432251,0.4295421242713928,0.8281502723693848
1789688127.465545,0.0000,truck,0.1598,587,58,135,90,3.3451,4.7973,0.12117411,0.13932602,3.3399591,-0.24012685,0.084272504,4.790594,0.14072177242487668,0.2581978291273117,0.0666688084602356,0.30526223257184026,0.3597922764718533,0.3257308006286621
1789688127.538007,0.0000,traffic cone,0.8233,179,63,78,44,3.8791,3.8678,1.2148188,0.11435504,3.6822069,1.1953667,0.18276834,3.6739137,0.1551076531410216,0.3640915371477604,0.09187295436859122,0.13961901664733878,0.2921272672712803,0.09719004631042472
1789688127.587166,0.0000,traffic cone,0.7554,210,73,116,61,3.8072,3.8118,-0.98268044,0.1817397,3.673682,-0.99023354,0.11234461,3.67921,0.15628269910812387,0.3886240512132645,0.09219970703124991,0.14681291580200195,0.3624889701604843,0.0811166763305664
1789688127.633042,0.0000,traffic cone,0.7047,248,106,132,77,3.3401,3.3392,0.120909095,0.20471177,3.3316603,0.12139842,0.14158718,3.3339653,0.20514985360205173,0.38762810826301575,0.09321790933609009,0.15977067351341248,0.32114940881729126,0.08197793960571298
1789688127.683550,0.0000,traffic cone,0.5087,399,199,318,185,3.1433,3.1461,-0.43291992,0.06315191,3.1126566,-0.4359852,0.003192842,3.1157553,0.21583128571510313,0.48263903260231017,0.09808678627014134,0.2109547734260559,0.42339374125003815,0.09007954597473145
1789688127.732309,0.0000,traffic cone,0.2704,194,99,136,86,3.3710,3.3725,1.3822348,0.011965722,3.0745997,1.3816234,0.04304456,3.0761824,0.1232420802116394,0.4432835400104523,0.09489407539367711,0.10837721824645996,0.4431289732456207,0.09686005115509033
1789688127.779141,0.0000,truck,0.1810,512,369,38,26,4.5010,4.3991,2.7788565,-0.020186096,3.5407612,2.976233,-0.0175839,3.239422,0.7974034309387203,0.5723965972661972,0.6733995437622071,0.137773334980011,0.1605180874466896,0.14926910400390625
1789688127.825534,0.0000,truck,0.1554,592,59,139,90,3.3469,4.7936,0.12139842,0.13926221,3.3418403,-0.23914391,0.08437534,4.7868996,0.13898681998252863,0.2579603612422943,0.07085242271423375,0.3046165347099304,0.35961489751935005,0.3223484516143804
1789688127.896858,0.0000,traffic cone,0.8230,178,61,78,44,3.8765,3.8655,1.2131827,0.112831876,3.680008,1.1958373,0.18291767,3.6713192,0.14027774333953857,0.3642617389559746,0.09191632270812988,0.13880083560943612,0.2923876561224461,0.09606083631515494
1789688127.932908,0.0000,traffic cone,0.7514,212,72,117,60,3.8082,3.8096,-0.98378193,0.18131214,3.6744843,-0.9905532,0.11199565,3.676876,0.1543361514806748,0.3920754108577966,0.08997107744216892,0.14301599264144893,0.36286368705332284,0.08092536926269522
1789688127.974687,0.0000,traffic cone,0.7019,248,104,134,75,3.3387,3.3372,0.120903134,0.20516488,3.330152,0.12079905,0.14150785,3.3320181,0.20803720820695157,0.38762857019901276,0.09198123216629028,0.15374471172690388,0.321236526966095,0.07810556888580322
1789688128.015279,0.0000,traffic cone,0.5100,402,200,322,186,3.1434,3.1464,-0.4328796,0.0630517,3.1128035,-0.43370545,0.0033087134,3.1163554,0.21738087236881254,0.48289363384246825,0.0964246392250061,0.2125706970691681,0.42352525144815445,0.09118920564651489
1789688128.048388,0.0000,traffic cone,0.2675,190,97,135,85,3.3707,3.3739,1.3826329,0.011614487,3.0740733,1.3826329,0.011614487,3.0776134,0.11823933124542241,0.44333390295505526,0.09348673820495623,0.10650727748870858,0.4430846363306046,0.09595136642456037
1789688128.093744,0.0000,truck,0.1825,514,371,345,345,4.5076,4.0641,2.7807598,-0.090397246,3.5464938,2.1057868,0.08037315,3.4750278,0.7976275682449341,0.5714292824268341,0.6724386215209961,1.1596057653427123,0.4297497302293778,0.9891524314880371
1789688128.139670,0.0000,truck,0.1580,590,57,138,90,3.3442,4.7974,0.12100722,0.13926716,3.3390665,-0.23931357,0.08448894,4.790663,0.1375085972249508,0.2577952712774277,0.07182536125183114,0.30408699512481685,0.3594330500811338,0.3237132310867308
1789688128.215765,0.0000,traffic cone,0.8223,177,61,80,45,3.8753,3.8696,1.2153287,0.11273071,3.6780233,1.1977683,0.18253487,3.6750703,0.1392984390258789,0.3640337660908699,0.08860445022583008,0.1381177425384521,0.2926317036151886,0.09285936355590829
1789688128.260240,0.0000,traffic cone,0.7503,211,72,116,60,3.8082,3.8118,-0.9831567,0.18134688,3.6746736,-0.9923859,0.11200641,3.6786563,0.15585112869739548,0.39243242926895616,0.0888864755630494,0.14510853290557846,0.3629408419132233,0.08445427417755091
1789688128.309333,0.0000,traffic cone,0.7028,246,104,133,75,3.3376,3.3374,0.12147877,0.20528667,3.329085,0.12158719,0.14159188,3.3321934,0.206775914132595,0.3878919430077076,0.09003653526306143,0.15395893603563304,0.32074958831071854,0.07929387092590323
1789688128.354022,0.0000,traffic cone,0.5081,396,198,318,184,3.1436,3.1452,-0.43367517,0.06306014,3.1128728,-0.4341956,0.033038728,3.114922,0.21614257991313934,0.4826771289110184,0.10045092105865461,0.2109494268894196,0.42352151721715925,0.09455413818359393
1789688128.400063,0.0000,traffic cone,0.2586,187,97,132,86,3.3716,3.3723,1.3827475,0.011757329,3.0750074,1.3824232,0.043050207,3.0756135,0.11750085353851314,0.44322620034217836,0.09423818588256827,0.10681694746017456,0.4430415630340576,0.09646451473236084
1789688128.446476,0.0000,truck,0.1897,515,372,40,27,4.5212,4.3980,2.7721944,-0.055204947,3.5711405,2.9739654,-0.019036144,3.2400532,0.7926521420478818,0.5738575503230094,0.6737224578857419,0.13305594921112096,0.16032646894454955,0.14882574081420863
1789688128.492359,0.0000,truck,0.1571,584,57,136,90,3.3465,4.7924,0.12162288,0.139478,3.3413925,-0.23735031,0.0843194,4.78574,0.13860122561454774,0.25800409615039827,0.06894197463989249,0.3043554842472076,0.3596641235053539,0.3315118789672855
1789688128.564900,0.0000,traffic cone,0.8224,179,62,78,44,3.8784,3.8678,1.2137337,0.11358173,3.6818495,1.1965384,0.1825125,3.6735504,0.14445688724517836,0.36454904191195964,0.09138599634170541,0.13931365013122554,0.2921187333762646,0.09308531284332267
1789688128.599135,0.0000,traffic cone,0.7553,214,75,115,62,3.8120,3.8135,-0.9819535,0.18129002,3.6789,-0.99033546,0.113304034,3.6809633,0.16040668487548826,0.38254410848021503,0.09758136272430429,0.1519420266151429,0.3593743648380041,0.08467977046966535
1789688128.643385,0.0000,traffic cone,0.7043,246,104,131,74,3.3375,3.3355,0.12058479,0.20463896,3.3290343,0.120035365,0.1414059,3.3303838,0.20627572108060116,0.38778005763888357,0.08683184385299691,0.14675271846354,0.32114130109548567,0.07246526479721105
1789688128.690914,0.0000,traffic cone,0.5077,399,200,320,186,3.1447,3.1470,-0.43391562,0.06313284,3.1140006,-0.43576,0.0030965433,3.1166945,0.21790644228458406,0.48293853998184205,0.09601231813430777,0.21350626647472382,0.42345914244651794,0.09263986349105835
1789688128.731747,0.0000,traffic cone,0.2623,188,97,132,85,3.3716,3.3733,1.3806546,0.0117281675,3.075932,1.3806546,0.0117281675,3.0777733,0.11889557838439946,0.4433435648679733,0.09683761596679696,0.1073991060256958,0.44316268861293795,0.09754385948181143
1789688128.763979,0.0000,truck,0.1888,516,371,348,348,4.5077,4.1666,2.7785542,-0.019918054,3.549505,2.1064224,0.07985656,3.5940242,0.7917038202285767,0.5734767019748688,0.672886848449707,1.1549490571022034,0.4298365592956543,1.0023338794708248
1789688128.811261,0.0000,truck,0.1533,597,57,137,90,3.3452,4.7978,0.12197904,0.13910748,3.340059,-0.2399384,0.084230304,4.791041,0.13277311846613876,0.25725722312927246,0.06864056587219247,0.3053874298930168,0.3598023414611816,0.3272570133209234
1789688128.880526,0.0000,traffic cone,0.8229,178,61,78,44,3.8776,3.8674,1.2124878,0.11292943,3.681385,1.1952089,0.18243627,3.673565,0.13920247554779053,0.36439409852027893,0.09056758880615234,0.13789211511611943,0.29281817227602003,0.09384899139404324
1789688128.913348,0.0000,traffic cone,0.7526,212,74,117,61,3.8079,3.8123,-0.9825175,0.18155172,3.674491,-0.99086297,0.112679064,3.6795998,0.161479651927948,0.38638966791331764,0.09364213943481436,0.15042579174041748,0.3628530278801918,0.08408498764038086
1789688128.958820,0.0000,traffic cone,0.7039,249,104,135,75,3.3375,3.3392,0.1206813,0.20477088,3.329053,0.120769426,0.14158887,3.3339968,0.20642175320535894,0.38744349256157873,0.08870928287506086,0.14860947169363498,0.3212247803807258,0.07944474220275888
1789688129.006194,0.0000,traffic cone,0.5044,396,198,319,184,3.1432,3.1466,-0.4327625,0.063172266,3.1126144,-0.43405107,0.0032318085,3.116566,0.21679209321737286,0.4827397271990776,0.0944948434829711,0.21051185280084606,0.42346835881471634,0.09115824699401864
1789688129.053099,0.0000,traffic cone,0.2726,192,97,133,85,3.3721,3.3740,1.3812199,0.011646301,3.076171,1.3812199,0.011646301,3.078259,0.12064366340637211,0.4432139337062836,0.09746780395507804,0.10569369792938232,0.442997533082962,0.0997735023498536
1789688129.097618,0.0000,truck,0.1880,508,364,342,341,4.5052,4.0585,2.7901907,-0.05521185,3.5367508,2.1005335,0.07949975,3.4717793,0.800602293014526,0.5714622482657432,0.6720484495162964,1.1531054973602295,0.4292266070842743,0.9869322776794434
1789688129.144370,0.0000,truck,0.1508,605,57,135,89,3.3450,4.7953,0.12087284,0.13913938,3.3399487,-0.2343235,0.08401063,4.788841,0.13142765015363692,0.25671595633029937,0.06631631851196262,0.3054875016212462,0.35806570649147035,0.33158168792724574
1789688129.210180,0.0000,traffic cone,0.8236,178,60,81,44,3.8769,3.8699,1.2125158,0.11340949,3.6806753,1.1979125,0.18272433,3.6752417,0.1420778274536132,0.3645382098853588,0.08906573057174683,0.14061951041221632,0.2926520399749279,0.08980101346969604
1789688129.243295,0.0000,traffic cone,0.7539,213,75,116,62,3.8081,3.8100,-0.98208046,0.18125068,3.6748066,-0.99141425,0.11182986,3.677049,0.16003226041793828,0.4330332651734352,0.09673430919647208,0.1467903494834899,0.3629202723503113,0.08833287954330471
1789688129.289366,0.0000,traffic cone,0.7035,246,103,132,74,3.3386,3.3379,0.12105161,0.20533524,3.3300705,0.121281326,0.1414527,3.3327332,0.20666470751166335,0.3876886427402496,0.08956642150878924,0.14753622040152542,0.3214878812432289,0.07879157066345188
1789688129.335674,0.0000,traffic cone,0.5093,399,200,319,186,3.1435,3.1453,-0.4333417,0.06316648,3.1128047,-0.43457222,0.003135562,3.1151469,0.2180294662714004,0.48271261155605316,0.09471391439437848,0.21346600353717804,0.4236319661140442,0.09218502044677734
1789688129.381766,0.0000,traffic cone,0.2660,192,99,135,87,3.3728,3.3742,1.3821545,0.01180093,3.0765278,1.3821545,0.01180093,3.0780954,0.12046748399734497,0.4433338463306427,0.09174041748046902,0.10904599428176875,0.4431262969970703,0.09518537521362314
1789688129.428325,0.0000,truck,0.1917,510,368,39,26,4.4969,4.3970,2.7783375,-0.090588644,3.534847,2.9722478,-0.017637402,3.240251,0.7977992653846737,0.5722441703081131,0.6729503512382506,0.13236725330352783,0.1602055449038744,0.1489638090133667
1789688129.469287,0.0000,truck,0.1529,604,56,135,89,3.3469,4.7939,0.12130109,0.13913646,3.341813,-0.23539907,0.08392869,4.787367,0.13042577728629112,0.2573596388101578,0.06845003366470337,0.30436112582683555,0.3575376495718956,0.31874351501464826
1789688129.528110,0.0000,traffic cone,0.8234,179,60,81,44,3.8756,3.8653,1.2117988,0.11352602,3.6795669,1.1963427,0.18270633,3.6710057,0.13932791352272034,0.36461189314723014,0.08881040811538687,0.1364945888519289,0.29178297966718675,0.09368501901626614
1789688129.560984,0.0000,traffic cone,0.7540,211,73,116,61,3.8098,3.8123,-0.9858768,0.18098482,3.6755402,-0.99274933,0.11155212,3.679036,0.15552481412887564,0.4319623157382011,0.08948779106140137,0.14707684516906738,0.3627014458179474,0.07869172096252441
1789688129.605809,0.0000,traffic cone,0.7057,247,104,132,75,3.3364,3.3377,0.120401286,0.20495301,3.327959,0.12018247,0.14167878,3.3325174,0.20549575015902513,0.38745940253138544,0.08847653865814209,0.1529497183859348,0.3208890914916992,0.08016972541809109
1789688129.652281,0.0000,traffic cone,0.5089,399,198,319,184,3.1437,3.1457,-0.43375644,0.063087106,3.1129453,-0.43466884,0.033011466,3.1153846,0.21685619354248037,0.48267700970172883,0.098043715953827,0.2108654394745827,0.4233646035194397,0.09254661798477137
1789688129.698558,0.0000,traffic cone,0.2636,188,96,131,85,3.3711,3.3721,1.3826513,0.042995602,3.0742335,1.3829039,0.011627346,3.075454,0.11783364415168762,0.4434160888195038,0.09284764528274536,0.10554437637329106,0.44314408898353574,0.0950219154357912
1789688129.744407,0.0000,truck,0.1942,516,373,40,27,4.5088,4.3978,2.7763453,-0.019922152,3.5525556,2.9736607,-0.018891633,3.239958,0.7999302864074704,0.5750050067901611,0.6717956066131592,0.13414089679718044,0.16027114763855935,0.14812719821929932
1789688129.789970,0.0000,truck,0.1543,611,57,135,90,3.3426,4.7927,0.1206201,0.13921231,3.3374803,-0.23885305,0.0844776,4.786046,0.1363970100879669,0.25690163075923916,0.06447510719299299,0.3031473241746425,0.3592943742871284,0.3242702722549442
1789688129.862246,0.0000,traffic cone,0.8239,179,62,79,45,3.8768,3.8726,1.2132387,0.113089815,3.6803272,1.1982868,0.18253163,3.678019,0.1449116110801696,0.3644629281014204,0.09128330945968655,0.13945336341857906,0.29264349639415743,0.0948038101196289
1789688129.912252,0.0000,traffic cone,0.7500,215,74,118,61,3.8116,3.8136,-0.9829105,0.18151763,3.678213,-0.9918842,0.112583995,3.6806068,0.15807646811008458,0.38723596595227716,0.09062100648879978,0.14836764335632324,0.36291413754224777,0.08290886878967285
1789688129.941753,0.0000,traffic cone,0.7065,250,105,133,74,3.3370,3.3361,0.120291054,0.20534897,3.3285446,0.12000585,0.1413199,3.3309336,0.2069615237414837,0.38781298100948336,0.08484778404235849,0.1463354649022221,0.32100180760025976,0.07048974037170419
1789688129.970325,0.0000,traffic cone,0.5099,396,199,317,185,3.1433,3.1470,-0.4345988,0.06308368,3.1124325,-0.435377,0.0030609518,3.1167457,0.21677584648132325,0.4826203465461731,0.0987769365310669,0.21243132948875426,0.4233707308769226,0.0911279201507571
1789688130.018728,0.0000,traffic cone,0.2633,186,96,129,84,3.3734,3.3739,1.3827742,0.043081567,3.0766666,1.3827742,0.043081567,3.0771687,0.11645680665969849,0.4434696361422539,0.094646155834198,0.1056365966796875,0.44343663305044173,0.09636148214340201
1789688130.068020,0.0000,truck,0.1897,514,370,39,26,4.5261,4.3982,2.7742233,-0.020046927,3.576156,2.9742823,-0.019160539,3.2399855,0.7949785232543944,0.5751065254211426,0.6726045727729799,0.12102389335632324,0.16031986847519875,0.1524965763092041
1789688130.114465,0.0000,truck,0.1532,616,57,138,90,3.3452,4.7978,0.12103942,0.13930091,3.340094,-0.23740932,0.08440581,4.7911997,0.13253197818994517,0.2570083230733871,0.06603665351867649,0.30423175841569894,0.35962161682546134,0.3241482734680172
1789688130.185822,0.0000,traffic cone,0.8263,179,61,80,45,3.8742,3.8645,1.211958,0.11310151,3.6779692,1.1978542,0.1826809,3.6696403,0.14033913612365723,0.3650975003838539,0.09088468551635742,0.13555293083190922,0.29256575703620913,0.09109411239623988
1789688130.232956,0.0000,traffic cone,0.7497,213,75,117,62,3.8097,3.8129,-0.98101074,0.18127173,3.67679,-0.99060386,0.11333558,3.6802409,0.15971222519874573,0.3823895432054996,0.0984246253967287,0.14955230057239532,0.35905499048531053,0.08681490421295157
1789688130.264037,0.0000,traffic cone,0.7055,246,104,132,74,3.3400,3.3402,0.121065564,0.20479028,3.3314855,0.121065564,0.14133267,3.3350604,0.2053145200014114,0.3875798046588898,0.09069612026214591,0.14670384284108873,0.32141101583838466,0.07709896564483643
1789688130.295556,0.0000,traffic cone,0.5084,395,198,315,184,3.1441,3.1453,-0.434014,0.06310933,3.1133633,-0.43588468,0.03309332,3.1147726,0.2171315222978592,0.4827897667884827,0.09583694934844988,0.21059288084506983,0.4233727723360062,0.09061609506607038
1789688130.340130,0.0000,traffic cone,0.2664,190,98,132,86,3.3741,3.3748,1.3824711,0.043050937,3.0775642,1.3824711,0.043050937,3.078366,0.12024046182632442,0.44329623579978944,0.09030350446701085,0.10593387484550476,0.44326456636190414,0.09519428014755249
1789688130.386724,0.0000,truck,0.1902,515,371,364,346,4.5093,3.9803,2.7802656,-0.02007109,3.5502014,2.0923953,0.07035452,3.3852315,0.795214056968689,0.5717059373855591,0.67103111743927,0.7542357742786407,0.42391107231378555,0.7090198397636414
1789688130.458268,0.0000,traffic cone,0.8252,178,61,79,45,3.8757,3.8699,1.2109137,0.112733275,3.679998,1.1986241,0.1826309,3.6750975,0.14194047451019287,0.36440762132406235,0.08957099914550781,0.14072639942169185,0.2926119059324264,0.10142288208007821
1789688130.507361,0.0000,traffic cone,0.7531,213,75,118,62,3.8127,3.8148,-0.9812209,0.18128997,3.6797938,-0.9911466,0.11193545,3.682048,0.15789160132408142,0.43327245041728024,0.0956947326660158,0.1478858798742294,0.3628586236387491,0.08669922351837167
1789688130.556135,0.0000,traffic cone,0.7081,249,104,134,74,3.3387,3.3405,0.12101685,0.2050306,3.3302152,0.12101685,0.14152475,3.3353128,0.20541301332414144,0.3877050057053566,0.09154305458068812,0.14833760373294347,0.3211339421570301,0.07600717544555646
1789688130.605534,0.0000,traffic cone,0.5084,393,198,315,184,3.1427,3.1451,-0.43433827,0.063117646,3.1119277,-0.4361061,0.032943778,3.1145442,0.2179213643074035,0.48296250551939013,0.09633026123046884,0.21237440407276154,0.42337753623723984,0.09066541194915745
1789688130.652379,0.0000,traffic cone,0.2603,190,97,133,85,3.3720,3.3721,1.3822768,0.07436767,3.0747547,1.3822768,0.07436767,3.0748816,0.12041504383087176,0.44350653886795044,0.0909330368041994,0.10310871601104754,0.44302905797958375,0.09448556900024396
1789688130.698640,0.0000,truck,0.1803,519,374,39,26,4.4976,4.3969,2.7739778,-0.090568826,3.5390472,2.9737873,-0.019174136,3.2386065,0.7827106356620792,0.5740000516176224,0.672796368598938,0.11703652143478394,0.16045591048896313,0.1512967348098755
1789688130.771177,0.0000,traffic cone,0.8216,179,61,80,44,3.8774,3.8663,1.2116187,0.1133261,3.6814928,1.195827,0.1827366,3.6721392,0.14231204986572266,0.36462166905403137,0.09224987030029297,0.139982306957245,0.2922040641307831,0.09682137966156024
1789688130.820573,0.0000,traffic cone,0.7563,213,72,117,60,3.8071,3.8114,-0.984143,0.18132317,3.6732411,-0.9917162,0.1120626,3.6784263,0.15537054538726813,0.39262957237660884,0.09220553636550921,0.1452318489551544,0.3633119493722916,0.08092792034149143
1789688130.870243,0.0000,traffic cone,0.7094,249,106,134,75,3.3381,3.3394,0.12064476,0.20564333,3.329616,0.12052519,0.14153162,3.3342347,0.20784232951700687,0.38774194568395615,0.0895758867263794,0.1523805197328329,0.3208623096346855,0.07349083423614511
1789688130.917509,0.0000,traffic cone,0.5129,396,200,317,186,3.1448,3.1456,-0.43288603,0.063098855,3.1142528,-0.43405187,0.0031452477,3.1155496,0.21776487678289408,0.4828306630253792,0.09625681638717642,0.21393444389104843,0.42351028323173523,0.09141862392425537
1789688130.960814,0.0000,traffic cone,0.2599,189,97,132,85,3.3724,3.3738,1.382513,0.011646941,3.0759697,1.382513,0.011646941,3.0775385,0.11797683238983137,0.4432937741279602,0.09827122688293466,0.10707616806030273,0.4431422233581543,0.09910693168640128
1789688130.992548,0.0000,truck,0.1794,517,371,40,27,4.5039,4.3996,2.7868505,-0.020105153,3.5381444,2.9763029,-0.018902749,3.2399979,0.7931816577911377,0.5708392113447189,0.6730016469955444,0.13052082061767578,0.16047153547406195,0.1483672857284546
1789688131.063749,0.0000,traffic cone,0.8237,177,62,80,45,3.8763,3.8682,1.21332,0.11346541,3.6797435,1.197147,0.18246192,3.673811,0.145206481218338,0.36413970217108727,0.09075554609298697,0.13942837715148926,0.2922602742910385,0.09225611686706525
1789688131.096606,0.0000,traffic cone,0.7590,213,73,117,61,3.8089,3.8131,-0.98276085,0.18156445,3.675447,-0.9902765,0.111974835,3.6805363,0.15578160285949716,0.3887521505355835,0.0911127090454098,0.14462649822235107,0.3627186790108681,0.08275198936462402
1789688131.141259,0.0000,traffic cone,0.7085,252,106,136,75,3.3411,3.3402,0.12044102,0.20569524,3.3325772,0.12035939,0.1416921,3.335034,0.2097880346700549,0.3881853148341179,0.08681529760360718,0.15318820439279077,0.3211925208568573,0.07337327003479022
1789688131.187399,0.0000,traffic cone,0.5113,395,196,317,183,3.1433,3.1463,-0.4336403,0.063069545,3.1125555,-0.43380696,0.06295958,3.1156476,0.21556799113750458,0.48261808604002,0.10016995668411255,0.21221579313278194,0.4235151320695877,0.09389629364013663
1789688131.232930,0.0000,traffic cone,0.2637,192,98,134,86,3.3731,3.3735,1.3834085,0.011548743,3.0763478,1.3834085,0.011548743,3.0767212,0.11801018714904776,0.4434393584728241,0.09457844495773315,0.10684332251548767,0.4430127814412117,0.09552043676376343
1789688131.278641,0.0000,truck,0.1725,512,368,38,26,4.5065,4.4005,2.788776,-0.09068732,3.5388522,2.977124,-0.017481178,3.240524,0.801182281970978,0.5690502867102623,0.6726986408233642,0.13669288158416748,0.16043861396610737,0.15238744020462036
1789688131.350882,0.0000,traffic cone,0.8241,177,60,80,43,3.8758,3.8670,1.2116911,0.112665564,3.6798089,1.1961566,0.18254009,3.6727657,0.1346407651901247,0.36411251351237295,0.09130206108093253,0.1284465074539185,0.29159358739852903,0.09557647705078098
1789688131.401375,0.0000,traffic cone,0.7600,214,75,118,62,3.8111,3.8131,-0.98299,0.18137214,3.677682,-0.99097675,0.11204536,3.6803746,0.16126497983932508,0.4331555925309658,0.09828317165374756,0.1468699544668196,0.36300055496394634,0.09098857641220093
1789688131.451443,0.0000,traffic cone,0.7059,248,102,139,74,3.3381,3.3380,0.121652015,0.20494528,3.329575,0.12241997,0.14175141,3.332762,0.20714358650147904,0.387893683463335,0.09000678062438938,0.14908357076346868,0.32126088067889214,0.0789292812347413
1789688131.499030,0.0000,traffic cone,0.5135,401,197,318,183,3.1426,3.1463,-0.4329958,0.06313343,3.1119647,-0.43548304,0.06274377,3.1153562,0.21688295602798463,0.48246031403541567,0.09807229042053223,0.21201086640357975,0.42337019443511964,0.09206733703613246
1789688131.545358,0.0000,traffic cone,0.2582,188,99,131,86,3.3737,3.3743,1.3823136,0.01163739,3.077461,1.3820903,0.011592515,3.0782857,0.11814063787460327,0.44336440563201907,0.09456861019134521,0.10721838474273682,0.4429638460278511,0.09512907266616821
1789688131.591279,0.0000,truck,0.1709,513,370,38,26,4.5034,4.3989,2.779558,-0.09071618,3.5421376,2.975545,-0.01759763,3.2397223,0.7994572997093203,0.5699727669358253,0.671881115436554,0.1366349458694458,0.16034785844385624,0.14872443675994873
1789688131.661686,0.0000,traffic cone,0.8250,179,60,80,44,3.8751,3.8639,1.2128645,0.11351368,3.6786273,1.1959031,0.18274984,3.6695745,0.13962728977203365,0.3645759712904692,0.08969740867614728,0.13855565190315255,0.29233685955405236,0.09043822288513192
1789688131.692361,0.0000,traffic cone,0.7577,211,72,115,61,3.8103,3.8121,-0.9816738,0.18131554,3.6772056,-0.9909482,0.11269885,3.6793551,0.15696927905082703,0.3924670539796352,0.08912405967712411,0.14878946542739868,0.3630603402853012,0.08513379096984863
1789688131.726366,0.0000,traffic cone,0.7065,247,105,134,75,3.3393,3.3384,0.12078522,0.20538414,3.3307714,0.12066222,0.14153159,3.3331897,0.20587973743677135,0.3875243127346039,0.09187130928039533,0.15351701043546195,0.321226754784584,0.08123919963836634
1789688131.771439,0.0000,traffic cone,0.5099,396,199,317,185,3.1434,3.1460,-0.43360665,0.06316373,3.1127336,-0.43400773,0.0032161772,3.1159666,0.21708126962184904,0.4831134885549545,0.09628982543945286,0.2126115024089813,0.42362021207809447,0.09111404418945312
1789688131.816908,0.0000,traffic cone,0.2553,187,98,127,87,3.3735,3.3747,1.3823525,0.04305104,3.0769756,1.3825159,0.011579469,3.0784805,0.11741302013397226,0.44335739463567736,0.09336255788803127,0.10877045392990103,0.4432820826768875,0.09593179225921622
1789688131.862998,0.0000,truck,0.1762,521,376,40,27,4.4976,4.3982,2.7773242,-0.019861415,3.5375774,2.974206,-0.018906638,3.2400603,0.7970496416091919,0.5755181908607483,0.6727480292320251,0.13274602890014675,0.1602792151272297,0.14608347415924072
1789688131.935122,0.0000,traffic cone,0.8249,178,62,80,45,3.8758,3.8715,1.2131616,0.11346023,3.6792462,1.1986601,0.18284327,3.6766777,0.14779020547866817,0.3649794295430183,0.09104524850845319,0.1377994298934937,0.29267384111881256,0.09355592727661133
1789688131.980205,0.0000,traffic cone,0.7578,210,74,115,61,3.8119,3.8137,-0.98245126,0.18122283,3.6787052,-0.9911473,0.11285499,3.6809392,0.1579724460840224,0.3864862490445375,0.09226363897323608,0.15020781755447388,0.36311859637498856,0.0848550796508789
1789688132.014535,0.0000,traffic cone,0.7084,248,105,134,74,3.3387,3.3372,0.12078895,0.20509893,3.330162,0.12065594,0.14126568,3.3320546,0.20715575814247134,0.3880951374769211,0.08933610916137713,0.1468882849439978,0.32132560983300207,0.07538096904754621
1789688132.059413,0.0000,traffic cone,0.5059,396,199,315,185,3.1435,3.1459,-0.4335123,0.0632222,3.112824,-0.43447056,0.00339517,3.1157048,0.21855179369449618,0.4826275110244751,0.09737119674682626,0.21336312294006343,0.4234193503856659,0.09222917556762678
1789688132.105165,0.0000,traffic cone,0.2623,187,97,125,85,3.3713,3.3715,1.381121,0.011835441,3.075374,1.381121,0.011835441,3.0756533,0.11897916793823238,0.4434613049030304,0.09201040267944327,0.10589122772216797,0.4432529449462891,0.09286770820617685
1789688132.150875,0.0000,truck,0.1734,518,373,40,27,4.5068,4.3957,2.7779937,-0.020070538,3.5487466,2.9740546,-0.019215137,3.236738,0.7973109245300294,0.5718434274196624,0.6718434333801269,0.13116726875305185,0.16020590364933013,0.14955055713653564
1789688132.197180,0.0000,truck,0.1517,596,57,135,89,3.3445,4.7923,0.12109341,0.13915631,3.3394556,-0.23268867,0.083928585,4.7859387,0.1324995636940002,0.2570696771144867,0.06651430130004865,0.305138586461544,0.35788570195436475,0.32503471374511683
1789688132.269633,0.0000,traffic cone,0.8225,178,61,79,44,3.8774,3.8714,1.213964,0.11288965,3.6806965,1.1963576,0.18278144,3.6773756,0.14081549644470215,0.3641800060868263,0.09150457382202148,0.13953062295913687,0.29307999908924104,0.09456346035003671
1789688132.309598,0.0000,traffic cone,0.7571,214,72,118,61,3.8096,3.8135,-0.98414576,0.18114275,3.6758692,-0.9914387,0.111510515,3.680653,0.15726048648357394,0.432024946808815,0.09108047485351589,0.14609253406524658,0.3624521568417549,0.08588361740112305
1789688132.358453,0.0000,traffic cone,0.7062,249,104,137,75,3.3375,3.3382,0.12091833,0.20540944,3.32894,0.12106782,0.14146593,3.3330517,0.20716592911630863,0.3874448530375958,0.09430329799652082,0.15376868732273574,0.3210093587636948,0.08248977661132795
1789688132.399638,0.0000,traffic cone,0.5085,399,198,318,185,3.1450,3.1470,-0.43416488,0.06316185,3.114263,-0.43470123,0.0031943917,3.1168766,0.2159506022930145,0.4830438569188118,0.09764063358306885,0.21109204888343813,0.42364240884780885,0.09022083282470694
1789688132.438478,0.0000,traffic cone,0.2506,190,97,131,85,3.3706,3.3737,1.382964,0.01170671,3.0737858,1.382964,0.01170671,3.0772443,0.11893503665924077,0.44353224635124205,0.09660148620605469,0.10667200088500972,0.44336087703704835,0.0991363525390625
1789688132.470932,0.0000,truck,0.1745,515,372,38,26,4.5099,4.3983,2.7771688,-0.020037942,3.5532966,2.9735394,-0.017593406,3.2407699,0.7996362209320069,0.5741994187235833,0.6722008466720579,0.13516521453857422,0.16050085611641407,0.14961540699005127
1789688132.545666,0.0000,traffic cone,0.8218,178,61,77,43,3.8761,3.8665,1.214132,0.11332822,3.679265,1.1951946,0.18263286,3.6726441,0.13916563987731934,0.3647477254271507,0.08705973625183105,0.13760465383529663,0.2921412318944931,0.08878042697906485
1789688132.597253,0.0000,traffic cone,0.7556,211,74,115,62,3.8113,3.8140,-0.9829832,0.18102774,3.67789,-0.9906233,0.11333822,3.6813793,0.1564835846424103,0.3851085670292377,0.09383634328842128,0.15070935785770412,0.3595881648361683,0.08707650899887076
1789688132.647376,0.0000,traffic cone,0.7053,249,105,136,75,3.3388,3.3372,0.12084596,0.20522419,3.3303354,0.12084596,0.14187366,3.3319478,0.2080921232700348,0.3878746807575226,0.09139733314514142,0.1541283469647169,0.32099965065717695,0.07695274353027326
1789688132.697839,0.0000,traffic cone,0.5139,395,199,318,185,3.1443,3.1455,-0.43322262,0.0631793,3.1136343,-0.43372008,0.0034381598,3.1154878,0.21655359566211702,0.4827828884124756,0.09700758457183811,0.2116400480270385,0.42351067066192627,0.09393463134765634
1789688132.743625,0.0000,traffic cone,0.2524,194,98,135,85,3.3733,3.3731,1.3832228,0.011581771,3.0765965,1.3828459,0.011586875,3.0765455,0.11996395587921138,0.44321217089891435,0.09306161403655988,0.10705668926239031,0.44317773580551145,0.09416470527648935
1789688132.790334,0.0000,truck,0.1797,518,374,40,27,4.5448,4.3969,2.7763443,-0.01982472,3.5982046,2.9756615,-0.01885362,3.236917,0.7939487099647522,0.5748805731534958,0.6721296668052674,0.132677936553955,0.1604712575674057,0.15129609107971165
1789688132.863306,0.0000,traffic cone,0.8225,179,61,80,45,3.8757,3.8696,1.2124529,0.11300023,3.6794198,1.1978265,0.18283592,3.674947,0.13955092430114746,0.3646456003189087,0.0925595760345459,0.13776912689208975,0.29234718084335326,0.09549040794372532
1789688132.898106,0.0000,traffic cone,0.7539,211,72,117,60,3.8077,3.8133,-0.9835526,0.18103419,3.6739695,-0.9922779,0.11209081,3.6801944,0.15550868809223173,0.3924824520945549,0.0884197711944581,0.14580681025981912,0.3626516819000244,0.07962116003036535
1789688132.941046,0.0000,traffic cone,0.7069,249,104,137,75,3.3370,3.3377,0.12085043,0.2053318,3.3284779,0.12084745,0.14121924,3.3324878,0.20826513357460494,0.3874413751065731,0.09024804830551147,0.1543993681669235,0.3214066118001938,0.07805979251861572
1789688132.987135,0.0000,traffic cone,0.5147,394,199,315,185,3.1435,3.1459,-0.4342456,0.063070536,3.1127179,-0.43427265,0.0032866895,3.115808,0.21540059447288518,0.48285292088985443,0.09803702831268302,0.21206758022308353,0.4234630584716797,0.0908185958862302
1789688133.032974,0.0000,traffic cone,0.2518,193,98,135,86,3.3733,3.3736,1.3826368,0.043103464,3.0766492,1.3826368,0.043103464,3.0769522,0.12071493268012978,0.44342617988586425,0.09127287864685041,0.10702338814735413,0.44318078458309174,0.09428668022155762
1789688133.079463,0.0000,truck,0.1823,521,379,40,27,4.5051,4.3967,2.7797854,-0.019935295,3.5451922,2.974283,-0.019158468,3.2378752,0.7957141160964967,0.5741425931453705,0.6729257583618162,0.1359043598175047,0.16040668711066247,0.14799535274505615
1789688133.149399,0.0000,traffic cone,0.8221,178,61,80,44,3.8760,3.8716,1.2144951,0.113480315,3.6790898,1.1985312,0.1826974,3.676837,0.1459728479385376,0.36428169906139374,0.08543562889099121,0.14125575423240666,0.29224986359477045,0.09218548536300641
1789688133.179935,0.0000,traffic cone,0.7552,213,74,117,63,3.8107,3.8121,-0.98206383,0.18107107,3.677549,-0.9905405,0.113040194,3.6794722,0.15782528221607217,0.4320829521864653,0.09841082096099862,0.15182439088821398,0.36291266903281216,0.09324100017547599
1789688133.234825,0.0000,traffic cone,0.7063,248,106,134,75,3.3387,3.3397,0.12067399,0.20561686,3.3301513,0.12028393,0.14143367,3.3345163,0.20878884475678205,0.38740720227360725,0.09484165906906128,0.15374086834490297,0.32116838991642,0.08041644096374512
1789688133.285231,0.0000,traffic cone,0.5151,400,199,320,185,3.1451,3.1469,-0.43203765,0.06304705,3.1146336,-0.43434656,0.0030834228,3.1167994,0.216454729437828,0.4827580451965332,0.10180108547210676,0.21139734983444214,0.42355498373508454,0.09185471534728995
1789688133.334002,0.0000,traffic cone,0.2465,189,98,133,87,3.3739,3.3751,1.382895,0.011633605,3.077488,1.383072,0.011586264,3.07872,0.11760131716728206,0.44332907125353815,0.09682738780975342,0.10862658023834237,0.4430673822760582,0.09876418113708496
1789688133.379813,0.0000,truck,0.1754,519,376,38,26,4.4991,4.3985,2.777074,-0.05527633,3.5393205,2.97376,-0.01763063,3.2408776,0.7945234179496765,0.5737612545490265,0.6721370220184326,0.13233494758605957,0.1603981163352728,0.15028631687164307
1789688133.439907,0.0000,traffic cone,0.8201,178,61,78,45,3.8767,3.8726,1.2134092,0.11286363,3.6801715,1.1986539,0.18229851,3.67795,0.13975238800048828,0.36484431475400925,0.09035491943359375,0.1380962371826171,0.2926713079214096,0.09409980773925763
1789688133.485815,0.0000,traffic cone,0.7519,213,73,117,61,3.8104,3.8129,-0.98362446,0.18136227,3.6767645,-0.99108016,0.112656444,3.6801653,0.1551453590393066,0.3888588160276413,0.09568328857421893,0.14858251810073853,0.362833134829998,0.09018516540527344
1789688133.535620,0.0000,traffic cone,0.6983,247,104,134,74,3.3379,3.3378,0.12047846,0.20472148,3.3294458,0.120345704,0.14151026,3.3326347,0.20607852321118109,0.3876794405281544,0.08886128664016724,0.14602642152458423,0.3210804149508476,0.07387768030166653
1789688133.585817,0.0000,traffic cone,0.5144,401,200,320,186,3.1448,3.1468,-0.43284184,0.06314789,3.1141908,-0.43516794,0.0031194165,3.1165977,0.2183627486228943,0.48282883763313295,0.09922857284545872,0.21311009675264359,0.42365142703056335,0.09021544456481934
1789688133.644644,0.0000,traffic cone,0.2452,188,97,130,85,3.3725,3.3730,1.3823792,0.011645481,3.0760934,1.3823792,0.011645481,3.0766783,0.1213732242584229,0.44351022243499755,0.0931980133056638,0.10771255493164045,0.44346476197242735,0.0944388389587405
1789688133.696732,0.0000,truck,0.2066,515,370,40,27,4.5060,4.3998,2.7867084,-0.019651063,3.540934,2.976568,-0.019064873,3.240061,0.7927075505256651,0.5750488728284836,0.6717714667320251,0.13319718837738037,0.16058605462312697,0.14944987297058088
1789688133.771932,0.0000,traffic cone,0.8202,178,61,79,44,3.8785,3.8685,1.2151632,0.1132462,3.6814487,1.1968923,0.18272461,3.674134,0.13957583904266357,0.36419984698295593,0.0831301212310791,0.138862895965576,0.29219216778874396,0.09081928730010969
1789688133.817343,0.0000,traffic cone,0.7539,213,72,115,60,3.8074,3.8133,-0.9820515,0.1818346,3.674048,-0.99091315,0.14656526,3.6793883,0.15758419930934908,0.39202924221754076,0.09291909933090192,0.14864978492259984,0.3627420037984848,0.08145837783813503
1789688133.853675,0.0000,traffic cone,0.6957,249,104,136,75,3.3390,3.3375,0.12115363,0.20505202,3.330493,0.1213374,0.1414614,3.3322728,0.2071726439520716,0.3878845028579235,0.08992919921875009,0.1543747145682573,0.32148560136556625,0.07809283733367911
1789688133.893471,0.0000,traffic cone,0.5133,401,199,320,185,3.1441,3.1456,-0.4330035,0.06312469,3.1135225,-0.43334377,0.0031879544,3.1155798,0.2173335522413254,0.4828574150800705,0.09908580780029297,0.21191585659980777,0.4235013246536255,0.09390130043029776
1789688133.926024,0.0000,traffic cone,0.2331,189,98,134,86,3.3710,3.3712,1.3812354,0.0429995,3.0747824,1.3812354,0.0429995,3.0749888,0.1205003976821899,0.4434711366891861,0.09120264053344718,0.1082620918750763,0.4431644231081009,0.09409856796264648
1789688133.971321,0.0000,truck,0.1507,515,372,40,27,4.5092,4.3985,2.7823224,-0.09044355,3.547359,2.976522,-0.019082934,3.2383034,0.797486472129822,0.5712663933634758,0.6712687492370604,0.13300757408142072,0.1604517236351967,0.14736456871032733
1789688134.024884,0.0000,traffic cone,0.8201,177,61,79,45,3.8767,3.8715,1.212533,0.11298202,3.6805007,1.1986576,0.18280737,3.6767433,0.13851284980773926,0.3643024116754532,0.09235835075378418,0.13607213497161874,0.29262135028839115,0.09474329948425275
1789688134.055167,0.0000,traffic cone,0.7598,212,75,117,62,3.8089,3.8111,-0.981276,0.18132733,3.6758769,-0.99105835,0.111990765,3.6783135,0.1591077983379363,0.4335211217403412,0.09769937992095956,0.1486220389604569,0.36332349032163624,0.0895994544029235
1789688134.105742,0.0000,traffic cone,0.6914,249,103,136,74,3.3370,3.3389,0.120518304,0.20526572,3.3285387,0.12055986,0.1413929,3.3337088,0.2053148999810218,0.38777509331703186,0.08811869621276847,0.14701161514967676,0.3212784893810749,0.07251688241958609
1789688134.156224,0.0000,traffic cone,0.5062,393,199,311,185,3.1432,3.1478,-0.43209395,0.063197345,3.1127033,-0.43528345,0.003083378,3.1175857,0.2179413259029388,0.48311576545238494,0.10017900466918928,0.21240090131759648,0.42356743216514586,0.09296779632568342
1789688134.207777,0.0000,traffic cone,0.2363,186,97,129,85,3.3727,3.3730,1.382984,0.011595681,3.0761049,1.382984,0.011595681,3.0764518,0.11945545673370361,0.44350663423538206,0.09370708465576172,0.10707874298095721,0.44335023164749143,0.09574413299560547
1789688134.254358,0.0000,truck,0.1534,519,374,40,27,4.5000,4.3970,2.7797422,-0.09065492,3.5376182,2.9726639,-0.019075677,3.2398484,0.7992519736289978,0.5714795157313346,0.6738492727279661,0.1309517383575436,0.1603391282260418,0.14893286228179958
1789688134.327245,0.0000,traffic cone,0.8199,178,61,79,45,3.8783,3.8708,1.2154162,0.11295301,3.681212,1.1970809,0.18265128,3.6765132,0.14157605171203613,0.3644186779856682,0.08803892135620117,0.13988947868347168,0.2928823232650757,0.09198293685913095
1789688134.377669,0.0000,traffic cone,0.7601,213,73,117,60,3.8093,3.8142,-0.9824844,0.18111601,3.6759596,-0.99130744,0.112043545,3.6814284,0.15760685205459601,0.3904473066329956,0.09185857772827122,0.14448318183422093,0.3628080107271672,0.07875669002532959
1789688134.426942,0.0000,traffic cone,0.6889,251,105,137,75,3.3381,3.3400,0.12112387,0.20552763,3.3296065,0.12112387,0.14168125,3.3348432,0.20640091225504875,0.38773142397403715,0.089060401916504,0.151752121374011,0.3206349790096283,0.07648878097534162
1789688134.477983,0.0000,traffic cone,0.5075,394,199,315,185,3.1448,3.1458,-0.43253833,0.063133076,3.114244,-0.43359149,0.0032309443,3.1158,0.21813798248767846,0.48286221027374265,0.09454684257507351,0.21275201439857483,0.42353892922401426,0.09095048904418945
1789688134.542236,0.0000,traffic cone,0.2358,190,98,132,85,3.3739,3.3739,1.382875,0.011646591,3.0774887,1.3826032,0.011692464,3.07761,0.11900625228881845,0.44349057227373123,0.09309182167053232,0.10733098983764666,0.443415156006813,0.09608526229858372
1789688134.592541,0.0000,truck,0.1513,520,375,40,27,4.5096,4.3974,2.7792227,-0.020105988,3.5512986,2.9722815,-0.018935323,3.2407613,0.7989466905593874,0.5712498903274537,0.6716166973114017,0.12885963916778564,0.1604412503540516,0.1506798267364502
1789688134.647117,0.0000,traffic cone,0.8194,177,61,78,43,3.8758,3.8687,1.2135454,0.11314458,3.6792035,1.196627,0.18286851,3.6744018,0.13941311836242676,0.3647115081548691,0.08782267570495605,0.1382718443870543,0.29234511256217954,0.09201142787933358
1789688134.680918,0.0000,traffic cone,0.7635,213,73,117,61,3.8120,3.8132,-0.98235196,0.18132079,3.6787362,-0.9911799,0.11228648,3.6804142,0.15523749589920044,0.3884914696216583,0.09054508209228507,0.14641523361206055,0.3630778640508652,0.08263278007507324
1789688134.718675,0.0000,traffic cone,0.6950,249,105,136,75,3.3398,3.3401,0.121570185,0.20570314,3.3312843,0.121570185,0.14193618,3.3348846,0.21052346676588057,0.3874000936746597,0.09204940795898464,0.15400824174284933,0.32124577611684796,0.0832897424697876
1789688134.761338,0.0000,traffic cone,0.5080,401,200,320,186,3.1453,3.1472,-0.43276924,0.06324978,3.114699,-0.43498746,0.0031510815,3.1169746,0.2167541801929474,0.48271910548210145,0.09754351377487191,0.2120998129248619,0.42356377094984055,0.09290701150894165
1789688134.806506,0.0000,traffic cone,0.2443,190,99,132,86,3.3716,3.3737,1.3826548,0.011640355,3.075066,1.382,0.0116091445,3.0775845,0.11985204219818102,0.4434946686029434,0.09402511119842538,0.10670256614685059,0.4431907683610916,0.095339834690094
1789688134.852126,0.0000,truck,0.1509,517,373,38,26,4.5047,4.3997,2.7837155,-0.090536,3.5404646,2.9767132,-0.01744619,3.2398279,0.8024191856384277,0.5697449028491974,0.671692657470703,0.1367318034172058,0.1604926846921444,0.14884847402572632
1789688134.924313,0.0000,traffic cone,0.8183,178,60,81,44,3.8782,3.8652,1.2146668,0.11352615,3.68128,1.1959213,0.18274136,3.670978,0.14120299220085153,0.3643587835133076,0.08673272132873544,0.1401048541069032,0.29256922230124477,0.09083504676818865
1789688134.961707,0.0000,traffic cone,0.7602,213,73,117,61,3.8108,3.8134,-0.9845039,0.18124676,3.6769485,-0.99065095,0.11262947,3.6807933,0.15751043558120725,0.38879804611206054,0.09330558776855469,0.14787817001342773,0.36317823827266693,0.0877528190612793
1789688135.016808,0.0000,traffic cone,0.6933,249,106,133,75,3.3405,3.3421,0.12061365,0.20565106,3.332014,0.120565996,0.1417242,3.3369112,0.20749941281974316,0.38790056854486465,0.09058046340942383,0.15260047353804107,0.3209693863987923,0.07520394325256374
1789688135.077624,0.0000,traffic cone,0.5107,396,199,315,185,3.1435,3.1466,-0.43453017,0.06318779,3.1126914,-0.43489948,0.0032156557,3.116384,0.21793674826622011,0.48294851183891296,0.0973545551300048,0.2125378251075744,0.4235949695110321,0.09215726852416983
1789688135.125997,0.0000,traffic cone,0.2427,190,98,132,86,3.3738,3.3744,1.3831025,0.011572555,3.0772114,1.3831025,0.011572555,3.0778751,0.12218328714370719,0.4433142691850662,0.09404680728912362,0.10763919353485107,0.4430983439087868,0.09630787372589111
1789688135.197193,0.0000,traffic cone,0.8184,177,60,79,43,3.8769,3.8680,1.2144494,0.113538906,3.680046,1.1957246,0.18258923,3.6739774,0.14110707044601445,0.36431388109922413,0.08634717464447039,0.14117002487182617,0.29247653633356097,0.09462890625000009
1789688135.250172,0.0000,traffic cone,0.7622,210,74,116,62,3.8093,3.8142,-0.98267287,0.18110092,3.6759374,-0.9906955,0.11347172,3.681526,0.15556267201900476,0.3852199740707874,0.09673775434493992,0.15050884783267982,0.35921122506260866,0.08857790231704676
1789688135.298041,0.0000,traffic cone,0.6842,248,105,135,75,3.3382,3.3397,0.12082708,0.20551816,3.3297064,0.12082708,0.1418117,3.3345044,0.20782807990908622,0.38763432800769804,0.08656969070434606,0.154004206135869,0.3210134759545326,0.07708251476287842
1789688135.348722,0.0000,traffic cone,0.5037,398,199,316,185,3.1434,3.1470,-0.43286675,0.06319499,3.1128194,-0.43370146,0.0032845885,3.1170087,0.21713798642158505,0.4829604834318161,0.09626173973083496,0.2132153391838073,0.42352556586265566,0.09103693962097159
1789688135.396099,0.0000,traffic cone,0.2356,191,97,135,86,3.3741,3.3750,1.3831131,0.01178062,3.0775518,1.3841398,0.011734791,3.0780458,0.1163614749908446,0.44360863566398623,0.09556670188903826,0.10907381772994995,0.4435196742415428,0.09665757417678833
1789688135.430592,0.0000,truck,0.1521,512,367,40,27,4.4991,4.3970,2.78832,-0.090549745,3.5296834,2.9739392,-0.018905357,3.238731,0.8006659746170044,0.569774967432022,0.6717494487762452,0.13156676292419434,0.16045054122805597,0.1526192903518675
1789688135.499883,0.0000,traffic cone,0.8150,178,61,82,45,3.8778,3.8675,1.2144446,0.1132848,3.680985,1.1979879,0.18256927,3.6726975,0.1414259672164917,0.36428694427013397,0.08639192581176758,0.14073357582092272,0.2927399128675461,0.08826284408569318
1789688135.549772,0.0000,traffic cone,0.7626,212,73,117,61,3.8092,3.8132,-0.9846597,0.1814476,3.675219,-0.9919951,0.1126574,3.6801429,0.15658421516418453,0.38886275589466096,0.09174437522888201,0.1500999927520752,0.36327125132083893,0.08488988876342773
1789688135.600043,0.0000,traffic cone,0.6778,248,104,135,74,3.3384,3.3387,0.12156658,0.20489234,3.3299208,0.12156658,0.14154765,3.3335137,0.2074085615575313,0.387731846421957,0.08841762542724618,0.14778725653886787,0.3211318515241146,0.07201882600784293
1789688135.649702,0.0000,traffic cone,0.5062,395,199,312,185,3.1448,3.1473,-0.43514308,0.063191235,3.1139107,-0.43668786,0.0033176243,3.1168668,0.21549254357814784,0.48291989266872404,0.09604392051696786,0.21188980937004082,0.423628431558609,0.09146947860717791
1789688135.696607,0.0000,traffic cone,0.2244,190,98,128,86,3.3744,3.3757,1.3835225,0.01176811,3.077722,1.3835225,0.01176811,3.0791736,0.1179181814193726,0.44341373443603516,0.09336359500885028,0.10716035962104797,0.44324785470962524,0.09607899188995361
1789688135.742693,0.0000,truck,0.1522,509,365,38,26,4.5069,4.3970,2.7872512,-0.09035011,3.5404506,2.9744391,-0.019170389,3.2381763,0.7978695392608643,0.5722133994102478,0.6717911243438723,0.12542372941970825,0.16038893721997738,0.15030616521835327
1789688135.797174,0.0000,traffic cone,0.8188,178,61,79,43,3.8780,3.8665,1.2140838,0.1129996,3.681363,1.195881,0.18257637,3.672429,0.14062154293060303,0.3644563555717468,0.08997988700866699,0.1406212091445922,0.2926076352596283,0.09082252979278538
1789688135.839174,0.0000,traffic cone,0.7639,219,73,117,61,3.8109,3.8128,-0.98191184,0.18120022,3.6778073,-0.99155265,0.11217041,3.6799474,0.15618808269500728,0.38893286883831024,0.08861808776855495,0.1472364068031311,0.3625398129224777,0.08015131950378418
1789688135.886017,0.0000,traffic cone,0.6767,248,105,135,75,3.3411,3.3408,0.121406086,0.20545782,3.3325608,0.121406086,0.14148186,3.3356318,0.20739846527576447,0.38764762580394746,0.085945415496826,0.1534003049135208,0.32133946269750596,0.0756950616836547
1789688135.937190,0.0000,traffic cone,0.5054,400,199,319,186,3.1456,3.1473,-0.43273106,0.063104406,3.1150806,-0.43420896,0.0032179952,3.117203,0.215818640589714,0.4827608197927475,0.0942695140838623,0.2126251831650734,0.42361241579055786,0.08985984325408936
1789688135.983235,0.0000,traffic cone,0.2308,188,97,129,85,3.3749,3.3758,1.3825209,0.011762559,3.0787206,1.3825209,0.011762559,3.0797288,0.11902301311492924,0.44341323971748353,0.09366183280944806,0.10638754367828374,0.44330576062202454,0.09415621757507342
1789688136.051853,0.0000,traffic cone,0.8190,179,61,81,45,3.8761,3.8673,1.2161087,0.11322713,3.678646,1.1981386,0.18290961,3.6724563,0.14311015605926514,0.36447397619485855,0.09068608283996582,0.14079244136810298,0.2930569350719452,0.09404129981994647
1789688136.085052,0.0000,traffic cone,0.7604,216,73,115,61,3.8107,3.8118,-0.98461914,0.18105727,3.6768165,-0.9929302,0.111364365,3.6785064,0.15508706569671626,0.4322195082902908,0.09241871833801252,0.14918482303619385,0.36349378526210785,0.08490800857543945
1789688136.125213,0.0000,traffic cone,0.6751,248,105,135,76,3.3398,3.3418,0.1212694,0.20547941,3.3312757,0.12114154,0.14207591,3.336576,0.2063455633819103,0.38753269612789154,0.09121737480163583,0.1529688024893403,0.3208618015050888,0.0779109001159668
1789688136.160716,0.0000,traffic cone,0.5065,394,199,313,185,3.1439,3.1464,-0.4333882,0.06316765,3.1132512,-0.43362573,0.003207177,3.116326,0.21768648624420167,0.4829662054777145,0.09521899223327646,0.21258457303047174,0.4235839009284973,0.09156718254089347
1789688136.204596,0.0000,traffic cone,0.2253,189,97,129,85,3.3740,3.3740,1.3825738,0.011795223,3.0776823,1.3825738,0.011795223,3.0777433,0.11864068508148184,0.44340952932834626,0.09546041488647461,0.10651695728302002,0.44312367141246795,0.09687519073486328
1789688136.250637,0.0000,truck,0.1502,516,372,40,27,4.5076,4.3966,2.77663,-0.02012989,3.5508604,2.9747193,-0.018857121,3.2373466,0.7890319228172302,0.5734952211380004,0.6722462296485898,0.12936224937438956,0.16048400104045868,0.15199749469757062
1789688136.310481,0.0000,traffic cone,0.8187,180,62,80,44,3.8790,3.8678,1.2137489,0.113683194,3.682456,1.1948588,0.1828144,3.674052,0.14652051329612736,0.3646156117320061,0.09441753625869742,0.138436996936798,0.2926932998001575,0.09842079877853394
1789688136.350527,0.0000,traffic cone,0.7594,219,73,116,60,3.8125,3.8128,-0.98255336,0.18122587,3.6792226,-0.9918552,0.11222136,3.6798291,0.15814386606216424,0.389897021651268,0.09079933166503906,0.14497911930084217,0.362465039268136,0.08136135339736938
1789688136.401112,0.0000,traffic cone,0.6702,247,105,135,75,3.3390,3.3376,0.120067775,0.20503667,3.3305569,0.11978551,0.14171857,3.3324845,0.2055101692676544,0.38775967657566074,0.0920983314514161,0.1524475563317537,0.32124210596084596,0.07727012634277353
1789688136.450302,0.0000,traffic cone,0.5079,395,199,306,185,3.1443,3.1459,-0.4327756,0.0630818,3.113701,-0.4328842,0.0032123923,3.115972,0.21676403880119322,0.4829195082187653,0.09814777374267569,0.2123410284519195,0.42363046407699584,0.09127225875854483
1789688136.501272,0.0000,traffic cone,0.2186,191,98,130,85,3.3737,3.3743,1.3814609,0.04314781,3.077547,1.3818637,0.011664316,3.078389,0.11909328103065508,0.4434155449271202,0.09110202789306632,0.10702066421508771,0.4432620406150818,0.09351711273193386
1789688136.548202,0.0000,truck,0.1574,514,371,40,27,4.5105,4.3992,2.7764995,-0.02006051,3.554667,2.975464,-0.019075647,3.240211,0.7924495935440063,0.5731467753648758,0.6720271110534668,0.13337862491607666,0.16023592427372932,0.148759126663208
1789688136.626216,0.0000,traffic cone,0.8187,179,62,80,45,3.8775,3.8703,1.2147932,0.11358586,3.6805484,1.1992686,0.18250874,3.6753263,0.14392945170402527,0.36413755603134634,0.08753795623779315,0.1383697032928466,0.2929067403078079,0.09163007736206064
1789688136.677505,0.0000,traffic cone,0.7629,219,72,115,60,3.8074,3.8145,-0.9825124,0.18145151,3.6739526,-0.99151474,0.14677535,3.6804574,0.15517523884773243,0.39229271858930587,0.0894155383110049,0.15032484233379373,0.36346851959824567,0.08071953058242798
1789688136.725302,0.0000,traffic cone,0.6659,246,104,134,74,3.3403,3.3406,0.12193063,0.20497912,3.3317904,0.12110755,0.14135626,3.33542,0.2086019713431596,0.3875648155808449,0.09112789630889884,0.1478996649384498,0.32145101204514503,0.07522108554840079
1789688136.772369,0.0000,traffic cone,0.5091,400,199,315,185,3.1442,3.1470,-0.4338624,0.063172475,3.113485,-0.435808,0.003238991,3.1167252,0.21816523671150212,0.4830208957195282,0.09730799198150653,0.21314514875411988,0.42364743947982786,0.08951587677001926
1789688136.817132,0.0000,traffic cone,0.2202,191,97,130,86,3.3727,3.3742,1.3818399,0.011630192,3.0766454,1.3825045,0.011621214,3.077948,0.11805424690246569,0.443574520945549,0.09269399642944354,0.11021512746810913,0.44339869916439056,0.09457427263259888
1789688136.861926,0.0000,truck,0.1615,515,370,417,396,4.5112,4.0499,2.7864876,-0.020111166,3.5477338,2.131905,0.081985325,3.4423304,0.792531478404999,0.572350612282753,0.6714259743690487,1.1731276512145996,0.4577247351408005,0.9558258056640625
1789688136.922652,0.0000,traffic cone,0.8182,177,61,80,45,3.8780,3.8686,1.2146025,0.11330339,3.6811757,1.1980711,0.18258286,3.6739216,0.13974392414093018,0.3646029606461525,0.08902478218078613,0.1375314950942994,0.2922743082046509,0.0969799518585206
1789688136.954761,0.0000,traffic cone,0.7613,217,72,116,60,3.8114,3.8136,-0.98417723,0.1812415,3.6776838,-0.9919247,0.11209375,3.6806264,0.15546240210533147,0.39229621961712835,0.09289603233337385,0.14479979276657118,0.36320813037455085,0.08193060159683219
1789688137.000325,0.0000,traffic cone,0.6609,247,105,136,75,3.3400,3.3391,0.120804854,0.2042704,3.331555,0.12065128,0.14127824,3.3339157,0.2068562991917133,0.38781229853630067,0.08717660903930646,0.1527935158461332,0.3209221005439758,0.07718744277954093
1789688137.045445,0.0000,traffic cone,0.5085,393,198,314,184,3.1462,3.1474,-0.43365583,0.06324699,3.1155677,-0.43462375,0.033069037,3.1170688,0.2150476589798927,0.48264524191617963,0.10029168128967259,0.21184335500001905,0.42362713664770124,0.09296481609344509
1789688137.089730,0.0000,traffic cone,0.2141,190,97,129,85,3.3733,3.3739,1.3829784,0.011833683,3.0767272,1.3829784,0.011833683,3.0773537,0.11882448196411133,0.443457168340683,0.09170370101928738,0.105999732017517,0.44343191385269165,0.09262652397155735
1789688137.135741,0.0000,truck,0.1690,515,372,420,407,4.5069,4.0553,2.7778628,-0.055239804,3.5485673,2.133486,0.08971441,3.447571,0.7926066875457765,0.5727767005562783,0.67219055891037,1.175530755519867,0.4603756226599214,0.9727785825729369
1789688137.208078,0.0000,traffic cone,0.8206,179,61,82,45,3.8762,3.8702,1.2142861,0.11318125,3.6793027,1.1982092,0.18283738,3.6754618,0.14012110233306885,0.3646441847085953,0.08733963966369629,0.1380359172821044,0.29290446341037746,0.08973431587219238
1789688137.238379,0.0000,traffic cone,0.7596,219,73,117,61,3.8110,3.8142,-0.98430574,0.18131246,3.6772642,-0.9916135,0.112849906,3.6813202,0.1566821455955505,0.3894189804792404,0.0871419906616211,0.14992755651474,0.3627943769097328,0.07770943641662598
1789688137.285344,0.0000,traffic cone,0.6571,247,105,135,75,3.3388,3.3387,0.121446885,0.20534082,3.330301,0.12090549,0.14154284,3.3335502,0.20554357320070263,0.38743663132190703,0.08813323974609366,0.15292782671749588,0.32125777155160906,0.07867586612701416
1789688137.334638,0.0000,traffic cone,0.5070,397,199,313,185,3.1445,3.1467,-0.4341124,0.0632593,3.1137738,-0.43582025,0.0033381581,3.116385,0.21606203019618986,0.4827126294374466,0.09688067436218262,0.21058802604675292,0.42361047863960266,0.08989028930664045
1789688137.382779,0.0000,traffic cone,0.2125,191,99,136,86,3.3731,3.3736,1.3832984,0.011672452,3.076396,1.3825274,0.043081254,3.0769982,0.12180042266845703,0.4433979392051697,0.09227287769317627,0.10700073838233948,0.443280216306448,0.09456413984298706
1789688137.435111,0.0000,truck,0.1684,511,370,39,27,4.5044,4.4007,2.7841089,-0.055221293,3.5405498,2.9778411,-0.018945873,3.2401588,0.8008347153663635,0.5712885528802871,0.6716863155364989,0.13451814651489258,0.16054767370224,0.1496251583099366
1789688137.496595,0.0000,traffic cone,0.8213,179,61,79,44,3.8770,3.8694,1.2143786,0.113040596,3.6801877,1.1959125,0.18246937,3.6754553,0.1402444839477539,0.3645048663020134,0.0895547866821289,0.1390414714813233,0.292693292349577,0.09747052192687988
1789688137.538333,0.0000,traffic cone,0.7583,220,73,117,61,3.8100,3.8132,-0.9828122,0.18118763,3.676549,-0.98844665,0.11257422,3.6811485,0.15386817455291757,0.38887645602226256,0.09239282608032262,0.14569354057312012,0.36286475509405136,0.08478546142578125
1789688137.582672,0.0000,traffic cone,0.6522,250,104,138,75,3.3380,3.3387,0.12069161,0.20508468,3.3295064,0.1208579,0.14121595,3.3335338,0.20592236127704378,0.3876260012388229,0.08935236930847168,0.14618453569710252,0.32070351690053944,0.07668900489807129
1789688137.622386,0.0000,traffic cone,0.5078,399,199,316,185,3.1453,3.1487,-0.43452293,0.063246876,3.1144552,-0.43473822,0.06307255,3.1179185,0.21633462309837342,0.4829495340585709,0.10128407478332546,0.213394808769226,0.42358834147453306,0.09161815643310511
1789688137.654993,0.0000,traffic cone,0.2134,186,97,125,85,3.3720,3.3723,1.3818531,0.011764094,3.0757866,1.3818531,0.011764094,3.0761194,0.11726775169372572,0.44344605803489684,0.09287738800048828,0.10480132102966322,0.4432869553565979,0.09411334991455078
1789688137.700349,0.0000,truck,0.1677,513,371,416,386,4.5074,4.0192,2.7789228,-0.09043084,3.5476575,2.1284811,0.080143705,3.4084027,0.8010435104370117,0.5713929384946823,0.6725482940673828,1.1805707216262817,0.48581279814243317,0.9267133474349976
1789688137.770658,0.0000,traffic cone,0.8202,178,61,79,45,3.8794,3.8704,1.2131089,0.113334924,3.6831055,1.1995268,0.18242833,3.675324,0.14024722576141357,0.36468780040740967,0.08601140975952148,0.1370529413223267,0.2926323860883713,0.09062414169311506
1789688137.801840,0.0000,traffic cone,0.7577,219,73,115,61,3.8097,3.8138,-0.9844792,0.18139052,3.6758637,-0.99000597,0.11247805,3.6813836,0.15676847696304308,0.38882043361663815,0.09198722839355478,0.1468747854232788,0.36273979395627975,0.0846867561340332
1789688137.845208,0.0000,traffic cone,0.6506,247,105,133,75,3.3379,3.3393,0.12080185,0.20526084,3.3294215,0.12080185,0.14171636,3.334074,0.20514658987522125,0.3878847420215607,0.09031953811645499,0.15317792780697342,0.32094554454088214,0.07912502288818324
1789688137.890795,0.0000,traffic cone,0.5076,398,198,317,184,3.1463,3.1474,-0.43363878,0.06335326,3.1156425,-0.43445933,0.03314291,3.117104,0.21596548259258264,0.48292199820280074,0.09626071453094465,0.21123754978179932,0.4236851826310158,0.09354650974273682
1789688137.935630,0.0000,traffic cone,0.2096,192,98,133,85,3.3726,3.3731,1.3834926,0.011728205,3.0757122,1.3834682,0.011776075,3.076346,0.12088754177093497,0.443446683883667,0.09301581382751456,0.10811917781829838,0.44333329796791077,0.0962088584899905
1789688137.984165,0.0000,truck,0.1595,520,376,421,405,4.5442,4.0730,2.7760148,-0.01997488,3.59768,2.1363592,0.08992365,3.4666204,0.7991365790367126,0.5754851698875427,0.6722383499145508,1.17457115650177,0.4647593677043909,0.9570425033569339
1789688138.053675,0.0000,traffic cone,0.8169,178,61,79,44,3.8770,3.8702,1.2132164,0.11288026,3.6806033,1.196698,0.18266197,3.6760168,0.13960528373718262,0.3646697849035263,0.08928298950195312,0.13908348679542537,0.29267220869660376,0.09429588317871085
1789688138.084844,0.0000,traffic cone,0.7521,224,74,119,61,3.8110,3.8146,-0.9814067,0.18134537,3.678016,-0.9908994,0.11293262,3.6818836,0.1606769859790803,0.3863765764981508,0.09480407238006583,0.15015405416488647,0.3628804460167885,0.0887904167175293
1789688138.129806,0.0000,traffic cone,0.6522,247,103,136,75,3.3376,3.3402,0.1206488,0.20522046,3.3291318,0.12054311,0.14172414,3.3350067,0.20490699112415303,0.3873784959316254,0.09000589847564688,0.15454470813274382,0.32090492993593217,0.07629473209381077
1789688138.176773,0.0000,traffic cone,0.5102,400,200,316,185,3.1457,3.1476,-0.43230987,0.06326191,3.115199,-0.43327123,0.0032692999,3.11766,0.2166529208421707,0.48313277810811994,0.09973437786102268,0.21210746765136723,0.42369643449783323,0.09064269065856934
1789688138.223867,0.0000,traffic cone,0.2042,192,98,130,86,3.3744,3.3747,1.3828583,0.011746973,3.0780165,1.3828583,0.011746973,3.0783725,0.11936193108558646,0.4435505822300911,0.09533820152282724,0.10576698184013367,0.4433428421616554,0.09708857536315918
1789688138.267343,0.0000,truck,0.1604,518,374,38,26,4.5095,4.3988,2.7765956,-0.020107329,3.5532947,2.9750266,-0.017630123,3.2400818,0.7964085698127743,0.5734199374914168,0.6731385946273805,0.13129818439483643,0.16037952341139317,0.149350106716156
1789688138.326637,0.0000,traffic cone,0.8186,179,62,80,45,3.8778,3.8708,1.213628,0.11355154,3.6812327,1.200381,0.18278989,3.6754398,0.14647777080535884,0.3646286878734827,0.08601276874542219,0.1376353025436401,0.2929499000310898,0.09246940612792987
1789688138.362820,0.0000,traffic cone,0.7487,222,74,116,61,3.8116,3.8139,-0.9824468,0.18147638,3.6783085,-0.990737,0.11240435,3.6812625,0.1597660213708878,0.3868849363178014,0.092582106590271,0.1478310227394104,0.3630295619368553,0.08601021766662598
1789688138.392691,0.0000,traffic cone,0.6573,248,105,136,75,3.3394,3.3394,0.12084952,0.20524403,3.330928,0.12084952,0.1420148,3.3342292,0.2047037489712238,0.387811604142189,0.0922575473785403,0.15305694490671154,0.3209921717643738,0.07814497947692889
1789688138.424133,0.0000,traffic cone,0.5121,402,198,319,184,3.1451,3.1467,-0.4329518,0.06318933,3.1145506,-0.43499202,0.033118144,3.116291,0.21722046583890914,0.48296617567539213,0.0984298586845398,0.21237123906612393,0.4235927119851112,0.09253879785537711
1789688138.470624,0.0000,traffic cone,0.2105,187,99,125,86,3.3736,3.3742,1.3831376,0.011663124,3.076995,1.3823332,0.043029077,3.0777278,0.12079269886016841,0.443469375371933,0.09276180267333967,0.10793289542198181,0.44347015023231506,0.09786534309387207
1789688138.516333,0.0000,truck,0.1526,519,375,40,27,4.5460,4.3988,2.775754,-0.019843653,3.600157,2.9759824,-0.019099012,3.2392063,0.794576573371887,0.5748376041650772,0.673028326034546,0.13655314445495614,0.16031125634908677,0.15064966678619385
1789688138.587777,0.0000,traffic cone,0.8190,176,61,79,45,3.8784,3.8698,1.2136983,0.11316624,3.681832,1.1980392,0.18278119,3.6751807,0.13989269733428955,0.3646235018968582,0.09159612655639648,0.13723363876342765,0.2927704364061356,0.09275503158569354
1789688138.627130,0.0000,traffic cone,0.7465,217,72,114,61,3.8103,3.8131,-0.9825123,0.18146159,3.676968,-0.99167496,0.11254814,3.6802046,0.15670254528522487,0.39234042465686797,0.08808891773223859,0.1487652063369751,0.36280177533626556,0.08306097984313965
1789688138.666416,0.0000,traffic cone,0.6574,246,105,137,75,3.3404,3.3394,0.120153815,0.20549807,3.331883,0.120153815,0.14149302,3.3342304,0.20876090824604035,0.3877196103334427,0.0908003807067872,0.15364593453705308,0.3211815610527992,0.07812509536743173
1789688138.710447,0.0000,traffic cone,0.5108,398,199,315,185,3.1449,3.1467,-0.43360204,0.06318486,3.1142695,-0.4347614,0.0032178015,3.1165614,0.21567084789276125,0.48305284678936006,0.0967289447784423,0.2118210554122925,0.42353385090827944,0.09182729721069371
1789688138.756940,0.0000,traffic cone,0.2161,193,98,136,86,3.3742,3.3754,1.3825892,0.011730023,3.0779343,1.3825892,0.011730023,3.0792227,0.11731930375099187,0.44333782494068147,0.09536373615264893,0.10580125451087952,0.44312798231840134,0.09766542911529541
1789688138.802273,0.0000,truck,0.1557,510,367,38,26,4.5053,4.3996,2.7867136,-0.019983545,3.5400023,2.9765038,-0.017561682,3.2398524,0.7977469921112061,0.5744184941053391,0.6718513727188111,0.13761240243911743,0.16034999303519726,0.15167021751403809
1789688138.879440,0.0000,traffic cone,0.8210,177,61,80,44,3.8786,3.8676,1.2151724,0.11342138,3.6815476,1.1972004,0.18294647,3.6730437,0.1393982172012329,0.3642803356051445,0.08426284790039062,0.13970842957496643,0.29260815382003785,0.08776028156280535
1789688138.933566,0.0000,traffic cone,0.7499,220,71,117,59,3.8100,3.8125,-0.9837409,0.18145439,3.6763096,-0.9903865,0.11250803,3.6799278,0.1567646563053131,0.3959200754761696,0.09143304824829102,0.14485400915145874,0.362422663718462,0.08029298782348615
1789688138.979870,0.0000,traffic cone,0.6573,247,106,133,76,3.3387,3.3385,0.120938815,0.20463513,3.3302698,0.12078065,0.14207895,3.333312,0.20541242323815823,0.38774148374795914,0.09369504451751709,0.15238395147025585,0.32139167189598083,0.07866716384887695
1789688139.025005,0.0000,traffic cone,0.5092,398,199,319,186,3.1448,3.1469,-0.43299097,0.06316593,3.1142259,-0.4335592,0.0031963363,3.1169026,0.21563636958599092,0.4830337673425674,0.09695978164672825,0.21426642686128616,0.4236612096428871,0.08827829360961914
1789688139.070357,0.0000,traffic cone,0.2219,189,98,132,86,3.3750,3.3756,1.3828583,0.011698127,3.0786908,1.3828583,0.011698127,3.079352,0.11985009908676147,0.4436266615986824,0.09451234340667725,0.10614392161369324,0.44330911338329315,0.09655654430389404
1789688139.118267,0.0000,traffic cone,0.8214,176,60,80,44,3.8778,3.8688,1.213958,0.112757444,3.681135,1.1976608,0.18266267,3.6741724,0.13766929507255554,0.3642681565135717,0.08945586681365958,0.1257539987564087,0.2915206983685494,0.09114615917205837
1789688139.150368,0.0000,traffic cone,0.7506,222,74,115,61,3.8086,3.8143,-0.9827673,0.18142967,3.675169,-0.9916121,0.11255708,3.6814628,0.15762036740779883,0.38609345816075796,0.09528794288635245,0.1485663652420044,0.36312582343816757,0.08422517776489258
1789688139.199097,0.0000,traffic cone,0.6613,245,104,134,75,3.3392,3.3413,0.12175511,0.20513776,3.3306513,0.121336326,0.14179862,3.336131,0.2059190517291426,0.3874377772212029,0.08970348834991437,0.1543147962540388,0.3213671982288361,0.07850413322448713
1789688139.247242,0.0000,traffic cone,0.5096,398,199,316,185,3.1452,3.1463,-0.4339776,0.063195705,3.114512,-0.4342317,0.0032473356,3.1162276,0.21592577695846554,0.48297210335731505,0.09811086654663104,0.21232279539108279,0.4236110031604767,0.09029617309570304
1789688139.297030,0.0000,traffic cone,0.2189,192,97,134,85,3.3727,3.3742,1.3827691,0.011710554,3.076148,1.3827691,0.011710554,3.0778122,0.11883683204650874,0.4431773751974106,0.09654312133789089,0.10524327754974361,0.4431137591600418,0.10027046203613255
1789688139.347722,0.0000,truck,0.1503,517,373,40,27,4.5148,4.4028,2.7799273,-0.02003701,3.5573597,2.9794698,-0.01888436,3.2413988,0.7888945102691651,0.5736852705478668,0.6725467681884765,0.1313137769699093,0.1604253739118576,0.1534287929534912
1789688139.418810,0.0000,traffic cone,0.8224,177,60,79,43,3.8752,3.8712,1.2145586,0.11346248,3.6781566,1.1955082,0.18270536,3.6773949,0.14205393195152283,0.36449080556631086,0.0855709671974183,0.14039981365203857,0.29200216531753537,0.09256117343902615
1789688139.450675,0.0000,traffic cone,0.7492,219,73,115,61,3.8097,3.8112,-0.98205686,0.18133874,3.6765103,-0.9907296,0.112403885,3.6784635,0.1556100130081175,0.38893122673034664,0.09328041076660165,0.14705342054367065,0.3628234937787056,0.07691478729248047
1789688139.495780,0.0000,traffic cone,0.6643,248,104,133,75,3.3393,3.3376,0.120468184,0.20531929,3.3307734,0.11976314,0.14200695,3.3323781,0.2062349002808332,0.3880638927221298,0.0902109146118164,0.15238844528794288,0.3213312953710556,0.0761467933654787
1789688139.542562,0.0000,traffic cone,0.5120,403,199,322,186,3.1448,3.1472,-0.43233114,0.063222945,3.1143117,-0.43395475,0.0031049699,3.1170971,0.21591501235961919,0.48292135894298555,0.10045599937438965,0.21186603605747223,0.42366819083690643,0.0922384262084961
1789688139.590211,0.0000,traffic cone,0.2239,195,98,136,86,3.3733,3.3741,1.3824697,0.011678517,3.07693,1.3824697,0.011678517,3.0779033,0.12084224820137024,0.44368200600147245,0.09204200506210292,0.10740360617637634,0.44342806935310364,0.09335249662399292
1789688139.661633,0.0000,traffic cone,0.8195,177,60,81,44,3.8781,3.8665,1.213521,0.113457486,3.6816409,1.1965221,0.18288636,3.672103,0.14099721312522884,0.36508865691721437,0.08548839092254656,0.13891655802726754,0.29252096712589265,0.08915164470672643
1789688139.708703,0.0000,traffic cone,0.7503,218,72,117,61,3.8115,3.8125,-0.98285764,0.18106936,3.6781468,-0.9912294,0.11262965,3.6796908,0.15506808757781976,0.3922710727900266,0.08962655067443848,0.14825385808944702,0.36268746107816696,0.08665943145751953
1789688139.760000,0.0000,traffic cone,0.6665,248,105,134,74,3.3406,3.3399,0.12122009,0.20519483,3.3320765,0.12113477,0.14164303,3.3346868,0.21013711839914323,0.38735323250293735,0.09285564422607395,0.14749442487955086,0.32170756086707114,0.07975647449493417
1789688139.817097,0.0000,traffic cone,0.5146,397,199,316,185,3.1459,3.1486,-0.43473628,0.06325869,3.1150517,-0.43538615,0.00330548,3.1183615,0.21644242703914646,0.48283896744251253,0.09685306549072248,0.21252638101577753,0.42375571727752687,0.09234628677368173
1789688139.848633,0.0000,traffic cone,0.2189,191,98,136,87,3.3728,3.3755,1.383045,0.04313594,3.0759346,1.3841985,0.011788338,3.0786533,0.11806668043136592,0.4437095746397972,0.09715518951416025,0.10947586297988887,0.4433679670095444,0.09806470870971706
1789688139.904615,0.0000,traffic cone,0.8198,178,61,81,45,3.8764,3.8744,1.2131174,0.11321613,3.6799915,1.1980265,0.182861,3.6799495,0.14042532444000244,0.3646414428949356,0.09115362167358398,0.13826310634613037,0.29245983362197875,0.09423341751098668
1789688139.946968,0.0000,traffic cone,0.7489,220,73,114,61,3.8104,3.8138,-0.98411053,0.18111962,3.6766622,-0.99202615,0.112668395,3.680763,0.15591018199920648,0.38907616436481474,0.09622354507446262,0.1475280523300171,0.3628520295023918,0.08732223510742188
1789688139.978435,0.0000,traffic cone,0.6668,250,103,136,74,3.3393,3.3379,0.12107389,0.20540544,3.330771,0.12119083,0.14149307,3.3327017,0.20554354935884467,0.38788538277149204,0.08488361835479719,0.14717182200402018,0.32121510356664656,0.0721243381500245
1789688140.022779,0.0000,traffic cone,0.5102,393,198,312,184,3.1454,3.1475,-0.4344381,0.06325119,3.114566,-0.43573764,0.033135146,3.117041,0.21867917776107787,0.4828730717301369,0.09706218242645281,0.2119748592376709,0.4239793211221695,0.09286987781524658
1789688140.068291,0.0000,traffic cone,0.2211,190,98,134,86,3.3728,3.3730,1.3823717,0.043104216,3.0762088,1.3823717,0.043104216,3.0764532,0.12149314284324642,0.44352312237024305,0.09419792890548706,0.1063164472579956,0.44346023350954056,0.0975002646446228
1789688140.139330,0.0000,traffic cone,0.8190,178,61,79,44,3.8770,3.8735,1.212244,0.11279687,3.680851,1.1956112,0.18273404,3.6798575,0.13899362087249756,0.36449845135211945,0.09029722213745117,0.13820598125457773,0.29263191446661946,0.09342095851898202
1789688140.188423,0.0000,traffic cone,0.7514,220,73,116,61,3.8093,3.8103,-0.98340356,0.18135893,3.6757221,-0.9912479,0.112825036,3.6773467,0.15705237388610838,0.38841286301612854,0.08993940353393537,0.15037846565246582,0.36305826902389526,0.08179235458374023
1789688140.238005,0.0000,traffic cone,0.6719,249,106,135,76,3.3398,3.3409,0.12031683,0.20546614,3.3313177,0.12031683,0.141388,3.3357208,0.20866922196000814,0.38756684586405754,0.09227538108825684,0.15341760870069265,0.3213399685919285,0.08041954040527344
1789688140.287196,0.0000,traffic cone,0.5129,391,198,312,184,3.1450,3.1470,-0.43347946,0.063177116,3.1143055,-0.43503535,0.03314776,3.1165607,0.21549908071756363,0.48310675472021103,0.09936048984527579,0.21119822859764092,0.42359424084424974,0.09050669670104972
1789688140.348385,0.0000,traffic cone,0.2302,191,98,132,86,3.3739,3.3741,1.3828511,0.011745095,3.0775087,1.3828511,0.011745095,3.0777287,0.12057153582572933,0.4435277089476585,0.09193930625915536,0.10740846395492554,0.4432801902294159,0.09545207023620605
1789688140.397387,0.0000,truck,0.1515,515,371,38,26,4.5015,4.4002,2.7757683,-0.090345114,3.5427027,2.9760265,-0.01749485,3.2410772,0.7991536855697632,0.5719479918479919,0.6722002029418945,0.13607102632522583,0.16044475883245468,0.15154778957366943
1789688140.454136,0.0000,traffic cone,0.8217,180,60,83,44,3.8770,3.8693,1.2122388,0.11281502,3.6808987,1.1967952,0.18267696,3.67501,0.13645545840263362,0.3638252981007099,0.08694597482681266,0.1249062716960907,0.29170497953891755,0.0900543808937071
1789688140.503700,0.0000,traffic cone,0.7484,219,72,114,61,3.8127,3.8150,-0.9831621,0.18137582,3.6792574,-0.99145216,0.11270097,3.6822305,0.1579662859439851,0.39240079857409,0.08825395107269252,0.14860373735427856,0.3628745898604393,0.08831334114074707
1789688140.550039,0.0000,traffic cone,0.6731,245,102,133,74,3.3360,3.3391,0.12149635,0.20429522,3.3275337,0.121469386,0.14172685,3.3338573,0.20614366196095932,0.3875242985785008,0.08547111749649039,0.14697361811995502,0.32080260366201396,0.07078924179077184
1789688140.581160,0.0000,traffic cone,0.5106,397,198,316,184,3.1458,3.1469,-0.43481094,0.063284636,3.1149588,-0.43508962,0.033170633,3.1165113,0.21599339246749882,0.48302300125360487,0.09548444747924778,0.21178579926490787,0.4238252997398376,0.09060659408569371
1789688140.629850,0.0000,traffic cone,0.2262,190,99,133,87,3.3744,3.3754,1.3837247,0.011666834,3.0776048,1.3837247,0.011666834,3.0787346,0.11787817478179918,0.44345996975898744,0.09470703601837194,0.10796386003494263,0.44301512837409973,0.09760825634002668
1789688140.676278,0.0000,truck,0.1517,519,375,38,26,4.5102,4.3985,2.7793014,-0.020029366,3.5520353,2.975387,-0.017579742,3.2394214,0.7986560344696043,0.5737542927265168,0.6716814279556274,0.1344323754310608,0.16054082289338112,0.15091216564178467
1789688140.742177,0.0000,traffic cone,0.8208,179,61,79,44,3.8777,3.8716,1.2131205,0.11340585,3.6813486,1.1971287,0.18278459,3.6773057,0.14089059829711914,0.36447855830192566,0.08523988723754883,0.1397277772426606,0.29296083375811577,0.09090816974639893
1789688140.775770,0.0000,traffic cone,0.7448,218,74,114,62,3.8121,3.8137,-0.98219997,0.18117124,3.678906,-0.9912931,0.11222139,3.6809056,0.159171038866043,0.4332332856953144,0.0952122449874877,0.14820926487445818,0.3628259293735027,0.09016292095184353
1789688140.823054,0.0000,traffic cone,0.6779,247,103,132,74,3.3397,3.3401,0.12134211,0.20551917,3.3311272,0.12177398,0.14191076,3.334856,0.20549706481397143,0.387678200006485,0.08374526500701895,0.14804021995514627,0.3209753789007664,0.07374891042709342
1789688140.868500,0.0000,traffic cone,0.5128,394,199,303,185,3.1451,3.1486,-0.43464875,0.06320763,3.1142998,-0.43516022,0.0032116026,3.1184192,0.21912738680839533,0.4830575495958328,0.09934241771698016,0.21323169469833375,0.4236478924751282,0.09409909248352077
1789688140.916143,0.0000,traffic cone,0.2343,193,98,136,86,3.3744,3.3758,1.38222,0.043247454,3.078043,1.3831143,0.011707969,3.0794592,0.11902725696563721,0.44359946101903913,0.09133970737457275,0.1077394187450409,0.44337300956249237,0.09427940845489502
1789688140.960934,0.0000,truck,0.1558,511,369,40,27,4.5103,4.4023,2.7863748,-0.09042689,3.5455172,2.9772756,-0.01882571,3.2427306,0.7932015419006349,0.5709070324897766,0.6722666740417478,0.12873446941375732,0.16044608727097512,0.15071189403533936
1789688141.032380,0.0000,traffic cone,0.8191,178,62,79,44,3.8789,3.8684,1.2150311,0.11353418,3.6819353,1.1965091,0.18285753,3.6741326,0.14452170133590703,0.36413790471851826,0.08719817399978647,0.14064731001853925,0.2927769020199775,0.09092016220092791
1789688141.065615,0.0000,traffic cone,0.7469,221,73,114,60,3.8097,3.8120,-0.9815721,0.18159494,3.6766229,-0.9916821,0.11203365,3.679091,0.1574495911598205,0.43387748003005977,0.0905102252960206,0.14147810935974114,0.3619301255792379,0.08477721214294442
1789688141.110160,0.0000,traffic cone,0.6798,248,105,132,75,3.3404,3.3397,0.12125097,0.20533597,3.3318384,0.12070743,0.14184117,3.334481,0.20535922572016713,0.38750040233135224,0.08997402191162118,0.15070623159408567,0.3207499548792839,0.07375004291534415
1789688141.156961,0.0000,traffic cone,0.5143,399,198,318,185,3.1441,3.1467,-0.4325055,0.063242674,3.1136065,-0.43433803,0.003298834,3.116625,0.2157278180122375,0.4832846850156784,0.09698673486709586,0.21084777712821962,0.4236747622489929,0.09297232627868679
1789688141.203501,0.0000,traffic cone,0.2323,189,98,132,86,3.3737,3.3742,1.3822063,0.011707209,3.0775187,1.3822063,0.011707209,3.0780382,0.12058144211769095,0.44349499195814135,0.09139417409896833,0.10627701878547668,0.4433988332748413,0.09717816114425659
1789688141.249935,0.0000,truck,0.1538,516,373,38,26,4.4999,4.4010,2.775046,-0.09032612,3.5412068,2.9764934,-0.017671935,3.2417922,0.798914337158203,0.5732877969741821,0.6728610038757323,0.13389301300048828,0.16059166193008423,0.14830416440963745
1789688141.299145,0.0000,traffic cone,0.8202,179,61,80,44,3.8772,3.8699,1.2131234,0.11318244,3.6807392,1.197606,0.18261705,3.675348,0.13944566249847412,0.364930234849453,0.08376526832580566,0.1384926021099091,0.2931468904018402,0.094945180416107
1789688141.331937,0.0000,traffic cone,0.7444,217,72,114,60,3.8079,3.8126,-0.983342,0.18122189,3.67431,-0.99230456,0.11210911,3.6795323,0.1559334814548493,0.39257710762321946,0.08744373321533194,0.14405282735824576,0.36321154832839964,0.08040409088134748
1789688141.365804,0.0000,traffic cone,0.6812,247,104,135,75,3.3386,3.3382,0.120904125,0.20511965,3.3300529,0.12092474,0.1418338,3.332991,0.2051521344110369,0.387713848054409,0.08988170623779324,0.15399513617157934,0.32104669511318207,0.07505133152008048
1789688141.408602,0.0000,traffic cone,0.5132,393,198,304,184,3.1451,3.1479,-0.43375733,0.063313216,3.114408,-0.434252,0.03313692,3.117661,0.21698165833950045,0.48295092284679414,0.09726793766021746,0.21117644459009166,0.42359245866537093,0.09277219772338885
1789688141.455453,0.0000,traffic cone,0.2342,186,97,128,85,3.3728,3.3742,1.3815882,0.01167655,3.0768495,1.3815882,0.01167655,3.078381,0.11854932308197008,0.44370739758014677,0.09338340759277353,0.10687053203582764,0.44342290461063383,0.09481635093688956
1789688141.502218,0.0000,truck,0.1572,513,370,345,345,4.5067,4.0906,2.7848315,-0.05519681,3.5428874,2.103612,0.08004324,3.5073276,0.7977881908416751,0.5718943148851394,0.6722240686416625,1.1555528402328492,0.4296883404254913,1.0052110195159916
1789688141.573701,0.0000,traffic cone,0.8197,178,61,79,44,3.8811,3.8718,1.2145303,0.11348486,3.684448,1.1969752,0.18258615,3.6775732,0.1393125057220459,0.36433587968349457,0.08674287796020508,0.1390735864639281,0.29303091615438465,0.08926634788513166
1789688141.620751,0.0000,traffic cone,0.7467,221,74,116,62,3.8126,3.8139,-0.98242044,0.18137167,3.6794095,-0.98980546,0.1135575,3.6814377,0.15797234475612631,0.3852937720716,0.08993467092514029,0.15088666081428515,0.35983277335762975,0.0863778471946719
1789688141.667324,0.0000,traffic cone,0.6820,247,104,133,75,3.3396,3.3413,0.12148826,0.20568581,3.331014,0.12185411,0.14199293,3.3360298,0.20654941350221628,0.38776898458600045,0.09082044363021868,0.15417219735682008,0.32149258255958557,0.07852721214294434
1789688141.718900,0.0000,traffic cone,0.5129,399,198,316,184,3.1449,3.1478,-0.43328783,0.063312165,3.1143055,-0.434566,0.033085912,3.117444,0.21587218344211573,0.48294243365526196,0.09727011919021589,0.21081613600254057,0.42365180402994157,0.09088257551193246
1789688141.769215,0.0000,traffic cone,0.2409,189,98,131,85,3.3722,3.3753,1.3820248,0.043196358,3.0756583,1.3814977,0.011793777,3.0796192,0.11994974017143245,0.4435347020626068,0.0926771283149721,0.1064545631408691,0.4432215988636017,0.09352755546569824
1789688141.817420,0.0000,truck,0.1565,511,368,336,321,4.5045,4.0015,2.7879207,-0.09094007,3.536883,2.087913,0.07526821,3.412733,0.796464705467224,0.5684042349457741,0.6728734612464908,1.1569445133209229,0.42463722825050354,0.8988213539123535
1789688141.889697,0.0000,traffic cone,0.8194,179,62,79,45,3.8778,3.8717,1.2142903,0.113585696,3.6810393,1.1969424,0.1827095,3.677527,0.14736463427543645,0.36449645049870016,0.09184544086456281,0.13674638271331774,0.2919782280921936,0.09355182647705051
1789688141.937998,0.0000,traffic cone,0.7440,220,73,115,61,3.8127,3.8132,-0.98490953,0.18153991,3.6788197,-0.99247587,0.11247416,3.6800222,0.15704665184021005,0.3889667302370071,0.09611024856567418,0.14920949935913086,0.3626817762851715,0.08608031272888184
1789688141.987704,0.0000,traffic cone,0.6795,248,105,134,75,3.3385,3.3412,0.120340765,0.20497815,3.33001,0.12023794,0.1416757,3.3360763,0.20558319240808484,0.38767415881156925,0.09140429496765146,0.15239021964371202,0.32114833891391753,0.07596626281738272
1789688142.029300,0.0000,traffic cone,0.5161,402,200,310,186,3.1441,3.1480,-0.43330708,0.06321724,3.1134768,-0.43492112,0.0031949952,3.1178493,0.21919012069702143,0.48282157778739926,0.09595533609390294,0.2131991907954216,0.42373110353946686,0.09204363822937012
1789688142.064688,0.0000,traffic cone,0.2438,193,97,134,85,3.3732,3.3749,1.3819183,0.011775896,3.0770843,1.3819183,0.011775896,3.07893,0.11742529869079577,0.44341854453086854,0.09572854042053258,0.10674498081207262,0.44332521557807925,0.09690127372741664
1789688142.111134,0.0000,truck,0.1546,513,371,346,346,4.5066,4.0648,2.7770283,-0.019958526,3.5492046,2.1050532,0.07895078,3.4763436,0.7904517650604248,0.5735574662685394,0.6727198362350464,1.1519141793251038,0.4294886142015457,0.9818505048751831
1789688142.183890,0.0000,traffic cone,0.8203,178,61,78,45,3.8764,3.8712,1.2127559,0.11285035,3.6800992,1.1963142,0.18273635,3.67714,0.14111268520355225,0.3644752949476242,0.09199833869934082,0.1385229110717774,0.2925526648759842,0.09886212348937962
1789688142.215358,0.0000,traffic cone,0.7437,219,74,116,62,3.8111,3.8164,-0.98231363,0.18140073,3.677863,-0.99058306,0.11348325,3.683902,0.15707381367683404,0.3850199185311794,0.09455710649490356,0.14946876168251033,0.3591824673116207,0.08561451435089085
1789688142.246317,0.0000,traffic cone,0.6849,247,104,133,75,3.3381,3.3402,0.120079696,0.20564327,3.3296247,0.11989221,0.14184485,3.3350592,0.205470891483128,0.3876265347003937,0.08925086259841919,0.15221641361713406,0.32083501815795895,0.0785437822341919
1789688142.295347,0.0000,traffic cone,0.5171,398,198,310,185,3.1446,3.1480,-0.4328773,0.063306205,3.1139889,-0.43373707,0.0033120662,3.1180124,0.21562721580266953,0.48289719149470334,0.0975685715675354,0.2115134596824646,0.42356165647506716,0.08988294601440439
1789688142.346228,0.0000,traffic cone,0.2421,188,97,132,85,3.3738,3.3739,1.3824561,0.011761606,3.0775096,1.3824561,0.011761606,3.0776217,0.11668238639831552,0.4435137093067169,0.09424653053283683,0.10595834255218506,0.44342294335365295,0.09599146842956552
1789688142.396913,0.0000,truck,0.1571,507,364,344,344,4.5091,4.0635,2.785102,-0.09062402,3.5450318,2.1035533,0.078482956,3.4757571,0.8015952587127684,0.570332233607769,0.6722592473030091,1.1590560138225552,0.4294998809695244,0.9873623490333552
1789688142.455220,0.0000,traffic cone,0.8195,178,61,78,44,3.8773,3.8737,1.2129118,0.11291948,3.6809804,1.1967397,0.1827898,3.6796348,0.14075422286987305,0.36438845098018646,0.09236979484558105,0.14053916335105887,0.29333028122782706,0.09470661878585807
1789688142.498191,0.0000,traffic cone,0.7420,217,73,115,61,3.8103,3.8126,-0.98340046,0.18160465,3.6767209,-0.992355,0.112668395,3.679475,0.15625354051589968,0.38893845975399016,0.09095959663391096,0.14989936351776123,0.3628887012600899,0.08448290824890137
1789688142.546866,0.0000,traffic cone,0.6817,250,105,135,75,3.3413,3.3395,0.12060696,0.20552471,3.3328314,0.12060696,0.14181548,3.3343072,0.20955546870827674,0.38789823949337005,0.08889307975769078,0.15413003191351887,0.3212448701262474,0.07853477001190168
1789688142.597115,0.0000,traffic cone,0.5176,399,200,308,186,3.1452,3.1481,-0.43291745,0.063304454,3.1146235,-0.4343419,0.0033701137,3.1179876,0.21684389114379882,0.482973238825798,0.10113607645034817,0.21260714530944824,0.42364639788866043,0.09287858009338379
1789688142.644150,0.0000,traffic cone,0.2421,192,98,134,86,3.3731,3.3732,1.3823682,0.04316315,3.076498,1.3823682,0.04316315,3.0766568,0.11945508122444148,0.4436086848378181,0.0959307312965394,0.10726213455200195,0.4435427635908127,0.09742861986160278
1789688142.690824,0.0000,truck,0.1520,517,372,344,344,4.5096,4.0591,2.7811437,-0.055169135,3.5494618,2.1021976,0.0791318,3.4713693,0.7992487907409669,0.5732703074812888,0.6719663858413698,1.1545693397521974,0.42921873629093166,0.9930376768112179
1789688142.759597,0.0000,traffic cone,0.8187,177,60,81,44,3.8770,3.8668,1.215307,0.11362836,3.679881,1.1972809,0.18289392,3.6722398,0.14072754979133606,0.3640680257230997,0.08203389644622794,0.14170696735382093,0.29277279451489446,0.08972852230072048
1789688142.793148,0.0000,traffic cone,0.7432,216,73,114,62,3.8117,3.8134,-0.983191,0.18130524,3.6782722,-0.99109924,0.11228016,3.680689,0.1568229556083679,0.432262958586216,0.08871765136718768,0.14873617291450503,0.36287550404667857,0.08443316221237174
1789688142.833253,0.0000,traffic cone,0.6819,249,106,135,75,3.3390,3.3403,0.121247746,0.20595492,3.33042,0.121011555,0.14188905,3.33512,0.20831677224487066,0.38773639872670174,0.09210151433944702,0.15393766425549982,0.32107919454574585,0.07459106445312491
1789688142.866713,0.0000,traffic cone,0.5179,401,199,307,185,3.1449,3.1479,-0.43419036,0.06322928,3.1141205,-0.43539348,0.0032488853,3.1176064,0.21452942490577698,0.4829504579305649,0.0959278106689454,0.21116912364959717,0.4236571967601776,0.09362010955810574
1789688142.912505,0.0000,traffic cone,0.2367,186,98,131,87,3.3744,3.3753,1.3820881,0.011713356,3.078402,1.3826818,0.011711404,3.0790489,0.11579192876815791,0.44332254230976104,0.09248265027999913,0.10725902318954472,0.443210643529892,0.09479696750640887
1789688142.958068,0.0000,truck,0.1579,516,372,345,345,4.5045,4.0637,2.7770312,-0.020185426,3.5465202,2.1050122,0.07910816,3.4750555,0.7933300733566284,0.5734549462795258,0.672156500816345,1.1586206197738647,0.42983315885066986,0.9899318218231206
1789688143.042902,0.0000,traffic cone,0.8162,181,62,79,44,3.8765,3.8709,1.214107,0.11347763,3.6796737,1.1964906,0.1828076,3.676821,0.14495609998703007,0.36404669918119903,0.09005994796752903,0.14058597087860103,0.2924556709825992,0.09321473836898786
1789688143.093776,0.0000,traffic cone,0.7462,217,73,116,61,3.8118,3.8162,-0.98232144,0.18135172,3.6786137,-0.9927642,0.11267111,3.6831164,0.16136884689331066,0.3898945719003677,0.08807687759399396,0.14990133047103882,0.36280234158039093,0.08280277252197266
1789688143.141370,0.0000,traffic cone,0.6810,250,106,134,75,3.3411,3.3388,0.120201185,0.20530301,3.3326316,0.12019107,0.14169353,3.3336556,0.20924722775816917,0.38789691030979156,0.0907546877861023,0.15233778953552243,0.32125000357627864,0.07717845439910898
1789688143.187976,0.0000,traffic cone,0.5159,403,198,323,185,3.1460,3.1481,-0.4333281,0.06321108,3.1153836,-0.4335963,0.003122151,3.1180747,0.21533574908971775,0.48302431553602215,0.09842926263809204,0.21086338162422186,0.42362543344497683,0.09010977745056126
1789688143.235066,0.0000,traffic cone,0.2393,190,98,133,85,3.3746,3.3761,1.3842952,0.011676773,3.077605,1.3842883,0.011729941,3.079245,0.12020270824432377,0.44346023350954056,0.09416991472244263,0.10693063735961905,0.4431716978549957,0.09797215461730957
1789688143.283097,0.0000,truck,0.1658,514,372,346,346,4.5045,4.0645,2.7773395,-0.01997865,3.546351,2.1034775,0.07927421,3.4769049,0.7978299021720887,0.5742992833256721,0.6714496850967411,1.1609816551208496,0.42984483391046524,0.9926170110702515
1789688143.354989,0.0000,traffic cone,0.8184,179,62,79,45,3.8795,3.8733,1.2134221,0.11366314,3.6831243,1.1988469,0.18274556,3.6785946,0.145527547597885,0.36471217051148414,0.09069867134094256,0.1403817415237425,0.2928708642721176,0.09701900482177717
1789688143.403972,0.0000,traffic cone,0.7475,218,74,117,61,3.8090,3.8152,-0.9822246,0.18169348,3.6757262,-0.9905306,0.11270364,3.6826,0.157933646440506,0.38633841760456555,0.09537642002105695,0.1478148102760315,0.36325906962156296,0.08246517181396484
1789688143.454746,0.0000,traffic cone,0.6839,249,105,135,75,3.3388,3.3381,0.120132044,0.20561011,3.3303206,0.1201127,0.14162101,3.332894,0.20536760687828062,0.38757093548774724,0.08941922187805185,0.15332397073507306,0.3212687805294991,0.07410027980804434
1789688143.506049,0.0000,traffic cone,0.5141,397,198,309,184,3.1450,3.1477,-0.43310323,0.06331952,3.114409,-0.43426594,0.03308586,3.1174607,0.21556452214717864,0.48323611244559284,0.09689762592315665,0.21238383054733273,0.42373577579855914,0.08910015821456918
1789688143.553071,0.0000,traffic cone,0.2459,190,99,133,85,3.3741,3.3744,1.3835058,0.011799991,3.07739,1.3835058,0.011799991,3.0777462,0.12142772674560542,0.4434753477573395,0.0936482191085819,0.10696620941162105,0.4431979119777679,0.0965189456939699
1789688143.584812,0.0000,truck,0.1702,512,369,347,347,4.5159,4.1728,2.7891254,-0.09051061,3.5504675,2.1088486,0.07916333,3.599774,0.7957299709320069,0.5711374670267104,0.6721225738525392,1.1635483860969544,0.42946947813034053,0.9918858528137204
1789688143.645017,0.0000,traffic cone,0.8191,177,61,79,45,3.8780,3.8692,1.2158844,0.113317475,3.6807153,1.198113,0.18297191,3.6744244,0.14159274101257324,0.3643830493092537,0.0861058235168457,0.1386314868927001,0.29280373752117156,0.09053354263305646
1789688143.689149,0.0000,traffic cone,0.7470,219,74,116,62,3.8129,3.8149,-0.9829614,0.18142019,3.679564,-0.9901782,0.11378576,3.6823747,0.15703086256980892,0.3853043243288994,0.0980318069458006,0.15028848350048052,0.3592066839337349,0.09593894481658927
1789688143.736482,0.0000,traffic cone,0.6838,248,105,134,75,3.3406,3.3417,0.12153475,0.20554592,3.3320928,0.121313386,0.14167453,3.3364592,0.20856157541275022,0.3876204282045364,0.09179496765136719,0.1542251024395227,0.32107990682125087,0.0774574041366578
1789688143.783440,0.0000,traffic cone,0.5152,401,200,313,186,3.1460,3.1486,-0.43313667,0.06332483,3.1154103,-0.43498838,0.0032090768,3.1184406,0.21701702326536176,0.48298993706703186,0.09861718416213971,0.21281152963638306,0.42358022183179855,0.09296518564224243
1789688143.830013,0.0000,traffic cone,0.2426,189,99,130,85,3.3757,3.3771,1.3834972,0.01165542,3.079176,1.3827338,0.01165542,3.0810163,0.12234780788421618,0.44375399947166444,0.09296092987060556,0.10696992874145494,0.4432504057884216,0.0934293270111084
1789688143.876920,0.0000,truck,0.1721,516,373,348,348,4.5078,4.0763,2.7796679,-0.020035133,3.5487518,2.1047442,0.07867241,3.4900484,0.7973002910614015,0.5735533922910689,0.6727838039398195,1.161226212978363,0.42926071882247924,1.0091590642929074
1789688143.935052,0.0000,traffic cone,0.8196,179,61,81,45,3.8817,3.8719,1.2148095,0.11321822,3.6849658,1.1981424,0.18288568,3.677317,0.13916587829589844,0.3647691681981087,0.09299850463867188,0.13788447380065927,0.2927841067314148,0.09670429229736355
1789688143.976967,0.0000,traffic cone,0.7442,219,75,116,62,3.8120,3.8136,-0.9806204,0.18148452,3.6792142,-0.99064463,0.113585606,3.6809478,0.16017087101936334,0.3828684344887733,0.09998061656951895,0.14988401830196385,0.35891169533133505,0.0837459087371828
1789688144.027269,0.0000,traffic cone,0.6828,250,105,136,75,3.3399,3.3395,0.12037334,0.20531213,3.331426,0.12037334,0.14185798,3.3343334,0.2044776819646358,0.3877404659986496,0.09187011718749982,0.15224603973329065,0.3215693295001984,0.07851698398590079
1789688144.078079,0.0000,traffic cone,0.5154,400,198,307,185,3.1446,3.1470,-0.43218136,0.0630965,3.1140738,-0.43267208,0.0032504797,3.1171048,0.21539657860994338,0.4832730397582054,0.09773859977722177,0.21102666854858393,0.4236288726329803,0.09098873138427743
1789688144.125824,0.0000,traffic cone,0.2445,195,97,138,85,3.3746,3.3750,1.3831613,0.011771217,3.0780938,1.3831613,0.011771217,3.0785577,0.11987092494964591,0.4436697095632553,0.0918869018554691,0.10698678493499769,0.4434888631105423,0.09270987510681117
1789688144.172567,0.0000,truck,0.1739,511,367,40,27,4.5039,4.4016,2.7854555,-0.090700924,3.5380845,2.977611,-0.01885502,3.2415895,0.7968970537185669,0.5707480907440186,0.6722083568572996,0.1306257486343383,0.16050657480955124,0.14940562248229972
1789688144.245551,0.0000,traffic cone,0.8195,176,61,79,45,3.8791,3.8662,1.2133411,0.11307162,3.6827,1.1979178,0.18291572,3.671406,0.1388469934463501,0.36483482271432877,0.09117794036865234,0.13662903308868413,0.2925986140966415,0.09222068786621085
1789688144.292436,0.0000,traffic cone,0.7454,222,74,118,61,3.8108,3.8113,-0.9819313,0.18155752,3.6776037,-0.99152607,0.11291075,3.6782982,0.16091068387031549,0.3864767126739025,0.09331552982330305,0.1510738730430603,0.36305689811706543,0.08317947387695312
1789688144.323642,0.0000,traffic cone,0.6834,249,105,135,75,3.3411,3.3404,0.12143731,0.20521638,3.3326137,0.12143731,0.14188626,3.3351817,0.2074119746685028,0.38789153695106504,0.09127278327941868,0.15307665355503555,0.3213398277759552,0.08126025199890163
1789688144.355850,0.0000,traffic cone,0.5169,398,199,318,185,3.1459,3.1486,-0.43226358,0.06325087,3.1154015,-0.434181,0.0031708926,3.1184785,0.2158960580825805,0.483000311255455,0.0991595983505249,0.2107630550861358,0.4237055778503418,0.09410419464111319
1789688144.400242,0.0000,traffic cone,0.2533,188,98,133,87,3.3727,3.3743,1.3830521,0.011706412,3.0760732,1.3831811,0.011656314,3.0777857,0.11815956234931946,0.4437111899256706,0.09034518003463754,0.10909149646759042,0.4434474676847458,0.09134190082550031
1789688144.446787,0.0000,truck,0.1687,515,371,338,327,4.5133,4.0290,2.778662,-0.020081028,3.556428,2.0962987,0.07646391,3.4398172,0.7919045686721802,0.5731004327535629,0.6725665330886841,1.1538890242576598,0.4265123039484024,0.91387619972229
1789688144.520376,0.0000,traffic cone,0.8225,176,61,80,44,3.8794,3.8709,1.2124212,0.1133133,3.6832817,1.198945,0.18289569,3.6759753,0.14153528213500977,0.36480099707841873,0.08978915214538574,0.14039205312728886,0.2925408273935318,0.0904096841812132
1789688144.567882,0.0000,traffic cone,0.7421,220,73,119,61,3.8142,3.8147,-0.98269135,0.18146951,3.6809223,-0.99028736,0.11291735,3.6822035,0.15619760751724243,0.3885806053876877,0.08777623176574689,0.15007495880126953,0.36295823007822037,0.0843050479888916
1789688144.616574,0.0000,traffic cone,0.6843,251,106,137,75,3.3413,3.3406,0.121126294,0.205509,3.332755,0.1203351,0.1418768,3.3353748,0.20725661981850863,0.3877197653055191,0.09005671739578247,0.15289445295929907,0.32110819071531294,0.07738556861877433
1789688144.663639,0.0000,traffic cone,0.5211,396,198,314,184,3.1452,3.1482,-0.43372074,0.06328072,3.11448,-0.43536764,0.033278577,3.1177397,0.21592718958854673,0.48305141627788545,0.09849593639373788,0.21153474599123,0.4237554594874382,0.09544035196304312
1789688144.710005,0.0000,traffic cone,0.2595,193,98,134,86,3.3751,3.3757,1.382814,0.011715703,3.0787702,1.382814,0.011715703,3.0794578,0.1196247518062592,0.44354248940944674,0.09117668867111206,0.10692763328552246,0.44346722960472107,0.09219306707382202
1789688144.756546,0.0000,truck,0.1722,515,372,345,345,4.5053,4.0610,2.7774491,-0.09042467,3.546177,2.1032567,0.07848714,3.473011,0.7948821902275083,0.5719371229410172,0.6728270888328551,1.1600608825683592,0.43005367517471316,1.0067571640014648
1789688144.828623,0.0000,traffic cone,0.8233,178,61,79,44,3.8783,3.8681,1.2158988,0.11357185,3.6810243,1.1969258,0.1826248,3.6737366,0.14580750465393066,0.3643362671136856,0.0850362777709961,0.14154720306396484,0.29271866232156757,0.0872464418411254
1789688144.878683,0.0000,traffic cone,0.7448,219,73,119,61,3.8114,3.8129,-0.9839691,0.18167654,3.677707,-0.99097335,0.1129877,3.6800964,0.1583027482032776,0.3886410683393478,0.09099073410034153,0.1497974395751953,0.3632395267486572,0.08334207534790039
1789688144.928765,0.0000,traffic cone,0.6869,250,105,136,75,3.3417,3.3412,0.12037013,0.2056131,3.3332112,0.12020218,0.14197916,3.33598,0.2059794522821903,0.38748286962509154,0.09752779006958034,0.15279128812253473,0.32141057699918746,0.0790272235870364
1789688144.976997,0.0000,traffic cone,0.5186,398,197,317,183,3.1466,3.1483,-0.43277228,0.06331457,3.1160219,-0.4330299,0.0032795817,3.1184092,0.21506605148315427,0.4829440534114838,0.09851393699646005,0.21113888025283817,0.42383344769477843,0.09216144084930455
1789688145.021206,0.0000,traffic cone,0.2510,191,98,132,86,3.3740,3.3753,1.3830768,0.011833392,3.0774336,1.3830768,0.011833392,3.0788608,0.11881985068321232,0.4435175657272339,0.09475748538970974,0.10722792148590088,0.44317512959241867,0.09728634357452393
1789688145.054143,0.0000,truck,0.1747,515,372,347,347,4.5061,4.0648,2.778965,-0.055132292,3.5466695,2.1085858,0.07849851,3.4741924,0.7991332411766052,0.5733919039368629,0.6722787499427798,1.157570433616638,0.42989203035831447,0.9941955089569086
1789688145.125520,0.0000,traffic cone,0.8216,176,62,79,44,3.8776,3.8690,1.2138599,0.11344175,3.6809742,1.1973492,0.18296953,3.6744626,0.14623403549194336,0.3644885290414095,0.08749288320541382,0.1378941535949707,0.29224483519792555,0.09127738475799552
1789688145.175128,0.0000,traffic cone,0.7379,220,74,117,61,3.8137,3.8159,-0.982669,0.18150613,3.6804292,-0.9913294,0.11273588,3.683136,0.15926980376243582,0.38614767268300054,0.09266903400421178,0.14838337898254395,0.36332766711711884,0.08445501327514648
1789688145.225379,0.0000,traffic cone,0.6892,248,104,136,74,3.3404,3.3408,0.1207419,0.20516802,3.3318882,0.120608255,0.14170459,3.3356538,0.20706839691847556,0.387624691426754,0.08880681991577166,0.1462327511981129,0.3210987582802773,0.0743272781372073
1789688145.276178,0.0000,traffic cone,0.5180,395,199,315,185,3.1462,3.1488,-0.43358427,0.0632498,3.1155732,-0.43494242,0.003468439,3.1185846,0.21777312159538265,0.48307624757289885,0.1003166675567626,0.21343020200729368,0.423906147480011,0.0919487476348877
1789688145.322449,0.0000,traffic cone,0.2535,191,100,133,86,3.3749,3.3779,1.3828111,0.011813864,3.0785751,1.3828111,0.011813864,3.0818305,0.1229836225509644,0.44351272359490396,0.0929736375808714,0.10776066780090332,0.4432571083307266,0.09627711772918701
1789688145.368595,0.0000,truck,0.1735,513,369,338,335,4.5067,4.0551,2.7851617,-0.09057274,3.541845,2.098732,0.07732545,3.468866,0.797895526885986,0.5724854677915573,0.6722611904144289,1.1522780418395997,0.4292265951633454,0.9729027271270754
1789688145.441480,0.0000,traffic cone,0.8221,179,62,78,44,3.8807,3.8701,1.2144474,0.11350204,3.6840525,1.1974885,0.18281873,3.675632,0.14510790109634386,0.36442450582981106,0.08916088342666662,0.13931731581687923,0.2924504786729813,0.09277564287185669
1789688145.488280,0.0000,traffic cone,0.7413,222,74,117,61,3.8107,3.8140,-0.9807397,0.18157738,3.677893,-0.98919237,0.11348927,3.6817594,0.16144807636737812,0.38654400780797005,0.09731259346008292,0.1525942087173462,0.36305320262908936,0.08799099922180176
1789688145.535922,0.0000,traffic cone,0.6893,246,105,134,75,3.3408,3.3408,0.12129192,0.20521715,3.3322551,0.12081124,0.14162257,3.3355682,0.20578594133257863,0.38745670914649966,0.09088459014892569,0.1532890472561121,0.3214646130800247,0.07789826393127441
1789688145.586457,0.0000,traffic cone,0.5193,400,200,320,186,3.1447,3.1475,-0.43269384,0.06329172,3.114183,-0.4345765,0.003203176,3.1173851,0.21853032261133198,0.4830086141824722,0.09718562364578265,0.2133089005947113,0.42366502434015274,0.09133893251419067
1789688145.633506,0.0000,traffic cone,0.2506,187,98,131,85,3.3737,3.3745,1.3826667,0.04313603,3.0770583,1.3821778,0.011713088,3.0784762,0.11972818374633776,0.44368393570184705,0.09400367736816406,0.10757579803466788,0.4434720754623413,0.09455037117004395
1789688145.680914,0.0000,truck,0.1688,514,370,342,342,4.5060,4.0588,2.7801976,-0.09036639,3.5448835,2.102015,0.07894178,3.4711385,0.7936863780021666,0.5714696794748306,0.6709083914756775,1.1585160613059997,0.42992144972085955,0.988861620426178
1789688145.732981,0.0000,traffic cone,0.8169,178,61,79,45,3.8794,3.8686,1.2122988,0.11339575,3.6833682,1.1977125,0.18286112,3.6740155,0.14174461364746094,0.36456092447042465,0.08909440040588379,0.1387125968933105,0.293106597661972,0.09620614051818865
1789688145.767593,0.0000,traffic cone,0.7396,219,72,118,60,3.8107,3.8146,-0.9819543,0.18151182,3.6775763,-0.99097717,0.14668407,3.6807258,0.16181772649288173,0.3936450790613889,0.09285145998001099,0.1485082060098648,0.3629075985401869,0.08186361789703334
1789688145.812701,0.0000,traffic cone,0.6908,250,105,133,75,3.3402,3.3390,0.12071736,0.20538768,3.3316844,0.12071736,0.14158982,3.3338616,0.20901545509696007,0.3878652423620224,0.08899326324462908,0.15371198095381255,0.3213063225150108,0.07774479389190692
1789688145.859552,0.0000,traffic cone,0.5172,399,200,309,186,3.1462,3.1488,-0.43347728,0.06321464,3.1155362,-0.4349515,0.0032510087,3.118628,0.21749615073204037,0.48320180028676984,0.09397283792495736,0.21269629895687103,0.42382415384054184,0.08991318941116333
1789688145.906782,0.0000,traffic cone,0.2542,189,98,132,86,3.3744,3.3758,1.3827965,0.04313636,3.0777779,1.3827965,0.04313636,3.0793347,0.12130972743034363,0.4435234770178795,0.09588326215744036,0.10641434788703918,0.44341105222702026,0.09784549474716187
1789688145.953600,0.0000,truck,0.1701,512,368,340,340,4.5024,4.0588,2.7764812,-0.09065209,3.5432427,2.1026292,0.078824684,3.4708538,0.7941236972808836,0.5732112064957618,0.6718061566352844,1.1577887952327726,0.4299932673573494,0.9939991593360906
1789688146.032827,0.0000,traffic cone,0.8167,177,60,81,44,3.8780,3.8706,1.214973,0.11356804,3.681045,1.1972452,0.18311214,3.676206,0.14072751998901367,0.3646926246583462,0.08736324310302734,0.14025908112525953,0.29205080047249793,0.09368038177490234
1789688146.079497,0.0000,traffic cone,0.7379,219,74,117,62,3.8121,3.8146,-0.983277,0.18159316,3.6786668,-0.9923056,0.11211318,3.6816137,0.15386176407337182,0.4324731878936291,0.09413776397705043,0.14727128446102145,0.36372578069567674,0.08447563648223877
1789688146.126179,0.0000,traffic cone,0.6895,249,106,133,75,3.3406,3.3392,0.121148884,0.20509267,3.3320897,0.12114272,0.14159743,3.3339639,0.2092468198388815,0.3876339867711067,0.08975064754486084,0.1465816706418991,0.32097777575254444,0.07710437774658185
1789688146.173095,0.0000,traffic cone,0.5135,397,199,307,185,3.1449,3.1485,-0.43259132,0.063238814,3.1143975,-0.43496978,0.0033892095,3.1182585,0.21876144409179682,0.48291458785533903,0.10167260169982928,0.213195526599884,0.423699951171875,0.09390783309936523
1789688146.219054,0.0000,traffic cone,0.2470,190,98,134,86,3.3743,3.3761,1.3827254,0.043221533,3.077631,1.3838652,0.011813752,3.0794053,0.12066117525100695,0.44357184171676634,0.09336600303649911,0.10775008797645569,0.4432355910539627,0.09484171867370605
1789688146.266650,0.0000,truck,0.1651,514,370,347,347,4.5329,4.0672,2.779552,-0.019038841,3.580682,2.1077764,0.079131946,3.4775429,0.7962643980979918,0.5736635655164719,0.6721177816390993,1.157152962684631,0.4294117748737335,0.9889523029327396
1789688146.338979,0.0000,traffic cone,0.8193,179,60,79,43,3.8785,3.8691,1.2146021,0.11339559,3.681695,1.1967114,0.1828948,3.6748357,0.14171186089515664,0.36466132700443266,0.07995843887329102,0.14003604650497437,0.29259853810071945,0.08944272994995117
1789688146.372323,0.0000,traffic cone,0.7378,217,73,119,62,3.8126,3.8157,-0.98291487,0.18130302,3.6792912,-0.98934627,0.11380249,3.6834986,0.1562671542167664,0.43219909965991976,0.09644002914428684,0.1515612810850142,0.36288625597953794,0.09444715976715123
1789688146.417549,0.0000,traffic cone,0.6920,251,105,139,76,3.3419,3.3431,0.12045783,0.20560127,3.3333924,0.1204999,0.14146446,3.3378873,0.20646304413676259,0.38773960173130034,0.08983249664306658,0.15495759062469006,0.32201144099235535,0.07651621103286743
1789688146.459897,0.0000,traffic cone,0.5121,403,200,311,186,3.1446,3.1488,-0.4341342,0.06321827,3.1138349,-0.43440172,0.0032911822,3.1187232,0.21796307265758513,0.4830433249473572,0.09603756666183472,0.21356166899204254,0.42379989475011826,0.08918321132659912
1789688146.493091,0.0000,traffic cone,0.2506,193,98,135,86,3.3759,3.3761,1.3837341,0.011764027,3.079286,1.3837341,0.011764027,3.0794425,0.11933060884475699,0.4435731083154678,0.09464313983917272,0.10877621173858643,0.4435877799987793,0.09829580783843994
1789688146.541378,0.0000,truck,0.1614,513,370,350,350,4.5071,4.1297,2.7839198,-0.02003546,3.5445263,2.1051066,0.07777475,3.552053,0.7989583969116212,0.5722390308976173,0.6708626627922061,1.1619066536426543,0.42920971363782884,0.9924327254295351
1789688146.613340,0.0000,traffic cone,0.8191,177,61,81,45,3.8781,3.8703,1.2129254,0.11343795,3.681758,1.1987746,0.18267488,3.6753807,0.13872313499450684,0.36496008932590485,0.09023284912109375,0.13834776878356925,0.2923894852399826,0.09398498535156241
1789688146.645972,0.0000,traffic cone,0.7351,222,74,118,62,3.8117,3.8131,-0.983022,0.1814704,3.678267,-0.98964393,0.11341241,3.6806889,0.15615977346897136,0.38556867502629755,0.09030832052230853,0.15143917500972737,0.35968730561435225,0.0852459430694581
1789688146.691784,0.0000,traffic cone,0.6949,247,104,133,74,3.3411,3.3403,0.1210473,0.2052721,3.3326325,0.12090042,0.14161772,3.335099,0.20620863623917096,0.38759192153811456,0.08882941007614154,0.14646688345819708,0.3212361380457878,0.07546679973602322
1789688146.738939,0.0000,traffic cone,0.5119,401,200,318,186,3.1468,3.1496,-0.43446648,0.063285574,3.1159716,-0.4360885,0.003204435,3.119308,0.2177188247442245,0.48312295228242874,0.10125735998153651,0.21277721971273422,0.42386462539434433,0.09550857543945312
1789688146.786333,0.0000,traffic cone,0.2544,194,99,136,86,3.3738,3.3755,1.3824797,0.011882544,3.0775485,1.3825979,0.011807501,3.0793161,0.12169603109359728,0.4434861421585083,0.09649415016174334,0.1078539490699768,0.443212665617466,0.0977863073348999
1789688146.832980,0.0000,truck,0.1587,517,374,344,344,4.5326,4.0610,2.7804592,-0.01999931,3.579504,2.1040277,0.08002435,3.4725623,0.7911816716194155,0.5732679635286331,0.6723868250846863,1.1584698915481564,0.429705511033535,0.9903963208198547
1789688146.905584,0.0000,traffic cone,0.8196,177,61,79,44,3.8775,3.8719,1.2140424,0.11266515,3.6807663,1.1976347,0.18283308,3.6774626,0.13981842994689941,0.36422763019800186,0.09177541732788086,0.13834017515182495,0.2925575278699398,0.09401111602783185
1789688146.956416,0.0000,traffic cone,0.7391,221,74,117,61,3.8127,3.8144,-0.9817135,0.18190561,3.67963,-0.9908099,0.11236885,3.6817553,0.16143485009670255,0.386394914612174,0.09461785554885882,0.14691221714019775,0.3631090894341469,0.08576059341430664
1789688147.006844,0.0000,traffic cone,0.6932,248,103,135,74,3.3404,3.3418,0.12086536,0.20577812,3.331893,0.12102449,0.14209233,3.3365684,0.20618900842964644,0.38739532977342606,0.08638119697570801,0.1491325424984097,0.32136251777410507,0.07251313924789438
1789688147.057552,0.0000,traffic cone,0.5159,397,199,315,185,3.1457,3.1498,-0.43269405,0.06326462,3.1151328,-0.43504855,0.0032733083,3.1195846,0.21670145690441128,0.4830893188714981,0.09657757282257062,0.21111653447151185,0.42356752753257754,0.09120559692382812
1789688147.106554,0.0000,traffic cone,0.2497,190,98,132,86,3.3773,3.3777,1.3826609,0.011820801,3.081304,1.3826609,0.011820801,3.0817533,0.11872733235359179,0.443782252073288,0.09432374238967922,0.10567951202392578,0.44366397708654404,0.09516817331314087
1789688147.156244,0.0000,truck,0.1671,510,365,337,328,4.5002,4.0269,2.7853189,-0.09092377,3.5334246,2.0936375,0.07577966,3.4389997,0.7986546039581297,0.5689593017101288,0.6722625732421874,1.1600877046585079,0.42767108529806136,0.9516390085220334
1789688147.207879,0.0000,traffic cone,0.8216,179,62,78,44,3.8801,3.8698,1.2150049,0.1135456,3.6832457,1.1964462,0.18275248,3.6756454,0.14609423279762246,0.36477822661399845,0.09067145586013803,0.14092727303504948,0.2922158144414425,0.09270317554473895
1789688147.257484,0.0000,traffic cone,0.7386,219,73,116,60,3.8110,3.8135,-0.9841954,0.18151042,3.6772294,-0.9895676,0.11238125,3.6811123,0.15469058752059928,0.3889412015676498,0.0951946735382081,0.14202534854412074,0.363186251744628,0.08991117477416966
1789688147.308988,0.0000,traffic cone,0.6954,247,105,135,75,3.3407,3.3415,0.12107122,0.20577005,3.3321855,0.12024519,0.14196846,3.336321,0.20499660223722455,0.3876967787742615,0.09057683944702166,0.15232552066445348,0.3211527794599533,0.07395501136779803
1789688147.359782,0.0000,traffic cone,0.5156,394,199,305,185,3.1455,3.1497,-0.43364048,0.06326544,3.1148584,-0.4336663,0.0032544434,3.1196601,0.21802184879779818,0.48331973850727084,0.09734349250793484,0.2129725754261017,0.423693859577179,0.09033584594726562
1789688147.405595,0.0000,traffic cone,0.2534,188,98,133,86,3.3729,3.3741,1.3825247,0.04314526,3.0762286,1.3825247,0.04314526,3.0775719,0.1208014726638793,0.44363776594400406,0.09385870695114118,0.10654139518737793,0.44350607693195343,0.09702485799789429
1789688147.453056,0.0000,truck,0.1654,515,371,350,350,4.5097,4.0954,2.7781808,-0.019816771,3.5522428,2.1056623,0.07920927,3.5117226,0.7923973798751831,0.5751287490129471,0.6723343133926392,1.1570317566394808,0.42944288402795794,0.9863619446754459
1789688147.510264,0.0000,traffic cone,0.8220,177,61,80,44,3.8802,3.8723,1.2147769,0.11311802,3.6834135,1.1972325,0.18286407,3.6780596,0.13953959941864014,0.3646596148610115,0.09155750274658203,0.13737767934799194,0.29269037246704105,0.09220883846282968
1789688147.551392,0.0000,traffic cone,0.7336,219,74,118,61,3.8124,3.8133,-0.98145294,0.18165967,3.6794555,-0.99078816,0.11244863,3.6805964,0.1625119000673294,0.3875414188951254,0.09237104654312134,0.1467818021774292,0.36314643174409866,0.08262133598327637
1789688147.602338,0.0000,traffic cone,0.6945,250,103,136,74,3.3385,3.3413,0.12070792,0.20560801,3.3299327,0.12116681,0.1416731,3.3360689,0.20774834156036368,0.3877338618040085,0.08941185474395752,0.1501841247081756,0.3217520177364349,0.07413251399993914
1789688147.650646,0.0000,traffic cone,0.5187,396,199,317,185,3.1460,3.1497,-0.4351861,0.0632932,3.1151013,-0.43573916,0.06303671,3.1187491,0.21565837860107417,0.48314436972141267,0.09827325344085702,0.21329770088195799,0.42362692952156067,0.09279232025146511
1789688147.696997,0.0000,traffic cone,0.2581,188,99,129,85,3.3743,3.3761,1.3831847,0.01163508,3.0778022,1.3831847,0.011634603,3.0796769,0.12192902565002428,0.4436700642108917,0.0915032386779786,0.1038594484329225,0.4434329211711884,0.09501366615295392
1789688147.743799,0.0000,truck,0.1599,511,368,341,340,4.5091,4.0581,2.7878819,-0.09040089,3.5427547,2.1002917,0.078725085,3.4714742,0.7941926121711731,0.5706594988703728,0.673036515712738,1.1706652760505678,0.43009562641382215,1.0305395841598513
1789688147.815099,0.0000,traffic cone,0.8210,179,62,79,45,3.8820,3.8750,1.2149638,0.11371881,3.6852648,1.1988646,0.18274494,3.6803122,0.14495619535446158,0.36459456384181976,0.09181296825408936,0.13880562782287598,0.2926314055919647,0.09590597152709934
1789688147.865771,0.0000,traffic cone,0.7329,219,73,117,61,3.8137,3.8165,-0.9835082,0.18160693,3.6802058,-0.9916396,0.11281435,3.6836429,0.15870561599731436,0.3888758510351181,0.09342546463012669,0.1504453420639038,0.36280178278684616,0.08442330360412598
1789688147.913487,0.0000,traffic cone,0.6968,249,106,136,75,3.3409,3.3399,0.12018673,0.20542766,3.332376,0.12011613,0.14169203,3.3347204,0.20841058809310198,0.38749296218156815,0.09183204174041748,0.1521891567856073,0.3214211776852608,0.07872321605682364
1789688147.948239,0.0000,traffic cone,0.5201,396,199,319,185,3.1459,3.1481,-0.43312663,0.06324753,3.115282,-0.43578368,0.003337726,3.1178272,0.21595364511013038,0.4829499155282974,0.09697909355163548,0.21105642914772038,0.4237794816493988,0.09219055175781232
1789688147.993833,0.0000,traffic cone,0.2552,186,97,129,86,3.3746,3.3758,1.3828402,0.011692032,3.0782323,1.3836789,0.01165884,3.0791597,0.11805214881896964,0.4434797286987305,0.0972420692443845,0.10760393738746643,0.4434010535478592,0.09805428981781006
1789688148.040612,0.0000,truck,0.1656,516,374,349,349,4.5466,4.1708,2.7755914,-0.019756563,3.6009994,2.1083398,0.07956244,3.5977716,0.7903457522392272,0.5756360560655593,0.6715262293815614,1.1559334993362427,0.42957106828689573,0.9874517440795896
1789688148.113122,0.0000,traffic cone,0.8195,177,61,81,44,3.8790,3.8725,1.2157943,0.11426519,3.6817749,1.196969,0.18284783,3.6783144,0.14592373371124268,0.3646608591079712,0.08879661560058594,0.14256913065910326,0.29287244528532025,0.09148849248886082
1789688148.163133,0.0000,traffic cone,0.7334,220,74,115,62,3.8115,3.8146,-0.9829581,0.1815778,3.6781085,-0.98989826,0.11353727,3.682154,0.1560903519392014,0.3847718935459852,0.09573330879211417,0.14905902147293082,0.3592039283365011,0.0874704122543335
1789688148.212460,0.0000,traffic cone,0.6967,248,107,135,76,3.3415,3.3407,0.12034493,0.20536508,3.3329775,0.12029666,0.14172842,3.3355088,0.20965604111552236,0.3877668842673302,0.09183373451232901,0.15238933730870485,0.32164251804351807,0.07789987325668335
1789688148.262024,0.0000,traffic cone,0.5201,397,199,321,185,3.1460,3.1476,-0.43349904,0.063298196,3.1153545,-0.43531537,0.0034293383,3.1173782,0.21486385166645056,0.4829807966947556,0.0968369483947753,0.20972405076026918,0.42384337782859804,0.09279527664184561
1789688148.312247,0.0000,traffic cone,0.2619,190,99,133,87,3.3750,3.3781,1.3830304,0.0119550675,3.0785701,1.3832705,0.011783585,3.0818384,0.12002742290496826,0.44364119023084636,0.09486179351806667,0.10858924388885494,0.44331934601068496,0.09651145935058603
1789688148.361919,0.0000,truck,0.1576,516,371,350,350,4.5465,4.1728,2.7747262,-0.019861042,3.601592,2.1106763,0.07977672,3.5987267,0.786666989326477,0.575083315372467,0.6723796129226685,1.1561147332191468,0.429363751411438,0.9899121642112734
1789688148.419427,0.0000,traffic cone,0.8171,179,61,80,45,3.8784,3.8701,1.214268,0.11347945,3.6817133,1.1978354,0.18293889,3.675536,0.1419353485107422,0.3647035285830498,0.08459997177124023,0.13999881744384757,0.29306116998195647,0.09224252700805646
1789688148.466149,0.0000,traffic cone,0.7307,217,71,115,60,3.8132,3.8155,-0.9818701,0.1811953,3.6801832,-0.9908981,0.11380184,3.6827974,0.15710091590881348,0.3961879014968872,0.09088134765625,0.148486226797104,0.36301870420575144,0.08358396291732806
1789688148.500488,0.0000,traffic cone,0.6949,248,105,136,76,3.3406,3.3399,0.12111663,0.2052011,3.3321052,0.120648265,0.14178701,3.3347418,0.20631653442978853,0.3873998552560806,0.09271159172058141,0.15238899271935225,0.3214871175587177,0.08148294687271118
1789688148.547318,0.0000,traffic cone,0.5200,399,198,324,185,3.1452,3.1489,-0.43292862,0.06334048,3.114625,-0.43296188,0.0032314658,3.1189768,0.21507747024297702,0.48309699892997743,0.09894882440566999,0.21310387253761287,0.4238232284784317,0.09104099273681632
1789688148.593784,0.0000,traffic cone,0.2497,191,97,135,86,3.3736,3.3757,1.3826556,0.011785343,3.0771804,1.3833815,0.011718102,3.0792487,0.1183841705322266,0.44381300210952757,0.09144549369811994,0.10938555002212524,0.4436444193124771,0.09247565269470215
1789688148.640681,0.0000,truck,0.1540,520,377,348,348,4.5458,4.1368,2.774848,-0.019216835,3.6005967,2.109194,0.08025463,3.557778,0.7879146575927733,0.5756554037332535,0.6725693225860594,1.1571967363357545,0.43030106052756306,1.0026332378387441
1789688148.690124,0.0000,traffic cone,0.8167,178,61,79,44,3.8804,3.8735,1.2149462,0.11321017,3.6835291,1.1973903,0.18277389,3.679228,0.13986611366271973,0.3647429943084717,0.08964896202087402,0.13845364451408404,0.29335096180438996,0.09399755001068133
1789688148.723179,0.0000,traffic cone,0.7301,220,75,117,62,3.8122,3.8147,-0.98290765,0.18126655,3.6788886,-0.99116606,0.11223848,3.6820107,0.15837070941925058,0.43354599326848986,0.09557733535766566,0.149144947528839,0.3630222611129284,0.08500729799270657
1789688148.768111,0.0000,traffic cone,0.6959,247,103,133,74,3.3388,3.3413,0.121737555,0.20546484,3.3302543,0.12177389,0.14159995,3.3361263,0.20797436349093906,0.387828154861927,0.08849842548370335,0.14843520373105998,0.3214506618678569,0.0765539050102233
1789688148.814743,0.0000,traffic cone,0.5201,396,200,317,186,3.1464,3.1482,-0.433447,0.06342022,3.11571,-0.43463793,0.003266193,3.118034,0.2172040611505508,0.4831282436847687,0.10300703048706072,0.2139730602502823,0.4240342900156975,0.09253448247909546
1789688148.862585,0.0000,traffic cone,0.2468,189,99,133,87,3.3754,3.3764,1.3842078,0.011806071,3.078495,1.3842078,0.011806071,3.079603,0.1200513362884521,0.4436005115509033,0.09518418312072763,0.10594357252120967,0.44362265765666964,0.09698863029479954
1789688148.907444,0.0000,truck,0.1546,514,370,345,334,4.5073,4.0390,2.7842886,-0.019967243,3.5444646,2.0934396,0.07802905,3.4532995,0.7988253474235534,0.573166461288929,0.6715406775474548,1.1553108096122742,0.4264307051897049,0.9373486518859862
1789688148.953357,0.0000,traffic cone,0.1508,73,43,50,26,5.9968,5.9860,-1.2100489,0.15046668,5.871524,-1.1859627,0.095852576,5.8665648,0.2019805908203125,0.33375614210963245,0.10520071983337331,0.11965972185134888,0.33270434476435184,0.025403499603271484
1789688149.026187,0.0000,traffic cone,0.8190,178,61,78,44,3.8794,3.8726,1.2137812,0.11345804,3.6829276,1.1962934,0.18255627,3.6786695,0.14068162441253662,0.36448899656534195,0.09306049346923828,0.13987025022506705,0.2931274257600307,0.09631392955780038
1789688149.077278,0.0000,traffic cone,0.7294,212,73,115,61,3.8130,3.8156,-0.9814606,0.18175471,3.6800842,-0.9910804,0.113000125,3.6829357,0.161672568321228,0.3906959921121597,0.09297871589660645,0.1518237590789795,0.36318252980709076,0.08289718627929688
1789688149.128491,0.0000,traffic cone,0.6927,250,104,140,75,3.3409,3.3411,0.12061816,0.20554937,3.3323507,0.12044881,0.14172214,3.3359368,0.20664073918014758,0.387778926640749,0.08865972757339469,0.15361314900219436,0.3213265404105186,0.07883014678955069
1789688149.176468,0.0000,traffic cone,0.5210,396,199,316,185,3.1463,3.1502,-0.4315321,0.06335367,3.1159632,-0.43395188,0.003223434,3.120143,0.21704732179641728,0.48296426236629486,0.09894585609436035,0.21066411733627322,0.42377074956893923,0.09142560958862322
1789688149.223087,0.0000,traffic cone,0.2531,187,98,131,86,3.3751,3.3757,1.3842027,0.043323547,3.0778847,1.3842027,0.043323547,3.0785809,0.12196047902107243,0.4437185987830162,0.09541120529174796,0.10613563656806946,0.4436272010207176,0.10050153732299805
1789688149.269205,0.0000,truck,0.1568,512,369,342,335,4.5055,4.0367,2.7764218,-0.020135164,3.5482943,2.0987027,0.077925146,3.4473302,0.7942701816558837,0.5752847671508788,0.6729694366455079,1.1545990586280825,0.4275266170501709,0.9455294370651246
1789688149.341967,0.0000,traffic cone,0.8208,178,61,79,45,3.8787,3.8726,1.2140658,0.11357856,3.6820877,1.1974022,0.1828494,3.6782405,0.1406240463256836,0.3642379567027092,0.09327435493469238,0.1379196166992187,0.29255250692367557,0.09358906745910645
1789688149.374860,0.0000,traffic cone,0.7301,214,72,117,60,3.8083,3.8150,-0.9840688,0.18150954,3.6744838,-0.99087375,0.14652285,3.6811147,0.15659841597080226,0.39265399649739263,0.089358699321747,0.14690285027027117,0.3633011501282454,0.08071246147155797
1789688149.415062,0.0000,traffic cone,0.6881,250,105,133,74,3.3403,3.3410,0.120072894,0.205771,3.331812,0.12003259,0.14139694,3.3358827,0.20748863071203233,0.38760533928871155,0.08832826614379874,0.14662409704178564,0.32155383899807927,0.07263106107711792
1789688149.447045,0.0000,traffic cone,0.5184,399,200,316,186,3.1453,3.1493,-0.43292376,0.063290745,3.1146822,-0.43506312,0.003353335,3.1190982,0.21815048307180407,0.48285684138536455,0.09519914388656625,0.21285255998373032,0.423850417137146,0.09081798791885376
1789688149.493473,0.0000,traffic cone,0.2476,192,97,133,85,3.3761,3.3762,1.3826838,0.011830449,3.0799575,1.3826838,0.011830449,3.0801055,0.11916913986206046,0.44360591173172,0.09386305809021023,0.10623841285705549,0.4434900224208832,0.09483451843261692
1789688149.539322,0.0000,truck,0.1531,514,369,40,27,4.5065,4.4003,2.780584,-0.020004809,3.546315,2.9749231,-0.018942773,3.2422771,0.7933548927307128,0.5743827164173126,0.671698808670044,0.1364218711853029,0.16033347174525261,0.15475063323974592
1789688149.620680,0.0000,traffic cone,0.8205,178,60,78,42,3.8793,3.8678,1.2131646,0.11286615,3.6830156,1.1954732,0.18275656,3.6738658,0.13376258015632625,0.36420761756598946,0.08717305660247776,0.12888780832290636,0.29153831005096437,0.09543125629425075
1789688149.671546,0.0000,traffic cone,0.7286,217,73,116,60,3.8126,3.8136,-0.9833753,0.18151197,3.6791563,-0.99005187,0.11224806,3.681147,0.16171550750732422,0.38946110010147095,0.08979578018188494,0.1446595549583436,0.3630738086998463,0.08397824764251727
1789688149.718060,0.0000,traffic cone,0.6833,248,104,135,75,3.3411,3.3421,0.120631255,0.20580652,3.3325636,0.12076463,0.14177185,3.336872,0.20910130590200424,0.387949600815773,0.08760068416595468,0.1543255291879177,0.32076712548732755,0.07782135009765634
1789688149.766637,0.0000,traffic cone,0.5182,397,199,317,185,3.1473,3.1496,-0.43377686,0.0633136,3.1166391,-0.43456882,0.0034130812,3.119432,0.2167647421360016,0.48305232226848605,0.10014867782592773,0.21203612089157098,0.42383899390697477,0.09204044342041007
1789688149.811475,0.0000,traffic cone,0.2428,191,98,131,85,3.3740,3.3741,1.3829458,0.0117793605,3.0775342,1.3826889,0.011816651,3.077805,0.12049070000648499,0.4434381812810898,0.09686057567596418,0.1067438364028932,0.4433300614356995,0.09908256530761728
1789688149.884797,0.0000,traffic cone,0.8209,177,61,78,44,3.8783,3.8729,1.2146364,0.11359146,3.6813855,1.1975789,0.18263039,3.6785805,0.1417304277420044,0.3642010763287544,0.08395957946777344,0.14020088911056527,0.29283848330378537,0.09246038198471052
1789688149.935314,0.0000,traffic cone,0.7321,213,73,114,59,3.8117,3.8118,-0.9832276,0.18171921,3.6782064,-0.988441,0.11202857,3.6797266,0.15646697282791144,0.38882828652858736,0.08948755264282227,0.1353918671607971,0.36334065124392506,0.08231627941131592
1789688149.985486,0.0000,traffic cone,0.6811,248,103,135,74,3.3400,3.3409,0.12176332,0.20545682,3.331481,0.12153492,0.14150561,3.3356442,0.2084866162389516,0.3880221590399742,0.08771388530731183,0.14780281502753492,0.32109530493617056,0.0740862965583804
1789688150.036878,0.0000,traffic cone,0.5149,401,200,320,186,3.1470,3.1490,-0.433651,0.06335077,3.1163762,-0.43488464,0.0032060146,3.1188366,0.21759387403726577,0.4831344038248062,0.0983502507209777,0.21408433467149734,0.4237995892763138,0.09348130226135254
1789688150.095813,0.0000,traffic cone,0.2361,191,98,134,85,3.3737,3.3751,1.3826985,0.043123633,3.0770783,1.3828533,0.011798948,3.0787487,0.1191815316677094,0.44368277937173844,0.093181312084198,0.10658633708953857,0.44360374510288236,0.0970315933227539
1789688150.140862,0.0000,traffic cone,0.8223,177,61,80,45,3.8772,3.8721,1.2115986,0.113218725,3.681283,1.1987003,0.18299958,3.6773453,0.13978254795074463,0.36475979536771774,0.08799552917480469,0.13738782405853267,0.29342214167118075,0.09323158264160147
1789688150.190513,0.0000,traffic cone,0.7342,218,74,113,60,3.8122,3.8133,-0.9830067,0.18143658,3.6787734,-0.9872655,0.11284533,3.6815646,0.1570316791534424,0.38524967506527896,0.09193742275238037,0.14106152355670942,0.36324291825294497,0.08812493085861206
1789688150.240519,0.0000,traffic cone,0.6794,248,104,135,75,3.3383,3.3376,0.120819375,0.20581658,3.3297806,0.120504744,0.14201233,3.3324225,0.2059117313474416,0.38786583468317987,0.09020717144012425,0.1531103372573852,0.3208973720669746,0.07407469749450657
1789688150.286609,0.0000,traffic cone,0.5170,395,198,317,184,3.1460,3.1500,-0.43355632,0.063316785,3.1153104,-0.43424818,0.03311705,3.1197615,0.2169916495680808,0.4833525538444519,0.09880871772766131,0.2112406760454178,0.4237841248512268,0.09100685119628915
1789688150.332362,0.0000,traffic cone,0.2283,190,99,132,86,3.3766,3.3765,1.3846581,0.0116607845,3.0796313,1.3834221,0.011749297,3.0800214,0.1194517970085145,0.4435022950172424,0.09927701950073242,0.1060132086277008,0.4431294575333595,0.10067641735076904
1789688150.387019,0.0000,traffic cone,0.8193,178,61,80,45,3.8791,3.8687,1.2137909,0.113454476,3.6825771,1.1994234,0.18283258,3.6735249,0.13981759548187256,0.3647490665316582,0.08780050277709961,0.13709616661071755,0.2928862750530243,0.09023523330688477
1789688150.429168,0.0000,traffic cone,0.7330,218,72,113,58,3.8127,3.8134,-0.98226446,0.18175523,3.6795588,-0.9892786,0.14623085,3.6799338,0.15799520909786224,0.39294786863029,0.08865039348602322,0.14031953513622275,0.36319674588739875,0.08200657367706299
1789688150.479440,0.0000,traffic cone,0.6719,248,103,137,74,3.3399,3.3402,0.121449,0.20536308,3.3314059,0.12182082,0.14166254,3.3350072,0.2075588218867778,0.3875950247049331,0.09098725318908718,0.14768472015857692,0.3217480145394802,0.0769430041313175
1789688150.528579,0.0000,traffic cone,0.5163,400,198,319,184,3.1458,3.1485,-0.43284827,0.06336981,3.1152806,-0.4339879,0.033243366,3.118283,0.21805349588394168,0.4829835258424282,0.10160980224609384,0.2137768894433975,0.4236390449106693,0.0930508136749264
1789688150.576051,0.0000,traffic cone,0.2291,192,100,134,87,3.3740,3.3740,1.3821068,0.011809081,3.0778768,1.3820156,0.011843264,3.0778995,0.12095456123352055,0.4436374455690384,0.0928899168968198,0.10820596218109135,0.44357876777648925,0.09426467418670681
1789688150.639010,0.0000,traffic cone,0.8188,177,61,78,43,3.8795,3.8700,1.2139446,0.113378346,3.6828852,1.1951709,0.18318501,3.6762776,0.14168322086334229,0.3646252751350403,0.0917656421661377,0.1318461537361144,0.29300210624933243,0.09448068141937283
1789688150.673336,0.0000,traffic cone,0.7309,219,73,114,60,3.8121,3.8134,-0.9833403,0.18130296,3.6785994,-0.9873487,0.1124095,3.6816714,0.15830347537994394,0.3892234593629837,0.0941102981567381,0.13709810674190526,0.3634924661368132,0.09041490554809561
1789688150.722289,0.0000,traffic cone,0.6712,247,102,140,74,3.3398,3.3442,0.121852614,0.20540315,3.331255,0.1225504,0.14179587,3.3389516,0.20912159644067274,0.3875778906047344,0.08589733839035008,0.14905532002449032,0.32147341668605806,0.07233200073242152
1789688150.768271,0.0000,traffic cone,0.5156,399,199,316,185,3.1462,3.1491,-0.43448922,0.063375816,3.115384,-0.43489203,0.0032802522,3.118878,0.21574837863445284,0.48304903507232666,0.09672122001647976,0.21133074760437004,0.4236957609653473,0.09275403022766104
1789688150.815507,0.0000,traffic cone,0.2257,189,100,131,86,3.3758,3.3776,1.3839281,0.043234088,3.078819,1.3839281,0.011808813,3.081029,0.12105442881584172,0.443610680103302,0.09610538482666042,0.10909906029701233,0.4434289038181305,0.09672385454177856
1789688150.864014,0.0000,traffic cone,0.8187,179,61,81,44,3.8809,3.8671,1.2134874,0.11379148,3.6845775,1.1980675,0.18294182,3.6722784,0.14043283462524414,0.3645692765712738,0.0888509750366211,0.1403511524200438,0.2927912078797817,0.09199295043945321
1789688150.896758,0.0000,traffic cone,0.7302,220,74,115,59,3.8134,3.8155,-0.9834262,0.1816632,3.6799634,-0.9889221,0.11173548,3.6834016,0.1607218503952027,0.3867206886410713,0.09544558525085467,0.142484438419342,0.3635001815855503,0.08546216487884539
1789688150.944828,0.0000,traffic cone,0.6697,246,104,136,74,3.3414,3.3411,0.120587364,0.20512496,3.3329017,0.12052177,0.14181091,3.335877,0.2064024563878774,0.3877812586724758,0.0896674394607544,0.14633391797542566,0.3213103972375393,0.07743360996246329
1789688150.990893,0.0000,traffic cone,0.5133,401,199,319,185,3.1468,3.1489,-0.43330607,0.06332694,3.116204,-0.43532625,0.003271088,3.1186268,0.21708494722843164,0.482892644405365,0.09716889858245858,0.21273711323738093,0.4236901134252548,0.09446196556091335
1789688151.038311,0.0000,traffic cone,0.2208,191,98,134,86,3.3747,3.3758,1.3825662,0.011738077,3.0784435,1.3825662,0.011738077,3.0796506,0.11843827366828918,0.44368883892893796,0.09364964962005606,0.10515686869621277,0.44336147233843803,0.09431540966033936
1789688151.156699,0.0000,traffic cone,0.8158,178,62,79,45,3.8805,3.8705,1.2155023,0.113658994,3.6834137,1.1998323,0.18291464,3.6752713,0.1455616176128387,0.3648243404924869,0.08752770423889134,0.14078872203826887,0.29300006926059724,0.0905933856964114
1789688151.192853,0.0000,traffic cone,0.7327,219,73,113,60,3.8125,3.8124,-0.98217356,0.18140405,3.6793215,-0.9881504,0.11282985,3.6803775,0.15812432765960682,0.38897086083889004,0.08736553192138663,0.13828910589218135,0.3628678537905216,0.08612658977508536
1789688151.235301,0.0000,traffic cone,0.6622,248,106,134,75,3.3430,3.3413,0.120283745,0.20569742,3.334546,0.12017961,0.14177248,3.336109,0.20768887177109718,0.3876137137413025,0.09091246128082275,0.15267513655126091,0.3214381977915764,0.07597370147705051
1789688151.282029,0.0000,traffic cone,0.5031,397,198,319,184,3.1460,3.1478,-0.43372798,0.06331398,3.115323,-0.4350268,0.033230826,3.1174068,0.2166264265775681,0.4833722710609436,0.099249315261841,0.2106823593378067,0.42371719628572463,0.09267634153366089
1789688151.326972,0.0000,traffic cone,0.2075,191,99,134,85,3.3759,3.3759,1.383273,0.0118827075,3.0794432,1.383273,0.0118827075,3.0794759,0.12178996801376352,0.44378108978271485,0.09404661655426017,0.10741727352142316,0.44347493946552274,0.09691233634948704
1789688151.413831,0.0000,traffic cone,0.8163,177,62,80,45,3.8795,3.8679,1.213809,0.1136041,3.6829963,1.1973484,0.18286993,3.6733713,0.1459123849868773,0.3643437091261148,0.09060078859329224,0.13649687767028795,0.2928265333175659,0.0930673122406005
1789688151.454428,0.0000,traffic cone,0.7366,220,73,114,61,3.8120,3.8152,-0.9821605,0.18135582,3.6788263,-0.9881572,0.11347045,3.6832428,0.15780736207962032,0.38878658711910247,0.09219546318054217,0.141862690448761,0.36311372369527817,0.08811140060424805
1789688151.503983,0.0000,traffic cone,0.6587,247,103,144,74,3.3409,3.3414,0.12074648,0.2050509,3.3324451,0.12045726,0.14184204,3.3362098,0.20566644854843608,0.38728664368391036,0.08954439163208017,0.14683151077479117,0.32162157818675036,0.07775548696517953
1789688151.545141,0.0000,traffic cone,0.5036,395,199,314,185,3.1461,3.1491,-0.43324262,0.0633858,3.1154714,-0.4353389,0.0033138096,3.118813,0.2177514255046844,0.48328369557857515,0.09543478488922119,0.21199034452438353,0.4239023208618164,0.09309234619140616
1789688151.576775,0.0000,traffic cone,0.2033,190,99,135,87,3.3747,3.3773,1.3817506,0.011749938,3.0788083,1.3844235,0.01171799,3.0805326,0.12052481174468999,0.44353037476539614,0.09133234024047843,0.10725398063659664,0.4431936860084534,0.09629707336425763
1789688151.685334,0.0000,traffic cone,0.8136,177,61,79,44,3.8814,3.8720,1.2152394,0.11350353,3.6844726,1.1975377,0.18292286,3.6775985,0.14173054695129395,0.36468032002449036,0.08699655532836914,0.1420396327972413,0.29312746226787567,0.0903272032737732
1789688151.725497,0.0000,traffic cone,0.7383,219,73,112,60,3.8148,3.8170,-0.98304653,0.18154432,3.681532,-0.99024254,0.14627786,3.6833773,0.15819536447525018,0.388566517829895,0.08903284072875994,0.14405751824378965,0.3634830091148615,0.0811658143997196
1789688151.775227,0.0000,traffic cone,0.6539,247,104,141,74,3.3407,3.3422,0.12172142,0.2060999,3.3320923,0.12172142,0.14168501,3.3369327,0.20921816397458312,0.3878750823438168,0.08533509969711295,0.14744528420269484,0.3212107546627521,0.07327506542205775
1789688151.825053,0.0000,traffic cone,0.5002,398,198,315,184,3.1470,3.1489,-0.43284908,0.06327668,3.1164842,-0.43508685,0.003316097,3.1186645,0.21645370125770558,0.4831604272127151,0.0968335509300231,0.21100399941205983,0.4237135127186775,0.09183467626571673
1789688151.871272,0.0000,traffic cone,0.2032,193,99,136,86,3.3745,3.3759,1.3823524,0.011796966,3.0783517,1.3828028,0.011741124,3.079694,0.1206816792488099,0.44373575150966643,0.09086871147155762,0.10546711087226868,0.4436379224061966,0.09588050842285156
1789688151.916959,0.0000,truck,0.1511,511,367,40,28,4.5044,4.4029,2.7855597,-0.020110011,3.539742,2.9773154,-0.01776439,3.243609,0.79624662399292,0.5721410155296325,0.6716036796569824,0.1296985983848571,0.1605400387197733,0.14847074747085554
1789688151.992091,0.0000,traffic cone,0.8144,177,61,79,44,3.8786,3.8695,1.2132238,0.112872094,3.6822915,1.1966149,0.18299814,3.6752324,0.1379760503768921,0.36481256783008575,0.08793449401855469,0.13800171613693224,0.29240954592823987,0.09414954185485858
1789688152.043474,0.0000,traffic cone,0.7367,218,73,112,59,3.8108,3.8119,-0.9830898,0.18186253,3.677332,-0.990054,0.11201146,3.6793427,0.15820662975311262,0.38927779793739314,0.09253225326538095,0.1411765038967132,0.3633653029799461,0.08258218765258807
1789688152.090237,0.0000,traffic cone,0.6535,247,104,134,74,3.3401,3.3408,0.12142584,0.20524389,3.33153,0.12142584,0.141418,3.3355525,0.20519751794636243,0.38773604556918145,0.08819441795349103,0.1464479357004165,0.32140809670090675,0.07496042251586887
1789688152.135647,0.0000,traffic cone,0.4961,392,197,309,183,3.1469,3.1478,-0.43306166,0.06339079,3.1162863,-0.43511665,0.003251627,3.1176095,0.21505995988845827,0.4828308343887329,0.09876756668090847,0.20987011790275578,0.4237988471984863,0.09232611656188938
1789688152.181506,0.0000,traffic cone,0.1992,189,99,134,87,3.3757,3.3763,1.3832178,0.011912286,3.0792413,1.3832178,0.011912286,3.079914,0.12132292985916138,0.44391636848449706,0.09118490219116193,0.10816202163696298,0.44384836256504057,0.09259710311889657
1789688152.223792,0.0000,truck,0.1529,516,371,40,28,4.5117,4.4007,2.7792902,-0.019514859,3.5539365,2.9784172,-0.017838404,3.2395408,0.7922074794769287,0.5739093571901321,0.671818733215332,0.12759900093078613,0.16025373302400112,0.15221514701843253
1789688152.285409,0.0000,traffic cone,0.8130,176,60,79,44,3.8751,3.8696,1.2127515,0.11293097,3.6786768,1.1969614,0.1829012,3.6752472,0.13687802553176875,0.3640601634979248,0.08658146858215332,0.12613268494606,0.29163856655359266,0.09616780281066895
1789688152.331695,0.0000,traffic cone,0.7384,220,74,115,60,3.8127,3.8139,-0.9818405,0.1814873,3.6796381,-0.9879278,0.111607805,3.6820183,0.15791863203048695,0.3852853413671255,0.09174376726150513,0.1425171434879302,0.363282285630703,0.08830511569976807
1789688152.376580,0.0000,traffic cone,0.6523,248,104,138,75,3.3428,3.3427,0.12129915,0.20560023,3.33424,0.121010944,0.14140603,3.337499,0.2084059510380029,0.3875143505632877,0.09014701843261719,0.15573979355394837,0.3218899562954903,0.07895750999450657
1789688152.422514,0.0000,traffic cone,0.4938,397,199,315,185,3.1459,3.1508,-0.43373248,0.06344098,3.115247,-0.43610415,0.0032641143,3.1204536,0.21550424993038175,0.48333227038383486,0.09684979915618896,0.21214032769203184,0.4237240493297577,0.09098525047302264
1789688152.467566,0.0000,traffic cone,0.1977,187,98,132,86,3.3753,3.3771,1.383013,0.043297544,3.078683,1.383013,0.011893921,3.0808625,0.11928687691688533,0.4438125118613243,0.09395953416824332,0.1078464686870575,0.44365018606185913,0.09421443939208984
1789688152.513418,0.0000,truck,0.1577,512,370,40,27,4.5062,4.3999,2.7789466,-0.019812271,3.5472572,2.9767914,-0.019089907,3.2399151,0.7945236444473265,0.5756342694163322,0.67149453163147,0.13361244201660138,0.16043634861707687,0.1516326189041135
1789688152.565779,0.0000,traffic cone,0.8112,176,61,79,44,3.8772,3.8715,1.2144198,0.113476574,3.6803553,1.1987087,0.18299776,3.6766846,0.14009666442871094,0.36436282843351364,0.08434486389160156,0.1390762567520143,0.29217593446373935,0.09158453941345224
1789688152.594823,0.0000,traffic cone,0.7401,221,73,115,60,3.8125,3.8160,-0.9821009,0.1817702,3.6793587,-0.9897255,0.14625452,3.682552,0.15723958015441886,0.4320008009672165,0.09163451194763184,0.14438265264034267,0.3631410147994757,0.08308711051940909
1789688152.642937,0.0000,traffic cone,0.6447,248,104,140,75,3.3413,3.3414,0.12105867,0.20557363,3.332779,0.12114798,0.1418111,3.3361504,0.2064764335751533,0.3873599946498871,0.09176242351531982,0.15437061004340646,0.32117039412260057,0.07953898906707746
1789688152.691777,0.0000,traffic cone,0.4953,398,200,315,186,3.1482,3.1492,-0.43334678,0.06331891,3.117608,-0.43480244,0.0032492206,3.11901,0.2166949123144149,0.48320299088954927,0.09695401191711417,0.2125149741768837,0.42377969622612,0.0915977954864502
1789688152.739927,0.0000,traffic cone,0.2001,193,99,134,85,3.3769,3.3774,1.384985,0.0118312985,3.0798266,1.384985,0.0118312985,3.0803573,0.11936311721801762,0.4437107354402542,0.09519467353820765,0.10604605674743639,0.4435443013906479,0.09825782775878888
1789688152.788880,0.0000,truck,0.1563,516,371,41,28,4.5034,4.4006,2.779817,-0.020083696,3.5429595,2.9756768,-0.017939374,3.2419953,0.7983450889587402,0.5721149444580078,0.6716930866241455,0.1315041184425354,0.160620591789484,0.1490310311317442
1789688152.863230,0.0000,traffic cone,0.8123,176,60,81,44,3.8794,3.8689,1.2135727,0.11281896,3.6829286,1.198581,0.18261983,3.674064,0.13932577967643756,0.36403720527887345,0.08730883598327654,0.1256121039390563,0.2921270668506622,0.08987917900085485
1789688152.912506,0.0000,traffic cone,0.7407,216,72,111,60,3.8137,3.8161,-0.9813086,0.1816809,3.6808257,-0.9887694,0.1472274,3.6828198,0.15900222063064584,0.39269917160272594,0.08713024854660034,0.14411132335662835,0.3630619034171104,0.08783264160156223
1789688152.955896,0.0000,traffic cone,0.6435,247,105,139,75,3.3407,3.3416,0.12152018,0.20577064,3.332127,0.12149148,0.14200097,3.3363545,0.20732801035046575,0.3878212362527847,0.08661966323852521,0.15312732979655264,0.32127791792154314,0.07360394001007098
1789688152.989248,0.0000,traffic cone,0.4927,397,197,318,184,3.1473,3.1490,-0.43329242,0.06336434,3.1167133,-0.43363553,0.03329716,3.1188157,0.21547141671180725,0.48329893350601194,0.09898138046264648,0.21155250519514085,0.4238030925393105,0.09180457592010516
1789688153.036863,0.0000,traffic cone,0.1961,187,99,130,86,3.3747,3.3759,1.3835377,0.011936098,3.0780177,1.3840318,0.011856407,3.0791407,0.11937189102172852,0.4436959832906723,0.09655020236969003,0.10607537627220154,0.4433194547891617,0.0971575379371643
1789688153.082686,0.0000,truck,0.1544,516,370,39,27,4.5303,4.4023,2.777853,-0.019550227,3.5786977,2.9767015,-0.018654153,3.2433271,0.7913457632064822,0.5747064292430878,0.6725879430770876,0.12863109111785898,0.16046418100595475,0.15257623195648184
1789688153.148495,0.0000,traffic cone,0.8134,176,61,80,44,3.8793,3.8685,1.214727,0.11303818,3.6824934,1.1977713,0.18280335,3.6738837,0.1417449712753296,0.3646432161331177,0.09252047538757324,0.14082704782485966,0.29286768510937694,0.09289619922637948
1789688153.196819,0.0000,traffic cone,0.7371,220,72,115,60,3.8114,3.8128,-0.98247564,0.1814823,3.678125,-0.98849964,0.14748602,3.6795266,0.15859557688236248,0.3925062756985426,0.0875514626502989,0.14278971850872035,0.3631162602454424,0.09300801753997812
1789688153.246402,0.0000,traffic cone,0.6452,246,105,133,75,3.3412,3.3402,0.12071508,0.20526695,3.33269,0.12071508,0.14173093,3.3350563,0.20472484380006786,0.387297186255455,0.09192514419555664,0.1528296638280153,0.3213376373052597,0.07834935188293457
1789688153.297734,0.0000,traffic cone,0.4896,389,200,316,186,3.1466,3.1480,-0.4331122,0.06331063,3.1159637,-0.4346806,0.0033080056,3.1178699,0.2187869548797607,0.4833054214715958,0.09494674205780029,0.2133018970489502,0.423718586564064,0.09181958436965942
1789688153.357102,0.0000,traffic cone,0.1971,190,99,133,86,3.3746,3.3765,1.382538,0.011740178,3.0783808,1.3837357,0.011724167,3.0799615,0.12235658168792729,0.4437207907438278,0.09008822441101083,0.10616186261177063,0.4435306712985039,0.09442806243896484
1789688153.435917,0.0000,traffic cone,0.8130,176,60,78,43,3.8794,3.8725,1.2138766,0.11354929,3.6828659,1.1962857,0.18283445,3.678587,0.1410283386707305,0.3647251922637224,0.08655115365982047,0.14038468599319454,0.2923897758126259,0.09104950428009051
1789688153.465332,0.0000,traffic cone,0.7407,220,73,114,60,3.8101,3.8151,-0.98295814,0.18171167,3.676682,-0.99109757,0.14615165,3.6811817,0.15706658363342285,0.3888099759817123,0.09317135810852051,0.1438983261585235,0.3628252297639847,0.0797454237937929
1789688153.493797,0.0000,traffic cone,0.6379,245,104,141,75,3.3424,3.3421,0.121155165,0.20558818,3.33387,0.121146604,0.14176828,3.3369055,0.20658027883619062,0.3876320727169514,0.09092082977294913,0.15425135679543014,0.32153812944889065,0.07764723300933829
1789688153.540334,0.0000,traffic cone,0.4913,393,198,313,184,3.1465,3.1500,-0.43365142,0.06339014,3.1158452,-0.43514213,0.033215433,3.1196113,0.21566597223281858,0.4834607645869255,0.09820445775985709,0.2117003336548805,0.42401288002729415,0.09141427278518677
1789688153.589284,0.0000,traffic cone,0.1899,188,99,134,87,3.3735,3.3746,1.3838158,0.011799261,3.0766287,1.3838158,0.011799261,3.077757,0.12326315641403207,0.44371606707572936,0.0943915128707884,0.10917121171951294,0.44343996047973633,0.09719774723052943
1789688153.636889,0.0000,truck,0.1543,507,363,41,28,4.5127,4.4000,2.7928214,-0.09028529,3.5435157,2.97445,-0.017803162,3.2422714,0.798546504974365,0.5692399024963378,0.6731138944625856,0.13435657024383563,0.16038009375333787,0.14902142286300624
1789688153.684425,0.0000,traffic cone,0.8133,179,61,78,43,3.8792,3.8680,1.2135377,0.11359593,3.6827252,1.194622,0.18292472,3.6743767,0.14048123359680176,0.3643892630934715,0.08805251121520996,0.13891911506652832,0.29270417094230655,0.09381775856018049
1789688153.713470,0.0000,traffic cone,0.7410,219,74,113,61,3.8127,3.8147,-0.982102,0.18148312,3.6795201,-0.9900443,0.11435792,3.6821883,0.16202130615711208,0.3861731000244617,0.09917986392974854,0.14560526609420776,0.36337994039058685,0.088287353515625
1789688153.744316,0.0000,traffic cone,0.6370,248,103,139,74,3.3409,3.3408,0.12053011,0.20555633,3.3324287,0.1205494,0.14188635,3.335646,0.20729394406080237,0.3874303787946701,0.08540270328521737,0.14878542777150863,0.32164027690887453,0.07388422489166269
1789688153.787484,0.0000,traffic cone,0.4912,397,198,317,184,3.1467,3.1502,-0.43422282,0.063346535,3.115989,-0.43620765,0.0031811,3.1198013,0.21439253985881795,0.48325039595365527,0.09547857046127328,0.20986225008964543,0.4238785535097122,0.09372141361236563
1789688153.833130,0.0000,traffic cone,0.1943,188,98,132,85,3.3754,3.3765,1.3825843,0.043371923,3.0789647,1.3828149,0.011976376,3.0803654,0.12037111520767207,0.4437120959162712,0.08999806642532349,0.10652904510498051,0.44357596933841703,0.0910634994506836
1789688153.877903,0.0000,truck,0.1536,515,371,40,27,4.5061,4.4025,2.77952,-0.020094037,3.5465982,2.9772465,-0.018939972,3.243035,0.7908941507339478,0.5738071650266647,0.6718628406524658,0.13533017635345468,0.16060808300971985,0.14879598617553702
1789688153.988845,0.0000,traffic cone,0.8107,178,60,81,44,3.8784,3.8695,1.2124081,0.112727836,3.6823137,1.1963451,0.18286346,3.6753266,0.1348988294601441,0.3640249881893396,0.09270159006118783,0.12646375298500057,0.29156680032610893,0.09442068338394183
1789688154.029754,0.0000,traffic cone,0.7444,220,73,113,61,3.8130,3.8135,-0.98317474,0.18161291,3.679634,-0.9892369,0.1136843,3.68123,0.15999547243118284,0.43249844908714297,0.09242682456970241,0.14371490478515625,0.3635933920741081,0.08966326713562012
1789688154.061676,0.0000,traffic cone,0.6403,250,105,138,75,3.3419,3.3419,0.12083239,0.20537722,3.3334255,0.1205024,0.14206278,3.3366838,0.20659526437520978,0.38762407600879667,0.08850545883178729,0.15425521731376646,0.32178675234317783,0.07529547214508092
1789688154.105231,0.0000,traffic cone,0.4861,390,199,317,185,3.1469,3.1506,-0.43242046,0.06331535,3.1164546,-0.43443283,0.0032488704,3.1204956,0.21721689403057098,0.4832834929227829,0.09725425243377694,0.2113850355148315,0.42389551997184755,0.09192867279052752
1789688154.149328,0.0000,traffic cone,0.1825,192,99,136,86,3.3760,3.3779,1.3842378,0.011880249,3.079157,1.3845102,0.011845268,3.081158,0.12305712699890137,0.4436039298772812,0.0952683687210083,0.10619655251502991,0.44364556670188904,0.09732252359390259
1789688154.281090,0.0000,traffic cone,0.8132,180,60,80,42,3.8800,3.8677,1.214426,0.11304137,3.6833456,1.1958697,0.18293443,3.6735835,0.13992801904678331,0.3641175448894501,0.08889572620391872,0.12621456384658813,0.291554195433855,0.09124190807342503
1789688154.327587,0.0000,traffic cone,0.7420,220,75,113,61,3.8135,3.8135,-0.98451114,0.18154633,3.6797447,-0.99089086,0.111748606,3.6807694,0.16023193597793572,0.4332630895078182,0.09768640995025635,0.14169329404830933,0.3635977655649185,0.09283638000488281
1789688154.367713,0.0000,traffic cone,0.6393,248,105,135,75,3.3429,3.3409,0.121401876,0.20562962,3.3343794,0.121401876,0.14192387,3.3356588,0.2083567149937153,0.3876622706651688,0.09330763816833487,0.154767133295536,0.32154628783464434,0.07975361347198451
1789688154.398587,0.0000,traffic cone,0.4862,398,198,317,184,3.1467,3.1484,-0.43438083,0.0633735,3.115963,-0.43484104,0.033169627,3.1180232,0.21637467145919798,0.4832772523164749,0.09870262145996067,0.21160807460546494,0.4238684415817261,0.09112682342529288
1789688154.442865,0.0000,traffic cone,0.1858,190,98,131,85,3.3749,3.3758,1.3833127,0.043173805,3.0781074,1.384025,0.011685371,3.0789886,0.11884540319442749,0.4436823442578316,0.0953045248985287,0.10625393390655513,0.443327796459198,0.09621591567993182
1789688154.524616,0.0000,traffic cone,0.8160,179,62,81,45,3.8807,3.8711,1.2146094,0.11369413,3.684015,1.1978605,0.18300036,3.6765218,0.14522711038589464,0.36418998055160046,0.08765534162521371,0.13967537879943848,0.2928975224494934,0.09015283584594735
1789688154.567681,0.0000,traffic cone,0.7423,219,72,115,60,3.8142,3.8158,-0.982679,0.18144372,3.6809676,-0.98884594,0.14648476,3.682521,0.1557874232530594,0.3929063819348812,0.09049502611160243,0.1414785355329513,0.3629991833120585,0.08306610584259033
1789688154.616424,0.0000,traffic cone,0.6392,249,105,140,75,3.3413,3.3427,0.120756805,0.20601526,3.3327107,0.120756805,0.14199185,3.3374739,0.20525928139686583,0.38755546510219574,0.09178028106689418,0.15199246853590007,0.32131539285182953,0.07652738094329825
1789688154.675784,0.0000,traffic cone,0.4872,396,199,314,185,3.1451,3.1495,-0.43353218,0.06334512,3.1144497,-0.43417722,0.0033194125,3.1194303,0.2174180686473846,0.4833054691553116,0.09764242172241211,0.21308815479278564,0.42384023666381837,0.09196891784668004
1789688154.723396,0.0000,traffic cone,0.1877,192,99,138,87,3.3745,3.3768,1.3833379,0.01186502,3.0779357,1.3833379,0.01186502,3.0804582,0.12054646015167236,0.4438097506761551,0.09271318912506121,0.10664947032928485,0.44369110465049744,0.09574201107025138
1789688154.786784,0.0000,traffic cone,0.8174,176,61,78,44,3.8810,3.8762,1.2147328,0.11345476,3.684208,1.1989114,0.18281561,3.681631,0.14092588424682617,0.36452171206474304,0.09083223342895508,0.14007990360260014,0.2930088937282562,0.0941314697265625
1789688154.827228,0.0000,traffic cone,0.7410,218,71,112,59,3.8116,3.8162,-0.98090047,0.18145406,3.6787982,-0.9889477,0.18085018,3.6814427,0.15791252255439758,0.3960117883980274,0.08487176895141602,0.14220457673072817,0.36306763961911204,0.08354663848876953
1789688154.873099,0.0000,traffic cone,0.6380,247,104,141,75,3.3416,3.3394,0.12116849,0.20555885,3.333096,0.12120472,0.141868,3.3342025,0.2071467569097876,0.387730048596859,0.09096274375915536,0.15471725091338154,0.3213099822402,0.07802751064300573
1789688154.918641,0.0000,traffic cone,0.4906,406,200,320,186,3.1470,3.1511,-0.43341246,0.0634144,3.1163435,-0.43480557,0.0032996535,3.1209478,0.21597597002983082,0.4834617868065834,0.09698638916015634,0.21312914788722992,0.423917680978775,0.09214961528778076
1789688154.963516,0.0000,traffic cone,0.1833,190,98,132,85,3.3740,3.3773,1.3830905,0.04335244,3.077227,1.3831702,0.01201579,3.0810373,0.12092226147651663,0.44375353008508683,0.09617449045181292,0.10610184669494616,0.4436207085847855,0.0979515552520751
1789688155.039381,0.0000,traffic cone,0.8179,179,60,82,44,3.8786,3.8704,1.2129884,0.113012254,3.682346,1.197191,0.18294062,3.6760826,0.13784713745117205,0.36450556442141535,0.08793020248413086,0.1265631496906281,0.29178536683321,0.08906316757202148
1789688155.070668,0.0000,traffic cone,0.7409,221,74,116,61,3.8115,3.8152,-0.98204446,0.18141527,3.678301,-0.98867124,0.11436097,3.683133,0.15973409414291384,0.3860684901475906,0.10199395418167123,0.1420801281929016,0.36341534554958344,0.08530116081237793
1789688155.118686,0.0000,traffic cone,0.6398,248,104,139,74,3.3398,3.3401,0.121426664,0.20533308,3.331255,0.12132664,0.1416409,3.3349273,0.2047496668994426,0.3875175885856152,0.09126904010772696,0.14799289759248488,0.32068503797054293,0.07451372146606428
1789688155.165766,0.0000,traffic cone,0.4934,394,197,311,184,3.1475,3.1509,-0.43468735,0.063372225,3.116654,-0.43552274,0.03322734,3.1204734,0.21508664488792417,0.48339961767196654,0.1015390872955324,0.2123568475246429,0.4240087866783142,0.09395287036895761
1789688155.214652,0.0000,traffic cone,0.1867,190,99,135,87,3.3755,3.3770,1.3820896,0.011800483,3.0795844,1.3832353,0.0117443055,3.0807376,0.1219408869743348,0.44369848966598513,0.09336259365081823,0.10760133266448979,0.44350420832633974,0.096695828437805
1789688155.337958,0.0000,traffic cone,0.8182,176,61,79,44,3.8791,3.8710,1.2130411,0.11307065,3.6828475,1.1970989,0.18317972,3.6766396,0.14034557342529297,0.36457298696041107,0.08898735046386719,0.13979950547218323,0.2926989063620567,0.0937554359436037
1789688155.370325,0.0000,traffic cone,0.7407,221,74,115,60,3.8111,3.8169,-0.98277634,0.1818377,3.6777053,-0.99068373,0.14638054,3.6831703,0.16196115612983708,0.3870054218918085,0.09161243438720712,0.14487390816211698,0.36303303465247155,0.08106245994567862
1789688155.414861,0.0000,traffic cone,0.6351,249,105,141,75,3.3411,3.3410,0.12101552,0.20558985,3.33259,0.12054987,0.14202689,3.3357863,0.2065090976655483,0.38777549266815187,0.09123201370239231,0.15207509361207483,0.32120929509401325,0.07901582717895517
1789688155.458337,0.0000,traffic cone,0.4951,392,197,318,183,3.1461,3.1508,-0.43287587,0.06327027,3.1155534,-0.43362528,0.0033621192,3.120833,0.21524432897567747,0.4833502143621445,0.09811143875122053,0.20982288718223568,0.4238241523504257,0.0934150218963623
1789688155.503203,0.0000,traffic cone,0.1820,187,98,130,85,3.3744,3.3746,1.3832595,0.043239556,3.0775986,1.3832976,0.011871517,3.0780087,0.11954683065414429,0.44374223351478576,0.09054586887359628,0.1074549913406373,0.4436168521642685,0.09439010620117161
1789688155.596256,0.0000,traffic cone,0.8162,178,62,78,44,3.8806,3.8745,1.2133012,0.11375542,3.6842945,1.1975005,0.18301846,3.6802056,0.14703339934349047,0.36488178968429563,0.0923272967338562,0.13792968988418575,0.2926091380417347,0.09777473211288479
1789688155.643949,0.0000,traffic cone,0.7424,219,74,113,60,3.8129,3.8170,-0.9828293,0.18159297,3.6795874,-0.98985004,0.14631814,3.6835248,0.15948631763458254,0.3863140501081943,0.09351245164871225,0.14297832548618317,0.36283656060695646,0.08406703472137478
1789688155.690515,0.0000,traffic cone,0.6307,248,105,139,75,3.3411,3.3406,0.12060346,0.2054537,3.3325558,0.119028166,0.141815,3.3354428,0.20509336590766905,0.3878986567258835,0.0905693054199217,0.1512763939797878,0.32103360295295713,0.07399663925170863
1789688155.720836,0.0000,traffic cone,0.4909,390,199,316,185,3.1477,3.1501,-0.43328723,0.06350061,3.1170511,-0.43380353,0.003379196,3.1201327,0.21612780690193173,0.48313504457473755,0.09840290546417219,0.2118814468383789,0.42386686205863955,0.0898813724517824
1789688155.767277,0.0000,traffic cone,0.1832,189,97,132,85,3.3780,3.3781,1.383117,0.01189521,3.0818574,1.383117,0.01189521,3.0819426,0.12109174728393546,0.4436567723751068,0.09219579696655256,0.10633113384246817,0.4431295573711395,0.09601111412048358
