timestamp,extrinsic_yaw_error_deg,class,confidence,bbox_raw_points,bbox_filtered_points,mask_raw_points,mask_filtered_points,bbox_distance_m,mask_distance_m,bbox_centroid_x,bbox_centroid_y,bbox_centroid_z,mask_centroid_x,mask_centroid_y,mask_centroid_z,bbox_extent_x,bbox_extent_y,bbox_extent_z,mask_extent_x,mask_extent_y,mask_extent_z
1789688175.582677,1.0000,traffic cone,0.8163,176,60,110,57,3.8784,3.8791,1.1422019,0.113231465,3.704647,1.1469163,0.11376721,3.7039068,0.13882824182510367,0.36460252366960044,0.08363176584243792,0.13459687232971196,0.36468322128057484,0.08253154754638636
1789688175.631112,1.0000,traffic cone,0.7587,204,59,106,37,3.8186,3.8195,-1.0560852,0.11215985,3.6678936,-1.0339016,0.18151271,3.672447,0.13479135036468504,0.36185278445482255,0.08332140445709202,0.09779617786407457,0.362962594628334,0.10297403335571298
1789688175.677242,1.0000,traffic cone,0.7074,249,100,145,61,3.3406,3.3400,0.05848889,0.2050232,3.3338032,0.06921016,0.20307064,3.333137,0.18653133213520048,0.3850055530667305,0.09268374443054173,0.13794276118278503,0.32052309811115265,0.07427453994750977
1789688175.722105,1.0000,traffic cone,0.4938,395,167,304,144,3.1520,3.1541,-0.47174138,0.06358108,3.1158845,-0.46719003,0.06349881,3.1186852,0.18775531649589533,0.4662596553564065,0.09381930828094465,0.16804312467575067,0.4244887039065361,0.09028320312500027
1789688175.766531,1.0000,traffic cone,0.2318,210,145,160,127,3.3787,3.3787,1.3524039,0.012029633,3.096151,1.347454,0.012060016,3.0983834,0.17914643287658705,0.4443345069885254,0.10322480201721218,0.16323738098144536,0.4443658053874969,0.10543580055236834
1789688175.811910,1.0000,traffic cone,0.1607,70,21,234,59,3.1507,3.8186,-0.5850413,0.0633142,3.0952349,-1.0560852,0.11215985,3.6678936,0.04539597034454346,0.1817256584763527,0.0398712158203125,0.13479135036468504,0.36185278445482255,0.08332140445709202
1789688175.866904,1.0000,traffic cone,0.8178,174,61,111,58,3.8802,3.8789,1.1465502,0.11354554,3.705149,1.1476116,0.11368467,3.703468,0.14251768589019775,0.3649468868970871,0.0823831558227539,0.13887839317321782,0.36520786583423615,0.077695560455322
1789688175.910712,1.0000,traffic cone,0.7558,207,59,107,36,3.8184,3.8216,-1.0551579,0.11368114,3.6679695,-1.0340109,0.18139678,3.6745498,0.13889129161834712,0.3625419609248638,0.09039721488952646,0.09722155332565308,0.3628758229315281,0.0966576337814331
1789688175.980591,1.0000,traffic cone,0.7037,247,100,146,60,3.3424,3.3426,0.06318757,0.2044829,3.335585,0.07474615,0.20317508,3.335585,0.18774825073778625,0.38556922823190687,0.09021013975143433,0.13910787515342232,0.3209424301981926,0.07870256900787354
1789688176.029338,1.0000,traffic cone,0.4884,389,160,308,145,3.1507,3.1535,-0.4668933,0.063659616,3.115252,-0.4666382,0.0037132204,3.1188262,0.180023992061615,0.4838263049721718,0.09070925712585431,0.17163683176040645,0.42429364919662477,0.08772315979003897
1789688176.082280,1.0000,traffic cone,0.2336,206,145,156,126,3.3783,3.3776,1.3521943,0.011972845,3.0958252,1.3479469,0.011985585,3.0968997,0.1778048276901243,0.44404402971267704,0.10253334045410156,0.16100788116455078,0.444000780582428,0.1095738410949707
1789688176.131525,1.0000,traffic cone,0.1607,73,20,245,56,3.1479,3.8197,-0.5853768,0.033343695,3.0927732,-1.0543156,0.11187543,3.669584,0.04329649209976194,0.18179082721471787,0.036782836914062145,0.1299452781677246,0.36167373694479465,0.09118521213531494
1789688176.203160,1.0000,traffic cone,0.8174,178,61,110,58,3.8781,3.8782,1.1423675,0.1136917,3.7042952,1.1468301,0.11379175,3.7030022,0.14036786556243896,0.36498741805553436,0.09040427207946777,0.13866841793060303,0.3652167733758688,0.08302047252655065
1789688176.232401,1.0000,traffic cone,0.7535,203,58,107,36,3.8193,3.8190,-1.0584463,0.1117744,3.6680348,-1.0355036,0.18144935,3.6714625,0.13734121322631843,0.3620164439082145,0.08692406415939313,0.0967799723148346,0.36278194934129715,0.09041231870651245
1789688176.263523,1.0000,traffic cone,0.7021,244,99,135,58,3.3395,3.3392,0.058613554,0.20486264,3.3326488,0.07022388,0.2028942,3.3322537,0.18929472714662546,0.38577550053596493,0.09128329753875697,0.14143419340252877,0.3216389425098896,0.07032916545867929
1789688176.297385,1.0000,traffic cone,0.4887,389,167,308,147,3.1524,3.1529,-0.472697,0.063626185,3.1161041,-0.4685839,0.06349477,3.117249,0.18725011944770809,0.4661628052592271,0.09174296855926478,0.17168177664279943,0.42432535588741305,0.08699719905853254
1789688176.344394,1.0000,traffic cone,0.2308,209,145,160,127,3.3788,3.3789,1.352216,0.012013957,3.0963867,1.3475583,0.012134343,3.0985796,0.17789204120635982,0.4443423688411713,0.10151124000549316,0.16425119638442998,0.4440813958644867,0.10570492744445836
1789688176.392218,1.0000,traffic cone,0.1615,74,20,246,58,3.1492,3.8193,-0.5852053,0.03322047,3.094205,-1.0584463,0.1117744,3.6680348,0.04681605398654942,0.18160969763994217,0.038106751441955744,0.13734121322631843,0.3620164439082145,0.08692406415939313
1789688176.467814,1.0000,traffic cone,0.8181,175,61,111,58,3.8785,3.8785,1.1424118,0.113437235,3.7047443,1.1455247,0.11384204,3.7037523,0.14185702800750732,0.36527708917856216,0.08793067932128906,0.13655269145965576,0.3654309049248695,0.07903108596801722
1789688176.518307,1.0000,traffic cone,0.7541,204,58,106,36,3.8198,3.8208,-1.0581651,0.112747505,3.66853,-1.0351409,0.18151085,3.673464,0.13737350702285755,0.36232331953942776,0.08527514934539804,0.0971585214138031,0.3629277218133211,0.09863889217376709
1789688176.569387,1.0000,traffic cone,0.7017,245,101,146,60,3.3427,3.3423,0.059286933,0.2047056,3.3358839,0.0739416,0.20292164,3.3353076,0.1883363202214241,0.38541680574417114,0.09367537498474121,0.14106948301196096,0.32123308181762694,0.07535743713378906
1789688176.614773,1.0000,traffic cone,0.4905,384,159,301,141,3.1517,3.1534,-0.46614426,0.06365991,3.1164186,-0.46238703,0.0634087,3.1186678,0.1788229286670685,0.43105640113353694,0.09166622161865234,0.16704869270324707,0.42443013191223145,0.08815121650695801
1789688176.660397,1.0000,traffic cone,0.2357,207,146,157,127,3.3783,3.3784,1.355331,0.011999123,3.0944839,1.3494118,0.012123331,3.0971534,0.18171176314353943,0.4441876783967018,0.09958362579345703,0.16689468622207637,0.44400515258312223,0.10142366886138943
1789688176.705161,1.0000,traffic cone,0.1655,72,20,232,57,3.1506,3.8201,-0.58555096,0.03340251,3.0954814,-1.0562685,0.11188033,3.6694112,0.044574886560440063,0.18193883188068866,0.04171335697174072,0.13208581209182735,0.3623407483100891,0.08614187240600568
1789688176.770610,1.0000,traffic cone,0.8188,179,61,111,58,3.8821,3.8807,1.1453081,0.11337882,3.7075763,1.1480991,0.11367446,3.7051854,0.1402837038040161,0.36467231810092926,0.08562541007995605,0.13721289038658147,0.36491549313068394,0.08036694526672372
1789688176.802687,1.0000,traffic cone,0.7484,205,59,107,36,3.8192,3.8214,-1.0581292,0.11176458,3.6680374,-1.0337762,0.18135123,3.6744375,0.13779234886169434,0.3625411421060562,0.08776059150695792,0.09695571660995483,0.36292678490281105,0.09877222776412964
1789688176.833086,1.0000,traffic cone,0.6917,243,99,141,59,3.3415,3.3417,0.058870237,0.20467919,3.334741,0.07047059,0.20311013,3.334741,0.1890869095921516,0.3853869289159775,0.09110920429229719,0.143296106159687,0.32102164924144744,0.0747316360473631
1789688176.862370,1.0000,traffic cone,0.4892,378,158,302,142,3.1513,3.1527,-0.46591127,0.063663214,3.1160266,-0.46562743,0.033434078,3.11793,0.18052681982517244,0.43400991559028657,0.0910684943199156,0.17201001346111294,0.42458738535642626,0.08869639635086068
1789688176.908264,1.0000,traffic cone,0.2329,207,144,155,126,3.3770,3.3777,1.3526359,0.011991516,3.0942812,1.3494673,0.012018546,3.096408,0.17891749739646912,0.4443367972970009,0.10081113576889056,0.16156253218650818,0.44418075680732727,0.10220760107040405
1789688176.958004,1.0000,traffic cone,0.1589,72,20,246,58,3.1522,3.8192,-0.58413064,0.033352792,3.097394,-1.0571626,0.11170766,3.6682563,0.04402220547199254,0.1818216521292925,0.03534113168716413,0.13283122181892404,0.36254745423793794,0.08831558227539071
1789688177.013323,1.0000,traffic cone,0.8156,176,60,111,57,3.8782,3.8751,1.1422577,0.113250166,3.704389,1.1464527,0.113689005,3.699921,0.1369941532611847,0.3645303785800934,0.0866217851638793,0.13341999053955078,0.36464511454105375,0.07707715034484863
1789688177.053784,1.0000,traffic cone,0.7525,204,58,107,36,3.8197,3.8194,-1.0595033,0.111676514,3.6680899,-1.0359087,0.18159318,3.6717105,0.13846607804298394,0.3624575715512037,0.0847923755645752,0.09756067395210266,0.3628617636859417,0.09176027774810791
1789688177.085569,1.0000,traffic cone,0.6888,246,101,144,61,3.3439,3.3436,0.06623611,0.20459336,3.3369913,0.077767774,0.20299044,3.33656,0.18664592504501343,0.3855801075696945,0.09229183197021484,0.1393786370754242,0.3218071907758713,0.08255577087402344
1789688177.118162,1.0000,traffic cone,0.4869,382,158,304,142,3.1534,3.1549,-0.46562907,0.06375069,3.1182299,-0.4641361,0.033603355,3.1204283,0.17931179702281957,0.43352017104625734,0.08963611125946036,0.16835567653179162,0.4244571655988693,0.08525390624999973
1789688177.165044,1.0000,traffic cone,0.2307,206,147,155,127,3.3795,3.3783,1.3531059,0.012014359,3.0967987,1.3464353,0.012115866,3.098405,0.17902523279190063,0.44423883557319643,0.10305774211883545,0.16374850273132324,0.4441255033016205,0.10544829368591291
1789688177.214960,1.0000,traffic cone,0.1577,73,20,245,58,3.1524,3.8197,-0.5835254,0.033357523,3.0977159,-1.0595033,0.111676514,3.6680899,0.04745690226554866,0.18158706687390802,0.038426661491393954,0.13846607804298394,0.3624575715512037,0.0847923755645752
1789688177.287659,1.0000,traffic cone,0.8171,176,60,111,57,3.8807,3.8810,1.1446627,0.11311495,3.7063394,1.1470724,0.1137,3.705903,0.13763959407806392,0.3644866798073053,0.08421192169189462,0.13553929328918457,0.36452394127845766,0.07961401939392054
1789688177.318515,1.0000,traffic cone,0.7500,203,58,107,37,3.8197,3.8186,-1.0567105,0.1127571,3.6688452,-1.0333405,0.18138647,3.6716294,0.1373638570308684,0.36218813732266425,0.08939324617385891,0.09779909849166857,0.36253466457128525,0.09619970321655247
1789688177.348766,1.0000,traffic cone,0.6897,247,102,144,61,3.3414,3.3412,0.058434837,0.20451619,3.334649,0.07088471,0.20286036,3.3342338,0.1858540128916502,0.3871542803943157,0.09506064653396562,0.13631118088960648,0.320539191365242,0.08207249641418457
1789688177.380983,1.0000,traffic cone,0.4843,384,160,306,144,3.1513,3.1544,-0.46846095,0.063604526,3.1155887,-0.46714425,0.03349211,3.119443,0.18195616304874423,0.4280478745698919,0.08764814138412458,0.16955738067626958,0.42447914034128187,0.087800109386444
1789688177.427510,1.0000,traffic cone,0.2278,205,144,156,126,3.3777,3.3796,1.3539371,0.012025826,3.0944157,1.3490312,0.012071222,3.0986042,0.1795211553573608,0.44420284405350685,0.09827036857604998,0.16172081232070923,0.4441165551543236,0.10369515419006348
1789688177.474422,1.0000,traffic cone,0.1575,75,21,245,58,3.1507,3.8197,-0.5859952,0.063190445,3.0950632,-1.0567105,0.1127571,3.6688452,0.0468258261680603,0.18176152557134628,0.03488636016845703,0.1373638570308684,0.36218813732266425,0.08939324617385891
1789688177.536460,1.0000,traffic cone,0.8165,176,61,110,58,3.8816,3.8820,1.144893,0.11419362,3.7071595,1.1466643,0.11424218,3.7070136,0.140547513961792,0.3650413826107979,0.09019303321838379,0.135687667131424,0.3652543891221285,0.08185474872589094
1789688177.574299,1.0000,traffic cone,0.7543,203,57,106,35,3.8188,3.8173,-1.0603501,0.1123434,3.6669676,-1.0356301,0.18168676,3.6696453,0.13813297748565678,0.36222584545612335,0.08294315338134739,0.09877202510833738,0.3628070056438446,0.08760664463043222
1789688177.620008,1.0000,traffic cone,0.6850,245,100,143,60,3.3420,3.3421,0.061882976,0.20468651,3.335121,0.07321313,0.20302826,3.335121,0.18457463234663005,0.3853152096271515,0.09310921430587804,0.1396315190941095,0.32136223986744883,0.08097802400589016
1789688177.666065,1.0000,traffic cone,0.4872,384,158,305,142,3.1516,3.1527,-0.4658843,0.06347652,3.1162915,-0.46423697,0.06342925,3.117702,0.17835510671138766,0.43377551585435903,0.08939527273178083,0.165816693007946,0.4245240747928619,0.0874462842941286
1789688177.712061,1.0000,traffic cone,0.2190,210,145,159,126,3.3788,3.3789,1.3522178,0.012027368,3.0963728,1.3485835,0.012042113,3.098085,0.17979316711425763,0.44437552094459537,0.10130095481872559,0.16187837719917297,0.44409607350826263,0.10451406240463257
1789688177.757448,1.0000,traffic cone,0.1531,71,20,246,57,3.1490,3.8188,-0.5844203,0.033280924,3.0941107,-1.0603501,0.1123434,3.6669676,0.04750882983207705,0.1816021092236042,0.03615962266921979,0.13813297748565678,0.36222584545612335,0.08294315338134739
1789688177.827480,1.0000,traffic cone,0.8149,179,61,111,58,3.8824,3.8823,1.1445442,0.11359763,3.7080734,1.1474211,0.11368178,3.7070813,0.1401677131652832,0.3648914396762848,0.08386015892028809,0.13635719418525705,0.3650944400578737,0.07960543632507333
1789688177.874507,1.0000,traffic cone,0.7532,206,59,105,36,3.8161,3.8216,-1.0573885,0.113459975,3.6648955,-1.0331423,0.18130155,3.6748316,0.13274654150009146,0.3623512417078018,0.09504756927490243,0.09883376955986023,0.36256371065974236,0.09844005107879639
1789688177.906825,1.0000,traffic cone,0.6785,245,99,141,59,3.3438,3.3433,0.058036827,0.20530638,3.337015,0.0695215,0.20312077,3.3364122,0.1886818371713161,0.38629231005907055,0.09003255367279062,0.14212589785456653,0.321220825612545,0.07628679275512695
1789688177.956378,1.0000,traffic cone,0.4842,384,158,304,142,3.1521,3.1531,-0.46766248,0.063713185,3.116539,-0.465395,0.0035115331,3.1185527,0.17813029289245608,0.4340697214007381,0.09265936613082859,0.16647613644599912,0.42442069947719574,0.08776221275329599
1789688178.005836,1.0000,traffic cone,0.2144,209,145,159,128,3.3789,3.3806,1.3512063,0.011977702,3.0969129,1.3494196,0.0120624155,3.0995698,0.17875487804412837,0.44432163834571836,0.10363101959228471,0.1649362266063692,0.4441294796764851,0.10617504119873056
1789688178.055279,1.0000,traffic cone,0.1546,72,20,249,58,3.1506,3.8181,-0.5858276,0.03334012,3.095498,-1.0575498,0.11261211,3.6669478,0.04621360898017879,0.18159255757927895,0.03564102649688694,0.13308722376823434,0.36212537586689,0.09508337974548331
1789688178.111079,1.0000,traffic cone,0.8141,175,61,112,58,3.8791,3.8788,1.1438731,0.113631815,3.7048454,1.1468244,0.11394414,3.7036705,0.14221572875976562,0.3642687126994133,0.08431768417358398,0.13847373127937312,0.3645521990954876,0.08021351099014273
1789688178.154689,1.0000,traffic cone,0.7543,204,59,104,35,3.8173,3.8212,-1.0569303,0.11193219,3.666396,-1.0336927,0.18158597,3.674242,0.13774427175521853,0.3627546109259128,0.08424284458160392,0.09861350059509288,0.3630245663225651,0.09480087757110578
1789688178.207297,1.0000,traffic cone,0.6765,247,101,146,61,3.3414,3.3410,0.05812866,0.20499632,3.3345952,0.0696739,0.20272195,3.3340676,0.18605057895183563,0.38733598589897156,0.09067082405090332,0.13947796076536179,0.32135388255119324,0.07434439659118652
1789688178.255889,1.0000,traffic cone,0.4823,386,159,302,141,3.1505,3.1536,-0.46852055,0.06367518,3.1148086,-0.46391854,0.06319693,3.1186986,0.17934830784797667,0.4839754611253738,0.08945584297180176,0.16649135947227478,0.42435115575790405,0.0894780158996582
1789688178.303894,1.0000,traffic cone,0.2117,207,146,157,127,3.3785,3.3809,1.3520525,0.012024887,3.0961537,1.3504633,0.012051165,3.099401,0.1829850673675537,0.44426850229501724,0.10323047637939453,0.16384940147399907,0.4442022114992142,0.10552201271057138
1789688178.350975,1.0000,traffic cone,0.1554,72,21,244,58,3.1511,3.8178,-0.58682066,0.06319693,3.0953252,-1.0580605,0.11161427,3.6665337,0.04849368333816528,0.18196109682321548,0.0362544059753418,0.13799346089363096,0.3624614212661982,0.08452299833297738
1789688178.423050,1.0000,traffic cone,0.8130,177,60,110,57,3.8801,3.8795,1.1436412,0.113536894,3.7059462,1.1466445,0.11398469,3.7044659,0.13831307291984563,0.3645078301429749,0.08656164407730094,0.13423104286193843,0.364571675658226,0.0834862709045412
1789688178.472029,1.0000,traffic cone,0.7551,204,59,104,36,3.8206,3.8191,-1.0553032,0.1120324,3.6702995,-1.0313387,0.18158822,3.6727142,0.1359147667884827,0.3620218776166439,0.09908363819122279,0.09721678495407104,0.36298153549432755,0.10406774282455444
1789688178.525494,1.0000,traffic cone,0.6737,243,100,143,60,3.3399,3.3399,0.057373557,0.2049297,3.3330677,0.06860325,0.20281005,3.3330617,0.18620127774775025,0.38564734458923344,0.0893996477127077,0.14005490690469738,0.3204690292477607,0.07508647441864014
1789688178.585186,1.0000,traffic cone,0.4844,386,158,305,142,3.1517,3.1541,-0.4672275,0.06368483,3.1162026,-0.46493608,0.033533126,3.119505,0.17958692908287055,0.43418275937438044,0.09097088575363177,0.1665590316057205,0.4244827464222908,0.09004158973693821
1789688178.616516,1.0000,traffic cone,0.2136,209,147,159,128,3.3793,3.3800,1.3550832,0.0119859725,3.0957222,1.3506923,0.012037277,3.0983753,0.18115190267562853,0.44414528012275695,0.10373022556304923,0.16400529146194454,0.44402596056461335,0.11009963750839225
1789688178.664442,1.0000,traffic cone,0.1509,75,20,247,59,3.1496,3.8206,-0.58549,0.033477277,3.0945458,-1.0553032,0.1120324,3.6702995,0.04595687091350553,0.18185169175267218,0.034153771400451394,0.1359147667884827,0.3620218776166439,0.09908363819122279
1789688178.719858,1.0000,traffic cone,0.8084,176,60,111,57,3.8800,3.8775,1.1434635,0.113331094,3.705949,1.1471173,0.11362985,3.7022111,0.13612641096115108,0.3643842399120331,0.09013909101486206,0.13437662124633798,0.36433513313531873,0.07838711738586435
1789688178.767847,1.0000,traffic cone,0.7523,204,59,105,36,3.8179,3.8160,-1.0553361,0.111773014,3.6674266,-1.0317681,0.18125215,3.669424,0.13592586517333993,0.36215147599577907,0.0967536211013793,0.09710052609443665,0.3631715849041939,0.10652726888656616
1789688178.818403,1.0000,traffic cone,0.6704,245,100,145,61,3.3422,3.3423,0.057189647,0.20506072,3.3354526,0.0684797,0.2030048,3.335377,0.1872678659856319,0.38554242849349973,0.09312725067138672,0.138756662607193,0.3208394944667816,0.07416725158691406
1789688178.865554,1.0000,traffic cone,0.4818,382,158,299,141,3.1505,3.1525,-0.46867684,0.063572355,3.11475,-0.46386555,0.063433036,3.1175041,0.17926514595746995,0.4338943645358089,0.09044173955917367,0.16745397448539734,0.42419520020484924,0.09180927276611328
1789688178.910294,1.0000,traffic cone,0.2095,206,144,155,125,3.3783,3.3788,1.3521404,0.011948541,3.0958354,1.3506099,0.011987418,3.0970592,0.17977000474929805,0.44441632777452467,0.10105339288711512,0.16292974948883043,0.4441994965076447,0.10384135246276838
1789688178.980230,1.0000,traffic cone,0.8070,178,61,111,58,3.8804,3.8809,1.1452435,0.11384654,3.7057574,1.1476868,0.114218816,3.7055671,0.1409062147140503,0.36455297470092773,0.08799481391906738,0.13809490799903879,0.3648051057010889,0.08003039360046404
1789688179.013875,1.0000,traffic cone,0.7539,204,57,104,34,3.8177,3.8172,-1.057879,0.112324566,3.6664574,-1.0336993,0.18187132,3.6700664,0.13797500133514407,0.3622128084301948,0.08222155570983913,0.10141048431396482,0.3627132371068001,0.0864392042160036
1789688179.068929,1.0000,traffic cone,0.6678,248,101,145,61,3.3435,3.3435,0.0576522,0.20501566,3.3366754,0.06874419,0.20278138,3.3366754,0.18577635288238525,0.3851703852415085,0.09273481369018555,0.13828468322753906,0.3208547979593277,0.07839751243591309
1789688179.123600,1.0000,traffic cone,0.4820,385,159,305,144,3.1513,3.1527,-0.467988,0.063654706,3.1157324,-0.4658164,0.06362033,3.1174855,0.1797485500574112,0.43098710179328886,0.08867695331573477,0.1709020659327507,0.4243448257446289,0.0882013916969302
1789688179.172224,1.0000,traffic cone,0.2009,209,145,158,126,3.3799,3.3797,1.351903,0.01192303,3.097727,1.3495815,0.012028329,3.098575,0.1796403169631957,0.44433632493019104,0.1038547992706298,0.1607188582420349,0.444173876196146,0.10757869482040405
1789688179.243956,1.0000,traffic cone,0.8038,179,60,110,57,3.8813,3.8807,1.1448767,0.11349331,3.706841,1.1485761,0.11357409,3.705134,0.13651642203330994,0.364540734142065,0.0801903724670412,0.1326600074768065,0.36461137384176256,0.07591447830200204
1789688179.278249,1.0000,traffic cone,0.7528,205,58,104,35,3.8185,3.8182,-1.0554636,0.112070605,3.6680062,-1.0319039,0.18144488,3.671657,0.1358491420745851,0.3620745319873095,0.08716139793396005,0.09914335012435915,0.36296334117650986,0.10755372047424316
1789688179.317099,1.0000,traffic cone,0.6680,248,101,142,61,3.3449,3.3412,0.05895194,0.20531023,3.3380504,0.07041765,0.20278582,3.3343105,0.19613831490278244,0.3877156674861908,0.09202718734741211,0.13849566876888275,0.32089848816394806,0.07791280746459961
1789688179.350662,1.0000,traffic cone,0.4847,385,159,309,145,3.1509,3.1526,-0.46643108,0.063707694,3.115529,-0.46643108,0.063673735,3.117268,0.18064985275268558,0.4310981392860409,0.08654031753540048,0.17244164943695062,0.42453529834747317,0.09145097732543972
1789688179.396463,1.0000,traffic cone,0.1984,207,144,157,127,3.3780,3.3785,1.3498163,0.011960223,3.0965705,1.3472176,0.011964649,3.0981917,0.17666223645210266,0.44427928477525713,0.1035534143447876,0.162233579158783,0.44414401948452,0.10544457435607901
1789688179.467136,1.0000,traffic cone,0.8084,175,61,110,58,3.8813,3.8806,1.1455697,0.11376172,3.7066488,1.1464438,0.11386348,3.7056255,0.14223003387451172,0.3647940084338188,0.086334228515625,0.1366891860961914,0.3650919672101736,0.07999241352081299
1789688179.516007,1.0000,traffic cone,0.7525,206,59,105,35,3.8206,3.8163,-1.0583912,0.113823324,3.6692858,-1.0323161,0.18167987,3.6694841,0.14180757999420168,0.36171298027038573,0.08711936473846427,0.10174174308776851,0.3623639293015003,0.10082015991210902
1789688179.565055,1.0000,traffic cone,0.6673,249,100,145,61,3.3419,3.3413,0.058739044,0.20505872,3.3351178,0.06915223,0.2028771,3.334443,0.18735561519861219,0.38540468513965603,0.09311177730560294,0.13851389288902283,0.3211127370595932,0.07560515403747559
1789688179.613205,1.0000,traffic cone,0.4802,385,159,312,148,3.1528,3.1549,-0.46706817,0.06355333,3.1173267,-0.47047877,0.033494487,3.1194701,0.1790942817926407,0.43095882236957517,0.08923182487487802,0.17395691424608228,0.424375556409359,0.08756370544433612
1789688179.661412,1.0000,traffic cone,0.1953,211,145,160,126,3.3789,3.3795,1.3535179,0.011895508,3.0958858,1.3484602,0.011932507,3.0987897,0.17770569324493413,0.44415107667446135,0.10305252075195348,0.16242310404777527,0.4439978450536728,0.10707026720046997
1789688179.724186,1.0000,traffic cone,0.8089,176,61,110,58,3.8836,3.8810,1.14569,0.11392398,3.708982,1.1472707,0.11403336,3.705785,0.14070141315460205,0.3650496155023575,0.0858466625213623,0.1388994097709655,0.36524352915585045,0.08231923580169687
1789688179.763186,1.0000,traffic cone,0.7547,206,57,104,33,3.8186,3.8206,-1.060693,0.112091646,3.6666534,-1.0338101,0.18181561,3.6735616,0.13765169382095332,0.36235595196485515,0.08193340301513707,0.1007431864738465,0.36347951442003246,0.0877943992614747
1789688179.807863,1.0000,traffic cone,0.6662,249,101,145,62,3.3413,3.3413,0.058340564,0.20513268,3.3344402,0.06923163,0.20265347,3.3343852,0.18618843704462051,0.3855297267436981,0.09609222412109375,0.1395041335374117,0.3180295489728451,0.07650178670883179
1789688179.852919,1.0000,traffic cone,0.4802,384,158,313,148,3.1521,3.1541,-0.46613318,0.06369254,3.1167564,-0.47043085,0.033522755,3.1186054,0.180906343460083,0.43367188796401057,0.0905129790306094,0.17326960861682889,0.4243873402476311,0.08838419914245588
1789688179.899022,1.0000,traffic cone,0.1999,202,144,154,127,3.3792,3.3793,1.3523097,0.012026258,3.0968194,1.3496568,0.012075245,3.0981095,0.17914701700210567,0.444419127702713,0.10206099748611486,0.16497251987457284,0.44424164593219756,0.10376617908477748
1789688179.969366,1.0000,traffic cone,0.8068,177,61,111,58,3.8796,3.8809,1.1411446,0.113755226,3.7061834,1.1474503,0.113873005,3.7055924,0.1386960744857788,0.36473527550697327,0.08724689483642578,0.13792579770088187,0.3649855609983206,0.08132736682891872
1789688179.999079,1.0000,traffic cone,0.7543,204,59,104,35,3.8185,3.8160,-1.055424,0.11204898,3.6680784,-1.0313077,0.18142378,3.669549,0.13468217849731434,0.361916010081768,0.09235978126525834,0.0991834759712219,0.3632229998707771,0.10661754608154306
1789688180.028405,1.0000,traffic cone,0.6682,250,100,146,61,3.3435,3.3429,0.058946855,0.20523019,3.3366451,0.069981046,0.20306367,3.3359475,0.1895391199737787,0.3853296205401421,0.09567294120788583,0.14115212857723236,0.32136787474155426,0.07609295845031738
1789688180.070226,1.0000,traffic cone,0.4810,382,158,303,142,3.1527,3.1530,-0.46751177,0.063614346,3.117156,-0.466699,0.063427344,3.117619,0.1798272088170052,0.4339378565549854,0.08995329141616848,0.16576738059520724,0.4243013933300972,0.0888870000839237
1789688180.101701,1.0000,traffic cone,0.1938,207,145,157,127,3.3778,3.3769,1.3514749,0.012017667,3.0956497,1.3475074,0.01206778,3.0963852,0.17489745616912833,0.44423232078552244,0.10275988578796369,0.16178144216537493,0.44410369992256166,0.10897462368011501
1789688180.159638,1.0000,traffic cone,0.8089,175,60,111,57,3.8783,3.8769,1.1433213,0.11324018,3.7041662,1.1470637,0.1138165,3.7015939,0.1375352263450622,0.36484738141298295,0.08744206428527868,0.1350890636444091,0.3648950934410095,0.07974600791931152
1789688180.202184,1.0000,traffic cone,0.7550,202,58,103,34,3.8190,3.8189,-1.0576755,0.11288057,3.6678555,-1.0318117,0.18143637,3.672375,0.1382023453712462,0.362259828671813,0.08625869750976589,0.1004054844379424,0.3632813170552254,0.09782949686050424
1789688180.231009,1.0000,traffic cone,0.6658,249,101,147,62,3.3427,3.3419,0.058103014,0.20480883,3.3359332,0.06950486,0.20286553,3.3350055,0.18517575412988663,0.38524632155895233,0.09509849548339844,0.1409459136426449,0.31763507574796673,0.07253743410110491
1789688180.260530,1.0000,traffic cone,0.4799,384,158,312,148,3.1518,3.1529,-0.4667815,0.06357054,3.1164227,-0.47061524,0.03355512,3.1173558,0.1797097221016884,0.43412055149674444,0.09098186492919913,0.1758594319224358,0.42443256080150604,0.08908883333206186
1789688180.306041,1.0000,traffic cone,0.1919,210,146,161,129,3.3789,3.3780,1.3517709,0.012023576,3.0966468,1.3476698,0.012107462,3.0974736,0.17821186780929565,0.4443710967898369,0.10295385122299194,0.16508331298828116,0.44399196207523345,0.10570168495178223
1789688180.378779,1.0000,traffic cone,0.8079,176,60,110,57,3.8791,3.8787,1.1450351,0.11318779,3.704573,1.1472106,0.113686636,3.7034428,0.1398289024829864,0.3647115670144558,0.08351608514785758,0.1362688064575197,0.36477034986019136,0.08277440071105957
1789688180.410682,1.0000,traffic cone,0.7563,205,58,104,34,3.8185,3.8163,-1.0590701,0.11274074,3.6669168,-1.0337563,0.18163915,3.669098,0.1402658939361573,0.3619189940392971,0.08388899564743024,0.10058254599571226,0.3624628257006407,0.08997114896774283
1789688180.454637,1.0000,traffic cone,0.6616,250,100,146,62,3.3455,3.3455,0.06316595,0.20478044,3.3386385,0.069845736,0.20306604,3.3386385,0.18802262954413887,0.3858021467924118,0.09019142389297485,0.14257700257003306,0.3185136660933494,0.07584177255630475
1789688180.501022,1.0000,traffic cone,0.4790,382,159,304,144,3.1533,3.1561,-0.46590465,0.06361617,3.1180415,-0.4656878,0.0035154298,3.1215205,0.1811183363199234,0.43113585263490645,0.08915231227874765,0.17165563106536863,0.42455151826143267,0.08642789125442496
1789688180.546526,1.0000,traffic cone,0.1896,206,145,155,126,3.3786,3.3794,1.3543025,0.012142688,3.0952532,1.3491406,0.012169652,3.0984058,0.1804711580276488,0.4443706899881363,0.10105509757995579,0.16339129209518433,0.4438853859901428,0.10393202304840088
1789688180.612945,1.0000,traffic cone,0.8060,174,60,110,56,3.8820,3.8808,1.144605,0.11332816,3.7076519,1.1483661,0.11394903,3.7052426,0.13732009530067435,0.36424579098820686,0.07864232063293475,0.1342659890651703,0.364342276006937,0.07692205905914307
1789688180.645616,1.0000,traffic cone,0.7571,204,59,105,36,3.8197,3.8222,-1.0578467,0.11193073,3.6686344,-1.0332603,0.18145409,3.6753662,0.1371303319931031,0.36220552325248717,0.08780512809753427,0.09727928042411804,0.36299071460962296,0.09907454252243042
1789688180.690106,1.0000,traffic cone,0.6614,247,101,147,61,3.3423,3.3416,0.05804877,0.20479265,3.3354852,0.06950575,0.20298404,3.3347147,0.18588456511497498,0.3851938098669052,0.09766006469726562,0.1397375613451004,0.32067669928073883,0.07600140571594238
1789688180.735907,1.0000,traffic cone,0.4784,384,157,307,144,3.1533,3.1546,-0.46601772,0.0635231,3.1180475,-0.46695316,0.033471532,3.1196547,0.17908072471618658,0.4367808282375329,0.08992843627929714,0.16774334311485295,0.42456042021512985,0.08667410612106341
1789688180.780950,1.0000,traffic cone,0.1876,206,145,156,126,3.3801,3.3796,1.3527112,0.012033358,3.0975711,1.349235,0.012209475,3.0985851,0.17781307697296134,0.44447835385799406,0.10125365257263175,0.16446948051452637,0.44417885690927505,0.10732805728912354
1789688180.836236,1.0000,traffic cone,0.8056,178,60,110,57,3.8778,3.8774,1.1421587,0.113245204,3.7040546,1.1469684,0.113826394,3.7020907,0.13993713855743417,0.3647556159645319,0.0861746072769165,0.135313844680786,0.3648202762007713,0.08298053741455114
1789688180.873163,1.0000,traffic cone,0.7631,202,58,103,35,3.8188,3.8197,-1.0569993,0.112724185,3.6678486,-1.0311792,0.18167901,3.673368,0.13629869818687435,0.36208241432905197,0.08362507820129395,0.10012893676757806,0.3628231421113014,0.10010840892791739
1789688180.902461,1.0000,traffic cone,0.6564,248,100,145,61,3.3414,3.3401,0.058177885,0.2049493,3.3346076,0.069719836,0.2029151,3.3332338,0.18623858354985712,0.3860755681991577,0.09193161725997934,0.13964130729436874,0.320616215467453,0.0748896598815918
1789688180.932310,1.0000,traffic cone,0.4788,386,158,313,148,3.1516,3.1522,-0.46644965,0.063586056,3.1162517,-0.4703019,0.033442892,3.1167045,0.18050673305988313,0.43406613022089036,0.0913597583770751,0.1753525301814079,0.42447464913129807,0.08835707902908307
1789688180.980014,1.0000,traffic cone,0.1831,208,146,158,128,3.3796,3.3803,1.3516343,0.012044184,3.0974731,1.3483744,0.012131259,3.099708,0.18019038438796997,0.4444742351770401,0.10572612285614014,0.163566780090332,0.4443366348743439,0.10959608554840061
1789688181.037606,1.0000,traffic cone,0.8047,177,60,110,57,3.8831,3.8822,1.1441721,0.11370666,3.7089891,1.1475722,0.11411312,3.7069812,0.14056035280227652,0.3646443225443363,0.08859486579895037,0.13812577724456787,0.3647514432668686,0.08320202827453604
1789688181.078146,1.0000,traffic cone,0.7588,204,59,105,35,3.8226,3.8189,-1.059862,0.1124298,3.6709766,-1.0322783,0.18162456,3.6722856,0.13858004808425894,0.3625068679451942,0.08733530044555682,0.0999948740005493,0.3629939369857311,0.09590585231781024
1789688181.127286,1.0000,traffic cone,0.6557,250,102,145,62,3.3441,3.3439,0.058790483,0.2054531,3.3373146,0.0701267,0.20310922,3.336997,0.1938368074595928,0.3871134139597416,0.09488574266433725,0.13993812166154385,0.31762209683656695,0.07561819553375226
1789688181.172482,1.0000,traffic cone,0.4783,383,159,309,148,3.1517,3.1520,-0.46713194,0.063662946,3.1162467,-0.46946824,0.033545226,3.1166296,0.18060447573661798,0.4837359696626663,0.09061145782470703,0.1749554082751274,0.42443847060203554,0.08987537622451791
1789688181.218320,1.0000,traffic cone,0.1821,205,146,156,128,3.3789,3.3814,1.3528726,0.012083434,3.096177,1.351064,0.012134224,3.0997324,0.17969805002212524,0.4443604424595833,0.09879833459854126,0.16419848799705505,0.44431077092885973,0.10357811450958243
1789688181.289435,1.0000,traffic cone,0.7997,177,61,110,58,3.8836,3.8800,1.1444647,0.11360863,3.709418,1.1470315,0.113954976,3.7048428,0.14145684242248535,0.36487896740436554,0.08631539344787598,0.13835669755935665,0.36515115574002266,0.08006688356399527
1789688181.321109,1.0000,traffic cone,0.7549,205,61,103,35,3.8191,3.8202,-1.0555025,0.11166385,3.6686866,-1.0315486,0.18152842,3.6737921,0.13787996768951416,0.3623775243759155,0.09751677513122559,0.09832830429077144,0.3629636809229851,0.10227880477905282
1789688181.364671,1.0000,traffic cone,0.6591,248,100,148,61,3.3412,3.3406,0.05821169,0.20521617,3.334354,0.069472924,0.20306113,3.3336732,0.1886338513344526,0.3858389526605606,0.08986760377883929,0.1404348462820053,0.3213540315628052,0.07262277603149414
1789688181.409491,1.0000,traffic cone,0.4800,388,157,317,147,3.1532,3.1548,-0.46737102,0.06373064,3.1176808,-0.4701021,0.06347294,3.1189377,0.17863420248031608,0.4369060754775994,0.09061908721923828,0.17087527811527253,0.4242790251970291,0.08805983066558865
1789688181.454700,1.0000,traffic cone,0.1811,212,146,161,127,3.3792,3.3798,1.3537607,0.01202587,3.096169,1.3497752,0.012038231,3.098498,0.17935702204704285,0.4442467838525772,0.10017913579940796,0.16328380107879648,0.4441464841365814,0.10416700839996329
1789688181.525346,1.0000,traffic cone,0.8045,176,61,111,58,3.8801,3.8803,1.1408005,0.11398837,3.706897,1.1475084,0.11401126,3.7049897,0.14257407188415527,0.3644792512059212,0.08814406394958496,0.14100167751312243,0.3647612005472183,0.08026053905487052
1789688181.573820,1.0000,traffic cone,0.7571,205,60,106,36,3.8199,3.8205,-1.0581987,0.11372402,3.668664,-1.0326018,0.1813589,3.6738603,0.14247545003890982,0.36278917491436,0.08875759840011588,0.0975806713104248,0.3633492197841406,0.10536277294158936
1789688181.619351,1.0000,traffic cone,0.6603,250,101,144,61,3.3457,3.3450,0.05827794,0.20522243,3.3388515,0.069731355,0.20295435,3.3381248,0.19501474499702454,0.3871186226606369,0.094268798828125,0.1396208256483078,0.32107649743556976,0.0782310962677002
1789688181.650971,1.0000,traffic cone,0.4805,382,158,310,148,3.1537,3.1546,-0.46669123,0.063747495,3.1182866,-0.4701591,0.033558033,3.1191487,0.17936017215251926,0.4338106438517574,0.0893106460571289,0.17403025627136237,0.4245068147778511,0.08900234699249276
1789688181.696216,1.0000,traffic cone,0.1833,204,146,154,127,3.3773,3.3801,1.3527386,0.011978574,3.0945213,1.3503206,0.011993915,3.0986,0.17943686246871948,0.444436714053154,0.10249131917953491,0.16220690011978145,0.4442900538444519,0.10677592754363996
1789688181.760711,1.0000,traffic cone,0.8035,177,61,110,58,3.8816,3.8807,1.1456583,0.1133385,3.7069256,1.147177,0.113866076,3.7055206,0.14181733131408691,0.3649026229977608,0.08766984939575195,0.13647332787513733,0.36513631194829943,0.08060475587844884
1789688181.803473,1.0000,traffic cone,0.7562,207,60,105,37,3.8195,3.8230,-1.0585117,0.11277315,3.668165,-1.0334337,0.18136474,3.676246,0.14216854572296134,0.36225084736943247,0.09474540948867816,0.0969961762428283,0.3630093961954117,0.11054558753967303
1789688181.837724,1.0000,traffic cone,0.6579,248,101,148,62,3.3425,3.3413,0.059266627,0.204705,3.3356972,0.06978847,0.20277892,3.334375,0.18705564737319946,0.38754844665527344,0.09109354019165039,0.13884974531829358,0.3179542273283005,0.07658011913299578
1789688181.882683,1.0000,traffic cone,0.4771,383,158,311,148,3.1530,3.1533,-0.46675032,0.06365455,3.117639,-0.47048736,0.033621155,3.1178265,0.17788157910108565,0.4337205916643146,0.08927520513534537,0.17399865239858625,0.42439125329256056,0.08737632036209098
1789688181.927881,1.0000,traffic cone,0.1833,207,146,157,127,3.3794,3.3788,1.3530523,0.012053467,3.0966935,1.349866,0.012105733,3.0973833,0.17812395095825195,0.4442380964756012,0.10388731956481934,0.16438173055648808,0.4440914660692215,0.10526750087738046
1789688181.977715,1.0000,traffic cone,0.8005,177,60,110,57,3.8791,3.8794,1.1433576,0.11331949,3.7049892,1.1468384,0.11374122,3.704224,0.13887009620666513,0.3646868493407965,0.08581829071044922,0.13609201908111568,0.3647955983877182,0.07984442710876438
1789688182.005729,1.0000,traffic cone,0.7576,207,61,104,36,3.8232,3.8198,-1.058759,0.11365652,3.6719332,-1.0336869,0.18140087,3.6728432,0.14391839504241943,0.36253364384174347,0.08411979675292969,0.09830260276794434,0.3631137032061815,0.10199028253555298
1789688182.053764,1.0000,traffic cone,0.6575,250,101,146,62,3.3432,3.3430,0.05782397,0.20500243,3.3364174,0.069025464,0.20302022,3.3361568,0.1860506907105446,0.38565318286418915,0.09195446968078613,0.13865185268223287,0.31760901436209676,0.07736012935638437
1789688182.101110,1.0000,traffic cone,0.4793,379,157,303,143,3.1520,3.1526,-0.46783447,0.06384623,3.1163902,-0.46783447,0.06362246,3.1170583,0.17923533916473394,0.43711473345756463,0.09363684654235849,0.16855728626251226,0.42471542954444885,0.09281101226806632
1789688182.148578,1.0000,traffic cone,0.1829,205,145,154,126,3.3790,3.3785,1.3520621,0.012034133,3.096643,1.3485123,0.01209271,3.097704,0.1793786048889161,0.44438923597335817,0.10229678153991717,0.1613590121269226,0.44427837431430817,0.10724824666976929
1789688182.218240,1.0000,traffic cone,0.8010,178,61,110,58,3.8805,3.8811,1.1423107,0.113849044,3.7068136,1.1468737,0.114052296,3.706001,0.14326906204223633,0.36519649624824524,0.08673524856567383,0.14072337150573744,0.3653945215046406,0.08088238239288348
1789688182.252515,1.0000,traffic cone,0.7585,204,59,105,36,3.8211,3.8220,-1.0575429,0.11204204,3.670099,-1.0332637,0.18167013,3.6752083,0.13773734569549567,0.3625308759510517,0.09179236888885489,0.0982806384563446,0.36285768635571003,0.10068470239639282
1789688182.296882,1.0000,traffic cone,0.6601,249,99,145,60,3.3415,3.3404,0.05783955,0.20495394,3.3346736,0.06926352,0.2032085,3.3335316,0.18966375514864917,0.3868350252509117,0.08853423595428467,0.14073088206350803,0.32137950658798214,0.07477831840515137
1789688182.341726,1.0000,traffic cone,0.4816,386,158,313,148,3.1529,3.1536,-0.46571547,0.06369651,3.1176305,-0.46977007,0.033546016,3.1182017,0.18177851140499113,0.4345316961407665,0.09061198234558088,0.17493421733379366,0.4244826689362526,0.08984189033508327
1789688182.384554,1.0000,traffic cone,0.1778,209,146,158,127,3.3785,3.3800,1.3529346,0.012135059,3.0957835,1.3498325,0.01218085,3.0987203,0.18108826875686646,0.4443637803196907,0.1032680869102478,0.1644564628601075,0.44390254020690917,0.10604407787322989
1789688182.443743,1.0000,traffic cone,0.7983,178,61,110,58,3.8811,3.8802,1.1449643,0.11401971,3.7066226,1.1482025,0.11423448,3.70471,0.1425926685333252,0.3652394711971283,0.08355855941772461,0.1378499388694765,0.3654308211058378,0.08035178184509295
1789688182.491778,1.0000,traffic cone,0.7566,204,58,106,36,3.8226,3.8203,-1.0589446,0.112834826,3.671283,-1.0348982,0.18153185,3.672963,0.13739489912986746,0.36208751425147057,0.09211087226867676,0.09683772921562195,0.36287005990743637,0.10038208961486816
1789688182.540494,1.0000,traffic cone,0.6554,250,100,144,61,3.3448,3.3448,0.058010105,0.20533976,3.3379545,0.06927928,0.20282115,3.3379488,0.18994671218097206,0.3873293109238148,0.0909246921539304,0.14122220128774643,0.3211231678724289,0.07908821105957031
1789688182.588964,1.0000,traffic cone,0.4831,387,158,305,141,3.1544,3.1548,-0.46657026,0.063646376,3.1190615,-0.4645679,0.0037654191,3.1203914,0.1792237907648087,0.4339375935494903,0.09006135463714626,0.16677945852279663,0.42488589882850647,0.08757400512695312
1789688182.634638,1.0000,traffic cone,0.1754,206,145,157,126,3.3796,3.3799,1.3532717,0.012058362,3.0967855,1.3486514,0.012139104,3.0991073,0.18020825386047346,0.44441025257110595,0.10192050933837926,0.16116711497306824,0.4443739950656891,0.10494804382324219
1789688182.704154,1.0000,traffic cone,0.8017,175,60,110,57,3.8811,3.8804,1.1437972,0.11341214,3.7069852,1.1474638,0.113847494,3.70507,0.13951641917228708,0.3646371442824602,0.08112541437149057,0.13653211593627934,0.3646546915173531,0.07827496528625488
1789688182.735620,1.0000,traffic cone,0.7577,204,59,103,35,3.8183,3.8197,-1.0563695,0.1135239,3.6675067,-1.0315763,0.18182212,3.6732435,0.13243120908737172,0.3632636643946171,0.09618442058563215,0.09870817661285403,0.3634239837527275,0.10371229648590097
1789688182.779028,1.0000,traffic cone,0.6523,249,101,145,62,3.3405,3.3404,0.05843504,0.20520154,3.3336809,0.06959906,0.20302431,3.333517,0.18793507665395737,0.3874022513628006,0.09070348739624023,0.1399941734969616,0.3172625325620174,0.07820154428482029
1789688182.823776,1.0000,traffic cone,0.4834,384,160,300,141,3.1528,3.1531,-0.46940696,0.06378756,3.1170564,-0.46388412,0.06342183,3.118122,0.1808449506759643,0.4843761041760445,0.08961592912673977,0.16717946529388428,0.424694687128067,0.09023451805114746
1789688182.868705,1.0000,traffic cone,0.1779,209,145,158,126,3.3805,3.3809,1.3534385,0.01208429,3.0976622,1.3490114,0.01215864,3.1001153,0.17904160022735582,0.44441039860248566,0.10196375846862793,0.16435185074806213,0.44418779760599136,0.10285788774490356
1789688182.927150,1.0000,traffic cone,0.7985,177,60,110,57,3.8792,3.8785,1.1442603,0.113302976,3.704871,1.1468549,0.113829374,3.703363,0.14212953448295607,0.364372530579567,0.08692889213561994,0.13938293457031237,0.36442684978246687,0.07895088195800781
1789688182.963294,1.0000,traffic cone,0.7565,204,58,104,36,3.8192,3.8203,-1.0573817,0.1124724,3.6681743,-1.0343776,0.18145661,3.6731033,0.13712896108627326,0.3620765283703804,0.08622453212738002,0.09882563352584839,0.36257070302963257,0.09926354885101318
1789688182.995444,1.0000,traffic cone,0.6525,248,101,146,62,3.3421,3.3421,0.05875126,0.20536676,3.3352575,0.069785014,0.20313284,3.3352325,0.18707027286291122,0.3850413113832474,0.09607648849487305,0.13967520445585252,0.3176464170217514,0.0817512750625613
1789688183.039378,1.0000,traffic cone,0.4861,384,158,307,143,3.1537,3.1539,-0.46664226,0.06358592,3.118333,-0.46562707,0.063397735,3.1186514,0.17886616885662082,0.43401765972375905,0.09084844589233398,0.16752004027366646,0.4245729178190231,0.08866620063781738
1789688183.085721,1.0000,traffic cone,0.1727,204,144,157,126,3.3785,3.3790,1.352324,0.011988327,3.0960724,1.3508017,0.01200518,3.0972621,0.1760771214962007,0.4444152176380157,0.1026714801788331,0.16174036264419556,0.4443555325269699,0.10604393482208252
1789688183.133936,1.0000,traffic cone,0.7998,178,60,110,57,3.8816,3.8814,1.1428999,0.11339976,3.7077475,1.1476033,0.1140414,3.7061298,0.14087100028991695,0.36472476832568645,0.08540471792221105,0.13630719184875506,0.3648056089878082,0.0773045063018798
1789688183.164692,1.0000,traffic cone,0.7594,203,58,106,36,3.8202,3.8196,-1.058115,0.11273824,3.6690152,-1.0330094,0.18155725,3.672777,0.13729126453399654,0.36257018819451337,0.08468778133392307,0.09801959991455078,0.3630262427031994,0.09705686569213867
1789688183.210178,1.0000,traffic cone,0.6533,248,101,145,61,3.3420,3.3419,0.05848952,0.2052985,3.3351278,0.07009657,0.20331724,3.3349643,0.19528066366910934,0.38722115755081177,0.0906972885131836,0.13923341035842896,0.3208635300397873,0.07466840744018555
1789688183.255208,1.0000,traffic cone,0.4869,385,158,301,141,3.1539,3.1538,-0.46744233,0.06367565,3.1183696,-0.4636846,0.063452214,3.1189106,0.1791275978088379,0.43424846753478086,0.09014610052108774,0.16585958003997803,0.42467689514160156,0.0898442268371582
1789688183.301012,1.0000,traffic cone,0.1704,207,146,157,127,3.3800,3.3800,1.3529289,0.0121067315,3.0974073,1.3501426,0.012174994,3.0986056,0.18080571293830872,0.44440026581287384,0.10233396291732788,0.16301655769348145,0.44417513608932496,0.10538835525512669
1789688183.427410,1.0000,traffic cone,0.8013,177,61,110,58,3.8839,3.8835,1.1462892,0.11369291,3.709182,1.1479807,0.11405699,3.708242,0.14126884937286377,0.36482296884059906,0.08363723754882812,0.13929808735847482,0.36514536999166014,0.07791934013366708
1789688183.470572,1.0000,traffic cone,0.7621,205,58,104,34,3.8212,3.8190,-1.0578657,0.112641886,3.6701298,-1.030796,0.18206099,3.6727242,0.13608056902885446,0.3618990920484066,0.08674379587173453,0.09902625083923344,0.363101876154542,0.09688584804534894
1789688183.519074,1.0000,traffic cone,0.6483,247,101,146,62,3.3424,3.3419,0.057564158,0.20493451,3.3355925,0.06899043,0.20301196,3.3350286,0.18516380339860916,0.3852297216653824,0.09621286392211914,0.14002587385475634,0.31764267310500144,0.07567160129547146
1789688183.566970,1.0000,traffic cone,0.4821,383,158,304,142,3.1529,3.1548,-0.46644005,0.063601,3.117544,-0.46559295,0.033512257,3.1201224,0.1802680924534798,0.4336635455489162,0.08749572038650522,0.16872315406799315,0.4245593935251236,0.08459366559982318
1789688183.616006,1.0000,traffic cone,0.1649,206,145,156,127,3.3804,3.3818,1.3529295,0.01211302,3.0978265,1.3513812,0.012345478,3.0999775,0.178990650177002,0.4443918466567993,0.10294179916381818,0.16412501335144047,0.4443833142518997,0.10498783588409433
1789688183.685745,1.0000,traffic cone,0.8026,177,60,110,57,3.8796,3.8799,1.1433854,0.11325601,3.705525,1.1472796,0.11385366,3.7046645,0.137617462873459,0.3643420867621898,0.08832554817199689,0.13432128429412837,0.3644340440630913,0.08228135108947754
1789688183.718354,1.0000,traffic cone,0.7612,203,58,104,35,3.8219,3.8174,-1.0577993,0.112614945,3.6708562,-1.0316573,0.18146986,3.670861,0.13939718008041369,0.3623915299773216,0.08707975149154645,0.09944057464599598,0.36296638548374177,0.09466841220855704
1789688183.760063,1.0000,traffic cone,0.6465,250,99,145,61,3.3425,3.3426,0.057862747,0.20539072,3.335684,0.06925905,0.20289695,3.335684,0.1861440919339656,0.3870263993740082,0.08865375518798846,0.14121808111667633,0.32171985507011414,0.07038354873657227
1789688183.804331,1.0000,traffic cone,0.4815,384,159,302,142,3.1520,3.1552,-0.46781766,0.06376679,3.1164808,-0.4654016,0.0035915077,3.12067,0.18163694143295284,0.4313643336296078,0.09336013793945286,0.16826274394989005,0.4246120035648346,0.08558290004730207
1789688183.835586,1.0000,traffic cone,0.1650,208,146,159,128,3.3802,3.3804,1.3517766,0.011971153,3.098071,1.3472067,0.012096748,3.1003385,0.17861077189445496,0.4445268511772156,0.10106068849563599,0.1632651567459107,0.444414971768856,0.10334062576293945
1789688183.954933,1.0000,traffic cone,0.8020,177,61,110,58,3.8810,3.8811,1.1451522,0.11385274,3.7064836,1.1475313,0.114026114,3.7057912,0.14082932472229004,0.3649054765701294,0.08825182914733887,0.13750264048576355,0.3651853907853365,0.08216321468353271
1789688184.002281,1.0000,traffic cone,0.7584,203,58,105,36,3.8206,3.8180,-1.0576627,0.11295438,3.6695514,-1.0341847,0.18193696,3.670735,0.13725187182426446,0.3624166313558817,0.08429335355758649,0.09730753302574158,0.36325653083622456,0.10180824995040894
1789688184.051355,1.0000,traffic cone,0.6475,250,101,148,61,3.3419,3.3419,0.05817936,0.20534128,3.3350544,0.06967181,0.20291653,3.3350272,0.1968129724264145,0.3871486634016037,0.09553217887878418,0.14046058803796768,0.32061827182769775,0.0782020092010498
1789688184.097910,1.0000,traffic cone,0.4885,385,158,304,141,3.1526,3.1525,-0.4671261,0.06361763,3.117122,-0.4642699,0.003626734,3.1180747,0.17992156744003301,0.43379930853843723,0.0925656080245969,0.16590389609336853,0.4245011508464813,0.09007382392883301
1789688184.143580,1.0000,traffic cone,0.1643,205,145,154,126,3.3793,3.3791,1.3516903,0.01204972,3.0971308,1.3490467,0.012069762,3.0980716,0.17876126766204825,0.4444825738668442,0.10663037300109846,0.16071736812591553,0.4444282725453377,0.10761117935180664
1789688184.197324,1.0000,traffic cone,0.8021,179,61,110,58,3.8806,3.8799,1.1459407,0.113746494,3.7057867,1.1472375,0.11387831,3.7046955,0.14194798469543457,0.36481325328350067,0.07672500610351562,0.13669597506523123,0.3651009861379862,0.07580016851425198
1789688184.237997,1.0000,traffic cone,0.7586,204,58,106,36,3.8190,3.8207,-1.0559114,0.112835005,3.6683586,-1.0324976,0.18121754,3.6741278,0.13551219105720524,0.3621419284492731,0.09031045436859131,0.09810110926628113,0.3633169084787369,0.1041100025177002
1789688184.284776,1.0000,traffic cone,0.6467,250,100,148,61,3.3411,3.3394,0.057835203,0.20505275,3.3342898,0.06893727,0.20313686,3.3325062,0.18673424981534478,0.38575245589017865,0.0899293065071105,0.13821503520011902,0.32081711292266846,0.07227635383605957
1789688184.333548,1.0000,traffic cone,0.4887,381,158,302,144,3.1530,3.1537,-0.46603978,0.06362941,3.1177468,-0.46603978,0.033509865,3.1188507,0.180386757850647,0.43403966128826177,0.0916148900985716,0.16995422244071956,0.4246581271290779,0.08897337913513192
1789688184.382228,1.0000,traffic cone,0.1662,208,146,157,127,3.3781,3.3811,1.3520062,0.011994153,3.0957336,1.3497708,0.012105659,3.099961,0.1792108118534088,0.444410003721714,0.10200011730194092,0.16343303918838514,0.4442928463220596,0.10569732189178449
1789688184.458922,1.0000,traffic cone,0.8008,179,61,110,58,3.8824,3.8823,1.1460364,0.11399403,3.7076044,1.1487602,0.114050254,3.7067235,0.14113342761993408,0.36454520374536514,0.08249521255493164,0.13728742003440875,0.3649040263146162,0.07980784177780142
1789688184.489635,1.0000,traffic cone,0.7606,204,59,105,35,3.8236,3.8213,-1.0580659,0.11229515,3.6725502,-1.0309441,0.18176866,3.6751385,0.13489499092102042,0.3621120139956474,0.09831402301788339,0.0986653804779053,0.36321450918912884,0.10239484310150182
1789688184.535002,1.0000,traffic cone,0.6473,250,101,146,61,3.3438,3.3412,0.05818973,0.20532456,3.3370032,0.06917466,0.20319456,3.3343203,0.19465427845716476,0.38738368451595306,0.08970379829406738,0.13982859253883362,0.3212742507457733,0.06949234008789062
1789688184.583419,1.0000,traffic cone,0.4831,387,160,305,142,3.1537,3.1551,-0.46748692,0.06373636,3.1182575,-0.4641842,0.063567095,3.120109,0.18210703879594803,0.48388608992099763,0.08770662546157837,0.1670403555035591,0.4245689123868942,0.09072240591049185
1789688184.631027,1.0000,traffic cone,0.1621,204,145,155,127,3.3796,3.3798,1.3526582,0.012016863,3.097122,1.3496237,0.0120434165,3.0986493,0.1799220085144042,0.44440115094184873,0.10274076461791992,0.16192256212234502,0.444420850276947,0.10464611053466788
1789688184.751867,1.0000,traffic cone,0.7996,177,60,110,57,3.8803,3.8800,1.1432717,0.11347529,3.70633,1.1471338,0.11403385,3.7048335,0.13953611850738534,0.36463799253106116,0.09077203273773193,0.13547792434692374,0.3646833568811417,0.08141794204711905
1789688184.793060,1.0000,traffic cone,0.7601,204,58,103,35,3.8189,3.8221,-1.0570753,0.11266647,3.6680038,-1.0321627,0.18183985,3.675601,0.13635777831077567,0.3623646318912506,0.08358111381530753,0.09885512590408319,0.36302315816283226,0.09616336822509775
1789688184.838956,1.0000,traffic cone,0.6418,248,100,147,61,3.3438,3.3434,0.057528086,0.20512946,3.3370001,0.06889243,0.20333517,3.3364534,0.1859447970986366,0.3855626806616783,0.0881497859954834,0.14013446122407913,0.32151760160923004,0.07593727111816406
1789688184.888192,1.0000,traffic cone,0.4821,385,158,307,144,3.1552,3.1556,-0.46624425,0.063618764,3.1198869,-0.46624425,0.033511065,3.120831,0.180358324944973,0.4341041550040248,0.09148359298706055,0.1692948266863823,0.42445898056030273,0.09089343547821027
1789688184.933251,1.0000,traffic cone,0.1593,208,147,156,127,3.3786,3.3797,1.3520575,0.01210551,3.0962338,1.3484223,0.012111321,3.0990767,0.1806422472000122,0.4446102738380432,0.10249357223510724,0.1636746406555174,0.4444822072982788,0.10385041236877424
1789688185.013759,1.0000,traffic cone,0.8012,177,61,110,58,3.8835,3.8828,1.145135,0.11406639,3.7091136,1.1477678,0.114190325,3.70755,0.14193260669708252,0.365385465323925,0.08515095710754395,0.13931700587272644,0.36548908911645417,0.08270457983016932
1789688185.054393,1.0000,traffic cone,0.7568,205,57,101,32,3.8197,3.8209,-1.0591611,0.112228036,3.6682115,-1.0319747,0.18230899,3.67438,0.1370964407920836,0.36220658421516416,0.08155059814453125,0.10199654698371885,0.36342007145285604,0.08811198472976667
1789688185.102262,1.0000,traffic cone,0.6425,246,99,145,61,3.3435,3.3436,0.058123074,0.20528,3.3366609,0.06923875,0.20315453,3.3366609,0.18769370615482325,0.3856438472867012,0.09395911693572989,0.1406135931611061,0.32076554000377655,0.0786130428314209
1789688185.141965,1.0000,traffic cone,0.4812,388,160,303,142,3.1539,3.1554,-0.46718666,0.06367174,3.1184053,-0.46361023,0.06358509,3.1205544,0.18158185780048364,0.4281252324581136,0.09049674272537223,0.16842536628246302,0.4245113208889961,0.08866531848907444
1789688185.174064,1.0000,traffic cone,0.1580,207,144,156,126,3.3809,3.3820,1.3524117,0.012028031,3.0986104,1.3505976,0.012033068,3.1006112,0.17630532979965197,0.4443929195404053,0.10597860813140869,0.16310223937034607,0.4441967085003853,0.10861897468566895
1789688185.277688,1.0000,traffic cone,0.8028,176,61,110,58,3.8838,3.8806,1.1459501,0.11380085,3.709094,1.1482301,0.11402054,3.7050686,0.14437627792358398,0.36473996937274933,0.08666086196899414,0.14135118126869184,0.3646860495209694,0.08005315065383911
1789688185.305955,1.0000,traffic cone,0.7591,205,59,104,36,3.8220,3.8240,-1.0556934,0.11168042,3.6715965,-1.0314054,0.18154378,3.677833,0.13023103475570674,0.3622100703418255,0.10251975059509277,0.09722873568534851,0.36327883414924145,0.10953843593597412
1789688185.337972,1.0000,traffic cone,0.6413,249,100,146,62,3.3425,3.3426,0.06301004,0.20459889,3.335684,0.07000223,0.20301811,3.335684,0.18880259990692136,0.38592541217803955,0.091804790496826,0.1418587926775217,0.3178496278822422,0.08028765916824376
1789688185.381821,1.0000,traffic cone,0.4811,386,159,305,144,3.1529,3.1559,-0.467533,0.06377803,3.1173975,-0.46741983,0.06363871,3.120431,0.17886912226676938,0.48400570154190065,0.09188678264617911,0.16793754249811177,0.4246081843972206,0.09011523723602322
1789688185.426412,1.0000,traffic cone,0.1589,212,147,158,127,3.3802,3.3779,1.3536061,0.01201342,3.0972855,1.34679,0.012117207,3.0977852,0.17964910268783574,0.4444189727306366,0.1028801918029787,0.16284221410751343,0.4443669766187668,0.10752224922180176
1789688185.562785,1.0000,traffic cone,0.8000,176,60,110,57,3.8805,3.8808,1.1434717,0.11352888,3.7064342,1.1486101,0.11408469,3.7051392,0.13949251770973214,0.3644238840788603,0.08319566249847421,0.13648025989532475,0.36447589248418805,0.0761561393737793
1789688185.603581,1.0000,traffic cone,0.7557,204,59,103,36,3.8202,3.8233,-1.0587685,0.11220524,3.6688094,-1.0319865,0.18151456,3.6769419,0.13781163692474374,0.36241184920072556,0.09766449928283727,0.09889853000640869,0.36304777301847935,0.10002648830413818
1789688185.652872,1.0000,traffic cone,0.6391,246,100,145,61,3.3424,3.3425,0.057740714,0.20498751,3.3356469,0.06909366,0.20305067,3.3356,0.18720034547150133,0.3856967218220234,0.09315929412841806,0.1389465257525444,0.3208797127008438,0.07232189178466797
1789688185.700384,1.0000,traffic cone,0.4839,380,159,303,144,3.1537,3.1546,-0.46924725,0.063688844,3.1179352,-0.4672954,0.06360105,3.1191454,0.18066689968109134,0.48395722508430483,0.0898629665374755,0.16826032847166061,0.4246552288532257,0.08891844749450684
1789688185.747016,1.0000,traffic cone,0.1580,204,147,152,127,3.3796,3.3786,1.3518536,0.012038365,3.0974598,1.3473989,0.012085855,3.0982313,0.18091104030609118,0.4444099575281143,0.10367679595947266,0.16317460536956796,0.4443624675273895,0.10784821510314968
1789688185.834116,1.0000,traffic cone,0.8017,177,61,110,58,3.8816,3.8810,1.1425779,0.1141001,3.7078984,1.1462193,0.11410855,3.706109,0.14080214500427246,0.3653887137770653,0.08900952339172363,0.13897754549980168,0.36529558934271333,0.08482830524444562
1789688185.861453,1.0000,traffic cone,0.7571,204,59,104,36,3.8178,3.8198,-1.0567499,0.11181471,3.6669724,-1.0329437,0.18164442,3.6730082,0.13903799057006838,0.3623870797455311,0.09445898532867414,0.09828808903694153,0.3627639189362526,0.09847968816757202
1789688185.893454,1.0000,traffic cone,0.6387,259,100,145,61,3.3421,3.3419,0.05875539,0.20505571,3.3352978,0.07013214,0.2031272,3.335,0.18848057389259334,0.38567369282245634,0.09371272325515712,0.14106705784797668,0.3212978392839432,0.0766136646270752
1789688185.936254,1.0000,traffic cone,0.4807,381,158,299,140,3.1536,3.1529,-0.46729884,0.06363569,3.1180916,-0.46341908,0.033525035,3.1184845,0.1785587280988693,0.43410103172063863,0.0884137392044071,0.16423317790031433,0.4246690317988396,0.08704431056976292
1789688185.980717,1.0000,traffic cone,0.1596,209,147,157,128,3.3805,3.3803,1.3522524,0.012049556,3.0982459,1.3473654,0.012119353,3.1001124,0.1814223408699036,0.44447815120220185,0.10153620243072536,0.16462886333465576,0.4442521870136261,0.10468277931213388
1789688186.127889,1.0000,traffic cone,0.8016,177,60,110,57,3.8805,3.8803,1.1439277,0.11347374,3.7063618,1.1483355,0.11400211,3.7046824,0.14028688669204725,0.3648776650428772,0.08308153152465847,0.13591918945312487,0.36489531844854356,0.07792577743530238
1789688186.160281,1.0000,traffic cone,0.7640,204,58,104,36,3.8220,3.8199,-1.0581785,0.112773314,3.6709044,-1.0338961,0.18131219,3.6728117,0.13829424381256106,0.3623356197029352,0.08415377140045166,0.09933474659919739,0.36287548393011093,0.09570842981338501
1789688186.205609,1.0000,traffic cone,0.6397,246,99,143,61,3.3413,3.3411,0.058156952,0.20514998,3.3344846,0.06928131,0.20319751,3.334237,0.1868347346782684,0.38604580610990524,0.09032373428344753,0.13939493894577026,0.3207852393388748,0.0709388256072998
1789688186.249882,1.0000,traffic cone,0.4800,382,158,299,141,3.1539,3.1545,-0.46620277,0.063745886,3.1185696,-0.46438873,0.063495114,3.119509,0.18010202348232274,0.4342617258429531,0.09228824377059963,0.16757488250732422,0.4246412217617035,0.09004521369934082
1789688186.294635,1.0000,traffic cone,0.1536,204,142,155,125,3.3784,3.3800,1.3511784,0.012077279,3.096386,1.3510687,0.01209718,3.0982268,0.17410566210746747,0.44445485472679136,0.10054514408111581,0.16100757122039777,0.4440612256526947,0.10242595672607413
1789688186.376002,1.0000,traffic cone,0.7998,175,60,109,57,3.8807,3.8810,1.1450908,0.11332336,3.706168,1.1480993,0.11385861,3.705515,0.14072056412696843,0.3642632380127907,0.08375092744827262,0.1373694419860838,0.36437307894229887,0.08124122619628915
1789688186.423969,1.0000,traffic cone,0.7635,205,57,103,34,3.8193,3.8207,-1.0593781,0.112204224,3.667756,-1.0337489,0.18171659,3.6737192,0.1382524371147157,0.36262960731983185,0.08207330703735316,0.09999424815177915,0.36344722360372544,0.09041765928268441
1789688186.456217,1.0000,traffic cone,0.6392,248,101,144,62,3.3442,3.3432,0.058055077,0.20516211,3.3373592,0.069472075,0.2031545,3.3363318,0.18734575808048248,0.38556385040283203,0.09250092506408691,0.14046297334134578,0.31809004023671145,0.07720327377319336
1789688186.499501,1.0000,traffic cone,0.4791,382,158,304,144,3.1548,3.1556,-0.46579203,0.06360655,3.1195621,-0.46579203,0.033540905,3.1208992,0.177388721704483,0.4340206310153011,0.09301780462265041,0.17060085237026212,0.4245927169919014,0.09076364040374729
1789688186.539757,1.0000,traffic cone,0.1571,209,145,159,127,3.3824,3.3812,1.3528409,0.01206325,3.1000185,1.3483452,0.012156129,3.1007483,0.17810134887695295,0.4446091651916504,0.1020138740539549,0.162901735305786,0.4444346994161606,0.10555825233459437
1789688186.670730,1.0000,traffic cone,0.7993,175,61,110,58,3.8821,3.8808,1.1438812,0.11376725,3.7079942,1.1475143,0.11392692,3.7055304,0.14397680759429932,0.3647528886795044,0.0868830680847168,0.14091121554374686,0.36506223678588867,0.07901402711868277
1789688186.710510,1.0000,traffic cone,0.7691,204,60,103,37,3.8199,3.8220,-1.0549805,0.11191872,3.6696596,-1.0328528,0.1816519,3.6753595,0.13635399341583254,0.3621819581836462,0.09863595962524396,0.09728212356567378,0.3630297094583511,0.1091454029083252
1789688186.756421,1.0000,traffic cone,0.6375,248,100,141,60,3.3429,3.3415,0.05843979,0.20520326,3.3361173,0.06994091,0.20312876,3.3346062,0.18746420145034787,0.38561009541153907,0.09118223190307617,0.1405513349920511,0.32109901309013367,0.07673753499984715
1789688186.803411,1.0000,traffic cone,0.4837,380,159,306,148,3.1544,3.1554,-0.4684479,0.063696265,3.1187263,-0.47095656,0.033642434,3.1199145,0.17939890623092647,0.4837832137942314,0.08922171592712402,0.17308206111192703,0.4246984586119652,0.08833959102630606
1789688186.851760,1.0000,traffic cone,0.1522,206,146,157,128,3.3809,3.3796,1.353559,0.01203154,3.098071,1.3498957,0.012092084,3.0982597,0.17907458543777466,0.4442708194255829,0.10370373725891113,0.16296612024307255,0.4442218989133835,0.10680721998214748
1789688186.947791,1.0000,traffic cone,0.7975,176,61,110,58,3.8794,3.8788,1.1424372,0.11401765,3.705599,1.1474758,0.11401795,3.7034547,0.14361834526062012,0.36531493812799454,0.08554983139038086,0.13935883641242985,0.3654816597700119,0.0790978431701661
1789688186.996135,1.0000,traffic cone,0.7679,203,59,104,36,3.8197,3.8219,-1.0587862,0.11197068,3.6683228,-1.0330563,0.18140113,3.675205,0.13764512538909912,0.3625784650444984,0.08696336746215794,0.09717622399330139,0.3629592601209879,0.10189604759216309
1789688187.045187,1.0000,traffic cone,0.6367,261,101,145,61,3.3433,3.3423,0.05767916,0.20472796,3.3365705,0.06908482,0.20328717,3.335354,0.18696729093790054,0.38598234951496124,0.09582877159118652,0.13813018053770065,0.32093988358974457,0.08436369895935059
1789688187.092912,1.0000,traffic cone,0.4836,383,157,304,143,3.1535,3.1540,-0.4684935,0.06371151,3.117812,-0.46761087,0.06349307,3.1185422,0.17963047027587886,0.4374757915735238,0.09099535942077663,0.16711150705814365,0.4245379030704498,0.08946905136108407
1789688187.176588,1.0000,traffic cone,0.7992,178,60,110,57,3.8810,3.8788,1.1442844,0.113334954,3.7066898,1.1470338,0.11388242,3.7035534,0.13949540853500375,0.3648848425596952,0.08290500640869158,0.13689196109771729,0.3649409800767899,0.07728080749511701
1789688187.206287,1.0000,traffic cone,0.7663,205,61,101,35,3.8222,3.8241,-1.0552117,0.11229515,3.6719348,-1.0306368,0.18152004,3.6780937,0.13704609870910645,0.3627578914165497,0.09291577339172363,0.09845250844955455,0.3634377457201481,0.09970555305480966
1789688187.237986,1.0000,traffic cone,0.6344,261,101,138,61,3.3431,3.3432,0.05807427,0.2047298,3.3363626,0.06970174,0.20322144,3.3362525,0.18526777625083923,0.3856188654899597,0.09171342849731445,0.1378205642104149,0.32077720761299133,0.07576894760131836
1789688187.279668,1.0000,traffic cone,0.4831,381,158,303,142,3.1526,3.1554,-0.46837038,0.06373003,3.1169734,-0.46721283,0.06359922,3.1200027,0.17948638796806343,0.4337923586368564,0.09035564661025974,0.16855842769145962,0.4245935156941414,0.08921719789505023
1789688187.446224,1.0000,traffic cone,0.7997,175,60,110,57,3.8813,3.8807,1.144103,0.11331375,3.7071629,1.148162,0.11393282,3.7052484,0.1370085239410399,0.3646476160734892,0.08556196689605722,0.1344457387924194,0.36472000330686566,0.08455915451049822
1789688187.492187,1.0000,traffic cone,0.7663,203,59,104,37,3.8192,3.8219,-1.0551345,0.111931324,3.66887,-1.0346676,0.18160397,3.6746917,0.13598644733428944,0.3623120628297329,0.09870238304138201,0.0954479217529296,0.36338473707437513,0.10627536773681667
1789688187.523761,1.0000,traffic cone,0.6340,261,100,141,60,3.3440,3.3435,0.058374688,0.20562495,3.3371813,0.069885135,0.20294602,3.3365862,0.18704731836915012,0.3857531860470772,0.0911531686782836,0.14093085117638107,0.3210227839648724,0.07732198238372767
1789688187.566399,1.0000,traffic cone,0.4832,384,158,305,143,3.1532,3.1556,-0.46748534,0.06368422,3.117662,-0.46639788,0.06354849,3.1202908,0.17965854555368427,0.4342139840126041,0.08865318298339853,0.16855457425117493,0.4247268527746201,0.08688263893127468
1789688187.610646,1.0000,traffic cone,0.1511,212,146,158,127,3.3807,3.3791,1.3535016,0.012079917,3.0978537,1.3467746,0.012105823,3.0991077,0.17802396416664124,0.4444078356027603,0.10321307182312012,0.16378495693206796,0.4442474916577339,0.10955433845520002
1789688187.719077,1.0000,traffic cone,0.8023,175,61,110,58,3.8834,3.8803,1.1467968,0.11381972,3.708499,1.1478477,0.114091724,3.7048447,0.14071357250213623,0.3647906705737114,0.0886228084564209,0.13714901208877572,0.3649827040731907,0.08301174640655518
1789688187.758977,1.0000,traffic cone,0.7657,205,58,104,36,3.8205,3.8214,-1.057126,0.11279203,3.6695933,-1.0338252,0.18158382,3.6743817,0.13540008664131165,0.36227746680378914,0.08682323694229144,0.09634548425674438,0.36337269842624664,0.10228657722473145
1789688187.807276,1.0000,traffic cone,0.6352,262,100,142,60,3.3434,3.3402,0.057517096,0.20504102,3.3366213,0.06905995,0.20329168,3.3333356,0.18662683665752408,0.3862236276268959,0.09033815860748273,0.13834881521761416,0.32124747559428213,0.07273057699203456
1789688187.851450,1.0000,traffic cone,0.4788,387,160,306,145,3.1538,3.1555,-0.4683619,0.063743,3.1182075,-0.46638614,0.06347209,3.1201622,0.18121414631605148,0.42820809930562875,0.09244614839553833,0.17093020081520077,0.4245194137096405,0.09143099784851083
1789688187.881884,1.0000,traffic cone,0.1555,211,145,155,126,3.3811,3.3812,1.3536276,0.012149572,3.0982852,1.3485641,0.0121774,3.100614,0.17783491611480717,0.4444052755832672,0.09995059967040998,0.16076284646987915,0.444382905960083,0.10121601819992065
1789688187.991538,1.0000,traffic cone,0.8005,178,60,110,57,3.8831,3.8840,1.1446414,0.11334604,3.708864,1.1479856,0.11379728,3.708765,0.13738340139389038,0.3646224107593298,0.0825632333755495,0.13426408767700182,0.3646466299891472,0.07452688217163095
1789688188.031984,1.0000,traffic cone,0.7645,205,58,107,35,3.8222,3.8222,-1.0587723,0.11167036,3.6709185,-1.0331938,0.18153253,3.675459,0.13704984784126284,0.3623656213283539,0.09134850502014169,0.09821420907974232,0.3632182963192463,0.10165159702301052
1789688188.080679,1.0000,traffic cone,0.6299,250,101,148,62,3.3441,3.3428,0.05791254,0.20519552,3.3372865,0.0694044,0.20330518,3.3359184,0.19374611228704453,0.3866830915212631,0.0900568962097168,0.14849636405706404,0.3181113712489605,0.07281973361968985
1789688188.127091,1.0000,traffic cone,0.4865,386,159,306,145,3.1542,3.1559,-0.46823257,0.06368552,3.1185625,-0.46823257,0.063565,3.1202946,0.17983314990997312,0.4317402809858319,0.08965251445770273,0.17258610129356378,0.42469106316566463,0.08826584815979022
1789688188.174856,1.0000,traffic cone,0.1554,211,146,157,128,3.3799,3.3802,1.3538465,0.0121162385,3.0968828,1.3512046,0.01219704,3.0983496,0.18033000826835632,0.4443938210606575,0.10266858339309692,0.16252375841140743,0.44437411427497864,0.10560748577117929
1789688188.254503,1.0000,traffic cone,0.8006,177,60,110,57,3.8802,3.8806,1.1442628,0.11354154,3.7058659,1.1478103,0.114107564,3.7052383,0.1396716415882111,0.3648406315594912,0.08267475366592425,0.13650856018066415,0.3647935003042221,0.07895846366882342
1789688188.296106,1.0000,traffic cone,0.7663,204,58,107,36,3.8196,3.8209,-1.0566449,0.11289297,3.6688504,-1.0345438,0.1816045,3.673723,0.13580419421195988,0.36215615533292295,0.08852558135986355,0.0974036455154419,0.36308683454990387,0.10173660516738892
1789688188.337531,1.0000,traffic cone,0.6277,262,101,140,61,3.3440,3.3418,0.058960192,0.20478044,3.3372169,0.06966711,0.20301284,3.334928,0.18630503863096237,0.3861551582813263,0.09606385231018066,0.13787732273340225,0.32092542946338654,0.08420729637145996
1789688188.389084,1.0000,traffic cone,0.4793,385,159,303,143,3.1530,3.1563,-0.46625352,0.063822985,3.117709,-0.4660855,0.063654035,3.1210086,0.18095377683639524,0.4311332121491429,0.08828861713409442,0.16878968179225923,0.4245723098516464,0.08731784820556632
1789688188.437032,1.0000,traffic cone,0.1533,209,145,162,129,3.3798,3.3807,1.3510807,0.012164399,3.097959,1.350148,0.012167528,3.099322,0.1761185884475709,0.4445422887802124,0.10432305335998526,0.16536164283752441,0.44432922303676603,0.10622830390930194
1789688188.512984,1.0000,traffic cone,0.8006,176,61,110,58,3.8835,3.8823,1.1459458,0.11396474,3.7088165,1.1475567,0.114011765,3.7070386,0.14157795906066895,0.3648669794201851,0.08435177803039551,0.1383725523948669,0.3651413056999445,0.08160828351974514
1789688188.542427,1.0000,traffic cone,0.7663,203,58,105,36,3.8229,3.8208,-1.057141,0.11287162,3.6721082,-1.033401,0.1816943,3.6739168,0.13707275986671452,0.36277313381433485,0.08864797353744525,0.09733393788337708,0.3635355606675148,0.10152047872543335
1789688188.574148,1.0000,traffic cone,0.6257,263,102,142,61,3.3434,3.3429,0.05733192,0.20524019,3.3366065,0.06901908,0.20318937,3.335958,0.19355546608567237,0.3873792037367821,0.09071936607360831,0.1370096653699875,0.32131482660770416,0.07522368431091309
1789688188.616253,1.0000,traffic cone,0.4788,386,159,305,144,3.1534,3.1559,-0.46797967,0.06375833,3.1178463,-0.4672383,0.06363328,3.12047,0.17827791571617124,0.483962345123291,0.08927810192108154,0.17126069366931906,0.4246225759387016,0.089197766780853
1789688188.788618,1.0000,traffic cone,0.7977,178,60,110,57,3.8814,3.8812,1.1434147,0.1137353,3.7074063,1.1479146,0.11394329,3.7058532,0.13829447627067548,0.3643027905374765,0.08356035947799656,0.13548846244812007,0.36442885100841527,0.07745041847228995
1789688188.834186,1.0000,traffic cone,0.7682,204,59,105,37,3.8222,3.8205,-1.0559434,0.11211242,3.6717207,-1.0330232,0.18123488,3.6737158,0.13738774061203007,0.3621645733714104,0.09325015544891313,0.09794316291809069,0.36253961473703383,0.10604224205017099
1789688188.882377,1.0000,traffic cone,0.6243,259,100,139,60,3.3435,3.3433,0.058322392,0.20499249,3.3367128,0.06984073,0.20292962,3.3363686,0.18686963729560374,0.38591284081339833,0.09417525529861459,0.13994106166064738,0.3213189303874969,0.07498391866683995
1789688188.929653,1.0000,traffic cone,0.4791,386,159,305,142,3.1533,3.1549,-0.46657303,0.06376831,3.1179051,-0.46480027,0.06369909,3.1198556,0.18048783242702487,0.4311894372105595,0.0915539741516116,0.1663764223456382,0.42471137195825576,0.08831931352615374
1789688189.008881,1.0000,traffic cone,0.7981,176,61,111,58,3.8818,3.8811,1.14377,0.114093095,3.707762,1.1480502,0.11410689,3.7056122,0.1434093713760376,0.36517930775880814,0.08314371109008789,0.14117541909217834,0.36536090932786464,0.08183165788650504
1789688189.049325,1.0000,traffic cone,0.7622,204,60,107,37,3.8204,3.8179,-1.0564933,0.111976236,3.6697283,-1.0328326,0.18118292,3.6710484,0.13650907874107354,0.3625324264168739,0.09562766551971436,0.09657276868820186,0.3631909921765327,0.10551571846008301
1789688189.097589,1.0000,traffic cone,0.6264,260,101,140,61,3.3467,3.3437,0.058637206,0.20514339,3.3399243,0.07002777,0.20308733,3.33684,0.18724935501813889,0.3860326111316681,0.09113049507141113,0.1391214355826378,0.32143765687942505,0.07631373405456543
1789688189.143304,1.0000,traffic cone,0.4761,383,159,305,144,3.1520,3.1539,-0.4683142,0.06370476,3.1163168,-0.46665356,0.06363328,3.118517,0.17997053563594823,0.4840563952922821,0.09462733268737811,0.17141205966472617,0.42478932738304137,0.09195204973220816
1789688189.283025,1.0000,traffic cone,0.7994,176,61,110,58,3.8829,3.8823,1.1468279,0.11396733,3.7079077,1.1489217,0.11398491,3.7066016,0.14231765270233154,0.3649413213133812,0.08212995529174805,0.13980898261070251,0.3651447478681803,0.08016284704208365
1789688189.323391,1.0000,traffic cone,0.7619,203,58,105,35,3.8197,3.8210,-1.0577376,0.11185399,3.668651,-1.0350735,0.18167049,3.673593,0.13683561682701118,0.36233131401240826,0.08009319305419949,0.0985328912734984,0.36319490522146225,0.0901425361633299
1789688189.367999,1.0000,traffic cone,0.6278,261,101,139,60,3.3439,3.3427,0.059419245,0.20510268,3.337086,0.07507459,0.20317781,3.3356502,0.18639259040355682,0.3855682760477066,0.09759140014648438,0.14024146273732183,0.32103709727525714,0.08143384456634539
1789688189.412210,1.0000,traffic cone,0.4783,382,158,304,142,3.1543,3.1547,-0.46801087,0.06376064,3.1187215,-0.46594012,0.06367518,3.1195004,0.17989137172698977,0.4340289294719699,0.08996611833572388,0.1639034107327461,0.424730210006237,0.0883482336997985
1789688189.523583,1.0000,traffic cone,0.8003,174,60,110,57,3.8821,3.8808,1.1453661,0.11357729,3.7075505,1.1467211,0.11411244,3.705746,0.14223066568374643,0.3646148912608624,0.08540462255477888,0.137329888343811,0.3646560028195381,0.08344302177429208
1789688189.564840,1.0000,traffic cone,0.7638,203,59,107,38,3.8220,3.8233,-1.0566776,0.1116541,3.6712954,-1.0336738,0.18126032,3.6764655,0.13792266845703116,0.36265394613146784,0.09432954788207981,0.09598115682601926,0.36303540877997875,0.10487446784973153
1789688189.610666,1.0000,traffic cone,0.6330,262,101,142,61,3.3423,3.3424,0.0589002,0.20493573,3.3354506,0.07042475,0.20338771,3.3354506,0.18690603226423264,0.3855592757463455,0.0953671932220459,0.1397700160741806,0.320695236325264,0.08029747009277344
1789688189.655961,1.0000,traffic cone,0.4730,382,158,301,142,3.1531,3.1543,-0.46778557,0.06364336,3.1176078,-0.46567312,0.03358899,3.119567,0.17887113690376277,0.43400855064392124,0.09032621383666983,0.16799354255199433,0.4247417077422142,0.08650221824645987
1789688189.763205,1.0000,traffic cone,0.7992,177,61,110,58,3.8799,3.8813,1.142266,0.11379133,3.7061815,1.147787,0.113855496,3.705952,0.14332985877990723,0.36538784950971603,0.08336806297302246,0.13770915865898115,0.3654540032148361,0.07838562726974452
1789688189.790046,1.0000,traffic cone,0.7618,204,59,106,37,3.8186,3.8204,-1.0557779,0.11189519,3.668026,-1.0329335,0.18169262,3.6735735,0.13739253282547004,0.3621242575347423,0.0958425283432005,0.09873409271240241,0.3630075216293335,0.10664806365966806
1789688189.821893,1.0000,traffic cone,0.6306,260,99,141,59,3.3441,3.3416,0.05746676,0.20494981,3.3372774,0.06897885,0.20324443,3.3346798,0.18691571131348603,0.3863789469003678,0.08959465026855451,0.140079778432846,0.3214894503355026,0.07394943237304652
1789688189.869030,1.0000,traffic cone,0.4774,385,158,303,141,3.1548,3.1562,-0.466909,0.06370549,3.1193645,-0.4636489,0.0635968,3.12134,0.17928242236375813,0.4342910520732406,0.09221885204315194,0.16651391983032227,0.42474913597106934,0.08921217918395996
1789688189.913797,1.0000,traffic cone,0.1511,215,145,160,128,3.3798,3.3803,1.3527118,0.012123883,3.097321,1.3495667,0.012148626,3.099218,0.17910153865814205,0.4446799695491791,0.10140409469604483,0.16343101263046278,0.4446442753076553,0.105342721939087
1789688190.046843,1.0000,traffic cone,0.8002,177,61,111,58,3.8824,3.8823,1.1413825,0.11437395,3.7091079,1.1465421,0.11438413,3.707399,0.14373648166656494,0.36489804089069366,0.0890192985534668,0.1408123552799223,0.36510710455477235,0.08108539581298846
1789688190.074142,1.0000,traffic cone,0.7632,204,59,106,36,3.8211,3.8218,-1.056649,0.1119858,3.6703644,-1.0342429,0.18173037,3.67471,0.1375608086586,0.362219924479723,0.08706874847412127,0.09856754541397095,0.3627822622656822,0.09830397367477417
1789688190.105646,1.0000,traffic cone,0.6272,260,100,142,60,3.3439,3.3440,0.05792263,0.20520984,3.3371162,0.06940399,0.20315607,3.3371162,0.18698582574725148,0.3857771806418896,0.09183199405670184,0.14103674106299874,0.32122099697589873,0.07280627489089975
1789688190.147870,1.0000,traffic cone,0.4821,382,157,305,141,3.1535,3.1541,-0.4673203,0.06366557,3.1180422,-0.4662753,0.063387126,3.1187868,0.1792330145835876,0.4371476471424096,0.09078650474548322,0.16278287768363953,0.42448440194129944,0.08881044387817383
1789688190.318822,1.0000,traffic cone,0.7979,175,61,110,58,3.8831,3.8825,1.1444505,0.11392994,3.7089028,1.1468363,0.11398348,3.7074738,0.14085590839385986,0.3647358864545822,0.08666491508483887,0.13689478635787955,0.3651064716279506,0.08337844610214251
1789688190.353320,1.0000,traffic cone,0.7639,205,58,105,36,3.8204,3.8192,-1.0572901,0.11197433,3.6694517,-1.0341532,0.1816805,3.6720688,0.13946601152420046,0.3620564710348845,0.08615901470184362,0.09854957461357117,0.362556554377079,0.09701257944107056
1789688190.395339,1.0000,traffic cone,0.6284,261,99,141,60,3.3444,3.3436,0.058915067,0.20506294,3.3375814,0.069449216,0.20300879,3.3366776,0.18755404278635973,0.3853231996297836,0.08986616134643555,0.1398901868611574,0.32123237401247023,0.07467111349105826
1789688190.434518,1.0000,traffic cone,0.4806,384,158,305,144,3.1532,3.1550,-0.46632555,0.06374722,3.1178765,-0.46632555,0.06360564,3.1197348,0.17882173955440517,0.4343331582844261,0.08969026803970337,0.16923197209835056,0.42466373592615125,0.08871086835861197
1789688190.572914,1.0000,traffic cone,0.7979,175,61,111,58,3.8808,3.8799,1.1425077,0.11397292,3.7070487,1.1467174,0.11404227,3.7048402,0.1415330171585083,0.36494409292936325,0.08328366279602051,0.1401693999767304,0.36523052826523783,0.08232425451278713
1789688190.606021,1.0000,traffic cone,0.7616,205,57,107,34,3.8193,3.8222,-1.0602438,0.11218898,3.6675117,-1.0343803,0.18177772,3.675065,0.13691008090972911,0.362555094063282,0.08322496414184544,0.0986423313617707,0.36353243328630924,0.08911190032958993
1789688190.649800,1.0000,traffic cone,0.6229,261,101,139,61,3.3452,3.3434,0.058578037,0.20549788,3.3383825,0.07003086,0.20318733,3.3364859,0.1962289959192276,0.38724108040332794,0.09668159484863281,0.1418972760438919,0.3211606293916702,0.07594561576843262
1789688190.695322,1.0000,traffic cone,0.4774,383,159,306,146,3.1548,3.1554,-0.46573704,0.063791886,3.1195662,-0.46625888,0.06362544,3.1201625,0.18147132396697996,0.43122907131910293,0.08862667083740217,0.17440450191497803,0.42471184581518173,0.08835911750793457
1789688190.809959,1.0000,traffic cone,0.7969,175,60,110,57,3.8801,3.8801,1.1445614,0.11328201,3.7057533,1.1474577,0.11365029,3.7048106,0.1392909705638885,0.3647274125367403,0.08577072620391846,0.13557009696960454,0.36476962715387345,0.07769565582275417
1789688190.843110,1.0000,traffic cone,0.7607,205,58,105,36,3.8221,3.8187,-1.0579348,0.1128719,3.6710398,-1.0331995,0.18153498,3.6717792,0.1397465884685517,0.3623650431632996,0.08481844663619986,0.09748691320419312,0.36289123073220253,0.09894472360610962
1789688190.887626,1.0000,traffic cone,0.6265,261,101,139,60,3.3466,3.3461,0.057888962,0.20530376,3.3397636,0.07411739,0.20313883,3.3390565,0.18482628464698792,0.38572119176387787,0.09591817855834961,0.13880291767418382,0.32134998217225075,0.07940713167190516
1789688190.932462,1.0000,traffic cone,0.4770,382,158,303,142,3.1545,3.1547,-0.4672152,0.06376157,3.11905,-0.4656677,0.06371213,3.1194477,0.17972084581851966,0.434384170174599,0.09332673549652126,0.1665988013148308,0.4248801007866859,0.09136044979095459
1789688191.033965,1.0000,traffic cone,0.7952,176,60,110,57,3.8812,3.8815,1.1439339,0.11301562,3.7070727,1.1471031,0.11346614,3.7063384,0.13942328691482553,0.36468450948596,0.08039635419845581,0.13574595451354976,0.36480919271707535,0.07822632789611816
1789688191.063780,1.0000,traffic cone,0.7582,204,58,106,36,3.8202,3.8220,-1.0570436,0.11312559,3.6692963,-1.0329973,0.1816859,3.6752415,0.1334327042102813,0.3624640010297298,0.09625461101531974,0.09765323996543884,0.3629289250820875,0.10018050670623779
1789688191.109550,1.0000,traffic cone,0.6284,260,101,137,60,3.3429,3.3431,0.05741308,0.20497641,3.3361127,0.0738263,0.20286833,3.3360739,0.18567030131816864,0.38572947680950165,0.0927884578704834,0.14047012366354464,0.3209285162389278,0.07290582656860378
1789688191.158008,1.0000,traffic cone,0.4788,383,158,303,142,3.1551,3.1559,-0.46700194,0.06362628,3.1196694,-0.46498293,0.03366702,3.1212468,0.17841898798942563,0.434334743022919,0.09107033014297494,0.16685582399368282,0.42466040402650834,0.08895157575607282
1789688191.206171,1.0000,traffic cone,0.1515,210,146,155,126,3.3802,3.3803,1.3540208,0.012082912,3.0971065,1.3501287,0.012258843,3.098927,0.18320679664611816,0.44472959637641907,0.1022641658782959,0.16314378380775452,0.4445071294903755,0.1057860255241394
1789688191.308971,1.0000,traffic cone,0.7957,174,61,110,58,3.8842,3.8827,1.1441036,0.11363393,3.7100923,1.1478271,0.11389105,3.7074306,0.14027321338653564,0.3655935972929001,0.0834808349609375,0.13642653822898865,0.3657181803137064,0.07904298305511492
1789688191.350324,1.0000,traffic cone,0.7608,204,57,106,35,3.8226,3.8223,-1.05734,0.11215246,3.6717536,-1.0338789,0.18168116,3.6753423,0.1319463253021239,0.36229937225580217,0.08635129928588858,0.09947167634963983,0.3630889371037483,0.0956450462341305
1789688191.400133,1.0000,traffic cone,0.6268,262,100,145,60,3.3428,3.3423,0.057490483,0.2051854,3.335953,0.06893326,0.20289361,3.335384,0.1878715649247169,0.3859369345009327,0.09357299804687491,0.14024110659956932,0.3212431810796261,0.07415944337844849
1789688191.448151,1.0000,traffic cone,0.4823,384,158,304,141,3.1528,3.1557,-0.46688405,0.06372761,3.1174088,-0.46421245,0.06364532,3.1207323,0.1781989067792893,0.4342654392123226,0.087692415714264,0.16424810886383057,0.42483896017074585,0.0843820571899414
1789688191.496699,1.0000,traffic cone,0.1520,210,146,156,127,3.3813,3.3815,1.3526006,0.0120462775,3.0989897,1.3493532,0.012138188,3.1006105,0.18144074082374573,0.4444528594613075,0.09941959381103516,0.16154925823211674,0.44439650923013685,0.1024789094924925
1789688191.575638,1.0000,traffic cone,0.7949,178,60,110,57,3.8804,3.8806,1.1440097,0.113593966,3.7061424,1.1470594,0.11388111,3.705399,0.13786872625350943,0.36430640816688536,0.08674879074096653,0.13326482772827153,0.3643356114625931,0.0835886001586914
1789688191.616445,1.0000,traffic cone,0.7582,204,57,107,35,3.8214,3.8195,-1.0596695,0.112172455,3.6698523,-1.0345638,0.18161303,3.6722403,0.13748339414596544,0.3626523703336716,0.08300404548645002,0.09805901050567634,0.363347539305687,0.09258213043212882
1789688191.668377,1.0000,traffic cone,0.6282,260,100,142,61,3.3428,3.3412,0.05782576,0.20501998,3.3360486,0.069187365,0.20323852,3.3343422,0.18681703768670557,0.38554623126983645,0.09330037832260141,0.13945495337247849,0.3209482580423355,0.07031488418579102
1789688191.709276,1.0000,traffic cone,0.4851,383,159,306,144,3.1539,3.1553,-0.46683896,0.063749805,3.1184607,-0.46598575,0.03367258,3.12052,0.18084478080272676,0.4314761698245999,0.09286832809448242,0.16941606402397152,0.4248534232378006,0.09200078248977661
1789688191.864321,1.0000,traffic cone,0.7947,178,61,110,58,3.8843,3.8832,1.1463431,0.11425966,3.7095213,1.1488409,0.11429374,3.707622,0.14111554622650146,0.3649594709277153,0.08185291290283203,0.13866668939590454,0.36518822312355037,0.0794637441635131
1789688191.910941,1.0000,traffic cone,0.7551,204,59,107,37,3.8232,3.8217,-1.0582582,0.11210549,3.67213,-1.0342144,0.18154305,3.674594,0.13838963508605961,0.3624508276581764,0.09294116497039795,0.09852952957153305,0.3628731787204742,0.10583581924438468
1789688191.956900,1.0000,traffic cone,0.6294,257,100,139,60,3.3454,3.3455,0.062878445,0.20515971,3.3384876,0.07435246,0.20313138,3.3384876,0.18892624489963053,0.3862361073493958,0.09451292753219631,0.14034773856401442,0.32137214466929437,0.08091796636581394
1789688192.015875,1.0000,traffic cone,0.4912,385,158,302,140,3.1559,3.1562,-0.46889514,0.06368938,3.1201959,-0.4648737,0.03362924,3.121646,0.17993779033422475,0.43443719893693955,0.09004001617431623,0.1662204205989838,0.4248742088675499,0.08866720199584943
1789688192.077867,1.0000,traffic cone,0.7987,179,62,110,59,3.8822,3.8823,1.1467404,0.1139444,3.7072196,1.1476253,0.11395869,3.7070324,0.14619941115379342,0.3653379138559103,0.08515546321868861,0.14483681917190538,0.3654038041830063,0.08141107559204075
1789688192.105702,1.0000,traffic cone,0.7554,204,58,106,36,3.8216,3.8194,-1.0575242,0.112969264,3.6706283,-1.0343012,0.18146607,3.672191,0.13880562186241163,0.36226891204714773,0.08235540390014684,0.09979823231697083,0.36277066729962826,0.09778827428817749
1789688192.137192,1.0000,traffic cone,0.6332,259,100,140,61,3.3434,3.3427,0.062055714,0.20494397,3.3365676,0.0693918,0.20298982,3.3358138,0.18755862303078172,0.3862493298947811,0.09477927684783927,0.1392299011349678,0.32104916870594025,0.08203840255737305
1789688192.184176,1.0000,traffic cone,0.4912,385,158,305,142,3.1528,3.1554,-0.46812055,0.063827604,3.1172256,-0.4646688,0.063764304,3.120397,0.17896322309970858,0.434309516847134,0.08960019350051862,0.16726007014513006,0.4246255785226822,0.08995360136032104
1789688192.350935,1.0000,traffic cone,0.7988,177,61,110,58,3.8826,3.8827,1.1439046,0.11392501,3.7084775,1.1480546,0.11401512,3.7073324,0.1415243148803711,0.36522331088781357,0.08342719078063965,0.1385989367961884,0.3653471622616053,0.08088520765304574
1789688192.379119,1.0000,traffic cone,0.7522,204,58,106,36,3.8235,3.8242,-1.0577178,0.11304738,3.67252,-1.0328,0.18174186,3.6776335,0.13757504224777217,0.3624549672007561,0.08781603574752816,0.09783697128295898,0.3631570544093847,0.099673330783844
1789688192.414234,1.0000,traffic cone,0.6254,261,100,141,60,3.3450,3.3446,0.05777914,0.20541629,3.338213,0.06934285,0.20336153,3.3377185,0.18520703800022598,0.3864628031849861,0.08580117225646955,0.13748503811657425,0.32127743437886236,0.0724522113800048
1789688192.457314,1.0000,traffic cone,0.4841,388,158,307,143,3.1544,3.1549,-0.4657406,0.06374967,3.1191611,-0.46567357,0.003698185,3.1203437,0.17947000563144683,0.4340614750981334,0.08828399181365976,0.1685330450534821,0.4247142821550369,0.08537843227386466
1789688192.641216,1.0000,traffic cone,0.7975,178,61,111,58,3.8826,3.8803,1.1432037,0.11381875,3.7087495,1.1465486,0.11399281,3.7052662,0.14316678047180176,0.36491939425468445,0.0863652229309082,0.1413293480873108,0.36510041877627375,0.07836306095123291
1789688192.677608,1.0000,traffic cone,0.7518,202,57,105,35,3.8221,3.8199,-1.0583372,0.11240883,3.6708853,-1.0350084,0.18181233,3.672538,0.1386579632759095,0.36221989095211027,0.08040928840637207,0.1003312110900878,0.3629295617341995,0.08708596229553223
1789688192.721719,1.0000,traffic cone,0.6212,260,101,140,61,3.3451,3.3452,0.05807698,0.20479302,3.3383043,0.069539726,0.2030573,3.3383043,0.18643666058778763,0.38539962470531464,0.09565854072570801,0.1403879001736641,0.3212907165288925,0.0772395133972168
1789688192.764935,1.0000,traffic cone,0.4847,385,159,305,143,3.1533,3.1548,-0.4666483,0.06386915,3.1178768,-0.46494558,0.063659,3.1197352,0.1801951050758362,0.4836776375770569,0.09127917289733922,0.16824542284011845,0.42469768822193144,0.08855812549591047
1789688192.897762,1.0000,traffic cone,0.7998,177,60,110,57,3.8812,3.8801,1.142875,0.1133361,3.7073848,1.1470966,0.11392748,3.704932,0.13998325467109685,0.36452765092253686,0.0844256043434144,0.13526098728179936,0.3646131709218025,0.0805982112884518
1789688192.944984,1.0000,traffic cone,0.7489,203,58,106,36,3.8207,3.8239,-1.0562437,0.11293389,3.670056,-1.033359,0.1817002,3.6771657,0.13322299122810377,0.3625471379607916,0.10253152847290048,0.09708178043365479,0.3632183186709881,0.10667335987091064
1789688192.986735,1.0000,traffic cone,0.6217,262,101,141,60,3.3446,3.3441,0.058704033,0.20514053,3.3377814,0.0736116,0.20327473,3.3371282,0.1862090826034546,0.38572412729263306,0.09210968017578125,0.14066558778285976,0.3216583959758282,0.07906284332275382
1789688193.021660,1.0000,traffic cone,0.4817,379,158,299,140,3.1564,3.1566,-0.4675913,0.06380059,3.1208892,-0.46349168,0.033625193,3.1222017,0.17854030579328534,0.4345070704817775,0.09056693315505981,0.1641516238451004,0.4246638387441635,0.08800616264343253
1789688193.128118,1.0000,traffic cone,0.7968,179,61,110,58,3.8852,3.8834,1.1455138,0.114084125,3.7107677,1.1484454,0.114097655,3.7079384,0.1397472620010376,0.36475585401058197,0.0865626335144043,0.1355559229850769,0.3649995591491461,0.08248188495635977
1789688193.168475,1.0000,traffic cone,0.7440,204,59,106,36,3.8210,3.8214,-1.058125,0.11183339,3.6698794,-1.035094,0.1818001,3.6740406,0.13592849969863896,0.36220523416996,0.08521649837493905,0.09707009792327881,0.36308373883366585,0.1005285382270813
1789688193.218293,1.0000,traffic cone,0.6179,261,101,141,60,3.3450,3.3444,0.05781422,0.2048969,3.3382194,0.06941229,0.20345427,3.3374634,0.19532550126314163,0.3869728446006775,0.09290075302124023,0.13912733867764468,0.3211112178862095,0.07428511381149283
1789688193.266873,1.0000,traffic cone,0.4802,378,157,304,144,3.1543,3.1555,-0.46717432,0.06386417,3.118837,-0.46764693,0.03384321,3.1204963,0.17957260012626647,0.43709363937377865,0.09164986610412607,0.1672438517212868,0.42486572116613386,0.08992170095443752
1789688193.380607,1.0000,traffic cone,0.7971,178,61,110,58,3.8793,3.8795,1.1455461,0.11411272,3.704536,1.1487441,0.11426598,3.7037528,0.14133059978485107,0.3651187866926193,0.08657503128051758,0.13596415519714355,0.36521870121359823,0.0831634759902955
1789688193.421091,1.0000,traffic cone,0.7423,205,58,106,36,3.8207,3.8225,-1.0568671,0.11298932,3.669897,-1.0319042,0.1816681,3.6760852,0.13545810580253592,0.3624740798026323,0.09388244152069092,0.09963956475257874,0.3629651926457882,0.09908568859100342
1789688193.471557,1.0000,traffic cone,0.6173,260,100,140,61,3.3438,3.3435,0.058212902,0.2053687,3.33696,0.06947481,0.20348005,3.3365426,0.1866235345602035,0.38591220825910566,0.09105191230773935,0.14035478234291077,0.32108114659786224,0.0724344253540039
1789688193.519259,1.0000,traffic cone,0.4841,379,159,302,143,3.1547,3.1574,-0.46687636,0.063830405,3.119285,-0.46592525,0.063696265,3.122139,0.18162502050399787,0.43122715204954115,0.09097599983215332,0.1693459093570709,0.424556240439415,0.09003229141235325
1789688193.625625,1.0000,traffic cone,0.7966,178,61,111,58,3.8824,3.8831,1.1428379,0.1141344,3.7086632,1.1480969,0.11415556,3.7077289,0.14339900016784668,0.36497756093740463,0.08444952964782715,0.14019308090209948,0.36515540033578875,0.08042351007461557
1789688193.654964,1.0000,traffic cone,0.7450,203,58,106,36,3.8218,3.8205,-1.0567036,0.1128169,3.671087,-1.0344663,0.18159896,3.6733193,0.1367682039737702,0.3624941539019346,0.09164216518402091,0.09802880883216858,0.363017737865448,0.10546064376831055
1789688193.685789,1.0000,traffic cone,0.6143,261,101,142,62,3.3490,3.3468,0.058283295,0.20544842,3.3421605,0.069522224,0.20287262,3.339905,0.18617627769708633,0.3856538385152817,0.09510946273803711,0.13946086317300796,0.31837099269032476,0.07502073049545288
1789688193.727344,1.0000,traffic cone,0.4849,384,158,307,145,3.1554,3.1566,-0.46691835,0.063797325,3.1200278,-0.46802658,0.063694924,3.1210616,0.1803853034973144,0.43440349251031907,0.0899593472480773,0.1717357337474823,0.42486000061035156,0.08823137283325178
1789688193.894493,1.0000,traffic cone,0.7969,178,61,111,58,3.8813,3.8821,1.1424675,0.11396028,3.7076328,1.1469939,0.114003256,3.7070057,0.14118027687072754,0.36505813151597977,0.08684539794921875,0.13949776887893672,0.3651858124881983,0.08160623311996451
1789688193.932390,1.0000,traffic cone,0.7485,205,58,106,35,3.8199,3.8232,-1.0584011,0.11271675,3.668581,-1.0321631,0.18169944,3.6767766,0.13597276210784914,0.3620933547616005,0.08563627004623431,0.0974480032920837,0.36338780745863913,0.09754345417022714
1789688193.975953,1.0000,traffic cone,0.6164,262,100,139,60,3.3434,3.3408,0.058695883,0.20552786,3.3365188,0.07023119,0.20338978,3.3338237,0.18461254872381683,0.38554512411355973,0.08737895488739023,0.1389107387512922,0.32131928801536563,0.0693158507347107
1789688194.021518,1.0000,traffic cone,0.4857,384,159,307,145,3.1553,3.1557,-0.46554404,0.06380959,3.12011,-0.46554404,0.06369032,3.1204774,0.1796691298484802,0.4311815902590748,0.08902153968811044,0.17172320485115045,0.4247422754764557,0.0873250961303711
1789688194.142088,1.0000,traffic cone,0.7993,177,60,110,57,3.8815,3.8818,1.1435816,0.113513276,3.7074456,1.148078,0.11400044,3.7064362,0.1397102415561675,0.36441210433840754,0.08351502418518031,0.13584704399108882,0.3644711285829544,0.07845544815063477
1789688194.185376,1.0000,traffic cone,0.7490,205,59,108,37,3.8229,3.8233,-1.0564308,0.11211339,3.6722798,-1.0339676,0.18128207,3.676414,0.13704133033752441,0.3625381805002689,0.09476494789123535,0.09793816804885869,0.36294794380664824,0.09952898025512669
1789688194.227174,1.0000,traffic cone,0.6200,261,101,140,61,3.3457,3.3451,0.058207244,0.20543402,3.3389015,0.0693765,0.20317468,3.3381546,0.1864311248064041,0.38572658598423004,0.09472274780273438,0.13924015313386917,0.3211037367582321,0.07874107360839844
1789688194.261596,1.0000,traffic cone,0.4888,383,159,304,142,3.1558,3.1571,-0.4661865,0.06381388,3.1205022,-0.46393508,0.06373362,3.1222239,0.17988227307796484,0.4317545801401135,0.0927304983139039,0.16858561038970943,0.4247668951749802,0.09028823375701878
1789688194.383939,1.0000,traffic cone,0.7985,176,61,110,58,3.8832,3.8815,1.1455388,0.113923535,3.708672,1.1480584,0.113930166,3.7060497,0.14141690731048584,0.3648383617401123,0.08714103698730469,0.1368139386177063,0.365036029741168,0.08157924413680995
1789688194.424066,1.0000,traffic cone,0.7527,205,58,106,36,3.8217,3.8217,-1.0569179,0.11268249,3.670925,-1.0342541,0.18181449,3.6746228,0.13630896210670462,0.3622699443250894,0.08682448863983128,0.09756818413734436,0.36308634653687477,0.10402321815490723
1789688194.469004,1.0000,traffic cone,0.6148,260,100,141,61,3.3445,3.3441,0.05799344,0.20525302,3.3377252,0.069106676,0.20322146,3.337229,0.1851889461278915,0.3855989180505276,0.09102090597152701,0.13688333332538605,0.32085032761096954,0.07737016677856445
1789688194.514412,1.0000,traffic cone,0.4900,385,158,304,143,3.1561,3.1566,-0.46625605,0.06386101,3.1208012,-0.4651784,0.06374405,3.121498,0.17957924902439115,0.43438918814063104,0.09011101722717285,0.16642361581325538,0.4249028414487839,0.08847165107727051
1789688194.627535,1.0000,traffic cone,0.7965,178,61,111,58,3.8804,3.8815,1.1415168,0.114177555,3.7069333,1.1471415,0.114205256,3.7063353,0.14512276649475098,0.3650435283780098,0.08926582336425781,0.1403069376945496,0.3652913924306631,0.07949627637863177
1789688194.669050,1.0000,traffic cone,0.7536,205,58,106,36,3.8211,3.8227,-1.0577521,0.113022864,3.6700764,-1.0337634,0.18176778,3.6757786,0.13670034408569331,0.36244866624474525,0.08890017271041906,0.09833130240440369,0.36312100291252136,0.09845584630966187
1789688194.714800,1.0000,traffic cone,0.6128,260,102,141,61,3.3465,3.3448,0.058390126,0.20512424,3.3396606,0.06983665,0.20318994,3.3379257,0.18798181824386115,0.3865926302969455,0.0977515935897828,0.14023201167583466,0.3212331533432007,0.07699704170227051
1789688194.759748,1.0000,traffic cone,0.4946,389,159,307,142,3.1554,3.1553,-0.46979874,0.06379335,3.1195776,-0.46425024,0.063607134,3.120275,0.18104875683784488,0.4311432510614392,0.09078240394592285,0.16689952313899986,0.4245698183774948,0.08937796354293814
1789688194.864412,1.0000,traffic cone,0.7987,178,61,110,58,3.8856,3.8826,1.144826,0.114213526,3.711349,1.1479422,0.114298716,3.707271,0.1425555944442749,0.3649711385369301,0.08681511878967285,0.13776013255119324,0.3652368750423193,0.07945246696472186
1789688194.891766,1.0000,traffic cone,0.7487,203,58,107,36,3.8211,3.8237,-1.0582201,0.11286281,3.6698737,-1.0332665,0.18157248,3.67695,0.13651597499847412,0.36253658048808574,0.08893212080001822,0.09693872928619385,0.3633719142526388,0.10552090406417847
1789688194.922847,1.0000,traffic cone,0.6121,261,100,145,60,3.3439,3.3424,0.058144446,0.20519891,3.3370576,0.06961155,0.20316084,3.3354478,0.18725108802318569,0.3854876354336738,0.09199752807617179,0.1396996099501848,0.32099660709500316,0.07702156305313101
1789688194.967141,1.0000,traffic cone,0.4935,379,158,302,144,3.1549,3.1574,-0.46633857,0.06367743,3.1196167,-0.46633857,0.06345015,3.1221263,0.17961164414882658,0.43437127619981797,0.09283996820449802,0.17088186442852016,0.4247629404067993,0.09192973375320435
1789688195.124421,1.0000,traffic cone,0.7975,180,60,110,57,3.8827,3.8821,1.146488,0.113373965,3.7078652,1.1480333,0.1139192,3.7066832,0.1399436175823212,0.36453004963696,0.07984355688095102,0.13711204528808585,0.3646869882941246,0.07708907127380371
1789688195.168598,1.0000,traffic cone,0.7467,204,59,106,36,3.8216,3.8219,-1.0574418,0.11221999,3.6706963,-1.0336865,0.18147974,3.6750042,0.1390123963356018,0.36257566437125205,0.08359277248382568,0.09767821431159973,0.3630788289010525,0.09481954574584961
1789688195.200181,1.0000,traffic cone,0.6135,258,100,140,59,3.3441,3.3429,0.058687516,0.20521615,3.337263,0.07011766,0.20310113,3.3359876,0.18891809210181235,0.3861338712275028,0.0873324394226076,0.1421250998973846,0.3214732155203819,0.07337882518768346
1789688195.243624,1.0000,traffic cone,0.4900,383,157,304,143,3.1541,3.1559,-0.4668077,0.06373291,3.1187456,-0.4668077,0.0036966354,3.121229,0.17970020771026612,0.4372529268264764,0.08974833488464373,0.16519255936145782,0.424856898188591,0.0882880687713623
1789688195.397016,1.0000,traffic cone,0.7968,177,60,110,57,3.8827,3.8809,1.1429611,0.11332488,3.7089558,1.1469975,0.11369464,3.7057977,0.136948937177658,0.36469295248389244,0.08439099788665771,0.13501319885253915,0.3647598400712013,0.07773208618164062
1789688195.427144,1.0000,traffic cone,0.7483,205,58,106,36,3.8210,3.8206,-1.0565879,0.11289266,3.6703086,-1.0333488,0.18159631,3.6736994,0.13387588858604438,0.3622485943138599,0.0950274586677553,0.09802219271659851,0.36275078170001507,0.10229068994522095
1789688195.470883,1.0000,traffic cone,0.6103,260,100,139,60,3.3440,3.3438,0.06289186,0.20520268,3.3370914,0.07448389,0.20331673,3.336732,0.18576362766325472,0.38593075573444363,0.09233527183532741,0.13856547735631464,0.3209514170885086,0.07499953508377066
1789688195.512315,1.0000,traffic cone,0.4867,389,159,310,145,3.1561,3.1565,-0.4673998,0.06393269,3.120611,-0.4673998,0.0036724806,3.1217337,0.17827491760253905,0.4841561794281006,0.09066929817199698,0.17225372791290272,0.4248389959335327,0.08988194465637189
1789688195.641352,1.0000,traffic cone,0.7991,177,61,110,58,3.8848,3.8840,1.1410133,0.11380671,3.7117577,1.1479802,0.113978386,3.7087698,0.1402738094329834,0.3651622533798218,0.08580350875854492,0.13845492005348214,0.3654184266924858,0.07763732671737644
1789688195.682309,1.0000,traffic cone,0.7493,204,59,106,36,3.8200,3.8236,-1.0582963,0.11206405,3.6688023,-1.0342095,0.18170255,3.6765387,0.13613291978836062,0.362644176185131,0.09109182357788104,0.09606441855430603,0.3639095854014158,0.10457837581634521
1789688195.727075,1.0000,traffic cone,0.6075,261,101,142,61,3.3463,3.3462,0.058141336,0.20541368,3.3394678,0.06971264,0.20347624,3.3392756,0.18666031956672668,0.3856789618730545,0.09240841865539551,0.14091117680072784,0.3214930593967438,0.07631826400756836
1789688195.772321,1.0000,traffic cone,0.4897,383,158,306,145,3.1552,3.1557,-0.46781144,0.0637258,3.1196468,-0.46811324,0.0037509352,3.120771,0.1780597358942032,0.4342582918703559,0.08911191225051862,0.17294011712074275,0.42485023140907285,0.0872906208038331
1789688195.898870,1.0000,traffic cone,0.7978,176,60,111,57,3.8821,3.8816,1.1436431,0.11344461,3.7080858,1.1464921,0.113571435,3.7066903,0.14147577881813045,0.36461530774831774,0.08533711433410662,0.13860518932342525,0.3646091878414154,0.07705392837524405
1789688195.946210,1.0000,traffic cone,0.7503,205,60,105,37,3.8210,3.8210,-1.0565667,0.11193192,3.6703134,-1.0319742,0.18158832,3.6745467,0.1361557602882384,0.3622348535805941,0.09539833068847647,0.0976827383041382,0.3629561454057693,0.1024408817291258
1789688195.994689,1.0000,traffic cone,0.6097,260,101,142,61,3.3455,3.3450,0.058796737,0.20543659,3.3386354,0.07034129,0.20318463,3.3381104,0.18578390777111053,0.3863513320684433,0.09276175498962402,0.13785597681999207,0.3212398290634155,0.08105707168579102
1789688196.042829,1.0000,traffic cone,0.4914,385,159,305,144,3.1553,3.1563,-0.46761775,0.06386568,3.1198373,-0.46653622,0.06383161,3.12101,0.18128101229667665,0.43139407038688626,0.08849415779113778,0.1672847151756286,0.4247791454195976,0.08785282373428327
1789688196.126186,1.0000,traffic cone,0.7969,176,60,111,57,3.8816,3.8824,1.1446403,0.11324631,3.7072656,1.1481006,0.1132848,3.7070572,0.13434557318687435,0.365111768245697,0.08694639205932608,0.13148586750030522,0.3650659844279289,0.07929863929748526
1789688196.152677,1.0000,traffic cone,0.7457,205,58,105,36,3.8230,3.8228,-1.0573969,0.11301805,3.672145,-1.0350938,0.18192354,3.6754632,0.13683907389640804,0.36228666082024574,0.08814457654953012,0.09798845648765564,0.3632253296673298,0.09785288572311401
1789688196.183666,1.0000,traffic cone,0.6062,259,101,140,60,3.3474,3.3449,0.05950995,0.20512336,3.3406177,0.0742605,0.20301312,3.3378723,0.18904265761375427,0.38556116819381714,0.09636902809143066,0.14155913852155208,0.3214140273630619,0.07944519519805882
1789688196.222512,1.0000,traffic cone,0.4954,388,158,308,143,3.1551,3.1580,-0.46945092,0.06376596,3.1193662,-0.4660675,0.06364049,3.122764,0.17905147671699528,0.43405958414077794,0.08856835365295401,0.16820032596588141,0.42479161024093626,0.0862236261367797
1789688196.413710,1.0000,traffic cone,0.7961,178,61,111,58,3.8812,3.8811,1.1425755,0.11382213,3.7075093,1.1466184,0.11387135,3.7060661,0.14130568504333496,0.36509978771209717,0.08450984954833984,0.13892283439636222,0.36518806777894497,0.08176296949386597
1789688196.455876,1.0000,traffic cone,0.7454,204,58,105,36,3.8232,3.8209,-1.0578532,0.113306284,3.6722116,-1.034192,0.18158524,3.6738265,0.13853331804275526,0.362677326798439,0.0918653368949891,0.09905806183815002,0.36321994848549366,0.09736287593841553
1789688196.501599,1.0000,traffic cone,0.6083,260,102,140,60,3.3467,3.3451,0.0581353,0.20554467,3.3399,0.0745195,0.20307226,3.3381402,0.1954783014953136,0.3870816990733147,0.09777382612228402,0.14082649201154707,0.3215073965489864,0.08310369253158578
1789688196.548821,1.0000,traffic cone,0.4959,384,158,306,142,3.1540,3.1555,-0.4680075,0.0638457,3.1184661,-0.46575093,0.033731,3.1207886,0.17915127873420722,0.43422255218029054,0.08911610841751072,0.16721478998661032,0.4248564809560776,0.08884040117263803
1789688196.665708,1.0000,traffic cone,0.7963,177,60,109,56,3.8845,3.8831,1.1452003,0.11340843,3.710151,1.1479671,0.1140874,3.7078254,0.14230618476867662,0.365036204084754,0.084311842918396,0.13941341638565063,0.3651458974927664,0.07951903343200684
1789688196.703817,1.0000,traffic cone,0.7445,205,58,107,36,3.8192,3.8199,-1.0569668,0.11283484,3.6683068,-1.0341089,0.18164778,3.6727753,0.13663108944892888,0.36257404200732707,0.0875463843345643,0.09628292918205261,0.36343010514974594,0.10156846046447754
1789688196.747609,1.0000,traffic cone,0.6088,260,101,141,62,3.3465,3.3452,0.058730293,0.2052849,3.3397055,0.06996642,0.20327646,3.3383255,0.18797559291124344,0.3861387223005295,0.09671425819396973,0.13933469392359255,0.3180436849594116,0.08158453702926671
1789688196.786265,1.0000,traffic cone,0.4930,389,160,308,144,3.1562,3.1573,-0.4698475,0.06386105,3.1203415,-0.46708596,0.03371507,3.1223698,0.18055241852998738,0.4288064703345289,0.09020932912826574,0.1704924359917641,0.4247807711362839,0.0891526699066163
1789688196.914918,1.0000,traffic cone,0.7953,178,61,111,58,3.8824,3.8833,1.1414174,0.11380082,3.7090335,1.1484177,0.11405471,3.7078729,0.139365553855896,0.36528346687555313,0.086181640625,0.13769547939300542,0.3655096530914307,0.08316456079483014
1789688196.953543,1.0000,traffic cone,0.7434,203,58,107,36,3.8236,3.8219,-1.0587697,0.11307715,3.672375,-1.034318,0.1816607,3.674823,0.139539098739624,0.36232603490352633,0.08634872436523455,0.09868448972702026,0.36281925812363625,0.09238415956497192
1789688196.998311,1.0000,traffic cone,0.6023,262,100,140,60,3.3488,3.3489,0.062279686,0.20484439,3.3419423,0.07383563,0.2030725,3.3419423,0.1855852924287319,0.3854804329574108,0.0919934749603275,0.13960569314658638,0.3217142097651958,0.0799181818962098
1789688197.042814,1.0000,traffic cone,0.4923,383,158,304,142,3.1545,3.1559,-0.46706313,0.06367184,3.1190343,-0.465358,0.033706278,3.121201,0.17957189828157427,0.4344032809138301,0.09074217081069946,0.16667190343141558,0.42488966733217237,0.09046021699905404
1789688197.159729,1.0000,traffic cone,0.7957,177,60,111,57,3.8824,3.8823,1.144316,0.113504395,3.7081468,1.1472019,0.114249974,3.7071455,0.1406438231468201,0.36487711034715176,0.08440158367156991,0.13686296939849862,0.36486112475395205,0.076741600036621
1789688197.188607,1.0000,traffic cone,0.7451,204,60,107,38,3.8237,3.8250,-1.054404,0.11205338,3.6736941,-1.0326594,0.1812784,3.6785417,0.13626258373260502,0.3625353749841451,0.10118755102157584,0.09438424706459048,0.3632316533476114,0.10381715297698957
1789688197.236323,1.0000,traffic cone,0.6032,261,102,145,62,3.3456,3.3449,0.0583378,0.20538546,3.3387485,0.06980653,0.20305522,3.3380141,0.19629023894667622,0.3871246255934238,0.09385451078414953,0.14072704799473285,0.31787216737866403,0.0801644444465639
1789688197.283182,1.0000,traffic cone,0.4901,383,159,304,144,3.1550,3.1568,-0.46871996,0.06384432,3.1193068,-0.46695647,0.06376099,3.1214437,0.1793546199798584,0.48381809890270233,0.0883018970489502,0.1698460012674332,0.42482218593358995,0.08782565593719482
1789688197.383651,1.0000,traffic cone,0.7948,178,61,110,58,3.8822,3.8813,1.1421248,0.11396986,3.7086897,1.1475912,0.11405067,3.7060244,0.14177608489990234,0.3652013838291168,0.08921122550964355,0.13914399743080152,0.36519839726388453,0.083224356174469
1789688197.412696,1.0000,traffic cone,0.7420,205,59,106,36,3.8236,3.8232,-1.0566331,0.11224884,3.6729417,-1.0323509,0.1815076,3.6767452,0.13872474431991577,0.3628252945840359,0.09353528022766122,0.09778201580047607,0.3631719332188368,0.10212212800979614
1789688197.447101,1.0000,traffic cone,0.6033,260,99,139,59,3.3444,3.3438,0.058949195,0.20547912,3.3375764,0.069761105,0.20295113,3.336923,0.18816784024238578,0.3860196590423584,0.08791627883911168,0.13863699808716773,0.3213657334446907,0.0731782436370847
1789688197.504326,1.0000,traffic cone,0.4915,383,159,305,144,3.1564,3.1581,-0.46600348,0.06395738,3.1211324,-0.4658885,0.06386352,3.1228569,0.17956846356391903,0.4310698419809338,0.08923008441925084,0.16991916596889495,0.42473084926605226,0.08849945068359366
1789688197.651338,1.0000,traffic cone,0.7967,176,60,111,57,3.8840,3.8809,1.1441271,0.11355826,3.709891,1.1464646,0.11411622,3.705975,0.14071449041366568,0.3641998618841171,0.08649350404739353,0.13659055233001727,0.363971808552742,0.07998318672180194
1789688197.691732,1.0000,traffic cone,0.7403,204,58,107,36,3.8218,3.8215,-1.0589678,0.11300583,3.6704602,-1.0342036,0.18165636,3.6743772,0.1395917236804961,0.36234664767980573,0.08249686956405622,0.09832504391670227,0.3628725055605173,0.09669578075408936
1789688197.737048,1.0000,traffic cone,0.6036,260,100,141,61,3.3455,3.3458,0.0625625,0.20526853,3.338572,0.06936324,0.20288938,3.3388822,0.1872426830232143,0.38565414622426036,0.0937005162239073,0.13939546048641205,0.3213341534137726,0.07935833930969238
1789688197.782465,1.0000,traffic cone,0.4878,391,158,308,142,3.1544,3.1551,-0.46629763,0.06378536,3.119085,-0.46492562,0.033792347,3.1204576,0.18023886382579807,0.4343714624643329,0.08963128328323355,0.1689408600330352,0.4248111307621002,0.08743046522140485
1789688197.908760,1.0000,traffic cone,0.7960,176,60,110,57,3.8825,3.8815,1.144398,0.113513544,3.7082593,1.1470383,0.11406702,3.7064087,0.1407668769359589,0.36477878801524644,0.08186788558959979,0.13775451183319087,0.36476636677980423,0.08001375198364258
1789688197.940825,1.0000,traffic cone,0.7361,204,60,107,38,3.8236,3.8249,-1.0570128,0.112014756,3.672914,-1.034106,0.18150073,3.6780286,0.13851706385612483,0.36269649490714073,0.10132538080215436,0.0970942854881286,0.3630297813564539,0.11101186275482178
1789688197.982155,1.0000,traffic cone,0.6017,261,100,142,60,3.3466,3.3456,0.062121388,0.2050037,3.3397317,0.07363264,0.20346986,3.3385727,0.18582985848188396,0.38627056553959843,0.0907386660575864,0.1393061842769384,0.32146093919873236,0.08098762035369855
1789688198.021859,1.0000,traffic cone,0.4912,385,158,307,143,3.1552,3.1574,-0.46960723,0.06378472,3.1193805,-0.46560937,0.0636822,3.1222582,0.18048093318939212,0.43419144004583393,0.08872374296188346,0.16602559089660646,0.4248719573020935,0.09038898944854745
1789688198.154522,1.0000,traffic cone,0.7963,177,60,111,57,3.8820,3.8820,1.1456336,0.11346869,3.7073636,1.1474136,0.114082515,3.7068243,0.14125390052795406,0.3646623998880386,0.08248591423034668,0.13637390136718763,0.3646902233362198,0.08112382888793945
1789688198.195313,1.0000,traffic cone,0.7362,205,60,107,37,3.8242,3.8244,-1.057159,0.111971706,3.6734953,-1.0334247,0.18158683,3.6776934,0.1377741754055023,0.3624661777168512,0.09626209735870361,0.09894710779190063,0.36292861998081205,0.10312585830688459
1789688198.241898,1.0000,traffic cone,0.6026,260,100,140,60,3.3453,3.3454,0.06318581,0.20512022,3.3384109,0.07470825,0.20319907,3.3384109,0.18635121732950208,0.38575969934463505,0.09065322875976545,0.13908482082188126,0.32106490284204486,0.08263435363769522
1789688198.287304,1.0000,traffic cone,0.4879,385,158,304,141,3.1560,3.1576,-0.46761867,0.063874185,3.1205528,-0.4653082,0.06366551,3.1225142,0.17923192679882055,0.43439153581857715,0.09209160804748517,0.16486114263534546,0.42495083808898926,0.0913081169128418
1789688198.404080,1.0000,traffic cone,0.7984,174,60,111,57,3.8848,3.8826,1.1430631,0.11357142,3.711065,1.1463869,0.11420685,3.7077801,0.14042507410049443,0.36494753435254096,0.08704777956008902,0.13504667282104488,0.36497699171304704,0.07931184768676758
1789688198.435858,1.0000,traffic cone,0.7397,203,58,106,36,3.8218,3.8195,-1.0587957,0.11278503,3.6704936,-1.0340868,0.18185857,3.6723022,0.140252387523651,0.3621372256428003,0.08884568214416477,0.09940260648727417,0.3624947611242533,0.09842705726623535
1789688198.479608,1.0000,traffic cone,0.6038,260,99,140,59,3.3462,3.3437,0.058268454,0.20545667,3.339424,0.069783166,0.20339155,3.3368137,0.1880357459187507,0.38664150089025495,0.0914940595626832,0.13991285562515252,0.3216558039188385,0.07622721195220938
1789688198.524990,1.0000,traffic cone,0.4891,389,158,311,144,3.1542,3.1562,-0.46908084,0.06375608,3.1184452,-0.46668497,0.06352247,3.1208375,0.18036052286624904,0.43428790867328676,0.09401077032089233,0.16947499215602874,0.4247754022479057,0.09300277233123788
1789688198.627529,1.0000,traffic cone,0.7997,180,61,110,58,3.8833,3.8834,1.1457769,0.11377099,3.7086928,1.1497178,0.11411269,3.7075899,0.14292359352111816,0.36545152217149734,0.08710193634033203,0.139086264371872,0.36549740992486474,0.0783141732215884
1789688198.656435,1.0000,traffic cone,0.7369,204,58,107,36,3.8220,3.8212,-1.0567684,0.11301589,3.6712296,-1.0334139,0.18165898,3.6743248,0.13736861944198608,0.36243743561208247,0.08293062448501587,0.09953758120536804,0.363009225577116,0.09836041927337646
1789688198.691393,1.0000,traffic cone,0.6029,259,100,140,61,3.3458,3.3453,0.058433235,0.20536113,3.3390107,0.06969747,0.20355365,3.3384001,0.18896660991013048,0.3863740488886833,0.0913356304168702,0.1404070109128952,0.32113680243492126,0.07738447189331055
1789688198.744700,1.0000,traffic cone,0.4872,389,158,307,144,3.1538,3.1556,-0.468092,0.063816644,3.1182294,-0.46633285,0.0037300438,3.1209636,0.17884142398834235,0.43427902013063463,0.09288582801818857,0.17030225247144692,0.4246981218457222,0.09204615354537982
1789688198.895324,1.0000,traffic cone,0.7997,170,61,110,58,3.8828,3.8817,1.1437311,0.11415298,3.7088115,1.1480092,0.11428225,3.7062593,0.1453772783279419,0.3649923801422119,0.08248662948608398,0.14116120934486376,0.36526606492698194,0.07892111539840707
1789688198.936437,1.0000,traffic cone,0.7349,204,58,106,35,3.8218,3.8249,-1.0569205,0.11310728,3.6709797,-1.0310937,0.18170308,3.6788018,0.135886973142624,0.3627059794962406,0.0962468028068546,0.09863702058792123,0.3632680371403694,0.09804151058196986
1789688198.985462,1.0000,traffic cone,0.5987,262,101,147,62,3.3460,3.3448,0.0587399,0.2051676,3.339181,0.06973111,0.20321546,3.3378992,0.18594728410243988,0.38619476556777954,0.09411096572875977,0.1417750298976898,0.3180221192538738,0.07600197792053232
1789688199.033012,1.0000,traffic cone,0.4880,390,160,305,143,3.1555,3.1562,-0.46806416,0.06396655,3.1199265,-0.4664361,0.06372891,3.1208513,0.17729527652263644,0.484216770529747,0.0904578208923339,0.16917577385902405,0.4248488903045654,0.08635447025299081
1789688199.146940,1.0000,traffic cone,0.8010,178,60,110,57,3.8815,3.8808,1.1448421,0.113597274,3.707038,1.1483191,0.114243776,3.7052178,0.14129956960678114,0.3644746273756027,0.0836768031120303,0.13767080307006818,0.364548459649086,0.08162579536437997
1789688199.186265,1.0000,traffic cone,0.7322,205,59,106,36,3.8240,3.8246,-1.0558069,0.11208546,3.673678,-1.0329969,0.18183166,3.678009,0.135845673084259,0.36264182031154635,0.09477908611297625,0.09764507412910461,0.3635184206068516,0.10022634267807007
1789688199.235259,1.0000,traffic cone,0.6015,261,101,146,62,3.3447,3.3439,0.05841036,0.20514968,3.3379383,0.06925583,0.20327117,3.3369749,0.1854516640305519,0.3859470784664154,0.09161734580993652,0.13992316201329233,0.31785182654857635,0.07845484018325788
1789688199.280137,1.0000,traffic cone,0.4898,388,160,307,143,3.1539,3.1558,-0.4685777,0.06386312,3.1182532,-0.46639395,0.06370768,3.1204543,0.18068247288465494,0.4284257486462583,0.09221789836883554,0.16825167238712313,0.42477422654628755,0.09054095745086688
1789688199.415171,1.0000,traffic cone,0.8019,175,60,108,57,3.8846,3.8828,1.1450579,0.11395952,3.7102916,1.1459951,0.114305794,3.7080579,0.1423836469650268,0.3652826644480228,0.0820995569229126,0.1403180122375487,0.3072067052125931,0.07548956871032697
1789688199.456314,1.0000,traffic cone,0.7350,204,59,107,37,3.8231,3.8213,-1.0568964,0.112214714,3.672357,-1.0335627,0.18153405,3.6744208,0.1377372980117797,0.36231589913368223,0.09281461238861066,0.09868961572647095,0.362666243314743,0.09764046669006365
1789688199.500908,1.0000,traffic cone,0.6038,260,101,145,62,3.3449,3.3445,0.058511246,0.20519161,3.338117,0.06884669,0.20304233,3.3376088,0.1868281438946724,0.38621991872787476,0.09468412399291992,0.13952951580286027,0.3179458953440189,0.07641181945800746
1789688199.545444,1.0000,traffic cone,0.4874,386,158,302,140,3.1563,3.1580,-0.46818012,0.06383833,3.120702,-0.4639329,0.033672668,3.123563,0.1789428383111954,0.4346164390444759,0.08817069530487087,0.16654806584119797,0.4248974651098251,0.08610905408859226
1789688199.669508,1.0000,traffic cone,0.8015,173,60,110,57,3.8846,3.8824,1.1447306,0.113577455,3.7103992,1.1476797,0.11393151,3.7071235,0.14040020108222961,0.3645905137062073,0.08335156440734881,0.13616614341735844,0.36470503062009807,0.08188991546630842
1789688199.699477,1.0000,traffic cone,0.7351,207,59,107,35,3.8209,3.8202,-1.0555642,0.11382505,3.6704662,-1.0336349,0.18206227,3.6732328,0.1372992277145385,0.3630459323525429,0.08640923500061026,0.09828808307647707,0.36344728618860245,0.09981434345245388
1789688199.745055,1.0000,traffic cone,0.5971,261,100,141,60,3.3468,3.3441,0.058546655,0.20509006,3.3399534,0.070090055,0.20358197,3.3371797,0.18767639286816118,0.3857655234634876,0.09460002183914185,0.14004982151091094,0.32150010764598846,0.07513386011123657
1789688199.789832,1.0000,traffic cone,0.4909,389,159,310,146,3.1559,3.1565,-0.46700642,0.0638569,3.120513,-0.46741137,0.0036927462,3.121716,0.17931587696075435,0.4313024610280987,0.09012298583984402,0.1734006553888321,0.42477867752313614,0.08603411912918091
1789688199.915350,1.0000,traffic cone,0.7997,174,61,110,58,3.8824,3.8822,1.145456,0.11401439,3.7078726,1.1477917,0.114259794,3.7069242,0.14078986644744873,0.3649526461958885,0.09033465385437012,0.13774672150611877,0.36512563824653627,0.08286105394363386
1789688199.946139,1.0000,traffic cone,0.7345,205,58,107,35,3.8239,3.8230,-1.0582235,0.11293696,3.6728165,-1.0342698,0.18186754,3.675969,0.13673295974731436,0.36254203841090205,0.08598768711090088,0.09961942434310911,0.3631104938685894,0.09265327453613281
1789688199.988051,1.0000,traffic cone,0.5935,262,102,148,63,3.3473,3.3472,0.06189032,0.204882,3.340486,0.06860501,0.20333984,3.3403015,0.18612622953951358,0.3869052723050117,0.09015820026397714,0.14067721366882324,0.31484728306531906,0.07435336112976065
1789688200.033916,1.0000,traffic cone,0.4902,386,159,303,143,3.1554,3.1548,-0.46691635,0.063780606,3.1199875,-0.4664229,0.003905639,3.1201699,0.1807921051979065,0.4313350260257718,0.09007506370544416,0.17095106840133667,0.42485181987285614,0.08890657424926784
1789688200.177417,1.0000,traffic cone,0.8034,172,61,111,58,3.8842,3.8833,1.1415042,0.11425161,3.710956,1.1492846,0.114334986,3.7075913,0.14213693141937256,0.3650534451007843,0.085174560546875,0.14066169857978839,0.3652514170855284,0.07622244358062735
1789688200.218432,1.0000,traffic cone,0.7359,204,58,107,35,3.8222,3.8230,-1.0573,0.11298007,3.6713328,-1.0329523,0.18179318,3.6762776,0.136825656890869,0.3628049034625292,0.0863410949707033,0.09709242582321165,0.3636382855474949,0.09879298210144061
1789688200.264816,1.0000,traffic cone,0.5949,260,100,141,60,3.3437,3.3432,0.058618966,0.20548782,3.3368602,0.070153095,0.20357758,3.3362684,0.187665506824851,0.38582348302006725,0.09315977096557626,0.1406628720462322,0.3215824827551842,0.07720069885253888
1789688200.309750,1.0000,traffic cone,0.4916,385,158,307,142,3.1574,3.1578,-0.46682933,0.063825145,3.1220026,-0.46547475,0.0337853,3.123159,0.17938438355922698,0.4343303918838504,0.090067362785339,0.16811390817165373,0.4247966825962067,0.08773477077484149
1789688200.435623,1.0000,traffic cone,0.8010,174,61,110,58,3.8848,3.8850,1.1424297,0.11383954,3.711259,1.147481,0.11397159,3.7099426,0.1401996612548828,0.36543865501880646,0.08768701553344727,0.13941404223442078,0.36562083289027214,0.0817258358001709
1789688200.477878,1.0000,traffic cone,0.7362,204,57,106,35,3.8221,3.8218,-1.058029,0.113664,3.6709733,-1.0335771,0.18178147,3.6749263,0.1355155944824218,0.3624678120017052,0.08141241073608407,0.09999982118606565,0.3630749717354774,0.0908939361572263
1789688200.518178,1.0000,traffic cone,0.5919,260,99,139,59,3.3460,3.3461,0.058354862,0.20520994,3.3391585,0.06982312,0.20342603,3.3391585,0.18730216696858398,0.3864068195223808,0.091619920730591,0.1419328495860099,0.3213824614882469,0.07209596633911142
1789688200.550099,1.0000,traffic cone,0.4918,389,158,306,141,3.1560,3.1560,-0.46972632,0.063835576,3.120222,-0.46381783,0.0036484897,3.121697,0.1784591034054756,0.434606455266476,0.09025180339813232,0.16689574718475342,0.42506635189056396,0.08608770370483398
1789688200.659698,1.0000,traffic cone,0.8021,175,60,110,57,3.8841,3.8826,1.1441834,0.11373705,3.7100346,1.1479496,0.11417316,3.7072496,0.14051659703254704,0.3648219525814056,0.08418937921524039,0.135857915878296,0.3648642107844353,0.07698388099670428
1789688200.699135,1.0000,traffic cone,0.7352,204,58,106,37,3.8244,3.8240,-1.0573335,0.11315793,3.6735623,-1.0340348,0.18160816,3.6770306,0.13323501348495492,0.3626486752182245,0.09068990945816013,0.10095052719116204,0.3631170734763145,0.10337638854980469
1789688200.743577,1.0000,traffic cone,0.5939,262,101,141,60,3.3475,3.3474,0.057938825,0.20510034,3.340664,0.07361748,0.20347257,3.3403978,0.18737374991178513,0.3868149071931839,0.09261250495910645,0.14047588482499118,0.3213056825101376,0.0728945493698121
1789688200.788579,1.0000,traffic cone,0.4959,388,158,307,142,3.1563,3.1565,-0.46712068,0.06385587,3.1209035,-0.46497485,0.063822344,3.121388,0.17845970839262015,0.43412867411971123,0.09170449972152728,0.1673108369112014,0.4248803421854973,0.08823928833007821
1789688200.907909,1.0000,traffic cone,0.8001,175,61,110,58,3.8821,3.8829,1.1459273,0.11415996,3.7073598,1.1503348,0.11417286,3.7067823,0.14257383346557617,0.365163117647171,0.08317041397094727,0.13832605481147775,0.36536247059702875,0.07891939878463727
1789688200.941240,1.0000,traffic cone,0.7366,204,59,107,36,3.8225,3.8242,-1.0561649,0.11192943,3.6719365,-1.0318294,0.18178892,3.677902,0.1361287117004394,0.3621597521007061,0.0953645944595336,0.09727996587753296,0.3632882125675678,0.09668987989425659
1789688200.983639,1.0000,traffic cone,0.5956,258,100,141,60,3.3464,3.3433,0.05821777,0.20515929,3.3395696,0.06975747,0.20362456,3.3363538,0.18664823472499845,0.38666289448738095,0.09211100339889544,0.1383751347661018,0.32141939252614976,0.07084707021713266
1789688201.028560,1.0000,traffic cone,0.4921,390,158,311,143,3.1555,3.1559,-0.46791697,0.06370975,3.1199322,-0.46693316,0.003772825,3.1211476,0.1787852227687836,0.4346410892903808,0.09085501432418841,0.16814055442810055,0.42490166127681733,0.08886530399322501
1789688201.135300,1.0000,traffic cone,0.8015,172,60,110,57,3.8811,3.8805,1.1455168,0.11326389,3.7064326,1.149049,0.11358625,3.7047875,0.14105533957481375,0.3652338914573192,0.08604350090026847,0.13868188858032227,0.3652553960680962,0.08061537742614755
1789688201.163403,1.0000,traffic cone,0.7381,203,58,107,37,3.8208,3.8239,-1.0552394,0.11290616,3.6704464,-1.0347217,0.1815404,3.6767642,0.13417381048202515,0.3627220816910267,0.09502334594726536,0.09752213954925537,0.3632956609129906,0.09959602355957031
1789688201.195422,1.0000,traffic cone,0.5934,261,102,139,60,3.3464,3.3457,0.058409795,0.20542341,3.3395605,0.074544266,0.20336054,3.3386397,0.1956096578389406,0.38654310926795005,0.09235107898712158,0.1398032534867525,0.32126005217432974,0.08177455663681021
1789688201.240242,1.0000,traffic cone,0.4899,388,158,305,141,3.1568,3.1579,-0.46803498,0.06385387,3.121248,-0.4647516,0.06371379,3.1228251,0.17864610701799388,0.43450816422700916,0.0898819327354432,0.16713321208953857,0.42493441700935364,0.0885322093963623
1789688201.422325,1.0000,traffic cone,0.7970,173,61,111,58,3.8816,3.8819,1.1414459,0.11403248,3.7082014,1.1470087,0.11411145,3.7068598,0.13972342014312744,0.3653116896748543,0.08388185501098633,0.13854438662528978,0.3655866216868162,0.08051030635833722
1789688201.468699,1.0000,traffic cone,0.7384,205,59,106,36,3.8247,3.8268,-1.0560217,0.11227581,3.6742911,-1.0327984,0.18157297,3.6803627,0.13246765136718752,0.3628502145409584,0.09815058708190927,0.09823799133300781,0.3632815070450306,0.10562443733215332
1789688201.516066,1.0000,traffic cone,0.5912,260,101,141,61,3.3471,3.3473,0.066389285,0.20450982,3.340159,0.07794648,0.20335898,3.340159,0.1855396032333374,0.3858131617307663,0.09286165237426758,0.13820798695087433,0.3213179260492325,0.08278369903564453
1789688201.563254,1.0000,traffic cone,0.4892,386,159,308,144,3.1565,3.1595,-0.46662542,0.06382853,3.1211367,-0.46610844,0.06376295,3.1243176,0.17930446267127986,0.43140659630298583,0.08985252380371112,0.16890574991703033,0.4249780401587486,0.08811039924621555
1789688201.657692,1.0000,traffic cone,0.7982,173,61,110,58,3.8854,3.8847,1.1463113,0.11410424,3.7107177,1.1507173,0.114107415,3.7086272,0.14254331588745117,0.3652530014514923,0.08635592460632324,0.13820403814315796,0.3655021764338017,0.08059036731719971
1789688201.689752,1.0000,traffic cone,0.7353,206,59,106,37,3.8242,3.8207,-1.0571172,0.112380534,3.673462,-1.0341043,0.18149179,3.6736307,0.1354291081428527,0.36237732619047164,0.09879698753356925,0.09806243181228635,0.3627306461334228,0.10507392883300781
1789688201.733079,1.0000,traffic cone,0.5905,260,99,140,59,3.3457,3.3452,0.05937112,0.20515648,3.3389013,0.07097129,0.20328644,3.3382819,0.18746551722288124,0.38544020950794217,0.08949437141418448,0.14070276170969004,0.32133713513612744,0.0762075424194335
1789688201.774367,1.0000,traffic cone,0.4898,385,158,304,141,3.1560,3.1564,-0.46778196,0.063875124,3.1205258,-0.4653514,0.0037923455,3.1219273,0.1789112821221352,0.4344877973198894,0.09150476455688494,0.16610902547836304,0.42494863271713257,0.09036493301391602
1789688201.910709,1.0000,traffic cone,0.7989,170,60,109,56,3.8836,3.8812,1.1458247,0.113377616,3.708983,1.1475334,0.11436011,3.7059546,0.1410222887992858,0.3645672794431448,0.08485897779464713,0.1384170651435852,0.3645825106650591,0.07962340116500854
1789688201.943961,1.0000,traffic cone,0.7370,205,59,107,36,3.8249,3.8235,-1.0570874,0.11234084,3.6741993,-1.0321838,0.18179539,3.6770017,0.1392331361770629,0.36280311420559885,0.09189295768737793,0.09861746430397034,0.36321486346423626,0.09686386585235596
1789688201.988843,1.0000,traffic cone,0.5904,260,102,140,60,3.3445,3.3446,0.05916943,0.20543517,3.3377094,0.074588194,0.2030416,3.3375778,0.1947942893952131,0.3872404403984547,0.09358446598052961,0.14151032306253908,0.32166018933057783,0.07945468425750724
1789688202.042870,1.0000,traffic cone,0.4885,385,160,307,144,3.1563,3.1587,-0.46749684,0.06398467,3.1208599,-0.4665828,0.03379762,3.1238544,0.18254525363445284,0.48431830406188964,0.08738434314727739,0.17174197584390632,0.42490585148334503,0.08741284608840916
1789688202.161087,1.0000,traffic cone,0.7982,171,60,110,57,3.8829,3.8824,1.1441845,0.113405675,3.7087612,1.1481398,0.11385985,3.70703,0.1410448491573335,0.36494699902832506,0.08235229253768894,0.1357890844345091,0.365016208589077,0.08143458366394052
1789688202.203672,1.0000,traffic cone,0.7356,205,59,107,37,3.8210,3.8231,-1.0559317,0.11206858,3.6705382,-1.0337303,0.18182634,3.676202,0.13867714405059806,0.36267463266849514,0.09743697643280047,0.0985919475555419,0.36300780475139616,0.10100693702697727
1789688202.254104,1.0000,traffic cone,0.5917,262,100,141,59,3.3470,3.3472,0.05837063,0.20560218,3.340215,0.070768476,0.20354871,3.3402443,0.18965643681585787,0.38605497479438783,0.097061002254486,0.1427764862775802,0.3213234543800354,0.0746606111526491
1789688202.306734,1.0000,traffic cone,0.4880,390,158,307,142,3.1551,3.1564,-0.46833083,0.06389419,3.119472,-0.46551573,0.033909112,3.1217139,0.17789693772792814,0.4341886125504974,0.08747770786285392,0.167257010936737,0.42482898086309434,0.08620938062667838
1789688202.388859,1.0000,traffic cone,0.8005,172,61,111,58,3.8826,3.8824,1.1438849,0.1138463,3.7085087,1.1474276,0.1139821,3.7072027,0.1452401876449585,0.3650320768356323,0.08945560455322266,0.14051600694656385,0.36516728773713114,0.07880871295928937
1789688202.418113,1.0000,traffic cone,0.7402,204,59,107,37,3.8245,3.8218,-1.0567881,0.11213195,3.6738598,-1.0328658,0.1815148,3.675113,0.13825674057006843,0.3624023780226707,0.09382972717285165,0.09700543880462642,0.362780025601387,0.10201272964477548
1789688202.462345,1.0000,traffic cone,0.5967,259,101,138,60,3.3481,3.3468,0.05788937,0.20544356,3.3413193,0.07390615,0.2033985,3.339808,0.1865999847650528,0.38584989309310913,0.09838628768920898,0.14034330919384952,0.321653688699007,0.07743177413940439
1789688202.511222,1.0000,traffic cone,0.4895,387,158,307,143,3.1555,3.1568,-0.46769258,0.06387067,3.1199536,-0.467546,0.0036377758,3.1219342,0.177934017777443,0.4344748720526699,0.09050573110580462,0.1699513673782349,0.42511358559131623,0.08808917999267551
1789688202.651985,1.0000,traffic cone,0.7983,173,62,111,58,3.8832,3.8816,1.1433704,0.11414814,3.7092795,1.1477182,0.11414814,3.706296,0.14763465523719765,0.36498171724379064,0.090969979763031,0.14439793229103093,0.36518972739577293,0.08038249015808097
1789688202.689866,1.0000,traffic cone,0.7418,207,58,106,36,3.8243,3.8229,-1.0574839,0.11306937,3.6734388,-1.0340557,0.18167098,3.6759324,0.13421433568000796,0.3624133292585611,0.08694342374801645,0.09874817728996277,0.36275238171219826,0.09431499242782593
1789688202.733196,1.0000,traffic cone,0.5947,260,99,139,59,3.3440,3.3441,0.05899647,0.20545994,3.3371887,0.07049867,0.20351417,3.3371887,0.1873190410435199,0.38568392544984814,0.09199736118316615,0.14152550846338266,0.321564944088459,0.07634046077728263
1789688202.778138,1.0000,traffic cone,0.4911,386,159,306,142,3.1568,3.1572,-0.46705577,0.06395511,3.1213956,-0.46554956,0.03371977,3.1224842,0.18046558201313012,0.43146063834428755,0.09215316772460946,0.1676436245441436,0.424812850356102,0.08935381174087542
1789688202.913477,1.0000,traffic cone,0.8021,173,60,110,57,3.8836,3.8825,1.1451507,0.11319518,3.7091753,1.147794,0.11372228,3.7072518,0.13974503874778743,0.36517935395240786,0.08398491144180298,0.13533523082733168,0.36521892100572584,0.079193115234375
1789688202.960994,1.0000,traffic cone,0.7464,204,59,106,37,3.8242,3.8225,-1.0577143,0.112165615,3.673303,-1.033632,0.18187816,3.6756184,0.13936250209808343,0.3624048262834549,0.08734807968139613,0.09878456592559814,0.3628804013133049,0.10188274383544904
1789688203.002490,1.0000,traffic cone,0.6027,261,101,140,60,3.3445,3.3444,0.057267677,0.2054464,3.3377051,0.07407452,0.20331618,3.3374214,0.18675805628299713,0.3869754821062088,0.09297466278076172,0.14217854514718054,0.32152409851551056,0.07389721870422372
1789688203.034722,1.0000,traffic cone,0.4948,387,158,303,140,3.1560,3.1561,-0.46770272,0.06381753,3.1205473,-0.46424007,0.033814453,3.1216145,0.17979721128940584,0.4343384034931663,0.09326879978179958,0.16698592305183407,0.42491653114557265,0.08897343873977626
1789688203.143744,1.0000,traffic cone,0.8008,175,61,111,58,3.8854,3.8818,1.1424054,0.113937065,3.7119,1.147001,0.11408231,3.7067025,0.13924014568328857,0.3653964325785637,0.08984375,0.13932783007621752,0.36565894037485125,0.08221652507781974
1789688203.184286,1.0000,traffic cone,0.7414,205,58,105,36,3.8227,3.8241,-1.0589764,0.11297299,3.6713595,-1.0349834,0.18174878,3.676838,0.1386231660842896,0.3625500537455082,0.08462102413177508,0.09901252388954163,0.3630552962422371,0.09529000520706177
1789688203.227669,1.0000,traffic cone,0.6069,260,101,141,60,3.3455,3.3456,0.057671614,0.20543076,3.3387249,0.07392402,0.20334664,3.3385615,0.18670622259378433,0.3870154619216919,0.09502148628234863,0.14039824791252611,0.32156952247023585,0.07464342117309553
1789688203.272257,1.0000,traffic cone,0.4920,387,159,308,141,3.1552,3.1567,-0.46910083,0.06380004,3.119433,-0.46398395,0.06373815,3.1217942,0.18165538311004642,0.4837527275085449,0.09253952503204355,0.16454064846038818,0.4248931407928467,0.08816146850585938
1789688203.390867,1.0000,traffic cone,0.7996,171,61,110,58,3.8845,3.8825,1.1441088,0.1143108,3.7103817,1.1485498,0.11436145,3.7069724,0.14313602447509766,0.3655600771307945,0.09226512908935547,0.14021269679069515,0.3655048098415136,0.08580592870712245
1789688203.428850,1.0000,traffic cone,0.7399,205,59,106,35,3.8223,3.8239,-1.0573579,0.11205912,3.671388,-1.0301378,0.18183213,3.6780498,0.13290897607803343,0.36261994391679764,0.09526965618133554,0.09846106767654417,0.3633839443325997,0.09751005172729466
1789688203.474052,1.0000,traffic cone,0.6080,273,99,141,59,3.3466,3.3460,0.058236834,0.2050359,3.3397753,0.069720626,0.20335293,3.339112,0.18773813918232912,0.3862682029604912,0.09130911827087429,0.13891788870096206,0.3215275853872299,0.07085874080657995
1789688203.519992,1.0000,traffic cone,0.4942,386,158,309,144,3.1553,3.1560,-0.46726504,0.06396278,3.1198635,-0.46726504,0.06394292,3.1205826,0.18104386180639265,0.4341938138008121,0.09115186929702723,0.17145287543535231,0.4248711556196213,0.08995803594589225
1789688203.622086,1.0000,traffic cone,0.8016,171,61,110,57,3.8843,3.8845,1.1426177,0.114076346,3.7106893,1.1458713,0.114076346,3.7099373,0.14203369617462158,0.36485492438077927,0.08847999572753906,0.1341306209564208,0.3649875372648239,0.08234190940856934
1789688203.651426,1.0000,traffic cone,0.7391,204,60,106,38,3.8234,3.8220,-1.0567014,0.112163335,3.672802,-1.0331694,0.18176243,3.6752546,0.13756386041641244,0.3620943758636713,0.09674319028854361,0.09711682200431837,0.36252146288752557,0.10113697052001935
1789688203.685226,1.0000,traffic cone,0.6118,261,100,142,60,3.3464,3.3447,0.05848624,0.20518951,3.3396044,0.07001601,0.20341735,3.3377402,0.1837692745029926,0.38572122231125827,0.09048912525177011,0.13820850960910316,0.3213250853121281,0.07170408964157104
1789688203.734059,1.0000,traffic cone,0.4936,385,159,307,142,3.1566,3.1570,-0.46888036,0.06384127,3.1209455,-0.46620607,0.06374731,3.1217775,0.18110733628273012,0.43174343705177276,0.09429578781127956,0.16586800962686538,0.42500503063201905,0.09148885011672991
1789688203.893597,1.0000,traffic cone,0.8010,173,60,110,57,3.8850,3.8825,1.1443536,0.11361329,3.710863,1.1466535,0.114335865,3.7076,0.13988940119743343,0.36471870727837086,0.08429324626922607,0.13375260829925528,0.3647346407175064,0.07918910980224592
1789688203.931136,1.0000,traffic cone,0.7390,205,58,106,37,3.8229,3.8229,-1.056875,0.112441,3.6721797,-1.0346195,0.18160307,3.6757264,0.13144564628601085,0.3625635620206595,0.09202857017517108,0.09861994981765732,0.3628355547785759,0.10374336242675808
1789688203.974576,1.0000,traffic cone,0.6134,260,100,143,60,3.3457,3.3452,0.057809558,0.20496833,3.3388715,0.06929149,0.20318796,3.3383427,0.1863271065056324,0.386109821498394,0.0938805341720581,0.13905874788761136,0.3218859195709229,0.07252930402755764
1789688204.018899,1.0000,traffic cone,0.5010,390,159,311,144,3.1564,3.1576,-0.4692316,0.063857645,3.1206844,-0.46740374,0.03371185,3.1226044,0.17939574718475343,0.43133514523506133,0.08958060741424534,0.1691925123333931,0.4247722953557968,0.0877163052558898
1789688204.133617,1.0000,traffic cone,0.8027,174,61,111,58,3.8824,3.8837,1.1426345,0.11397824,3.7087357,1.1478627,0.11402719,3.7084565,0.1410353183746338,0.36484426259994507,0.08922123908996582,0.13881728649139413,0.36517472974956033,0.08613828420639047
1789688204.175864,1.0000,traffic cone,0.7363,205,58,107,36,3.8229,3.8198,-1.058258,0.112990215,3.6717944,-1.035315,0.18172072,3.6723273,0.13793330788612357,0.36249095387756824,0.08571330308914149,0.09915554523468018,0.363195663318038,0.09258627891540527
1789688204.221834,1.0000,traffic cone,0.6104,261,100,140,60,3.3463,3.3464,0.06319274,0.2052659,3.339387,0.07478675,0.20349357,3.339387,0.18547377102077003,0.3862422972917557,0.08921855688095093,0.13885528706014152,0.3215416751801968,0.07712455987930333
1789688204.268539,1.0000,traffic cone,0.4967,385,158,306,143,3.1562,3.1590,-0.46716654,0.063804746,3.120824,-0.4666617,0.0637918,3.1236799,0.17954025119543077,0.4345354020595554,0.09092487096786517,0.16967302560806274,0.4249993205070496,0.0887927293777464
1789688204.403387,1.0000,traffic cone,0.8034,173,61,111,58,3.8840,3.8839,1.1431373,0.11379805,3.7102427,1.1482992,0.11421162,3.7085092,0.14482033252716064,0.3656483590602875,0.08823537826538086,0.14210305809974666,0.3658043880015612,0.08149333000183123
1789688204.430795,1.0000,traffic cone,0.7324,203,58,106,36,3.8239,3.8208,-1.0580802,0.1130697,3.672885,-1.0348351,0.18188953,3.6734898,0.13891311287879948,0.36265667974948884,0.07900590896606463,0.09784820675849915,0.3631440978497267,0.09562253952026367
1789688204.459514,1.0000,traffic cone,0.6098,260,101,142,61,3.3474,3.3467,0.059278034,0.20545048,3.3406124,0.07084279,0.20311612,3.339808,0.18691568821668625,0.38586559891700745,0.09751367568969727,0.13884343951940536,0.3213522434234619,0.08149576187133789
1789688204.506873,1.0000,traffic cone,0.4951,382,158,304,143,3.1571,3.1589,-0.4675088,0.06386768,3.1216443,-0.4663024,0.06380811,3.1235943,0.17893718928098684,0.4342782571911815,0.08892080783843959,0.16831609606742853,0.42504181861877444,0.08839659690856916
1789688204.670974,1.0000,traffic cone,0.8036,175,60,110,57,3.8836,3.8830,1.1441807,0.113641605,3.7095125,1.1491276,0.11408147,3.7073412,0.13754677176475516,0.3646759260445833,0.08293815851211539,0.13468713760375972,0.3647507205605507,0.08067946434021023
1789688204.714084,1.0000,traffic cone,0.7328,200,59,107,36,3.8226,3.8230,-1.0582279,0.112390906,3.671505,-1.03391,0.18167315,3.6760654,0.13577737808227552,0.3622039876878262,0.086755323410034,0.09830397367477417,0.3633393105119467,0.09952712059020996
1789688204.748694,1.0000,traffic cone,0.6096,262,101,147,62,3.3451,3.3451,0.058946315,0.20512715,3.33833,0.07035433,0.20311365,3.3382,0.18699949979782104,0.3858761787414551,0.09755897521972656,0.14042260125279424,0.3176936104893684,0.08162358999252328
1789688204.792371,1.0000,traffic cone,0.4969,386,157,304,143,3.1555,3.1574,-0.46738425,0.063943535,3.1200106,-0.46738425,0.063790634,3.1219852,0.17984690070152276,0.4374227106571191,0.08892102241516087,0.16775858402252192,0.4248123228549957,0.08706805706024179
1789688204.920841,1.0000,traffic cone,0.8051,173,61,110,57,3.8840,3.8844,1.1420964,0.11403403,3.7105222,1.1477804,0.114563584,3.7092037,0.14041674137115479,0.36520715802907944,0.08720016479492188,0.1393587589263916,0.36558021157979964,0.0846057891845704
1789688204.952935,1.0000,traffic cone,0.7313,204,59,107,38,3.8228,3.8228,-1.0570819,0.1122188,3.6720233,-1.0347126,0.18167123,3.6756692,0.13672543764114387,0.3625532351434231,0.09505252838134748,0.0976075947284698,0.36276494190096853,0.09800162315368643
1789688204.994698,1.0000,traffic cone,0.6054,261,100,141,59,3.3440,3.3422,0.058345858,0.20560052,3.337193,0.06978585,0.20317227,3.3353095,0.18770380578935145,0.38572594299912455,0.09225960969924918,0.14179697260260576,0.3215491190552711,0.07500746250152579
1789688205.044741,1.0000,traffic cone,0.4937,388,159,304,141,3.1570,3.1587,-0.468844,0.06378721,3.1213331,-0.4648853,0.0039171726,3.1242952,0.18022935390472417,0.4318080633878705,0.08875541687011745,0.16604670882225037,0.4250066578388214,0.08611631393432617
1789688205.189333,1.0000,traffic cone,0.8052,173,60,110,57,3.8829,3.8819,1.1452067,0.11332977,3.708395,1.1474086,0.1136336,3.7067184,0.14284251928329472,0.36479286551475526,0.07834703922271746,0.13636324405670175,0.3649099081754684,0.07429466247558603
1789688205.228053,1.0000,traffic cone,0.7354,206,59,106,36,3.8247,3.8241,-1.0569454,0.112088114,3.6740594,-1.0331273,0.18170354,3.6774433,0.13893784284591681,0.36289880350232123,0.09456205368041992,0.09628042578697205,0.3634060528129339,0.09822678565979004
1789688205.277060,1.0000,traffic cone,0.6106,259,100,141,59,3.3453,3.3446,0.05805231,0.2055778,3.3384328,0.0697844,0.20339397,3.3376422,0.18683423809707161,0.38622184097766876,0.0934025287628173,0.13965551257133477,0.3210495606064796,0.07515163421630833
1789688205.321727,1.0000,traffic cone,0.4924,386,158,308,142,3.1570,3.1575,-0.467474,0.06381188,3.1215823,-0.46610537,0.033685766,3.1227279,0.17875247746706013,0.43460907042026553,0.09149529933929434,0.1672220095992088,0.4248089656233788,0.09032416343688965
1789688205.444501,1.0000,traffic cone,0.8047,173,60,110,57,3.8844,3.8826,1.144508,0.1137145,3.710245,1.1470815,0.11430958,3.707516,0.140587717294693,0.3648268859833479,0.0859456539154051,0.13579075336456303,0.36490072757005687,0.07942581176757812
1789688205.489731,1.0000,traffic cone,0.7366,202,59,107,37,3.8212,3.8226,-1.0548313,0.11232078,3.6710289,-1.0330048,0.18170613,3.675863,0.13849979639053345,0.36299287304282185,0.09635674953460693,0.09701118469238268,0.36334146261215206,0.09913907051086435
1789688205.535455,1.0000,traffic cone,0.6101,261,100,142,60,3.3456,3.3450,0.05817003,0.20537464,3.338799,0.06973085,0.20356156,3.3380404,0.18562310896813866,0.3859709784388542,0.08882454633712777,0.1382810443639755,0.3210423015058041,0.07380068302154541
1789688205.566596,1.0000,traffic cone,0.4899,385,158,309,144,3.1574,3.1575,-0.46777135,0.06394556,3.1219363,-0.46777135,0.033871368,3.1225162,0.17964147478342052,0.4343683689832691,0.08834856748580933,0.1707919046282768,0.4249474287033081,0.08776094913482657
1789688205.675852,1.0000,traffic cone,0.8031,172,61,111,58,3.8858,3.8827,1.1415979,0.1142295,3.7125368,1.1472467,0.11427365,3.7075741,0.1425262689590454,0.36510761827230453,0.08784723281860352,0.14126387238502502,0.36533886268734933,0.08160531520843506
1789688205.715542,1.0000,traffic cone,0.7330,204,59,107,37,3.8246,3.8232,-1.0562583,0.11237258,3.6741405,-1.0338051,0.18175465,3.6762443,0.1365970015525818,0.36221037879586215,0.10072731971740723,0.09791069030761723,0.3628007024526596,0.10489025115966788
1789688205.762893,1.0000,traffic cone,0.6059,260,100,146,62,3.3464,3.3457,0.058408134,0.20536804,3.3396108,0.06931351,0.20351873,3.338781,0.18734990060329432,0.3864102326333523,0.0916797161102294,0.1483995571732521,0.31814213618636134,0.07577953338623011
1789688205.810221,1.0000,traffic cone,0.4922,389,159,310,145,3.1558,3.1583,-0.46802226,0.06393698,3.1202798,-0.46802226,0.063785255,3.1227765,0.17968206703662876,0.4314864069223401,0.09001383781433114,0.17264506816864011,0.42504909038543703,0.08748769760131836
1789688205.917383,1.0000,traffic cone,0.8011,177,61,111,58,3.8841,3.8819,1.1428992,0.11412412,3.710372,1.1465371,0.11415134,3.7069914,0.14176738262176514,0.36535225063562393,0.0866403579711914,0.1403771698474885,0.36548032239079475,0.08258686065673793
1789688205.958981,1.0000,traffic cone,0.7335,203,57,105,35,3.8228,3.8223,-1.0587411,0.11244327,3.6715117,-1.0348547,0.18192151,3.6750073,0.1315043568611144,0.3623925670981407,0.08414263725280735,0.10056887865066522,0.3627715326845646,0.09744591712951678
1789688206.004281,1.0000,traffic cone,0.6075,260,101,142,61,3.3470,3.3464,0.05824983,0.20473921,3.340198,0.06966673,0.20325473,3.3395045,0.18700064718723297,0.38673728704452515,0.08936238288879395,0.13846634328365326,0.3210952579975128,0.08014225959777832
1789688206.049544,1.0000,traffic cone,0.4955,390,159,308,143,3.1563,3.1583,-0.470491,0.0638656,3.120367,-0.46560276,0.06379856,3.123133,0.1801549136638641,0.4314162403345105,0.08751635551452619,0.16626653671264652,0.4249267429113388,0.0911611557006835
1789688206.153018,1.0000,traffic cone,0.7991,176,60,110,57,3.8839,3.8816,1.1445171,0.11343256,3.709681,1.1475087,0.113796055,3.7063086,0.1366368710994721,0.36451419815421104,0.08436441421508789,0.13292150497436528,0.3644796043634415,0.07389535903930655
1789688206.182871,1.0000,traffic cone,0.7369,206,59,107,36,3.8226,3.8228,-1.056062,0.111971974,3.6721084,-1.0323775,0.18172534,3.6762483,0.13666677474975586,0.3622905097901821,0.0912990808486942,0.09908145666122437,0.3630115110427141,0.09960812330245972
1789688206.218436,1.0000,traffic cone,0.6055,259,101,140,61,3.3483,3.3481,0.05826174,0.20524445,3.341522,0.06977157,0.20353255,3.3411548,0.18672365695238113,0.3860153257846832,0.0979299545288086,0.13877394795417786,0.32129648327827454,0.08544135093688965
1789688206.265029,1.0000,traffic cone,0.4952,391,159,308,141,3.1579,3.1586,-0.4700454,0.0638883,3.1220424,-0.46683705,0.0036626756,3.123905,0.1801012337207794,0.48403679132461547,0.09423630237579372,0.16597777605056763,0.42502662539482117,0.08769083023071289
1789688206.434975,1.0000,traffic cone,0.7991,176,60,110,57,3.8826,3.8813,1.1443655,0.11360493,3.708412,1.146857,0.11426322,3.7062473,0.14035231471061715,0.3648918073624372,0.08366420269012442,0.13524286746978764,0.36497992575168614,0.07960643768310538
1789688206.470227,1.0000,traffic cone,0.7372,204,58,107,36,3.8225,3.8213,-1.0588846,0.11299667,3.6712098,-1.0339264,0.18170835,3.674229,0.1395406126976012,0.36232579387724395,0.08418490886688268,0.09998595714569092,0.3626793101429939,0.09826833009719849
1789688206.514857,1.0000,traffic cone,0.6019,262,100,143,59,3.3472,3.3459,0.05815716,0.20538177,3.340352,0.0690939,0.20372151,3.3389463,0.18833456002175805,0.38720189183950426,0.09266070127487191,0.14145923480391495,0.32162411659955975,0.07569582462310764
1789688206.559658,1.0000,traffic cone,0.4907,389,158,310,143,3.1567,3.1569,-0.46768954,0.06401127,3.1211958,-0.46636912,0.0038957745,3.1222665,0.1808946236968041,0.4344884715974334,0.08738135099410993,0.16968823373317715,0.4249414950609207,0.08583650588989267
1789688206.668296,1.0000,traffic cone,0.7986,173,61,109,57,3.8844,3.8852,1.1415354,0.113767624,3.7111185,1.1471058,0.11438924,3.7102368,0.13980889320373535,0.36544518172740936,0.08807373046875,0.13796701431274405,0.36562374681234355,0.08398218154907244
1789688206.707862,1.0000,traffic cone,0.7369,202,58,106,36,3.8221,3.8251,-1.0584104,0.11278179,3.670873,-1.0338509,0.18177177,3.678246,0.13274251222610478,0.362674518302083,0.09254933595657322,0.09844741225242615,0.3631999306380749,0.09972232580184937
1789688206.756460,1.0000,traffic cone,0.6036,259,101,140,61,3.3463,3.3454,0.06591029,0.2047244,3.3393877,0.077549964,0.2032206,3.3383517,0.18649973720312119,0.38613705337047577,0.09478163719177246,0.1398114711046219,0.3212389498949051,0.07841300964355469
1789688206.800850,1.0000,traffic cone,0.4877,386,158,306,141,3.1572,3.1577,-0.4684018,0.06396082,3.121654,-0.4646893,0.06387617,3.1227114,0.17855599224567414,0.43424341976642644,0.09193414449691772,0.16590940952301025,0.42499497532844543,0.08902454376220703
1789688206.935116,1.0000,traffic cone,0.7997,173,60,110,57,3.8848,3.8821,1.1433933,0.11343132,3.710948,1.1464343,0.11393556,3.7072322,0.13836378455162035,0.3648453962057829,0.08365305662155142,0.1333384752273561,0.3649627909064293,0.08059515953064
1789688206.974698,1.0000,traffic cone,0.7354,205,59,108,37,3.8232,3.8232,-1.0564275,0.1121746,3.67264,-1.0346949,0.18177947,3.6760247,0.13773370981216437,0.3624874949455261,0.09831051826477077,0.09801347255706783,0.36303514540195464,0.10020790100097665
1789688207.023157,1.0000,traffic cone,0.6083,260,101,142,60,3.3483,3.3472,0.057969406,0.2056669,3.3414876,0.07411093,0.20316517,3.340207,0.186766155064106,0.38699907064437866,0.0985715389251709,0.13926919512450692,0.32127881050109863,0.08214081525802586
1789688207.070116,1.0000,traffic cone,0.4839,388,159,307,142,3.1563,3.1579,-0.46712866,0.06390621,3.120895,-0.46607813,0.00374756,3.1233513,0.1805395931005478,0.4845887660980225,0.08960645198822048,0.16664537340402602,0.4250619992613792,0.08796174526214573
1789688207.184415,1.0000,traffic cone,0.7990,172,61,111,58,3.8853,3.8828,1.1429826,0.113771826,3.7116342,1.147674,0.114130154,3.7075427,0.1388719081878662,0.3651857078075409,0.08701705932617188,0.13615633249282832,0.36542009040713314,0.08248803615570077
1789688207.224565,1.0000,traffic cone,0.7343,204,58,107,36,3.8238,3.8256,-1.0582519,0.11295132,3.6727462,-1.0343665,0.18202496,3.6786568,0.13598133325576778,0.3623406682163477,0.08331940174102748,0.09904104471206665,0.3632652945816517,0.09814029932022095
1789688207.273162,1.0000,traffic cone,0.6069,262,102,148,63,3.3494,3.3494,0.06276457,0.20520422,3.342568,0.06989804,0.20345637,3.3425252,0.18708785772323605,0.38592937514185904,0.09576219320297241,0.14044949114322663,0.3151526182889938,0.08222863674163827
1789688207.320804,1.0000,traffic cone,0.4863,388,158,309,144,3.1554,3.1559,-0.46837735,0.06383685,3.1197522,-0.46660313,0.033795647,3.1210606,0.1806432038545609,0.43443549871444737,0.08952524662017813,0.17100231349468226,0.4249263644218445,0.08909217119216928
1789688207.424143,1.0000,traffic cone,0.7986,173,61,111,58,3.8856,3.8851,1.1429353,0.11424914,3.7119534,1.1484617,0.114298105,3.70976,0.14381802082061768,0.3653368204832077,0.08551502227783203,0.141992449760437,0.3655101381242275,0.08121221065521267
1789688207.452947,1.0000,traffic cone,0.7307,205,58,105,36,3.8241,3.8229,-1.0568955,0.112893745,3.6733696,-1.033784,0.18165681,3.6760113,0.1361877799034119,0.3625981256365776,0.095358169078827,0.10027265548706055,0.3629281632602215,0.09765750169754028
1789688207.498099,1.0000,traffic cone,0.6024,257,99,141,59,3.3456,3.3442,0.057909984,0.20534965,3.3387938,0.069463715,0.20348212,3.3373117,0.1853741511702537,0.38649523109197614,0.08896825313568124,0.1406312480568885,0.320957250893116,0.07682852745056135
1789688207.546243,1.0000,traffic cone,0.4838,385,158,304,141,3.1557,3.1572,-0.4684849,0.063950926,3.1200569,-0.46511477,0.06387241,3.1221206,0.17885168492794035,0.4346092656254772,0.09086674451828003,0.16681793332099915,0.42499181628227234,0.08844423294067383
1789688207.683463,1.0000,traffic cone,0.8023,177,60,110,57,3.8861,3.8851,1.1448815,0.11372049,3.7119102,1.146501,0.11403467,3.7103765,0.13925824761390682,0.3649000760167837,0.08171607255935642,0.13461062908172616,0.3648692950606346,0.07920088768005362
1789688207.725534,1.0000,traffic cone,0.7306,205,58,106,35,3.8262,3.8236,-1.0586429,0.113039464,3.6750987,-1.032741,0.1819493,3.6769989,0.1377559006214143,0.3624791167676449,0.08412895202636728,0.10011113882064826,0.36318287327885623,0.09623069763183567
1789688207.770061,1.0000,traffic cone,0.6005,257,99,139,59,3.3493,3.3494,0.05761046,0.20528619,3.3425171,0.069116205,0.20318587,3.3425171,0.1880545869469642,0.3863372415304184,0.09069950580596897,0.1412356428802013,0.3217052847146988,0.075628590583801
1789688207.816028,1.0000,traffic cone,0.4802,391,160,307,143,3.1565,3.1585,-0.46909302,0.064021766,3.1208115,-0.46597278,0.0037004203,3.1239321,0.18059953898191455,0.4283991150557985,0.08974802494049072,0.17019866406917572,0.4251571536064148,0.08930096626281703
1789688207.919325,1.0000,traffic cone,0.8019,180,60,110,57,3.8833,3.8824,1.1435292,0.11342345,3.7093503,1.1465262,0.11403091,3.7075012,0.13833270668983455,0.3646493721753359,0.0846270442008974,0.13529727458953866,0.3647461384534836,0.08259100914001438
1789688207.961349,1.0000,traffic cone,0.7323,206,58,107,35,3.8233,3.8245,-1.0575567,0.11317396,3.672371,-1.0318755,0.18179782,3.678161,0.13656139373779297,0.36254408583045006,0.08749922513961783,0.09891512393951418,0.36353553235530855,0.09485270977020255
1789688208.002388,1.0000,traffic cone,0.6002,260,101,147,62,3.3472,3.3470,0.059562977,0.20521359,3.3403673,0.06907044,0.20346685,3.3401332,0.18612734973430634,0.3863818347454071,0.09629440307617188,0.14037571474909782,0.3178243219852447,0.07893157005310059
1789688208.050011,1.0000,traffic cone,0.4764,389,161,308,146,3.1567,3.1579,-0.46751416,0.06401782,3.1212814,-0.4665287,0.03386315,3.123024,0.18260294198989868,0.42609140276908875,0.0885460376739502,0.17319107055664062,0.4249642863869667,0.08681595325469971
1789688208.213506,1.0000,traffic cone,0.8043,171,61,111,58,3.8834,3.8835,1.1431273,0.1141662,3.7095716,1.1468686,0.11427681,3.70854,0.14137780666351318,0.3653368204832077,0.08321380615234375,0.139069640636444,0.36547414064407346,0.08190541267395002
1789688208.256903,1.0000,traffic cone,0.7293,205,59,107,37,3.8222,3.8226,-1.0562578,0.1126149,3.6716602,-1.0350676,0.18155965,3.675289,0.13767611980438232,0.3627991065382958,0.09783494472503662,0.09726731777191155,0.36339234113693236,0.10325255393981925
1789688208.303654,1.0000,traffic cone,0.5972,265,101,148,62,3.3459,3.3457,0.0580722,0.20514935,3.339117,0.06879564,0.20329756,3.3388214,0.18307358771562576,0.3857806921005249,0.09362936019897461,0.1399376228451729,0.3178869642317295,0.07173577547073373
1789688208.351266,1.0000,traffic cone,0.4768,387,158,310,144,3.1564,3.1581,-0.46712962,0.06384522,3.1210275,-0.46712962,0.03369297,3.123215,0.17910633385181424,0.43481402993202245,0.0906996011734007,0.17012090981006628,0.42510517686605453,0.08939687013626108
1789688208.427294,1.0000,traffic cone,0.8070,172,61,111,58,3.8846,3.8825,1.1433693,0.11416119,3.7107685,1.1487453,0.11422272,3.7068892,0.14308953285217285,0.36530206352472305,0.08151483535766602,0.1412879645824432,0.3655520901083946,0.07922883033752415
1789688208.457280,1.0000,traffic cone,0.7242,200,57,107,37,3.8220,3.8256,-1.0551609,0.1122928,3.6717703,-1.0355376,0.18180382,3.678324,0.12921385765075688,0.3627021089196205,0.09468412399291992,0.0983377695083617,0.3630984082818031,0.09928679466247559
1789688208.497744,1.0000,traffic cone,0.5994,265,102,147,62,3.3467,3.3468,0.05809335,0.20550664,3.3399274,0.068925366,0.20321508,3.339892,0.19543419182300564,0.3869034193456173,0.09215940237045306,0.13939151279628276,0.3180297836661339,0.0744352102279664
1789688208.545278,1.0000,traffic cone,0.4796,382,158,308,148,3.1569,3.1578,-0.4682807,0.06399447,3.1212878,-0.46997464,0.033809893,3.1224897,0.17780901342630384,0.4349161893129352,0.08854625225067148,0.17489029914140697,0.42482650876045225,0.08800532817840567
1789688208.671394,1.0000,traffic cone,0.8041,174,61,110,57,3.8853,3.8847,1.1430483,0.11425719,3.7116375,1.1475512,0.11425719,3.7095938,0.14070725440979004,0.36525802314281464,0.08749628067016602,0.13392941951751713,0.36530234515666965,0.07999753952026367
1789688208.698586,1.0000,traffic cone,0.7310,201,59,106,35,3.8233,3.8268,-1.0579377,0.11228207,3.6722856,-1.0325537,0.18208182,3.6803493,0.1381683468818664,0.36282708644866946,0.08811383247375515,0.09819834232330327,0.3634392559528351,0.09948861598968506
1789688208.729603,1.0000,traffic cone,0.6024,261,99,146,61,3.3454,3.3455,0.05917129,0.2048673,3.3386126,0.06878999,0.20353347,3.3386126,0.18726869076490396,0.385644805431366,0.08850502967834473,0.14033138006925583,0.3217974156141281,0.07561278343200684
1789688208.771384,1.0000,traffic cone,0.4799,385,159,302,142,3.1566,3.1577,-0.46732432,0.06397039,3.1212041,-0.46541232,0.033864982,3.1230211,0.1793997943401337,0.4315063208341595,0.08958334922790545,0.1680783256888389,0.4251008778810501,0.08710889816284206
1789688208.955519,1.0000,traffic cone,0.8052,174,60,110,57,3.8829,3.8832,1.1442994,0.113342285,3.7086978,1.1468117,0.113698274,3.708289,0.14272879958152762,0.36530274860560896,0.08475809097290021,0.1384934425354003,0.36522721201181413,0.07865457534790021
1789688209.000103,1.0000,traffic cone,0.7317,198,58,106,36,3.8230,3.8243,-1.0575497,0.11289987,3.6720397,-1.0343853,0.18175188,3.6772332,0.13843938112258902,0.36261994503438477,0.08451333045959464,0.0994163453578949,0.36323252879083157,0.09983181953430176
1789688209.047987,1.0000,traffic cone,0.6035,261,101,144,61,3.3468,3.3466,0.05791342,0.20617658,3.3399262,0.06945971,0.20360413,3.3396592,0.19627432525157928,0.38720354437828064,0.09641146659851074,0.13904908299446106,0.32139572501182556,0.07125997543334961
1789688209.096105,1.0000,traffic cone,0.4797,386,158,312,148,3.1566,3.1589,-0.46688917,0.06394792,3.1212397,-0.47042224,0.03380567,3.123519,0.1795222163200378,0.43466886132955584,0.08944184780120867,0.17462973445653918,0.42503554970026014,0.08838330507278469
1789688209.184496,1.0000,traffic cone,0.8069,173,61,110,57,3.8852,3.8852,1.1435906,0.11414245,3.7113078,1.1496365,0.11414245,3.7094357,0.141440749168396,0.36507297307252884,0.08324813842773438,0.13385739326477042,0.3651203870773315,0.07829446792602557
1789688209.215331,1.0000,traffic cone,0.7311,205,59,107,37,3.8224,3.8244,-1.0568434,0.11228269,3.6716883,-1.0335988,0.1818535,3.6776273,0.13854664564132702,0.3627470150589943,0.09712262153625462,0.09795833826065059,0.36309692412614825,0.10152225494384748
1789688209.258379,1.0000,traffic cone,0.6072,259,99,140,59,3.3467,3.3468,0.0595811,0.20552745,3.3398292,0.071086645,0.20354891,3.3398292,0.18681726977229113,0.38631467074155806,0.09092543125152552,0.1401330173015594,0.32156554013490674,0.07516806125640851
1789688209.298370,1.0000,traffic cone,0.4799,390,158,310,142,3.1588,3.1596,-0.46752048,0.06392109,3.1233292,-0.46578547,0.033807747,3.1248837,0.17871585935354234,0.4344946250319484,0.09038912057876569,0.16735235601663584,0.42501424700021745,0.08686355352401742
1789688209.424643,1.0000,traffic cone,0.8069,177,61,110,58,3.8823,3.8828,1.1435881,0.11393203,3.7082732,1.1482834,0.11412533,3.7074082,0.14289021492004395,0.36504579335451126,0.08751821517944336,0.13996900320053118,0.3652475826442242,0.0820086359977723
1789688209.463377,1.0000,traffic cone,0.7269,200,59,106,37,3.8238,3.8263,-1.0586247,0.11223717,3.6726263,-1.0348992,0.18192138,3.6791646,0.13823461532592773,0.3627866126596928,0.09292445182800257,0.09746636152267452,0.3631104946136474,0.09910063743591291
1789688209.512300,1.0000,traffic cone,0.6068,259,100,145,61,3.3471,3.3465,0.058887783,0.20473313,3.3402777,0.06994525,0.20324735,3.33957,0.18761329650878902,0.38589586317539215,0.08931599855422956,0.14022629708051682,0.3210367262363434,0.07130622863769531
1789688209.559269,1.0000,traffic cone,0.4815,388,158,316,148,3.1566,3.1579,-0.46655545,0.06395558,3.12127,-0.46949446,0.033848092,3.122595,0.18006238937377927,0.4345575906336311,0.08891139030456552,0.17547485083341602,0.4251329258084297,0.08696947097778329
1789688209.670874,1.0000,traffic cone,0.8047,173,61,111,58,3.8865,3.8852,1.1445614,0.11384101,3.7124176,1.1480463,0.114077,3.709997,0.14105403423309326,0.3653089106082916,0.08323144912719727,0.1363057374954224,0.3654775895178318,0.0797969579696658
1789688209.710789,1.0000,traffic cone,0.7299,201,58,105,36,3.8237,3.8237,-1.0569952,0.11302605,3.6729724,-1.0340706,0.18199182,3.6767209,0.13599683642387395,0.3627561770379544,0.09229259490966779,0.09769180417060852,0.3631936442106962,0.10092771053314209
1789688209.759178,1.0000,traffic cone,0.6074,262,103,147,63,3.3486,3.3471,0.058403492,0.205294,3.3418326,0.06985367,0.20321138,3.3402407,0.1949448078870773,0.38707722872495653,0.09543132781982422,0.13977634012699128,0.3151049867272377,0.07947027683258057
1789688209.809268,1.0000,traffic cone,0.4857,387,158,314,148,3.1560,3.1574,-0.46824768,0.06393837,3.1204147,-0.47078314,0.03375178,3.1218736,0.1780471086502075,0.4342064984142784,0.08622438907623264,0.17521629035472874,0.42502085864543915,0.08560123443603507
1789688209.908583,1.0000,traffic cone,0.8051,174,61,111,58,3.8847,3.8859,1.1438763,0.113774106,3.7107399,1.1488543,0.114147514,3.7104332,0.14509105682373047,0.36511140316724777,0.08704710006713867,0.14283420443534856,0.36518213227391244,0.07830188274383554
1789688209.937289,1.0000,traffic cone,0.7304,200,58,106,37,3.8238,3.8231,-1.0568001,0.11294061,3.6730978,-1.0344834,0.18185027,3.675937,0.13302443623542792,0.36258128583431243,0.0935063004493717,0.09797836542129512,0.3628036752343178,0.10729379653930682
1789688209.981045,1.0000,traffic cone,0.6121,259,100,144,62,3.3473,3.3473,0.06374203,0.20514402,3.3403637,0.07015289,0.20358671,3.3403637,0.186622816324234,0.3856454223394394,0.09571387767791739,0.14045931100845338,0.3183136411011219,0.07903918027877843
1789688210.027880,1.0000,traffic cone,0.4841,387,158,314,148,3.1569,3.1578,-0.46683002,0.063873686,3.1215854,-0.47074205,0.03365227,3.1222947,0.17868868559598922,0.4346296466887001,0.08650281429290807,0.17482148557901378,0.42511124163866043,0.085070705413818
1789688210.186131,1.0000,traffic cone,0.8026,176,61,111,58,3.8823,3.8834,1.1422763,0.11409828,3.7086496,1.1476837,0.1141673,3.7081397,0.14082646369934082,0.3656357079744339,0.08810806274414062,0.140049797296524,0.36584484204649925,0.08612401485443089
1789688210.226062,1.0000,traffic cone,0.7271,201,59,105,38,3.8232,3.8267,-1.0564522,0.1124104,3.672614,-1.0333014,0.18189293,3.6800997,0.13311703205108638,0.3625001676380635,0.10230216979980433,0.09730638861656193,0.36321543455123906,0.10369691848754847
1789688210.269936,1.0000,traffic cone,0.6120,262,102,148,62,3.3475,3.3459,0.057276912,0.20528992,3.3406882,0.06861017,0.20354044,3.3390172,0.18568492531776426,0.3870007857680321,0.09177043437957755,0.1396081127226353,0.31870845183730123,0.07596306800842312
1789688210.313353,1.0000,traffic cone,0.4877,389,160,313,149,3.1584,3.1594,-0.46793756,0.064076655,3.1228578,-0.47088024,0.0038975924,3.1241531,0.17822461724281302,0.4837294802069664,0.08883340358734104,0.17484619021415715,0.42491285800933837,0.08759651184081996
1789688210.418963,1.0000,traffic cone,0.8026,173,61,110,57,3.8828,3.8814,1.1428964,0.11417882,3.7090704,1.1490604,0.114222005,3.7056558,0.14267325401306152,0.3652126118540764,0.08486270904541016,0.14206426143646245,0.3655595153570175,0.07950744628906259
1789688210.458592,1.0000,traffic cone,0.7318,202,57,107,34,3.8243,3.8244,-1.0612441,0.11276333,3.6723745,-1.0350449,0.1819922,3.6772134,0.1387854099273682,0.36261702179908756,0.08321170806884792,0.10010620951652516,0.36323616579174994,0.08943789005279523
1789688210.506136,1.0000,traffic cone,0.6130,261,101,148,62,3.3462,3.3457,0.05747103,0.20534857,3.3394327,0.06880786,0.20363508,3.3387818,0.18640515953302383,0.38616862893104553,0.09411072731018066,0.14069333747029306,0.31839642524719236,0.0770552873611452
1789688210.545767,1.0000,traffic cone,0.4794,388,160,316,150,3.1561,3.1573,-0.46631205,0.06395975,3.1208472,-0.47044808,0.06380319,3.1214077,0.18235588520765306,0.42859992757439513,0.08936041593551636,0.17918461859226226,0.42493302971124647,0.08870750665664673
1789688210.697251,1.0000,traffic cone,0.8041,173,61,111,58,3.8853,3.8860,1.1418732,0.114127666,3.712008,1.1472902,0.11414009,3.7110753,0.1393369436264038,0.36507548391819,0.08926796913146973,0.13841630220413204,0.3654347144067287,0.08514853715896598
1789688210.742691,1.0000,traffic cone,0.7373,202,58,107,36,3.8257,3.8255,-1.0581899,0.11304544,3.6747217,-1.0336881,0.18171223,3.6787477,0.13824850916862497,0.36297730915248394,0.0845654964447018,0.09688329696655273,0.3635439667850733,0.09491157531738281
1789688210.786856,1.0000,traffic cone,0.6158,259,101,146,62,3.3481,3.3477,0.058840495,0.20501503,3.3413284,0.06938419,0.20361556,3.3408213,0.1870983988046646,0.3859832286834717,0.09363508224487305,0.1396310057491064,0.31816754117608065,0.07768132686614981
1789688210.832211,1.0000,traffic cone,0.4844,390,158,306,143,3.1561,3.1563,-0.46898764,0.06395041,3.120377,-0.46658322,0.06373303,3.1209428,0.1805264383554458,0.43491544127464327,0.08831679821014404,0.1688104897737503,0.4250838905572891,0.0855785608291626
1789688210.909919,1.0000,traffic cone,0.8064,172,60,110,57,3.8851,3.8837,1.1449482,0.11358136,3.7108524,1.1473712,0.11417006,3.7086372,0.14221017360687238,0.36494245119392876,0.08582938909530657,0.13695225715637216,0.36499964147806163,0.0820957660675048
1789688210.950871,1.0000,traffic cone,0.7365,203,58,106,36,3.8242,3.8240,-1.0590923,0.11298485,3.672848,-1.0337331,0.18181328,3.6771681,0.13844399452209477,0.3624433036893606,0.08165156841278076,0.0989084243774414,0.3629866670817137,0.0915536880493164
1789688210.996418,1.0000,traffic cone,0.6118,260,99,141,59,3.3473,3.3474,0.05813639,0.2056487,3.3404903,0.069636256,0.2036729,3.3404903,0.18697822839021677,0.3862844496965408,0.09249737262725821,0.14095692634582513,0.32156366407871245,0.0765642881393429
1789688211.042162,1.0000,traffic cone,0.4844,388,159,307,142,3.1573,3.1588,-0.4700056,0.06392045,3.1214216,-0.46549478,0.033699498,3.1241148,0.1809093236923217,0.4316254839301106,0.0884045124053956,0.16754246801137912,0.42519422322511674,0.08993964195251447
1789688211.143682,1.0000,traffic cone,0.8073,173,62,111,58,3.8862,3.8862,1.142984,0.1144045,3.7125256,1.1471338,0.1144045,3.7113144,0.14337657690048222,0.36538016982376575,0.08918890953063974,0.1405844449996947,0.3656284425407648,0.08469736576080322
1789688211.172183,1.0000,traffic cone,0.7304,205,58,108,36,3.8240,3.8222,-1.0578947,0.113124266,3.6729934,-1.0347285,0.18185158,3.674947,0.13605890870094306,0.36196889355778694,0.08938535451889029,0.09800836443901062,0.3633237648755312,0.09889256954193115
1789688211.206036,1.0000,traffic cone,0.6153,267,100,147,61,3.3474,3.3473,0.05891739,0.20572671,3.3405623,0.07026049,0.20334521,3.3403602,0.1892412912100553,0.3864066325128079,0.09236489534378034,0.1408570483326912,0.3215067833662033,0.07170271873474121
1789688211.249095,1.0000,traffic cone,0.4785,383,158,301,141,3.1577,3.1592,-0.46687752,0.06399352,3.1223354,-0.46514618,0.0037746727,3.1247935,0.1802374333143234,0.43491570651531253,0.09110977649688712,0.16600990295410156,0.4249674081802368,0.08847212791442871
1789688211.414489,1.0000,traffic cone,0.8053,174,61,111,58,3.8839,3.8841,1.1439257,0.11406796,3.7098584,1.1469885,0.11412378,3.7091324,0.14085960388183594,0.3653096556663513,0.0835418701171875,0.14073926210403442,0.36554317772388456,0.08106293678283727
1789688211.453418,1.0000,traffic cone,0.7346,205,57,107,36,3.8229,3.8263,-1.0569445,0.112112924,3.672193,-1.0348034,0.1820024,3.6791813,0.13246395587921134,0.3627885848283767,0.09070458412170401,0.0981898307800293,0.3632997702807188,0.10047000646591187
1789688211.501459,1.0000,traffic cone,0.6145,260,100,146,61,3.3469,3.3464,0.05822589,0.20560776,3.3400784,0.06962521,0.20376988,3.339474,0.18890667818486687,0.38619673922657966,0.09437867403030387,0.14058497548103333,0.32157157361507416,0.0737152099609375
1789688211.548849,1.0000,traffic cone,0.4792,392,159,309,145,3.1573,3.1601,-0.46953186,0.06395151,3.1215065,-0.46830234,0.06360054,3.1245787,0.17950930893421174,0.43186770081520043,0.08871247768402091,0.17316657900810234,0.42513405084609984,0.0869726657867429
1789688211.661505,1.0000,traffic cone,0.8027,177,61,111,58,3.8857,3.8850,1.1443896,0.114207655,3.711631,1.147265,0.114303574,3.7099762,0.14264202117919922,0.3654097244143486,0.08669757843017578,0.13934927582740775,0.36548740342259406,0.08388754129409781
1789688211.699994,1.0000,traffic cone,0.7362,205,58,107,36,3.8251,3.8219,-1.0582068,0.113247186,3.67407,-1.0346465,0.18189915,3.6747055,0.13858548998832698,0.36236075684428215,0.09039545059204102,0.10056331753730774,0.3626248650252819,0.09944182634353638
1789688211.749369,1.0000,traffic cone,0.6112,260,99,139,59,3.3477,3.3478,0.058637317,0.20583114,3.3408525,0.07028727,0.20366737,3.3408525,0.18739981353282925,0.3864827468991279,0.08887376785278311,0.14202749431133263,0.32182558029890057,0.07419772148132298
1789688211.790591,1.0000,traffic cone,0.4769,385,159,307,144,3.1573,3.1592,-0.4664332,0.06386258,3.1219807,-0.46602905,0.0038058162,3.1246364,0.1809041112661362,0.4314018547534939,0.08972909450530997,0.16890024244785307,0.4250387728214264,0.08837325572967547
1789688211.930376,1.0000,traffic cone,0.8012,172,61,111,58,3.8860,3.8844,1.1447568,0.11429244,3.7118084,1.1468146,0.11443791,3.709444,0.14682936668395996,0.3650675192475319,0.09082746505737305,0.1433509469032288,0.3651863645762205,0.0856701850891115
1789688211.969194,1.0000,traffic cone,0.7359,203,59,105,37,3.8231,3.8239,-1.0563353,0.11220944,3.6725876,-1.0337392,0.18169206,3.6769917,0.13705403804779048,0.36283975616097447,0.1016542196273802,0.0960894346237181,0.36377866566181183,0.10604472160339329
1789688212.016296,1.0000,traffic cone,0.6119,263,102,145,62,3.3482,3.3447,0.05815101,0.20528364,3.3413944,0.06975591,0.20354564,3.3377738,0.18561418727040288,0.38582827523350716,0.09841997623443577,0.13952723257243632,0.3185568630695343,0.07059091329574585
1789688212.058507,1.0000,traffic cone,0.4744,387,160,307,145,3.1576,3.1586,-0.46827656,0.063939914,3.1220655,-0.46809053,0.0038368553,3.1237407,0.17911180257797243,0.4844435557723045,0.09407246112823486,0.17224314212799058,0.4250542938709259,0.09214615821838379
1789688212.188837,1.0000,traffic cone,0.8034,177,61,111,58,3.8842,3.8840,1.1419208,0.11416131,3.7108135,1.1470883,0.114390165,3.708934,0.1409381628036499,0.36535128951072693,0.08645296096801758,0.14057596921920767,0.3653972830623389,0.08495309352874747
1789688212.238031,1.0000,traffic cone,0.7382,203,59,107,37,3.8245,3.8212,-1.0577569,0.11242911,3.6736293,-1.0330415,0.1815666,3.6744752,0.14023258686065687,0.3628308527171612,0.0920877456665039,0.09771449565887447,0.36305622905492785,0.10275497436523429
1789688212.285441,1.0000,traffic cone,0.6145,258,100,144,60,3.3476,3.3477,0.06275658,0.20512873,3.3407075,0.074226156,0.20358929,3.3407075,0.18819437846541404,0.3855721540749073,0.0964709401130679,0.14114478565752503,0.3213396169245243,0.0802588343620303
1789688212.333333,1.0000,traffic cone,0.4803,387,158,304,141,3.1569,3.1572,-0.46902892,0.06397146,3.1212573,-0.4648114,0.0038763583,3.122836,0.17996287494897845,0.43468323945999177,0.08732479810714722,0.16677790880203247,0.4251314103603363,0.0867300033569336
1789688212.388030,1.0000,traffic cone,0.1512,218,148,161,128,3.3824,3.3846,1.3544365,0.01227776,3.0993521,1.3505901,0.075327784,3.1025443,0.18074564337730403,0.4449673444032669,0.1028749227523802,0.16348505616188036,0.44480889588594436,0.10428935289382935
1789688212.425778,1.0000,traffic cone,0.8036,178,61,111,58,3.8837,3.8846,1.1431537,0.11405599,3.7098794,1.1481717,0.11437838,3.709273,0.1459336280822754,0.3654087632894516,0.08499479293823242,0.14288985133171073,0.3655802577733993,0.08108198642730713
1789688212.453694,1.0000,traffic cone,0.7348,203,58,106,34,3.8241,3.8258,-1.0594069,0.1131043,3.6727202,-1.0318877,0.18187016,3.679568,0.1383895099163056,0.3629917122423649,0.08794692754745448,0.10086840391159069,0.3635311726480722,0.09469898939132682
1789688212.490260,1.0000,traffic cone,0.6135,258,101,145,62,3.3484,3.3482,0.057590522,0.20526779,3.341612,0.06907655,0.2033338,3.3412848,0.18615708500146866,0.3857511579990387,0.09358644485473633,0.14015657417476177,0.317894472181797,0.07839741706848136
1789688212.535584,1.0000,traffic cone,0.4831,389,159,309,145,3.1573,3.1608,-0.46932667,0.064026594,3.1215756,-0.4667908,0.063698396,3.1254804,0.18010472059249882,0.4314203172922131,0.09069244861602765,0.1726853847503662,0.42509692907333374,0.08955693244934082
1789688212.691432,1.0000,traffic cone,0.8023,175,61,111,58,3.8851,3.8851,1.1424013,0.11423768,3.711546,1.1470528,0.114306375,3.7101445,0.14025843143463135,0.3653601035475731,0.08611011505126953,0.1386541485786439,0.3655545487999916,0.08306174278259304
1789688212.732213,1.0000,traffic cone,0.7337,200,58,104,36,3.8261,3.8263,-1.0576649,0.11308627,3.675229,-1.0331894,0.1820675,3.6796367,0.13373776674270643,0.36265611127018926,0.09670546054840079,0.09994244575500488,0.3631219267845154,0.10420143604278564
1789688212.780603,1.0000,traffic cone,0.6130,260,99,152,61,3.3455,3.3455,0.058352835,0.2056626,3.3386145,0.06919786,0.20351739,3.3385515,0.1877814173698425,0.38628998696804046,0.09236993789672843,0.1409367322921753,0.32152119278907776,0.07247257232666016
1789688212.827963,1.0000,traffic cone,0.4752,386,158,312,148,3.1574,3.1579,-0.4697806,0.06402593,3.1216333,-0.47177675,0.033856302,3.1222937,0.17813281416893,0.43465212360024486,0.09018027782440186,0.1749313846230507,0.42500775009393693,0.09043011665344247
1789688212.953031,1.0000,traffic cone,0.8036,177,61,110,58,3.8856,3.8859,1.143777,0.1140213,3.7117035,1.1477625,0.11423342,3.7108011,0.14269506931304932,0.3658195286989212,0.08805990219116211,0.1409624218940735,0.36593718156218524,0.07975070476532009
1789688212.992365,1.0000,traffic cone,0.7310,200,59,107,37,3.8222,3.8252,-1.0569047,0.11193532,3.6715138,-1.0330896,0.18177727,3.6785686,0.13893501758575433,0.36275491639971735,0.08818678855895978,0.09943943023681634,0.3631702989339828,0.097605323791504
1789688213.041761,1.0000,traffic cone,0.6159,261,100,149,61,3.3465,3.3462,0.05847052,0.2053798,3.3396926,0.06915158,0.20337763,3.339279,0.18752588927745817,0.38585692048072817,0.09033520221710178,0.1403374895453453,0.32157477736473083,0.07455086708068848
1789688213.081256,1.0000,traffic cone,0.4759,390,158,316,148,3.1572,3.1573,-0.46932167,0.06407151,3.1214733,-0.4715494,0.033910155,3.1217432,0.17957704216241838,0.4346108883619312,0.08977046012878409,0.17403147369623184,0.4250183939933777,0.08886773586273211
1789688213.231606,1.0000,traffic cone,0.8036,177,61,111,58,3.8862,3.8845,1.1433138,0.11436722,3.7124357,1.1478972,0.11442885,3.709252,0.14444172382354736,0.365737147629261,0.08293962478637695,0.14184394478797913,0.3658532619476318,0.08162453174591056
1789688213.276947,1.0000,traffic cone,0.7335,199,60,106,38,3.8259,3.8252,-1.0555795,0.11211319,3.6756892,-1.0324795,0.18163608,3.6787949,0.13678268790245052,0.3625936660915613,0.10107216835021982,0.09695417881011958,0.3629097118973732,0.10510299205780038
1789688213.323486,1.0000,traffic cone,0.6159,260,102,148,62,3.3472,3.3469,0.05781911,0.2051077,3.3404398,0.06931511,0.20344526,3.3400135,0.18529751449823378,0.38584694266319275,0.09542992115020743,0.138467725366354,0.31784196346998217,0.07179768085479754
1789688213.369943,1.0000,traffic cone,0.4739,387,158,312,148,3.1573,3.1580,-0.4676871,0.06403562,3.121847,-0.47102168,0.033888534,3.122474,0.1779740229249,0.4347175389528278,0.09026734828949001,0.17306757718324667,0.4250422939658165,0.08782019615173331
1789688213.460320,1.0000,traffic cone,0.8033,175,61,111,58,3.8857,3.8850,1.1422815,0.11405754,3.7122147,1.1483305,0.11437589,3.7096548,0.13919532299041748,0.3656272739171982,0.09061527252197266,0.138778531551361,0.36578329689800737,0.08573076725006112
1789688213.496954,1.0000,traffic cone,0.7356,202,59,106,37,3.8266,3.8239,-1.0577385,0.112291425,3.675741,-1.0337893,0.1817525,3.6770203,0.13869159221649174,0.36290845125913623,0.0897370576858516,0.09792921543121325,0.36315976381301884,0.10476870536804217
1789688213.542295,1.0000,traffic cone,0.6140,262,101,147,63,3.3488,3.3498,0.0579047,0.20495716,3.3420367,0.068966046,0.20331311,3.342916,0.18430639058351517,0.3854374587535858,0.09127330780029297,0.14830314889550208,0.31528059840202327,0.07395546436309797
1789688213.588598,1.0000,traffic cone,0.4700,387,159,308,143,3.1570,3.1592,-0.4679536,0.06390189,3.1214838,-0.4674236,0.06366974,3.1238108,0.18015186786651605,0.43146796524524655,0.0912236690521242,0.16839573383331297,0.42499871253967286,0.0893742084503173
1789688213.695957,1.0000,traffic cone,0.8036,181,60,111,57,3.8874,3.8854,1.1446121,0.11354177,3.7133465,1.1473439,0.11412719,3.710397,0.1413229584693907,0.3651605650782585,0.08537358045578003,0.13702974319458017,0.3651868596673012,0.08127112388610858
1789688213.724313,1.0000,traffic cone,0.7312,201,59,106,37,3.8267,3.8277,-1.0576125,0.11222723,3.675958,-1.0346184,0.18161395,3.680693,0.1367186784744262,0.3623889550566673,0.09464602470397931,0.0976909637451171,0.3632491514086723,0.10637230873107928
1789688213.756588,1.0000,traffic cone,0.6124,262,101,151,61,3.3485,3.3476,0.057340305,0.20578319,3.3417065,0.06882698,0.20389718,3.3406575,0.18711651116609573,0.3870079517364502,0.09754562377929688,0.13952290266752243,0.3213411867618561,0.07150840759277344
1789688213.811944,1.0000,traffic cone,0.4688,391,159,311,144,3.1586,3.1587,-0.46732956,0.06399542,3.1231723,-0.46688572,0.03385113,3.123852,0.1811561703681946,0.43157249093055694,0.08855714797973624,0.16923203468322756,0.4250671923160553,0.08346195220947283
1789688213.961659,1.0000,traffic cone,0.8036,178,61,111,58,3.8849,3.8857,1.1420571,0.11429556,3.7115266,1.1464641,0.11433086,3.7109716,0.1426703929901123,0.36560550332069397,0.08457279205322266,0.1402806699275969,0.3657290656119585,0.07911605834960955
1789688214.006697,1.0000,traffic cone,0.7347,200,59,106,37,3.8235,3.8215,-1.0592508,0.11241661,3.672147,-1.0356432,0.18186067,3.6739962,0.14239324331283576,0.3621901124715805,0.08573684692382777,0.09910322427749618,0.36250075697898865,0.1038638591766361
1789688214.038149,1.0000,traffic cone,0.6125,262,101,152,62,3.3472,3.3470,0.057715572,0.2057107,3.3403742,0.069039844,0.2035645,3.3400507,0.18679925799369812,0.38671591877937317,0.09371161460876465,0.1411752589046955,0.31801654472947116,0.07067757844924927
1789688214.084841,1.0000,traffic cone,0.4670,389,158,306,142,3.1585,3.1593,-0.46830136,0.06408814,3.1229424,-0.4663052,0.033994846,3.1245003,0.17871756255626675,0.4348476909101013,0.08655769824981707,0.16830910742282867,0.42513813376426696,0.08429528474807757
1789688214.232426,1.0000,traffic cone,0.8010,176,61,111,58,3.8854,3.8862,1.143132,0.11402431,3.7116542,1.1479799,0.11418612,3.7110314,0.14384996891021729,0.36541897803545,0.08955812454223633,0.1410054326057435,0.36567943319678303,0.08269658088684073
1789688214.262988,1.0000,traffic cone,0.7377,199,59,107,37,3.8237,3.8269,-1.0572675,0.112208545,3.6728911,-1.0324931,0.18176618,3.6805177,0.136650824546814,0.3628394424915313,0.0962103843688964,0.0964850306510926,0.36354598551988604,0.10421552658081046
1789688214.305595,1.0000,traffic cone,0.6100,263,101,148,63,3.3488,3.3489,0.058071967,0.20575649,3.3419905,0.06890613,0.20360863,3.3419971,0.18755602091550827,0.38587261736392975,0.09551620483398438,0.1483564965426922,0.3152071416378021,0.07899799346923819
1789688214.344610,1.0000,traffic cone,0.4677,387,159,307,144,3.1574,3.1589,-0.46859878,0.064024076,3.1217713,-0.46736598,0.03389188,3.1239672,0.18090893030166627,0.4314750045537945,0.08923063278198251,0.17091661691665644,0.4249355778098106,0.0853466033935546
1789688214.474548,1.0000,traffic cone,0.8032,174,61,110,58,3.8855,3.8861,1.1421611,0.11408374,3.712124,1.1489936,0.11437842,3.710606,0.14018583297729492,0.3654271066188812,0.08808660507202148,0.1382080316543579,0.3656326312571764,0.08259754180908185
1789688214.512063,1.0000,traffic cone,0.7354,206,60,107,36,3.8271,3.8255,-1.0575132,0.11208062,3.6763756,-1.032903,0.1815717,3.678897,0.13762819170951845,0.36296257264912124,0.09422968626022321,0.09876808524131775,0.3635251633822918,0.09753715991973877
1789688214.555313,1.0000,traffic cone,0.6093,272,100,144,60,3.3472,3.3465,0.058751285,0.20570321,3.3403115,0.069864936,0.20364715,3.3395536,0.18683085218071932,0.3858628459274769,0.08798489570617685,0.14077491164207456,0.32142362371087074,0.07366204261779785
1789688214.599863,1.0000,traffic cone,0.4684,385,158,306,144,3.1574,3.1586,-0.4675978,0.0639968,3.1218877,-0.4675978,0.06384336,3.1231918,0.18119462132453917,0.4343510702252391,0.09081842899322545,0.1726724207401275,0.42502233386039734,0.0902376413345336
1789688214.703955,1.0000,traffic cone,0.8012,176,61,111,58,3.8849,3.8843,1.1431746,0.114338815,3.7111144,1.1481187,0.11441159,3.7090013,0.14283812046051025,0.3655824661254883,0.08291006088256836,0.14165197014808673,0.3658353012055159,0.0823413372039794
1789688214.746624,1.0000,traffic cone,0.7286,204,59,105,36,3.8229,3.8244,-1.0575958,0.112339646,3.671946,-1.0338454,0.181871,3.6775668,0.13938555717468248,0.362768179923296,0.09135179519653303,0.0974779725074768,0.3631745558232069,0.10146224498748779
1789688214.796834,1.0000,traffic cone,0.6067,269,99,145,61,3.3474,3.3474,0.058637176,0.20567176,3.3405242,0.06920778,0.20344296,3.3405242,0.18714856132864946,0.3860451281070709,0.09088623523712158,0.1407427042722702,0.32135339081287384,0.07643508911132812
1789688214.846729,1.0000,traffic cone,0.4678,389,158,306,141,3.1576,3.1583,-0.46710038,0.06390603,3.122211,-0.46472898,0.063853756,3.1232672,0.17913751155138014,0.43447792232036625,0.09538069963455209,0.16729122400283813,0.42513418197631836,0.09401226043701172
1789688214.948720,1.0000,traffic cone,0.8004,175,59,109,56,3.8859,3.8833,1.1454064,0.11426704,3.7114954,1.1480803,0.11434759,3.707995,0.14075404405593872,0.36538891270756724,0.08256516456604013,0.1364741325378418,0.31064583361148834,0.07942211627960205
1789688214.977955,1.0000,traffic cone,0.7311,204,58,103,35,3.8250,3.8226,-1.0585315,0.11322829,3.673853,-1.0343107,0.18204762,3.6755028,0.1358283638954163,0.3625153671950102,0.08742361068725613,0.10039148330688485,0.3628976166248321,0.09882664680480957
1789688215.012400,1.0000,traffic cone,0.6051,270,102,144,62,3.3485,3.3470,0.06196117,0.20530292,3.3416102,0.069119,0.20309378,3.340121,0.19362040534615507,0.3871926076710224,0.09188897609710667,0.13975361920893192,0.3179107084870338,0.07490234375000027
1789688215.064394,1.0000,traffic cone,0.4680,387,158,307,143,3.1575,3.1584,-0.46896467,0.06395949,3.1218572,-0.46784854,0.06384626,3.1229463,0.18009797632694247,0.4847945958375931,0.09130642414093026,0.16911515593528753,0.4251448631286621,0.08810715675353986
1789688215.222782,1.0000,traffic cone,0.7996,175,60,110,57,3.8852,3.8849,1.1459856,0.113644436,3.7106538,1.1480464,0.11409581,3.7096016,0.1414895713329316,0.365099173784256,0.08297505378723136,0.1377929687499999,0.36502283066511154,0.07987689971923828
1789688215.260317,1.0000,traffic cone,0.7311,205,58,106,35,3.8255,3.8251,-1.0583026,0.11315195,3.674427,-1.0338588,0.18233082,3.6782234,0.13721868991851793,0.36249163188040257,0.08811162710189846,0.09828217029571529,0.36357419192790985,0.09320805072784433
1789688215.306636,1.0000,traffic cone,0.6032,269,100,146,61,3.3476,3.3470,0.058026724,0.20552093,3.3408246,0.06938948,0.20369008,3.3400986,0.18596921339631078,0.38589318245649334,0.0895779609680174,0.1408764347434044,0.32157091796398163,0.07438826560974121
1789688215.350980,1.0000,traffic cone,0.4740,387,159,312,147,3.1584,3.1591,-0.4674826,0.06392738,3.1229246,-0.46884218,0.0038745403,3.1241,0.178752052783966,0.4315116465091702,0.0941299438476566,0.1747420012950897,0.42510449290275576,0.0929924488067626
1789688215.458448,1.0000,traffic cone,0.8000,175,61,111,58,3.8861,3.8856,1.1444811,0.11368148,3.7120297,1.1493092,0.1139753,3.709937,0.14305412769317627,0.3648884445428848,0.08326244354248047,0.1434051752090455,0.36525793671607976,0.07801904678344718
1789688215.500104,1.0000,traffic cone,0.7316,204,58,106,37,3.8236,3.8250,-1.0558915,0.11295743,3.6731904,-1.0337756,0.18176435,3.6781762,0.1343881845474243,0.3628883246332407,0.09442799091339094,0.09765280485153194,0.36356102079153063,0.09928135871887189
1789688215.553195,1.0000,traffic cone,0.6075,272,101,144,61,3.3487,3.3458,0.058650404,0.20575015,3.3418982,0.07006828,0.20346807,3.3389053,0.196748748421669,0.3868854343891144,0.09067463874816895,0.14041230827569962,0.3216593563556671,0.07714676856994629
1789688215.592942,1.0000,traffic cone,0.4683,388,158,307,141,3.1569,3.1594,-0.46777087,0.06399183,3.121429,-0.46483368,0.063782096,3.1243207,0.17877835035324097,0.4346665851771835,0.09413000345230094,0.16632080078125,0.42514491081237793,0.0899357795715332
1789688215.726653,1.0000,traffic cone,0.8031,174,62,111,58,3.8852,3.8847,1.1440539,0.11420448,3.711163,1.1475484,0.11420448,3.7095878,0.14674995541572566,0.3652067199349403,0.08752386569976833,0.14391289353370662,0.36549285501241685,0.07722115516662598
1789688215.765811,1.0000,traffic cone,0.7250,204,59,106,37,3.8230,3.8245,-1.0578327,0.112231135,3.6720521,-1.0334593,0.18174464,3.6777546,0.13967300653457648,0.3627323031425476,0.09513306617736816,0.09783331155776964,0.36307774633169176,0.09780454635620117
1789688215.798780,1.0000,traffic cone,0.6026,271,99,140,59,3.3475,3.3469,0.05878991,0.20586425,3.3406765,0.07028576,0.2036928,3.3399894,0.18692275583744042,0.3858554571866989,0.09063796997070339,0.14068495854735366,0.32149932235479356,0.07669341564178467
1789688215.842301,1.0000,traffic cone,0.4670,389,158,308,142,3.1581,3.1597,-0.46784213,0.06396011,3.122558,-0.46668184,0.033867873,3.1248631,0.17860476374626166,0.43489148765802416,0.09155181646347055,0.1676890462636948,0.42523120939731596,0.08916634321212769
1789688215.987703,1.0000,traffic cone,0.8015,175,61,110,58,3.8843,3.8828,1.14236,0.11409226,3.710772,1.1490216,0.11420092,3.7071555,0.14280641078948975,0.3656241148710251,0.0831918716430664,0.1402084648609161,0.365825567021966,0.07897694110870335
1789688216.026595,1.0000,traffic cone,0.7225,199,58,105,35,3.8232,3.8253,-1.0583935,0.113138154,3.6720176,-1.0335393,0.18216485,3.678492,0.13259466886520377,0.3629279114305973,0.09303696155548113,0.09996765851974476,0.36343580558896066,0.10415048599243182
1789688216.070408,1.0000,traffic cone,0.6036,270,99,145,61,3.3470,3.3471,0.058853194,0.20504948,3.3402424,0.06974334,0.20324185,3.3402424,0.18653919994831078,0.38636473566293716,0.09284005165100107,0.13895785063505173,0.32115887105464935,0.06700706481933594
1789688216.115383,1.0000,traffic cone,0.4683,387,158,312,148,3.1572,3.1598,-0.4689203,0.06398552,3.1215038,-0.47069368,0.033843398,3.1243412,0.1800467327237129,0.43444476276636157,0.08891990184783927,0.17585486769676206,0.4251153126358986,0.08853754997253427
1789688216.221072,1.0000,traffic cone,0.8033,176,60,111,57,3.8851,3.8844,1.1449506,0.11358884,3.7108688,1.1468292,0.113916814,3.7095337,0.13871337771415715,0.3649502474814653,0.08276979923248273,0.13647379875183097,0.36498636901378634,0.07661685943603525
1789688216.251971,1.0000,traffic cone,0.7228,203,60,105,37,3.8253,3.8262,-1.0577011,0.11200157,3.6745024,-1.0335838,0.18192548,3.6795077,0.13884635567665105,0.362838514149189,0.08867255449295053,0.0975862860679626,0.36315390914678575,0.09900956153869656
1789688216.300646,1.0000,traffic cone,0.6054,271,102,146,63,3.3503,3.3509,0.057492726,0.2052862,3.3434825,0.06847441,0.20330638,3.3439796,0.18606507740914818,0.3859754174947739,0.09727147817611703,0.147158183157444,0.31523000746965407,0.07520790100097674
1789688216.349498,1.0000,traffic cone,0.4687,385,158,305,142,3.1588,3.1593,-0.46867865,0.06402107,3.1232274,-0.4685127,0.03383787,3.1241918,0.17887078821659091,0.4350894168019298,0.0890917897224428,0.16571925580501556,0.42506459802389146,0.08590320348739633
1789688216.522689,1.0000,traffic cone,0.8043,177,61,111,58,3.8845,3.8850,1.1428571,0.11406,3.7107832,1.1476823,0.11425032,3.7098825,0.14277148246765137,0.3651903048157692,0.09000301361083984,0.14151650667190552,0.3653252348303795,0.08278527259826651
1789688216.568574,1.0000,traffic cone,0.7248,201,59,106,36,3.8264,3.8267,-1.0569792,0.11244066,3.6757977,-1.0331504,0.18210655,3.680094,0.13716549873352046,0.3629098623991013,0.09251062870025661,0.09757596254348755,0.36351290345191956,0.09883099794387817
1789688216.600908,1.0000,traffic cone,0.6131,259,100,145,61,3.3483,3.3470,0.058151517,0.20573552,3.3415048,0.06958641,0.20358957,3.3400435,0.18834688924252985,0.3869937628507614,0.09355325698852557,0.14208708703517914,0.3214465379714966,0.07039189338684082
1789688216.643002,1.0000,traffic cone,0.4724,388,159,313,149,3.1588,3.1593,-0.46873236,0.064059466,3.1231804,-0.4701128,0.06382504,3.123516,0.18016529083251953,0.4319082930684086,0.08702545166015652,0.17640334963798526,0.42507068514823915,0.08835587501525888
1789688216.776677,1.0000,traffic cone,0.8031,177,62,110,57,3.8857,3.8854,1.1424153,0.11419688,3.7122142,1.147899,0.11440921,3.7102365,0.14199753999710096,0.36548518799245355,0.09554629325866726,0.13918890953063956,0.3657803282141685,0.08447384834289551
1789688216.806997,1.0000,traffic cone,0.7212,200,58,105,35,3.8242,3.8225,-1.0578151,0.11295532,3.6732552,-1.0329111,0.18163836,3.6758466,0.13594399690628056,0.3630022931843996,0.09251207113265991,0.09870439767837513,0.363399850577116,0.09794867038726807
1789688216.850194,1.0000,traffic cone,0.6102,273,100,148,61,3.3480,3.3480,0.058450274,0.20574766,3.3411574,0.06916976,0.20360968,3.3410685,0.18704710640013214,0.3858655162155628,0.09295634031295785,0.14004237949848175,0.32147952914237976,0.07362246513366699
1789688216.890354,1.0000,traffic cone,0.4715,387,158,313,148,3.1576,3.1579,-0.46871215,0.0639762,3.1220028,-0.4711112,0.033899866,3.1224017,0.17756720185279845,0.43486811071634324,0.09067959785461444,0.17472609281539925,0.42519602477550505,0.08987407684326154
1789688217.024027,1.0000,traffic cone,0.8024,176,61,111,58,3.8850,3.8858,1.1430746,0.114035934,3.7112825,1.1486491,0.11421865,3.7103956,0.14387953281402588,0.3659336268901825,0.08604288101196289,0.1417894959449768,0.365945627912879,0.07888448238372803
1789688217.060107,1.0000,traffic cone,0.7187,198,58,105,36,3.8235,3.8208,-1.0571501,0.113253355,3.6726637,-1.0336697,0.18200538,3.6738026,0.13806354999542236,0.36269341967999935,0.08742214441299412,0.10023638606071472,0.36314817145466805,0.09809070825576782
1789688217.107101,1.0000,traffic cone,0.6111,259,102,146,63,3.3495,3.3495,0.057941943,0.20511511,3.3427224,0.06897721,0.20357451,3.3426316,0.18662095591425892,0.3861176252365112,0.0947966217994689,0.1483778975903988,0.3150968700647354,0.08031530380248997
1789688217.155638,1.0000,traffic cone,0.4757,392,159,317,149,3.1585,3.1604,-0.47050282,0.064080566,3.1225805,-0.47161976,0.06389493,3.1243806,0.17953982353210451,0.4317712694406506,0.08604516983032218,0.17494288682937614,0.42523675560951235,0.08704857826232937
1789688217.266796,1.0000,traffic cone,0.8023,175,61,111,58,3.8857,3.8857,1.1452628,0.11357726,3.7113743,1.1483126,0.11418471,3.7103462,0.14626944065093994,0.36509382724761963,0.09009885787963867,0.14590805768966675,0.3652160212397575,0.07910082340240487
1789688217.310804,1.0000,traffic cone,0.7151,200,59,104,36,3.8243,3.8209,-1.0585598,0.11250867,3.6731505,-1.034909,0.1819397,3.673527,0.13978077173233028,0.36220368221402166,0.09319162368774414,0.09985682368278503,0.3626711368560791,0.09644770622253418
1789688217.360080,1.0000,traffic cone,0.6056,258,100,144,62,3.3484,3.3491,0.06327948,0.20537898,3.3415222,0.06979574,0.20357083,3.3421853,0.1861556179821491,0.38602418601512906,0.09571181535720807,0.14068203046917915,0.31805866584181786,0.08140710592269906
1789688217.406834,1.0000,traffic cone,0.4760,386,158,313,148,3.1588,3.1593,-0.4680042,0.063939594,3.1232972,-0.47132772,0.03373731,3.1237595,0.18009665459394453,0.4346363775432113,0.0907059907913208,0.17573982328176502,0.42525318413972857,0.08925802707672092
1789688217.517537,1.0000,traffic cone,0.7995,175,61,110,58,3.8884,3.8874,1.1465592,0.114225805,3.713763,1.1498389,0.11424671,3.7116792,0.14463961124420166,0.3657805994153023,0.0825958251953125,0.14058048725128192,0.36589177474379536,0.08095943927764893
1789688217.545535,1.0000,traffic cone,0.7228,204,59,106,38,3.8248,3.8270,-1.057677,0.11230677,3.6739824,-1.0347078,0.18168153,3.6799831,0.1342193841934204,0.36256232187151904,0.09959049224853533,0.09699260592460646,0.3634770199656487,0.10161527395248404
1789688217.581273,1.0000,traffic cone,0.6032,257,99,139,59,3.3479,3.3458,0.057597827,0.2052117,3.341099,0.06922927,0.20350513,3.338901,0.1874749839305877,0.38591804802417756,0.09198405742645255,0.14078730046749108,0.3215165913105011,0.07300877571105957
1789688217.629929,1.0000,traffic cone,0.4743,388,159,306,142,3.1589,3.1592,-0.46841985,0.06402223,3.1232767,-0.4662368,0.0338056,3.1244473,0.17828776538372038,0.4845914363861084,0.09368383884429932,0.167117191851139,0.4251460075378418,0.08915799856185913
1789688217.811362,1.0000,traffic cone,0.8030,173,61,111,58,3.8854,3.8842,1.1430047,0.11440283,3.7116756,1.1470845,0.11440399,3.7092164,0.14278459548950195,0.36565010994672775,0.09043645858764648,0.14175906777381897,0.3657501090317965,0.08295288085937491
1789688217.857243,1.0000,traffic cone,0.7217,200,58,104,37,3.8239,3.8230,-1.0554923,0.113031045,3.6736107,-1.034156,0.18182269,3.675984,0.13464924693107616,0.3625934112817049,0.09677989482879656,0.09769940376281727,0.36300652176141734,0.10180053710937464
1789688217.907002,1.0000,traffic cone,0.6044,258,100,143,61,3.3488,3.3478,0.05798067,0.2054793,3.3419678,0.068766505,0.20348117,3.3409421,0.18879260420799251,0.38620699346065523,0.09215168952941921,0.13993269205093384,0.32243554294109344,0.07061982154846191
1789688217.954475,1.0000,traffic cone,0.4735,383,158,309,148,3.1591,3.1598,-0.46772587,0.063982874,3.123664,-0.47030845,0.03388273,3.1243696,0.17827855944633492,0.4345345646142963,0.0921459913253786,0.174449160695076,0.4251855626702309,0.09126914739608738
1789688218.051155,1.0000,traffic cone,0.8020,174,61,109,57,3.8865,3.8873,1.1422161,0.11415376,3.7130923,1.1483786,0.11415376,3.7120647,0.14149224758148193,0.3648824393749237,0.08526182174682617,0.1332988023757935,0.3648929297924042,0.08191685676574689
1789688218.097526,1.0000,traffic cone,0.7198,205,59,105,36,3.8254,3.8242,-1.0576054,0.11228965,3.6745977,-1.0333631,0.18145725,3.677445,0.14025249481201174,0.3628446392714977,0.08859167098999032,0.10050073266029358,0.3632938452064991,0.09557908773422241
1789688218.143176,1.0000,traffic cone,0.6110,260,100,141,59,3.3480,3.3473,0.058620475,0.20544256,3.341208,0.07016374,0.20368285,3.34033,0.18755768612027165,0.3861851878464222,0.09116781949996966,0.13980226516723626,0.32171257138252257,0.07726697921752912
1789688218.175099,1.0000,traffic cone,0.4783,388,159,305,142,3.1583,3.1607,-0.46831962,0.064066485,3.1226847,-0.46434832,0.063870095,3.125724,0.18140667378902436,0.43171708434820144,0.08793001174926784,0.16829752624034883,0.4252136453986168,0.09008486270904514
1789688218.301881,1.0000,traffic cone,0.7990,176,60,111,57,3.8866,3.8866,1.1442966,0.11383358,3.7125645,1.1460814,0.11409706,3.7120283,0.13968687653541578,0.3652630679309368,0.08474757671356192,0.1354842901229858,0.36518993973731995,0.082560157775879
1789688218.346885,1.0000,traffic cone,0.7221,205,58,104,36,3.8249,3.8247,-1.0584683,0.11308505,3.673778,-1.0356767,0.18194833,3.6773343,0.13813451528549192,0.362933949381113,0.08713154792785671,0.09757393598556519,0.3637437056750059,0.09636974334716797
1789688218.398377,1.0000,traffic cone,0.6086,260,100,142,59,3.3485,3.3454,0.05851834,0.20580079,3.341679,0.069690205,0.20372653,3.3384895,0.18839573673903937,0.38721525967121123,0.08999304771423322,0.13982877135276786,0.3217606216669082,0.07447857856750462
1789688218.453334,1.0000,traffic cone,0.4800,388,158,310,144,3.1585,3.1589,-0.46672148,0.0641287,3.1231642,-0.46672148,0.03389912,3.1240246,0.1796598240733147,0.43470353186130556,0.09119482040405291,0.16980281323194502,0.42520921379327775,0.08930139541626003
1789688218.517812,1.0000,traffic cone,0.7990,177,61,111,58,3.8875,3.8875,1.1425992,0.114275366,3.7140698,1.1481562,0.114575356,3.7122746,0.1395052671432495,0.3653809279203415,0.08385515213012695,0.1408775210380553,0.3654799807816744,0.08116228580474827
1789688218.555238,1.0000,traffic cone,0.7249,204,60,104,38,3.8267,3.8280,-1.055995,0.11195177,3.676361,-1.0335395,0.18181175,3.6813545,0.13812472820281996,0.36309129409492014,0.09945513010025042,0.09607626199722297,0.3634240765124559,0.10352548360824576
1789688218.603827,1.0000,traffic cone,0.6067,262,101,142,59,3.3498,3.3487,0.057338964,0.20597261,3.342995,0.06906088,0.20367321,3.341806,0.1926669403910637,0.38716547191143036,0.09181761741638184,0.14099266827106471,0.3219349458813667,0.0744909763336179
1789688218.653023,1.0000,traffic cone,0.4796,387,159,306,143,3.1584,3.1594,-0.46776927,0.0639662,3.1228664,-0.4668091,0.063826784,3.1241016,0.18046220541000368,0.4848634570837021,0.09221591949462882,0.16857794225215916,0.4252231329679489,0.0867488145828248
1789688218.753909,1.0000,traffic cone,0.7989,173,60,110,57,3.8867,3.8862,1.1463844,0.11371747,3.7120101,1.147862,0.11400315,3.711053,0.14278133511543278,0.3653408024460077,0.08501663208007848,0.13825175762176523,0.3652467355132103,0.07848567962646458
1789688218.783636,1.0000,traffic cone,0.7300,207,59,103,37,3.8262,3.8238,-1.0563818,0.112315595,3.6757731,-1.0350326,0.18172723,3.6765509,0.13430925607681277,0.362556628882885,0.09636447429656991,0.0989175081253052,0.36290618777275085,0.10193562507629395
1789688218.826439,1.0000,traffic cone,0.6078,260,99,138,59,3.3481,3.3472,0.05836144,0.20539376,3.3412464,0.06996785,0.2039558,3.3402104,0.18864749073982234,0.3866842076182365,0.09276473522186279,0.14189865067601198,0.32119522392749783,0.07306060791015634
1789688218.876624,1.0000,traffic cone,0.4776,389,158,305,140,3.1579,3.1587,-0.46937063,0.06396135,3.122118,-0.46441758,0.033844844,3.1241813,0.18076193928718565,0.43463311642408403,0.09147924184799194,0.1654907166957854,0.4251884326338768,0.08739819526672354
1789688219.022335,1.0000,traffic cone,0.7993,176,61,111,58,3.8866,3.8867,1.1425695,0.114221424,3.7131345,1.1473365,0.11433655,3.7117484,0.14256083965301514,0.36529191583395004,0.0836172103881836,0.141605520248413,0.3654990833252668,0.08109724521636963
1789688219.061676,1.0000,traffic cone,0.7251,204,58,105,35,3.8267,3.8279,-1.0584035,0.11340615,3.6756809,-1.0338634,0.18198672,3.6811125,0.13495516777038574,0.36273266226053236,0.09298321008682242,0.09908909797668464,0.36328314766287806,0.09776356220245352
1789688219.106588,1.0000,traffic cone,0.6109,263,101,142,60,3.3480,3.3480,0.058484957,0.2056835,3.341123,0.0743607,0.20380512,3.3409138,0.18557985872030258,0.38699862360954285,0.0898900032043457,0.13836838267743584,0.3212376594543457,0.0768282413482666
1789688219.154005,1.0000,traffic cone,0.4784,384,159,306,143,3.1579,3.1609,-0.46757916,0.06398773,3.1224227,-0.4661834,0.06391454,3.1256778,0.1801992386579514,0.43169161975383724,0.09182057380676278,0.17028597295284276,0.4253918081521988,0.09065425395965576
1789688219.274517,1.0000,traffic cone,0.7993,176,61,111,58,3.8876,3.8868,1.1441238,0.11387882,3.7136815,1.1478763,0.11412339,3.7116737,0.14310085773468018,0.36554133147001266,0.0844573974609375,0.14172618389129643,0.3657097347080708,0.0816514968872073
1789688219.311643,1.0000,traffic cone,0.7240,204,59,104,37,3.8254,3.8227,-1.0562284,0.1123265,3.6749723,-1.0332175,0.1819498,3.6759717,0.13496364355087276,0.36252788007259373,0.098217868804932,0.10009200572967514,0.36276319324970246,0.1032860279083252
1789688219.356432,1.0000,traffic cone,0.6107,261,100,141,61,3.3479,3.3471,0.06259804,0.20507812,3.3410354,0.068900704,0.2034289,3.3402085,0.18560448214411732,0.3862501055002212,0.09320530891418466,0.13794725388288498,0.3213503062725067,0.07698893547058105
1789688219.395577,1.0000,traffic cone,0.4775,387,158,308,144,3.1588,3.1610,-0.46977466,0.06403805,3.1229973,-0.4679762,0.06394968,3.1255097,0.17886404246091842,0.43476216644048726,0.08865906000137347,0.1703647002577781,0.42536178380250933,0.0874783992767334
1789688219.531882,1.0000,traffic cone,0.7986,174,62,111,58,3.8867,3.8860,1.1445644,0.11418165,3.7126033,1.1492832,0.11418165,3.7103932,0.14425026774406424,0.3660159774124622,0.08760414123535165,0.14089413285255437,0.36596591845154763,0.07879893779754621
1789688219.572079,1.0000,traffic cone,0.7310,205,59,104,37,3.8248,3.8237,-1.0574915,0.11248115,3.6740165,-1.0343617,0.18194321,3.6766882,0.1343860626220703,0.3628558926284313,0.09630196094512922,0.09797588586807238,0.3631915807723999,0.09836997985839835
1789688219.617846,1.0000,traffic cone,0.6120,261,100,139,59,3.3483,3.3472,0.058863353,0.20599876,3.3414764,0.07086135,0.2035715,3.34028,0.18587446138262745,0.38638305887579916,0.09533984661102313,0.1408451281487941,0.32141880244016646,0.07226727008819545
1789688219.661371,1.0000,traffic cone,0.4804,386,158,307,143,3.1592,3.1596,-0.46782172,0.064111575,3.123758,-0.46658313,0.0037943125,3.1249535,0.17813687026500707,0.434616602957249,0.09129191637039202,0.16803863644599915,0.42500805854797363,0.09020371437072727
1789688219.767944,1.0000,traffic cone,0.7980,175,60,110,57,3.8841,3.8843,1.144887,0.1138013,3.7097359,1.147878,0.114338905,3.7090936,0.14053557515144366,0.36526856161654,0.08153598308563215,0.1370399951934813,0.36519562304019926,0.07394933700561523
1789688219.806946,1.0000,traffic cone,0.7321,199,58,103,35,3.8260,3.8237,-1.0595448,0.11317724,3.6745958,-1.03414,0.18207705,3.6766949,0.13842045664787295,0.3625079546123743,0.08068684339523324,0.10124738216400131,0.3631476335227489,0.09214463233947745
1789688219.856527,1.0000,traffic cone,0.6133,261,99,148,61,3.3454,3.3455,0.05748751,0.20520419,3.3386102,0.06886109,0.2036395,3.3386102,0.18751540482044213,0.38615937978029247,0.0899273157119751,0.13917557895183563,0.3215358108282089,0.06962037086486816
1789688219.901001,1.0000,traffic cone,0.4805,387,158,313,148,3.1588,3.1602,-0.46657047,0.06405755,3.1234717,-0.47162452,0.03393869,3.124588,0.1803946882486343,0.4346012890338901,0.08794984817504892,0.1758389875292778,0.42513630986213685,0.08639581203460667
1789688220.004719,1.0000,traffic cone,0.7985,174,62,110,58,3.8860,3.8855,1.14228,0.114412874,3.7126117,1.148871,0.114412874,3.7100127,0.1455065906047821,0.3656432021409273,0.08546524047851589,0.14272553920745845,0.3657802551984787,0.07870042324066162
1789688220.031693,1.0000,traffic cone,0.7356,203,58,106,36,3.8239,3.8222,-1.0573845,0.1129591,3.6730814,-1.0337158,0.18202947,3.6752362,0.13604901432991023,0.36252651549875736,0.09273222684860194,0.10042154788970947,0.362961046397686,0.09420037269592285
1789688220.063024,1.0000,traffic cone,0.6154,260,99,138,59,3.3492,3.3467,0.0585866,0.20566687,3.3423164,0.0700688,0.20384035,3.3397672,0.18766753599047656,0.3867344483733177,0.09244334697723389,0.14175035506486885,0.3216317743062973,0.07662909030914289
1789688220.104074,1.0000,traffic cone,0.4801,387,159,305,143,3.1592,3.1598,-0.4669698,0.06407322,3.1237926,-0.46562737,0.06393148,3.12464,0.18143808841705328,0.4317032217979428,0.09046719074249276,0.169339206814766,0.4252328097820282,0.08901691436767578
1789688220.267754,1.0000,traffic cone,0.7959,173,61,111,58,3.8873,3.8864,1.1412944,0.11422518,3.7142737,1.1484966,0.11437552,3.7110221,0.14004004001617432,0.3650287687778473,0.08705663681030273,0.13989098668098454,0.3653457067906857,0.08567025661468497
1789688220.308302,1.0000,traffic cone,0.7435,201,59,104,36,3.8271,3.8249,-1.0561864,0.11209574,3.6767423,-1.032402,0.18221147,3.6784017,0.13747097253799445,0.3629565924406052,0.09488224983215332,0.09861981868743896,0.3634732495993376,0.099223792552948
1789688220.353259,1.0000,traffic cone,0.6173,263,101,142,60,3.3504,3.3485,0.05806788,0.20593572,3.3435202,0.06959513,0.20367792,3.3415275,0.19448018819093704,0.3870426118373871,0.0944356918334961,0.13922348991036412,0.32177675291895863,0.07572373151779166
1789688220.396751,1.0000,traffic cone,0.4806,391,159,317,148,3.1576,3.1594,-0.4687556,0.06406297,3.1219532,-0.4702683,0.034044594,3.1239867,0.17894452512264247,0.48468914330005647,0.09437751770019531,0.17474735230207444,0.4250249281525612,0.08981589078903163
1789688220.517244,1.0000,traffic cone,0.7967,173,60,110,57,3.8860,3.8858,1.1453073,0.113795,3.7116601,1.1485488,0.11387475,3.7104127,0.14301074147224435,0.3650846429169178,0.08523659706115705,0.13927965164184553,0.36509915143251415,0.07618951797485352
1789688220.545312,1.0000,traffic cone,0.7416,201,59,106,37,3.8256,3.8237,-1.0565134,0.11236878,3.6751044,-1.0339315,0.18186326,3.6767347,0.1346237063407898,0.36256950795650483,0.09904596805572474,0.09814708232879632,0.3629283159971237,0.10962052345275852
1789688220.592551,1.0000,traffic cone,0.6148,259,100,140,60,3.3489,3.3490,0.062494986,0.20561005,3.342029,0.07398332,0.20342584,3.342029,0.18505751043558116,0.3860582917928696,0.09319339990615827,0.13863059245049952,0.32188938781619075,0.07609976530075091
1789688220.636643,1.0000,traffic cone,0.4780,389,160,307,143,3.1599,3.1601,-0.46777636,0.06404722,3.124427,-0.46524155,0.0639551,3.1250472,0.1814487516880035,0.4291579820215692,0.09148619174957284,0.16966010332107545,0.4251824736595154,0.08932161331176758
1789688220.776367,1.0000,traffic cone,0.7966,176,61,111,58,3.8880,3.8885,1.1425948,0.11401105,3.7145875,1.1484444,0.11424653,3.7133172,0.142997145652771,0.3655927926301956,0.08538341522216797,0.14131089448928846,0.36571751832962035,0.07994618415832555
1789688220.813900,1.0000,traffic cone,0.7422,200,58,103,35,3.8228,3.8235,-1.0570533,0.113103226,3.6720269,-1.0326477,0.18185487,3.676905,0.13418435454368582,0.36258845329284667,0.08960162401199323,0.09992461204528813,0.36320251822471616,0.10070142745971644
1789688220.856705,1.0000,traffic cone,0.6153,259,100,140,59,3.3484,3.3475,0.05802743,0.20593265,3.3415213,0.069802016,0.20376074,3.3405254,0.18768514953553675,0.38592830374836923,0.09127963781356829,0.1408831745386123,0.32151806354522705,0.07535409927368164
1789688220.899610,1.0000,traffic cone,0.4749,389,159,316,149,3.1594,3.1604,-0.46712208,0.06411171,3.1240342,-0.46975255,0.06401062,3.1246848,0.1790163576602936,0.4321137130260464,0.0934671878814699,0.17612992525100712,0.42525742650032045,0.0922597885131835
1789688221.007478,1.0000,traffic cone,0.7975,172,61,111,58,3.8856,3.8860,1.1441361,0.11412293,3.7115734,1.1484003,0.11431824,3.7106528,0.1428147554397583,0.3657269552350044,0.08144330978393555,0.14263094067573556,0.36595246866345404,0.07776241302490261
1789688221.037770,1.0000,traffic cone,0.7485,202,60,102,37,3.8266,3.8263,-1.0554719,0.11232743,3.6764154,-1.0329447,0.18188128,3.6796944,0.13839286565780629,0.36289367005229,0.09894102811813354,0.0980646848678588,0.36318146288394926,0.10404644012451181
1789688221.078870,1.0000,traffic cone,0.6214,260,101,141,60,3.3492,3.3493,0.05807432,0.2055816,3.3423975,0.06971009,0.20331137,3.3423796,0.18422941863536835,0.3864024132490158,0.09893798828125,0.14009422287344928,0.3214247949421406,0.06979444026947013
1789688221.123111,1.0000,traffic cone,0.4708,393,159,310,143,3.1574,3.1580,-0.47109503,0.063917994,3.1213973,-0.4665088,0.06384115,3.1226714,0.17948893308639519,0.4317859590053555,0.08796472549438494,0.16679376959800724,0.4252752274274826,0.08777973651885995
1789688221.268570,1.0000,traffic cone,0.8006,177,60,110,57,3.8858,3.8850,1.1457298,0.11373332,3.7112665,1.1472348,0.11393824,3.7100136,0.14205015301704393,0.36531954258680344,0.07869930267333958,0.13715758323669447,0.3653688281774521,0.07542076110839835
1789688221.298081,1.0000,traffic cone,0.7484,203,58,103,36,3.8250,3.8253,-1.0576463,0.11307584,3.6741736,-1.0336294,0.18198873,3.6785152,0.13506682515144341,0.3625044159591198,0.09244399070739728,0.1001773476600647,0.3628682494163513,0.09838920831680298
1789688221.332687,1.0000,traffic cone,0.6227,259,100,140,59,3.3468,3.3459,0.057755444,0.20548534,3.3400223,0.06950941,0.20365205,3.3389525,0.18755515590310096,0.386468806117773,0.09324818849563599,0.13789805471897118,0.32121374905109407,0.07502484321594238
1789688221.374162,1.0000,traffic cone,0.4735,390,160,309,143,3.1581,3.1597,-0.47006005,0.0640789,3.1222825,-0.46584818,0.06400472,3.1245353,0.18051193356513973,0.48477727323770525,0.0921527385711669,0.16838617622852325,0.4252849340438843,0.08826527595520028
1789688221.548679,1.0000,traffic cone,0.7982,175,61,111,58,3.8878,3.8855,1.1450562,0.11378972,3.7135727,1.1471877,0.11409618,3.710508,0.14624035358428955,0.36539043486118317,0.0847311019897461,0.14202551841735844,0.36546252928674217,0.08068645000457764
1789688221.588477,1.0000,traffic cone,0.7472,205,58,102,35,3.8249,3.8241,-1.0567571,0.11300932,3.6743197,-1.0328257,0.18226473,3.677513,0.13354190587997428,0.3631189063191414,0.0910892605781557,0.09891875982284548,0.3636304683983326,0.09902360439300528
1789688221.636025,1.0000,traffic cone,0.6251,259,101,139,60,3.3478,3.3451,0.058836315,0.205463,3.3409247,0.074484766,0.20346946,3.338035,0.1864255666732788,0.38634368777275085,0.08951640129089355,0.139190374687314,0.32130615636706356,0.0732212185859682
1789688221.679126,1.0000,traffic cone,0.4760,385,158,305,144,3.1592,3.1590,-0.470294,0.063992694,3.1233418,-0.46842518,0.033827707,3.123925,0.1779213204979897,0.4345362149178985,0.08965809345245379,0.17182473391294478,0.4254312664270401,0.08817863464355469
1789688221.787784,1.0000,traffic cone,0.8016,176,61,110,58,3.8867,3.8882,1.1433306,0.11418535,3.712999,1.1489236,0.11426534,3.7127748,0.14147639274597168,0.3661506772041321,0.08786201477050781,0.13884088993072496,0.3660568282008171,0.08145728111267081
1789688221.814291,1.0000,traffic cone,0.7419,200,60,105,37,3.8266,3.8236,-1.0566344,0.1122465,3.6761394,-1.0336308,0.18211831,3.6767542,0.1396611154079438,0.362918433919549,0.09394925832748413,0.0983561038970947,0.36319719105958936,0.10521044731140128
1789688221.843833,1.0000,traffic cone,0.6210,260,100,139,59,3.3485,3.3474,0.059539087,0.20572752,3.3416924,0.071954265,0.20374866,3.3404567,0.18777855746448036,0.38633457496762275,0.09041693210601798,0.13891952410340308,0.3214816212654114,0.07056224346160889
1789688221.885678,1.0000,traffic cone,0.4748,388,159,305,142,3.1596,3.1601,-0.46861964,0.06416805,3.1239498,-0.46579635,0.06395196,3.124937,0.17991342842578883,0.48453406393527987,0.08944940567016602,0.1679817691445351,0.4251375138759613,0.0879045248031618
1789688222.089629,1.0000,traffic cone,0.7988,176,61,111,58,3.8879,3.8850,1.1441289,0.11424255,3.713956,1.1476674,0.11424942,3.7098408,0.14122676849365234,0.3651232123374939,0.08629655838012695,0.14206101894378653,0.3653492473065853,0.08401935100555402
1789688222.120795,1.0000,traffic cone,0.7418,201,58,104,34,3.8275,3.8243,-1.0579132,0.11323057,3.6766882,-1.0314848,0.18211018,3.67807,0.13498161435127254,0.36264356374740603,0.0916049838066102,0.10162261724472044,0.36322754174470906,0.09910173416137713
1789688222.163308,1.0000,traffic cone,0.6188,259,100,140,59,3.3491,3.3489,0.058414377,0.20581496,3.3422456,0.07028322,0.20347548,3.3419938,0.18975367434322832,0.38681285083293915,0.09339023828506443,0.1421052753925323,0.32170575857162476,0.07408678531646729
1789688222.208705,1.0000,traffic cone,0.4785,383,160,311,149,3.1607,3.1615,-0.4681522,0.06408048,3.125142,-0.46945697,0.063855916,3.1257944,0.18039563745260234,0.4288561850786199,0.09330857992172259,0.17766954898834225,0.42517249584197997,0.09222612380981454
1789688222.342924,1.0000,traffic cone,0.7972,176,62,111,58,3.8863,3.8865,1.1418002,0.11425857,3.7130477,1.1476226,0.11425857,3.7114384,0.14346475601196307,0.3653992943465709,0.08719038963317871,0.1414175033569336,0.36574432402849194,0.08131041526794425
1789688222.420766,1.0000,traffic cone,0.7358,201,58,103,35,3.8238,3.8233,-1.0581236,0.11320652,3.6727545,-1.0330081,0.18187578,3.6765616,0.13398427367210386,0.36253108754754065,0.09296929836273193,0.09981631040573113,0.3631083719432354,0.098413038253784
1789688222.466892,1.0000,traffic cone,0.6195,261,99,140,59,3.3500,3.3501,0.058354735,0.2054048,3.343148,0.06988445,0.20362227,3.343148,0.18824173882603643,0.3854782372713089,0.091827392578125,0.1415249921381473,0.3220140665769577,0.07373898029327375
1789688222.514744,1.0000,traffic cone,0.4762,385,160,310,149,3.1595,3.1603,-0.46816573,0.06409703,3.1239533,-0.47064316,0.06378384,3.1243694,0.1810676410794258,0.4841933876276016,0.09086613655090314,0.17611086368560785,0.42542174458503723,0.088354539871216
1789688222.566090,1.0000,traffic cone,0.7977,175,60,110,57,3.8861,3.8838,1.145833,0.11387558,3.7115896,1.1469573,0.11431454,3.7088075,0.14233292937278752,0.36528718732297416,0.08242335319519034,0.13740582466125484,0.3652313113212585,0.0788222312927247
1789688222.593750,1.0000,traffic cone,0.7375,200,57,102,36,3.8259,3.8235,-1.0561148,0.112534866,3.6755123,-1.0322636,0.18197897,3.6770678,0.1287143707275391,0.36252778172492983,0.09560694694519034,0.09758687019348145,0.36360352486371994,0.09839802980422974
1789688222.624056,1.0000,traffic cone,0.6189,261,102,145,62,3.3489,3.3484,0.057734728,0.20529488,3.3420568,0.06926045,0.20352751,3.3414917,0.18417489901185036,0.38609854951500894,0.09742634296417219,0.1378482524305582,0.31790794655680654,0.07178466320037824
1789688222.665180,1.0000,traffic cone,0.4753,388,160,313,149,3.1591,3.1603,-0.46978956,0.06403879,3.1233134,-0.47134143,0.06388062,3.124252,0.17838465571403506,0.4847587555646896,0.08827391862869227,0.17561668157577515,0.4253634214401245,0.08639612197876012
1789688222.847486,1.0000,traffic cone,0.7992,175,61,111,58,3.8874,3.8876,1.1437255,0.11406821,3.7135873,1.1474462,0.11429313,3.712691,0.1437854766845703,0.3654125854372978,0.0866389274597168,0.14156177043914808,0.3656185884028673,0.08062744140625
1789688222.881977,1.0000,traffic cone,0.7372,200,59,104,37,3.8259,3.8245,-1.0594836,0.11255902,3.674552,-1.0339618,0.18208268,3.6775904,0.13818187713623054,0.3622517317533493,0.08584132194519034,0.10054798126220699,0.36283325552940365,0.09760398864746067
1789688222.927056,1.0000,traffic cone,0.6162,260,100,142,60,3.3484,3.3481,0.06260364,0.205276,3.3414955,0.07422434,0.20353858,3.3410459,0.187933661788702,0.38616402000188826,0.09746038913726807,0.1406400807201862,0.32187459394335743,0.08027002811431894
1789688222.971761,1.0000,traffic cone,0.4786,388,158,314,148,3.1589,3.1600,-0.46919346,0.06403374,3.1232302,-0.47068727,0.033895634,3.1245785,0.18041889667510985,0.4347703099250797,0.08664178848266602,0.17568862438201904,0.42521074414253235,0.08937354087829608
1789688223.102110,1.0000,traffic cone,0.8002,178,61,111,58,3.8857,3.8849,1.1465398,0.11395201,3.7109528,1.1473672,0.11431566,3.7098782,0.14582812786102295,0.36538033932447433,0.08246898651123047,0.14249075055122384,0.36567994169890883,0.07764080762863168
1789688223.147125,1.0000,traffic cone,0.7329,201,59,105,36,3.8278,3.8254,-1.0583456,0.11220658,3.6768398,-1.0353253,0.18197419,3.6781745,0.1400868177413941,0.36303192153573033,0.0871563673019411,0.09985944628715515,0.3632818516343832,0.09159934520721436
1789688223.191565,1.0000,traffic cone,0.6166,260,100,137,60,3.3472,3.3472,0.06248589,0.2052814,3.3403125,0.07406094,0.20341712,3.340221,0.1863894138485193,0.38648634627461437,0.09420174360275269,0.13989237286150452,0.32142212241888046,0.08027714490890503
1789688223.220539,1.0000,traffic cone,0.4833,385,158,311,148,3.1579,3.1611,-0.47031838,0.06400054,3.122003,-0.47191587,0.033984408,3.1254985,0.18155118823051453,0.43487891703844106,0.08873344659805316,0.17316431254148484,0.4252380892634392,0.08972892761230478
1789688223.337334,1.0000,traffic cone,0.7988,175,60,109,57,3.8869,3.8873,1.1439221,0.11435923,3.7129827,1.1481545,0.11438036,3.7120748,0.14394680261611925,0.3658137865364552,0.08535885810852051,0.14277691841125484,0.3078437581658363,0.07919883728027344
1789688223.377521,1.0000,traffic cone,0.7293,200,58,105,36,3.8258,3.8251,-1.0585994,0.11325842,3.674709,-1.0342646,0.18189892,3.6780825,0.1372156083583832,0.36308849677443505,0.08546217679977408,0.09811738133430481,0.36390105448663235,0.09697127342224121
1789688223.421641,1.0000,traffic cone,0.6193,262,101,146,61,3.3492,3.3435,0.0585948,0.20553282,3.342372,0.0697578,0.2034488,3.3365636,0.19604915380477905,0.38685888051986694,0.09343194961547852,0.14136231690645218,0.3214913010597229,0.07241988182067871
1789688223.465301,1.0000,traffic cone,0.4808,387,160,313,150,3.1597,3.1608,-0.46629897,0.06395282,3.124454,-0.4704898,0.033880375,3.1253557,0.1828302636742592,0.42881071865558523,0.09099222421646092,0.1787604495882988,0.425420443713665,0.09011930227279663
1789688223.584624,1.0000,traffic cone,0.7961,176,61,111,58,3.8866,3.8866,1.1422697,0.11410041,3.713183,1.1478105,0.114257485,3.7114887,0.14246881008148193,0.3652302399277687,0.08698701858520508,0.13929367065429688,0.3654501810669899,0.0833601236343382
1789688223.630720,1.0000,traffic cone,0.7286,200,57,104,36,3.8265,3.8264,-1.0562545,0.11270161,3.6761036,-1.0350425,0.18210566,3.6792915,0.13619582653045648,0.36265998631715773,0.08984098434448207,0.0995008647441864,0.3637754824012518,0.0974951982498169
1789688223.679020,1.0000,traffic cone,0.6136,261,102,145,62,3.3492,3.3477,0.05761301,0.2057697,3.3424237,0.06911729,0.20345683,3.340836,0.19450223743915557,0.3873357713222504,0.0959284543991088,0.13919271305203437,0.3181905061006546,0.07768750190734863
1789688223.726752,1.0000,traffic cone,0.4824,386,158,313,148,3.1588,3.1597,-0.4675974,0.06415144,3.123325,-0.47051135,0.034027822,3.1242926,0.1787588208913803,0.4345318935811523,0.0890692710876464,0.17605378925800325,0.4252611264586449,0.08831863403320295
1789688223.801722,1.0000,traffic cone,0.7971,177,61,111,58,3.8873,3.8863,1.1424251,0.11421409,3.7138343,1.1481085,0.11431591,3.7110302,0.14239168167114258,0.3653780445456505,0.08929681777954102,0.13966193795204163,0.3655944049358368,0.08432559967041042
1789688223.830779,1.0000,traffic cone,0.7325,201,58,105,37,3.8273,3.8258,-1.0578537,0.113138884,3.6764781,-1.0354234,0.18201452,3.6784787,0.1341525793075562,0.3626141387969255,0.09190982580184937,0.09927065372467048,0.3629554346203804,0.09959511756896999
1789688223.875594,1.0000,traffic cone,0.6119,260,100,145,62,3.3473,3.3473,0.062163822,0.2054981,3.3403597,0.06914738,0.20331706,3.3403597,0.18707313053309915,0.38557016029953955,0.09232009649276707,0.1405583281069994,0.31827916502952575,0.08136599063873318
1789688223.923152,1.0000,traffic cone,0.4808,386,158,314,148,3.1589,3.1607,-0.46916863,0.06403879,3.1232414,-0.4707849,0.033955805,3.1252422,0.17936859279870992,0.4347269997000698,0.08970663547515834,0.17610721439123156,0.42530177533626556,0.09116657972335807
1789688224.066650,1.0000,traffic cone,0.7972,178,61,111,58,3.8868,3.8867,1.1429874,0.11391795,3.7131658,1.1461548,0.11413239,3.7120645,0.1427619457244873,0.36574338376522064,0.08438587188720703,0.13993939161300673,0.3658973578363657,0.08150200843811017
1789688224.106710,1.0000,traffic cone,0.7323,199,58,105,37,3.8260,3.8267,-1.0561093,0.11297506,3.6756408,-1.0355157,0.1817247,3.6793938,0.13275881409645074,0.3625964656472206,0.09748277664184535,0.09696123600006101,0.363571061193943,0.10161390304565421
1789688224.150891,1.0000,traffic cone,0.6108,260,101,146,62,3.3471,3.3471,0.05826133,0.20576778,3.3402925,0.06896043,0.2035195,3.3402061,0.18521293997764587,0.3861475884914398,0.09448766708374023,0.1400203250348568,0.3181054852902889,0.07258224487304688
1789688224.195672,1.0000,traffic cone,0.4788,388,159,313,148,3.1582,3.1598,-0.4687107,0.06412569,3.1226082,-0.4714979,0.0638147,3.1238163,0.17930574119091025,0.48493572771549226,0.09196367263793936,0.17435947060585028,0.4252211570739746,0.08853864669799805
1789688224.327762,1.0000,traffic cone,0.7938,174,61,110,58,3.8872,3.8869,1.1445302,0.11391735,3.713095,1.1479657,0.11429341,3.7117572,0.14514434337615967,0.36551483720541,0.08578872680664062,0.14126877784728986,0.36562020778656007,0.08009555339813268
1789688224.376031,1.0000,traffic cone,0.7281,201,58,104,37,3.8234,3.8224,-1.0569227,0.11239967,3.6727417,-1.0345092,0.18211207,3.6751893,0.13647257685661318,0.36267944648861883,0.08980115652084342,0.09723435640335065,0.36305264681577687,0.09888753890991175
1789688224.417465,1.0000,traffic cone,0.6095,259,98,144,60,3.3496,3.3496,0.058216076,0.20569089,3.3427398,0.06903082,0.20355983,3.3427398,0.18700998760759818,0.38612360283732416,0.08891013860702479,0.13989635333418846,0.3215525709092617,0.06694580316543597
1789688224.446602,1.0000,traffic cone,0.4874,387,158,314,148,3.1593,3.1619,-0.468146,0.06403838,3.1237934,-0.47144082,0.034005374,3.1264043,0.17928634583950043,0.43505382835865053,0.092310678958893,0.17637999355793,0.42542678117752075,0.09032100439071655
1789688224.568973,1.0000,traffic cone,0.7943,176,61,111,58,3.8879,3.8870,1.1432086,0.11399631,3.714226,1.1484649,0.11419135,3.7117379,0.14412713050842285,0.365297794342041,0.08810138702392578,0.1406117498874664,0.36560466475784775,0.08176791667938232
1789688224.611157,1.0000,traffic cone,0.7231,200,58,102,36,3.8260,3.8269,-1.0585811,0.11340004,3.6748912,-1.0326433,0.18204518,3.680481,0.13548258543014535,0.36305668726563456,0.09368079900741577,0.09930548071861267,0.36347587034106255,0.09917056560516357
1789688224.656226,1.0000,traffic cone,0.6078,259,102,144,62,3.3491,3.3485,0.058160614,0.20546292,3.3422546,0.069692984,0.20363991,3.3416066,0.18690423779189583,0.38570140302181244,0.0997085928916932,0.13915024250745772,0.31786761507391925,0.0833927512168886
1789688224.697852,1.0000,traffic cone,0.4908,388,158,314,148,3.1593,3.1604,-0.46762487,0.06412647,3.123845,-0.47097075,0.03393045,3.124938,0.1783886075019836,0.43455506637692487,0.09191242456436166,0.17555695027112966,0.425332236289978,0.08939735889434841
1789688224.828413,1.0000,traffic cone,0.7954,174,62,111,58,3.8895,3.8889,1.1418669,0.11433533,3.7163656,1.1476166,0.11433533,3.7140014,0.14296375513076787,0.3652567800134421,0.09361329078674308,0.1402901351451873,0.3656133465468883,0.08055579662322998
1789688224.869612,1.0000,traffic cone,0.7226,199,59,101,35,3.8264,3.8220,-1.0603315,0.112082735,3.6748586,-1.034203,0.18217464,3.6749363,0.1400220155715941,0.3622277803719044,0.08382129669189453,0.10246143341064451,0.3627787984907627,0.10036358833312997
1789688224.914886,1.0000,traffic cone,0.6074,262,101,148,62,3.3479,3.3480,0.058258846,0.20539342,3.3410358,0.06939468,0.20398019,3.3410232,0.18709337711334229,0.386521115899086,0.0979623794555664,0.14057860635221003,0.3188298806548118,0.07523107528686523
1789688224.959441,1.0000,traffic cone,0.4908,387,158,312,148,3.1590,3.1616,-0.46873698,0.06413783,3.123377,-0.471672,0.034035273,3.126054,0.17837606370449072,0.43479445651173626,0.09237163066863996,0.17517365962266918,0.4253442659974098,0.08723826408386204
1789688225.062748,1.0000,traffic cone,0.7929,175,61,111,58,3.8880,3.8880,1.1421504,0.114079535,3.7147074,1.1495359,0.114280865,3.7124202,0.14252960681915283,0.3654617592692375,0.0848684310913086,0.14088302850723267,0.36557031646370886,0.07889471054077157
1789688225.091352,1.0000,traffic cone,0.7243,200,58,101,36,3.8273,3.8254,-1.0559738,0.11227724,3.6770203,-1.0329962,0.18177253,3.6788445,0.12712745070457465,0.36276734136044975,0.09180529117584202,0.09965762495994568,0.36328019201755524,0.1016547679901123
1789688225.122355,1.0000,traffic cone,0.6017,260,101,145,61,3.3480,3.3480,0.058162604,0.20551893,3.3411574,0.069632374,0.20388731,3.341051,0.18708140403032303,0.3865330368280411,0.09245061874389648,0.1401042938232422,0.32146167755126953,0.07858705520629883
1789688225.163503,1.0000,traffic cone,0.4873,390,159,314,148,3.1590,3.1595,-0.46984488,0.0641537,3.1231785,-0.47107884,0.033921205,3.1240408,0.17810767292976382,0.4845606595277786,0.09327902793884313,0.17449926435947416,0.4251856103539467,0.08782849311828622
1789688225.323332,1.0000,traffic cone,0.7952,175,61,111,58,3.8870,3.8871,1.14497,0.1140784,3.712764,1.1473753,0.11429629,3.7121627,0.14484429359436035,0.3656672388315201,0.08769464492797852,0.14271548986434945,0.3655702907592058,0.08215768337249774
1789688225.366586,1.0000,traffic cone,0.7294,200,58,102,34,3.8264,3.8243,-1.0567211,0.11309974,3.6758351,-1.0318226,0.18216969,3.6779828,0.13494542837142953,0.3627112083137035,0.09656262397766113,0.10067239999771105,0.36323452889919283,0.10010328292846671
1789688225.414981,1.0000,traffic cone,0.6052,262,101,146,62,3.3500,3.3488,0.05919117,0.20567545,3.3431473,0.06940623,0.20385426,3.3419075,0.1871308758854866,0.3861745446920395,0.09502696990966797,0.13956709243357182,0.3183341458439827,0.07979220151901245
1789688225.462452,1.0000,traffic cone,0.4909,385,158,310,148,3.1598,3.1605,-0.4693889,0.0642125,3.1241152,-0.47043765,0.034008168,3.1250563,0.1783688366413117,0.43468207567930256,0.08662061691284206,0.1748493060469628,0.4252837494015694,0.0865663409233095
1789688225.569959,1.0000,traffic cone,0.7946,176,60,110,57,3.8873,3.8865,1.1448948,0.1136425,3.713112,1.1467001,0.114152506,3.7117677,0.13814352750778203,0.3653632666915655,0.08313798904418945,0.13374755382537828,0.36527890563011167,0.08260354995727548
1789688225.610392,1.0000,traffic cone,0.7290,200,59,104,37,3.8283,3.8271,-1.0575625,0.11254148,3.6775832,-1.0334564,0.18190847,3.6804814,0.13318363428115843,0.3625360012054444,0.09422430992126474,0.09901894330978389,0.36317401230335233,0.0999994754791258
1789688225.654686,1.0000,traffic cone,0.6048,262,100,147,61,3.3496,3.3493,0.057851154,0.20598379,3.3427343,0.06927285,0.20346273,3.342406,0.1862468339502811,0.38615119382739066,0.09145665168762207,0.13834720104932785,0.32173952460289,0.07068729400634766
1789688225.694978,1.0000,traffic cone,0.4904,387,159,314,148,3.1585,3.1609,-0.4692895,0.06411578,3.1228168,-0.47143862,0.033939004,3.1253567,0.17954925596714016,0.4849181205034256,0.08830082416534424,0.1751014038920402,0.4252246916294098,0.08557629585266113
1789688225.823842,1.0000,traffic cone,0.7944,174,60,110,57,3.8872,3.8852,1.1456056,0.113986224,3.7127957,1.1466758,0.11435181,3.710341,0.1439846158027649,0.3653486795723438,0.08305351734161404,0.13849799633026127,0.36542080193758014,0.07929191589355433
1789688225.869070,1.0000,traffic cone,0.7272,200,59,102,35,3.8272,3.8241,-1.057107,0.11232829,3.6765676,-1.0317825,0.18232238,3.6777763,0.13817501068115234,0.362811529636383,0.0917564868927001,0.10125409364700311,0.36344934776425364,0.09911024570465088
1789688225.899572,1.0000,traffic cone,0.6030,261,100,145,61,3.3500,3.3501,0.058003895,0.20617463,3.3431723,0.06945702,0.20387676,3.3431594,0.1870980583131313,0.38664731234312055,0.09342665672302264,0.13917281478643417,0.3218016177415848,0.07260704040527344
1789688225.942651,1.0000,traffic cone,0.4874,388,158,313,148,3.1613,3.1619,-0.46878007,0.06408923,3.1257336,-0.47096494,0.033993952,3.1264825,0.1791290313005448,0.43447138220071824,0.09013389348983791,0.1757755100727082,0.42520748972892763,0.08995038270950317
1789688226.090317,1.0000,traffic cone,0.7962,175,61,111,58,3.8884,3.8861,1.1455934,0.11417176,3.7140884,1.1473837,0.114433214,3.7111013,0.14579355716705322,0.3655356094241142,0.08833503723144531,0.1438990831375122,0.36569477804005146,0.07994167804718044
1789688226.120100,1.0000,traffic cone,0.7251,200,59,100,35,3.8260,3.8252,-1.0576648,0.11219545,3.6751719,-1.0321453,0.18224876,3.6788573,0.13465325832366948,0.3627651482820511,0.09531111717224139,0.10048817396163945,0.36335146203637125,0.10198895931243923
1789688226.163428,1.0000,traffic cone,0.6067,259,101,144,62,3.3491,3.3492,0.058256734,0.20557423,3.3423107,0.06951918,0.20341983,3.3423061,0.18671338260173798,0.3858567625284195,0.09740638732910156,0.13897733353078365,0.31869195997714994,0.07506455183029148
1789688226.208435,1.0000,traffic cone,0.4900,387,159,303,140,3.1600,3.1603,-0.46932656,0.064049825,3.1242826,-0.4643662,0.03387905,3.1258044,0.17910265922546387,0.48467782139778137,0.0950765609741211,0.16528166532516475,0.4253058314323425,0.09122408628463763
1789688226.309510,1.0000,traffic cone,0.7963,175,61,111,58,3.8862,3.8867,1.1422766,0.11450331,3.7127779,1.1470907,0.11451195,3.7117577,0.14245378971099854,0.36585330963134766,0.08753490447998047,0.14130762219429016,0.36591500341892247,0.08416047096252477
1789688226.338569,1.0000,traffic cone,0.7264,200,58,102,35,3.8243,3.8240,-1.057905,0.11340332,3.6733372,-1.0338868,0.18218414,3.6770256,0.13251702189445502,0.3629291597753763,0.08980633020400974,0.10090205669403063,0.3634501524269581,0.09812626838684091
1789688226.368240,1.0000,traffic cone,0.6036,260,99,146,61,3.3498,3.3499,0.05766128,0.20580341,3.342972,0.06891427,0.20338418,3.3429997,0.18599621653556817,0.3863084614276886,0.08781869411468524,0.13970274478197098,0.32183802127838135,0.07184457778930664
1789688226.416726,1.0000,traffic cone,0.4917,388,158,308,144,3.1591,3.1606,-0.46762532,0.06417926,3.1236403,-0.46762532,0.03399664,3.1255813,0.17889886498451235,0.43491507396101986,0.09017449617385864,0.17168157249689098,0.4252646446228027,0.08631069660186785
1789688226.586293,1.0000,traffic cone,0.7967,176,61,111,58,3.8868,3.8865,1.142622,0.114182994,3.7132883,1.1482105,0.11434932,3.711289,0.14123988151550293,0.3650110438466072,0.08520984649658203,0.13819641470909128,0.36515810117125513,0.07993671894073451
1789688226.626831,1.0000,traffic cone,0.7305,200,58,103,35,3.8276,3.8258,-1.058313,0.11299953,3.676663,-1.0345083,0.18226458,3.6787734,0.1344613194465638,0.36297367773950096,0.09182486534118661,0.10051088333129876,0.3635659463703632,0.09719328880310041
1789688226.671297,1.0000,traffic cone,0.6051,248,101,146,63,3.3496,3.3495,0.066872,0.20535655,3.3426085,0.06971879,0.20364006,3.3426085,0.18750420957803726,0.3860625922679901,0.0954141616821289,0.14025517478585245,0.31552404910326004,0.08098273277282697
1789688226.716098,1.0000,traffic cone,0.4938,387,159,304,142,3.1588,3.1613,-0.46762282,0.06414235,3.12333,-0.46524665,0.034047283,3.12668,0.1802548468112945,0.43215555697679486,0.08723139762878418,0.16821429729461662,0.42544514685869217,0.08387069702148464
