timestamp,extrinsic_yaw_error_deg,class,confidence,bbox_raw_points,bbox_filtered_points,mask_raw_points,mask_filtered_points,bbox_distance_m,mask_distance_m,bbox_centroid_x,bbox_centroid_y,bbox_centroid_z,mask_centroid_x,mask_centroid_y,mask_centroid_z,bbox_extent_x,bbox_extent_y,bbox_extent_z,mask_extent_x,mask_extent_y,mask_extent_z
1789688244.164247,3.0000,traffic cone,0.8223,159,33,81,7,3.8883,3.8776,1.0362396,0.11355317,3.7459478,1.0661546,0.25740194,3.7192073,0.08433070182800284,0.36507868319749837,0.07750396728515607,0.070569920539856,0.05270799994468689,0.04838719367980948
1789688244.205906,3.0000,traffic cone,0.7160,216,42,104,17,3.1563,4.7445,-0.700441,0.064486876,3.076898,-1.2284192,0.35335532,4.5690284,0.05761874914169307,0.36379008255898954,0.06783374547958365,0.2210479974746704,0.0009017705917357954,0.0594487190246582
1789688244.267123,3.0000,traffic cone,0.6811,239,42,139,10,3.3562,3.3663,-0.01407579,0.23963651,3.3476439,0.0038984045,0.26887786,3.3555171,0.11399771533906455,0.3235598087310791,0.09319059848785383,0.05791855733841657,0.10194715410470964,0.07762646675109863
1789688244.305723,3.0000,traffic cone,0.4939,393,66,300,50,3.1638,3.1663,-0.5332701,0.0646959,3.1178935,-0.5303422,0.064608514,3.1208577,0.07269027829170227,0.5325125493109226,0.08971071243286133,0.059976065158844016,0.42622753977775574,0.07921345233917254
1789688244.349319,3.0000,traffic cone,0.2117,254,115,200,97,3.3890,3.3893,1.2976116,0.07569727,3.129808,1.2991121,0.012662247,3.1303635,0.1375186920166016,0.4459440320730209,0.09214415550231969,0.12616286277770983,0.44527927339076995,0.08336477279663113
1789688244.405413,3.0000,traffic cone,0.1743,72,52,255,52,3.1620,3.1597,-0.6313082,0.034081593,3.0981205,-0.69818807,0.06437816,3.080958,0.12399868369102474,0.1824563577771187,0.045739555358887074,0.0637956053018569,0.4253375083208084,0.07345819473266602
1789688244.454154,3.0000,traffic cone,0.8212,159,33,82,8,3.8831,3.8847,1.0364894,0.11339496,3.7405076,1.0667361,0.2570567,3.7265415,0.08436245918273944,0.3651989445090294,0.07732391357421875,0.06859903931617728,0.0744223400950432,0.04635417461395264
1789688244.496488,3.0000,traffic cone,0.7163,217,43,105,16,3.1542,4.7498,-0.70046777,0.06443304,3.0747764,-1.2355875,0.35356918,4.5725927,0.059836906194686845,0.3638752602040768,0.06795978546142578,0.20861589908599854,0.0009771734476089478,0.053508639335632324
1789688244.545554,3.0000,traffic cone,0.6851,235,44,141,11,3.3547,3.3687,-0.014311355,0.2099663,3.3481288,0.007817909,0.2689622,3.3579116,0.11477108262479307,0.32338711246848106,0.0950574159622195,0.05670933797955513,0.12927046418190002,0.08206629753112793
1789688244.592461,3.0000,traffic cone,0.4890,390,67,296,50,3.1616,3.1659,-0.53465533,0.06457177,3.1153996,-0.531029,0.06450978,3.1203682,0.07596207261085508,0.5293709233403205,0.08948428630828831,0.06142590939998621,0.4261037468910217,0.0783579230308531
1789688244.637158,3.0000,traffic cone,0.2143,253,115,197,97,3.3882,3.3902,1.2956871,0.075785115,3.1297107,1.3012534,0.012583211,3.1304698,0.13749809265136737,0.4460013657808304,0.09258396625518817,0.12635736465454084,0.4454338401556015,0.08257665634155309
1789688244.683175,3.0000,traffic cone,0.1726,70,52,254,53,3.1627,3.1583,-0.6317829,0.034073763,3.098814,-0.69815964,0.06430265,3.0795012,0.12331297099590299,0.18238049037754536,0.05085190534591666,0.06582832336425781,0.4252366602420807,0.07393407821655273
1789688244.729650,3.0000,truck,0.1512,606,59,135,25,3.3598,3.3584,-0.071411386,0.14084344,3.3560708,-0.0969284,0.07798047,3.3560708,0.13873036503791802,0.2585997834801674,0.06962683200836173,0.059642666578292855,0.2554377555847168,0.056487321853637695
1789688244.784916,3.0000,traffic cone,0.8214,157,33,81,7,3.8847,3.8773,1.0348319,0.11365479,3.742562,1.0641025,0.2572197,3.7195685,0.08295917510986328,0.3651693776249885,0.07637100219726589,0.06928131580352792,0.05219160616397861,0.04372625350952131
1789688244.831093,3.0000,traffic cone,0.7147,214,42,104,17,3.1548,4.7473,-0.70044005,0.064411424,3.075414,-1.2292736,0.3535404,4.571779,0.06039477288722994,0.3640029083937406,0.07081601619720468,0.22224564552307124,0.0010734081268310436,0.059832286834716086
1789688244.885091,3.0000,traffic cone,0.6824,236,42,143,10,3.3552,3.3658,-0.014634833,0.23924394,3.3465886,0.00305273,0.26861745,3.3550768,0.11403195969760413,0.32351811826229093,0.09453922510147095,0.05769074410200118,0.10241388678550722,0.07653163671493557
1789688244.943771,3.0000,traffic cone,0.4882,396,66,306,51,3.1649,3.1652,-0.53362703,0.06471655,3.1189194,-0.53092337,0.06457578,3.1196744,0.07320526242256165,0.5325777716934681,0.08676069974899292,0.0621303915977478,0.4571293517947197,0.07687461376190186
1789688244.996694,3.0000,traffic cone,0.2149,256,115,198,97,3.3876,3.3887,1.296436,0.07577786,3.128843,1.3002268,0.012705356,3.1292555,0.13852182626724252,0.4457641333341599,0.09459974765777623,0.12811679840087886,0.44509283900260926,0.08070702552795428
1789688245.044258,3.0000,traffic cone,0.1753,68,52,254,52,3.1616,3.1590,-0.6327555,0.034104735,3.0974426,-0.6985978,0.06425664,3.080099,0.12212347686290748,0.18247071877121926,0.04842253923416129,0.06455386579036715,0.42559514492750167,0.07203121185302752
1789688245.114191,3.0000,traffic cone,0.8228,163,36,83,8,3.8835,3.8810,1.0322194,0.11439903,3.742036,1.0682136,0.25704467,3.7222488,0.0892992615699768,0.3645649515092373,0.07583129405975342,0.06798341870307922,0.07366068065166473,0.04463891983032253
1789688245.144538,3.0000,traffic cone,0.7149,217,42,104,17,3.1548,4.7497,-0.7004095,0.064412005,3.0753784,-1.2299747,0.3534138,4.57407,0.0585457980632782,0.3638643611222505,0.06414430141449001,0.22194232940673841,0.0010074615478515292,0.05804920196533203
1789688245.177355,3.0000,traffic cone,0.6820,238,42,145,10,3.3567,3.3622,-0.014498789,0.24006267,3.3480663,0.0032586753,0.26942122,3.3514078,0.11510957032442087,0.32356711104512215,0.08646943569183341,0.05778159536421298,0.10178098678588868,0.07847396135330165
1789688245.218019,3.0000,traffic cone,0.4880,394,67,304,52,3.1630,3.1657,-0.534627,0.064694926,3.116854,-0.53017795,0.03435026,3.1208382,0.07201170921325689,0.5293374985456467,0.08986737728118888,0.06024608314037322,0.4539559632539749,0.0844875931739808
1789688245.266763,3.0000,traffic cone,0.2151,254,115,201,99,3.3881,3.3892,1.2967508,0.07581222,3.1291835,1.2981169,0.0127480775,3.1306932,0.1363189578056334,0.4457767277956009,0.09600875377655038,0.1275097250938415,0.4453769356012344,0.08219435214996329
1789688245.314292,3.0000,traffic cone,0.1747,71,52,255,52,3.1632,3.1589,-0.6319666,0.034040213,3.0992446,-0.69879174,0.064317815,3.0800161,0.12394232451915743,0.18251430839300156,0.049166893959045055,0.06333203017711642,0.42537017464637755,0.07368850708007812
1789688245.362922,3.0000,truck,0.1520,605,56,269,35,3.3602,3.3537,-0.07068578,0.14077765,3.3565466,-0.036297463,0.14419577,3.3504014,0.13160306587815285,0.25829923525452614,0.06501138210296631,0.07954591624438763,0.32201735228300093,0.07658538818359384
1789688245.418893,3.0000,traffic cone,0.8216,155,33,82,7,3.8850,3.8775,1.0358406,0.113818854,3.7426732,1.0639851,0.25736368,3.7197511,0.08128235340118395,0.3650769397616387,0.0771238327026369,0.0706250309944152,0.052724137902259854,0.04665260314941433
1789688245.462831,3.0000,traffic cone,0.7180,216,43,103,16,3.1536,4.7497,-0.7014653,0.06453766,3.0738885,-1.2360196,0.3534126,4.5724144,0.05733970999717708,0.36366083174943925,0.06640722751617423,0.2079828381538391,0.0009435415267944336,0.05626392364501953
1789688245.527449,3.0000,traffic cone,0.6789,237,42,146,10,3.3555,3.3676,-0.014350928,0.23961902,3.3469362,0.0027005896,0.2686367,3.3568869,0.11477295309305185,0.32317541614174844,0.08818351030349714,0.05769645944237708,0.102028626203537,0.07367805242538461
1789688245.577646,3.0000,traffic cone,0.4892,393,68,301,53,3.1620,3.1672,-0.5321264,0.064708754,3.1162405,-0.53052104,0.064558774,3.1218321,0.07491093277931216,0.526331527531147,0.08742796182632429,0.06379129886627194,0.4508029639720917,0.08222994804382289
1789688245.624834,3.0000,traffic cone,0.2086,256,115,200,97,3.3875,3.3891,1.2962803,0.07594362,3.128798,1.3003373,0.012652814,3.1297426,0.13828144073486337,0.4458308219909668,0.09421689510345432,0.12756304740905744,0.44526827037334443,0.07870721817016602
1789688245.671187,3.0000,traffic cone,0.1746,69,52,255,53,3.1629,3.1595,-0.63114524,0.034009077,3.0990748,-0.69787186,0.064208016,3.0808332,0.1246952027082443,0.18235993906855585,0.05079362392425546,0.06569597721099851,0.42525329887866975,0.07563900947570801
1789688245.725789,3.0000,traffic cone,0.8168,159,36,82,7,3.8821,3.8762,1.0296936,0.114429295,3.7413409,1.065085,0.25749308,3.718131,0.0935971587896347,0.3099613022059202,0.07381069660186768,0.06895589828491211,0.05252035707235336,0.0426549434661867
1789688245.769552,3.0000,traffic cone,0.7216,218,43,106,16,3.1515,4.7474,-0.70086,0.0645493,3.0719304,-1.2344348,0.35345486,4.5704145,0.06029865741729745,0.36389792859554293,0.07020325660705584,0.20673868060112,0.0009553283452987671,0.0575098991394043
1789688245.821587,3.0000,traffic cone,0.6686,237,43,146,11,3.3572,3.3726,-0.014076926,0.21221842,3.3504932,0.0081042275,0.26842952,3.3618548,0.11485383138060568,0.3236395537853241,0.09277174472808847,0.05660868063569069,0.12932060658931732,0.09005403518676758
1789688245.869274,3.0000,traffic cone,0.4867,393,68,299,52,3.1612,3.1649,-0.5332488,0.064713836,3.1152306,-0.52997303,0.0645244,3.1195614,0.07805205881595606,0.526319046318531,0.09188164472579974,0.0645903348922729,0.45404366701841353,0.08058303594589233
1789688245.904834,3.0000,traffic cone,0.1977,254,115,200,99,3.3870,3.3878,1.2969673,0.07573192,3.1279182,1.3001813,0.012661681,3.1282969,0.13545185327529907,0.44587287306785583,0.09217741489410392,0.12706071138381958,0.4452114164829254,0.08105170726776123
1789688245.948797,3.0000,traffic cone,0.1696,70,52,255,53,3.1632,3.1611,-0.6311294,0.034150124,3.0993667,-0.69792795,0.06442961,3.0824537,0.12484485208988183,0.1824942946434021,0.051579487323761164,0.06697293519973757,0.42542630434036255,0.07732682228088406
1789688246.003032,3.0000,traffic cone,0.8175,158,33,84,8,3.8833,3.8845,1.0325006,0.11475766,3.7417753,1.0685446,0.25703105,3.725739,0.0868905782699585,0.3215179830789566,0.07202224731445295,0.0675078570842742,0.07376680374145506,0.04415547847747803
1789688246.045649,3.0000,traffic cone,0.7219,213,41,104,17,3.1532,4.7502,-0.7013763,0.064428374,3.0735,-1.2293205,0.35321066,4.5747876,0.05728721618652344,0.3639513626694679,0.06520438194274902,0.22206611633300777,0.001090574264526356,0.05931034088134712
1789688246.096206,3.0000,traffic cone,0.6676,237,44,144,10,3.3569,3.3663,-0.015260588,0.23982818,3.3482463,0.008595951,0.2687661,3.3555517,0.11670273877680302,0.32348208129405975,0.09498035907745361,0.05765140429139136,0.1008381113409996,0.08726840019226056
1789688246.142080,3.0000,traffic cone,0.4829,395,66,301,50,3.1630,3.1652,-0.53529394,0.064607464,3.1166775,-0.5306685,0.064526394,3.1197548,0.07235085964202881,0.5325078442692757,0.08815771341323853,0.0627005606889725,0.4260383456945419,0.07636885643005353
1789688246.186642,3.0000,traffic cone,0.1975,254,115,200,99,3.3887,3.3898,1.2966425,0.07584268,3.1298933,1.299368,0.0126583725,3.1309035,0.13607815504074106,0.4459079146385193,0.09408655166625968,0.12659362554550158,0.44541863203048704,0.07987134456634548
1789688246.231450,3.0000,traffic cone,0.1673,69,52,251,51,3.1630,3.1603,-0.6323156,0.034108184,3.0989976,-0.6972977,0.064226866,3.0817373,0.1233965635299682,0.18245819583535194,0.04860222339630127,0.0634506344795227,0.4255286008119583,0.07347774505615234
1789688246.301924,3.0000,traffic cone,0.8165,157,32,84,8,3.8862,3.8821,1.0354567,0.11446133,3.743916,1.0685134,0.25655234,3.7232888,0.08283959031105037,0.3249071050435305,0.07580435276031494,0.06848886013030997,0.07341662645339969,0.047347736358642756
1789688246.333865,3.0000,traffic cone,0.7215,217,42,105,17,3.1545,4.7522,-0.6999051,0.06445872,3.0752099,-1.2296603,0.35334533,4.576761,0.05934287011623374,0.3638572219759226,0.0676402091979984,0.22068946361541752,0.0012630343437194935,0.0634253501892088
1789688246.376965,3.0000,traffic cone,0.6578,237,42,144,10,3.3559,3.3689,-0.014069885,0.24002516,3.3472927,0.0040684864,0.26862347,3.3581576,0.11511364020407194,0.3232668474316597,0.08687205314636248,0.05768646225333213,0.10290611684322357,0.08287060260772705
1789688246.422181,3.0000,traffic cone,0.4806,391,67,298,51,3.1626,3.1694,-0.5350406,0.06477246,3.1162944,-0.5309786,0.06450449,3.1238995,0.0744670808315277,0.529389463365078,0.08949222564697301,0.06083327531814575,0.45688242465257645,0.08181452751159668
1789688246.466865,3.0000,traffic cone,0.1964,253,116,198,99,3.3872,3.3895,1.2970753,0.075810805,3.1281278,1.3014208,0.012705922,3.1296382,0.13902759552001953,0.4458818659186363,0.09320127964019775,0.12997790575027457,0.4455626517534256,0.08313174247741673
1789688246.511458,3.0000,traffic cone,0.1683,69,52,256,52,3.1625,3.1605,-0.63209814,0.034156248,3.0984833,-0.6974058,0.06429919,3.0819619,0.12502750456333156,0.182400244474411,0.04794940948486337,0.06454137563705442,0.42547824382781985,0.07371068000793457
1789688246.580838,3.0000,traffic cone,0.8123,162,35,83,8,3.8828,3.8816,1.0348322,0.11346157,3.7405913,1.0666863,0.25689292,3.7232687,0.08680949807167049,0.3646613173186779,0.0778324127197263,0.06683503389358503,0.07398037314414976,0.04064619541168213
1789688246.611398,3.0000,traffic cone,0.7241,217,43,103,16,3.1530,4.7467,-0.7000156,0.06458685,3.0735953,-1.2322934,0.3533462,4.570277,0.057955843210220404,0.36390453130006795,0.06732649803161639,0.2071700394153595,0.0007179379463195801,0.0571589469909668
1789688246.644665,3.0000,traffic cone,0.6499,236,43,147,11,3.3540,3.3725,-0.014987081,0.21207641,3.3472173,0.006876938,0.26875377,3.3617864,0.1146687015891075,0.32310892939567565,0.09261591434478733,0.05666195601224899,0.1297091841697693,0.08177435398101807
1789688246.693478,3.0000,traffic cone,0.4800,390,67,299,53,3.1623,3.1662,-0.5333462,0.064689666,3.1163101,-0.53153133,0.06467529,3.1206183,0.07577269077301024,0.5292550563812255,0.08836414813995352,0.06612714529037478,0.45103976130485535,0.07884030342102077
1789688246.742996,3.0000,traffic cone,0.1926,254,115,201,99,3.3868,3.3869,1.2967244,0.07559405,3.1278405,1.2978666,0.0127361715,3.1283233,0.1376834511756897,0.44599640667438506,0.09464108943939209,0.126627731323242,0.44548926651477816,0.07883908748626745
1789688246.792814,3.0000,traffic cone,0.1677,70,52,256,53,3.1615,3.1592,-0.6317766,0.034093976,3.0975718,-0.697858,0.064339146,3.080459,0.12401972115039817,0.1823026306927204,0.05399653911590585,0.06558861732482912,0.4254878431558609,0.07351641654968244
1789688246.865793,3.0000,traffic cone,0.8106,160,33,83,8,3.8852,3.8827,1.034738,0.113297164,3.7431793,1.0677588,0.2569935,3.7241678,0.08204388618469238,0.36496926546096803,0.0758307456970213,0.06896357536315922,0.07351057678461073,0.04712734222412074
1789688246.900444,3.0000,traffic cone,0.7234,217,42,103,17,3.1549,4.7483,-0.7007792,0.06453787,3.0754375,-1.229257,0.35353127,4.572802,0.05799352228641508,0.3640471547842026,0.06767023801803607,0.22171759605407715,0.0011577606201171875,0.05924539566040021
1789688246.944145,3.0000,traffic cone,0.6490,237,43,147,11,3.3557,3.3759,-0.014401346,0.211939,3.3489914,0.00804504,0.2679246,3.365269,0.11525464653968809,0.32342217415571217,0.08707461357116664,0.05652488023042679,0.129091277718544,0.09078454971313477
1789688246.990661,3.0000,traffic cone,0.4811,390,67,312,60,3.1642,3.1681,-0.53292906,0.06469719,3.118329,-0.53534883,0.06452006,3.1218688,0.07672496438026427,0.529729063808918,0.08714580535888672,0.07071690857410429,0.42906104400753975,0.08165874481201163
1789688247.036586,3.0000,traffic cone,0.1985,255,116,199,98,3.3874,3.3883,1.2978702,0.044304013,3.1286058,1.3007734,0.012717411,3.1286058,0.1388128101825714,0.4459761381149292,0.09207630157470703,0.1293248057365417,0.44536721557378767,0.07886440753936785
1789688247.082379,3.0000,traffic cone,0.1646,71,52,254,52,3.1636,3.1602,-0.63157344,0.034146994,3.0997496,-0.6982734,0.06440807,3.0814438,0.12351796329021458,0.18254812620580196,0.04862960577011144,0.06394109427928918,0.42568726241588595,0.07334530353546143
1789688247.152525,3.0000,traffic cone,0.8099,160,33,86,9,3.8837,3.8781,1.0313414,0.11511612,3.7425272,1.0674961,0.2568754,3.7194169,0.08609716892242436,0.32133734524250035,0.07025966644287074,0.07857410907745366,0.07395702600479123,0.043474960327148704
1789688247.202039,3.0000,traffic cone,0.7250,216,42,103,17,3.1539,4.7461,-0.7001053,0.06441931,3.0745645,-1.2287524,0.35337076,4.5706177,0.0549452990293503,0.3636618360877037,0.0720324635505678,0.22220666408538814,0.001097261905670166,0.05754919052124041
1789688247.251024,3.0000,traffic cone,0.6465,237,43,145,11,3.3542,3.3722,-0.014610916,0.21374315,3.3473694,0.007713996,0.2684575,3.3614964,0.11484733223915099,0.3233084693551064,0.09342687129974392,0.0577422920614481,0.12909767031669617,0.09563922882080078
1789688247.299574,3.0000,traffic cone,0.4773,394,68,313,61,3.1610,3.1692,-0.53214955,0.0645864,3.1151896,-0.5346081,0.064484596,3.1230776,0.07435636222362518,0.5263580955564976,0.08721339702606201,0.07042723894119263,0.42608439922332764,0.08059430122375488
1789688247.344942,3.0000,traffic cone,0.1935,251,115,197,98,3.3875,3.3891,1.2959524,0.012741417,3.1297615,1.3001046,0.012680523,3.129803,0.13695147037506095,0.44593401849269865,0.09149477481842005,0.12609876990318303,0.4452351287007332,0.08246691226959246
1789688247.376379,3.0000,traffic cone,0.1625,71,52,254,52,3.1631,3.1590,-0.6307502,0.034183525,3.0994022,-0.6973505,0.06430931,3.0804162,0.12502873837947848,0.18230999074876308,0.04960352182388306,0.06331915259361276,0.4252433702349663,0.07570270299911508
1789688247.436606,3.0000,traffic cone,0.8104,159,33,83,8,3.8864,3.8863,1.0358764,0.113625616,3.7440586,1.0699407,0.2566545,3.727262,0.08370780944824219,0.36534079909324646,0.07719955444335946,0.06893182992935176,0.0738848492503166,0.04839558601379368
1789688247.477546,3.0000,traffic cone,0.7255,218,44,104,16,3.1554,4.7501,-0.7005485,0.06437588,3.0760248,-1.2352985,0.35340774,4.5730124,0.05878923833370209,0.3637495648115873,0.06625041961669931,0.20653876662254333,0.0008529871702194214,0.06025874614715576
1789688247.522217,3.0000,traffic cone,0.6432,237,42,145,10,3.3568,3.3639,-0.014691435,0.24032283,3.3481998,0.0028929785,0.26886418,3.35309,0.11412031091749662,0.3236468069255352,0.08650839328765869,0.05852583162486552,0.10157104283571242,0.0801347255706788
1789688247.569119,3.0000,traffic cone,0.4790,390,67,302,52,3.1594,3.1665,-0.53314114,0.06480421,3.1134377,-0.5306231,0.06448868,3.121071,0.07641884684562683,0.5293183863162993,0.0905045509338378,0.06450953185558311,0.4541204273700714,0.08068213462829554
1789688247.614451,3.0000,traffic cone,0.1980,253,114,196,96,3.3870,3.3883,1.2962251,0.04427942,3.1288877,1.2997835,0.0126509,3.1290693,0.13579274415969866,0.44593011885881423,0.09155704975128165,0.12721768021583557,0.445100761950016,0.07692992687225342
1789688247.660809,3.0000,traffic cone,0.1618,70,52,255,54,3.1641,3.1595,-0.63189185,0.03410177,3.1002192,-0.69881797,0.064297505,3.0805817,0.1254376888275146,0.18245145715773103,0.04619002342224121,0.06581703424453744,0.42526423931121826,0.07233035564422607
1789688247.733172,3.0000,traffic cone,0.8088,154,32,83,7,3.8851,3.8781,1.0352681,0.11433746,3.7429008,1.0648535,0.2570858,3.7201421,0.08290397822856921,0.325093163177371,0.07374086380004874,0.06810147762298602,0.05177433192729952,0.0418959617614747
1789688247.769644,3.0000,traffic cone,0.7243,216,43,106,16,3.1526,4.7509,-0.69967,0.064518854,3.0733483,-1.2357242,0.3532819,4.5737834,0.060382109880447454,0.36398604661226275,0.06974601745605469,0.2092176079750061,0.0010847300291061401,0.05098617076873779
1789688247.813215,3.0000,traffic cone,0.6396,236,42,146,10,3.3575,3.3672,-0.014048804,0.23959598,3.3489404,0.003551025,0.26908654,3.3564243,0.11459311991930002,0.3235319390892982,0.09112260341644296,0.057684310898184765,0.10250158011913299,0.07859023809432975
1789688247.858973,3.0000,traffic cone,0.4825,392,66,302,51,3.1614,3.1665,-0.5340089,0.06462456,3.1152797,-0.5317938,0.064352304,3.1208904,0.07327981293201447,0.532969992607832,0.08611249923706055,0.06141582131385803,0.4572516456246376,0.07914543151855469
1789688247.905369,3.0000,traffic cone,0.1936,253,115,200,99,3.3882,3.3897,1.2978643,0.07577026,3.1288178,1.3005104,0.012779877,3.1302893,0.13947626352310194,0.4458984941244125,0.0945504903793335,0.12904573678970332,0.44539475440979004,0.08563902378082267
1789688247.950834,3.0000,traffic cone,0.1600,71,52,255,53,3.1625,3.1591,-0.63263226,0.034081645,3.098381,-0.6985184,0.064371035,3.0802026,0.12390909790992732,0.18230327516794206,0.05012934207916242,0.06536781787872314,0.425588047504425,0.0757087230682374
1789688248.022018,3.0000,traffic cone,0.8075,159,33,84,8,3.8874,3.8830,1.0354314,0.11385059,3.7452393,1.0679517,0.2568769,3.724412,0.08105821609497066,0.36504878252744677,0.07485818862915039,0.06813298463821416,0.07382726222276687,0.04278581142425519
1789688248.068543,3.0000,traffic cone,0.7292,219,42,106,17,3.1558,4.7510,-0.7005649,0.06459777,3.076387,-1.231435,0.35339934,4.575043,0.0581498980522156,0.36394913420081143,0.06755806207656878,0.22215225696563734,0.0007802128791808971,0.061402320861816406
1789688248.097662,3.0000,traffic cone,0.6428,237,43,148,11,3.3546,3.3731,-0.014165513,0.21210942,3.3478127,0.008334957,0.268494,3.362417,0.11444392576813697,0.3231846556067467,0.0955435037612915,0.056581247597932816,0.12896008789539337,0.09097874164581299
1789688248.128423,3.0000,traffic cone,0.4840,393,68,304,52,3.1626,3.1667,-0.5334928,0.06471799,3.1165648,-0.53151196,0.06459831,3.1211572,0.07662015259265903,0.5265510678291321,0.090089964866638,0.06342957317829129,0.4539155170321464,0.07871726751327524
1789688248.175408,3.0000,traffic cone,0.1940,256,115,201,98,3.3868,3.3887,1.2966828,0.07581195,3.1278539,1.3005058,0.012634605,3.1291347,0.13803902864456186,0.445756596326828,0.09505062103271467,0.12931655049324053,0.44552645832300186,0.08417776823043832
1789688248.219946,3.0000,traffic cone,0.1607,70,52,255,52,3.1626,3.1623,-0.63051236,0.03405662,3.0989032,-0.69666135,0.06441619,3.0839243,0.12695421278476715,0.18249078206717967,0.05063215494155893,0.06639211177825932,0.42555390745401384,0.07550572156906155
1789688248.289873,3.0000,traffic cone,0.8084,159,33,84,8,3.8835,3.8824,1.0361739,0.11357397,3.7409575,1.0675519,0.257109,3.7238777,0.08063306808471671,0.364999121427536,0.07951192855834943,0.06722962260246268,0.07338227778673173,0.04100146293640128
1789688248.322921,3.0000,traffic cone,0.7229,215,44,103,16,3.1547,4.7482,-0.7000445,0.06444792,3.075329,-1.2336049,0.35340473,4.571547,0.061260986328125044,0.36389286406338217,0.06695432662963885,0.20726710557937622,0.0006530880928039551,0.05800914764404297
1789688248.366312,3.0000,traffic cone,0.6343,237,43,147,11,3.3543,3.3769,-0.014275894,0.21144587,3.3475997,0.007875629,0.2688209,3.3661323,0.11488826796412467,0.32326458543539044,0.09089965820312518,0.05664212256669998,0.12958581745624542,0.08263003826141357
1789688248.411011,3.0000,traffic cone,0.4825,391,66,304,53,3.1626,3.1675,-0.53462136,0.06470957,3.1163888,-0.5314741,0.06457472,3.1219203,0.07248453795909882,0.5327767841517925,0.08577191829681396,0.06492033004760744,0.4261526525020599,0.07847681045532218
1789688248.455727,3.0000,traffic cone,0.1838,253,115,199,98,3.3887,3.3897,1.2980438,0.07569939,3.1292803,1.3016121,0.012788139,3.129798,0.13860852718353267,0.44593664109706876,0.09318740367889422,0.13003574013710018,0.4454851716756821,0.08271831274032593
1789688248.500659,3.0000,traffic cone,0.1571,70,52,253,54,3.1637,3.1583,-0.63224363,0.034171857,3.0996888,-0.69905955,0.06428502,3.0793028,0.1222633987665176,0.18240202665328978,0.046569693088531317,0.06528466641902919,0.4253842726349831,0.07244391441345233
1789688248.568358,3.0000,traffic cone,0.8073,162,34,86,8,3.8818,3.8846,1.0313308,0.14958748,3.7393463,1.0694784,0.2569378,3.7256336,0.0914609432220459,0.31765647009015086,0.07389640808105469,0.06845059394836439,0.0739985778927803,0.04402124881744385
1789688248.601714,3.0000,traffic cone,0.7257,214,43,103,16,3.1538,4.7507,-0.6998498,0.064593405,3.0745318,-1.2354465,0.35341138,4.57364,0.0593638479709625,0.36398772746324537,0.06570036411285418,0.2065027952194214,0.0009603053331375122,0.0607985258102417
1789688248.645845,3.0000,traffic cone,0.6295,239,43,144,10,3.3578,3.3638,-0.01436577,0.26750508,3.3471289,0.0037805066,0.26889202,3.3529985,0.11702737659215925,0.3234037160873413,0.09123451709747288,0.05787984784692525,0.10230342745780946,0.08525333404541025
1789688248.691926,3.0000,traffic cone,0.4883,392,67,302,52,3.1609,3.1682,-0.53265285,0.06462513,3.115046,-0.53036344,0.0342812,3.1232626,0.07254903316497802,0.5295672476291656,0.0876662969589237,0.06184745430946348,0.4540774345397949,0.0787760496139529
1789688248.737890,3.0000,traffic cone,0.1876,255,115,202,99,3.3885,3.3900,1.2975475,0.01287809,3.1302478,1.3003211,0.012617812,3.1306436,0.137546741962433,0.4458806931972504,0.09194979667663583,0.1295529007911682,0.44541567862033843,0.07924582958221471
1789688248.783744,3.0000,traffic cone,0.1563,71,52,255,53,3.1600,3.1619,-0.6307414,0.03410522,3.0962145,-0.6984195,0.06430942,3.0831614,0.1230506509542465,0.18240088559687137,0.046286022663116544,0.0665672183036804,0.4255788683891296,0.07436623573303214
1789688248.833471,3.0000,traffic cone,0.8067,164,35,84,8,3.8802,3.8823,1.0305563,0.11479463,3.7391105,1.0695934,0.2565765,3.7232158,0.08983855843543997,0.36483326777815817,0.08028554916381836,0.06980239748954764,0.07326357960700988,0.05005228519439697
1789688248.864173,3.0000,traffic cone,0.7245,218,44,104,16,3.1557,4.7507,-0.7006093,0.06450422,3.0762925,-1.236124,0.35323942,4.573433,0.059335476160049416,0.3639715455472469,0.06791864633560163,0.20811143517494202,0.0011314600706100464,0.05478167533874512
1789688248.899045,3.0000,traffic cone,0.6267,240,43,147,11,3.3529,3.3627,-0.014943205,0.2123016,3.3461483,-0.00059631467,0.26879698,3.3518977,0.11382018402218816,0.32293194234371186,0.09187600612640345,0.05668364651501179,0.09970283508300781,0.07710564136505127
1789688248.947836,3.0000,traffic cone,0.4850,392,68,301,51,3.1633,3.1635,-0.5350313,0.06469917,3.1170125,-0.5300067,0.064643785,3.1181421,0.07829578518867486,0.5265319675207137,0.09100307226181004,0.065325528383255,0.4259520322084427,0.07828891277313232
1789688248.993342,3.0000,traffic cone,0.1873,252,115,199,99,3.3892,3.3893,1.2966452,0.075652465,3.1304145,1.2988473,0.012822792,3.1305592,0.13779289722442623,0.44613904058933257,0.09442214965820295,0.12740988731384295,0.4455719619989395,0.08128042221069354
1789688249.039405,3.0000,traffic cone,0.1572,70,52,256,54,3.1638,3.1617,-0.6322612,0.034160808,3.0997891,-0.6993969,0.06445112,3.082748,0.12446924746036525,0.18251438066363335,0.04788392782211304,0.06679265499114995,0.4254421591758728,0.07581127882003758
1789688249.110963,3.0000,traffic cone,0.8095,162,35,83,8,3.8829,3.8826,1.0344117,0.11502889,3.7408118,1.0689669,0.25695783,3.7236812,0.08947246670722953,0.36478775218129156,0.07633848190307635,0.06906868815422063,0.07343148291110993,0.04864780902862531
1789688249.160135,3.0000,traffic cone,0.7234,215,41,104,17,3.1517,4.7452,-0.7009409,0.06442173,3.072076,-1.2291068,0.3532953,4.5696063,0.056358277797698975,0.36390502750873566,0.06567549705505371,0.22201862335205091,0.0009075880050659069,0.058437347412109375
1789688249.209636,3.0000,traffic cone,0.6285,237,42,146,11,3.3562,3.3642,-0.014715962,0.23980871,3.3475432,-0.0020449758,0.26882535,3.353471,0.11567226313054557,0.32361351400613786,0.08951929807662973,0.05742093361914158,0.09910708665847778,0.07440030574798584
1789688249.258278,3.0000,traffic cone,0.4886,393,68,303,53,3.1603,3.1640,-0.5330039,0.06466782,3.114388,-0.53139514,0.064591154,3.1183913,0.07872709929943089,0.5265580683946609,0.08906160593032864,0.06674860715866088,0.45097337365150447,0.08272404670715305
1789688249.306031,3.0000,traffic cone,0.1990,258,115,203,99,3.3880,3.3887,1.2968171,0.07584283,3.1290605,1.2997,0.012776867,3.1295433,0.13737783432006845,0.445981165766716,0.09654974937438965,0.12689095735549927,0.44561470448970797,0.07937583923339853
1789688249.353461,3.0000,traffic cone,0.1604,70,52,253,51,3.1626,3.1573,-0.6328032,0.03414592,3.098475,-0.69712335,0.064299464,3.078692,0.12351455688476554,0.18230371177196503,0.05108250379562396,0.06205609440803528,0.42554330825805664,0.0724402666091919
1789688249.412036,3.0000,traffic cone,0.8067,165,36,83,7,3.8850,3.8797,1.0309391,0.113906235,3.7440262,1.0653721,0.25754404,3.7216756,0.09003561735153198,0.36489458568394184,0.0770944356918335,0.07104676961898804,0.05249567180871964,0.049967288970947266
1789688249.454117,3.0000,traffic cone,0.7184,215,43,106,16,3.1546,4.7484,-0.7002636,0.064501345,3.0751812,-1.2345889,0.35333633,4.5714397,0.05982916355133061,0.36379670053720475,0.06662995815277073,0.20827412605285645,0.0010643154382705688,0.05414104461669922
1789688249.496083,3.0000,traffic cone,0.6229,235,42,148,11,3.3555,3.3668,-0.014777206,0.23971924,3.3468604,-0.0010402873,0.26889014,3.3560855,0.11522066518664355,0.3232581660151482,0.09586018323898315,0.05654915049672127,0.09986770153045654,0.07827341556549072
1789688249.542561,3.0000,traffic cone,0.4870,394,66,304,52,3.1611,3.1653,-0.5328187,0.06462673,3.1151977,-0.53029615,0.06443026,3.1199079,0.07183676958084106,0.5328591130673885,0.08914601802825928,0.06254675090312956,0.4539190553128719,0.08545982837677002
1789688249.582342,3.0000,traffic cone,0.1833,254,115,200,98,3.3886,3.3893,1.2977782,0.07588227,3.1292794,1.3007513,0.012682453,3.1297498,0.13842313289642316,0.445857098698616,0.0928738594055174,0.12968381643295301,0.4454642415046692,0.08213865756988525
1789688249.614545,3.0000,traffic cone,0.1568,69,52,258,53,3.1628,3.1609,-0.63087744,0.034173355,3.0990095,-0.6988354,0.06439474,3.082024,0.12401466965675356,0.18253700621426105,0.04836353063583365,0.06647411584854124,0.42537605464458467,0.07464003562927246
1789688249.670264,3.0000,traffic cone,0.8058,159,34,85,9,3.8832,3.8794,1.0349613,0.11452986,3.7410054,1.0673586,0.25639045,3.7208362,0.0858359366655349,0.3651210755109787,0.07757275104522687,0.08040623664855939,0.07437069118022918,0.04754848480224627
1789688249.709972,3.0000,traffic cone,0.7186,216,43,107,16,3.1564,4.7483,-0.70017254,0.0646444,3.0770895,-1.233572,0.35335287,4.571659,0.058071911334991455,0.36402925476431847,0.07050480842590368,0.20925462245941162,0.0008052140474319458,0.052416086196899414
1789688249.760955,3.0000,traffic cone,0.6261,237,43,149,12,3.3545,3.3666,-0.014362648,0.21383138,3.3476613,0.0033867173,0.26819703,3.3559146,0.11530319377779959,0.3232166439294815,0.09113693237304688,0.05601810421794652,0.12828799337148666,0.0974677562713624
1789688249.811548,3.0000,traffic cone,0.4837,391,68,301,52,3.1639,3.1643,-0.5344784,0.06492375,3.1177378,-0.52907354,0.06487134,3.1190338,0.07822307050228122,0.5267189465463161,0.09009797573089617,0.06700499057769777,0.4260488644242287,0.07511391639709508
1789688249.858255,3.0000,traffic cone,0.1844,253,114,200,99,3.3888,3.3905,1.295613,0.04424859,3.1309867,1.2978038,0.012697175,3.1322582,0.13615615367889422,0.44588773846626284,0.09476116895675668,0.1249574542045595,0.4454025447368622,0.08408482074737522
1789688249.917759,3.0000,traffic cone,0.1541,71,52,258,52,3.1629,3.1585,-0.63139886,0.0341611,3.0990186,-0.6984544,0.064477876,3.0796614,0.124362176656723,0.18248440362513063,0.05290238857269314,0.06610850691795345,0.3916340850293636,0.0752376914024353
1789688249.974624,3.0000,traffic cone,0.8054,161,36,84,8,3.8826,3.8848,1.0316815,0.11432086,3.7413023,1.0694932,0.2571944,3.72581,0.09089195728302002,0.36509111151099205,0.07400357723236084,0.0683871150016786,0.07382566034793855,0.04541249275207493
1789688250.004560,3.0000,traffic cone,0.7134,215,42,106,17,3.1555,4.7495,-0.70124745,0.064418286,3.0758781,-1.2294852,0.35344183,4.573994,0.05796569883823399,0.36384301967918875,0.07294498682022077,0.22219119071960436,0.0009499192237854004,0.05783567428588832
1789688250.035453,3.0000,traffic cone,0.6210,238,42,146,11,3.3577,3.3673,-0.014318813,0.23978642,3.3490734,-0.0015812814,0.2689591,3.3565476,0.11549546457827087,0.323837324231863,0.09305363893508911,0.056577716022729874,0.09937497973442078,0.08242619037628174
1789688250.082960,3.0000,traffic cone,0.4855,391,66,303,51,3.1607,3.1651,-0.53405446,0.064563036,3.114554,-0.5320965,0.06425807,3.1193688,0.07180893421173096,0.5326936803758144,0.08813983201980591,0.0618135929107666,0.457111619412899,0.08109307289123535
1789688250.127767,3.0000,traffic cone,0.1873,252,114,196,96,3.3874,3.3908,1.296222,0.0443654,3.1292987,1.2996963,0.012703896,3.131795,0.13590938448905954,0.4459513768553734,0.09223252534866333,0.12551090121269226,0.44541630893945694,0.07719635963439941
1789688250.172055,3.0000,traffic cone,0.1540,70,52,259,52,3.1617,3.1599,-0.6312231,0.03417833,3.0978603,-0.6972557,0.06430594,3.0813365,0.1239271819591522,0.18236759379506112,0.04877285957336408,0.0649723321199418,0.42537141889333724,0.07520387172698983
1789688250.238959,3.0000,traffic cone,0.8045,164,36,83,8,3.8864,3.8815,1.0317593,0.11431123,3.7451801,1.0687435,0.25699425,3.7225559,0.08918142318725586,0.3646076191216707,0.07463443279266357,0.06776986718177791,0.07347259819507601,0.04245896339416522
1789688250.271096,3.0000,traffic cone,0.7169,217,43,106,16,3.1549,4.7487,-0.7005631,0.06452501,3.0754454,-1.233692,0.35343,4.5719843,0.059798145294189475,0.36382884681224825,0.06945409774780265,0.2072889506816864,0.0006799697875976562,0.05807220935821533
1789688250.318784,3.0000,traffic cone,0.6216,236,43,148,12,3.3555,3.3690,-0.013888016,0.21237868,3.3487499,0.003424041,0.2684224,3.3582506,0.11345236748456954,0.32363321632146835,0.09493892192840558,0.05552077777683734,0.12886006832122804,0.08956402540206909
1789688250.358616,3.0000,traffic cone,0.4880,392,68,314,61,3.1633,3.1668,-0.532502,0.06472268,3.1174512,-0.5345546,0.06469098,3.120729,0.07606625854969024,0.5263805165886879,0.08557988405227634,0.0699400007724762,0.42618507146835327,0.07814502716064453
1789688250.390158,3.0000,traffic cone,0.1872,253,115,199,98,3.3892,3.3894,1.297516,0.075620234,3.130063,1.3000891,0.012730204,3.130066,0.13894056081771855,0.445840448141098,0.09145064353942844,0.12838624715805058,0.4452061399817467,0.078677237033844
1789688250.436878,3.0000,traffic cone,0.1539,69,52,80,57,3.1650,3.1758,-0.63155955,0.034092374,3.101131,-0.61972237,-0.057043813,3.1142342,0.1256036281585694,0.18226178511977198,0.05037502050399789,0.09073641300201418,0.30507776141166687,0.06229586601257342
1789688250.508040,3.0000,traffic cone,0.8049,163,34,84,7,3.8835,3.8785,1.0304711,0.14917009,3.7413557,1.0652076,0.25740477,3.7204692,0.09084330797195439,0.31766795553267,0.0723558187484743,0.06973235607147221,0.05195671319961548,0.048453760147094904
1789688250.554879,3.0000,traffic cone,0.7135,218,42,107,17,3.1536,4.7503,-0.7005964,0.06445401,3.0741045,-1.2306439,0.35350287,4.574464,0.058829879760742276,0.3641175080090761,0.07163658142089879,0.2214844942092895,0.0008859038352966309,0.06055450439453125
1789688250.602992,3.0000,traffic cone,0.6205,239,42,146,11,3.3560,3.3680,-0.014663756,0.23984884,3.3473449,-0.0023058578,0.2684974,3.3573015,0.11664455570280546,0.3234658844769001,0.087642526626587,0.056634146720170975,0.09899961948394775,0.07472491264343262
1789688250.653380,3.0000,traffic cone,0.4900,387,67,298,52,3.1629,3.1665,-0.53253245,0.06482008,3.117069,-0.5313337,0.064704426,3.120886,0.07525934576988219,0.52973373234272,0.08602190017700195,0.06458399295806888,0.45412958413362503,0.08225528001785287
1789688250.699649,3.0000,traffic cone,0.1886,253,115,198,97,3.3887,3.3909,1.297363,0.0759536,3.1295564,1.2997965,0.01265952,3.1318104,0.1375817060470581,0.446010422706604,0.09483020305633572,0.12599472999572736,0.4455494791269302,0.07999458312988272
1789688250.745332,3.0000,traffic cone,0.1571,72,52,261,52,3.1617,3.1626,-0.6315251,0.03404899,3.0978456,-0.6983588,0.06432119,3.0838404,0.12416912317275997,0.18238350935280323,0.04970984458923322,0.0645750403404235,0.42559330761432645,0.0738352775573734
1789688250.800080,3.0000,traffic cone,0.8049,160,34,84,9,3.8827,3.8782,1.0311253,0.14946666,3.7403061,1.067889,0.25687635,3.7194228,0.09235960543155675,0.3177401974797249,0.07126324176788357,0.08110177516937256,0.07372835278511047,0.04849309921264666
1789688250.841975,3.0000,traffic cone,0.7146,217,42,107,17,3.1561,4.7491,-0.7012911,0.06447491,3.0765538,-1.2292567,0.35341153,4.573599,0.06031120419502256,0.3640379004180431,0.0683026909828186,0.22239172458648682,0.0006649851799011564,0.05647497177124006
1789688250.888576,3.0000,traffic cone,0.6181,239,42,147,10,3.3552,3.3629,-0.019017898,0.23834284,3.346632,-0.00080284104,0.2690029,3.3521128,0.1151375792920589,0.3232420049607754,0.08740340471267727,0.05768035426735876,0.10267664045095445,0.06845459938049281
1789688250.934810,3.0000,traffic cone,0.4889,394,67,302,51,3.1642,3.1662,-0.5345671,0.06469259,3.1180274,-0.5307761,0.06459178,3.1207037,0.07324439287185663,0.5295886904001236,0.09038820266723624,0.060927003622055054,0.4259701818227768,0.08153998851776123
1789688250.980154,3.0000,traffic cone,0.1829,253,115,199,98,3.3885,3.3885,1.2969677,0.07581204,3.1295059,1.2987174,0.012658909,3.129695,0.1373310089111328,0.44599485397338867,0.09207565784454319,0.12609681487083435,0.44542017579078674,0.08004995584487906
1789688251.025687,3.0000,traffic cone,0.1524,73,52,260,52,3.1637,3.1590,-0.63179314,0.034161493,3.0997844,-0.6983707,0.064412,3.080155,0.12330120503902431,0.18237667642533778,0.051015496253967285,0.06424349844455712,0.4256013914942741,0.07520194053649876
1789688251.073528,3.0000,traffic cone,0.8056,161,34,83,8,3.8877,3.8819,1.034773,0.11419687,3.7456846,1.0677598,0.2568476,3.723276,0.08572826087474816,0.36495372168719764,0.07514281272888157,0.06799060106277466,0.07383475005626677,0.04581301212310818
1789688251.103470,3.0000,traffic cone,0.7156,216,41,108,17,3.1545,4.7519,-0.70110875,0.06462991,3.074874,-1.2308043,0.35331255,4.576157,0.05659210681915283,0.3639257773756981,0.0711214542388916,0.22029802799224862,0.0008514285087585782,0.06479740142822266
1789688251.136613,3.0000,traffic cone,0.6142,235,43,146,12,3.3556,3.3726,-0.014454246,0.21179552,3.3488877,0.0034994073,0.26844767,3.3618877,0.11485264450311658,0.32343515008687973,0.09574632644653347,0.05548108555376528,0.12980756163597107,0.08641613721847552
1789688251.183371,3.0000,traffic cone,0.4844,391,66,311,58,3.1627,3.1669,-0.53474236,0.06464128,3.1165318,-0.5358796,0.06444268,3.1205878,0.07272347807884216,0.5325757078826427,0.08764535188674927,0.06918220520019536,0.4261108964681625,0.0768041133880617
1789688251.230741,3.0000,traffic cone,0.1853,259,117,202,98,3.3887,3.3896,1.2975264,0.07583423,3.1294985,1.3017877,0.012796044,3.129668,0.13985457420349134,0.44608238637447356,0.09404954910278329,0.13000307083129892,0.44532540142536164,0.07992092370986947
1789688251.273725,3.0000,traffic cone,0.1535,68,52,79,57,3.1635,3.1782,-0.6320454,0.034161136,3.0995212,-0.62082696,-0.056892134,3.1164997,0.12289401292800894,0.18239978961646558,0.04805787801742589,0.09182647466659544,0.30523415207862853,0.061838102340697976
1789688251.345846,3.0000,traffic cone,0.8046,161,36,83,8,3.8844,3.8848,1.0320657,0.114223465,3.7430282,1.0692852,0.25714514,3.7259047,0.08988460898399353,0.36487340554594994,0.07625651359558105,0.06820716261863713,0.07353552877902983,0.044652462005615234
1789688251.395684,3.0000,traffic cone,0.7150,217,43,108,16,3.1520,4.7478,-0.7011611,0.06453925,3.0723267,-1.2351294,0.35341227,4.5706835,0.06027683615684509,0.3642430931329727,0.06750135421752912,0.20781677961349487,0.0009554028511047363,0.057167768478393555
1789688251.430802,3.0000,traffic cone,0.6111,236,42,141,11,3.3578,3.3681,-0.014314365,0.23982882,3.3491762,-0.00032274425,0.26906323,3.3573031,0.11424999609589573,0.32359161749482157,0.09405757188797015,0.0566287599503994,0.0998394638299942,0.07866537570953369
1789688251.473305,3.0000,traffic cone,0.4835,392,66,301,51,3.1629,3.1688,-0.5330696,0.06482031,3.117004,-0.5322198,0.06464954,3.1230721,0.07187360525131226,0.5330620519816875,0.0892215371131897,0.061135560274124146,0.4575171247124672,0.08210766315460205
1789688251.517256,3.0000,traffic cone,0.1879,254,116,199,98,3.3886,3.3900,1.2973945,0.0756834,3.1294415,1.3022871,0.012762405,3.129904,0.13919344544410706,0.4458165913820267,0.0941815972328186,0.12859316468238835,0.44558167457580566,0.08158888816833487
1789688251.562171,3.0000,traffic cone,0.1540,70,52,260,53,3.1651,3.1606,-0.6309691,0.034189306,3.101336,-0.6981922,0.06440833,3.081813,0.12281507551670068,0.18245155476033686,0.04879254102706909,0.06599236726760871,0.4257085114717484,0.07392630577087411
1789688251.633075,3.0000,traffic cone,0.8064,163,35,83,7,3.8835,3.8809,1.0337679,0.115098655,3.7415967,1.0670099,0.2573461,3.7224693,0.09069297909736629,0.3650089129805565,0.07965126037597647,0.07057634592056283,0.05242866277694702,0.05020971298217747
1789688251.681801,3.0000,traffic cone,0.7114,217,43,107,16,3.1548,4.7465,-0.700729,0.06450763,3.0753336,-1.2353005,0.35319468,4.569334,0.057788503170013494,0.3639224410057068,0.06857576370239249,0.20949169993400574,0.001111641526222229,0.05319952964782715
1789688251.730941,3.0000,traffic cone,0.6054,237,42,140,11,3.3565,3.3647,-0.014072962,0.24007487,3.3478253,-0.0013964474,0.2679427,3.3539953,0.11632025130093093,0.32369502633810043,0.0868889451026913,0.05652264133095741,0.09956784546375275,0.08167052268981934
1789688251.779529,3.0000,traffic cone,0.4816,391,67,301,52,3.1617,3.1622,-0.5333082,0.06469354,3.1156747,-0.53045046,0.06459446,3.1167371,0.07698240280151358,0.5296421766281127,0.08562810420989964,0.06680650711059566,0.4262877553701401,0.07960230112075806
1789688251.819973,3.0000,traffic cone,0.1826,252,114,195,96,3.3884,3.3905,1.2959338,0.044387355,3.1304488,1.3001659,0.012686662,3.1312556,0.13719083666801457,0.44601874202489855,0.09304798841476414,0.126602441072464,0.44492997229099274,0.07810646295547485
1789688251.850937,3.0000,traffic cone,0.1522,70,52,259,53,3.1630,3.1611,-0.631532,0.034156233,3.099154,-0.69766897,0.06431922,3.0825167,0.12368203699588776,0.18241421282291412,0.04747085571289045,0.06517986059188852,0.42546614706516267,0.07336115837097168
1789688251.921390,3.0000,traffic cone,0.8114,163,35,85,8,3.8872,3.8837,1.0317665,0.113045186,3.7460775,1.0677466,0.25690582,3.7251754,0.08684936165809631,0.36526139006018643,0.07226510047912615,0.06754830479621887,0.07365321218967436,0.04252197742462149
1789688251.971238,3.0000,traffic cone,0.7150,219,43,106,16,3.1545,4.7506,-0.70085555,0.0646009,3.0749424,-1.2355564,0.35334218,4.5734615,0.059620743989944436,0.36400262713432313,0.06512315273284885,0.208114355802536,0.001018226146697998,0.05628395080566406
1789688252.021374,3.0000,traffic cone,0.6101,237,43,142,12,3.3544,3.3691,-0.014209464,0.21225548,3.3475988,0.0033425689,0.26797774,3.358397,0.11483507752418518,0.3233391046524048,0.09268786907196036,0.055398236960172646,0.12954635471105577,0.08681007623672476
1789688252.071089,3.0000,traffic cone,0.4822,393,67,302,51,3.1654,3.1700,-0.5343968,0.06483802,3.119302,-0.5311093,0.064527184,3.1245172,0.07557007670402527,0.5297292172908783,0.08922922611236572,0.06199079751968384,0.4572124034166336,0.07813453674316406
1789688252.117475,3.0000,traffic cone,0.1865,255,115,200,98,3.3900,3.3913,1.2984453,0.0759536,3.1305933,1.3021635,0.012746297,3.1313572,0.13976563215255755,0.44578339755535124,0.09086618423461923,0.12982538938522348,0.4450774312019348,0.08227192163467434
1789688252.161546,3.0000,traffic cone,0.1567,70,52,42,32,3.1645,3.1650,-0.631706,0.03413357,3.100575,-0.61537933,0.03412137,3.1044052,0.12228165268898017,0.18251983523368837,0.04982607364654523,0.07503961622715005,0.18247300162911417,0.041034722328185946
1789688252.232639,3.0000,traffic cone,0.8117,164,35,84,8,3.8818,3.8851,1.0321107,0.114210814,3.7402909,1.067073,0.25716364,3.7267952,0.09011958241462703,0.3649612471461296,0.0793206214904787,0.0655008435249329,0.07383409291505816,0.039189934730529785
1789688252.277150,3.0000,traffic cone,0.7211,221,43,107,16,3.1533,4.7477,-0.7012092,0.06464109,3.073695,-1.235629,0.35327053,4.5704365,0.0574903309345246,0.36394423693418504,0.06686952114105216,0.2081720530986786,0.001124262809753418,0.053823232650756836
1789688252.310141,3.0000,traffic cone,0.6210,237,43,140,12,3.3552,3.3684,-0.014316499,0.21179485,3.3484619,0.002670657,0.26856187,3.3576503,0.11557249352335928,0.32344908714294435,0.09243535995483398,0.05555006824433803,0.1299085348844528,0.0770093083381651
1789688252.354179,3.0000,traffic cone,0.4824,394,67,303,51,3.1622,3.1648,-0.5339105,0.064729795,3.1161387,-0.53034174,0.064510524,3.1194155,0.07586128711700435,0.5295653581619263,0.08789265155792236,0.0647704005241394,0.4258250743150711,0.07960128784179688
1789688252.398941,3.0000,traffic cone,0.2040,253,115,197,96,3.3916,3.3923,1.2975564,0.07585034,3.1326287,1.3011167,0.012761958,3.1328042,0.13808150291442867,0.44600594639778135,0.09608900547027588,0.1292273998260498,0.4452696070075035,0.079548180103302
1789688252.443560,3.0000,traffic cone,0.1568,71,52,43,32,3.1631,3.1642,-0.6324216,0.034192428,3.0990431,-0.6158812,0.034200773,3.1035047,0.12597436606884005,0.18247998766601087,0.047807466983795344,0.0752681374549865,0.1824135545641184,0.039261353015899836
1789688252.498156,3.0000,traffic cone,0.8146,162,35,82,8,3.8803,3.8879,1.0313153,0.1147798,3.738927,1.0681324,0.2568707,3.7294798,0.09139252305030832,0.3652960270643234,0.07631006240844762,0.0684223473072052,0.07438199669122694,0.04309406280517569
1789688252.537045,3.0000,traffic cone,0.7223,219,42,102,17,3.1567,4.7495,-0.7015315,0.0645322,3.077131,-1.2288746,0.35348243,4.574088,0.05747582018375397,0.3638828005641699,0.06937847137451181,0.22177498340606694,0.0009478807449340709,0.05943222045898455
1789688252.568253,3.0000,traffic cone,0.6315,234,42,140,11,3.3557,3.3653,-0.014953062,0.2396098,3.3471282,-0.0018631741,0.26893666,3.3545146,0.11669604964554305,0.3232852786779404,0.08931026458740199,0.05660829320549965,0.09979991614818573,0.07589077949523926
1789688252.598969,3.0000,traffic cone,0.4813,394,68,303,52,3.1664,3.1664,-0.53489316,0.06487697,3.1201694,-0.5304079,0.06479991,3.121002,0.078350380063057,0.5265992090106011,0.08639795780181858,0.064160281419754,0.45409986972808836,0.07915322780609113
1789688252.630536,3.0000,traffic cone,0.2066,255,115,198,96,3.3886,3.3901,1.2963707,0.07587659,3.1298985,1.3004432,0.012776844,3.1307333,0.1376494526863099,0.44592812955379485,0.09331045150756845,0.1279517114162445,0.4454951658844948,0.07999122142791748
1789688252.674202,3.0000,traffic cone,0.1563,70,52,43,32,3.1630,3.1631,-0.6319881,0.03415733,3.0990188,-0.6157584,0.03409324,3.1023734,0.12384071946144104,0.1824368581175804,0.05156219005584717,0.07464049756526947,0.18243323899805544,0.044580125808716176
1789688252.747232,3.0000,traffic cone,0.8161,161,35,84,8,3.8841,3.8765,1.0350626,0.11504465,3.7418823,1.0604076,0.2571708,3.7197442,0.08933627009391776,0.36477799788117404,0.077298831939697,0.08281796574592604,0.04916189014911651,0.05144836902618399
1789688252.784728,3.0000,traffic cone,0.7228,218,41,103,17,3.1543,4.7494,-0.7007624,0.06458278,3.0748389,-1.229244,0.35328007,4.573898,0.05612057447433472,0.36410801112651825,0.06891417503356934,0.22070975303649898,0.0009305238723754661,0.06343193054199148
1789688252.827656,3.0000,traffic cone,0.6348,237,42,140,11,3.3577,3.3711,-0.014206681,0.24047936,3.3490083,-0.0011051968,0.26903832,3.3603387,0.11595731973648066,0.3234349451959133,0.09126687049865723,0.05704202502965927,0.09918074309825897,0.08117401599884033
1789688252.872049,3.0000,traffic cone,0.4781,394,67,305,52,3.1624,3.1652,-0.5335063,0.06473656,3.1163824,-0.5310722,0.064653344,3.1196792,0.07575216889381403,0.5293517172336578,0.0866991996765134,0.06387252807617183,0.4542368568480014,0.08147727251052839
1789688252.917654,3.0000,traffic cone,0.2054,255,115,199,97,3.3881,3.3916,1.2953757,0.012891129,3.1306698,1.3022704,0.012623638,3.1315672,0.13701924085617057,0.445662248134613,0.09016499519348153,0.12725694179534908,0.44519988298416135,0.07744593620300311
1789688252.963464,3.0000,traffic cone,0.1589,71,52,44,32,3.1639,3.1625,-0.6327755,0.034116052,3.099808,-0.6163964,0.034299105,3.1016731,0.1241990596055984,0.1825047116726637,0.05052481889724714,0.07461994588375087,0.18248376995325089,0.04239724874496442
1789688253.017397,3.0000,traffic cone,0.8165,163,34,87,8,3.8829,3.8857,1.0312696,0.11465675,3.7416818,1.0682397,0.2568568,3.727119,0.08847506642341607,0.3178891982883215,0.07377462387084943,0.06669802665710445,0.07400009632110596,0.041975188255310325
1789688253.058242,3.0000,traffic cone,0.7252,221,42,105,17,3.1556,4.7510,-0.7013103,0.06458551,3.0759597,-1.2309507,0.35354164,4.5751047,0.05588725805282602,0.36400042064487936,0.06653474569320661,0.22087628841400142,0.001277148723602295,0.060495853424072266
1789688253.108885,3.0000,traffic cone,0.6325,235,43,141,12,3.3539,3.3708,-0.014617041,0.21301612,3.3471024,0.0026752725,0.26811442,3.3601203,0.11485407128930089,0.32309781610965727,0.09179024696350124,0.05627402197569608,0.12947383373975754,0.08882194757461548
1789688253.158827,3.0000,traffic cone,0.4811,391,67,302,52,3.1615,3.1675,-0.5338857,0.0647334,3.1154068,-0.53219926,0.06462185,3.1217513,0.07760941982269282,0.5295903131365776,0.08703129291534406,0.06535424292087555,0.4543512873351574,0.08026413917541486
1789688253.208133,3.0000,traffic cone,0.2107,252,114,196,97,3.3883,3.3907,1.2951974,0.044293687,3.1306186,1.3003883,0.0126625,3.1314118,0.13640084862709045,0.44589842259883883,0.09153486490249652,0.1256216526031495,0.44531360268592834,0.08005337715148908
1789688253.253310,3.0000,traffic cone,0.1575,73,53,44,32,3.1643,3.1650,-0.6306449,0.004260272,3.1007943,-0.61666566,0.034229666,3.104175,0.1257567644119263,0.18235778510570524,0.049997282028197976,0.07565093040466309,0.1823313355445862,0.04013422727584848
1789688253.321530,3.0000,traffic cone,0.8136,165,36,83,8,3.8832,3.8859,1.0325986,0.11453974,3.741593,1.0702685,0.2570788,3.7267332,0.0948110967874527,0.364909041672945,0.0767596960067749,0.06976156830787672,0.0738848224282265,0.047269248962402255
1789688253.351791,3.0000,traffic cone,0.7262,217,42,108,17,3.1561,4.7451,-0.7003963,0.06439713,3.076725,-1.2284194,0.35331395,4.5697165,0.05760473906993868,0.3637643665075302,0.06926628351211539,0.22109231948852548,0.0007287979125976674,0.06184492111206019
1789688253.385104,3.0000,traffic cone,0.6310,236,42,136,9,3.3557,3.3590,-0.013434503,0.23972419,3.347131,0.0093106255,0.26990128,3.34815,0.11501029841601842,0.32292739078402516,0.09304867982864362,0.058862058073282236,0.06577836871147152,0.08005676269531259
1789688253.433921,3.0000,traffic cone,0.4810,391,66,301,51,3.1638,3.1678,-0.53396934,0.06470706,3.1177197,-0.53183645,0.06453663,3.122204,0.07321545481681824,0.5327873937785625,0.0903061032295227,0.061727315187454224,0.45714258402585983,0.08063352108001709
1789688253.483618,3.0000,traffic cone,0.2125,256,115,198,97,3.3904,3.3916,1.2983783,0.07578993,3.130979,1.302099,0.0126886815,3.1316688,0.1396734356880187,0.4459417760372162,0.09633355140686017,0.12928180694580083,0.44532898962497713,0.0810856819152832
1789688253.530136,3.0000,traffic cone,0.1596,70,52,42,32,3.1644,3.1642,-0.63130486,0.034076102,3.100622,-0.6162274,0.03411883,3.1034012,0.1238429427146912,0.1824896741658449,0.04902371168136588,0.07434905767440791,0.1824601601809263,0.04436603784561122
1789688253.600002,3.0000,traffic cone,0.8146,163,35,84,8,3.8835,3.8843,1.0308716,0.11500144,3.7423642,1.0694487,0.25661373,3.7253103,0.0943020939826964,0.31392738968133926,0.07150578498840332,0.0692477822303772,0.07320307195186615,0.04950287342071569
1789688253.649329,3.0000,traffic cone,0.7251,215,42,107,17,3.1571,4.7498,-0.700932,0.064645946,3.0776649,-1.229164,0.3532995,4.5743556,0.05802088081836698,0.364015407115221,0.06854261159896868,0.22143678665161115,0.0008409380912781095,0.06163520812988299
1789688253.699182,3.0000,traffic cone,0.6353,237,42,136,9,3.3567,3.3586,-0.01428549,0.239756,3.3481288,0.008370407,0.26976806,3.347703,0.11329715661704536,0.32351261004805565,0.09046210050582859,0.05885771065950393,0.06561261415481565,0.07616691589355495
1789688253.748822,3.0000,traffic cone,0.4808,389,67,303,52,3.1600,3.1680,-0.5332581,0.064830825,3.1140158,-0.53152287,0.06458664,3.1224322,0.07759149074554444,0.5298266395926475,0.08683376312255842,0.06534651219844811,0.4538154102861881,0.08255681991577157
1789688253.795045,3.0000,traffic cone,0.2156,253,115,198,98,3.3884,3.3898,1.2983305,0.07589093,3.1289058,1.3000638,0.012586765,3.1305194,0.13830161094665527,0.4460368543863297,0.09444515705108625,0.12879565954208383,0.44541605561971664,0.07913957834243757
1789688253.840166,3.0000,traffic cone,0.1632,70,52,43,32,3.1609,3.1650,-0.6323997,0.034045123,3.0967665,-0.6166178,0.034045123,3.104211,0.12487943768501286,0.1825199257582426,0.04603956937789899,0.07498506009578709,0.18255001865327358,0.037502944469451904
1789688253.911397,3.0000,traffic cone,0.8164,160,35,82,8,3.8843,3.8851,1.035,0.11359236,3.7421541,1.0679498,0.2569996,3.7266095,0.08765504360198983,0.3649662367999554,0.07659759521484366,0.06811264157295227,0.07420326769351959,0.044539451599121094
1789688253.960180,3.0000,traffic cone,0.7228,215,41,106,17,3.1545,4.7488,-0.7012919,0.06458402,3.07486,-1.2295945,0.35330197,4.5732574,0.05507272481918335,0.36391352117061615,0.07320523262023926,0.22047593593597403,0.0009788036346435325,0.06403961181640572
1789688254.007555,3.0000,traffic cone,0.6407,237,43,137,10,3.3563,3.3659,-0.014465183,0.21231389,3.3495014,0.008364048,0.26893547,3.355092,0.11471246406435964,0.32343054115772246,0.09035999774932835,0.05784115102142094,0.1004728302359581,0.08736245632171613
1789688254.048309,3.0000,traffic cone,0.4795,390,67,303,52,3.1659,3.1664,-0.53304034,0.064844206,3.1200182,-0.53117,0.06450045,3.1208603,0.07566974759101869,0.529778042435646,0.09103219509124783,0.062136656045913674,0.45391725599765775,0.08038996458053571
1789688254.080440,3.0000,traffic cone,0.2216,261,121,196,97,3.3870,3.3890,1.2928133,0.07591805,3.1296754,1.3001906,0.012667984,3.1296754,0.1485605239868164,0.4457228481769562,0.09798240661621094,0.12689139842987052,0.44524048566818236,0.08140959739685094
1789688254.124863,3.0000,traffic cone,0.1630,70,53,42,32,3.1639,3.1649,-0.6327116,0.06435488,3.0992973,-0.61582255,0.034232736,3.1042507,0.12378354072570807,0.1824057936668396,0.05004825592041007,0.07445453107357025,0.18233205750584602,0.044256639480590554
1789688254.195043,3.0000,traffic cone,0.8172,161,35,82,8,3.8847,3.8863,1.0350097,0.11502853,3.7425063,1.0689166,0.25698036,3.7275293,0.09126266837120056,0.36511528864502907,0.08038668632507306,0.06768065690994263,0.07416238784790036,0.042017459869384766
1789688254.231184,3.0000,traffic cone,0.7241,212,42,107,17,3.1574,4.7502,-0.7004293,0.06468288,3.0780783,-1.2286831,0.3535285,4.5749497,0.0587468296289444,0.3640838969498873,0.06589305400848389,0.22067329883575448,0.0011313438415527233,0.06332406997680717
1789688254.274373,3.0000,traffic cone,0.6397,236,43,138,10,3.3568,3.3676,-0.014253944,0.21278489,3.350007,0.008783162,0.26873428,3.3568292,0.11501379534602164,0.32354181706905366,0.09851388931274396,0.057738332450389854,0.10078467130661012,0.09061590433120736
1789688254.319544,3.0000,traffic cone,0.4824,387,66,299,52,3.1636,3.1676,-0.5328654,0.064638026,3.1177654,-0.53050494,0.06461576,3.1221454,0.0718945562839508,0.5328733921051025,0.08681726455688477,0.06206010878086082,0.45430056750774384,0.07991986274719265
1789688254.365222,3.0000,traffic cone,0.2192,264,121,199,98,3.3874,3.3897,1.2910963,0.07573277,3.130788,1.300467,0.012663417,3.1303287,0.14473378658294678,0.4459875822067261,0.09344983100891113,0.1258646845817566,0.44545074105262755,0.08228347301483119
1789688254.409341,3.0000,traffic cone,0.1648,69,52,254,53,3.1646,3.1615,-0.6327781,0.03425344,3.100533,-0.6967018,0.06449233,3.0830882,0.12358801066875458,0.18248890377581117,0.048734855651855646,0.06332749128341675,0.4256937146186829,0.07331953048706064
1789688254.480226,3.0000,traffic cone,0.8185,165,36,86,9,3.8858,3.8803,1.0327723,0.114677474,3.7443266,1.0682772,0.25693142,3.721463,0.09390884637832642,0.3649591412395239,0.0753488540649414,0.08029844760894789,0.07429134249687197,0.04750175476074192
1789688254.528604,3.0000,traffic cone,0.7219,214,44,107,16,3.1547,4.7497,-0.70086,0.06453762,3.075192,-1.2355468,0.3534083,4.5725846,0.061019149422645524,0.36393364556133745,0.06839455366134661,0.20790529251098633,0.0009695142507553101,0.05589878559112549
1789688254.579422,3.0000,traffic cone,0.6394,236,42,136,9,3.3574,3.3605,-0.013736267,0.23860303,3.3488617,0.008181848,0.26950094,3.349632,0.11471965014934535,0.3233316697180271,0.08846813440322876,0.05886600241065025,0.10376542806625366,0.08877582550048801
1789688254.626202,3.0000,traffic cone,0.4841,390,66,301,52,3.1609,3.1660,-0.5344162,0.06459463,3.1146908,-0.5317728,0.03436228,3.120843,0.0718386322259903,0.5328422151505947,0.09035676717758179,0.062381017208099354,0.4540334179997444,0.08070757389068639
1789688254.670817,3.0000,traffic cone,0.2174,256,116,196,96,3.3871,3.3893,1.2961091,0.044278167,3.129014,1.3019052,0.012759417,3.129305,0.14039015769958496,0.44584013521671295,0.09550267457962036,0.12882894277572632,0.4455673322081566,0.08149921894073486
1789688254.716047,3.0000,traffic cone,0.1648,71,52,255,55,3.1650,3.1643,-0.63374275,0.03408785,3.1006804,-0.6992774,0.06435497,3.0854297,0.12398393452167511,0.18253061175346375,0.04663506746292123,0.06875122785568233,0.4255003988742828,0.07379109859466526
1789688254.765002,3.0000,traffic cone,0.8205,160,34,86,8,3.8866,3.8825,1.031569,0.114631,3.7454243,1.0680835,0.25662214,3.723836,0.08919346332550038,0.31745162755250933,0.07134327888488778,0.06902978420257555,0.07354449033737184,0.047176361083984375
1789688254.796274,3.0000,traffic cone,0.7188,217,43,106,16,3.1543,4.7472,-0.7000773,0.064741835,3.0749927,-1.2339368,0.35339066,4.570368,0.05910102725028987,0.36392904371023177,0.07078347206115732,0.2074393928050995,0.0009798109531402588,0.055004239082336426
1789688254.847288,3.0000,traffic cone,0.6417,236,43,136,9,3.3581,3.3582,-0.014948435,0.26758635,3.3473983,0.007609494,0.2693834,3.3473983,0.11718679144978522,0.32340678125619887,0.09150769710540763,0.05889399126172065,0.0658481538295746,0.07439632415771458
1789688254.893826,3.0000,traffic cone,0.4859,395,68,302,52,3.1640,3.1679,-0.53333706,0.06481339,3.11804,-0.52984846,0.0647066,3.1225939,0.07713248729705807,0.5264325000345706,0.09036731719970703,0.06388395726680746,0.454113882035017,0.07960078716278085
1789688254.940295,3.0000,traffic cone,0.2168,258,116,201,99,3.3886,3.3911,1.2982113,0.044392437,3.1297889,1.3007251,0.012690812,3.1316419,0.13958832621574402,0.4456692859530449,0.09607172012329102,0.13077464103698744,0.4452781528234482,0.08560910224914542
1789688254.986181,3.0000,traffic cone,0.1662,73,52,44,32,3.1644,3.1642,-0.6323152,0.034123063,3.100379,-0.6148168,0.03411357,3.1037045,0.12495619952678683,0.18243015855550765,0.050031518936157315,0.07547723948955531,0.18243015855550765,0.042814981937408625
1789688255.056498,3.0000,traffic cone,0.8211,160,36,83,9,3.8871,3.8754,1.0328511,0.11425766,3.7455792,1.0668838,0.25652158,3.7167947,0.09152987599372864,0.3646048605442047,0.07729387283325195,0.08125987052917472,0.07390517592430113,0.051114463806152255
1789688255.105732,3.0000,traffic cone,0.7189,216,42,108,17,3.1544,4.7458,-0.7003511,0.06451009,3.0750165,-1.2281287,0.35342515,4.570444,0.058262214064598083,0.3642457842826843,0.06472110748291016,0.22184648513793936,0.0009501099586486372,0.059353923797607955
1789688255.157035,3.0000,traffic cone,0.6433,235,42,136,9,3.3568,3.3594,-0.014343709,0.2383839,3.3483024,0.008224413,0.26909438,3.3485782,0.1140411533415317,0.32333477735519406,0.08886239528656015,0.058855584263801566,0.10318081378936766,0.08880162239074707
1789688255.206712,3.0000,traffic cone,0.4861,396,68,301,52,3.1643,3.1665,-0.53277,0.06480258,3.1184425,-0.531126,0.06455824,3.1210158,0.07735022008419035,0.5267195299267768,0.0910953760147093,0.06416758596897126,0.4541872680187225,0.08016659021377581
1789688255.254530,3.0000,traffic cone,0.2189,263,120,197,96,3.3881,3.3902,1.2919238,0.075787276,3.1312528,1.2999185,0.012749545,3.1310403,0.14771307110786447,0.4459091380238533,0.08814699649810809,0.1280544400215149,0.44501540064811707,0.0769549012184143
1789688255.301704,3.0000,traffic cone,0.1645,71,52,43,32,3.1634,3.1651,-0.630615,0.034043275,3.0997486,-0.61511016,0.034098715,3.1045203,0.12437278628349302,0.18256205655634405,0.048697161674499334,0.07533042132854462,0.18259757123887538,0.0403755545616149
1789688255.369516,3.0000,traffic cone,0.8228,166,35,85,8,3.8858,3.8865,1.0322134,0.113839716,3.7444768,1.0680208,0.2572046,3.7279923,0.08916394114494319,0.3650304116308689,0.07947306632995588,0.06648721694946302,0.0744079902768135,0.04173765182495126
1789688255.401791,3.0000,traffic cone,0.7259,216,42,106,17,3.1558,4.7432,-0.70049244,0.06462527,3.0764198,-1.2275131,0.3534212,4.567973,0.0556683868169785,0.36411438398063184,0.06589951515197745,0.2231156826019287,0.0008125543594360574,0.0556492805480957
1789688255.446554,3.0000,traffic cone,0.6486,237,43,139,10,3.3547,3.3645,-0.01395303,0.21279123,3.3478765,0.00804285,0.2687666,3.3537142,0.1155459277331829,0.3231948181986809,0.09165515899658194,0.05825078785419463,0.10038088262081149,0.08845376968383789
1789688255.491128,3.0000,traffic cone,0.4882,395,68,303,52,3.1622,3.1680,-0.53315735,0.0648709,3.11621,-0.5302704,0.06467489,3.1226766,0.07832222878932954,0.5266519635915756,0.0886869907379153,0.06314134895801538,0.4539870835840702,0.0810328006744383
1789688255.524496,3.0000,traffic cone,0.2165,257,114,199,97,3.3895,3.3913,1.2953176,0.044437148,3.1318915,1.298773,0.012660071,3.13267,0.13672560453414917,0.44618640691041944,0.09176015853881836,0.1261731147766112,0.44524568915367124,0.07680397033691388
1789688255.569651,3.0000,traffic cone,0.1666,71,52,44,32,3.1641,3.1656,-0.63074744,0.034170143,3.1004326,-0.6169004,0.034229256,3.1047478,0.12415488958358767,0.18248569108545779,0.053595042228698375,0.07464200854301462,0.182477467879653,0.04253723621368399
1789688255.639909,3.0000,traffic cone,0.8235,161,34,84,8,3.8836,3.8860,1.0325541,0.11424197,3.742076,1.0676734,0.25701118,3.7275715,0.08769318163394924,0.3178506173193455,0.07589111328124964,0.06823776364326495,0.07389796376228333,0.04562706947326678
1789688255.689749,3.0000,traffic cone,0.7243,214,43,108,17,3.1594,4.7484,-0.7008641,0.06467301,3.0800424,-1.2284529,0.35343087,4.5731006,0.0587920725345612,0.36383592486381533,0.06736907958984384,0.22165389060974117,0.0006716370582580677,0.05865058898925746
1789688255.740399,3.0000,traffic cone,0.6493,238,44,138,10,3.3565,3.3650,-0.014233764,0.21058953,3.3498414,0.008119781,0.26942983,3.354158,0.11409705057740213,0.32348302826285363,0.09215457439422581,0.057781701162457455,0.10033077448606492,0.08763624429702777
1789688255.790443,3.0000,traffic cone,0.4856,396,67,303,52,3.1621,3.1666,-0.5326191,0.06467928,3.1162465,-0.53095376,0.06462907,3.121078,0.0766961693763733,0.529674445092678,0.08763320446014378,0.06493974328041069,0.4539858184754848,0.08071831464767465
1789688255.834597,3.0000,traffic cone,0.2095,263,121,200,98,3.3898,3.3914,1.292986,0.07563965,3.1325848,1.3006952,0.0127006695,3.1320548,0.14306104183197021,0.44607917964458466,0.09354114532470703,0.12677428126335144,0.44526044726371766,0.08275200128555316
1789688255.882994,3.0000,traffic cone,0.1650,70,52,257,54,3.1631,3.1639,-0.6326379,0.034254342,3.09905,-0.69823575,0.064474486,3.0851846,0.12468654215335839,0.18249242790043355,0.05162500143051174,0.06623483002185815,0.42544260770082476,0.07675315141677874
1789688255.958104,3.0000,traffic cone,0.8221,165,35,84,8,3.8880,3.8852,1.0344408,0.11505793,3.746059,1.0703866,0.25717375,3.7259316,0.09057134985923754,0.36511425450444224,0.07315888404846227,0.0697727739810945,0.07360544502735139,0.04961173534393337
1789688255.992144,3.0000,traffic cone,0.7215,218,44,107,16,3.1542,4.7482,-0.7005731,0.06449929,3.0747833,-1.2352486,0.3535154,4.571038,0.06037434935569763,0.3640088774263859,0.06799200773239145,0.20795920491218567,0.0006904453039169312,0.05558741092681885
1789688256.036438,3.0000,traffic cone,0.6495,237,42,136,9,3.3551,3.3571,-0.014785897,0.24005249,3.3464217,0.007886678,0.26936716,3.3462954,0.11511695049703116,0.3232251800596714,0.08474781513214102,0.05940712839365005,0.06450816690921782,0.07714147567749041
1789688256.083771,3.0000,traffic cone,0.4903,393,65,303,51,3.1614,3.1684,-0.5342641,0.064763665,3.115227,-0.5326117,0.064520076,3.1226566,0.07140491008758543,0.5359685212373734,0.08859996795654279,0.061240166425704956,0.4573114439845085,0.07992565631866455
1789688256.129634,3.0000,traffic cone,0.2089,252,115,196,96,3.3884,3.3906,1.2971522,0.07575019,3.12941,1.3023105,0.012723796,3.1305342,0.13700600862503065,0.4460571140050888,0.09728457927703849,0.1278933882713318,0.4457167088985443,0.08007359504699707
1789688256.175056,3.0000,traffic cone,0.1657,69,52,43,32,3.1630,3.1636,-0.63115907,0.034226485,3.0992012,-0.614465,0.03416639,3.103209,0.12511439323425289,0.18248614855110645,0.046943533420562567,0.07505109310150149,0.18239707499742508,0.040379464626312256
1789688256.223752,3.0000,traffic cone,0.8225,163,34,84,9,3.8838,3.8859,1.0313711,0.11418256,3.7426155,1.0685148,0.2568611,3.7272618,0.08612813949584952,0.3657224077731371,0.07148401737213161,0.07868740558624254,0.07416799962520598,0.04395799636840847
1789688256.257014,3.0000,traffic cone,0.7249,215,42,106,17,3.1546,4.7482,-0.70042527,0.064449586,3.075181,-1.2293158,0.353522,4.572695,0.05918450355529781,0.36371612548828125,0.07207434177398708,0.22192330360412593,0.0008839607238769198,0.05868673324584961
1789688256.304676,3.0000,traffic cone,0.6497,237,44,136,9,3.3562,3.3604,-0.019268949,0.23865032,3.3476663,0.00627964,0.26954508,3.3495219,0.11752748154103757,0.32336044013500215,0.09657713174819937,0.05884198099374771,0.10487489402294159,0.07941017150878915
1789688256.355250,3.0000,traffic cone,0.4933,395,66,305,52,3.1643,3.1675,-0.5339666,0.0648427,3.1182494,-0.5315003,0.034496248,3.1223621,0.07208579778671265,0.5329420827329159,0.0867341160774231,0.06198162734508511,0.45431960895657536,0.0829438209533695
1789688256.404502,3.0000,traffic cone,0.2170,255,115,195,95,3.3890,3.3915,1.2951323,0.07584335,3.1308396,1.3015579,0.0127735585,3.131741,0.1384589552879334,0.4462530255317688,0.09190394878387442,0.12575933933258043,0.4451329469680786,0.07621707916259757
1789688256.453604,3.0000,traffic cone,0.1655,72,52,44,32,3.1653,3.1639,-0.6324158,0.034136847,3.101337,-0.61445135,0.03413333,3.1034746,0.12367962598800664,0.18229585178196428,0.049448561668396174,0.07511568069458008,0.182280083745718,0.0436881065368655
1789688256.525846,3.0000,traffic cone,0.8231,163,35,85,8,3.8821,3.8873,1.0306238,0.115282774,3.7410092,1.069011,0.2571566,3.7286112,0.09600625634193427,0.3143060714006424,0.07253637313842765,0.07001603841781634,0.07468725144863125,0.05118415355682382
1789688256.573678,3.0000,traffic cone,0.7229,216,42,106,17,3.1587,4.7456,-0.7004281,0.06456212,3.0794325,-1.2277908,0.35329744,4.570377,0.057371091842651434,0.3642434276640415,0.06717259883880633,0.2203316211700439,0.0010643839836120272,0.061628246307372514
1789688256.625516,3.0000,traffic cone,0.6526,237,42,136,9,3.3573,3.3589,-0.014029939,0.24048452,3.3486073,0.008682951,0.26908365,3.3481002,0.11412842161953443,0.3233218684792519,0.08650500774383563,0.05925430506467819,0.06501070857048036,0.08510303497314453
1789688256.676083,3.0000,traffic cone,0.4978,389,66,299,51,3.1621,3.1675,-0.53328234,0.06466661,3.1161475,-0.53053707,0.06447746,3.12212,0.07144081592559814,0.5329553261399269,0.08755409717559814,0.060319751501083374,0.45717816054821014,0.08109521865844727
1789688256.727206,3.0000,traffic cone,0.2156,252,115,196,97,3.3883,3.3924,1.2964962,0.012915283,3.1303878,1.302391,0.012688085,3.1324577,0.1352203130722045,0.44595474302768706,0.09150629043579084,0.12620005607604967,0.4457412242889404,0.08163347244262731
1789688256.788092,3.0000,traffic cone,0.1701,72,52,73,50,3.1638,3.1744,-0.6317033,0.034236267,3.099884,-0.6162306,-0.026646882,3.1138973,0.12494858205318449,0.18252426087856294,0.05134308338165283,0.07907353341579437,0.3053938657045364,0.0576799392700198
1789688256.846728,3.0000,traffic cone,0.8234,162,35,85,8,3.8832,3.8817,1.0317943,0.11337313,3.7419398,1.0677783,0.25734815,3.7231083,0.08802960515022284,0.3649000316858292,0.0739372253417967,0.06786665320396423,0.07387338280677794,0.043971014022827326
1789688256.892211,3.0000,traffic cone,0.7264,218,42,108,17,3.1567,4.7456,-0.7005142,0.06466639,3.0773022,-1.2271633,0.35345325,4.5704975,0.0588063478469848,0.36398267559707165,0.06803723573684684,0.22183744907379155,0.0007045865058898926,0.05904474258422798
1789688256.933919,3.0000,traffic cone,0.6551,239,44,137,10,3.3587,3.3691,-0.014052428,0.23992859,3.3500943,0.008145232,0.2690289,3.3583732,0.12422777935862543,0.3236351653933525,0.09907679557800275,0.0578128445893526,0.10006922930479051,0.08547950983047503
1789688256.968132,3.0000,traffic cone,0.4967,395,67,302,51,3.1653,3.1689,-0.533011,0.06496498,3.1194649,-0.531641,0.06456633,3.123365,0.07739279270172111,0.5295415684580803,0.09120690822601318,0.060731440782547,0.45737696439027786,0.08078205585479736
1789688257.012783,3.0000,traffic cone,0.2187,252,116,197,98,3.3886,3.3898,1.2981367,0.044413634,3.1297815,1.3016498,0.012718722,3.1299558,0.13837891817092896,0.4458489790558815,0.09105688333511353,0.12973806262016296,0.4451931372284889,0.08050235509872428
1789688257.058011,3.0000,traffic cone,0.1711,70,52,70,50,3.1645,3.1769,-0.63207215,0.03419128,3.1005735,-0.61688447,-0.026645124,3.1163135,0.12352579236030581,0.18236495442688466,0.05333354473114005,0.07998062670230865,0.30527653843164443,0.05776712894439662
1789688257.109618,3.0000,traffic cone,0.8212,157,32,84,8,3.8834,3.8867,1.0341328,0.11440334,3.7414532,1.0665576,0.25695667,3.7286632,0.08322335481643683,0.3254247419536114,0.07803895473480216,0.06825932264328016,0.07388423681259154,0.04549915790557835
1789688257.139708,3.0000,traffic cone,0.7285,216,42,106,17,3.1549,4.7504,-0.7005035,0.06450321,3.0754275,-1.2287395,0.3531946,4.575095,0.05819843411445613,0.36404926516115665,0.06684578657150286,0.22123053073883048,0.0007409453392028809,0.061027431488036576
1789688257.190234,3.0000,traffic cone,0.6579,237,43,139,10,3.3552,3.3639,-0.015340783,0.21155336,3.348521,0.007012531,0.2686708,3.3531175,0.11345660388469694,0.32357149571180344,0.09003441333770779,0.05773733183741568,0.10091401189565657,0.08187751770019513
1789688257.239577,3.0000,traffic cone,0.4968,391,67,301,52,3.1659,3.1698,-0.5338783,0.06481382,3.1199224,-0.53107363,0.034261703,3.1247962,0.07269732356071473,0.529593713581562,0.0860737085342409,0.06070533096790315,0.4539699129760265,0.08079255819320696
1789688257.289131,3.0000,traffic cone,0.2254,256,115,199,97,3.3898,3.3898,1.2973845,0.075816035,3.1307588,1.2996203,0.012733474,3.1307683,0.1377506494522096,0.4459616899490356,0.09422256946563712,0.1276200056076051,0.445612496137619,0.07983727455139178
1789688257.334974,3.0000,traffic cone,0.1749,69,52,70,50,3.1645,3.1753,-0.631729,0.03402873,3.100604,-0.6168876,-0.026707772,3.1147199,0.1238162994384765,0.1825370378792286,0.04694321155548087,0.07900941371917725,0.30520369708538053,0.059245407581329346
1789688257.406723,3.0000,traffic cone,0.8203,164,36,83,8,3.8844,3.8868,1.0333745,0.11462669,3.742694,1.0686201,0.2568304,3.728229,0.092699334025383,0.36515316739678383,0.07991695404052734,0.06926546096801767,0.07420328557491301,0.04887869358062735
1789688257.455848,3.0000,traffic cone,0.7257,216,43,108,16,3.1512,4.7508,-0.7011456,0.06458704,3.0715551,-1.2355536,0.35348284,4.5737023,0.057473063468933105,0.36403886303305627,0.06531639099121067,0.20542973279953003,0.00082378089427948,0.06372356414794922
1789688257.506309,3.0000,traffic cone,0.6617,236,43,137,10,3.3557,3.3658,-0.013408907,0.2128381,3.3489218,0.008621175,0.2691542,3.354978,0.11364414617419241,0.3234031766653061,0.09524183273315412,0.05773488394916056,0.10013520866632461,0.0954007863998414
1789688257.556844,3.0000,traffic cone,0.4969,391,68,304,53,3.1639,3.1671,-0.53388816,0.06480094,3.117883,-0.53277886,0.06462088,3.1213331,0.077580651640892,0.5267658479511738,0.09082376956939697,0.06594167947769164,0.4510251611471176,0.0801659584045411
1789688257.602668,3.0000,traffic cone,0.2242,251,114,196,96,3.3891,3.3909,1.2964239,0.04437191,3.131016,1.3007059,0.012785725,3.1315084,0.13765497803688054,0.44603549838066103,0.0951497793197631,0.12851476669311523,0.44553256407380104,0.07821464538574219
1789688257.647441,3.0000,traffic cone,0.1722,70,52,42,32,3.1642,3.1646,-0.63309216,0.03421648,3.100029,-0.6156779,0.034273088,3.1038988,0.1259346753358841,0.18250539042055608,0.05032229423522949,0.07625990808010097,0.18246448338031768,0.04049530029296866
1789688257.694904,3.0000,traffic cone,0.8212,165,35,85,8,3.8830,3.8830,1.0329891,0.11548796,3.7413177,1.0681757,0.2571761,3.7242832,0.08961322307586661,0.36477723643183707,0.0752892971038821,0.06897928118705754,0.0740194454789162,0.0465587615966796
1789688257.726415,3.0000,traffic cone,0.7300,217,42,106,17,3.1561,4.7466,-0.70044017,0.0644617,3.0766838,-1.2279369,0.3532281,4.5714116,0.05928169786930082,0.3640184596180916,0.06851841211318943,0.22354462146759047,0.0010187149047851118,0.055697154998779475
1789688257.777234,3.0000,traffic cone,0.6592,237,42,135,9,3.3573,3.3639,-0.014228083,0.23990317,3.348682,0.008791454,0.26943848,3.3531132,0.11662859432399267,0.32338513880968095,0.08505663871765146,0.05883242338895797,0.06477088332176209,0.0797517776489256
1789688257.825668,3.0000,traffic cone,0.4960,392,68,301,52,3.1660,3.1688,-0.5341836,0.06476865,3.119913,-0.5307207,0.0342689,3.1238513,0.07457652390003205,0.5263583958148956,0.09237128496170044,0.06142239868640903,0.45409588813781737,0.08148831129074097
1789688257.871034,3.0000,traffic cone,0.2254,253,115,196,96,3.3902,3.3908,1.2970434,0.075939775,3.131311,1.3002776,0.012849048,3.131516,0.13781282901763925,0.4462077707052231,0.09532835483551017,0.12768390774726868,0.4454629421234131,0.0772634744644165
1789688257.916168,3.0000,traffic cone,0.1701,72,52,44,32,3.1636,3.1637,-0.6321478,0.034189045,3.0996344,-0.6160886,0.034216277,3.102913,0.12500939965248103,0.1826067678630352,0.0487196326255801,0.07582619488239284,0.1825914952903986,0.039911091327667236
1789688257.987405,3.0000,traffic cone,0.8204,162,34,84,8,3.8865,3.8860,1.0309944,0.14934148,3.744303,1.0697566,0.2571013,3.7269976,0.09110970199108126,0.317903408780694,0.0722010374069213,0.06776173114776607,0.07379552721977237,0.0456143140792844
1789688258.036623,3.0000,traffic cone,0.7367,217,42,106,17,3.1575,4.7494,-0.7004633,0.064596705,3.0781226,-1.2283494,0.35342592,4.574154,0.05806765556335447,0.3638510927557945,0.06600837707519513,0.22244842052459735,0.0010755062103271484,0.056896591186522905
1789688258.086690,3.0000,traffic cone,0.6540,237,42,135,9,3.3567,3.3614,-0.014372829,0.24064574,3.3480482,0.010125488,0.26982552,3.3505707,0.11582062542438502,0.32350692376494405,0.09314131736755371,0.0588008739054203,0.06579550504684448,0.09148979187011719
1789688258.136512,3.0000,traffic cone,0.4966,392,67,304,52,3.1653,3.1684,-0.5324482,0.064783424,3.1195035,-0.53071815,0.034402117,3.1234927,0.07224227786064141,0.5296839788556098,0.08661484718322754,0.061500534415245056,0.4542107336223125,0.07848256826400757
1789688258.185772,3.0000,traffic cone,0.2251,255,116,199,99,3.3875,3.3894,1.2972264,0.044344537,3.1289806,1.3018811,0.012688905,3.129375,0.13817718625068665,0.4459512308239937,0.09162271022796631,0.12798413038253798,0.44545893371105194,0.08195705413818333
1789688258.231792,3.0000,traffic cone,0.1693,70,52,42,32,3.1645,3.1638,-0.6322011,0.034166485,3.1005173,-0.6149231,0.034166485,3.1032462,0.12388369143009181,0.18258153460919857,0.04706122875213614,0.07446367144584654,0.18255812935531138,0.04203344583511326
1789688258.292693,3.0000,traffic cone,0.8176,161,34,83,8,3.8837,3.8872,1.0318403,0.114783466,3.7423806,1.068196,0.25698975,3.7286956,0.09077389240264899,0.3179274458438158,0.07241759300231942,0.06962828636169438,0.07384975105524061,0.050206446647643954
1789688258.328956,3.0000,traffic cone,0.7326,217,42,108,17,3.1561,4.7494,-0.701545,0.06448715,3.07651,-1.229793,0.35344505,4.573786,0.05846425294876101,0.36406729444861413,0.06786196231842023,0.22282254695892334,0.0009939551353455034,0.057390880584716975
1789688258.377532,3.0000,traffic cone,0.6460,238,42,138,9,3.3583,3.3570,-0.015035905,0.23974375,3.3496559,0.006956637,0.2691172,3.3461483,0.11498705670237536,0.3237510286271572,0.0861972928047181,0.05921487882733344,0.0648865342140198,0.0771001815795902
1789688258.425063,3.0000,traffic cone,0.4949,393,67,301,51,3.1639,3.1666,-0.5337273,0.06492305,3.1179276,-0.5323037,0.064708576,3.12089,0.07769473791122433,0.5295722171664238,0.08837420940399143,0.05968773365020752,0.45739782601594925,0.07791030406951904
1789688258.456115,3.0000,traffic cone,0.2245,262,122,198,98,3.3882,3.3906,1.2914577,0.07589665,3.1315184,1.2999572,0.012691416,3.1315184,0.14786514043807975,0.4459424316883087,0.09196088314056405,0.12807766795158382,0.445407347381115,0.08159476518630981
1789688258.504088,3.0000,traffic cone,0.1668,69,52,42,32,3.1657,3.1670,-0.63287497,0.034201853,3.1016068,-0.6158579,0.0342995,3.1063113,0.12415470480918889,0.18241006657481193,0.05086374282836914,0.07417934536933901,0.18232449814677237,0.04146621227264369
1789688258.562901,3.0000,traffic cone,0.8152,163,36,84,8,3.8854,3.8836,1.0325539,0.114518225,3.7439005,1.0699989,0.25720024,3.724447,0.0939272940158844,0.3647534716874361,0.07452499866485596,0.06920122504234305,0.07345551550388338,0.04894192218780491
1789688258.606148,3.0000,traffic cone,0.7291,218,42,107,17,3.1583,4.7487,-0.7007663,0.064600244,3.0788705,-1.2275956,0.35324985,4.5736604,0.05948982238769529,0.3641652792692185,0.06708028316497794,0.22088537216186532,0.000980103015899625,0.06253080368042063
1789688258.651553,3.0000,traffic cone,0.6445,236,42,135,9,3.3578,3.3616,-0.01342348,0.2403486,3.3491273,0.009513386,0.26906782,3.3507838,0.11400124654173846,0.3236223101615906,0.09553139209747297,0.058936425298452375,0.06550337970256806,0.08147897720336905
1789688258.697575,3.0000,traffic cone,0.4935,392,67,302,52,3.1642,3.1667,-0.5328266,0.0647295,3.1183271,-0.5318403,0.034510642,3.1215415,0.07151664495468135,0.529561385512352,0.0892941951751709,0.06015388965606694,0.4539456754922867,0.08405625820159912
1789688258.743642,3.0000,traffic cone,0.2299,260,120,196,96,3.3892,3.3918,1.291726,0.07590386,3.1324155,1.3007317,0.012755342,3.1324155,0.14709270596504198,0.4460956692695618,0.09147543907165545,0.12847238779067993,0.4454570859670639,0.07874035835266113
1789688258.788465,3.0000,traffic cone,0.1654,70,52,42,32,3.1649,3.1658,-0.6324768,0.034137167,3.1008403,-0.61595976,0.034214005,3.1051536,0.124397873878479,0.1824487928301096,0.04728245735168457,0.07628971338272095,0.18248933106660842,0.03906891345977792
1789688258.859270,3.0000,traffic cone,0.8166,161,33,84,8,3.8857,3.8840,1.0340695,0.11503872,3.7438374,1.0672618,0.25670278,3.7256923,0.08698949813842771,0.3213443338871002,0.07558279037475568,0.07031667232513428,0.07406075894832609,0.05065243244171125
1789688258.908643,3.0000,traffic cone,0.7268,216,42,107,17,3.1573,4.7488,-0.70146376,0.064677976,3.077752,-1.2310336,0.3533845,4.572866,0.05667027831077576,0.3639738015830517,0.06655468940734854,0.22167725563049312,0.0012379169464111772,0.06137208938598615
1789688258.959352,3.0000,traffic cone,0.6453,238,42,137,9,3.3573,3.3589,-0.015041556,0.2397378,3.348737,0.00708887,0.2693741,3.3480263,0.11474804021418089,0.323517519980669,0.0896083950996398,0.058938454091548916,0.06596083045005796,0.07235183715820304
1789688259.009120,3.0000,traffic cone,0.4959,393,68,302,51,3.1633,3.1651,-0.5345178,0.06472094,3.1170974,-0.5307661,0.06469984,3.1195977,0.07875202298164369,0.5267356231808662,0.0875969171524047,0.06598338484764099,0.4262184649705887,0.07541418075561523
1789688259.059443,3.0000,traffic cone,0.2216,251,116,197,98,3.3887,3.3896,1.2975552,0.044468224,3.1301613,1.3005185,0.012689926,3.1301613,0.138368159532547,0.44597073644399643,0.09673309326171875,0.1308302462100983,0.4454371005296707,0.0829107880592348
1789688259.105502,3.0000,traffic cone,0.1623,70,52,43,32,3.1644,3.1659,-0.6318406,0.034218192,3.1004553,-0.6161754,0.034218192,3.1052089,0.12384151816368105,0.1826026149094105,0.052331721782684415,0.07466818094253536,0.1826044287532568,0.04121606349945095
1789688259.153121,3.0000,traffic cone,0.8131,163,34,84,8,3.8870,3.8833,1.0338717,0.11341539,3.7452629,1.0664797,0.25688675,3.7251303,0.08720124363899218,0.36484232880175116,0.07719788551330575,0.06835892796516418,0.0735916435718536,0.04460632801055908
1789688259.184631,3.0000,traffic cone,0.7232,218,42,107,17,3.1552,4.7462,-0.70056045,0.06453487,3.0757515,-1.2282699,0.35331106,4.570886,0.05890451967716215,0.36406877264380455,0.0655231595039365,0.22083759307861328,0.0007606744766235352,0.06311397552490305
1789688259.235216,3.0000,traffic cone,0.6412,238,44,139,10,3.3549,3.3645,-0.015373696,0.21032415,3.3482869,0.007214211,0.2693149,3.3536577,0.11517939791083337,0.32289908081293106,0.08966436386108434,0.05779630988836287,0.10060628205537797,0.08236546516418475
1789688259.280941,3.0000,traffic cone,0.4942,399,68,305,52,3.1652,3.1685,-0.533903,0.06470515,3.1191397,-0.53078336,0.034379475,3.123528,0.07419120669364931,0.5270170882344246,0.09112730026245108,0.06093381047248836,0.4540518671274185,0.08156342506408709
1789688259.326378,3.0000,traffic cone,0.2200,263,121,197,96,3.3886,3.3908,1.2923957,0.07601896,3.1315398,1.3006952,0.012833655,3.1313663,0.1484665870666504,0.4460524618625641,0.09182429313659668,0.12685874104499817,0.4452243968844414,0.08005142211914062
1789688259.371232,3.0000,traffic cone,0.1601,70,52,70,50,3.1644,3.1752,-0.6326976,0.034125738,3.1003342,-0.61780906,-0.026628967,3.114357,0.12506007552146914,0.18243073523044587,0.04902981519699123,0.0795613616704941,0.30524983555078505,0.05816928148269662
1789688259.443429,3.0000,traffic cone,0.8127,163,34,84,8,3.8852,3.8814,1.0352724,0.11424035,3.7430053,1.0687377,0.25716376,3.7225094,0.08427710533142085,0.3647658705711365,0.07809062004089373,0.06964935660362248,0.07324377596378326,0.04871523380279541
1789688259.486639,3.0000,traffic cone,0.7214,216,43,104,16,3.1584,4.7501,-0.7007547,0.06471577,3.078991,-1.235576,0.3533941,4.5729175,0.0602611839771271,0.3639831960201263,0.06373002529144323,0.20765763521194458,0.0008102208375930786,0.05630218982696533
1789688259.536761,3.0000,traffic cone,0.6414,237,42,137,9,3.3567,3.3577,-0.014715843,0.24024639,3.348105,0.0080498755,0.26937968,3.3468864,0.11493112407624717,0.32327495515346527,0.08975007534027135,0.05895061120390892,0.06579008400440214,0.07633166313171413
1789688259.584301,3.0000,traffic cone,0.4942,396,66,305,52,3.1616,3.1681,-0.53350675,0.064679354,3.1155572,-0.5304215,0.06455206,3.1226873,0.07046793401241302,0.5327976867556572,0.08495521545410156,0.06341854333877561,0.4542970575392246,0.07906157970428485
1789688259.629636,3.0000,traffic cone,0.2194,255,115,200,98,3.3896,3.3901,1.2985504,0.07588081,3.1300445,1.3010803,0.012788445,3.1304364,0.13760205507278456,0.44607592225074766,0.09552233219146755,0.1298887670040132,0.4456518739461899,0.08146665096282923
1789688259.674138,3.0000,traffic cone,0.1644,71,53,71,50,3.1649,3.1758,-0.63316673,0.06443095,3.1002152,-0.6156839,-0.026694667,3.1154823,0.1259676218032837,0.1825190395116806,0.051731204986572354,0.08056045770645137,0.3054074451327324,0.054289042949676514
1789688259.744101,3.0000,traffic cone,0.8127,165,36,85,8,3.8894,3.8887,1.0335631,0.1134838,3.747885,1.0677032,0.25703356,3.7303686,0.09093618392944336,0.3651479557156563,0.07503211498260498,0.06974871158599849,0.074345526099205,0.052338242530822754
1789688259.791203,3.0000,traffic cone,0.7199,216,42,105,17,3.1566,4.7513,-0.701278,0.06460326,3.0770142,-1.2287334,0.35334495,4.5760636,0.05974323749542243,0.36391270011663435,0.06649739742279026,0.22277061939239506,0.0007773518562316784,0.059646701812744674
1789688259.828356,3.0000,traffic cone,0.6366,239,43,137,10,3.3571,3.3700,-0.014009774,0.21216765,3.3503811,0.008201003,0.268955,3.3592331,0.11485517621040342,0.323631688952446,0.0870399236679078,0.057694918662309636,0.10039699375629427,0.09057304859161386
1789688259.865463,3.0000,traffic cone,0.4907,396,67,303,51,3.1653,3.1668,-0.5353465,0.06482543,3.118984,-0.5310929,0.06456049,3.1212382,0.07681963443756107,0.5299719348549843,0.0927837848663331,0.06133425235748291,0.457438163459301,0.08277618885040283
1789688259.897376,3.0000,traffic cone,0.2266,262,121,200,97,3.3896,3.3927,1.2922053,0.07590482,3.132673,1.3025728,0.012790471,3.132673,0.15002858638763428,0.44598017632961273,0.09039139747619629,0.1299368143081665,0.4457369357347488,0.07943325042724636
1789688259.943073,3.0000,traffic cone,0.1614,70,52,71,50,3.1641,3.1752,-0.63236976,0.03429932,3.1000361,-0.61592144,-0.026638865,3.114766,0.12367516160011283,0.18250671811401845,0.04850560426712036,0.08157112598419192,0.30522461235523224,0.05963400602340707
1789688260.014483,3.0000,traffic cone,0.8113,160,34,83,8,3.8867,3.8883,1.0361918,0.11441244,3.744247,1.0690758,0.2571706,3.7295551,0.08495449423789969,0.3655003823339939,0.07396321296691877,0.06822721362113948,0.07439033836126324,0.04498796463012722
1789688260.055717,3.0000,traffic cone,0.7236,218,43,103,16,3.1549,4.7473,-0.7007875,0.064574584,3.0753663,-1.2347414,0.35333386,4.570312,0.05909698605537417,0.36398772075772284,0.06729164123535192,0.20647132396697998,0.0008541196584701538,0.06105482578277588
1789688260.093567,3.0000,traffic cone,0.6351,235,43,137,10,3.3555,3.3684,-0.014377706,0.212538,3.3487594,0.008675773,0.26878396,3.3576465,0.11498918682336806,0.32327768355607983,0.09477024078369167,0.05768379643559454,0.1007658287882805,0.09300633668899572
1789688260.138551,3.0000,traffic cone,0.4894,392,67,302,52,3.1677,3.1683,-0.53317875,0.0647673,3.1217897,-0.53133315,0.034442715,3.123212,0.07192872166633602,0.5298217877745628,0.08965864181518546,0.06102141141891476,0.45412131473422046,0.08093527555465707
1789688260.184725,3.0000,traffic cone,0.2171,263,121,199,97,3.3894,3.3915,1.2921176,0.07574108,3.132535,1.2998143,0.012740135,3.132535,0.14665913581848145,0.44614195823669434,0.09448504447937012,0.12553768157958967,0.4450964033603668,0.08001494407653809
1789688260.228568,3.0000,traffic cone,0.1603,71,52,43,32,3.1658,3.1660,-0.63195765,0.034243107,3.1019423,-0.61546206,0.03426946,3.1054573,0.12404994964599603,0.18237578272819518,0.05087369680404663,0.07469631135463717,0.18235614299774172,0.04318645000457799
1789688260.298653,3.0000,traffic cone,0.8116,160,33,83,8,3.8892,3.8881,1.0350174,0.11379038,3.7471905,1.066564,0.2570698,3.730062,0.08252146244049086,0.36537626683712005,0.07509059906005877,0.06835608482360822,0.0743167743086815,0.04382946491241446
1789688260.346615,3.0000,traffic cone,0.7180,216,43,102,16,3.1572,4.7472,-0.7008102,0.06462875,3.077802,-1.2344556,0.35323158,4.570278,0.05788425207138059,0.36409607008099554,0.06484415531158483,0.2082975208759308,0.0009916871786117554,0.0570073127746582
1789688260.398120,3.0000,traffic cone,0.6283,237,43,139,10,3.3542,3.3645,-0.015495546,0.21222444,3.3474588,0.0071713254,0.26893923,3.3537574,0.11571302264928816,0.3234099015593529,0.08940558433532741,0.05777414366602897,0.10035260617733002,0.08485555648803711
1789688260.451430,3.0000,traffic cone,0.4864,392,67,304,52,3.1635,3.1688,-0.5327039,0.06471443,3.1176822,-0.53032166,0.03434597,3.1238894,0.0719818711280823,0.529788714647293,0.09006345272064209,0.06221148669719695,0.45431020557880397,0.08283598423004124
1789688260.512025,3.0000,traffic cone,0.2128,263,122,197,97,3.3897,3.3918,1.2913206,0.075811505,3.133142,1.3002495,0.012724668,3.1326864,0.14770385026931776,0.4462179899215698,0.09481217861175528,0.13035094738006592,0.4454893559217453,0.07946858406066903
1789688260.556834,3.0000,traffic cone,0.1575,71,52,44,32,3.1652,3.1663,-0.6315493,0.034111902,3.1013823,-0.61596507,0.034111902,3.105657,0.12347658872604372,0.1824852678924799,0.04573388099670428,0.07381905317306525,0.18236689157783986,0.04247328042984044
1789688260.600135,3.0000,traffic cone,0.8100,165,35,83,8,3.8829,3.8845,1.0348574,0.115394086,3.7406847,1.067914,0.25745332,3.7259848,0.08948190212249751,0.3647898942232132,0.07486457824707049,0.06797448396682748,0.07415426820516585,0.04211215972900373
1789688260.648144,3.0000,traffic cone,0.7195,215,42,102,17,3.1572,4.7447,-0.7007316,0.064614184,3.0777528,-1.2275807,0.3533051,4.5695014,0.05896778702735905,0.36402454487979413,0.0700823426246644,0.22241146564483638,0.0009329915046691895,0.06009016036987358
1789688260.697275,3.0000,traffic cone,0.6243,240,44,137,10,3.3558,3.3663,-0.014282059,0.24003977,3.3471484,0.008474242,0.2688729,3.3555787,0.11538143940269949,0.32310115173459053,0.0933828711509701,0.057729277946054924,0.09995328187942504,0.09333349466323826
1789688260.743326,3.0000,traffic cone,0.4875,389,66,301,52,3.1636,3.1697,-0.53434783,0.06484666,3.1174474,-0.53152597,0.06479012,3.1241136,0.0721864253282547,0.5327684693038464,0.08606773614883423,0.06245701909065243,0.45415678173303603,0.08013991117477426
1789688260.789191,3.0000,traffic cone,0.2095,260,121,196,97,3.3872,3.3901,1.293535,0.07608181,3.1295795,1.3032545,0.012734115,3.1295795,0.1494598388671875,0.44608600437641144,0.09573554992675781,0.12904038429260245,0.44563370048999784,0.08120450973510707
1789688260.834228,3.0000,traffic cone,0.1575,70,52,42,32,3.1649,3.1640,-0.6319729,0.034224205,3.1009245,-0.61487556,0.034381904,3.1035366,0.12292667925357814,0.18250396549701692,0.04710956811904898,0.07528693079948423,0.1824897028505802,0.03926842212676984
1789688260.904205,3.0000,traffic cone,0.8061,159,34,84,8,3.8844,3.8868,1.0329673,0.14943841,3.7415931,1.0688379,0.2573411,3.728127,0.09216944873332988,0.3180346615612507,0.07238214015960676,0.06871333122253409,0.07426508367061613,0.04683289527893031
1789688260.953709,3.0000,traffic cone,0.7169,215,42,103,17,3.1562,4.7490,-0.7013077,0.06466396,3.0766554,-1.2292482,0.3532667,4.5735116,0.057000094652175815,0.3640656292438507,0.06865030527114868,0.22308940887451167,0.0010524511337280384,0.05873708724975657
1789688261.003144,3.0000,traffic cone,0.6222,238,42,136,9,3.3563,3.3581,-0.014156181,0.2400279,3.3477006,0.008785814,0.26957834,3.347282,0.11491484120488163,0.3228979341685772,0.08694894313812229,0.05914572328329086,0.06515853404998778,0.07977905273437536
1789688261.052800,3.0000,traffic cone,0.4860,392,68,304,53,3.1660,3.1694,-0.53341734,0.06492737,3.1200728,-0.53114283,0.06468184,3.1239333,0.07718908488750459,0.5266197927296161,0.08931547403335571,0.06547157764434813,0.4511642694473267,0.08367972373962385
1789688261.100364,3.0000,traffic cone,0.2063,254,114,197,96,3.3891,3.3913,1.2963336,0.044518888,3.1310444,1.300574,0.012699522,3.131923,0.13480995893478398,0.44622098207473754,0.09188133478164673,0.1267024278640747,0.4454096183180809,0.08134043216705322
1789688261.145767,3.0000,traffic cone,0.1571,70,52,42,32,3.1645,3.1657,-0.6333196,0.034229092,3.1003127,-0.6166004,0.034219615,3.1048307,0.12371039092540737,0.18249906189739704,0.04957479238510132,0.07483386397361758,0.18244591504335403,0.042396926879882724
1789688261.216144,3.0000,traffic cone,0.8106,163,35,84,8,3.8858,3.8847,1.0324373,0.11409029,3.7444243,1.0675945,0.25690746,3.7263172,0.08984943628311148,0.3647804282605648,0.08012442588806179,0.06935767531394954,0.07354028075933455,0.04900972843170193
1789688261.264397,3.0000,traffic cone,0.7122,215,42,104,17,3.1560,4.7487,-0.70084035,0.06455072,3.0765243,-1.228868,0.35342374,4.573263,0.05804570019245148,0.3639424812048674,0.0704905271530154,0.22166993618011466,0.0010739922523498313,0.05964946746826172
1789688261.295690,3.0000,traffic cone,0.6230,236,42,137,9,3.3557,3.3547,-0.0149698965,0.23938741,3.3471246,0.007692918,0.26922247,3.3439007,0.11542313471436495,0.32340264692902565,0.09000844955444354,0.05897244587540626,0.06587110757827758,0.07030878067016566
1789688261.326850,3.0000,traffic cone,0.4844,395,67,307,51,3.1619,3.1688,-0.5331851,0.06486204,3.115899,-0.53170234,0.06483613,3.123167,0.0779931724071502,0.5298783868551253,0.08836150169372559,0.06643146276473999,0.4260741025209427,0.08052182197570801
1789688261.370482,3.0000,traffic cone,0.2040,263,122,198,97,3.3886,3.3905,1.2929974,0.07596575,3.1313355,1.3004164,0.012769714,3.131126,0.14852418303489667,0.44586405009031294,0.098380446434021,0.1285021066665648,0.4452076405286789,0.08056726455688468
1789688261.415081,3.0000,traffic cone,0.1585,70,52,43,32,3.1641,3.1657,-0.6320359,0.03419777,3.100143,-0.6161115,0.03420542,3.1049721,0.12304043769836426,0.1824535708874464,0.04986650943756077,0.07462221682071679,0.18253572061657905,0.03873512744903573
1789688261.485705,3.0000,traffic cone,0.8113,165,34,87,8,3.8820,3.8852,1.0311961,0.11461705,3.7408054,1.0683155,0.25712857,3.7265997,0.08980414569377904,0.3179096657782793,0.07268388271331805,0.06835411787033085,0.07464513778686524,0.047355151176452726
1789688261.535701,3.0000,traffic cone,0.7169,217,42,105,17,3.1551,4.7484,-0.70054245,0.06451872,3.0756702,-1.2286888,0.35337195,4.57305,0.05806137025356284,0.3638738222420216,0.06742801666259757,0.22345149517059326,0.0008769869804381991,0.05565462112426722
1789688261.587012,3.0000,traffic cone,0.6282,236,43,136,10,3.3546,3.3664,-0.014218979,0.21340352,3.3477805,0.008861255,0.26937598,3.3555737,0.11416119039058684,0.3230648890137673,0.09453749656677246,0.0576982446014881,0.10084765106439592,0.09374504089355451
1789688261.636773,3.0000,traffic cone,0.4885,393,66,303,51,3.1652,3.1698,-0.53425795,0.06477188,3.1190753,-0.5313546,0.06474252,3.1243033,0.07266610860824585,0.5326633490622044,0.0859827995300293,0.06053510308265686,0.45717786997556686,0.0800241231918335
1789688261.697799,3.0000,traffic cone,0.2024,262,120,197,96,3.3888,3.3918,1.2909131,0.07597481,3.1323843,1.301008,0.012754731,3.1323843,0.14487711787223811,0.44623083174228667,0.09214601516723642,0.12645316123962402,0.4455285593867302,0.076413094997406
1789688261.745955,3.0000,traffic cone,0.1591,70,52,43,32,3.1652,3.1671,-0.63273484,0.03424716,3.1011124,-0.61539465,0.03430935,3.1065664,0.1239361643791198,0.18248723372817038,0.05269869565963736,0.07569750249385832,0.18248082026839255,0.04217894077300999
1789688261.810940,3.0000,traffic cone,0.8129,164,34,86,8,3.8855,3.8853,1.0324647,0.11480613,3.7440891,1.0678403,0.25708067,3.7268062,0.0898708283901215,0.31772263571619985,0.07220711708068883,0.06829029321670532,0.07357304990291597,0.044832491874694735
1789688261.849920,3.0000,traffic cone,0.7197,215,41,105,17,3.1549,4.7509,-0.7019864,0.0646182,3.0751593,-1.230792,0.35338387,4.5750484,0.05616629123687744,0.3639885187149048,0.06572175025939941,0.2219770431518555,0.0009638667106628418,0.058599853515625355
1789688261.892428,3.0000,traffic cone,0.6299,237,43,137,10,3.3558,3.3645,-0.0141328275,0.21247885,3.3490129,0.008055687,0.26930022,3.353659,0.11487174108624457,0.3235569164156914,0.0933163642883299,0.05777674913406371,0.10035058408975603,0.0910414457321167
1789688261.940399,3.0000,traffic cone,0.4839,395,67,302,52,3.1642,3.1690,-0.53313553,0.06478892,3.1182628,-0.53103495,0.06474396,3.1235585,0.07556850910186763,0.529714971780777,0.08768177032470703,0.06603082120418541,0.4543764740228653,0.07805720567703256
1789688261.979858,3.0000,traffic cone,0.2032,264,121,198,97,3.3888,3.3915,1.2918882,0.07594994,3.1319635,1.3010495,0.012704223,3.1319635,0.1486905813217163,0.44623927772045135,0.09603667259216309,0.1296620845794676,0.44573797285556793,0.07926769256591815
1789688262.011297,3.0000,traffic cone,0.1595,71,52,68,47,3.1648,3.1756,-0.6321077,0.03418141,3.1008134,-0.6181174,-0.05707869,3.114374,0.12391892969608309,0.18255785331130028,0.046236300468444735,0.07528102993965158,0.3051932692527771,0.06340501308441127
1789688262.064753,3.0000,traffic cone,0.8113,160,34,84,8,3.8853,3.8845,1.0340817,0.11434725,3.7434096,1.0680007,0.25660306,3.7259972,0.08409441113471994,0.3650176789611578,0.07718164920806858,0.06990005970001234,0.07352683097124102,0.04867477416992161
1789688262.106475,3.0000,traffic cone,0.7204,216,43,101,16,3.1581,4.7487,-0.7007375,0.06467821,3.0787272,-1.2352381,0.3534431,4.571603,0.059485340118408225,0.36402508392930033,0.06742346286773682,0.20757704973220825,0.0009956210851669312,0.05708110332489014
1789688262.157075,3.0000,traffic cone,0.6308,237,42,137,9,3.3567,3.3582,-0.015500311,0.23937833,3.3480856,0.0068479106,0.26962578,3.34738,0.11602103784680362,0.3234170407056809,0.09341534376144445,0.058785309642553324,0.06622257828712463,0.07865319252014125
1789688262.206430,3.0000,traffic cone,0.4846,397,68,305,53,3.1660,3.1678,-0.5325495,0.06471033,3.120182,-0.5307541,0.06468414,3.122331,0.07583131790161135,0.5265571281313897,0.089302659034729,0.06618916392326352,0.42624378204345703,0.08015928268432626
1789688262.255457,3.0000,traffic cone,0.2048,264,120,198,97,3.3892,3.3911,1.2936281,0.076063484,3.1316257,1.3002181,0.012802318,3.1318796,0.14741192460060115,0.44588582068681715,0.0948266625404357,0.1289763689041139,0.44530467689037323,0.07990674972534206
1789688262.300519,3.0000,traffic cone,0.1629,70,52,42,32,3.1640,3.1627,-0.63123447,0.034158237,3.1002307,-0.61621,0.034270033,3.1018705,0.12378880977630613,0.1825840763747692,0.04915077686309832,0.07485370039939876,0.18260224275290968,0.040049481391907005
1789688262.371152,3.0000,traffic cone,0.8123,161,35,82,8,3.8858,3.8848,1.0340651,0.11488584,3.7439256,1.0689815,0.25715336,3.7259169,0.09023703336715694,0.36481766700744633,0.0757810592651369,0.06841664314270024,0.07364776283502578,0.04447393417358425
1789688262.419959,3.0000,traffic cone,0.7236,216,43,106,16,3.1533,4.7508,-0.6991203,0.06455761,3.0741591,-1.2351387,0.3533147,4.5738115,0.0598290801048279,0.36387202739715574,0.06883912086486799,0.20688900351524353,0.0009982585906982422,0.05926942825317383
1789688262.469329,3.0000,traffic cone,0.6336,239,42,137,9,3.3579,3.3582,-0.0148654245,0.2399132,3.3492515,0.008163586,0.2694968,3.3473206,0.11591242030262941,0.32377626448869706,0.09060924053192121,0.059003268927335734,0.06547918915748596,0.07427892684936532
1789688262.521019,3.0000,traffic cone,0.4885,394,67,299,51,3.1651,3.1700,-0.533834,0.06505883,3.119062,-0.53055924,0.064624816,3.1245685,0.07341966032981867,0.5298038378357888,0.09254460334777859,0.060681432485580444,0.45739995688199997,0.08085203170776367
1789688262.565787,3.0000,traffic cone,0.1976,262,121,197,97,3.3888,3.3918,1.290933,0.07588789,3.132361,1.301069,0.012646228,3.132361,0.1477299928665161,0.4460601359605789,0.09139108657836914,0.12925233840942374,0.445283505320549,0.08013410568237322
1789688262.610404,3.0000,traffic cone,0.1602,70,52,44,32,3.1671,3.1649,-0.63259375,0.03428705,3.1030827,-0.6151475,0.034351654,3.1043522,0.12463037371635433,0.18248742520809175,0.051892685890197576,0.07594935894012445,0.18248742520809175,0.04176735877990723
1789688262.663146,3.0000,traffic cone,0.8140,160,35,82,8,3.8842,3.8886,1.035454,0.11355792,3.7419195,1.068112,0.2572762,3.730134,0.08726598620414738,0.36535500884056094,0.07349629402160662,0.06855682134628283,0.07398802042007446,0.04389300346374547
1789688262.702580,3.0000,traffic cone,0.7218,216,43,106,16,3.1562,4.7496,-0.7010503,0.06460537,3.0766406,-1.2349172,0.3532762,4.5725775,0.05717099308967588,0.36382794976234434,0.0710186004638671,0.2088831663131714,0.001228049397468567,0.05209147930145264
1789688262.733687,3.0000,traffic cone,0.6356,235,42,137,9,3.3561,3.3562,-0.0148458965,0.24016964,3.347419,0.007536255,0.2695021,3.3453364,0.11530529558658595,0.3232056587934494,0.09369595050811785,0.05889651328325271,0.06604346334934236,0.07931509017944327
1789688262.764621,3.0000,traffic cone,0.4898,395,68,301,52,3.1633,3.1663,-0.5348259,0.064865686,3.11707,-0.53093266,0.06471612,3.1207855,0.07832362949848176,0.5268837004899978,0.09320704936981228,0.06510215401649472,0.4541483864188194,0.08197643756866446
1789688262.812649,3.0000,traffic cone,0.1961,261,121,197,97,3.3886,3.3903,1.292904,0.07581855,3.1313562,1.2993902,0.012721047,3.1313562,0.14636707305908203,0.44606225192546844,0.09242630004882812,0.12921700477600107,0.44526897370815277,0.07923164367675772
1789688262.857055,3.0000,traffic cone,0.1641,72,52,44,32,3.1640,3.1659,-0.6331221,0.034226634,3.0998363,-0.6165613,0.034278452,3.105085,0.125887382030487,0.1823472835123539,0.04724419116973877,0.07486865818500521,0.18226056061685086,0.04273982048034641
1789688262.916229,3.0000,traffic cone,0.8153,159,33,83,8,3.8890,3.8869,1.0352932,0.113939434,3.7469113,1.067117,0.2572477,3.728664,0.0861534953117371,0.3217447102069855,0.07438154220581072,0.06708124876022326,0.07439264953136443,0.038502240180969594
1789688262.955124,3.0000,traffic cone,0.7230,218,44,104,16,3.1572,4.7493,-0.7011827,0.06462631,3.0777116,-1.2355611,0.35315493,4.5721674,0.06018899381160736,0.363851635530591,0.06915942430496225,0.207794189453125,0.0009703338146209717,0.0556563138961792
1789688262.999868,3.0000,traffic cone,0.6339,239,43,139,10,3.3545,3.3642,-0.01539892,0.21243098,3.3477461,0.0067505017,0.2690163,3.3534276,0.11536023169755935,0.3231549054384231,0.09076998233795175,0.05837997756898402,0.09998112767934803,0.08459393978118879
1789688263.046503,3.0000,traffic cone,0.4890,394,66,303,52,3.1672,3.1709,-0.5340253,0.064906694,3.1211622,-0.5323607,0.034516685,3.125682,0.07216310501098633,0.5330904796719551,0.08775526285171509,0.06310108304023748,0.45445647090673447,0.07794793844223014
1789688263.092399,3.0000,traffic cone,0.1981,264,122,200,98,3.3892,3.3915,1.2922173,0.07598521,3.1322155,1.3004053,0.01274211,3.1322155,0.1470427155494689,0.44598002135753634,0.09269380569458008,0.12815085649490343,0.44535511881113055,0.07806538343429548
1789688263.137698,3.0000,traffic cone,0.1619,72,52,42,31,3.1657,3.1640,-0.632125,0.034282766,3.1017694,-0.616878,0.003974378,3.103232,0.12371383905410771,0.182553780823946,0.04887702465057364,0.07261985540390015,0.18247180432081223,0.04120492935180664
1789688263.208917,3.0000,traffic cone,0.8150,161,34,85,8,3.8836,3.8846,1.0307825,0.14984877,3.7413318,1.0684397,0.25724238,3.725923,0.09061441421508787,0.3176284853368998,0.0747525691986084,0.06870023012161264,0.07427669018507002,0.044171810150146484
1789688263.242668,3.0000,traffic cone,0.7238,215,42,104,17,3.1583,4.7466,-0.70130146,0.064602375,3.078744,-1.2284358,0.35353726,4.5711937,0.05642789304256446,0.36414815708994863,0.06638410091400138,0.22078475952148424,0.0009324789047241433,0.061428928375244496
1789688263.286974,3.0000,traffic cone,0.6368,238,42,137,10,3.3582,3.3676,-0.014682047,0.24003032,3.3495436,0.0031620972,0.26948702,3.3567576,0.11723194047808642,0.3230572290718556,0.08979344367980957,0.057846891134977325,0.101972371339798,0.07470556497573844
1789688263.333243,3.0000,traffic cone,0.4921,394,68,302,52,3.1627,3.1680,-0.5332105,0.06488461,3.1167836,-0.53029513,0.064724326,3.1226418,0.07875128090381622,0.5266112469136714,0.08606156110763541,0.06454498767852779,0.4544805571436882,0.07701241970062256
1789688263.378486,3.0000,traffic cone,0.1937,258,120,193,96,3.3890,3.3922,1.2910453,0.07594958,3.132577,1.3013872,0.012761176,3.132577,0.14566338062286377,0.44606298506259917,0.09111472368240392,0.12744301557540894,0.44567137211561203,0.07858198881149292
1789688263.423964,3.0000,traffic cone,0.1623,70,52,44,32,3.1637,3.1664,-0.63246775,0.034270547,3.0996876,-0.6165067,0.034270547,3.1056128,0.12467427849769586,0.1825408186763525,0.04750524759292585,0.07504352927207947,0.1825944021344185,0.040159201622009366
1789688263.471814,3.0000,traffic cone,0.8161,163,34,87,9,3.8853,3.8875,1.0322859,0.114755526,3.7438927,1.0704308,0.25731757,3.7283924,0.08888932168483743,0.3183743167668581,0.07341840267181388,0.07984111309051523,0.07448065280914307,0.047327613830566495
1789688263.503565,3.0000,traffic cone,0.7215,218,42,105,17,3.1560,4.7482,-0.7008393,0.06463279,3.0764723,-1.2297201,0.35340703,4.572544,0.057259064912795976,0.36418464630842207,0.06580061912536639,0.22107710838317884,0.0005718946456909624,0.06185369491577131
1789688263.554316,3.0000,traffic cone,0.6378,239,45,140,11,3.3568,3.3717,-0.02158092,0.20972049,3.3501678,0.0010288879,0.26881805,3.3609867,0.1204044640064239,0.3235669732093811,0.08953132629394522,0.05651571974158287,0.13150960206985474,0.0897759199142456
1789688263.599664,3.0000,traffic cone,0.4914,395,67,302,52,3.1633,3.1685,-0.53393483,0.06484106,3.1172078,-0.5318453,0.06453716,3.1228998,0.07474717497825617,0.5297900885343552,0.08931384086608896,0.06433685421943658,0.4541383236646652,0.08305940628051767
1789688263.645140,3.0000,traffic cone,0.1885,257,116,199,97,3.3881,3.3912,1.2952578,0.075713366,3.1298013,1.3026468,0.01285398,3.1309638,0.13770505785942078,0.44611284136772156,0.09462487697601318,0.12737495899200435,0.4459619790315628,0.08079648017883301
1789688263.689724,3.0000,traffic cone,0.1618,70,52,42,32,3.1659,3.1664,-0.6314651,0.034251697,3.1020641,-0.61607474,0.03429039,3.1057143,0.12547903358936308,0.1825852055102587,0.0512694478034974,0.07556576430797579,0.18255304358899593,0.04159587621688843
1789688263.759893,3.0000,traffic cone,0.8170,163,35,84,8,3.8859,3.8859,1.0333786,0.11514352,3.7441611,1.0695531,0.25709596,3.7269797,0.08984246253967298,0.3650884464383125,0.07830467224121129,0.06808578372001661,0.07362083941698078,0.04737594127655065
1789688263.809941,3.0000,traffic cone,0.7239,216,42,104,17,3.1549,4.7509,-0.70075375,0.06451864,3.0754263,-1.2294686,0.35346186,4.5754285,0.05671420693397522,0.3641433447599411,0.07036604881286657,0.2224590539932252,0.0006274223327636386,0.05684938430786168
1789688263.860679,3.0000,traffic cone,0.6390,235,43,137,10,3.3567,3.3652,-0.014604934,0.21363048,3.3498335,0.008739661,0.26894212,3.3544416,0.11334478110074996,0.3234026297926903,0.09435322284698477,0.057846978679299346,0.09998973906040193,0.09893779754638654
1789688263.909746,3.0000,traffic cone,0.4919,393,67,301,52,3.1655,3.1670,-0.53417534,0.064855665,3.119473,-0.53180456,0.06473329,3.121398,0.07571116089820862,0.529742494225502,0.09013960361480677,0.06554001867771142,0.45432790815830226,0.08160001039505005
1789688263.958048,3.0000,traffic cone,0.1878,254,114,196,96,3.3922,3.3938,1.2961583,0.04452543,3.1345263,1.3001935,0.012800992,3.1347876,0.1365868091583251,0.4462134182453156,0.09275786876678493,0.1267930567264557,0.4454061985015869,0.08063840866088867
1789688264.005836,3.0000,traffic cone,0.1601,70,52,43,32,3.1646,3.1648,-0.6318326,0.034196973,3.1007102,-0.6167721,0.034196973,3.103881,0.12484298646450043,0.18245913311839104,0.05045591592788723,0.07480142414569846,0.18249548152089118,0.04018292427062997
1789688264.062093,3.0000,traffic cone,0.8152,161,33,82,8,3.8836,3.8841,1.0332607,0.11506294,3.7418258,1.0681794,0.25711203,3.725521,0.08631895780563359,0.32146377563476564,0.07299442291259783,0.06761155128479013,0.07390749007463454,0.04387767314910862
1789688264.104264,3.0000,traffic cone,0.7197,215,42,104,17,3.1596,4.7527,-0.70108473,0.0645847,3.0801373,-1.2289335,0.35343367,4.5774584,0.057462850213050864,0.36398961655795575,0.06695290803909293,0.22034223079681392,0.0013624072074890359,0.06412391662597638
1789688264.156408,3.0000,traffic cone,0.6388,238,44,138,11,3.3567,3.3793,-0.014229376,0.21113218,3.3500228,0.0076276585,0.26877832,3.368607,0.11329113990068437,0.3233520805835724,0.10473647117614737,0.05659313127398491,0.13004770874977112,0.09039485454559326
1789688264.197656,3.0000,traffic cone,0.4909,399,68,303,51,3.1645,3.1661,-0.5345323,0.064907715,3.1183736,-0.5310045,0.06478757,3.120564,0.07882626354694361,0.526915618032217,0.09133790731430036,0.06495466828346252,0.42634449899196625,0.07427144050598145
1789688264.230563,3.0000,traffic cone,0.1889,252,114,197,97,3.3877,3.3898,1.2952523,0.044453725,3.1300392,1.3007867,0.012721539,3.130299,0.13558179736137377,0.44628562331199645,0.09148476123809823,0.1251603364944458,0.44551253914833067,0.08079166412353533
1789688264.274590,3.0000,traffic cone,0.1600,71,52,44,32,3.1635,3.1657,-0.63224375,0.03421163,3.0995302,-0.6162406,0.03421163,3.104947,0.12373301982879636,0.1826207686215639,0.048675191402435036,0.07496777474880223,0.18262929245829582,0.04156169891357431
1789688264.345533,3.0000,traffic cone,0.8158,165,35,84,8,3.8855,3.8870,1.0338745,0.1158659,3.7436297,1.0700511,0.25728786,3.7279277,0.09313941597938524,0.31430261358618733,0.07727794647216779,0.06904846429824829,0.07365841418504715,0.04730718135833767
1789688264.394506,3.0000,traffic cone,0.7226,215,41,104,17,3.1581,4.7446,-0.7016975,0.0646655,3.078469,-1.2301993,0.35328794,4.5687323,0.05540198087692261,0.3641860783100128,0.06727170944213867,0.2231849193572999,0.0008738160133361927,0.056250000000000355
1789688264.441966,3.0000,traffic cone,0.6350,238,43,138,10,3.3575,3.3695,-0.0135721415,0.21262531,3.350737,0.003939014,0.26938,3.3586638,0.11535209044814108,0.3234343156218529,0.09272270202636701,0.05777980983257292,0.1023345813155174,0.080751585960388
1789688264.487367,3.0000,traffic cone,0.4872,395,66,303,51,3.1632,3.1706,-0.53329027,0.06486197,3.1172347,-0.53099775,0.06466822,3.1251187,0.0720948725938797,0.5328478738665581,0.08944928646087646,0.0619330108165741,0.4574696123600006,0.08197081089019775
1789688264.531716,3.0000,traffic cone,0.1935,251,113,197,97,3.3898,3.3926,1.2951137,0.07606216,3.1317458,1.3016999,0.0128233135,3.1329162,0.1351608514785767,0.4462905645370483,0.09194703102111834,0.12627618312835676,0.4455509513616562,0.08178348541259739
1789688264.576355,3.0000,traffic cone,0.1606,69,52,42,32,3.1640,3.1641,-0.632154,0.034039848,3.100009,-0.61540806,0.034242608,3.1034524,0.12184845507144926,0.1826566882431507,0.046326184272766024,0.07515229284763336,0.1825891647487879,0.041814422607421964
1789688264.647304,3.0000,traffic cone,0.8157,157,34,82,8,3.8873,3.8888,1.0329752,0.1496196,3.744581,1.0700028,0.25706342,3.729884,0.09237709045410147,0.3180757943540812,0.07335662841796875,0.06827753186225882,0.07357664406299591,0.04883730411529541
1789688264.681576,3.0000,traffic cone,0.7218,216,42,106,17,3.1585,4.7461,-0.7020699,0.064592995,3.078792,-1.2298607,0.35332352,4.5702963,0.056735068559646606,0.3638562224805355,0.07152280807495126,0.2229752540588379,0.0006478548049926869,0.054664516448974965
1789688264.725515,3.0000,traffic cone,0.6410,238,42,138,10,3.3559,3.3677,-0.014236588,0.24010465,3.3472672,0.0031552278,0.26892745,3.3569689,0.11444325596094126,0.3232541404664516,0.08453397750854474,0.05813807416707276,0.10173248201608656,0.07902448177337673
1789688264.770914,3.0000,traffic cone,0.4888,395,69,302,53,3.1651,3.1710,-0.53282493,0.06478508,3.1192517,-0.5319633,0.06451933,3.125361,0.07810581326484678,0.5237403631210327,0.09091510772705069,0.06487540602684022,0.4512749969959259,0.07754359245300302
1789688264.816113,3.0000,traffic cone,0.1921,253,114,198,97,3.3903,3.3929,1.2965252,0.04434698,3.132325,1.3002977,0.01286459,3.133811,0.135771244764328,0.4460934937000275,0.09360792636871329,0.12615945339202872,0.44533042013645174,0.08124928474426252
1789688264.860707,3.0000,traffic cone,0.1615,71,52,43,32,3.1655,3.1667,-0.6332962,0.034244873,3.1013446,-0.61612505,0.034281082,3.1060445,0.12384870648384094,0.18245184011757376,0.048630154132843106,0.0754424721002579,0.1825434286147356,0.040091967582702726
1789688264.909185,3.0000,traffic cone,0.8163,161,33,84,8,3.8878,3.8856,1.0348047,0.113778114,3.7458777,1.0683498,0.25708464,3.7269874,0.0825549602508544,0.3653213709592819,0.07906084060668928,0.0683825790882111,0.07347545325756072,0.047528862953186035
1789688264.941466,3.0000,traffic cone,0.7187,217,43,105,17,3.1598,4.7527,-0.6995309,0.06458764,3.0806775,-1.2322516,0.35334274,4.5765224,0.056042104959487915,0.3640466004610062,0.06903991699218714,0.22166798114776598,0.0008694052696228138,0.05979671478271431
1789688264.992197,3.0000,traffic cone,0.6424,237,43,139,11,3.3557,3.3748,-0.01463332,0.2118367,3.3490152,0.0076898485,0.26855406,3.3641136,0.1152821384370327,0.32321457415819166,0.09579820632934544,0.056610871106386185,0.12989573180675507,0.08437705039978027
1789688265.038971,3.0000,traffic cone,0.4903,394,68,300,52,3.1655,3.1711,-0.53523886,0.06497053,3.1192787,-0.5329851,0.06471668,3.125317,0.07679751217365266,0.5268132470548152,0.08874692916870108,0.06469785571098319,0.42633186727762223,0.07940113544464111
1789688265.084294,3.0000,traffic cone,0.1891,253,115,196,97,3.3915,3.3926,1.2978542,0.07601857,3.1324534,1.3015196,0.0127776265,3.1330392,0.13780636787414569,0.4459273338317871,0.09341285228729213,0.1278115034103393,0.44552028477191924,0.08068566322326642
1789688265.128306,3.0000,traffic cone,0.1638,71,52,43,32,3.1645,3.1651,-0.6324395,0.034371525,3.1004183,-0.6166254,0.034343407,3.1042848,0.12577633261680599,0.18245707042515277,0.05213451385498047,0.0748731940984726,0.18239411488175392,0.04451433420181283
1789688265.199845,3.0000,traffic cone,0.8146,167,36,85,8,3.8868,3.8844,1.0332603,0.114598215,3.7452273,1.0686904,0.25725013,3.7256188,0.09212879836559296,0.36494542099535465,0.07558596134185791,0.06747106909751888,0.07392921447753906,0.039776968955993475
1789688265.249147,3.0000,traffic cone,0.7189,218,43,105,16,3.1539,4.7501,-0.70061773,0.06456092,3.0744443,-1.2358526,0.35346165,4.5728483,0.058488535881042414,0.36415971368551253,0.06747932434082049,0.20860788226127625,0.0009943246841430664,0.053254008293151855
1789688265.299278,3.0000,traffic cone,0.6418,237,42,137,10,3.3580,3.3682,-0.014185701,0.24000701,3.3493967,0.0028837956,0.2692876,3.3573718,0.11498757861554618,0.32336596921086314,0.09244647026062003,0.057992541231214986,0.1020852893590927,0.07783000469207746
1789688265.348233,3.0000,traffic cone,0.4903,395,67,301,52,3.1671,3.1677,-0.5338618,0.06487115,3.1210732,-0.53041506,0.064706095,3.1223361,0.07583751678466799,0.5299359619617462,0.08585095405578613,0.06440956890583033,0.4542531013488769,0.08008544445037868
1789688265.397088,3.0000,traffic cone,0.1925,254,114,196,95,3.3889,3.3917,1.2963204,0.044515446,3.130828,1.3021078,0.012773678,3.1317437,0.13455999493598947,0.446120485663414,0.09325731992721531,0.1255433201789855,0.44584809243679047,0.0760371446609498
1789688265.441837,3.0000,traffic cone,0.1670,70,52,42,32,3.1648,3.1647,-0.63266826,0.034229964,3.1006832,-0.61593014,0.03428354,3.104023,0.12450049221515658,0.18237701132893563,0.054756784439086825,0.07414214909076688,0.18239403888583183,0.04460883140563965
1789688265.512150,3.0000,traffic cone,0.8160,160,34,84,8,3.8848,3.8883,1.0322125,0.114713654,3.7433605,1.0691221,0.2571407,3.7295563,0.09066149294376369,0.31797249615192413,0.07509675025939933,0.06958695054054265,0.07360795438289644,0.04959089756011936
1789688265.545503,3.0000,traffic cone,0.7238,215,41,106,17,3.1583,4.7500,-0.7012745,0.06476565,3.0788014,-1.2286255,0.3532567,4.574773,0.05708402395248413,0.3639417737722397,0.0664668083190918,0.2228021144866943,0.000951194763183616,0.05545330047607422
1789688265.590678,3.0000,traffic cone,0.6445,238,42,138,9,3.3564,3.3574,-0.014408,0.23988849,3.34778,0.008123226,0.269794,3.3465734,0.115971490740776,0.32361891046166424,0.08782300949096644,0.058944708853960026,0.06519353091716767,0.07328510284423828
1789688265.631374,3.0000,traffic cone,0.4914,394,66,301,51,3.1639,3.1705,-0.5345278,0.06490849,3.1177063,-0.5311162,0.06466703,3.125035,0.07384219765663147,0.5330869853496552,0.08991599082946777,0.06177827715873718,0.4574638158082962,0.08180367946624756
1789688265.663922,3.0000,traffic cone,0.1988,256,115,199,98,3.3897,3.3900,1.2989295,0.075810626,3.1300232,1.2999629,0.012777969,3.1308177,0.13984057903289782,0.44619534015655515,0.09485676288604727,0.12889382839202868,0.44562587440013884,0.07799556255340567
1789688265.706951,3.0000,traffic cone,0.1648,71,52,43,32,3.1644,3.1629,-0.6315475,0.034187563,3.1005015,-0.6164164,0.034185663,3.1020815,0.1223327726125717,0.18258976079523564,0.05100733041763306,0.07466725111007688,0.1826716348528862,0.04407757520675659
1789688265.779449,3.0000,traffic cone,0.8155,159,33,84,8,3.8853,3.8883,1.0317153,0.11517763,3.744009,1.0677562,0.25734177,3.7299795,0.08683508634567272,0.3218434125185013,0.07101278305053693,0.066317617893219,0.07393467277288437,0.03854641914367685
1789688265.828834,3.0000,traffic cone,0.7211,218,42,108,17,3.1589,4.7483,-0.7010007,0.06465654,3.0794995,-1.2280668,0.35340396,4.573123,0.0569422781467438,0.3641079019755125,0.06484639644622803,0.22197873592376705,0.0008522748947143444,0.058974266052246094
1789688265.876687,3.0000,traffic cone,0.6441,236,43,137,10,3.3550,3.3671,-0.014972061,0.21262047,3.3482633,0.0074595436,0.26938736,3.356338,0.11645565330982206,0.32369289845228194,0.09272136688232413,0.057803105562925325,0.10074958503246309,0.08280949592590314
1789688265.923021,3.0000,traffic cone,0.4896,396,67,303,52,3.1646,3.1681,-0.5349167,0.06485742,3.1184268,-0.5313846,0.064707614,3.1225843,0.07677170038223269,0.5300333082675934,0.08912482261657706,0.06452703475952143,0.4542848452925682,0.08341305255889875
1789688265.968051,3.0000,traffic cone,0.1987,253,115,198,97,3.3913,3.3945,1.2979755,0.07589665,3.1322103,1.30202,0.012756884,3.1348772,0.13889529705047599,0.4461127907037735,0.09400305747985849,0.12737953662872314,0.44508983194828033,0.07986478805542019
1789688266.013401,3.0000,traffic cone,0.1646,70,52,42,32,3.1673,3.1661,-0.63247657,0.03417392,3.1033058,-0.6159986,0.03417392,3.1053896,0.12494606673717501,0.18254182003438474,0.04541599750518799,0.07510764598846431,0.1825499203056097,0.03831171989440918
1789688266.084991,3.0000,traffic cone,0.8180,160,36,85,8,3.8839,3.8870,1.0300686,0.11480345,3.7430928,1.0695922,0.25724193,3.728092,0.096169114112854,0.3105460926890373,0.07555484771728516,0.06901156902313232,0.07422678917646408,0.04787232875823966
1789688266.135681,3.0000,traffic cone,0.7210,218,42,105,17,3.1584,4.7447,-0.7013334,0.06464915,3.0788856,-1.2271439,0.353211,4.5696664,0.05969852507114415,0.363985513150692,0.0679020881652832,0.2225163698196413,0.0009000539779662753,0.05669116973876953
1789688266.184310,3.0000,traffic cone,0.6469,239,43,136,9,3.3601,3.3607,-0.014067471,0.26756966,3.34938,0.009893559,0.2695817,3.3498564,0.11505590453743933,0.32307230532169345,0.09475467205047572,0.05890916287899017,0.06545483469963073,0.08703136444091797
1789688266.230218,3.0000,traffic cone,0.4888,396,66,304,52,3.1638,3.1694,-0.5329162,0.06478537,3.1179018,-0.531129,0.06466842,3.1238813,0.07262228429317474,0.5329642705619335,0.09123009443283081,0.062414908409118675,0.454319105297327,0.08123772144317609
1789688266.276043,3.0000,traffic cone,0.2035,253,114,198,97,3.3905,3.3933,1.2952573,0.07601282,3.132445,1.3006313,0.012750894,3.1340806,0.13698698878288273,0.4463642731308937,0.0880289077758789,0.12585768699645983,0.44593465626239776,0.08061184883117667
1789688266.316719,3.0000,traffic cone,0.1635,70,52,43,32,3.1660,3.1663,-0.6315889,0.034239605,3.102209,-0.61589146,0.034254692,3.1056492,0.12329550385475152,0.18260993249714375,0.051121068000793635,0.07472610771656041,0.18265668414533137,0.040648150444030584
1789688266.378264,3.0000,traffic cone,0.8172,160,34,84,8,3.8886,3.8857,1.035516,0.11354007,3.7464452,1.0678692,0.2571842,3.7272134,0.08541525304317465,0.36519894972443584,0.07519378662109366,0.06767941117286691,0.07392414957284926,0.04214103221893328
1789688266.411490,3.0000,traffic cone,0.7200,215,42,105,17,3.1577,4.7478,-0.7016619,0.06456925,3.078078,-1.2283331,0.3532735,4.5725203,0.0556988328695297,0.3640965111553669,0.06743671894073477,0.2208998203277588,0.0007989048957824929,0.062215709686278764
1789688266.457465,3.0000,traffic cone,0.6453,235,43,138,10,3.3552,3.3666,-0.014344916,0.21205422,3.3484867,0.007852428,0.26941103,3.3558245,0.11393018215894699,0.32339578717947004,0.0927501916885376,0.05779773369431494,0.1008602440357208,0.08075731992721558
1789688266.503274,3.0000,traffic cone,0.4867,396,68,303,52,3.1660,3.1682,-0.53353906,0.06497503,3.1200233,-0.53035134,0.064834446,3.1227908,0.07653208374977111,0.5268364503979682,0.08825057744979858,0.06580220162868494,0.4264006868004799,0.0744755148887637
1789688266.548592,3.0000,traffic cone,0.2025,254,115,199,98,3.3911,3.3918,1.2979118,0.07600558,3.131934,1.2994637,0.012798168,3.1330104,0.13719618320465088,0.4460400313138962,0.09756903648376447,0.12758898735046387,0.4453676238656044,0.082788038253784
1789688266.593620,3.0000,traffic cone,0.1613,72,52,44,32,3.1653,3.1649,-0.632334,0.034162357,3.1013124,-0.6161951,0.03417591,3.1041942,0.12410465478897093,0.18258157633244992,0.04655511379241917,0.07437798678874963,0.1824883442372084,0.04039300680160496
1789688266.648414,3.0000,traffic cone,0.8173,163,35,85,9,3.8861,3.8806,1.035167,0.11530033,3.7438712,1.0679026,0.25648358,3.7219539,0.09182693362236027,0.36521668210625646,0.07716436386108416,0.08080716133117671,0.07376726865768435,0.05024147033691406
1789688266.690824,3.0000,traffic cone,0.7260,219,42,105,17,3.1586,4.7479,-0.6998058,0.06466794,3.0793824,-1.2277877,0.353222,4.572777,0.05599317848682406,0.364150108397007,0.06401826143264788,0.22180683612823482,0.0010812640190124845,0.05881843566894496
1789688266.744881,3.0000,traffic cone,0.6440,234,43,136,11,3.3574,3.3767,-0.0141249895,0.21359995,3.3505604,0.008034617,0.2680493,3.3660114,0.11388559490442274,0.3234580457210541,0.09523794651031503,0.056623492389917374,0.12995466589927673,0.09923911094665527
1789688266.791148,3.0000,traffic cone,0.4855,396,67,302,52,3.1652,3.1701,-0.5335578,0.06496045,3.1192756,-0.5311316,0.064801924,3.1245673,0.07558916807174676,0.529826833307743,0.08813018798828143,0.06535151302814485,0.4542765222489834,0.07939019203186026
1789688266.836789,3.0000,traffic cone,0.1983,253,114,197,95,3.3903,3.3924,1.2969737,0.04457604,3.1320744,1.3025324,0.0128493905,3.1323667,0.13467773199081412,0.44591427147388457,0.09216345548629779,0.1260473251342773,0.4454571962356567,0.08253183364868155
1789688266.881402,3.0000,traffic cone,0.1631,71,52,43,32,3.1640,3.1663,-0.63133097,0.034322053,3.100161,-0.6155493,0.03435313,3.1057303,0.12571212947368626,0.1825212400406599,0.04558353424072248,0.07497706413269045,0.1824303027242422,0.03902266025543222
1789688266.951732,3.0000,traffic cone,0.8152,165,35,85,9,3.8896,3.8811,1.0351379,0.11395088,3.7476008,1.0679182,0.25736466,3.7223756,0.08921524882316578,0.3653315640985966,0.0801266193389889,0.08071985244750968,0.07482631802558898,0.04958829879760751
1789688266.985752,3.0000,traffic cone,0.7282,217,42,106,17,3.1591,4.7541,-0.7006563,0.06474016,3.0797322,-1.2313378,0.35347328,4.578224,0.058153480291366466,0.36428698115050795,0.0675353169441224,0.21984710693359366,0.0012418150901794545,0.06424789428711009
1789688267.030379,3.0000,traffic cone,0.6443,235,43,138,11,3.3563,3.3780,-0.013990007,0.21420312,3.3494413,0.007177539,0.2690516,3.3672411,0.1138202242553234,0.3233013540506363,0.092567729949951,0.057457370683550835,0.1299833357334137,0.09327518939971924
1789688267.071106,3.0000,traffic cone,0.4897,398,66,303,50,3.1648,3.1671,-0.53518736,0.06487625,3.1185265,-0.531985,0.06477005,3.1214702,0.0724649727344513,0.5331015028059483,0.0887419581413269,0.060271570086479154,0.42621143311262133,0.07801676988601702
1789688267.103589,3.0000,traffic cone,0.1951,252,114,195,96,3.3897,3.3926,1.2961301,0.044460148,3.1317542,1.3025646,0.012804665,3.1325083,0.13643531799316388,0.44618425220251084,0.0937236785888671,0.12632450461387634,0.44555503875017166,0.07711249589920044
1789688267.146902,3.0000,traffic cone,0.1616,70,52,42,32,3.1655,3.1649,-0.6324644,0.034312233,3.1014454,-0.6160438,0.034333155,3.1041746,0.12584777474403386,0.18270086050033568,0.048541057109832586,0.07534854114055634,0.18262840658426283,0.041366302967071444
1789688267.218503,3.0000,traffic cone,0.8160,162,36,82,8,3.8885,3.8816,1.0335417,0.11337063,3.746906,1.0683969,0.2571358,3.7227507,0.08755555748939514,0.3646688498556614,0.07850921154022217,0.06915725469589229,0.07323607206344604,0.048313236236572354
1789688267.252897,3.0000,traffic cone,0.7206,216,42,105,17,3.1579,4.7488,-0.70082366,0.064688735,3.078516,-1.228116,0.35336012,4.5736136,0.05827417373657229,0.36419339627027514,0.06834813356399527,0.22137014865875226,0.00087738037109375,0.05976810455322301
1789688267.297310,3.0000,traffic cone,0.6463,237,42,137,9,3.3580,3.3623,-0.014531601,0.23997617,3.3493376,0.008003935,0.26951504,3.3514798,0.11601560749113554,0.323396110534668,0.09525824785232517,0.058901303261518476,0.06626932024955748,0.08053817749023473
1789688267.344185,3.0000,traffic cone,0.4935,395,66,301,51,3.1670,3.1721,-0.53311586,0.065194,3.1211104,-0.531893,0.06504184,3.1265028,0.07163408398628235,0.5330289453268051,0.08535408973693848,0.06047415733337402,0.4573342651128769,0.07913589477539062
1789688267.388957,3.0000,traffic cone,0.2014,261,121,196,97,3.3889,3.3920,1.2917724,0.07585859,3.1321692,1.3020073,0.012857661,3.1321692,0.14813446998596191,0.4462457150220871,0.09216904640197754,0.1282329559326172,0.44574627578258513,0.07847824096679679
1789688267.435637,3.0000,traffic cone,0.1640,70,52,43,32,3.1643,3.1642,-0.6313791,0.03425031,3.100438,-0.61535025,0.03425031,3.1036496,0.12421626150608067,0.1825357683002949,0.049325525760650635,0.07537009716033938,0.18251734375953674,0.04568029642105076
1789688267.503764,3.0000,traffic cone,0.8171,161,34,83,8,3.8880,3.8868,1.0333345,0.11438447,3.7464082,1.0687499,0.25734147,3.7280638,0.08703767061233514,0.31794942170381546,0.07510387897491455,0.06791859865188599,0.07444151788949965,0.044791674613952726
1789688267.537795,3.0000,traffic cone,0.7187,218,43,106,16,3.1563,4.7488,-0.7013685,0.064595,3.0767446,-1.2345474,0.35349798,4.5718384,0.05995346903800969,0.3640387162566185,0.06658811569213885,0.20753151178359985,0.0011906325817108154,0.057213783264160156
1789688267.599447,3.0000,traffic cone,0.6484,236,43,137,10,3.3561,3.3694,-0.014739215,0.21365876,3.3492875,0.0083621405,0.2693647,3.358577,0.1148951970040798,0.32349687963724133,0.09732666015624991,0.05770139209926127,0.10153892934322356,0.09050908088684073
1789688267.658445,3.0000,traffic cone,0.4940,394,67,302,53,3.1671,3.1699,-0.53398114,0.064967096,3.1210666,-0.53064865,0.06479424,3.1244497,0.07868540287017817,0.5299350664019584,0.08705601692199672,0.06729910373687736,0.45096166133880616,0.08269567489623997
1789688267.704093,3.0000,traffic cone,0.2004,263,119,198,95,3.3909,3.3931,1.2914028,0.07602583,3.1344905,1.2991073,0.012800649,3.1344905,0.14273804426193237,0.4460867077112198,0.09272928237915057,0.12285362482070927,0.44568106830120086,0.07946543693542463
1789688267.748646,3.0000,traffic cone,0.1645,72,52,44,32,3.1654,3.1653,-0.6335249,0.034158714,3.101122,-0.61635506,0.03423293,3.104573,0.12374282181262963,0.18257090747356414,0.048500895500183105,0.07473569214344022,0.18245000801980496,0.041288805007934304
1789688267.796723,3.0000,traffic cone,0.8173,162,36,85,8,3.8828,3.8865,1.0299346,0.114747375,3.7419922,1.0695722,0.2573367,3.727517,0.0943605899810791,0.31052802316844463,0.07431209087371826,0.06807002425193787,0.07383576482534407,0.04539763927459717
1789688267.826715,3.0000,traffic cone,0.7224,218,43,106,16,3.1570,4.7471,-0.7013234,0.06472506,3.077418,-1.2349616,0.35317898,4.570034,0.06038278341293335,0.364014258980751,0.06593656539916992,0.2082495391368866,0.0007113814353942871,0.054419636726379395
1789688267.860334,3.0000,traffic cone,0.6529,236,42,136,9,3.3581,3.3605,-0.014017794,0.24051571,3.3494077,0.008604988,0.26917034,3.3497038,0.113919211551547,0.32326371744275095,0.09039008617401123,0.05927582085132599,0.06491026878356934,0.08349752426147461
1789688267.904949,3.0000,traffic cone,0.4977,392,66,301,52,3.1664,3.1690,-0.5330063,0.06482462,3.1205254,-0.531369,0.06461074,3.123501,0.07327862083911896,0.5329794995486736,0.08914685249328613,0.0625231623649597,0.45452337116003033,0.08358783721923846
1789688267.949492,3.0000,traffic cone,0.2002,261,120,197,96,3.3902,3.3928,1.2923696,0.075838745,3.133285,1.3013462,0.012810789,3.133285,0.1462999343872069,0.4462848022580147,0.08970192670822152,0.12707525491714478,0.445575587451458,0.07760792970657349
1789688267.995414,3.0000,traffic cone,0.1623,72,52,43,32,3.1671,3.1661,-0.63159144,0.034246266,3.1033118,-0.61598915,0.03420201,3.1053991,0.12296305894851689,0.18273554518818858,0.050666320323943914,0.07468127608299246,0.1828823793679476,0.04003995656967163
1789688268.066695,3.0000,traffic cone,0.8198,162,35,83,8,3.8885,3.8892,1.0298508,0.11373857,3.7479556,1.0691464,0.25735807,3.7304544,0.08864769339561474,0.3654934801161289,0.0735503196716305,0.06698140501976013,0.07361564487218855,0.044690823554992765
1789688268.116394,3.0000,traffic cone,0.7227,216,42,105,17,3.1570,4.7487,-0.7012983,0.06465279,3.0774148,-1.2282602,0.3532683,4.5734825,0.05699421167373653,0.3641344830393791,0.07096617221832302,0.22374923229217547,0.0010136961936950684,0.058643150329589666
1789688268.166376,3.0000,traffic cone,0.6556,236,43,138,10,3.3567,3.3660,-0.014711924,0.21291456,3.3499262,0.007659275,0.26904726,3.3552127,0.11514578163623809,0.3232735440135002,0.09695205688476571,0.05819670725613831,0.10097213834524155,0.08400405645370457
1789688268.215742,3.0000,traffic cone,0.4973,398,68,304,52,3.1631,3.1695,-0.53360826,0.06492287,3.1171038,-0.5301617,0.064640455,3.1241343,0.0784816384315491,0.5269184291362762,0.09299544095993051,0.06427973210811616,0.45441935360431673,0.08296529054641733
1789688268.263453,3.0000,traffic cone,0.1997,260,119,196,95,3.3903,3.3925,1.2924663,0.07606608,3.133361,1.3004142,0.0128368735,3.133361,0.14428168535232544,0.44623360633850095,0.08975744247436523,0.12515937089920048,0.4452561616897583,0.07954893112182626
1789688268.311662,3.0000,traffic cone,0.1650,71,52,43,32,3.1661,3.1651,-0.6310822,0.03418935,3.1023507,-0.61595106,0.03418935,3.1043775,0.12439244985580444,0.1823271159082651,0.047140944004059104,0.0740992635488511,0.18225415721535682,0.04244484901428214
1789688268.381453,3.0000,traffic cone,0.8177,165,37,83,8,3.8872,3.8905,1.0306544,0.11372481,3.7463055,1.0696712,0.257251,3.7316658,0.09197423458099374,0.36529667377471925,0.08062267303466797,0.06837605834007254,0.07419622540473939,0.04647209644317618
1789688268.413826,3.0000,traffic cone,0.7209,215,41,104,17,3.1588,4.7447,-0.70070803,0.06469798,3.0794208,-1.227094,0.3534341,4.5695767,0.056398093700408936,0.3643913120031357,0.06700396537780762,0.22302322387695317,0.0008660078048705611,0.05555906295776314
1789688268.462602,3.0000,traffic cone,0.6566,236,42,137,9,3.3577,3.3628,-0.014240716,0.24036911,3.3490238,0.008563995,0.26958954,3.3519979,0.11556070409715172,0.32318372577428817,0.09354031085968018,0.05920290872454642,0.0651687651872635,0.07847113609313983
1789688268.508696,3.0000,traffic cone,0.4998,395,67,302,50,3.1605,3.1698,-0.533582,0.06478077,3.1144445,-0.53034836,0.064555995,3.1244164,0.07767009139060971,0.5298830315470695,0.09209694862365714,0.06091272830963135,0.4263256683945656,0.08003405332565316
1789688268.549016,3.0000,traffic cone,0.1971,260,120,196,96,3.3888,3.3917,1.2914629,0.07598667,3.1321921,1.301106,0.0127967745,3.1321921,0.14586989879608137,0.4462285876274109,0.09421117305755633,0.12633368372917175,0.4458020180463791,0.07656139135360718
1789688268.583817,3.0000,traffic cone,0.1673,72,52,45,32,3.1662,3.1673,-0.6322918,0.03428132,3.1022065,-0.6160982,0.03428132,3.1065614,0.12288307547569266,0.18260979056358337,0.047858667373657404,0.0746303021907807,0.1825821988284588,0.04112077951431292
1789688268.651917,3.0000,traffic cone,0.8181,159,34,83,8,3.8913,3.8838,1.035551,0.11340465,3.7492497,1.0665287,0.25757623,3.7255812,0.08505212068557744,0.3648697447031737,0.08061156272888192,0.06871449351310743,0.07420031428337096,0.04372992515563956
1789688268.701358,3.0000,traffic cone,0.7135,218,43,104,16,3.1564,4.7503,-0.70000887,0.06476061,3.0771184,-1.2345378,0.35353124,4.573407,0.05827446579933171,0.3642561785876751,0.06616473197937012,0.20696404576301575,0.0010188370943069458,0.05932509899139404
1789688268.751444,3.0000,traffic cone,0.6544,236,44,139,11,3.3580,3.3777,-0.015257843,0.23970683,3.3494046,0.007056229,0.26866955,3.3669875,0.11613602414727212,0.32321256622672084,0.09794721603393564,0.056579336524009705,0.13025496900081635,0.08324015140533447
1789688268.799471,3.0000,traffic cone,0.4967,393,68,306,54,3.1652,3.1695,-0.5329342,0.06473687,3.1193311,-0.5301967,0.06467327,3.1241508,0.07627661824226373,0.5267259702086449,0.09008758068084743,0.06599285602569577,0.44811467453837395,0.08453842401504508
1789688268.843579,3.0000,traffic cone,0.1949,262,122,197,98,3.3906,3.3924,1.2933064,0.076057225,3.133355,1.2999976,0.012853958,3.1334171,0.14930188655853271,0.44595531970262525,0.0943410634994506,0.12980492115020748,0.44514816254377365,0.08007749319076529
1789688268.888547,3.0000,traffic cone,0.1655,72,52,43,32,3.1664,3.1646,-0.6322053,0.034260385,3.1024134,-0.61600006,0.034260385,3.1038938,0.12448253333568571,0.18252305053174497,0.04981541633605957,0.07504595816135406,0.18249133750796317,0.044678103923797785
1789688268.960757,3.0000,traffic cone,0.8167,160,34,85,8,3.8841,3.8840,1.0330496,0.11451718,3.7424116,1.0676224,0.25726646,3.7254632,0.08923591971397404,0.31758389398455616,0.07018036842346209,0.06770565509796134,0.07385338097810745,0.0438335895538331
1789688269.009063,3.0000,traffic cone,0.7203,217,42,103,17,3.1559,4.7511,-0.7011163,0.06457458,3.0763953,-1.230455,0.35328528,4.5754323,0.059113210439681985,0.36416514143347745,0.06949759721755999,0.22158768177032484,0.000991225242614746,0.059973526000976385
1789688269.056716,3.0000,traffic cone,0.6557,237,43,138,11,3.3564,3.3767,-0.0139157325,0.21248278,3.3496075,0.007704459,0.26846826,3.3659542,0.1135175473988056,0.32335038036108016,0.09925389289855957,0.05657995864748955,0.12999220192432404,0.09025204181671143
1789688269.103419,3.0000,traffic cone,0.4958,394,66,303,52,3.1683,3.1706,-0.5344817,0.06505659,3.1222248,-0.5311619,0.06480049,3.1250782,0.0721692442893982,0.532836526632309,0.0921320915222168,0.061632406711578325,0.4544385239481926,0.08274625539779645
1789688269.149365,3.0000,traffic cone,0.1995,261,120,197,97,3.3897,3.3924,1.2915044,0.07602219,3.133122,1.3020095,0.012774393,3.1325216,0.14403199553489676,0.4461837261915207,0.09125366210937491,0.1262855529785154,0.4460441619157791,0.08284554481506357
1789688269.195051,3.0000,traffic cone,0.1643,72,52,44,32,3.1649,3.1647,-0.63234705,0.03418608,3.100943,-0.61537755,0.034306936,3.1040974,0.12300724387168893,0.1826026801019907,0.04966382980346662,0.07501576542854305,0.18261880315840245,0.03869783878326416
1789688269.243369,3.0000,traffic cone,0.8171,158,34,83,8,3.8861,3.8865,1.0324159,0.11475746,3.744663,1.0687139,0.25722533,3.7278194,0.09023038148880014,0.31782860271632674,0.07439398765563965,0.06836035251617423,0.07369728982448578,0.046803832054138184
1789688269.276826,3.0000,traffic cone,0.7200,212,42,102,17,3.1589,4.7474,-0.70224977,0.06470704,3.079126,-1.2309269,0.35339186,4.571425,0.05793038308620457,0.36434665620326995,0.06799294948577872,0.2205864429473876,0.0010484099388122226,0.06212644577026438
1789688269.327295,3.0000,traffic cone,0.6509,237,42,138,9,3.3556,3.3554,-0.014339071,0.24009375,3.3469324,0.008302711,0.26959148,3.3445437,0.11596249826252455,0.32314520701766014,0.08677618503570583,0.058939405530691144,0.06509548425674438,0.07645521163940439
1789688269.373519,3.0000,traffic cone,0.4932,393,68,301,53,3.1669,3.1716,-0.5336065,0.06495393,3.1209543,-0.5304225,0.064778924,3.126275,0.07668088376522059,0.5264623008668423,0.09217596054077148,0.06573371291160585,0.45122772455215454,0.08074913024902308
1789688269.419360,3.0000,traffic cone,0.2017,263,123,199,99,3.3897,3.3917,1.2923763,0.075868875,3.1327484,1.2996234,0.012806267,3.1327484,0.1480137467384337,0.44624427556991575,0.0955228567123414,0.1277166366577147,0.4458619266748428,0.08067331314086923
1789688269.463963,3.0000,traffic cone,0.1646,71,52,248,46,3.1669,3.1694,-0.6321706,0.034288563,3.102965,-0.6972702,0.0040644035,3.0917406,0.12401331365108492,0.18249542675912378,0.0495452880859375,0.0630946159362793,0.36545806378126144,0.06661438941955566
1789688269.534210,3.0000,traffic cone,0.8188,158,35,83,8,3.8861,3.8875,1.0308747,0.1136702,3.7451065,1.0684476,0.2571863,3.7289796,0.09013116955757139,0.3144232079386711,0.07441101074218759,0.06739342808723459,0.07395622432231902,0.044057679176330744
1789688269.583880,3.0000,traffic cone,0.7223,214,42,103,17,3.1584,4.7502,-0.7013447,0.06466018,3.078828,-1.2282552,0.35325187,4.5750237,0.05695915818214414,0.3643107555806637,0.06647363901138315,0.22184407711029053,0.0009643435478210449,0.05679922103881818
1789688269.634273,3.0000,traffic cone,0.6547,237,43,138,10,3.3556,3.3684,-0.014163308,0.21265489,3.3488624,0.007809419,0.26905015,3.357617,0.11399327367544174,0.32295922040939334,0.09589822292327899,0.058075266145169724,0.1001920476555824,0.0877322077751157
1789688269.684785,3.0000,traffic cone,0.4936,401,68,306,53,3.1665,3.1687,-0.5337532,0.06502402,3.1205049,-0.531915,0.06476289,3.1230907,0.0753377854824066,0.5269177667796612,0.08867580890655535,0.06537480354309083,0.45126771628856654,0.08219308853149432
1789688269.730224,3.0000,traffic cone,0.2020,264,120,198,96,3.3900,3.3920,1.292028,0.07593909,3.1331768,1.2993758,0.012767948,3.1331768,0.14489648938179012,0.4464061141014099,0.09171247482299805,0.1238919198513031,0.4454882964491844,0.0789758563041687
1789688269.775984,3.0000,traffic cone,0.1684,72,52,250,46,3.1654,3.1688,-0.63136685,0.034189805,3.1015558,-0.69672954,0.0039689615,3.0912876,0.12342486083507542,0.18257665224373343,0.04695608615875235,0.0642566978931427,0.3656937777996063,0.06520581245422363
1789688269.848017,3.0000,traffic cone,0.8135,161,33,84,8,3.8879,3.8883,1.0345966,0.11495191,3.7459965,1.0699127,0.2576115,3.7293613,0.08604614734649652,0.3217798113822937,0.07420034408569309,0.06693239212036128,0.07413637340068818,0.03982257843017578
1789688269.881604,3.0000,traffic cone,0.7159,216,42,104,17,3.1564,4.7505,-0.700863,0.06470314,3.0769703,-1.2290541,0.3533366,4.575122,0.057410520315170244,0.36389448642730715,0.06919848918914795,0.22171823978424055,0.0010832428932190385,0.058219623565674006
1789688269.927384,3.0000,traffic cone,0.6484,237,43,137,10,3.3558,3.3691,-0.014399059,0.21342665,3.3489535,0.00896991,0.26911572,3.3583465,0.11488546431064603,0.3233994677662849,0.10109643936157253,0.057743863761425006,0.10098170340061191,0.09150779247283936
1789688269.968625,3.0000,traffic cone,0.4951,396,67,304,52,3.1646,3.1692,-0.53340065,0.06498286,3.1186378,-0.5315647,0.064773664,3.1236298,0.07576765418052672,0.5298392206430436,0.08861844539642316,0.06446175575256341,0.4542380169034004,0.08287478685379002
1789688270.001951,3.0000,traffic cone,0.1983,253,114,198,98,3.3905,3.3935,1.2966473,0.044507936,3.1324728,1.3014634,0.012784883,3.1340022,0.136608612537384,0.44628773629665375,0.09362688064575186,0.12655804753303523,0.4459149122238159,0.07998882532119733
1789688270.047398,3.0000,traffic cone,0.1710,70,52,43,32,3.1660,3.1661,-0.6325397,0.034339517,3.1019287,-0.61679435,0.03435477,3.105288,0.12461561560630796,0.18247471675276755,0.048873507976531894,0.07469053268432613,0.18245359919965265,0.04168158769607544
1789688270.119206,3.0000,traffic cone,0.8108,162,34,83,8,3.8874,3.8898,1.0351508,0.11458805,3.745341,1.069266,0.25759134,3.7310772,0.08641576766967785,0.3656246967613697,0.07635936737060556,0.0682127952575684,0.07429575473070144,0.04577693939208993
1789688270.167414,3.0000,traffic cone,0.7173,214,42,102,17,3.1583,4.7486,-0.7008861,0.06479541,3.0788996,-1.2284998,0.3534326,4.573343,0.05993322432041159,0.36411174908280375,0.06691024303436288,0.22176928520202632,0.0010002374649047963,0.059380912780762074
1789688270.215168,3.0000,traffic cone,0.6496,236,43,135,10,3.3553,3.3700,-0.014601566,0.21297866,3.348505,0.008597754,0.26931727,3.3592281,0.11474886089563369,0.32311370223760605,0.09184308052063006,0.05775135941803454,0.10083940476179121,0.09097036123275748
1789688270.261637,3.0000,traffic cone,0.4925,394,66,300,51,3.1671,3.1678,-0.5347483,0.06490208,3.120924,-0.5304425,0.06487417,3.1224086,0.0718863308429718,0.5329863205552101,0.08831602334976196,0.06396058201789856,0.4266694337129593,0.07768487930297852
1789688270.306962,3.0000,traffic cone,0.2000,253,114,193,94,3.3901,3.3916,1.2964709,0.044478685,3.1321197,1.300976,0.012879662,3.1321197,0.13684214949607854,0.4463289573788643,0.09161489009857204,0.1253896534442902,0.44559521824121473,0.0777571916580202
1789688270.351338,3.0000,traffic cone,0.1697,71,53,249,47,3.1662,3.1669,-0.63351184,0.06454612,3.1014948,-0.6970668,0.003981054,3.0892024,0.12646770477294922,0.18249004930257795,0.05224123001098624,0.06521501541137698,0.3655972063541412,0.06569626331329337
1789688270.422224,3.0000,traffic cone,0.8148,158,34,83,8,3.8864,3.8899,1.0327507,0.14949891,3.7436404,1.0706779,0.25729507,3.7307487,0.09222296774387351,0.31821929626166817,0.07160842418670654,0.06912493109703055,0.07370298057794572,0.047234535217285156
1789688270.471815,3.0000,traffic cone,0.7198,218,42,104,17,3.1587,4.7460,-0.7006444,0.064768866,3.0793734,-1.22698,0.35321546,4.57107,0.05804192721843715,0.36403972320258615,0.07236150503158578,0.2198682308197022,0.0008626937866211271,0.06640586853027397
1789688270.523268,3.0000,traffic cone,0.6505,238,43,137,9,3.3538,3.3613,-0.014121994,0.21241023,3.3470135,0.008413456,0.26914448,3.3505242,0.11403150558471678,0.3229783996939659,0.09486439228057852,0.05910911038517952,0.0654722064733505,0.07857356071472177
1789688270.569953,3.0000,traffic cone,0.4889,391,67,300,52,3.1643,3.1707,-0.53288984,0.064981535,3.1184244,-0.53080404,0.064826824,3.1253047,0.07578184008598321,0.5301973849534989,0.08783624172210658,0.06422113478183744,0.4542623102664947,0.08456981182098389
1789688270.615792,3.0000,traffic cone,0.2033,251,114,195,96,3.3906,3.3928,1.2963164,0.04452724,3.1326506,1.3007557,0.012735546,3.1334872,0.13695955276489258,0.4463525086641312,0.09170870780944806,0.1265101432800293,0.4456133097410202,0.08071339130401611
1789688270.656032,3.0000,traffic cone,0.1706,71,52,42,32,3.1668,3.1672,-0.6305119,0.034209184,3.1032014,-0.6158488,0.034209184,3.106575,0.12401790916919708,0.18268574960529804,0.04964954853057879,0.07493909001350407,0.18266095109283922,0.04233540296554583
1789688270.717607,3.0000,traffic cone,0.8182,160,33,82,8,3.8840,3.8897,1.0331153,0.11489017,3.7423081,1.0687132,0.25743803,3.7310977,0.08628998994827275,0.3220393508672714,0.06755781173706055,0.06796230673789982,0.07452165782451628,0.043503332138061346
1789688270.767718,3.0000,traffic cone,0.7196,218,43,105,16,3.1585,4.7512,-0.7010292,0.064782605,3.078995,-1.2344422,0.35341218,4.5744033,0.059071749448776245,0.3643539547920227,0.06599943637847927,0.20860493183135986,0.000750616192817688,0.05574822425842285
1789688270.818333,3.0000,traffic cone,0.6478,237,44,136,10,3.3584,3.3716,-0.015241981,0.2399911,3.3497596,0.008124281,0.2695126,3.3608325,0.11636731214821341,0.32329782024025916,0.09304215908050528,0.05779049023985861,0.10091485679149628,0.08379203081130981
1789688270.868043,3.0000,traffic cone,0.4897,395,66,303,52,3.1659,3.1697,-0.53482646,0.06498389,3.1197238,-0.5323218,0.06496005,3.1239822,0.07209636270999908,0.5329926200211048,0.09003031253814697,0.06331948041915891,0.45438085645437243,0.08252969980239877
1789688270.917723,3.0000,traffic cone,0.2066,254,113,197,95,3.3912,3.3924,1.2959486,0.07588504,3.1329384,1.2997409,0.012807697,3.1334577,0.137486743927002,0.4460645288228989,0.09462828636169451,0.12525271177291852,0.44559975564479826,0.07810373306274432
1789688270.964331,3.0000,traffic cone,0.1697,70,52,42,32,3.1665,3.1659,-0.63345265,0.034293957,3.1023352,-0.61578107,0.034383334,3.1052775,0.12468771040439608,0.18249609172344208,0.050162589550017955,0.07472462356090548,0.18247438557446005,0.04472244977951023
1789688271.035514,3.0000,traffic cone,0.8176,166,36,84,8,3.8869,3.8881,1.0320199,0.113491505,3.7456858,1.069377,0.2571716,3.729256,0.08898726105690002,0.3652013801038265,0.0760265588760376,0.06911397576332079,0.07343791425228119,0.04623556137084961
1789688271.084957,3.0000,traffic cone,0.7189,212,41,101,17,3.1561,4.7510,-0.70126367,0.064756975,3.0765233,-1.2310187,0.35342875,4.575108,0.05571627616882324,0.3641228973865509,0.0726935863494873,0.22301871776580806,0.0010499358177185059,0.055201053619384766
1789688271.135205,3.0000,traffic cone,0.6479,237,42,137,9,3.3578,3.3618,-0.014437184,0.23977253,3.349181,0.007856958,0.26929095,3.3510025,0.11592776291072363,0.3231811046600342,0.0862532615661622,0.05887560546398162,0.06541996002197265,0.07594685554504377
1789688271.184894,3.0000,traffic cone,0.4866,393,68,298,52,3.1684,3.1692,-0.5341133,0.06509352,3.122364,-0.53062725,0.06472963,3.123763,0.0786420434713363,0.5266632489860058,0.09126456975936881,0.06495058536529535,0.45436056628823274,0.08302245140075692
1789688271.233604,3.0000,traffic cone,0.2090,255,114,196,96,3.3899,3.3911,1.297693,0.0759889,3.1307063,1.3008643,0.012876011,3.1316235,0.1384464442729949,0.44623282104730605,0.09694139957427961,0.12819865345954895,0.44597917050123215,0.079897940158844
1789688271.282127,3.0000,traffic cone,0.1659,71,52,248,45,3.1670,3.1694,-0.631776,0.034264885,3.103199,-0.6958616,0.0040985346,3.0920231,0.12446759939193719,0.18250934481620787,0.049460780620574685,0.061917006969451904,0.36576135754585265,0.06270151138305646
1789688271.341993,3.0000,traffic cone,0.8185,160,35,83,8,3.8859,3.8862,1.0297763,0.11515634,3.745185,1.0698398,0.25720358,3.7271543,0.09189272522926328,0.31399773135781284,0.07549157142639196,0.06926394104957567,0.07429056316614152,0.048376297950744274
1789688271.379972,3.0000,traffic cone,0.7188,218,41,103,17,3.1609,4.7493,-0.7008125,0.06472008,3.0815954,-1.2283065,0.3533725,4.574117,0.056002140045166016,0.36411362141370773,0.069183349609375,0.2214868545532227,0.0007976174354553112,0.0588221549987793
1789688271.411906,3.0000,traffic cone,0.6487,236,42,136,9,3.3576,3.3615,-0.014613394,0.24069908,3.3488996,0.009407371,0.26960105,3.350686,0.11324042007327074,0.32308942675590513,0.09521095752716047,0.05903317630290984,0.06561591923236848,0.08492345809936497
1789688271.444808,3.0000,traffic cone,0.4894,399,67,303,51,3.1677,3.1698,-0.5349366,0.064947814,3.1215072,-0.5316841,0.06473045,3.124257,0.07696795463562012,0.5300449088215827,0.0906551361083987,0.0621526837348938,0.45763517171144485,0.08013677597045898
1789688271.488819,3.0000,traffic cone,0.2052,251,113,195,96,3.3914,3.3930,1.2951398,0.07588036,3.1333947,1.2997689,0.012709454,3.1341555,0.13498649597167978,0.44625273048877717,0.09321918487548819,0.12494438886642456,0.4456080198287964,0.08118176460266113
1789688271.534546,3.0000,traffic cone,0.1652,71,52,42,32,3.1650,3.1644,-0.6315342,0.034230575,3.1011856,-0.6168952,0.034230575,3.1035302,0.12325355708599095,0.18262122571468353,0.049710464477538796,0.07500520050525661,0.1825997706502676,0.0410968303680419
1789688271.608065,3.0000,traffic cone,0.8169,159,33,83,8,3.8837,3.8874,1.0324466,0.11529341,3.7422013,1.0691519,0.25703347,3.7286708,0.08626191616058354,0.32169550359249116,0.07892494201660183,0.06825419068336491,0.07359072566032407,0.04500799179077131
1789688271.658777,3.0000,traffic cone,0.7182,216,42,103,16,3.1556,4.7509,-0.700796,0.06494473,3.0760872,-1.2347186,0.35348302,4.574059,0.05769011080265041,0.36408386155962946,0.06915651559829739,0.20510998368263245,0.0013432055711746216,0.06261837482452393
1789688271.709516,3.0000,traffic cone,0.6509,237,43,136,10,3.3559,3.3713,-0.014394835,0.21216813,3.3491688,0.008240826,0.26947302,3.360476,0.1137240059673786,0.323180003464222,0.09185106754302996,0.057704669237136824,0.10081512182950972,0.08892207145690945
1789688271.759383,3.0000,traffic cone,0.4913,395,67,299,52,3.1644,3.1708,-0.5340851,0.065032884,3.118275,-0.5312002,0.064681515,3.1252704,0.07779977917671205,0.5300818920135498,0.08830263614654532,0.06687536537647248,0.4544203549623489,0.07778006792068481
1789688271.809837,3.0000,traffic cone,0.2021,255,114,198,95,3.3903,3.3903,1.2975343,0.0759356,3.1312664,1.3011831,0.013115346,3.130584,0.13689507842063908,0.44619476795196533,0.09401662349700945,0.12818844318389888,0.44561203718185427,0.08161330223083496
1789688271.860032,3.0000,traffic cone,0.1679,70,52,42,32,3.1645,3.1672,-0.63268435,0.034217246,3.1004262,-0.6174363,0.034200616,3.106229,0.12303007543087008,0.1826234918087721,0.04912598133087176,0.07479059398174281,0.18257098123431206,0.040704083442688166
1789688271.933680,3.0000,traffic cone,0.8152,163,35,83,8,3.8867,3.8893,1.0341425,0.11422297,3.7448483,1.0694199,0.25732332,3.7305422,0.08938175439834606,0.3655402779579162,0.07850255966186515,0.06843872070312496,0.07432525008916854,0.04571943283081081
1789688271.970670,3.0000,traffic cone,0.7147,217,43,104,16,3.1576,4.7483,-0.70047843,0.0648552,3.0782368,-1.2350303,0.35337332,4.5711875,0.059151369333267256,0.36417545825243,0.06927337646484366,0.20911157131195068,0.001010298728942871,0.051514506340026855
1789688272.016235,3.0000,traffic cone,0.6545,236,43,137,10,3.3550,3.3643,-0.014719412,0.21304607,3.3481479,0.007816769,0.26918173,3.3535018,0.11488422825932501,0.32291535437107083,0.0923438310623168,0.05842283889651297,0.10022569745779036,0.08852789402008021
1789688272.063389,3.0000,traffic cone,0.4904,392,67,304,52,3.1636,3.1697,-0.53344834,0.06492698,3.117664,-0.5316011,0.06481673,3.1241593,0.07655372619628908,0.5300796329975128,0.08896849155426034,0.06525972187519069,0.45445274114608764,0.08034468889236468
1789688272.111863,3.0000,traffic cone,0.2009,253,114,198,96,3.3908,3.3933,1.2956792,0.04455866,3.133211,1.3007411,0.01288005,3.134104,0.13570151329040514,0.4463243320584297,0.09234336614608729,0.12528139352798462,0.44554751366376877,0.08024483919143677
1789688272.149466,3.0000,traffic cone,0.1695,69,52,42,32,3.1659,3.1664,-0.6322937,0.034234554,3.1018844,-0.61627305,0.034288004,3.1056304,0.12534478008747107,0.18259891159832478,0.04868292808532715,0.0756095468997956,0.18261174596846103,0.039257419109344216
1789688272.208156,3.0000,traffic cone,0.8155,162,34,86,8,3.8839,3.8885,1.0316901,0.11464533,3.7426543,1.0683168,0.2575433,3.72996,0.08959598243236544,0.31815468072891234,0.06967394351959255,0.0667015433311462,0.0743590757250786,0.042361998558044345
1789688272.240571,3.0000,traffic cone,0.7171,216,42,103,17,3.1567,4.7528,-0.7006612,0.06468739,3.0773191,-1.230519,0.35335538,4.577086,0.05932713747024532,0.3642192162573338,0.06738821268081674,0.2216009378433228,0.0011605858802795632,0.062403774261474254
1789688272.291762,3.0000,traffic cone,0.6514,236,43,136,10,3.3545,3.3698,-0.014264055,0.21345413,3.347641,0.008454926,0.2694031,3.3590424,0.11424341052770613,0.3230092465877533,0.09248726367950422,0.057788527756929386,0.10086568742990493,0.08889054059982282
1789688272.341689,3.0000,traffic cone,0.4970,396,67,303,53,3.1693,3.1724,-0.5341993,0.06505257,3.1232998,-0.53128046,0.06499851,3.1269047,0.07381995320320134,0.5300762116909027,0.08615953922271746,0.062030577659606956,0.45129801034927364,0.08409543037414569
1789688272.390655,3.0000,traffic cone,0.2008,253,114,195,95,3.3909,3.3922,1.297064,0.04449416,3.1326761,1.3010044,0.012813762,3.132752,0.13562188148498544,0.4463406100869179,0.0903286337852478,0.12576850652694693,0.44587949216365813,0.07879664897918692
1789688272.436418,3.0000,traffic cone,0.1705,70,52,43,32,3.1652,3.1640,-0.63273823,0.0343215,3.1010785,-0.6149632,0.03429965,3.103485,0.12287778854370113,0.1826182845979929,0.05139235258102426,0.07456950545310981,0.18256634324789045,0.04030705690383929
1789688272.508230,3.0000,traffic cone,0.8164,160,34,84,8,3.8900,3.8878,1.0361531,0.114790276,3.7476575,1.069132,0.25750768,3.7289772,0.08562275469303138,0.36539635844528673,0.07513246536254892,0.06809007525444044,0.07401542961597446,0.04653999805450448
1789688272.541761,3.0000,traffic cone,0.7176,218,42,101,17,3.1588,4.7445,-0.7013643,0.06487648,3.0792322,-1.2292113,0.35331202,4.5688753,0.05863580405712121,0.36421126201748844,0.06814776659011823,0.2210633277893066,0.001003134250640858,0.06202716827392596
1789688272.587146,3.0000,traffic cone,0.6556,235,43,136,10,3.3568,3.3696,-0.014561854,0.21260098,3.35005,0.0083722025,0.26904947,3.3588133,0.11321815028786657,0.3232760846614838,0.09623117446899387,0.05772935673594474,0.1011646270751953,0.08684636354446429
1789688272.633797,3.0000,traffic cone,0.4923,394,67,301,52,3.1691,3.1721,-0.53307486,0.06482604,3.1232824,-0.5316806,0.034568243,3.1270256,0.07263306975364686,0.5298972606658936,0.09011313915252694,0.060396373271942194,0.45445124953985216,0.08118064403533909
1789688272.680243,3.0000,traffic cone,0.2026,252,114,197,96,3.3917,3.3933,1.2972775,0.04456436,3.1334352,1.3022919,0.012894198,3.1334352,0.13559436202049246,0.44627215415239335,0.09036759138107309,0.12668263912200928,0.4455629363656044,0.0802343487739563
1789688272.726285,3.0000,traffic cone,0.1692,71,52,44,32,3.1676,3.1664,-0.63161314,0.03429824,3.1038094,-0.61594874,0.03434442,3.1056743,0.1233498185873032,0.182552308216691,0.05482969284057626,0.0745522528886795,0.18248567692935466,0.043570733070373624
1789688272.798497,3.0000,traffic cone,0.8174,158,34,83,8,3.8864,3.8919,1.0329841,0.14985245,3.7436333,1.0707856,0.2573148,3.7328486,0.09107129573822026,0.31852417886257167,0.07388160228729257,0.0685011386871337,0.07412157803773883,0.04695115089416513
1789688272.846125,3.0000,traffic cone,0.7155,215,43,104,16,3.1598,4.7521,-0.70011693,0.06473428,3.0805697,-1.2353523,0.35333574,4.5750637,0.057912576198577925,0.36400063931941984,0.07195644378662092,0.2088799774646759,0.0008252710103988647,0.050829529762268066
1789688272.891831,3.0000,traffic cone,0.6534,237,43,138,10,3.3572,3.3698,-0.014175169,0.2131361,3.3503594,0.008683067,0.26938206,3.358982,0.1154212675988674,0.32339851856231694,0.09102096557617179,0.058127239532768715,0.100499852001667,0.0920300245285035
1789688272.923614,3.0000,traffic cone,0.4966,394,67,301,52,3.1680,3.1693,-0.53410447,0.06506951,3.121994,-0.5301744,0.06494059,3.123919,0.07620857357978822,0.5299256265163421,0.08762445449829093,0.06403421461582176,0.4543295323848724,0.08094327449798566
1789688272.971883,3.0000,traffic cone,0.2047,254,114,198,97,3.3905,3.3925,1.2974551,0.044436924,3.132115,1.2982662,0.012767851,3.1342006,0.13520027399063128,0.4461937129497528,0.09439649581909171,0.12579159736633305,0.445642814040184,0.07969484329223642
1789688273.017763,3.0000,traffic cone,0.1671,71,52,43,32,3.1676,3.1682,-0.63285863,0.034293637,3.1035647,-0.6157895,0.03427449,3.1075637,0.12540360093116765,0.18249616362154486,0.04985859394073522,0.0743436843156815,0.18250172920525076,0.04110009670257586
1789688273.089015,3.0000,traffic cone,0.8141,161,34,83,8,3.8847,3.8865,1.03233,0.1497174,3.742064,1.0705019,0.25734228,3.7272606,0.09220777153968807,0.31786696426570415,0.07292375564575204,0.06975870132446294,0.07367210686206821,0.05109102725982684
1789688273.139746,3.0000,traffic cone,0.7150,216,42,101,17,3.1582,4.7485,-0.7007185,0.06477322,3.0788393,-1.2279605,0.3533936,4.5733004,0.056849703192710876,0.36438055634498595,0.066760158538818,0.22216169834136967,0.001165485382080056,0.05812196731567365
1789688273.190234,3.0000,traffic cone,0.6530,239,43,137,9,3.3587,3.3563,-0.014545321,0.26774916,3.3479764,0.008142486,0.26911533,3.3454745,0.11705292910337448,0.3229660138487816,0.09236743450164786,0.05940640419721603,0.0649483859539032,0.08058199882507333
1789688273.240281,3.0000,traffic cone,0.4983,392,68,304,53,3.1670,3.1725,-0.53319716,0.06489151,3.1210933,-0.53049135,0.06480524,3.127173,0.0761158376932144,0.5269224263727665,0.08628334999084464,0.06502727270126346,0.4511169970035553,0.08275713920593253
1789688273.285870,3.0000,traffic cone,0.2033,253,114,194,95,3.3903,3.3936,1.296299,0.044592455,3.1323187,1.3037064,0.012848809,3.1331496,0.13667123317718488,0.4462814524769783,0.09281240701675397,0.12724956274032584,0.4456478238105774,0.08152506351470956
1789688273.331673,3.0000,traffic cone,0.1688,71,52,43,32,3.1678,3.1665,-0.63340664,0.03438606,3.1035957,-0.61635447,0.03438606,3.1056945,0.12588869333267205,0.18255751319229602,0.0471626400947569,0.07627830505371092,0.1825428534299135,0.041030144691467374
1789688273.404746,3.0000,traffic cone,0.8178,161,36,83,8,3.8841,3.8858,1.0329248,0.11518566,3.7424617,1.070203,0.25731093,3.7266164,0.09295247495174408,0.36496840603649616,0.07777035236358643,0.06898831129074101,0.07367441207170489,0.0489254236221317
1789688273.453459,3.0000,traffic cone,0.7160,215,41,102,17,3.1554,4.7488,-0.7006408,0.06466378,3.0759947,-1.2296988,0.35336262,4.5731664,0.05346226692199707,0.36422502249479294,0.0691378116607666,0.22224547863006583,0.0006961107254028764,0.057843685150146484
1789688273.500452,3.0000,traffic cone,0.6535,237,43,137,9,3.3551,3.3621,-0.014266416,0.21310264,3.3482778,0.0082939565,0.26929253,3.3512597,0.11424485519528386,0.32314023226499555,0.08778116703033456,0.05940636768937111,0.06462915539741515,0.08240470886230478
1789688273.545989,3.0000,traffic cone,0.5000,394,67,303,53,3.1647,3.1688,-0.5329807,0.06496997,3.1188295,-0.5314141,0.06488697,3.123271,0.07655141949653627,0.5299892812967301,0.09080841541290274,0.06686288118362432,0.45122526586055756,0.08307318687438991
1789688273.587081,3.0000,traffic cone,0.2080,256,114,198,96,3.3921,3.3940,1.2974834,0.044504136,3.1337912,1.3023379,0.012798347,3.134187,0.13663830161094648,0.4462448760867119,0.09349377155303973,0.125495046377182,0.44523271173238754,0.07999968528747559
1789688273.619366,3.0000,traffic cone,0.1705,72,52,45,32,3.1671,3.1683,-0.6308991,0.034284823,3.103426,-0.61678064,0.034333743,3.1075015,0.123232689499855,0.1825788702815771,0.049155378341674716,0.07353080213069918,0.18253912553191187,0.04191116094589242
1789688273.691002,3.0000,traffic cone,0.8164,161,34,84,8,3.8870,3.8884,1.0322874,0.1149869,3.7456913,1.0696139,0.2574216,3.7295654,0.08949440717697132,0.3180965982377529,0.07619953155517578,0.06956662535667424,0.07427995353937147,0.050540804862976074
1789688273.727210,3.0000,traffic cone,0.7147,217,42,104,17,3.1581,4.7487,-0.70124364,0.06481741,3.0785797,-1.2296239,0.35331646,4.5731363,0.05885704457759866,0.3640671141445637,0.0686391830444335,0.22126584053039555,0.0010508656501769797,0.06112365722656232
1789688273.770839,3.0000,traffic cone,0.6553,238,43,138,10,3.3552,3.3701,-0.0139991045,0.21267503,3.3484037,0.0081197955,0.26924744,3.3592906,0.11534083783626556,0.32300253510475163,0.09380638599395752,0.05826008152216672,0.10006899237632749,0.08657332658767691
1789688273.816645,3.0000,traffic cone,0.4972,399,68,310,53,3.1688,3.1706,-0.5337832,0.06501046,3.1227925,-0.5320399,0.06483981,3.1249404,0.07570765912532812,0.5267003431916236,0.09032500982284564,0.06323453187942502,0.45126385688781734,0.08190326690673855
1789688273.863286,3.0000,traffic cone,0.2079,254,114,197,97,3.3907,3.3922,1.2967713,0.04451461,3.1326418,1.3003224,0.012756407,3.1330433,0.13594838976860046,0.4464666798710823,0.08968335390090942,0.12607955932617188,0.4452898412942886,0.07880883216857892
1789688273.909685,3.0000,traffic cone,0.1735,70,52,43,32,3.1667,3.1647,-0.6322756,0.034222767,3.1027143,-0.6163695,0.034286328,3.1039314,0.1255112886428833,0.182695409655571,0.04819648265838605,0.0746589809656143,0.18269138149917125,0.0414876103401185
1789688273.981692,3.0000,traffic cone,0.8172,163,35,84,8,3.8875,3.8862,1.0325627,0.11421485,3.7460918,1.0683792,0.25747284,3.7276082,0.0886849403381349,0.36509491428732876,0.07738308906555158,0.06775621771812435,0.07419679164886472,0.04441027641296369
1789688274.027411,3.0000,traffic cone,0.7174,215,42,103,17,3.1580,4.7500,-0.7002861,0.06479848,3.0787144,-1.229331,0.3532853,4.5745,0.057878464460372925,0.36474044360220437,0.06622081995010376,0.22333161830902104,0.0008515596389770397,0.053889179229735795
1789688274.064402,3.0000,traffic cone,0.6554,236,43,135,10,3.3568,3.3691,-0.014684193,0.21252389,3.350049,0.008122001,0.26930177,3.3582776,0.11334823891520499,0.3234601140022278,0.09458401203155509,0.05785596258938311,0.10101423561573028,0.08220571279525757
1789688274.109078,3.0000,traffic cone,0.4988,395,68,301,52,3.1658,3.1683,-0.5344678,0.06493099,3.119701,-0.53056186,0.06484841,3.1228843,0.07833543419837946,0.5268874570727349,0.0921410322189331,0.06559700965881349,0.4544435068964958,0.07872051000595093
1789688274.155498,3.0000,traffic cone,0.2010,254,113,195,95,3.3909,3.3921,1.2958494,0.07605319,3.1325848,1.3011532,0.012926191,3.1325848,0.1359793663024904,0.44643775522708895,0.09246926307678249,0.12623053789138794,0.44581387341022494,0.0808361530303956
1789688274.200835,3.0000,traffic cone,0.1717,70,52,43,32,3.1657,3.1663,-0.63258606,0.034283005,3.101709,-0.6162941,0.034313433,3.1055079,0.12495843768119808,0.18256692662835122,0.049479901790618896,0.07466129064559934,0.1825301069766283,0.04189873933792132
1789688274.261735,3.0000,traffic cone,0.8167,162,34,83,9,3.8880,3.8864,1.0365175,0.1147037,3.7455144,1.0697634,0.25694093,3.7274384,0.08693917989730826,0.3655928634107113,0.07927629947662362,0.08129394054412842,0.0741667687892914,0.053223609924316406
1789688274.302992,3.0000,traffic cone,0.7153,217,41,104,17,3.1584,4.7536,-0.7011256,0.06474315,3.0788996,-1.2294115,0.35344526,4.578261,0.054578185081481934,0.3641575053334236,0.06902623176574707,0.2217922687530518,0.0008997797966003307,0.05643262863159215
1789688274.345702,3.0000,traffic cone,0.6568,239,44,138,9,3.3547,3.3581,-0.018818803,0.23864245,3.3461964,0.007260762,0.26969755,3.347256,0.11659399420022966,0.3232332319021225,0.09544715881347665,0.05886730626225471,0.10374342203140258,0.08498287200927734
1789688274.379763,3.0000,traffic cone,0.4978,396,68,302,53,3.1664,3.1708,-0.53410494,0.06490155,3.120341,-0.53135455,0.06482476,3.1252859,0.07533921599388121,0.5271162137389183,0.08735216856002825,0.0639865458011627,0.45133094787597655,0.07924313545227069
1789688274.431156,3.0000,traffic cone,0.1982,251,114,196,96,3.3897,3.3926,1.2968059,0.044427797,3.1314802,1.3018095,0.012801364,3.1328874,0.1353592574596405,0.4462317794561386,0.0931361675262452,0.12701892852783203,0.44566889852285385,0.07666248083114624
1789688274.474250,3.0000,traffic cone,0.1691,71,52,43,32,3.1672,3.1673,-0.6329165,0.034290902,3.1030817,-0.617119,0.034380667,3.106424,0.12291941642761228,0.18257444947957993,0.04622530937194824,0.07429478168487547,0.18260549269616605,0.03909049034118661
1789688274.536093,3.0000,traffic cone,0.8160,161,35,84,8,3.8867,3.8845,1.0306399,0.11555156,3.7457938,1.0690987,0.25757754,3.725618,0.09097723960876469,0.3138498440384865,0.07358818054199201,0.06997031569480905,0.07402212172746658,0.05009269714355469
1789688274.571614,3.0000,traffic cone,0.7164,217,42,105,17,3.1582,4.7521,-0.7011936,0.06482725,3.0786872,-1.2303263,0.35344073,4.576431,0.057834225893020674,0.36434329040348534,0.06678465604782113,0.22336251735687251,0.0008132338523864635,0.053359031677246094
1789688274.616204,3.0000,traffic cone,0.6558,237,42,136,9,3.3573,3.3640,-0.014138352,0.23996487,3.3486972,0.009024464,0.26978564,3.3531904,0.11387026198208328,0.32308108136057856,0.09373153448104832,0.05889509543776512,0.06661373376846316,0.08154006004333514
1789688274.662539,3.0000,traffic cone,0.4983,396,68,303,53,3.1682,3.1696,-0.53278756,0.06500057,3.1223655,-0.53211296,0.064968735,3.1239717,0.07608517408370974,0.526745506376028,0.08784465789794904,0.06231803297996519,0.45154938101768494,0.07825441360473606
1789688274.708281,3.0000,traffic cone,0.1952,252,114,198,97,3.3921,3.3938,1.2957251,0.07596798,3.1339898,1.2993027,0.0128517,3.1352162,0.1358996033668518,0.4463974699378014,0.0921207070350647,0.1251183509826661,0.44594835340976713,0.08193988800048801
1789688274.752688,3.0000,traffic cone,0.1704,70,52,42,32,3.1675,3.1665,-0.6323523,0.034312293,3.103597,-0.61569285,0.034312293,3.105898,0.12469092011451721,0.18253680542111395,0.0498397231101988,0.07475798130035405,0.18250924348831177,0.04134423732757542
1789688274.824675,3.0000,traffic cone,0.8154,161,35,83,8,3.8876,3.8838,1.0356882,0.113566846,3.7454262,1.0681182,0.25717613,3.7252069,0.0878827095031739,0.3646766364574432,0.07753992080688477,0.068090808391571,0.07361777424812316,0.045999479293822976
1789688274.861211,3.0000,traffic cone,0.7229,214,42,104,17,3.1610,4.7526,-0.70201653,0.06494418,3.081346,-1.2307665,0.35348323,4.576855,0.05778967142105107,0.3644016545265913,0.06866321563720712,0.22267942428588872,0.0009442090988159291,0.0560002326965332
1789688274.906810,3.0000,traffic cone,0.6546,237,43,137,10,3.3541,3.3722,-0.014527969,0.21253401,3.3472986,0.008378953,0.26929662,3.361376,0.11390655338764188,0.32281236052513124,0.09232661724090585,0.05772511102259158,0.10075898617506027,0.08927509784698451
1789688274.951867,3.0000,traffic cone,0.4979,395,67,300,51,3.1664,3.1699,-0.53475225,0.06493464,3.1202004,-0.5307603,0.06489347,3.1244762,0.07656064629554749,0.5300547763705253,0.08666527271270752,0.06338664889335632,0.426504909992218,0.07840633392333984
1789688274.997745,3.0000,traffic cone,0.1978,253,114,195,96,3.3899,3.3929,1.2973354,0.044511005,3.1315608,1.3010725,0.012823284,3.1334848,0.13710836172103869,0.4462273895740509,0.09287651777267447,0.1278820037841797,0.44578586518764496,0.07744598388671875
1789688275.045850,3.0000,traffic cone,0.1721,70,52,43,32,3.1668,3.1682,-0.63295144,0.0343014,3.1027067,-0.6160244,0.0343014,3.1075463,0.12472631335258477,0.18236720860004424,0.052184462547302246,0.07538681030273442,0.18233723677694796,0.04233838319778416
1789688275.112014,3.0000,traffic cone,0.8124,164,34,83,8,3.8862,3.8881,1.0330689,0.11429688,3.744633,1.0691606,0.25715965,3.7293952,0.08490090966224673,0.36536431983113293,0.0778024911880495,0.0695037424564362,0.0736344128847122,0.04902963638305646
1789688275.143698,3.0000,traffic cone,0.7181,217,42,109,17,3.1608,4.7473,-0.7007046,0.06489432,3.0815034,-1.2287225,0.3533443,4.571935,0.0571341276168823,0.364037149772048,0.06465474367141688,0.22326767444610596,0.0014292359352111594,0.052647018432616655
1789688275.179195,3.0000,traffic cone,0.6518,236,42,136,9,3.3573,3.3617,-0.014959976,0.24018799,3.3486836,0.0075875,0.26969215,3.3509035,0.11445576250553126,0.3231356292963028,0.09754434823989877,0.058858194202184674,0.06630803942680358,0.07944397926330593
1789688275.228778,3.0000,traffic cone,0.4968,394,67,300,52,3.1655,3.1709,-0.5334524,0.06511353,3.1195142,-0.53192955,0.064882755,3.1252885,0.0755264580249786,0.5302733659744263,0.09326879978179958,0.0638247221708298,0.45460118651390075,0.08585759401321447
1789688275.277659,3.0000,traffic cone,0.1939,256,115,195,96,3.3921,3.3946,1.2976451,0.07608846,3.1331685,1.3017497,0.012915887,3.1350121,0.13882999420165998,0.44649487137794497,0.09319067001342773,0.12776997685432434,0.4458073601126671,0.08009105920791626
1789688275.322532,3.0000,traffic cone,0.1741,69,52,42,32,3.1685,3.1677,-0.6314888,0.034434266,3.104776,-0.61528945,0.03444785,3.1072211,0.12536988258361814,0.18251792304217815,0.05072228908538845,0.07497822046279912,0.18254460133612158,0.04354828596115112
1789688275.390350,3.0000,traffic cone,0.8131,161,33,85,8,3.8854,3.8916,1.0334272,0.115627944,3.743705,1.0686936,0.25724018,3.7331324,0.08738312721252428,0.32213692665100097,0.07384319305419895,0.06775261759758,0.07404125779867174,0.0456631660461424
1789688275.428374,3.0000,traffic cone,0.7155,215,42,107,17,3.1578,4.7412,-0.70082164,0.06475996,3.0783505,-1.2271001,0.35322583,4.565968,0.05886807441711428,0.3641701307147741,0.06837619543075535,0.22185001373291025,0.0009983897209167591,0.059277820587158025
1789688275.473904,3.0000,traffic cone,0.6475,237,43,137,10,3.3548,3.3690,-0.014553636,0.21262655,3.3480089,0.0074988343,0.269409,3.358173,0.11555966809391974,0.3230341076850891,0.0937738895416258,0.05805700030177831,0.1007541671395302,0.08152819871902439
1789688275.519590,3.0000,traffic cone,0.4961,394,67,300,52,3.1650,3.1708,-0.5336169,0.06501298,3.1190321,-0.53103185,0.064858355,3.1253347,0.078154844045639,0.5301101267337799,0.09058952331542969,0.0654204845428466,0.4544559568166733,0.08182501792907715
1789688275.565665,3.0000,traffic cone,0.1886,254,113,197,96,3.3912,3.3939,1.2954298,0.076092094,3.133119,1.2998971,0.012782849,3.135071,0.13573739528656015,0.446331325173378,0.09338254928588885,0.1262485682964325,0.4455631673336029,0.08228170871734619
1789688275.610012,3.0000,traffic cone,0.1705,72,52,45,32,3.1666,3.1679,-0.6333512,0.034170523,3.1023932,-0.6160735,0.034365177,3.107276,0.12432033419609068,0.18255102932453154,0.049498558044433594,0.07482284903526315,0.18249040618538856,0.044417750835418435
1789688275.686124,3.0000,traffic cone,0.8057,163,34,85,8,3.8834,3.8861,1.0309532,0.14973739,3.741088,1.0680814,0.25766635,3.727566,0.09125648438930511,0.3178300946950912,0.07649552822113037,0.06866248250007612,0.07422018945217129,0.04564785957336426
1789688275.731798,3.0000,traffic cone,0.7196,216,43,106,16,3.1575,4.7515,-0.7006349,0.064812884,3.0781107,-1.2357364,0.3533941,4.57435,0.05887013077735903,0.3642523862421513,0.06649727821350115,0.20837166905403137,0.0009731650352478027,0.053931474685668945
1789688275.792689,3.0000,traffic cone,0.6391,237,43,136,10,3.3572,3.3701,-0.014050432,0.21231869,3.3504133,0.008354664,0.2697121,3.3592749,0.11674130707979201,0.32365528494119644,0.10056068897247306,0.057788586616516105,0.10057655572891233,0.09012432098388645
1789688275.841145,3.0000,traffic cone,0.4972,397,67,305,53,3.1678,3.1706,-0.5337907,0.064859375,3.1218333,-0.5325441,0.06475535,3.1248748,0.07258132100105286,0.5300343036651611,0.08757016658782968,0.06280328631401061,0.4514120250940323,0.08366436958312962
1789688275.871989,3.0000,traffic cone,0.1780,256,115,195,95,3.3915,3.3931,1.2960501,0.07589519,3.1331382,1.3024546,0.01285927,3.1331382,0.13781884908676156,0.44609193205833436,0.09375653266906747,0.12633457183837904,0.4458488643169403,0.08009848594665536
1789688275.920314,3.0000,traffic cone,0.1645,70,52,43,32,3.1675,3.1658,-0.631955,0.034194417,3.103599,-0.61588866,0.0341817,3.1051419,0.12389018237590799,0.1824842315167189,0.05151154994964591,0.07562379837036137,0.18234674632549286,0.04684668779373169
1789688275.974948,3.0000,traffic cone,0.8070,160,35,84,8,3.8859,3.8860,1.0306004,0.11391756,3.7449865,1.0691471,0.25738943,3.727116,0.08821075558662417,0.36529443860054017,0.07902812957763672,0.06824228167533875,0.07393247038125991,0.045239734649658025
1789688276.017029,3.0000,traffic cone,0.7218,214,42,107,17,3.1596,4.7456,-0.7011391,0.06473761,3.0801127,-1.2276148,0.35341844,4.5704293,0.05967063605785372,0.3643289513885975,0.06903387308120745,0.22041809558868408,0.0008271098136902189,0.06415643692016637
1789688276.069009,3.0000,traffic cone,0.6343,237,43,137,10,3.3542,3.3699,-0.014246188,0.21314144,3.3474357,0.00867714,0.26913023,3.359079,0.11498023644089697,0.3228800907731056,0.0936237335205079,0.057717319577932344,0.10045755505561829,0.09240882396698025
1789688276.118711,3.0000,traffic cone,0.4920,395,66,302,51,3.1663,3.1716,-0.534521,0.06493315,3.120212,-0.5319126,0.064463004,3.125965,0.07246796786785126,0.5330250076949596,0.08761084079742432,0.06129962205886841,0.4577159211039543,0.08152627944946289
1789688276.167016,3.0000,traffic cone,0.1775,252,114,198,98,3.3917,3.3933,1.2981486,0.044510275,3.1331475,1.3010874,0.01279971,3.133931,0.13648424148559557,0.4463830754160881,0.09314407110214251,0.1255681574344636,0.44591631442308427,0.0801936030387882
1789688276.211385,3.0000,traffic cone,0.1615,71,52,43,32,3.1672,3.1665,-0.63270974,0.03436955,3.10321,-0.61572665,0.03436955,3.1058874,0.12385120987892151,0.1826179474592209,0.052608931064605624,0.07545001208782198,0.1826499905437231,0.04537144899368295
1789688276.279792,3.0000,traffic cone,0.8019,162,33,83,8,3.8880,3.8887,1.0350578,0.11506125,3.7459002,1.0690825,0.25719222,3.7300036,0.0870189070701598,0.32174970805644987,0.07217731475830069,0.06811398863792428,0.07365189939737321,0.04683659076690683
1789688276.314150,3.0000,traffic cone,0.7248,218,42,108,17,3.1604,4.7497,-0.7010945,0.06472655,3.080945,-1.2302396,0.3533461,4.5739503,0.0595971673727036,0.3642064962536097,0.06877897977829006,0.2210397720336914,0.0009642362594604048,0.062103366851806285
1789688276.358426,3.0000,traffic cone,0.6320,241,44,137,10,3.3587,3.3740,-0.014349181,0.23995465,3.3500888,0.0081803575,0.26954675,3.3631606,0.12522243633866312,0.32333464324474337,0.09719587564468402,0.05772861577570437,0.10135099589824678,0.0834771275520323
1789688276.404665,3.0000,traffic cone,0.4884,394,66,301,51,3.1664,3.1702,-0.53369576,0.064890295,3.1204667,-0.5319971,0.06476943,3.1246002,0.07192598283290863,0.533299557864666,0.08784204721450806,0.06003400683403015,0.4577217549085617,0.07930934429168701
1789688276.450198,3.0000,traffic cone,0.1781,253,114,196,96,3.3896,3.3927,1.2956835,0.044483922,3.131878,1.3005555,0.012829401,3.133458,0.13573994636535658,0.4462600976228714,0.09492366313934353,0.12699797749519348,0.44564802944660187,0.0831456184387207
1789688276.494654,3.0000,traffic cone,0.1606,72,52,44,32,3.1676,3.1655,-0.6321517,0.03445503,3.103663,-0.6157149,0.034300253,3.1048517,0.12297247052192695,0.18264133520424367,0.04978001117706299,0.07484807074069977,0.18264634124934676,0.037393033504486084
1789688276.565393,3.0000,traffic cone,0.8017,163,34,83,8,3.8889,3.8883,1.0345533,0.114569634,3.7469645,1.0682151,0.25741404,3.729788,0.08668830990791321,0.3651276435703039,0.08062479496002206,0.06904379129409799,0.07384649664163587,0.04946699142456046
1789688276.597208,3.0000,traffic cone,0.7210,216,42,109,17,3.1604,4.7465,-0.70144033,0.06488465,3.0808418,-1.2283665,0.35332364,4.571122,0.057846805453300454,0.36446754820644855,0.06834795475006095,0.22087135314941397,0.001037335395812966,0.059515762329101385
1789688276.631821,3.0000,traffic cone,0.6310,237,43,137,10,3.3560,3.3727,-0.014994249,0.21264836,3.3492265,0.008003745,0.269019,3.3619351,0.11545521318912505,0.32328865975141524,0.08983297348022434,0.05766535289585589,0.10107432603836061,0.08680635690689087
1789688276.678705,3.0000,traffic cone,0.4853,396,66,303,51,3.1667,3.1700,-0.5346997,0.064944014,3.1205423,-0.5316295,0.06466703,3.1244657,0.07274794578552246,0.5331622064113617,0.08946144580841064,0.061091214418411255,0.4576575458049774,0.08188676834106445
1789688276.728048,3.0000,traffic cone,0.1799,249,114,193,96,3.3910,3.3927,1.297056,0.04443098,3.132835,1.3006727,0.01276578,3.1334186,0.1371795773506166,0.4463451489806175,0.09508903026580784,0.12652596831321716,0.44604189693927765,0.07935851812362671
1789688276.777195,3.0000,traffic cone,0.1572,70,52,43,32,3.1668,3.1680,-0.63211584,0.034380168,3.1029065,-0.6161054,0.03430157,3.1073418,0.12480917274951941,0.1826160255819559,0.0491150498390196,0.07506639361381529,0.1826218616217375,0.04114279747009286
1789688276.836481,3.0000,traffic cone,0.8028,159,34,83,8,3.8871,3.8843,1.0320148,0.11480802,3.7458148,1.0680288,0.25765696,3.725714,0.08615748882293706,0.36487180478870873,0.07227339744567862,0.06848474740982047,0.07399472147226333,0.04748270511627206
1789688276.878309,3.0000,traffic cone,0.7216,216,42,106,17,3.1569,4.7456,-0.70088744,0.06474571,3.077446,-1.2277429,0.35336608,4.570418,0.0592735171318054,0.36440908052027227,0.06701276302337655,0.22180490493774419,0.000782179832458485,0.06106796264648384
1789688276.932163,3.0000,traffic cone,0.6334,236,43,138,10,3.3562,3.3683,-0.014737651,0.21248098,3.3494756,0.007602047,0.2693007,3.357502,0.11464872956275937,0.323078390955925,0.09338836669921857,0.05836828853935002,0.10027632713317872,0.09095900058746365
1789688276.983166,3.0000,traffic cone,0.4881,396,68,304,53,3.1662,3.1696,-0.533579,0.06492004,3.1202168,-0.530531,0.06484501,3.1241944,0.07699764072895043,0.5269581735134125,0.08923941850662231,0.06485087871551509,0.4513132214546204,0.08099226951599148
1789688277.033192,3.0000,traffic cone,0.1826,252,113,195,95,3.3919,3.3929,1.2979237,0.075951144,3.1327922,1.301239,0.012994856,3.1334686,0.1347588300704956,0.4464410454034805,0.09272761344909686,0.12661234140396127,0.4453260153532028,0.07664492130279532
1789688277.079901,3.0000,traffic cone,0.1579,72,52,45,32,3.1653,3.1681,-0.6331787,0.034191914,3.10115,-0.61716396,0.034382567,3.1072395,0.12350845336914062,0.18271695412695407,0.05501350164413443,0.07461825609207151,0.18269649893045425,0.04159048795700082
1789688277.135099,3.0000,traffic cone,0.7994,163,35,84,8,3.8872,3.8881,1.0316714,0.11567746,3.746042,1.0693972,0.2575327,3.7292836,0.09365404248237608,0.31432647481560705,0.07575025558471671,0.0683489322662354,0.07386218309402465,0.04347195625305211
1789688277.183240,3.0000,traffic cone,0.7222,219,44,107,16,3.1577,4.7496,-0.70058215,0.06481947,3.0782852,-1.234657,0.35340202,4.5727224,0.06242736577987662,0.3643999509513378,0.06483597755432102,0.20892798900604248,0.0005623549222946167,0.05313742160797119
1789688277.218510,3.0000,traffic cone,0.6274,237,42,136,9,3.3572,3.3642,-0.014030155,0.2402862,3.348549,0.008593895,0.26960015,3.3533487,0.1149422481656074,0.3232789494097233,0.095279109477997,0.058850580453872675,0.06565501987934111,0.08280887603759757
1789688277.262483,3.0000,traffic cone,0.4902,398,67,305,53,3.1673,3.1719,-0.5356005,0.06518912,3.1210055,-0.53101116,0.06506303,3.126492,0.07477134466171265,0.5300604000687599,0.09369266033172607,0.06362470388412472,0.45132049918174744,0.08065299987792951
1789688277.307860,3.0000,traffic cone,0.1830,252,114,195,96,3.3894,3.3911,1.2973322,0.044596218,3.1309628,1.3006475,0.012873046,3.1317239,0.136237347126007,0.4462532728910446,0.09261844158172616,0.12799003720283508,0.44533099234104156,0.0797114372253418
1789688277.350691,3.0000,traffic cone,0.1586,71,52,43,32,3.1670,3.1670,-0.63195246,0.034276642,3.103098,-0.61499524,0.034276642,3.106543,0.12377318143844607,0.18257168047130107,0.050099313259124756,0.07444783449172976,0.18265375792980193,0.04086812734603873
1789688277.404301,3.0000,traffic cone,0.8035,166,36,84,8,3.8888,3.8877,1.0333894,0.11469644,3.74727,1.0701017,0.25733277,3.7286692,0.093258336186409,0.3649786151945591,0.08085107803344727,0.06911787986755358,0.07359164059162138,0.04743888378143346
1789688277.434442,3.0000,traffic cone,0.7194,218,41,106,17,3.1598,4.7460,-0.70101476,0.06483826,3.0803363,-1.2271774,0.35330692,4.5709305,0.05667179822921753,0.364056333899498,0.07011628150939941,0.2230616807937622,0.0010636091232300027,0.05658226013183576
1789688277.469769,3.0000,traffic cone,0.6297,234,42,135,9,3.3578,3.3642,-0.013530586,0.24038176,3.3491354,0.008930586,0.27030677,3.353286,0.11579632721841329,0.32326042130589483,0.09215191602706918,0.05893744826316833,0.06597649455070492,0.07919974327087376
1789688277.518111,3.0000,traffic cone,0.4901,396,67,306,53,3.1663,3.1695,-0.5345565,0.06500925,3.1201959,-0.53144264,0.06496656,3.1239834,0.07657582759857179,0.5299840867519379,0.087217164039612,0.06893799304962162,0.42660136222839357,0.0803643226623536
1789688277.566640,3.0000,traffic cone,0.1875,266,120,199,96,3.3911,3.3932,1.2902932,0.0760518,3.1351051,1.3010643,0.013055116,3.133802,0.14607306718826285,0.44632434397935866,0.09371888637542725,0.12732598185539246,0.44593413919210434,0.08338403701782227
1789688277.610969,3.0000,traffic cone,0.1597,73,53,43,32,3.1663,3.1657,-0.6311485,0.0042366236,3.1027195,-0.61646,0.034389995,3.1049447,0.12399163246154787,0.18267872482538222,0.05069622993469247,0.0748654454946518,0.18254526294767856,0.043073666095733376
1789688277.682091,3.0000,traffic cone,0.8010,162,35,83,8,3.8861,3.8900,1.0345528,0.115266144,3.7441146,1.0694256,0.25728995,3.7312346,0.09055069684982298,0.36552114337682723,0.07879166603088361,0.0688959896564485,0.07396140545606616,0.0482230901718137
1789688277.731422,3.0000,traffic cone,0.7166,215,41,106,17,3.1570,4.7448,-0.70187956,0.06478843,3.0772605,-1.2298812,0.35325813,4.569021,0.0562167763710022,0.364386647939682,0.07036471366882324,0.22145938873291016,0.0008418917655944602,0.06047344207763672
1789688277.781746,3.0000,traffic cone,0.6244,235,42,134,9,3.3585,3.3625,-0.01482762,0.2402896,3.3498592,0.008967109,0.270044,3.3516436,0.11538788005709644,0.323332092911005,0.08616840839385986,0.05880951434373855,0.065644496679306,0.08530249595642081
1789688277.830491,3.0000,traffic cone,0.4913,392,68,301,52,3.1653,3.1718,-0.53344786,0.06508182,3.1193295,-0.5327832,0.064922936,3.1260626,0.07856256365776065,0.5271982811391354,0.08543921709060642,0.06581597030162806,0.4546711884438991,0.08238784074783334
1789688277.879668,3.0000,traffic cone,0.1848,252,114,194,95,3.3913,3.3932,1.2972726,0.04447761,3.1330187,1.3020059,0.012851059,3.133384,0.13753702044487004,0.44631598740816114,0.09557914733886719,0.12647452354431143,0.44583689570426943,0.08058335781097403
1789688277.925817,3.0000,traffic cone,0.1606,70,52,43,32,3.1674,3.1675,-0.6327528,0.034425408,3.1033692,-0.61723876,0.034425408,3.1066284,0.12353617846965792,0.18268657438457014,0.04736932516098058,0.0749668091535568,0.18268759362399578,0.04123443365097046
1789688277.996771,3.0000,traffic cone,0.8004,157,34,84,8,3.8893,3.8892,1.0329204,0.11495657,3.747919,1.0694574,0.25691497,3.7304106,0.08797040581703175,0.3180337391793728,0.07421214580535906,0.06898027658462524,0.07361892908811568,0.04744842052459708
1789688278.046608,3.0000,traffic cone,0.7203,217,42,105,17,3.1604,4.7506,-0.7012052,0.064716056,3.080959,-1.2298671,0.35334057,4.5750175,0.05734836459159853,0.36417299807071685,0.06858053207397452,0.2226015329360962,0.0007738113403320535,0.056446933746338246
1789688278.097733,3.0000,traffic cone,0.6272,237,42,138,9,3.3569,3.3588,-0.014510885,0.24003011,3.3482382,0.008030273,0.26949674,3.3479252,0.11544470191001888,0.32327043935656546,0.08905782699584952,0.058859611302614204,0.0654066652059555,0.07772283554077175
1789688278.145715,3.0000,traffic cone,0.4903,391,68,300,53,3.1657,3.1724,-0.5336016,0.06507117,3.11972,-0.5308894,0.06498805,3.1269956,0.075310680270195,0.526996735483408,0.08848626613616961,0.06403428912162779,0.45123333036899566,0.08263654708862322
1789688278.177312,3.0000,traffic cone,0.1885,262,121,197,97,3.3914,3.3940,1.2909284,0.07618342,3.1351829,1.2999645,0.012852877,3.1351829,0.14522051811218262,0.4462554156780243,0.09380340576171875,0.12640314102172856,0.44567312598228453,0.08433194160461399
1789688278.224096,3.0000,traffic cone,0.1556,71,52,43,32,3.1672,3.1688,-0.632703,0.03438046,3.103151,-0.61662894,0.034388468,3.108077,0.1247169613838196,0.18260263986885547,0.047994279861450106,0.07467260956764221,0.18275280781090258,0.04264608621597299
1789688278.294769,3.0000,traffic cone,0.7984,163,34,85,8,3.8891,3.8869,1.0325713,0.11462924,3.747782,1.0690325,0.2571598,3.7281485,0.0893026173114776,0.3179154548794031,0.07409482002258327,0.06957771182060246,0.07414217889308927,0.047766113281250355
1789688278.329675,3.0000,traffic cone,0.7231,216,42,108,17,3.1576,4.7474,-0.70133555,0.064683884,3.078092,-1.2282863,0.35340875,4.5721245,0.057942825555801436,0.3643227893859148,0.0679786205291748,0.2206515789031982,0.0010678052902221569,0.06344833374023473
1789688278.374417,3.0000,traffic cone,0.6265,237,43,136,9,3.3570,3.3643,-0.014571533,0.2121124,3.3502562,0.00817056,0.26952565,3.3535192,0.11447540074586868,0.3231639489531517,0.09675254821777335,0.05893506333231925,0.06660220623016355,0.07679390907287598
1789688278.420335,3.0000,traffic cone,0.4867,396,68,300,52,3.1665,3.1717,-0.533599,0.06514884,3.1205287,-0.53173923,0.06484632,3.1261868,0.07867868542671197,0.5271690644323825,0.09195693731307975,0.065204519033432,0.4547883816063404,0.07995128631591797
1789688278.466007,3.0000,traffic cone,0.1963,265,120,198,96,3.3923,3.3940,1.2923788,0.076038495,3.1355116,1.3022621,0.012908071,3.1341586,0.14444180727005018,0.4462206393480301,0.09448819160461452,0.12647655606269836,0.4459550604224205,0.08256292343139648
1789688278.512267,3.0000,traffic cone,0.1570,70,52,43,32,3.1666,3.1667,-0.6326846,0.034394287,3.102594,-0.61546457,0.034350336,3.106162,0.12380990982055662,0.1824765559285879,0.04695947170257586,0.07527174055576324,0.18249825313687326,0.042580556869507014
1789688278.585315,3.0000,traffic cone,0.7986,162,35,83,8,3.8906,3.8891,1.0346594,0.11394566,3.7487347,1.0696425,0.25766662,3.7302024,0.0890014827251433,0.36531323045492176,0.07810416221618643,0.06888803839683533,0.07423935383558275,0.048128700256347745
1789688278.619873,3.0000,traffic cone,0.7223,216,41,105,17,3.1568,4.7484,-0.70145726,0.06477839,3.077212,-1.2294077,0.35335663,4.5728316,0.05733776092529297,0.36440280079841614,0.06653356552124023,0.22152798175811772,0.000850677490234375,0.06016759872436506
1789688278.664292,3.0000,traffic cone,0.6350,237,43,139,10,3.3558,3.3696,-0.013824135,0.21329704,3.348992,0.008462064,0.26979947,3.3587308,0.11458894610404967,0.3233244836330414,0.09281041622161856,0.05801279582083224,0.10050470232963563,0.09115811586379996
1789688278.710899,3.0000,traffic cone,0.4793,391,68,300,53,3.1650,3.1733,-0.533682,0.06491315,3.118991,-0.5318975,0.06469171,3.1277778,0.07641216516494753,0.5271020017564296,0.08661270141601562,0.06508288383483884,0.4514862716197967,0.08067231178283674
1789688278.756517,3.0000,traffic cone,0.1925,262,120,196,96,3.3904,3.3929,1.2926724,0.076029465,3.133416,1.3014739,0.012845904,3.1332836,0.14689965248107928,0.4461902916431427,0.09193302392959568,0.12647423148155212,0.44596512615680695,0.07789593935012817
1789688278.801855,3.0000,traffic cone,0.1570,70,52,43,32,3.1668,3.1686,-0.63341284,0.034365036,3.1026163,-0.6167939,0.03443569,3.1078172,0.12470565438270564,0.18259420841932297,0.05251998901367161,0.07466916739940643,0.18257585391402245,0.04286490678787214
1789688278.870772,3.0000,traffic cone,0.8015,163,35,84,8,3.8853,3.8915,1.0307088,0.1155166,3.744339,1.0705992,0.25745282,3.7324946,0.09524593353271482,0.314555511623621,0.07507338523864737,0.0710018813610076,0.07400666922330856,0.054899954795837314
1789688278.901529,3.0000,traffic cone,0.7268,215,41,106,17,3.1586,4.7513,-0.7018676,0.0647105,3.078969,-1.2302502,0.35345507,4.575594,0.05547046661376953,0.36430031061172485,0.06590890884399414,0.22155146598815922,0.0010157346725463978,0.06075267791748029
1789688278.935404,3.0000,traffic cone,0.6398,237,42,136,9,3.3577,3.3638,-0.013709292,0.24012539,3.3490267,0.009158865,0.26962417,3.3529592,0.11439058110117907,0.32336242869496346,0.09228150844574001,0.05893458649516105,0.06644011735916139,0.07727260589599627
1789688278.973579,3.0000,traffic cone,0.4848,393,67,301,51,3.1650,3.1704,-0.53435355,0.06511426,3.118886,-0.5304184,0.064845905,3.1250873,0.07679730057716361,0.5300932884216308,0.09006166458129883,0.06627535820007324,0.4264707416296005,0.07712388038635254
1789688279.031442,3.0000,traffic cone,0.1946,261,121,196,98,3.3915,3.3934,1.2917572,0.07602936,3.1349154,1.3005977,0.013005376,3.134283,0.14705884456634521,0.4463516026735306,0.09341955184936523,0.12879203557968144,0.4460771605372429,0.08102149963378924
1789688279.080270,3.0000,traffic cone,0.1561,70,52,43,32,3.1660,3.1681,-0.63290036,0.034318484,3.101877,-0.61766887,0.03436915,3.107091,0.12364537417888644,0.18269588649272916,0.050873756408691406,0.07455542087554934,0.18276941142976283,0.04225935935974112
1789688279.138355,3.0000,traffic cone,0.8041,160,33,84,8,3.8867,3.8875,1.0333517,0.11545536,3.7450447,1.068753,0.25717825,3.728805,0.08579983711242667,0.3214983165264129,0.07478313446044949,0.07089840173721318,0.07381310760974882,0.05228254795074472
1789688279.185889,3.0000,traffic cone,0.7256,215,42,105,17,3.1595,4.7475,-0.7003877,0.06487387,3.0801814,-1.228124,0.35341752,4.572293,0.059353005886077836,0.36419899165630343,0.06744406223297128,0.22251620292663565,0.0006911754608154297,0.05684700012207067
1789688279.232311,3.0000,traffic cone,0.6446,235,42,136,9,3.3567,3.3613,-0.015270475,0.23960559,3.3480601,0.0069076717,0.26975712,3.3504963,0.11589813753962512,0.32287257090210914,0.08485524654388454,0.058936981856822966,0.06641687154769899,0.0745281219482421
1789688279.272491,3.0000,traffic cone,0.4897,397,66,304,52,3.1655,3.1692,-0.5341557,0.06489315,3.1194015,-0.53139603,0.06484812,3.1236637,0.07243587076663971,0.5329425632953644,0.09055519104003906,0.061850130558013916,0.4543263643980026,0.0829790115356448
1789688279.327003,3.0000,traffic cone,0.1907,253,114,195,96,3.3914,3.3917,1.2972711,0.07616475,3.1326005,1.3001349,0.012998089,3.1326005,0.1390850126743317,0.44640360921621325,0.09637329578399623,0.1296275556087494,0.44600869715213776,0.08182764053344727
1789688279.378961,3.0000,traffic cone,0.1559,70,53,42,32,3.1673,3.1673,-0.63262343,0.064340815,3.1027675,-0.6154643,0.034559526,3.1067758,0.12705706357955937,0.1825280085206032,0.05005493164062491,0.07474596500396735,0.18252510614693165,0.042063450813293546
1789688279.441250,3.0000,traffic cone,0.8069,161,33,84,8,3.8912,3.8889,1.0364189,0.11407223,3.7489364,1.0693092,0.25737345,3.7300956,0.08293170928955074,0.3655442804098129,0.08028993606567392,0.06871682405471802,0.07336961776018144,0.04688129425048837
1789688279.480225,3.0000,traffic cone,0.7238,214,41,107,17,3.1590,4.7463,-0.7022711,0.06483114,3.0792773,-1.2279866,0.35351118,4.571041,0.054357290267944336,0.3640013188123703,0.07237744331359863,0.22286732196807857,0.0007323503494263139,0.05543479919433647
1789688279.532239,3.0000,traffic cone,0.6437,236,43,138,10,3.3560,3.3693,-0.014798954,0.21248654,3.3492067,0.007885106,0.2698546,3.3585153,0.11509599089622496,0.3229582920670509,0.0917334079742429,0.05785763934254645,0.1000818148255348,0.08801072835922241
1789688279.581808,3.0000,traffic cone,0.4928,394,67,302,52,3.1669,3.1717,-0.5341636,0.065087035,3.1208465,-0.5311408,0.06498474,3.1262336,0.07567448019981382,0.5301135629415512,0.08919003009796134,0.06757273375987999,0.42652454078197477,0.07703711986541739
1789688279.627242,3.0000,traffic cone,0.1920,255,115,194,97,3.3929,3.3932,1.298309,0.076135725,3.1337109,1.3010124,0.012783796,3.1338449,0.1382114171981812,0.4462241530418396,0.09836535453796369,0.12925255298614502,0.4457190364599228,0.07999286651611337
1789688279.666570,3.0000,traffic cone,0.1608,69,52,42,32,3.1654,3.1673,-0.630636,0.034333408,3.1017294,-0.6180599,0.034361787,3.1062276,0.1229057967662811,0.1825446654111147,0.04826893806457555,0.07466987073421472,0.18254047669470308,0.04004733562469465
1789688279.717115,3.0000,traffic cone,0.8095,163,35,84,8,3.8856,3.8879,1.0334269,0.11428645,3.7439036,1.0685028,0.257477,3.7293048,0.08769197463989253,0.36532304212450983,0.07580876350402832,0.06835415959358215,0.07415576726198198,0.0466273069381713
1789688279.754067,3.0000,traffic cone,0.7257,217,42,107,17,3.1583,4.7519,-0.7013538,0.064772286,3.078755,-1.2308512,0.3534638,4.5760813,0.05639256536960602,0.3642886482179165,0.0727779150009158,0.2213863611221314,0.0008783459663390669,0.060966587066650924
1789688279.803688,3.0000,traffic cone,0.6463,234,43,137,10,3.3561,3.3670,-0.014092021,0.21217576,3.3493543,0.008046322,0.26926655,3.3561838,0.11397832632064817,0.3230649784207344,0.09160351753234863,0.05804671011865138,0.10024723112583159,0.08195657730102557
1789688279.850072,3.0000,traffic cone,0.4941,395,68,301,53,3.1679,3.1724,-0.53485847,0.06486529,3.12173,-0.5321764,0.064775914,3.1267805,0.07483009696006776,0.5269197680056095,0.08906919956207293,0.06278956532478325,0.45128524899482725,0.08325109481811532
1789688279.896478,3.0000,traffic cone,0.1930,261,120,194,96,3.3905,3.3933,1.2909727,0.076165125,3.1342154,1.3003945,0.012820587,3.1342154,0.14623739123344426,0.446300408244133,0.09390435218811044,0.12644678354263306,0.4457688182592392,0.07673883438110352
1789688279.941746,3.0000,traffic cone,0.1567,72,52,44,32,3.1663,3.1678,-0.6327878,0.034305915,3.1022708,-0.6167103,0.034305915,3.1069853,0.12624823749065395,0.18247294686734677,0.05029437541961679,0.07477911710739127,0.18255971744656563,0.04196820259094247
1789688280.012582,3.0000,traffic cone,0.8079,166,37,83,8,3.8884,3.8886,1.0318834,0.113725334,3.7472076,1.070177,0.2569819,3.729621,0.09337368011474612,0.3650828421115875,0.0800434112548829,0.06980701684951796,0.07391204535961149,0.05310006141662571
1789688280.046448,3.0000,traffic cone,0.7210,219,43,109,16,3.1597,4.7487,-0.70187795,0.06482546,3.080114,-1.2345555,0.3533586,4.5717897,0.05863916873931885,0.364203242212534,0.06578819751739484,0.20752379298210144,0.0010074526071548462,0.05904281139373779
1789688280.090257,3.0000,traffic cone,0.6463,235,42,136,9,3.3576,3.3610,-0.014127292,0.24047703,3.3489795,0.008982189,0.2698608,3.3501303,0.11318193413317199,0.32339266091585156,0.09305979013443011,0.05887583196163177,0.06553344130516053,0.08249750137329093
1789688280.137402,3.0000,traffic cone,0.4951,396,68,301,52,3.1678,3.1714,-0.5334233,0.065047026,3.121875,-0.53166413,0.06488032,3.1258612,0.07955707907676696,0.5270564921200275,0.09372304677963283,0.06649735867977141,0.45463234558701515,0.0793253660202029
1789688280.184492,3.0000,traffic cone,0.1941,253,114,196,97,3.3908,3.3920,1.2974774,0.044540465,3.1324344,1.3000911,0.01292184,3.1328835,0.1370175957679749,0.4463618740439415,0.08959927558898917,0.1268244981765747,0.44579643607139585,0.07962884902954093
1789688280.229129,3.0000,traffic cone,0.1614,69,52,42,32,3.1656,3.1684,-0.6324521,0.034334287,3.10154,-0.61645436,0.034373768,3.1077013,0.12283372581005103,0.18262346908450128,0.04907461404800406,0.07492429912090293,0.18264230750501156,0.04144804477691677
1789688280.299655,3.0000,traffic cone,0.8115,161,35,83,8,3.8871,3.8911,1.0301061,0.11546737,3.7463686,1.0702059,0.25764447,3.7321796,0.09096478819847098,0.36556691899895666,0.07324376106262198,0.06937457323074336,0.07377618700265887,0.049205803871154696
1789688280.333797,3.0000,traffic cone,0.7189,216,43,104,16,3.1563,4.7478,-0.7008391,0.06491606,3.0768116,-1.2342567,0.35330567,4.5709386,0.058306282758712746,0.36431419625878336,0.06462104320526141,0.2091807723045349,0.0011436790227890015,0.0556793212890625
1789688280.378507,3.0000,traffic cone,0.6455,236,42,137,9,3.3583,3.3645,-0.0148458,0.24055934,3.3496504,0.008154497,0.2694589,3.353674,0.11592639386653894,0.3230591766536236,0.08836953639984158,0.059060420095920566,0.06498609781265258,0.0813800334930419
1789688280.420033,3.0000,traffic cone,0.4985,392,68,298,53,3.1673,3.1723,-0.53357106,0.065000184,3.1213708,-0.5304941,0.06472631,3.1269703,0.07544233500957487,0.527351851761341,0.08949178457260132,0.06450014114379887,0.45139840245246887,0.08596696853637686
1789688280.453565,3.0000,traffic cone,0.1993,262,121,196,98,3.3928,3.3942,1.2919765,0.07608652,3.1362097,1.2988529,0.012846984,3.1358044,0.1487034559249878,0.44620978832244873,0.09438419342041016,0.12677993774414076,0.44580557495355605,0.08003971576690638
1789688280.497956,3.0000,traffic cone,0.1636,70,52,43,32,3.1678,3.1656,-0.63161165,0.034445934,3.1040401,-0.6170084,0.034453087,3.1047444,0.12512502670288084,0.18256172053515912,0.05035678148269662,0.07430431246757507,0.18258272111415863,0.040646147727966486
1789688280.569010,3.0000,traffic cone,0.8129,161,33,83,8,3.8929,3.8871,1.0363216,0.11414912,3.7507215,1.0686572,0.2574281,3.7284105,0.08557996749877927,0.3216200202703476,0.07535715103149387,0.06876841783523568,0.07383379489183428,0.04565935134887722
1789688280.610852,3.0000,traffic cone,0.7197,217,42,107,17,3.1603,4.7487,-0.7015623,0.06483238,3.080719,-1.2300148,0.35343394,4.5730057,0.057600739598274164,0.36456814631819723,0.0660843372344968,0.22115206718444824,0.0010173320770263672,0.061224174499511896
1789688280.648794,3.0000,traffic cone,0.6469,235,43,138,10,3.3557,3.3731,-0.014365211,0.2118564,3.348939,0.008078389,0.2696283,3.3623104,0.11334964111447332,0.3231950536370278,0.09295763969421378,0.05780765302479266,0.10106255859136584,0.08077517747879037
1789688280.693377,3.0000,traffic cone,0.5006,393,68,298,52,3.1682,3.1711,-0.53432626,0.065255195,3.1221633,-0.53195965,0.06497559,3.1254377,0.07959920763969419,0.527134221792221,0.09180318117141706,0.0658816039562225,0.45474570691585536,0.0786394476890564
1789688280.739910,3.0000,traffic cone,0.2005,261,120,194,95,3.3928,3.3946,1.2926329,0.07615656,3.1359859,1.2998002,0.012889236,3.1358385,0.14462664127349867,0.4465578630566597,0.09555584192276001,0.12653222084045423,0.445525062084198,0.0789337158203125
1789688280.785625,3.0000,traffic cone,0.1652,72,52,43,32,3.1652,3.1693,-0.63384724,0.034321845,3.1009374,-0.6168492,0.034321845,3.1084847,0.12412070035934453,0.18249709755182264,0.04868373870849618,0.07447631657123566,0.18247126340866088,0.041812026500701815
1789688280.856052,3.0000,traffic cone,0.8129,166,35,84,9,3.8910,3.8881,1.0322587,0.11555189,3.7498126,1.0696397,0.2570724,3.7292042,0.09509519934654231,0.3656432911753654,0.07454757690429714,0.08374230861663823,0.07349682450294498,0.057593250274658114
1789688280.905710,3.0000,traffic cone,0.7177,219,42,105,17,3.1587,4.7444,-0.7013642,0.06459624,3.0791607,-1.226693,0.35316864,4.5694766,0.058094111084938005,0.3645234953612089,0.06928361654281634,0.22275245189666748,0.0008579015731811634,0.05541276931762695
1789688280.956957,3.0000,traffic cone,0.6525,236,42,135,9,3.3578,3.3651,-0.0133119635,0.24123251,3.3490481,0.00986816,0.2697826,3.35428,0.11450845599174495,0.32303511500358584,0.09212136268615723,0.058885145187377926,0.06498605012893677,0.09354043006896973
1789688281.006473,3.0000,traffic cone,0.4986,391,67,300,53,3.1656,3.1728,-0.53299075,0.064955056,3.119749,-0.5307496,0.064776406,3.1274674,0.07752152085304259,0.5301209688186646,0.08595111370086661,0.06547694206237792,0.45142812132835386,0.07777528762817365
1789688281.056297,3.0000,traffic cone,0.2044,264,120,196,96,3.3912,3.3940,1.2930295,0.07601161,3.13413,1.3004737,0.012803927,3.1348956,0.14726873040199284,0.4463891893625259,0.09562228918075544,0.12773308157920837,0.44561992585659027,0.07966327667236328
1789688281.102170,3.0000,traffic cone,0.1688,70,52,42,32,3.1672,3.1689,-0.63313127,0.034323804,3.103076,-0.616994,0.034315996,3.1080763,0.12360771298408513,0.1825795888900757,0.04819191694259617,0.07480682134628291,0.18245843462646008,0.04116277694702131
1789688281.165041,3.0000,traffic cone,0.8122,158,33,84,8,3.8878,3.8879,1.0344548,0.1150669,3.745842,1.0681336,0.25721222,3.7294073,0.0860705614089966,0.3217918038368225,0.0746238708496092,0.06792665719985957,0.07450322806835175,0.04830503463745117
1789688281.220161,3.0000,traffic cone,0.7164,216,42,105,17,3.1594,4.7478,-0.7000815,0.064792,3.0801861,-1.2282732,0.3533793,4.5725513,0.05871152281761172,0.36434588097035886,0.0709566831588746,0.22177715301513667,0.000587332248687733,0.059600543975830256
1789688281.271264,3.0000,traffic cone,0.6515,237,43,138,10,3.3568,3.3661,-0.015437938,0.21259044,3.3500276,0.007706631,0.26953724,3.3552637,0.11679481193423269,0.3232601538300514,0.09190313816070583,0.05812153592705725,0.10024112910032273,0.08562852144241351
1789688281.321154,3.0000,traffic cone,0.4959,398,68,302,52,3.1662,3.1698,-0.5337653,0.06490122,3.1202068,-0.53085136,0.06487258,3.1243942,0.07661371827125546,0.5268682666122914,0.08994164466857901,0.0645093947649002,0.4264497995376587,0.08153281211853036
1789688281.370136,3.0000,traffic cone,0.1981,261,119,195,95,3.3933,3.3953,1.2921498,0.07612763,3.1366873,1.2997079,0.012996718,3.1366873,0.14596917629241957,0.4463540017604828,0.093813228607178,0.12604014873504643,0.4458052933216095,0.07686827182769784
1789688281.413389,3.0000,traffic cone,0.1698,70,52,42,32,3.1671,3.1683,-0.6342137,0.034386672,3.102745,-0.6156423,0.034386672,3.1077652,0.12550352215766902,0.18264776319265366,0.047608816623687655,0.07491942644119265,0.18271662145853043,0.03902052640914899
1789688281.486289,3.0000,traffic cone,0.8135,164,34,83,8,3.8884,3.8911,1.0350014,0.114594534,3.746331,1.0694281,0.2576416,3.732383,0.08673617243766774,0.36564805172383785,0.07569303512573233,0.0680136144161223,0.0735184744000435,0.0448594808578493
1789688281.535330,3.0000,traffic cone,0.7164,217,42,106,16,3.1581,4.7487,-0.7009829,0.06481454,3.0786266,-1.2348113,0.35355905,4.5716634,0.05614260733127585,0.36452222540974616,0.06389527320861843,0.20793306827545166,0.0008114874362945557,0.05584824085235596
1789688281.586825,3.0000,traffic cone,0.6527,235,42,138,9,3.3590,3.3675,-0.014486466,0.24036363,3.3503187,0.008252054,0.2694784,3.3567328,0.11493497155606741,0.32334084808826447,0.08955692052841169,0.05894893556833267,0.06573193073272707,0.07553877830505362
1789688281.636541,3.0000,traffic cone,0.4939,396,67,303,53,3.1684,3.1714,-0.5339689,0.06517461,3.1223729,-0.53189296,0.06499207,3.125821,0.0779653310775757,0.5300109684467316,0.08499219417572013,0.067837655544281,0.45165308713912966,0.07935194969177273
1789688281.686018,3.0000,traffic cone,0.1977,260,118,194,94,3.3901,3.3916,1.2920563,0.07611267,3.1332748,1.3004112,0.012837775,3.1323445,0.14614352583885193,0.4464961960911751,0.09044578075408927,0.12693101167678833,0.4458861336112022,0.07659374475479153
1789688281.732044,3.0000,traffic cone,0.1670,69,52,42,32,3.1660,3.1690,-0.6331819,0.03426464,3.101851,-0.61692107,0.03426464,3.1081312,0.12349572479724891,0.18252509236335754,0.051217854022979736,0.07516839802265163,0.18243489675223828,0.045500099658966064
1789688281.804070,3.0000,traffic cone,0.8143,160,34,84,8,3.8894,3.8905,1.0332439,0.11462219,3.7478557,1.0680299,0.2573641,3.7321522,0.08757053613662724,0.31827865317463877,0.07917647361755353,0.06770796775817867,0.07419557273387911,0.04545216560363752
1789688281.851942,3.0000,traffic cone,0.7173,216,43,106,16,3.1590,4.7456,-0.70024556,0.06494203,3.0796885,-1.2337226,0.35326403,4.568837,0.05992946624755868,0.3642815202474594,0.06993761062622061,0.20878425240516663,0.0008371323347091675,0.052100181579589844
1789688281.881915,3.0000,traffic cone,0.6548,236,43,138,10,3.3560,3.3682,-0.014948823,0.21249497,3.3492153,0.007664345,0.26930436,3.357379,0.1148308530449867,0.32287594825029375,0.0976221799850463,0.05776460245251654,0.10063801854848858,0.08585983514785767
1789688281.915190,3.0000,traffic cone,0.4968,394,66,300,51,3.1621,3.1718,-0.53344774,0.06479832,3.116126,-0.53156626,0.064585894,3.12631,0.07259510457515717,0.5333838537335396,0.08720427751541138,0.06152665615081787,0.4577491134405136,0.07803559303283691
1789688281.959712,3.0000,traffic cone,0.1973,263,119,196,95,3.3924,3.3941,1.2926081,0.07612324,3.1355653,1.2991345,0.012892261,3.1355653,0.14496556520462023,0.4462570995092392,0.0922142982482912,0.12644588947296143,0.44565617144107816,0.07846543788909921
1789688282.004294,3.0000,traffic cone,0.1657,71,52,42,32,3.1682,3.1681,-0.6335489,0.03447984,3.1040025,-0.61542064,0.03446819,3.1075726,0.12390796542167659,0.18269096426665782,0.049349975585937234,0.07505514323711404,0.18260073959827422,0.044858646392822
1789688282.075338,3.0000,traffic cone,0.8144,161,33,85,8,3.8940,3.8881,1.0325702,0.115235254,3.7528238,1.0699837,0.2575028,3.729044,0.08733352422714236,0.32165446877479553,0.07048645019531286,0.0694615006446837,0.07362095415592193,0.04994256496429461
1789688282.125247,3.0000,traffic cone,0.7212,217,42,107,17,3.1612,4.7488,-0.700876,0.064890064,3.0818186,-1.2296098,0.35331374,4.5732417,0.059207326173782326,0.3645126525312662,0.06437267065048191,0.2212546586990356,0.0012250065803527943,0.058454036712646484
1789688282.163149,3.0000,traffic cone,0.6560,235,43,137,10,3.3570,3.3704,-0.014391251,0.21266441,3.350271,0.008285813,0.26930216,3.3596191,0.11405806690454481,0.3231257826089859,0.09760754108428937,0.057820384576916684,0.10060063600540164,0.09082610607147235
1789688282.208324,3.0000,traffic cone,0.4938,395,67,301,51,3.1679,3.1694,-0.53605187,0.06499316,3.1215165,-0.53211147,0.06482302,3.1237042,0.0750756084918976,0.5305384203791618,0.09203696250915527,0.06153392791748047,0.4577390179038048,0.08064770698547363
1789688282.259852,3.0000,traffic cone,0.2004,263,120,197,96,3.3912,3.3941,1.2922151,0.07605274,3.1344051,1.3019173,0.012768649,3.1344051,0.1448009252548219,0.4463315665721893,0.09454929828643799,0.12696465849876404,0.4455413669347763,0.07986855506896973
1789688282.301204,3.0000,traffic cone,0.1652,70,52,42,32,3.1667,3.1662,-0.6331669,0.034382924,3.1025147,-0.6156484,0.034382924,3.1055918,0.12491664290428162,0.18258894383907318,0.045659637451171964,0.07456691265106197,0.18260652907192707,0.037025761604308816
1789688282.369761,3.0000,traffic cone,0.8135,161,34,85,8,3.8888,3.8878,1.0336915,0.14970458,3.7458959,1.0699707,0.257748,3.7287912,0.0917530357837677,0.3179417081177235,0.07250039577484158,0.0681654036045074,0.0738905310630798,0.04521458148956281
1789688282.419759,3.0000,traffic cone,0.7212,220,43,108,16,3.1594,4.7499,-0.7008856,0.06498803,3.0799458,-1.2339908,0.35341004,4.573223,0.05986356735229492,0.3642394281923771,0.06633615493774414,0.2075103521347046,0.0009348094463348389,0.0567781925201416
1789688282.470454,3.0000,traffic cone,0.6531,235,43,137,10,3.3554,3.3686,-0.014353648,0.21333706,3.348613,0.0077739954,0.26914483,3.3578486,0.11560141816735267,0.3230696856975555,0.09123816490173331,0.058788160048425186,0.10002675503492353,0.09161059856414777
1789688282.520132,3.0000,traffic cone,0.4979,395,67,301,53,3.1668,3.1709,-0.5343337,0.065102264,3.1206737,-0.53159237,0.06504549,3.1253526,0.07551169395446772,0.5299408867955208,0.08818104267120352,0.06571705937385564,0.45146321654319765,0.08015785217285165
1789688282.567850,3.0000,traffic cone,0.2025,260,120,195,97,3.3902,3.3924,1.2930222,0.07610379,3.13306,1.3005307,0.012859181,3.1331992,0.14367960095405574,0.44650633335113527,0.09341242313385001,0.12400965690612797,0.44601830542087556,0.07986693382263166
1789688282.609043,3.0000,traffic cone,0.1694,70,52,42,32,3.1677,3.1683,-0.6325536,0.034421965,3.1037126,-0.615988,0.03443516,3.1076627,0.1258592665195465,0.18271979093551635,0.04965093135833776,0.07511230707168581,0.1826460286974907,0.03966560363769567
1789688282.675345,3.0000,traffic cone,0.8133,164,37,83,8,3.8880,3.8881,1.0290194,0.11424829,3.7476394,1.0706763,0.2573813,3.7288804,0.09419221878051753,0.365084408223629,0.0749427795410158,0.06864227056503291,0.07388272136449817,0.04738020896911621
1789688282.707964,3.0000,traffic cone,0.7234,214,42,104,17,3.1580,4.7450,-0.70169634,0.064767376,3.078346,-1.228626,0.35325915,4.5694923,0.058664613962173484,0.3645758405327797,0.06594353914260864,0.2213692903518676,0.001157665252685569,0.06115121841430682
1789688282.740017,3.0000,traffic cone,0.6544,236,42,135,9,3.3581,3.3634,-0.01387715,0.2406959,3.3494546,0.010041937,0.2698825,3.3525612,0.11435835547745224,0.32353456765413285,0.09538441896438599,0.05893615782260894,0.0658059149980545,0.08511886596679696
1789688282.790265,3.0000,traffic cone,0.4968,392,67,299,52,3.1688,3.1723,-0.53353286,0.0650976,3.1228964,-0.5316267,0.034685276,3.1272423,0.07150943279266359,0.530313017964363,0.09008076190948477,0.06058017611503602,0.4546875864267349,0.08152445554733267
1789688282.840840,3.0000,traffic cone,0.2042,259,119,195,96,3.3918,3.3944,1.2908729,0.07611589,3.1355772,1.3004843,0.0129016265,3.1353774,0.14724208116531368,0.4464221477508545,0.09097535610198992,0.12645286321640015,0.4460896700620651,0.07885122299194336
1789688282.890284,3.0000,traffic cone,0.1712,71,52,44,32,3.1673,3.1694,-0.63264495,0.03429974,3.1032965,-0.6162716,0.034459367,3.1086788,0.12420065402984615,0.18286951221525669,0.04754917621612531,0.07522640228271482,0.18286206647753717,0.03957108259201059
1789688282.950137,3.0000,traffic cone,0.8128,166,34,85,9,3.8902,3.8849,1.035692,0.11484954,3.748072,1.0694548,0.25759414,3.7258873,0.08740019798278809,0.36567750908434393,0.07818226814270002,0.08110871315002433,0.07466204762458803,0.04889488220214844
1789688282.992162,3.0000,traffic cone,0.7224,217,42,105,17,3.1596,4.7466,-0.7017877,0.0648123,3.0799775,-1.2296431,0.35346392,4.570866,0.057095694541931086,0.364363981410861,0.07004017829895037,0.22289519309997563,0.000917804241180431,0.05516195297241211
1789688283.043055,3.0000,traffic cone,0.6533,237,43,135,9,3.3541,3.3638,-0.014761388,0.21002427,3.3474638,0.007937059,0.2697763,3.3529508,0.11617593243718147,0.3227571681141853,0.09093081951141357,0.05891962796449661,0.10365566611289975,0.08565692901611355
1789688283.091735,3.0000,traffic cone,0.4992,396,69,301,53,3.1673,3.1721,-0.53307295,0.06501648,3.1214077,-0.5316991,0.064968735,3.1265275,0.07911069393157955,0.5239673256874084,0.09357223510742152,0.06432169675827026,0.4514451563358307,0.08136706352233913
1789688283.141299,3.0000,traffic cone,0.2020,257,118,191,94,3.3912,3.3933,1.2935929,0.076102346,3.133812,1.301472,0.012930535,3.133812,0.1433011293411255,0.446438355743885,0.09155323505401602,0.12431923151016244,0.4457559362053871,0.0841501474380495
1789688283.185583,3.0000,traffic cone,0.1709,71,53,43,32,3.1663,3.1687,-0.63181496,0.004118338,3.102602,-0.6168915,0.034301914,3.1078887,0.12412452697753906,0.18248908519744875,0.0544327735900878,0.07482451796531675,0.1823806744068861,0.04527240991592407
1789688283.256410,3.0000,traffic cone,0.8130,164,36,85,8,3.8884,3.8874,1.0327449,0.11468172,3.7469506,1.069566,0.25746438,3.728454,0.08980122208595276,0.36532354913651943,0.07506787776947021,0.06913682222366324,0.07394382506608965,0.0477317333221432
1789688283.305014,3.0000,traffic cone,0.7147,216,41,105,17,3.1580,4.7497,-0.7013074,0.06477131,3.0785105,-1.228601,0.35342962,4.574381,0.054755568504333496,0.3644711896777153,0.06753206253051758,0.22120840549469012,0.0009541392326354869,0.062005615234374645
1789688283.352586,3.0000,traffic cone,0.6555,236,42,136,9,3.3576,3.3587,-0.01434961,0.24035743,3.3489738,0.00872238,0.2694831,3.3478684,0.1143434431403875,0.3236776486039162,0.08852450847625715,0.05895081758499145,0.06556369364261624,0.07814087867736808
1789688283.393381,3.0000,traffic cone,0.5031,396,68,307,53,3.1692,3.1718,-0.53301823,0.06518134,3.123343,-0.5314138,0.06493707,3.1263347,0.07704204022884364,0.5271163813769817,0.08661313056945819,0.06506891846656793,0.4516781151294708,0.07984027862548837
1789688283.425695,3.0000,traffic cone,0.2063,260,118,194,94,3.3925,3.3951,1.2925407,0.076151446,3.1357372,1.3014233,0.012921311,3.1357372,0.1455497562885284,0.4466009110212326,0.090885615348816,0.12606291174888606,0.4459690123796463,0.07729623317718515
1789688283.472271,3.0000,traffic cone,0.1758,72,52,44,32,3.1672,3.1700,-0.6325886,0.034462944,3.103179,-0.61626315,0.034462944,3.1093426,0.12306353449821472,0.1826847940683365,0.05022516250610343,0.07445935606956489,0.18283065259456635,0.04145314693450919
1789688283.529436,3.0000,traffic cone,0.8163,160,34,84,8,3.8872,3.8940,1.0336682,0.14987594,3.7442873,1.0704005,0.2575029,3.7351313,0.0933461964130402,0.3185516487807036,0.08000965118408221,0.06940255761146541,0.07446087300777432,0.0509559631347658
1789688283.571156,3.0000,traffic cone,0.7154,216,43,106,16,3.1611,4.7471,-0.70013565,0.06489858,3.0819137,-1.2331636,0.35352394,4.5704308,0.05892013311386113,0.36431838423013685,0.06961715221405029,0.2079278826713562,0.0008956640958786011,0.055985093116760254
1789688283.617805,3.0000,traffic cone,0.6591,235,42,135,9,3.3588,3.3609,-0.014165681,0.2407912,3.3501692,0.009790413,0.2702522,3.3500178,0.11367749311029905,0.32357732802629474,0.0930042743682864,0.05895064920186996,0.06565974354743959,0.08685488700866717
1789688283.654413,3.0000,traffic cone,0.5011,393,67,300,52,3.1683,3.1685,-0.53443635,0.06503637,3.1222634,-0.5312166,0.065010354,3.1230078,0.0772404253482818,0.5298859789967536,0.09009115695953351,0.06613720357418051,0.4263979226350784,0.08123067617416391
1789688283.699141,3.0000,traffic cone,0.2130,262,119,195,95,3.3914,3.3942,1.2933868,0.07619277,3.134176,1.302937,0.012877867,3.134176,0.14648143053054818,0.4464599758386612,0.09655144214630118,0.1271325945854187,0.4457763761281967,0.07883279323577863
1789688283.747348,3.0000,traffic cone,0.1752,69,52,42,32,3.1675,3.1690,-0.6333531,0.034470156,3.1032982,-0.61636496,0.034511104,3.1082907,0.12456453144550328,0.18266852013766766,0.04399683475494376,0.07566174268722536,0.18265576325356958,0.03782246112823495
1789688283.820224,3.0000,traffic cone,0.8172,160,34,84,8,3.8892,3.8897,1.0322151,0.14985862,3.7467394,1.0702158,0.2576439,3.7307353,0.09154803454875937,0.3182005818933249,0.07588140964508083,0.06857523918151864,0.07421214133501056,0.045088839530945
1789688283.857901,3.0000,traffic cone,0.7145,216,41,105,17,3.1597,4.7474,-0.70209396,0.064744815,3.0800474,-1.2293735,0.3532741,4.571841,0.056297361850738525,0.36424489319324493,0.06816315650939941,0.22132713794708248,0.0012334108352660689,0.06610822677612305
1789688283.919013,3.0000,traffic cone,0.6606,235,42,136,9,3.3575,3.3571,-0.014574397,0.2405494,3.3488011,0.009576112,0.26978606,3.3461905,0.11608510278165335,0.3230027034878731,0.09296375513076782,0.059087038040161126,0.06547662615776062,0.07715625762939471
1789688283.969821,3.0000,traffic cone,0.5007,390,68,301,53,3.1675,3.1706,-0.5330875,0.065101326,3.1216712,-0.53148586,0.064979315,3.125024,0.07685087323188783,0.5269789196550846,0.09060255289077723,0.06276882886886598,0.4516587555408478,0.0822158813476559
1789688284.019587,3.0000,traffic cone,0.2137,263,121,198,97,3.3933,3.3952,1.29279,0.076057106,3.1364973,1.2998395,0.012962058,3.1364973,0.14502465724945068,0.4464562237262726,0.09267544746398926,0.1252143383026123,0.44577470421791077,0.07782626152038574
1789688284.068206,3.0000,traffic cone,0.1735,72,52,44,32,3.1660,3.1682,-0.6328901,0.034374557,3.101953,-0.61619914,0.034374557,3.1075358,0.12470584511756899,0.18261634968221185,0.05248209238052404,0.07466405034065238,0.18260505944490432,0.04278081655502319
1789688284.132259,3.0000,traffic cone,0.8170,158,32,84,8,3.8910,3.8891,1.0356518,0.11477551,3.7488756,1.0688257,0.2575385,3.730415,0.08398084938526162,0.3255213998258114,0.07669146060943621,0.06852600574493395,0.07369075119495394,0.046069192886352806
1789688284.170152,3.0000,traffic cone,0.7174,214,41,105,17,3.1588,4.7472,-0.7008425,0.06497264,3.0794165,-1.228425,0.35325435,4.5719004,0.054927289485931396,0.36439022421836853,0.06294560432434082,0.22204439640045148,0.0004873991012573353,0.05849952697753835
1789688284.203010,3.0000,traffic cone,0.6579,236,43,138,10,3.3562,3.3711,-0.014567666,0.21187878,3.3495219,0.0079239495,0.2694362,3.3602986,0.11596739813685417,0.32299742698669437,0.09252727031707764,0.05777703970670699,0.10077584832906725,0.08550593852996835
1789688284.235908,3.0000,traffic cone,0.5008,393,67,299,51,3.1661,3.1700,-0.5347058,0.06503764,3.1199305,-0.53158134,0.06499717,3.1244168,0.07507393956184388,0.5304054364562034,0.08950514793396014,0.06414055824279785,0.4267619103193283,0.07924020290374756
1789688284.279932,3.0000,traffic cone,0.2203,263,121,196,97,3.3937,3.3933,1.2931372,0.07595247,3.1367123,1.3029693,0.0129271,3.133149,0.1461961269378662,0.4465310424566269,0.09112310409545898,0.1266870021820068,0.4458514779806137,0.07967042922973633
1789688284.325898,3.0000,traffic cone,0.1729,71,53,44,32,3.1677,3.1687,-0.6306201,0.0042897463,3.1042564,-0.6177343,0.034291312,3.1077442,0.12444210052490234,0.1826937049627304,0.05155048370361337,0.07528549432754517,0.18265344612300397,0.04074066877365112
1789688284.401520,3.0000,traffic cone,0.8162,162,33,84,8,3.8877,3.8903,1.0352473,0.11539239,3.7455945,1.0689492,0.25741538,3.7317262,0.08685849905014031,0.3219411611557007,0.0788952827453615,0.06794626712799068,0.07415422350168227,0.045271682739257635
1789688284.450730,3.0000,traffic cone,0.7178,215,41,105,17,3.1598,4.7535,-0.7012612,0.06492166,3.080362,-1.2313924,0.35342902,4.57761,0.05416339635848999,0.3642790615558624,0.06810855865478516,0.22168102264404288,0.0006995797157287598,0.05953197479248118
1789688284.500722,3.0000,traffic cone,0.6613,234,43,137,10,3.3564,3.3710,-0.014518864,0.21237263,3.3496768,0.007871665,0.26962715,3.3602118,0.11507712975144384,0.32319095283746724,0.09725437164306605,0.05775205306708811,0.10212494432926178,0.08535096645355233
1789688284.558748,3.0000,traffic cone,0.5001,398,68,302,52,3.1685,3.1721,-0.53474736,0.0650991,3.1224017,-0.53131413,0.06503304,3.1266382,0.07476956844329835,0.5269447423517704,0.08769955635070792,0.06445025503635404,0.4265056997537613,0.0797544598579405
1789688284.609170,3.0000,traffic cone,0.2234,262,120,198,97,3.3907,3.3933,1.2921836,0.07603164,3.1338794,1.3020495,0.012965038,3.133525,0.14593156576156607,0.4466222167015076,0.09454842805862418,0.12730801105499268,0.44625523388385774,0.0794690608978268
1789688284.657734,3.0000,traffic cone,0.1726,71,53,42,32,3.1666,3.1689,-0.6320698,0.0042972863,3.1028478,-0.617351,0.03449312,3.1079473,0.12477774620056159,0.18274677842855452,0.051141309738159,0.07440682947635646,0.18283595107495784,0.04039865732192993
1789688284.714377,3.0000,traffic cone,0.8128,158,34,86,9,3.8893,3.8806,1.0333323,0.11493975,3.7477214,1.068054,0.2572826,3.721796,0.08945660591125482,0.31804254427552225,0.07819926738739014,0.08188951015472412,0.07441152334213258,0.05368871688842747
1789688284.756683,3.0000,traffic cone,0.7179,216,42,104,17,3.1596,4.7505,-0.701143,0.06480931,3.0801864,-1.230531,0.35348365,4.574688,0.05697735249996183,0.36444381065666676,0.06563311815261841,0.22033541202545148,0.0007755637168884166,0.06504907608032173
1789688284.808047,3.0000,traffic cone,0.6592,235,43,138,10,3.3569,3.3685,-0.015003793,0.21472248,3.349985,0.0076840557,0.2689647,3.3577328,0.11547684669494628,0.3231110244989395,0.08875048160552979,0.05885597784072159,0.10032093673944475,0.09957245588302621
1789688284.858575,3.0000,traffic cone,0.5010,397,66,301,51,3.1666,3.1720,-0.5340394,0.06504873,3.1205523,-0.5319201,0.06491399,3.126435,0.07279808819293976,0.5334066189825535,0.092093825340271,0.05880969762802124,0.45797278732061386,0.08295834064483643
1789688284.904608,3.0000,traffic cone,0.2144,262,120,196,96,3.3931,3.3948,1.2929455,0.07609607,3.1361632,1.2996424,0.012937397,3.1361632,0.14372947216033927,0.4462331190705299,0.09260571002960205,0.12450528144836426,0.44587311148643494,0.08127695322036743
1789688284.934987,3.0000,traffic cone,0.1694,70,52,42,32,3.1670,3.1661,-0.63177973,0.0344337,3.103189,-0.61538196,0.034402363,3.1055396,0.12417127192020416,0.18251442089676856,0.050685691833495916,0.07529314160346989,0.18252388089895247,0.04501897096633911
1789688284.986445,3.0000,traffic cone,0.8115,162,34,84,8,3.8886,3.8897,1.033906,0.11500992,3.7468183,1.0689718,0.25743932,3.7310984,0.08852537274360661,0.31821493096649645,0.07760381698608398,0.06918647289276136,0.07444669008255006,0.050523686408996404
1789688285.030367,3.0000,traffic cone,0.7166,216,42,107,17,3.1607,4.7459,-0.7011467,0.06476516,3.0812368,-1.2284225,0.35332924,4.570547,0.057749506831169084,0.3644953854382038,0.06986382007598912,0.22297341823577876,0.0008287310600280651,0.05558223724365252
1789688285.079801,3.0000,traffic cone,0.6586,234,43,137,10,3.3560,3.3686,-0.014434561,0.21295714,3.3491848,0.007958617,0.26934776,3.3578491,0.11527219787240027,0.32309558093547824,0.09375705718994132,0.058202337287366374,0.10084704309701917,0.08500796556472778
1789688285.130167,3.0000,traffic cone,0.4983,397,68,303,52,3.1681,3.1701,-0.533777,0.065051965,3.1220953,-0.5315201,0.065021664,3.1245794,0.07854014337062837,0.527071227133274,0.08883174657821646,0.06397438645362846,0.45442295670509336,0.08118284940719578
1789688285.178568,3.0000,traffic cone,0.2199,259,118,193,94,3.3918,3.3936,1.2931819,0.0762324,3.1346817,1.3011576,0.013033934,3.134193,0.14408477544784537,0.4464763283729553,0.09020839929580715,0.12481744885444646,0.4458407685160637,0.07728160619735736
1789688285.226687,3.0000,traffic cone,0.1700,70,52,43,32,3.1675,3.1689,-0.6327387,0.034443945,3.1034503,-0.6169277,0.034465484,3.1080532,0.12448343038558962,0.18266226053237916,0.04668625593185416,0.07496005892753599,0.18264142163097857,0.03961622714996338
1789688285.294000,3.0000,traffic cone,0.8109,160,34,84,8,3.8894,3.8897,1.0339131,0.14963043,3.7464902,1.0704637,0.2577838,3.730628,0.0920565277338028,0.3181938901543617,0.07705430984497097,0.06933034062385546,0.07374182492494583,0.048690080642700195
1789688285.328667,3.0000,traffic cone,0.7174,219,43,108,16,3.1585,4.7471,-0.7004332,0.06483288,3.0791717,-1.2339947,0.35317037,4.5703077,0.05840332508087154,0.3643826112151146,0.06788477897644052,0.20984721183776855,0.0012152493000030518,0.05186939239501953
1789688285.372888,3.0000,traffic cone,0.6590,235,42,137,9,3.3560,3.3576,-0.0144789815,0.24019507,3.34739,0.008263633,0.26952034,3.3467903,0.11406685039401049,0.32297611609101295,0.09050409793853742,0.05917773991823196,0.06528309285640715,0.07966289520263636
1789688285.419226,3.0000,traffic cone,0.4927,399,67,304,52,3.1685,3.1727,-0.53395075,0.06507833,3.122551,-0.53141797,0.065011434,3.1272008,0.07606887817382807,0.5301342964172363,0.09137620925903311,0.06466202437877655,0.45468201637268063,0.08163244724273655
1789688285.465394,3.0000,traffic cone,0.2207,261,118,193,93,3.3924,3.3948,1.2918508,0.07623218,3.135907,1.3006035,0.012943789,3.1357045,0.1437524616718291,0.44669746458530424,0.09095101356506374,0.12520060539245592,0.4459544539451599,0.0792304992675783
1789688285.509684,3.0000,traffic cone,0.1694,72,52,45,32,3.1681,3.1673,-0.631127,0.034382485,3.1043792,-0.61629075,0.034382485,3.106572,0.1251259177923203,0.18264853097498418,0.04880576133728054,0.07548422515392306,0.18262655436992645,0.04052546024322501
1789688285.567037,3.0000,traffic cone,0.8099,161,34,83,8,3.8877,3.8884,1.0324934,0.14993666,3.7450974,1.069618,0.25750774,3.7294765,0.09238707423210135,0.3179457150399685,0.07033700942993182,0.0693192601203918,0.07419470250606536,0.049536705017089844
1789688285.607544,3.0000,traffic cone,0.7133,217,42,106,17,3.1591,4.7484,-0.70034635,0.064890355,3.0798187,-1.2287294,0.35346535,4.5730453,0.058228814601898105,0.36434208005666735,0.07175124883651707,0.22170271873474134,0.0007970690727233665,0.05932884216308665
1789688285.651641,3.0000,traffic cone,0.6600,235,42,137,9,3.3588,3.3651,-0.014101792,0.24027283,3.3501587,0.009234861,0.27047995,3.354155,0.11578915081918234,0.32317608445882795,0.09061242341995257,0.05892183855175971,0.06523114442825317,0.08269505500793484
1789688285.683460,3.0000,traffic cone,0.4905,398,68,309,54,3.1690,3.1750,-0.5332945,0.06509973,3.123097,-0.53205454,0.034745492,3.1299043,0.07746583819389341,0.526883552223444,0.09165048599243164,0.0668068319559097,0.44846128001809116,0.08314193487167332
1789688285.732055,3.0000,traffic cone,0.2196,265,121,199,98,3.3914,3.3932,1.2924292,0.076156765,3.1345794,1.3001149,0.0129411295,3.1341672,0.14700698852539062,0.44656266272068024,0.09306979179382324,0.12736219763755785,0.4461377412080765,0.08192378282546997
1789688285.780293,3.0000,traffic cone,0.1701,71,52,43,32,3.1674,3.1675,-0.6337122,0.034389853,3.1031413,-0.61594296,0.034364462,3.1068072,0.12377427816390985,0.18252597637474538,0.05134227275848424,0.07423897385597233,0.1825112711638212,0.0427282452583313
1789688285.836926,3.0000,traffic cone,0.8112,158,33,83,8,3.8895,3.8935,1.0354414,0.11567491,3.7473514,1.0711358,0.2573373,3.734431,0.08763537406921384,0.32217955589294434,0.07630405426025355,0.07046219110488905,0.07356383800506588,0.05520007610321054
1789688285.881224,3.0000,traffic cone,0.7130,217,41,106,17,3.1609,4.7484,-0.7007754,0.06492823,3.0815783,-1.2281419,0.35323355,4.573192,0.05492758750915527,0.3646002262830734,0.063323974609375,0.22270174026489253,0.0006430149078369141,0.055872440338134766
1789688285.927051,3.0000,traffic cone,0.6578,235,42,137,9,3.3575,3.3626,-0.014278181,0.2404086,3.3488488,0.008344591,0.26992288,3.3516977,0.11416462548077103,0.32306125685572623,0.09597963094711304,0.05886551290750503,0.06628367900848392,0.08130903244018528
1789688285.972977,3.0000,traffic cone,0.4904,398,68,310,54,3.1677,3.1720,-0.5332147,0.06494959,3.1217825,-0.53236604,0.06482789,3.1263504,0.07475835978984835,0.527020338177681,0.08822530508041382,0.06597696244716644,0.448598875850439,0.08144694566726685
1789688286.019310,3.0000,traffic cone,0.2164,261,120,196,97,3.3933,3.3951,1.2932396,0.07596181,3.136309,1.3011141,0.012900382,3.1358595,0.1479544401168824,0.4465549647808075,0.09645932912826538,0.12734396457672115,0.4462254524230957,0.0822840213775633
1789688286.064543,3.0000,traffic cone,0.1727,72,53,43,32,3.1663,3.1658,-0.62993777,0.0042393655,3.1030414,-0.6167312,0.034479305,3.104929,0.12374629974365237,0.18279416263103485,0.05009660720825204,0.0746259927749634,0.18277286738157272,0.03928169012069693
1789688286.135597,3.0000,traffic cone,0.8086,161,33,85,8,3.8871,3.8879,1.0343287,0.11540285,3.7451978,1.0681102,0.25764704,3.72944,0.0867725372314454,0.32174741923809047,0.07168550491332981,0.06715516448020953,0.07403017282485963,0.04277620315551767
1789688286.186443,3.0000,traffic cone,0.7103,218,42,105,17,3.1594,4.7495,-0.7011707,0.064707726,3.0799575,-1.2314478,0.35331365,4.5735016,0.057960739731788724,0.3644120130687952,0.07017599344253522,0.2235640287399292,0.0009787917137146218,0.05242919921875
1789688286.236873,3.0000,traffic cone,0.6575,236,43,136,10,3.3563,3.3691,-0.014938608,0.2127915,3.3494744,0.0076579787,0.26971155,3.3582947,0.11394747421145437,0.32294129580259323,0.09728534221649188,0.057839087024331076,0.10098331719636916,0.08607835769653338
1789688286.286183,3.0000,traffic cone,0.4889,394,68,304,54,3.1686,3.1709,-0.53284156,0.06495712,3.1227963,-0.5324251,0.06488599,3.125196,0.07579650878906252,0.5272086337208748,0.08799258470535287,0.06558595597743982,0.44839326739311214,0.0819281458854677
1789688286.336390,3.0000,traffic cone,0.2263,262,119,196,95,3.3909,3.3931,1.2921655,0.07619703,3.134157,1.2999071,0.012950882,3.134157,0.14481835365295415,0.44637157022953033,0.0964627504348754,0.12554610967636104,0.4457485556602478,0.0789701461791994
1789688286.376474,3.0000,traffic cone,0.1711,70,52,42,32,3.1670,3.1669,-0.6313449,0.034445994,3.1032746,-0.6153221,0.034408905,3.1063738,0.12296267151832574,0.18255384303629396,0.051888811588287176,0.07472071945667269,0.18255803175270557,0.040723752975464045
