timestamp,class,confidence,bbox_raw_points,bbox_filtered_points,mask_raw_points,mask_filtered_points,bbox_distance_m,mask_distance_m,bbox_centroid_x,bbox_centroid_y,bbox_centroid_z,mask_centroid_x,mask_centroid_y,mask_centroid_z,bbox_extent_x,bbox_extent_y,bbox_extent_z,mask_extent_x,mask_extent_y,mask_extent_z
1789687116.389139,traffic cone,0.8670,96,69,45,43,3.1235,3.1252,-1.9336574,0.06004107,2.4522965,-1.9302146,0.11927889,2.4550188,0.10967643260955806,0.23833688199520112,0.09153084754943874,0.08334443569183336,0.23825060501694678,0.0770453453063964
1789687116.437521,traffic cone,0.8063,212,60,105,60,3.8348,3.8348,-0.82493913,0.14789706,3.742129,-0.82493913,0.14789706,3.742129,0.14826221764087677,0.3643032021820545,0.07695057392120397,0.14826221764087677,0.3643032021820545,0.07695057392120397
1789687116.483519,traffic cone,0.6642,180,36,76,16,3.3107,3.3084,-1.5644562,0.13880774,2.9144545,-1.5459286,0.20419835,2.9178412,0.0674416720867157,0.3173895701766014,0.08795773983001709,0.03544667363166809,0.12862157076597214,0.07907557487487793
1789687116.527569,traffic cone,0.4421,316,180,173,146,3.3277,3.3217,-0.3255482,0.075139835,3.3108945,-0.3247149,0.07579316,3.304933,0.22027605772018435,0.4454613119363785,0.09675348997116062,0.21925560384988785,0.38115083053708076,0.08091354370117188
1789687116.568568,traffic cone,0.3430,256,18,194,100,4.0256,4.7774,-2.2299342,0.35146618,3.3330908,-2.653268,0.13259219,3.9706125,0.17764827013015738,0.0010848999023437833,0.1083682417869567,0.37187417745590245,0.44417121857404707,0.15444355010986355
1789687116.599318,truck,0.2179,2210,282,0,0,4.3911,,0.85997856,-0.67095613,4.2535214,nan,nan,nan,0.32962835431098936,1.3067031621932983,0.2996267795562737,nan,nan,nan
1789687116.664918,traffic cone,0.8652,96,69,46,43,3.1229,3.1251,-1.932543,0.059994906,2.4523773,-1.9294736,0.11925462,2.4554672,0.10954804420471187,0.2383992224931717,0.09030342102050781,0.08209756612777697,0.23857843056321143,0.07260589599609357
1789687116.692055,traffic cone,0.8107,212,61,104,61,3.8344,3.8344,-0.82591707,0.114150226,3.7426934,-0.82591707,0.114150226,3.7426934,0.14507442712783813,0.3646274730563164,0.08276510238647461,0.14507442712783813,0.3646274730563164,0.08276510238647461
1789687116.736659,traffic cone,0.6583,186,38,75,16,3.3112,3.3080,-1.566298,0.13789071,2.9140706,-1.5454631,0.2039983,2.9176404,0.06790893077850346,0.31732510179281237,0.08785598278045637,0.03516495227813721,0.1289759799838066,0.08040881156921387
1789687116.769626,traffic cone,0.4400,308,177,174,143,3.3275,3.3212,-0.32627353,0.075130194,3.310608,-0.32627353,0.07562786,3.3042502,0.21260011792182915,0.4452784448862076,0.09610919952392605,0.21841810345649723,0.3808424934744835,0.08308939933776882
1789687116.815691,traffic cone,0.3425,258,19,192,100,4.0288,4.7757,-2.2351143,0.35145056,3.3335104,-2.6518254,0.1327542,3.969581,0.18522267341613796,0.0012523055076599232,0.11927366256713867,0.36774214506149283,0.4442126903682947,0.16075217723846436
1789687116.853605,truck,0.2179,2211,285,132,107,4.3888,7.9203,0.8597432,-0.6700307,4.2512493,4.1087213,-0.89641196,6.711598,0.3320011496543884,1.310554790496826,0.3025006294250492,0.18202619552612287,1.5889888867735862,0.38291182518005407
1789687116.915805,traffic cone,0.8650,96,70,44,43,3.1226,3.1249,-1.9323971,0.060073704,2.45216,-1.9286137,0.11917248,2.4558616,0.1102886736392974,0.2384604286402464,0.08975389003753698,0.08123610019683825,0.2384129986166954,0.07385048866271937
1789687116.958759,traffic cone,0.8109,212,61,104,61,3.8319,3.8319,-0.82503504,0.1136491,3.7402835,-0.82503504,0.1136491,3.7402835,0.14638453722000122,0.36446424573659897,0.08245325088500977,0.14638453722000122,0.36446424573659897,0.08245325088500977
1789687116.999584,traffic cone,0.6572,186,38,74,15,3.3130,3.3099,-1.5655286,0.13874322,2.9165158,-1.5438538,0.20546496,2.9205575,0.06960961818695077,0.3170580305159092,0.09508640766143772,0.03280827999114999,0.12825162112712862,0.08128509521484384
1789687117.033443,traffic cone,0.4380,303,178,167,143,3.3285,3.3213,-0.3260454,0.07503189,3.3116374,-0.32764474,0.07557967,3.3041968,0.21846259236335758,0.4450661435723305,0.09719977378845224,0.21951308846473697,0.3807878240942955,0.08178348541259739
1789687117.084550,traffic cone,0.3427,261,19,192,99,4.0252,4.7784,-2.2325487,0.35127744,3.3307977,-2.6538804,0.16643211,3.9702349,0.1865220308303832,0.0009512007236480713,0.11705360412597621,0.36675822734832764,0.4438209645450115,0.15462312698364222
1789687117.142847,truck,0.2221,2215,286,0,0,4.3901,,0.86015564,-0.6704486,4.2524743,nan,nan,nan,0.3302747309207916,1.3238157704472542,0.2997446060180664,nan,nan,nan
1789687117.212220,traffic cone,0.8641,94,68,46,43,3.1246,3.1253,-1.9317573,0.06005034,2.455196,-1.9287733,0.119251326,2.4561834,0.10857207179069528,0.23847299702465533,0.09181075096130353,0.07971572875976562,0.23853433057665827,0.07339618206024179
1789687117.260448,traffic cone,0.8102,213,61,104,61,3.8305,3.8305,-0.8263027,0.1139314,3.7385468,-0.8263027,0.1139314,3.7385468,0.14723551273345947,0.364934504032135,0.08615970611572266,0.14723551273345947,0.364934504032135,0.08615970611572266
1789687117.304026,traffic cone,0.6562,172,37,76,16,3.3135,3.3129,-1.5652258,0.13745426,2.917224,-1.5470266,0.20394853,2.922371,0.06754024028778072,0.3178926289081574,0.08204536437988263,0.03410491347312927,0.12922675162553787,0.07644504308700562
1789687117.355345,traffic cone,0.4404,302,178,166,142,3.3250,3.3219,-0.32572702,0.043946676,3.3087106,-0.32469055,0.07567604,3.3051715,0.2169652283191681,0.44528685212135316,0.09558303356170672,0.21656822264194484,0.3808349415659904,0.08299266099929792
1789687117.403137,traffic cone,0.3413,255,18,189,99,4.0241,4.7810,-2.2271929,0.35128477,3.3331423,-2.6567695,0.16684844,3.971373,0.17346837520599356,0.0009329676628112571,0.1150405287742613,0.3678205966949464,0.44390793219208713,0.15440826416015607
1789687117.462414,truck,0.2191,2213,283,134,112,4.3899,7.9232,0.8601602,-0.6686002,4.2526035,4.107547,-0.897305,6.7157016,0.33130303621292123,1.3074033647775651,0.29807610511779803,0.1870511054992674,1.5902056865394114,0.3906172513961792
1789687117.515622,traffic cone,0.8626,94,69,45,43,3.1244,3.1252,-1.9310398,0.060106575,2.4554527,-1.9273925,0.11923055,2.4572387,0.10810751914978023,0.23836871683597566,0.08958768844604492,0.07878465652465816,0.2383967824280262,0.0715773820877077
1789687117.554764,traffic cone,0.8125,209,61,103,61,3.8322,3.8322,-0.8231907,0.11423753,3.740987,-0.8231907,0.11423753,3.740987,0.14815199375152588,0.36486709117889404,0.0959162712097168,0.14815199375152588,0.36486709117889404,0.0959162712097168
1789687117.584171,traffic cone,0.6510,187,38,76,16,3.3098,3.3122,-1.5666885,0.13890779,2.9121566,-1.5458138,0.20471118,2.9221463,0.067196786403656,0.31759285107254986,0.08902772665023795,0.0335620641708374,0.12907558679580688,0.0808756947517395
1789687117.628868,traffic cone,0.4297,291,178,168,145,3.3273,3.3212,-0.32505178,0.04400456,3.3110952,-0.32360178,0.07566698,3.3045182,0.21653471440076827,0.4453500211238861,0.09375891685485849,0.22069674730300895,0.3810645803809166,0.08331818580627415
1789687117.665277,traffic cone,0.3471,254,19,193,102,4.0251,4.7777,-2.2329981,0.3512547,3.3304036,-2.6537213,0.16728465,3.9693823,0.1851184606552123,0.0007358312606811079,0.11928033828735352,0.37074340581893894,0.44413790069520476,0.15956778526306126
1789687117.699550,truck,0.2085,2214,287,133,111,4.3909,7.9344,0.8594709,-0.6705328,4.253405,4.109965,-1.0271384,6.7087655,0.33237646818161015,1.3215923696756362,0.3010478496551512,0.1792891025543213,1.5901795849204063,0.3860628604888916
1789687117.758647,traffic cone,0.8635,93,69,45,43,3.1243,3.1263,-1.9300404,0.060152575,2.4560902,-1.9289248,0.1191217,2.4573667,0.10750749111175528,0.2384459525346756,0.09046783447265616,0.08044855594635014,0.2385669633746147,0.07349207401275626
1789687117.803466,traffic cone,0.8117,213,62,103,62,3.8330,3.8330,-0.8262344,0.11454195,3.7411406,-0.8262344,0.11454195,3.7411406,0.1551945179700852,0.3607689440250397,0.08257615566253662,0.1551945179700852,0.3607689440250397,0.08257615566253662
1789687117.847317,traffic cone,0.6430,185,38,75,16,3.3132,3.3093,-1.5675046,0.13795008,2.9157043,-1.5461699,0.20425826,2.9187517,0.06809172630310045,0.31741854548454285,0.08532109260559073,0.03386804461479187,0.12942565232515335,0.07993793487548828
1789687117.892536,traffic cone,0.4431,314,177,172,142,3.3275,3.3229,-0.3265581,0.07524073,3.310622,-0.3254691,0.075730816,3.306044,0.21278233230113977,0.44535343050956727,0.09979534149169922,0.21766214668750758,0.3808864768594503,0.08132632970809972
1789687117.935242,traffic cone,0.3507,254,18,191,100,4.0245,4.7754,-2.2275481,0.35132098,3.3333282,-2.6519241,0.13252163,3.969101,0.1736127853393552,0.001101487874984708,0.11485466957092294,0.3686823964118955,0.4443317301571369,0.15971240997314418
1789687117.981889,truck,0.2081,2202,281,0,0,4.3865,,0.86034495,-0.66743356,4.2492094,nan,nan,nan,0.3299555778503418,1.3049715161323547,0.29680538177490234,nan,nan,nan
1789687118.050318,traffic cone,0.8632,92,68,45,43,3.1240,3.1258,-1.9315383,0.060144164,2.4545865,-1.9305865,0.11919205,2.4554195,0.10582503080368033,0.2384145013988018,0.09005328416824332,0.0833576679229735,0.23847250193357467,0.0734306812286376
1789687118.077632,traffic cone,0.8137,211,61,103,61,3.8324,3.8324,-0.82556134,0.113863245,3.7406645,-0.82556134,0.113863245,3.7406645,0.1473255157470703,0.36495106667280197,0.08193778991699219,0.1473255157470703,0.36495106667280197,0.08193778991699219
1789687118.125935,traffic cone,0.6432,184,37,75,16,3.3118,3.3069,-1.5655136,0.13804914,2.91517,-1.5452915,0.2040575,2.9165497,0.06930537223815914,0.3178694516420364,0.08548250198364293,0.03463295102119446,0.12957728654146194,0.0780215859413147
1789687118.177516,traffic cone,0.4389,296,177,165,142,3.3268,3.3219,-0.32711256,0.07508509,3.3098326,-0.3265729,0.0756738,3.3049636,0.21237121224403374,0.44537303447723386,0.09467492103576625,0.21671233624219885,0.3811777453869581,0.08070286512374869
1789687118.232652,traffic cone,0.3486,257,19,190,99,4.0284,4.7803,-2.2345598,0.35141408,3.33334,-2.6524644,0.16651817,3.973373,0.18546261787414542,0.0010125100612640159,0.11853177547454807,0.3680092573165892,0.4437796577811241,0.15626487731933558
1789687118.287070,truck,0.2042,2200,282,131,108,4.3888,7.9204,0.8603135,-0.66933477,4.2513027,4.1112833,-0.89546955,6.710328,0.32211587727069857,1.3106205821037291,0.296079158782959,0.18304352760314924,1.5878935411572455,0.3826389074325567
1789687118.334955,traffic cone,0.8614,95,69,45,43,3.1206,3.1279,-1.9293355,0.060081482,2.4520307,-1.9287859,0.119393796,2.4594738,0.10959148406982422,0.23826661705970764,0.09268021583557129,0.08536678552627563,0.23830307424068453,0.07542567253112775
1789687118.363820,traffic cone,0.8143,211,60,104,60,3.8328,3.8328,-0.8246942,0.1483679,3.7400892,-0.8246942,0.1483679,3.7400892,0.1480740547180175,0.36477381326258185,0.08345658779144305,0.1480740547180175,0.36477381326258185,0.08345658779144305
1789687118.409804,traffic cone,0.6449,186,37,75,16,3.3077,3.3096,-1.5643992,0.13823593,2.9111383,-1.5458993,0.20387262,2.9192955,0.06650507450103738,0.3171870172023773,0.08427124023437482,0.03582063317298889,0.12889142334461212,0.08226776123046875
1789687118.454360,traffic cone,0.4416,313,177,172,142,3.3283,3.3215,-0.32680494,0.07530546,3.311385,-0.32617462,0.075687796,3.304599,0.21219364404678331,0.4452465057373047,0.09693794250488263,0.21832472532987587,0.38076592758297917,0.08238041400909424
1789687118.509899,traffic cone,0.3501,255,18,190,100,4.0215,4.7758,-2.2261121,0.35114923,3.3306801,-2.65165,0.13230474,3.9698737,0.17669415473937988,0.0007312297821044922,0.10978742837905875,0.36979224681854284,0.4440345276147127,0.15821435451507604
1789687118.558354,truck,0.2082,2193,281,0,0,4.3886,,0.86016,-0.66802764,4.251302,nan,nan,nan,0.32250523567199707,1.3057034015655518,0.30425453186035156,nan,nan,nan
1789687118.624264,traffic cone,0.8590,95,70,43,42,3.1256,3.1272,-1.9350263,0.060126647,2.4538875,-1.9293622,0.11909841,2.4581494,0.11275402307510385,0.23844583258032798,0.09510345458984393,0.08014889955520621,0.2385243371129036,0.0698124289512636
1789687118.666302,traffic cone,0.8138,217,60,106,60,3.8324,3.8324,-0.82542855,0.114702046,3.7406447,-0.82542855,0.114702046,3.7406447,0.15003952980041513,0.36460685916244984,0.08187413215637207,0.15003952980041513,0.36460685916244984,0.08187413215637207
1789687118.711603,traffic cone,0.6369,184,36,75,16,3.3125,3.3074,-1.5665586,0.13867226,2.915309,-1.5462375,0.2040167,2.91658,0.07019561529159546,0.3171123191714287,0.0858948826789856,0.035817861557006836,0.12899746745824814,0.07424390316009521
1789687118.758008,traffic cone,0.4451,315,177,199,163,3.3265,3.3263,-0.32639632,0.07505894,3.309578,-0.32639632,0.07509199,3.3094018,0.21285110116004938,0.44542903900146485,0.09451613426208505,0.21069709360599517,0.4456518828868866,0.09159848690032968
1789687118.813411,traffic cone,0.3520,253,19,190,99,4.0245,4.7804,-2.2323375,0.35133556,3.3300862,-2.6567016,0.09780198,3.9729278,0.18549139499664324,0.0008594810962677113,0.11892797946929923,0.36704022884368914,0.44414783939719205,0.16206569671630877
1789687118.862386,truck,0.2048,2198,279,0,0,4.3884,,0.8602939,-0.66929734,4.2508783,nan,nan,nan,0.32802174687385555,1.306311732530594,0.29783706665039045,nan,nan,nan
1789687118.928658,traffic cone,0.8599,95,70,45,43,3.1236,3.1265,-1.9324442,0.06018988,2.453342,-1.9307555,0.11911085,2.456278,0.11287377476692195,0.23834424503147603,0.09404250383377066,0.08366918563842773,0.23845661133527757,0.07904396057128871
1789687118.955102,traffic cone,0.8130,219,62,103,62,3.8331,3.8331,-0.8271755,0.11478065,3.7410054,-0.8271755,0.11478065,3.7410054,0.15021110177040098,0.3611339762806892,0.0925494670867919,0.15021110177040098,0.3611339762806892,0.0925494670867919
1789687118.981704,traffic cone,0.6283,180,33,75,16,3.3113,3.3049,-1.5651433,0.13970366,2.9146955,-1.5452459,0.20366818,2.9143016,0.06342360973358163,0.31692021489143374,0.084798240661621,0.03314581513404846,0.12919989228248596,0.08347803354263306
1789687119.009834,traffic cone,0.4455,311,177,193,164,3.3274,3.3270,-0.3254304,0.012604743,3.3114617,-0.3254304,0.07525924,3.3101816,0.21716100871562954,0.44523198902606964,0.09856338500976536,0.21684141457080836,0.44523188918828965,0.09528275728225699
1789687119.037086,traffic cone,0.3537,256,19,193,99,4.0245,4.7799,-2.2325397,0.35139546,3.3300562,-2.6573586,0.09798378,3.9719498,0.18378841876983643,0.0007063925266265758,0.12143421173095703,0.3651819467544555,0.4442177854478359,0.15984134674072292
1789687119.080094,truck,0.2015,2208,286,0,0,4.3901,,0.86020815,-0.6730015,4.252101,nan,nan,nan,0.3330012410879135,1.3227534368634224,0.3004131317138672,nan,nan,nan
1789687119.132493,traffic cone,0.8603,96,70,43,42,3.1239,3.1243,-1.9321402,0.06022971,2.4539533,-1.9284314,0.11902177,2.4551852,0.11134785413742065,0.2385361708700657,0.08883273601531982,0.07673585414886475,0.238524279743433,0.06645251512527484
1789687119.174014,traffic cone,0.8158,218,62,104,62,3.8341,3.8341,-0.8269948,0.11481403,3.7420735,-0.8269948,0.11481403,3.7420735,0.15330973863601682,0.3604554414749145,0.08606562614440927,0.15330973863601682,0.3604554414749145,0.08606562614440927
1789687119.211039,traffic cone,0.6346,181,33,75,16,3.3149,3.3092,-1.5646102,0.13894951,2.919124,-1.5468724,0.20396055,2.9182687,0.0650358915328979,0.3172513037919998,0.08612251281738281,0.035117000341415405,0.1293001025915146,0.07982510328292847
1789687119.264571,traffic cone,0.4516,312,178,171,145,3.3288,3.3225,-0.32513502,0.043906026,3.3126311,-0.3255608,0.07562029,3.3056562,0.2176398530602455,0.44537770450115205,0.09502737522125226,0.21775652170181276,0.3810252904891968,0.08575115203857386
1789687119.313530,traffic cone,0.3509,259,19,198,101,4.0205,4.7779,-2.2295647,0.35127777,3.327198,-2.6544602,0.16714299,3.969208,0.18477821350097656,0.0007699012756347545,0.11979496479034424,0.36759424209594727,0.4440544545650482,0.16593575477600098
1789687119.359929,truck,0.1966,2196,281,0,0,4.3893,,0.86087275,-0.6707554,4.251508,nan,nan,nan,0.32763946056365967,1.3078415095806122,0.3017749786376953,nan,nan,nan
1789687119.411576,traffic cone,0.8609,91,69,42,42,3.1222,3.1243,-1.931348,0.06000991,2.4524622,-1.9278151,0.11910677,2.4557776,0.10807306766510005,0.23846446722745895,0.0928615093231202,0.07787663936614986,0.2385566268116236,0.0687943696975708
1789687119.451707,traffic cone,0.8140,218,62,103,62,3.8332,3.8332,-0.824666,0.11353399,3.7416697,-0.824666,0.11353399,3.7416697,0.14401308894157405,0.364419212564826,0.09382112026214573,0.14401308894157405,0.364419212564826,0.09382112026214573
1789687119.485783,traffic cone,0.6336,180,33,76,16,3.3142,3.3089,-1.5631754,0.14006224,2.9189887,-1.5464742,0.2037871,2.9181259,0.06439685821533203,0.31715727746486666,0.0822153091430664,0.03435775637626648,0.12900852411985397,0.08111494779586792
1789687119.535319,traffic cone,0.4483,310,178,193,163,3.3270,3.3254,-0.3240293,0.07525979,3.3103716,-0.32453594,0.07527733,3.308627,0.21758130192756656,0.4449912503361702,0.09649339914321908,0.21617402434349062,0.4449614554643631,0.09181525707244864
1789687119.582142,traffic cone,0.3486,259,19,200,102,4.0273,4.7818,-2.2332313,0.35133052,3.3329148,-2.6594665,0.1670473,3.9705374,0.1880733251571658,0.0010105550289154497,0.1147148609161377,0.3716123342514037,0.4440923985093832,0.16477923393249494
1789687119.626723,truck,0.1942,2201,283,0,0,4.3877,,0.86079997,-0.66877127,4.2501245,nan,nan,nan,0.33038928508758547,1.306678181886673,0.29850206375122035,nan,nan,nan
1789687119.679069,traffic cone,0.8607,93,69,43,42,3.1228,3.1262,-1.9299845,0.060084537,2.4543238,-1.9289291,0.119196,2.457233,0.10574734210968018,0.23856002688407899,0.09535899162292472,0.07740360498428345,0.23867018818855285,0.06653916835784912
1789687119.705812,traffic cone,0.8154,216,62,103,62,3.8361,3.8361,-0.82548195,0.11333214,3.7445207,-0.82548195,0.11333214,3.7445207,0.14481767714023597,0.3643812883645296,0.08672595024108887,0.14481767714023597,0.3643812883645296,0.08672595024108887
1789687119.749842,traffic cone,0.6348,180,33,76,16,3.3140,3.3095,-1.5636662,0.13960788,2.9185758,-1.5472014,0.20370822,2.9184427,0.0622286558151246,0.31737532615661623,0.08419451713561976,0.03317558765411377,0.1294759064912796,0.07864892482757568
1789687119.778072,traffic cone,0.4523,309,178,170,145,3.3265,3.3218,-0.3250303,0.043806702,3.3103416,-0.32583737,0.07574892,3.3049488,0.2173973724246025,0.4454973503947258,0.09552614688873318,0.21836801469326017,0.3810604780912399,0.08501362800598145
1789687119.808423,traffic cone,0.3439,256,19,197,101,4.0274,4.7793,-2.234229,0.35129526,3.3324087,-2.6530821,0.16726324,3.9717517,0.1847871303558346,0.0009198367595672496,0.12009849548339835,0.36907339096069336,0.4440487176179886,0.16343069076538086
1789687119.847551,truck,0.1939,2202,282,0,0,4.3890,,0.860006,-0.66802174,4.2517853,nan,nan,nan,0.31898301541805274,1.3075431630015373,0.3046755790710449,nan,nan,nan
1789687119.911258,traffic cone,0.8618,94,69,43,43,3.1226,3.1269,-1.9320114,0.060137555,2.4524698,-1.930337,0.119276136,2.4570494,0.11005747318267822,0.23875946402549744,0.09024558067321786,0.07948448657989493,0.23866071105003356,0.07261400222778303
1789687119.940016,traffic cone,0.8149,218,62,105,62,3.8337,3.8337,-0.8260881,0.1148645,3.7418315,-0.8260881,0.1148645,3.7418315,0.15736438930034635,0.3613530963659286,0.08548514842987043,0.15736438930034635,0.3613530963659286,0.08548514842987043
1789687119.983002,traffic cone,0.6353,181,33,75,16,3.3134,3.3085,-1.5634501,0.13911921,2.9179733,-1.5460134,0.20434988,2.9179068,0.06304025650024414,0.3172025054693222,0.08390078544616708,0.03557616472244263,0.1291963905096054,0.0807761549949646
1789687120.029331,traffic cone,0.4471,313,176,196,162,3.3276,3.3259,-0.3262074,0.07538515,3.310731,-0.3262074,0.0754711,3.3089852,0.212202787399292,0.44534046202898026,0.09928679466247559,0.21065535545349118,0.4452727481722832,0.09204311370849627
1789687120.072249,traffic cone,0.3539,257,18,199,101,4.0230,4.7796,-2.2267878,0.35135186,3.3320136,-2.6553586,0.16722417,3.9705522,0.17359060049057007,0.0009405940771102794,0.11465276479721087,0.36989307403564453,0.44419237971305847,0.15683722496032715
1789687120.117846,truck,0.1872,2197,282,0,0,4.3890,,0.860288,-0.66935986,4.251506,nan,nan,nan,0.32419011890888205,1.3081402435898781,0.31073129177093506,nan,nan,nan
1789687120.175010,traffic cone,0.8611,99,70,46,43,3.1223,3.1247,-1.9321625,0.060051076,2.451899,-1.928524,0.119000554,2.4556386,0.1117520987987517,0.23838515467941762,0.09168242216110256,0.08045884370803846,0.23851633220911025,0.0740708351135253
1789687120.217679,traffic cone,0.8130,217,61,105,61,3.8330,3.8330,-0.82238185,0.1141161,3.742041,-0.82238185,0.1141161,3.742041,0.14902269840240479,0.36474693566560745,0.09146595001220703,0.14902269840240479,0.36474693566560745,0.09146595001220703
1789687120.263263,traffic cone,0.6412,181,33,75,16,3.3160,3.3103,-1.563775,0.13901365,2.9207792,-1.5440865,0.20442638,2.9209852,0.06346492767333989,0.31751642227172855,0.08244504928588858,0.03417235612869263,0.12925145775079727,0.08012104034423828
1789687120.310318,traffic cone,0.4522,311,178,194,164,3.3283,3.3267,-0.32375744,0.075347364,3.311647,-0.32590187,0.075395316,3.3097987,0.217956355214119,0.4452530086040497,0.09626134634017935,0.21677560359239575,0.44551039338111875,0.08950197696685791
1789687120.353384,traffic cone,0.3564,259,19,202,103,4.0232,4.7822,-2.2306972,0.35120124,3.329635,-2.6562092,0.16688868,3.973166,0.18443408012390128,0.0010051071643829568,0.12039892673492414,0.3715791702270508,0.4440311424434185,0.1668354988098142
1789687120.398600,truck,0.1826,2201,282,0,0,4.3908,,0.8615608,-0.67008144,4.2529316,nan,nan,nan,0.3238580703735351,1.3082845851778984,0.2971764802932739,nan,nan,nan
1789687120.460366,traffic cone,0.8590,95,70,45,43,3.1243,3.1252,-1.9323671,0.060042486,2.4543214,-1.9288344,0.11914764,2.4560661,0.10810699462890638,0.23842075727880002,0.09338628053665143,0.07945172786712651,0.23878052905201913,0.0748095750808715
1789687120.491320,traffic cone,0.8148,215,60,104,60,3.8353,3.8353,-0.8247453,0.14797421,3.742631,-0.8247453,0.14797421,3.742631,0.1461960434913635,0.3648064877837896,0.08240840435028085,0.1461960434913635,0.3648064877837896,0.08240840435028085
1789687120.518657,traffic cone,0.6438,180,32,75,16,3.3144,3.3108,-1.56285,0.14026625,2.919383,-1.5462068,0.20425299,2.9204316,0.061840927600860685,0.28317839503288267,0.08554806709289542,0.033446669578552246,0.12935803830623627,0.08239811658859253
1789687120.545321,traffic cone,0.4622,318,178,197,164,3.3279,3.3269,-0.32598266,0.075206965,3.311082,-0.3276687,0.07526711,3.3098888,0.21791280955076217,0.4453322470188141,0.09535459280014047,0.2128812402486801,0.4453462988138199,0.09141699075698861
1789687120.587941,traffic cone,0.3567,254,19,196,101,4.0252,4.7774,-2.2324464,0.35145044,3.3309336,-2.6525948,0.16668095,3.9697962,0.18565914630889901,0.0008268058300018311,0.11828908920288095,0.36995911598205566,0.44408097118139267,0.15802907943725586
1789687120.631836,truck,0.1789,2189,280,0,0,4.3897,,0.8607057,-0.66720474,4.2525005,nan,nan,nan,0.32038688063621523,1.3064996898174286,0.3037196636199955,nan,nan,nan
1789687120.682362,traffic cone,0.8615,92,69,43,42,3.1268,3.1261,-1.9360999,0.060026452,2.4545605,-1.928878,0.118982896,2.4571733,0.10951716899871822,0.23839583694934846,0.089205074310303,0.07605409026145948,0.2384915418922901,0.06815627813339242
1789687120.721593,traffic cone,0.8159,218,62,105,62,3.8335,3.8335,-0.8255544,0.11474122,3.7417488,-0.8255544,0.11474122,3.7417488,0.15589890182018273,0.36148711442947384,0.08311631679534903,0.15589890182018273,0.36148711442947384,0.08311631679534903
1789687120.758641,traffic cone,0.6409,180,33,75,16,3.3149,3.3077,-1.5645509,0.13943297,2.91918,-1.545465,0.20391004,2.9173236,0.06416509151458749,0.31720639765262604,0.08279361724853507,0.03634718060493469,0.12933973222970963,0.07780992984771729
1789687120.794845,traffic cone,0.4678,311,178,170,145,3.3278,3.3237,-0.3258713,0.04381784,3.3115025,-0.32585418,0.07584256,3.3067875,0.21759252995252606,0.4454540744423866,0.09780546426773062,0.21782108545303341,0.3811677798628807,0.08251872062683141
1789687120.836786,traffic cone,0.3599,260,19,198,101,4.0247,4.7759,-2.2325583,0.3511898,3.3302026,-2.6539388,0.16648096,3.967074,0.18544712066650382,0.0009782433509826771,0.11901259422302246,0.36981773376464844,0.44436290115118027,0.15845823287963867
1789687120.881143,truck,0.1817,2192,278,0,0,4.3886,,0.86089844,-0.6667986,4.251397,nan,nan,nan,0.31851786375045776,1.3093786627054214,0.2994437456130985,nan,nan,nan
1789687120.947958,traffic cone,0.8618,91,70,44,43,3.1245,3.1249,-1.9322529,0.059954643,2.454697,-1.9284649,0.11929083,2.4560072,0.10915721058845529,0.23848686441779135,0.09272288084030178,0.08025441169738778,0.2387921340763569,0.07534253597259521
1789687120.976528,traffic cone,0.8150,218,62,103,62,3.8338,3.8338,-0.8247814,0.11484201,3.7422328,-0.8247814,0.11484201,3.7422328,0.15586874485015867,0.3609500419348478,0.08577394485473633,0.15586874485015867,0.3609500419348478,0.08577394485473633
1789687121.019646,traffic cone,0.6472,181,33,76,17,3.3146,3.3081,-1.5640278,0.13914153,2.9190958,-1.5454584,0.20361891,2.9177876,0.06295452117919931,0.31697880327701566,0.08829236030578613,0.04010541439056392,0.1290068566799164,0.08424420356750506
1789687121.064466,traffic cone,0.4733,316,178,175,145,3.3274,3.3222,-0.32494685,0.044091485,3.311221,-0.3240813,0.07560021,3.3054626,0.2179795891046524,0.4451870948076248,0.09820512533187875,0.2179996252059936,0.38086936026811596,0.08379349708557093
1789687121.108077,traffic cone,0.3641,255,18,197,102,4.0264,4.7818,-2.2291374,0.3514081,3.334618,-2.6553085,0.16698578,3.973343,0.17448570728301993,0.0007581621408462302,0.1132719397544859,0.3725867748260496,0.4440476585179567,0.16556880474090585
1789687121.152760,truck,0.1833,2201,281,0,0,4.3907,,0.8608027,-0.6700419,4.2530627,nan,nan,nan,0.32438862323760986,1.3085609674453735,0.30284643173217773,nan,nan,nan
1789687121.218722,traffic cone,0.8645,96,71,43,42,3.1236,3.1270,-1.931607,0.06001869,2.4540725,-1.9289097,0.119154364,2.4583344,0.11400145292282104,0.23837073892354965,0.0916450023651123,0.07605428099632272,0.2384518925100565,0.06990106105804417
1789687121.245451,traffic cone,0.8157,217,62,105,62,3.8346,3.8346,-0.8256161,0.114993334,3.7428555,-0.8256161,0.114993334,3.7428555,0.1542696833610535,0.36122090891003605,0.08331761360168466,0.1542696833610535,0.36122090891003605,0.08331761360168466
1789687121.275233,traffic cone,0.6424,180,33,75,16,3.3161,3.3102,-1.5634964,0.1392245,2.921103,-1.5454928,0.20369232,2.9201958,0.06132211685180655,0.3177662044763565,0.08222389221191406,0.03453564643859863,0.12938103079795837,0.07746434211730957
1789687121.306066,traffic cone,0.4733,309,178,173,145,3.3271,3.3215,-0.32554567,0.043958507,3.3108375,-0.3249873,0.07573554,3.3047252,0.21809729486703874,0.4452508807182312,0.09659814834594727,0.21827312707900998,0.3811435490846634,0.08393878936767596
1789687121.344608,traffic cone,0.3696,255,19,195,100,4.0270,4.7793,-2.2326632,0.3512816,3.3330002,-2.6581087,0.13284068,3.969744,0.18481810092926,0.0011416494846344105,0.11964221000671404,0.36815831661224374,0.4439556643366813,0.16164164543151838
1789687121.388164,truck,0.1796,2197,281,0,0,4.3884,,0.8601769,-0.66756594,4.2511744,nan,nan,nan,0.32195115089416504,1.3061922192573547,0.29410696029663086,nan,nan,nan
1789687121.443903,traffic cone,0.8643,93,69,44,43,3.1219,3.1248,-1.9299041,0.06013906,2.4531734,-1.9290665,0.11917584,2.4554236,0.1092696905136108,0.23855060636997225,0.09226551055908194,0.08109458684921256,0.23854083344340327,0.07308883666992205
1789687121.483367,traffic cone,0.8148,219,62,105,62,3.8354,3.8354,-0.82684124,0.11518401,3.7434628,-0.82684124,0.11518401,3.7434628,0.15647818446159367,0.3605538386851549,0.09053425788879421,0.15647818446159367,0.3605538386851549,0.09053425788879421
1789687121.524138,traffic cone,0.6453,180,33,76,17,3.3155,3.3093,-1.564042,0.13932373,2.9200823,-1.5495063,0.20279862,2.9171383,0.06428606510162349,0.31705207228660587,0.08774523735046413,0.038740682601928755,0.1295071393251419,0.08154439926147461
1789687121.570865,traffic cone,0.4803,317,178,206,163,3.3279,3.3265,-0.3248889,0.043959916,3.3117375,-0.32428747,0.07504128,3.3097749,0.2179187178611755,0.4454717367887497,0.10019989013671893,0.21581776142120368,0.4452109903097153,0.09413309097290057
1789687121.613682,traffic cone,0.3634,251,18,194,100,4.0241,4.7773,-2.2275362,0.35140187,3.332895,-2.6530786,0.13265109,3.9706223,0.1758549451828002,0.0011908531188964955,0.11079081296920812,0.3685721158981323,0.44424446001648904,0.16041612625122115
1789687121.657266,truck,0.1798,2190,282,135,111,4.3902,7.9182,0.86033213,-0.6671286,4.253023,4.117407,-0.8963934,6.7038603,0.32047866582870477,1.3110496267676355,0.3066901683807375,0.18179106712341309,1.5869261249899864,0.3796520233154297
1789687121.707011,traffic cone,0.8605,95,71,44,43,3.1233,3.1254,-1.9349986,0.059874654,2.450993,-1.928866,0.119165,2.456332,0.11496955156326294,0.23838120326399803,0.0936274528503418,0.08206450939178467,0.2383480452001095,0.07689881324768066
1789687121.746540,traffic cone,0.8145,219,62,108,62,3.8331,3.8331,-0.82292587,0.11376937,3.7420423,-0.82292587,0.11376937,3.7420423,0.1496441781520843,0.3651333637535572,0.09603619575500488,0.1496441781520843,0.3651333637535572,0.09603619575500488
1789687121.776503,traffic cone,0.6464,180,33,76,16,3.3164,3.3112,-1.5638523,0.1390458,2.921244,-1.5460649,0.20412476,2.9210258,0.0620287179946899,0.3174058318138122,0.08472299575805664,0.03578817844390869,0.12903892993927002,0.07636076211929321
1789687121.819279,traffic cone,0.4833,311,178,209,164,3.3286,3.3286,-0.3262959,0.04410599,3.3123145,-0.3262959,0.07531516,3.3117409,0.2177808523178101,0.44551989138126374,0.09654024839401254,0.21618137061595913,0.445512068271637,0.09330544471740732
1789687121.861822,traffic cone,0.3576,259,18,198,101,4.0253,4.7832,-2.2277358,0.35133904,3.3341336,-2.660044,0.16694155,3.9718156,0.17607886791229266,0.0006253927946090476,0.11073536872863743,0.36894702911376953,0.4441780000925064,0.16141605377197266
1789687121.904750,truck,0.1828,2191,282,0,0,4.3893,,0.86098695,-0.66742826,4.251957,nan,nan,nan,0.31993237435817723,1.3083817183971405,0.3032016277313234,nan,nan,nan
1789687121.955925,traffic cone,0.8590,94,69,44,43,3.1238,3.1254,-1.9321344,0.060039088,2.453824,-1.9293056,0.11927709,2.4559875,0.1082595109939577,0.2383049726486206,0.09172821044921875,0.08179055452346806,0.2383363977074623,0.07613244056701651
1789687121.992867,traffic cone,0.8147,218,62,105,62,3.8348,3.8348,-0.82632995,0.113552615,3.7429874,-0.82632995,0.113552615,3.7429874,0.14566164016723626,0.3613810040056705,0.08947520256042507,0.14566164016723626,0.3613810040056705,0.08947520256042507
1789687122.018759,traffic cone,0.6507,181,33,75,16,3.3149,3.3097,-1.5630589,0.13920629,2.9199905,-1.5472385,0.20399357,2.9186664,0.06223249435424805,0.3170448660850525,0.08419675827026385,0.03524211049079895,0.12894028425216675,0.08153128623962402
1789687122.045885,traffic cone,0.4792,314,178,209,164,3.3284,3.3276,-0.32506597,0.0440097,3.3121634,-0.32506597,0.074943066,3.310813,0.21850839555263518,0.44551448374986646,0.0963592529296875,0.21695667952299114,0.4454043537378311,0.08927564620971662
1789687122.075039,traffic cone,0.3549,258,18,192,100,4.0235,4.7785,-2.2275758,0.35129157,3.3320706,-2.6547556,0.1322235,3.971045,0.17406953573226946,0.0011586904525756614,0.11376223564147958,0.369439148902893,0.4443209648132324,0.16547105312347377
1789687122.122714,truck,0.1852,2200,283,0,0,4.3880,,0.8606118,-0.6686809,4.250536,nan,nan,nan,0.3279218792915344,1.310039523243904,0.30333094596862775,nan,nan,nan
1789687122.187610,traffic cone,0.8610,91,70,43,43,3.1248,3.1264,-1.9329543,0.060078457,2.4544163,-1.9301035,0.11936039,2.4565763,0.11058533191680908,0.23849722295999526,0.09038225412368783,0.08226709365844731,0.2385285548865795,0.07851893901824969
1789687122.228492,traffic cone,0.8166,217,62,105,62,3.8350,3.8350,-0.82521987,0.114692315,3.7433963,-0.82521987,0.114692315,3.7433963,0.1546458899974823,0.3612051572650671,0.07955753803253174,0.1546458899974823,0.3612051572650671,0.07955753803253174
1789687122.276385,traffic cone,0.6460,181,33,76,16,3.3151,3.3087,-1.5636004,0.1391106,2.919827,-1.5455418,0.20407765,2.918462,0.0631098747253418,0.31699431240558623,0.08562331199645978,0.03477063775062561,0.12920789420604706,0.07814091444015503
1789687122.324575,traffic cone,0.4800,309,178,191,165,3.3289,3.3276,-0.32602552,0.043991797,3.3125818,-0.3263209,0.075276524,3.3106804,0.21799870133399965,0.4454460859298706,0.09951287508010864,0.21723259687423696,0.4453639924526214,0.09383335113525382
1789687122.367675,traffic cone,0.3585,261,19,193,100,4.0286,4.7788,-2.2348793,0.35145792,3.3333278,-2.6551232,0.13222316,3.9710667,0.1833952188491823,0.0008421480655669833,0.12215025424957293,0.3711457848548889,0.4441307552158833,0.15706400871276838
1789687122.412745,truck,0.1804,2199,281,0,0,4.3879,,0.8601948,-0.6691268,4.250453,nan,nan,nan,0.32459497451782227,1.306994765996933,0.29885292053222656,nan,nan,nan
1789687122.468896,traffic cone,0.8619,93,69,43,42,3.1243,3.1286,-1.9320445,0.06015949,2.4545825,-1.9297079,0.119221106,2.4596496,0.10728378295898433,0.23871297091245652,0.09244060516357422,0.0781914234161376,0.238766523078084,0.07121363878250131
1789687122.511327,traffic cone,0.8140,213,62,104,62,3.8329,3.8329,-0.8262854,0.11358008,3.7410192,-0.8262854,0.11358008,3.7410192,0.14582893252372742,0.3642553731799126,0.0825598716735838,0.14582893252372742,0.3642553731799126,0.0825598716735838
1789687122.555813,traffic cone,0.6477,181,33,77,16,3.3117,3.3079,-1.5645542,0.13926947,2.915505,-1.5470288,0.20393412,2.9167733,0.0684653282165526,0.3164723664522171,0.08459682464599583,0.03556966781616211,0.12851595878601074,0.07552981376647949
1789687122.598785,traffic cone,0.4791,312,178,196,163,3.3278,3.3270,-0.32549775,0.043989256,3.3115396,-0.3256094,0.07529816,3.310133,0.21744573712348939,0.4452932566404343,0.09320700168609619,0.214547073841095,0.4452884256839752,0.09209208488464382
1789687122.641775,traffic cone,0.3564,260,18,192,100,4.0250,4.7805,-2.2290225,0.35122386,3.332985,-2.655414,0.13257135,3.9729507,0.17408797740936288,0.0012758046388625655,0.1137408494949339,0.3701831817626955,0.4437400761991739,0.16312410831451363
1789687122.685321,truck,0.1806,2196,281,0,0,4.3889,,0.8605732,-0.6675644,4.251606,nan,nan,nan,0.33054566383361816,1.3088290989398956,0.29744720458984375,nan,nan,nan
1789687122.731484,traffic cone,0.8608,92,70,42,42,3.1240,3.1252,-1.9325879,0.06005887,2.4537692,-1.9275221,0.11909905,2.4571614,0.1077470421791078,0.23830112367868425,0.09927866458892831,0.07659166455268851,0.23849249295890332,0.07334507703781146
1789687122.756514,traffic cone,0.8147,219,61,103,61,3.8338,3.8338,-0.8251622,0.1139739,3.742164,-0.8251622,0.1139739,3.742164,0.1407516598701477,0.36417559534311295,0.08991765975952148,0.1407516598701477,0.36417559534311295,0.08991765975952148
1789687122.785273,traffic cone,0.6440,180,33,76,16,3.3136,3.3085,-1.5648907,0.13999979,2.917425,-1.5469965,0.20363657,2.9174209,0.062403082847595215,0.3171358793973923,0.08350100517272985,0.03453591465950012,0.12869708985090256,0.0809781551361084
1789687122.825195,traffic cone,0.4767,316,179,199,164,3.3299,3.3282,-0.32499915,0.07510145,3.3131838,-0.32594377,0.07519129,3.3113503,0.2180430918931961,0.44549188315868377,0.09556903839111319,0.21655503511428828,0.445248019695282,0.09101248979568499
1789687122.866514,traffic cone,0.3609,256,18,190,100,4.0240,4.7780,-2.2278895,0.351324,3.3324609,-2.6545515,0.1323241,3.9704964,0.17398768663406372,0.0011227369308471347,0.11383601427078238,0.3703717708587644,0.44429893009364607,0.16116304397583026
1789687122.908444,truck,0.1809,2202,282,0,0,4.3892,,0.8605857,-0.6685299,4.251726,nan,nan,nan,0.32973334491252904,1.3059765592217445,0.2970528364181515,nan,nan,nan
1789687122.958253,traffic cone,0.8615,94,69,44,42,3.1252,3.1286,-1.9316374,0.060240775,2.4560342,-1.9307522,0.11917539,2.4588962,0.10616195201873779,0.2384186267852783,0.09002580642700186,0.07827637791633602,0.2384171713143587,0.06979887485504133
1789687122.997831,traffic cone,0.8166,217,61,104,61,3.8317,3.8317,-0.8260826,0.113835916,3.7398376,-0.8260826,0.113835916,3.7398376,0.14558851718902588,0.3648417741060257,0.08722496032714844,0.14558851718902588,0.3648417741060257,0.08722496032714844
1789687123.043520,traffic cone,0.6474,180,33,76,16,3.3142,3.3093,-1.5636348,0.13974015,2.918816,-1.5467416,0.20374128,2.9185379,0.06281685829162598,0.31722937524318695,0.08296060562133789,0.03431105613708496,0.12945735454559326,0.08027911186218262
1789687123.089770,traffic cone,0.4745,312,177,170,144,3.3299,3.3223,-0.3252965,0.07521249,3.3131347,-0.3266062,0.07574245,3.3053775,0.21665818691253658,0.44535883963108064,0.09562606811523455,0.21626726537942884,0.38121954910457134,0.0819810390472413
1789687123.132536,traffic cone,0.3645,253,18,188,100,4.0220,4.7787,-2.2258377,0.351213,3.3314378,-2.6553361,0.13244684,3.970873,0.1731477499008176,0.0008848398923874123,0.11536765098571777,0.36830354928970355,0.44409900829195975,0.16118249893188485
1789687123.177082,truck,0.1836,2200,281,0,0,4.3887,,0.86063135,-0.66819125,4.2513304,nan,nan,nan,0.32393765449523926,1.3064969033002853,0.296353816986084,nan,nan,nan
1789687123.230832,traffic cone,0.8624,94,69,44,43,3.1231,3.1274,-1.9310061,0.060101897,2.4537826,-1.9307104,0.11929025,2.4574013,0.10968015193939196,0.23855166733264924,0.08881134986877459,0.08059760332107535,0.23871093690395356,0.07356755733489972
1789687123.270815,traffic cone,0.8159,216,61,104,61,3.8328,3.8328,-0.8257247,0.11379872,3.7410328,-0.8257247,0.11379872,3.7410328,0.1474204659461975,0.36492108553647995,0.08267450332641602,0.1474204659461975,0.36492108553647995,0.08267450332641602
1789687123.313020,traffic cone,0.6490,180,33,76,16,3.3122,3.3067,-1.5632778,0.13961245,2.916767,-1.5454094,0.20390391,2.9162846,0.06196329593658434,0.31745832562446596,0.08353819847106925,0.03282952308654785,0.12959418445825577,0.07534456253051758
1789687123.355980,traffic cone,0.4746,314,178,169,144,3.3291,3.3222,-0.32617542,0.07511923,3.3122149,-0.32617542,0.075708985,3.3052979,0.21757723093032838,0.445396876335144,0.10134307146072397,0.21581049561500543,0.38092517368495465,0.08433861732482928
1789687123.396871,traffic cone,0.3638,259,18,193,99,4.0243,4.7808,-2.2273579,0.35141134,3.3332486,-2.6548812,0.16691418,3.9724123,0.17528674602508554,0.0007381618022919145,0.11205338239669826,0.36840674877166757,0.44386106356978416,0.16063652038574228
1789687123.434284,truck,0.1837,2200,284,0,0,4.3901,,0.86079043,-0.6701976,4.2523813,nan,nan,nan,0.33056455850601185,1.3060808584094046,0.30530989170074374,nan,nan,nan
1789687123.492127,traffic cone,0.8618,95,69,43,42,3.1242,3.1264,-1.9326549,0.060058996,2.4539301,-1.9299537,0.11937907,2.4566596,0.1091372489929201,0.23835987001657488,0.09249420166015643,0.08202664256095882,0.23845221512019632,0.06756013631820679
1789687123.535584,traffic cone,0.8149,217,63,107,63,3.8356,3.8356,-0.82806605,0.114010364,3.7434402,-0.82806605,0.114010364,3.7434402,0.15407275557518008,0.36474980935454365,0.08243761062622079,0.15407275557518008,0.36474980935454365,0.08243761062622079
1789687123.579270,traffic cone,0.6406,183,34,78,16,3.3130,3.3079,-1.5644857,0.13859196,2.9170775,-1.5464537,0.20373526,2.9170775,0.06727405786514273,0.3169335968792439,0.08567279577255249,0.0342918336391449,0.1291615515947342,0.08140826225280762
1789687123.622794,traffic cone,0.4758,306,176,192,162,3.3290,3.3277,-0.32521927,0.04395435,3.3127785,-0.32521927,0.07522006,3.310914,0.2126104161143303,0.445492722094059,0.09538483619689941,0.21079661697149268,0.4454626813530922,0.09425696134567296
1789687123.664990,traffic cone,0.3613,262,18,194,100,4.0214,4.7790,-2.226018,0.3513087,3.3306828,-2.654955,0.13231818,3.9714606,0.1784459948539734,0.0010465055704116932,0.1071500539779664,0.3674399137496951,0.44434759207069874,0.16301441192626998
1789687123.709795,truck,0.1829,2196,281,136,112,4.3904,7.9193,0.8614429,-0.66902435,4.252789,4.108372,-0.8948976,6.7108464,0.32154834270477295,1.3078796863555908,0.30353832244873047,0.18025362491607666,1.5888056203722953,0.38578066825866664
1789687123.767419,traffic cone,0.8622,92,69,44,43,3.1225,3.1251,-1.9293236,0.06003928,2.4544537,-1.9286624,0.11924036,2.4560935,0.10493810176849383,0.23829771727323534,0.09299855232238752,0.08461186885833749,0.2384372517466545,0.0714020967483524
1789687123.801106,traffic cone,0.8144,217,61,104,61,3.8332,3.8332,-0.8245309,0.11447139,3.7417355,-0.8245309,0.11447139,3.7417355,0.14712899923324585,0.3653375804424286,0.0890955924987793,0.14712899923324585,0.3653375804424286,0.0890955924987793
1789687123.829814,traffic cone,0.6350,186,39,77,16,3.3099,3.3093,-1.5661294,0.1383683,2.912671,-1.5464408,0.20433812,2.9186578,0.07103950977325435,0.31714251935482024,0.08882346153259268,0.03338819742202759,0.12954632192850113,0.08025455474853516
1789687123.871825,traffic cone,0.4768,312,178,194,165,3.3268,3.3267,-0.3255909,0.043843985,3.3105888,-0.32613647,0.07514636,3.3098173,0.21741836071014403,0.44527655839920044,0.09581278562545759,0.21711590290069574,0.44516363441944123,0.09473090171813947
1789687123.912073,traffic cone,0.3589,260,19,193,100,4.0257,4.7789,-2.2323353,0.35141486,3.3315969,-2.6551824,0.13237034,3.971142,0.1857269763946534,0.0008038997650146595,0.1183540344238283,0.36977381706237766,0.44424141272902484,0.15899140834808323
1789687123.954917,truck,0.1833,2187,279,0,0,4.3900,,0.86113864,-0.667334,4.252641,nan,nan,nan,0.3166343033313751,1.3066197127103805,0.301346635818482,nan,nan,nan
1789687124.019250,traffic cone,0.8599,93,69,44,42,3.1231,3.1251,-1.9322265,0.0600404,2.4528615,-1.9289262,0.11913429,2.4558783,0.10693418979644775,0.2384777456521988,0.0953809261322025,0.0815919041633606,0.23851212188601495,0.0683257818222045
1789687124.063411,traffic cone,0.8160,216,62,104,62,3.8324,3.8324,-0.82474536,0.11363903,3.7408848,-0.82474536,0.11363903,3.7408848,0.1430048376321792,0.36453872695565226,0.08879077434539795,0.1430048376321792,0.36453872695565226,0.08879077434539795
1789687124.106035,traffic cone,0.6402,182,36,77,16,3.3129,3.3105,-1.5663402,0.13806999,2.9160085,-1.5473207,0.20372552,2.9195504,0.06925743818283081,0.31756536290049553,0.0859881043434143,0.035070836544036865,0.12889008969068527,0.07416731119155884
1789687124.134792,traffic cone,0.4729,313,177,171,145,3.3287,3.3221,-0.323839,0.0750954,3.3120873,-0.3254456,0.075765684,3.3052244,0.21710520684719084,0.44538250267505647,0.09596357345581064,0.21887430846691128,0.38095575124025344,0.08424091339111328
1789687124.177342,traffic cone,0.3549,259,19,193,100,4.0249,4.7799,-2.232893,0.35123426,3.3302367,-2.656691,0.13234207,3.9714398,0.18651628494262695,0.0009483456611633079,0.11672837734222385,0.37060670852661115,0.44415123760700226,0.15971217155456552
1789687124.223047,truck,0.1828,2190,279,0,0,4.3899,,0.86058253,-0.66763824,4.252615,nan,nan,nan,0.31761838197708125,1.3072019129991532,0.30107464790344274,nan,nan,nan
1789687124.276906,traffic cone,0.8605,96,70,44,42,3.1253,3.1270,-1.933102,0.060123503,2.455027,-1.9297395,0.11928059,2.4576643,0.10756385326385498,0.23851588070392607,0.09250885248184204,0.07967764139175415,0.23851673528552056,0.06889200210571289
1789687124.315093,traffic cone,0.8133,218,61,105,61,3.8335,3.8335,-0.8246205,0.113321066,3.7420557,-0.8246205,0.113321066,3.7420557,0.14281654357910156,0.36453840136528015,0.08605194091796875,0.14281654357910156,0.36453840136528015,0.08605194091796875
1789687124.359926,traffic cone,0.6355,183,36,76,16,3.3153,3.3095,-1.5664432,0.13849223,2.9186544,-1.5460702,0.20378107,2.9190762,0.06722861528396606,0.31753483042120934,0.08572471141815186,0.035332947969436646,0.12964297831058502,0.08006644248962402
1789687124.403921,traffic cone,0.4702,308,177,193,164,3.3275,3.3274,-0.32627487,0.012812719,3.3114555,-0.3266307,0.075340375,3.3104703,0.21580339968204496,0.44533865451812743,0.09503173828125,0.21617071181535719,0.4451886534690857,0.09032222032546988
1789687124.444933,traffic cone,0.3513,260,19,193,100,4.0206,4.7787,-2.2289257,0.3511957,3.3276708,-2.6565335,0.1324367,3.9699893,0.18389859199523917,0.0011579334735870583,0.12118389606475866,0.369477164745331,0.4442320790141821,0.160394048690796
1789687124.486672,truck,0.1847,2185,275,0,0,4.3864,,0.8613911,-0.65041184,4.2514753,nan,nan,nan,0.31853631138801586,1.3070156812667846,0.29742484092712385,nan,nan,nan
1789687124.550716,traffic cone,0.8599,93,70,43,42,3.1242,3.1246,-1.9327915,0.060140863,2.453895,-1.9293436,0.11907075,2.4548526,0.11193599700927748,0.23850125521421434,0.09274616241455069,0.08002126812934884,0.238556008040905,0.06836311817169172
1789687124.594495,traffic cone,0.8142,217,61,104,61,3.8347,3.8347,-0.8273065,0.114120945,3.742704,-0.8273065,0.114120945,3.742704,0.1456843614578247,0.3643665760755539,0.08061408996582031,0.1456843614578247,0.3643665760755539,0.08061408996582031
1789687124.632235,traffic cone,0.6361,181,33,76,16,3.3129,3.3082,-1.5632974,0.1392112,2.9175615,-1.5464118,0.20359248,2.9174726,0.0634015321731567,0.31679680943489075,0.08358755111694327,0.036176830530166626,0.1288490742444992,0.07909750938415527
1789687124.669605,traffic cone,0.4752,305,177,189,163,3.3288,3.3267,-0.3253725,0.07535772,3.311966,-0.3253725,0.075426504,3.309896,0.21697237491607665,0.44555128514766695,0.09277696609497044,0.2154775977134705,0.4455291569232941,0.09174032211303684
1789687124.705813,traffic cone,0.3541,257,18,191,100,4.0254,4.7783,-2.228941,0.3511918,3.333557,-2.6542647,0.13234706,3.9710336,0.17566972970962524,0.00092298984527589,0.11120347976684553,0.371552050113678,0.44406686127185824,0.16134934425353986
1789687124.747584,truck,0.1868,2189,279,0,0,4.3892,,0.86085474,-0.66743016,4.251854,nan,nan,nan,0.3163453519344329,1.307458186149597,0.3002202033996584,nan,nan,nan
1789687124.793530,traffic cone,0.8595,92,70,43,43,3.1242,3.1252,-1.9347868,0.060094923,2.4523027,-1.930272,0.11940089,2.454894,0.11145360469818111,0.23848269917070866,0.09399170875549334,0.07997891902923593,0.23856848180294038,0.07785441875457755
1789687124.818849,traffic cone,0.8137,217,60,105,60,3.8309,3.8309,-0.823262,0.113781765,3.7396731,-0.823262,0.113781765,3.7396731,0.14159077703952794,0.3652759477496147,0.08355937004089364,0.14159077703952794,0.3652759477496147,0.08355937004089364
1789687124.847373,traffic cone,0.6332,181,33,76,16,3.3138,3.3087,-1.5629989,0.13919035,2.9187357,-1.5448425,0.20403951,2.9188244,0.06344659328460689,0.3170947045087814,0.08615770339965811,0.03347936272621155,0.12954025715589523,0.08153355121612549
1789687124.874922,traffic cone,0.4667,312,178,197,165,3.3284,3.3274,-0.32657024,0.044048727,3.3119993,-0.32674897,0.075369984,3.3105094,0.2146228432655335,0.44547653645277024,0.09657200574874869,0.21354002952575682,0.44557573795318606,0.09089198112487784
1789687124.914259,traffic cone,0.3527,262,19,194,99,4.0305,4.7797,-2.236325,0.35130134,3.3347201,-2.6535413,0.16684672,3.9719138,0.1850077390670779,0.0008803248405456765,0.11951713562011745,0.3666739940643309,0.4439999066293239,0.15533952713012722
1789687124.956712,truck,0.1876,2187,280,0,0,4.3907,,0.8608321,-0.66695887,4.2534943,nan,nan,nan,0.31730498075485236,1.3065527498722076,0.30243411064147896,nan,nan,nan
1789687125.022343,traffic cone,0.8602,93,70,44,43,3.1248,3.1274,-1.9317765,0.06012559,2.4554138,-1.9296798,0.11924702,2.4582524,0.10854601860046387,0.2385533653199673,0.09433046579360971,0.0811814904212953,0.23850460350513458,0.07726552486419669
1789687125.062973,traffic cone,0.8120,218,60,105,60,3.8339,3.8339,-0.82491255,0.14828166,3.7411835,-0.82491255,0.14828166,3.7411835,0.14736963212490084,0.36482451222836976,0.08036170005798349,0.14736963212490084,0.36482451222836976,0.08036170005798349
1789687125.094947,traffic cone,0.6367,180,32,75,16,3.3130,3.3101,-1.5628619,0.14048436,2.9177828,-1.5487909,0.20383625,2.9182646,0.06325763463973999,0.28243958353996274,0.08306270837783813,0.03525301814079285,0.1284281238913536,0.07915353775024414
1789687125.134511,traffic cone,0.4678,316,179,199,165,3.3301,3.3273,-0.3256551,0.075288236,3.3132792,-0.3256551,0.07533449,3.3104458,0.2201549082994461,0.4456015080213547,0.09742147922515887,0.21903848648071286,0.4455402970314026,0.09297299385070801
1789687125.176268,traffic cone,0.3573,253,18,193,100,4.0273,4.7804,-2.2307682,0.35124528,3.334642,-2.6526008,0.132445,3.9747066,0.17673208713531485,0.0011641770601272805,0.10971107482910147,0.3694055199623105,0.4440755467861891,0.161459970474243
1789687125.218729,truck,0.1889,2187,278,0,0,4.3904,,0.86144036,-0.6674481,4.253014,nan,nan,nan,0.31602913737297056,1.3063130497932434,0.3029433488845825,nan,nan,nan
1789687125.283002,traffic cone,0.8578,95,71,44,42,3.1249,3.1255,-1.932591,0.06009072,2.4549077,-1.9288809,0.11905973,2.456378,0.10941809415817261,0.23865707963705063,0.09324288368225098,0.07716485857963562,0.23866821266710758,0.07059856653213492
1789687125.309593,traffic cone,0.8133,212,61,104,61,3.8355,3.8355,-0.827454,0.11565077,3.7434003,-0.827454,0.11565077,3.7434003,0.1555829644203186,0.36533844470977783,0.0833125114440918,0.1555829644203186,0.36533844470977783,0.0833125114440918
1789687125.338484,traffic cone,0.6334,180,32,77,16,3.3124,3.3081,-1.5623081,0.14029321,2.9174452,-1.5466611,0.20374207,2.9171314,0.06343069076538099,0.2828822709619999,0.08342536687850943,0.03564715385437012,0.1291382908821106,0.07867085933685303
1789687125.378404,traffic cone,0.4615,318,177,176,145,3.3279,3.3215,-0.3257107,0.012788206,3.3119195,-0.3257107,0.07588968,3.3046691,0.2155344188213348,0.4452696621417999,0.09454069137573251,0.2184661269187927,0.38102689683437346,0.08377337455749512
1789687125.419142,traffic cone,0.3526,256,19,191,100,4.0273,4.7757,-2.2338104,0.3513592,3.3324928,-2.6535134,0.13246016,3.968444,0.18469896316528311,0.0009168624877929354,0.11883032321929932,0.3679057002067565,0.4442332413047552,0.15986955165863037
1789687125.461185,truck,0.1911,2190,277,0,0,4.3885,,0.86051613,-0.66711617,4.2512856,nan,nan,nan,0.31766115427017216,1.306888049840927,0.2992771148681648,nan,nan,nan
1789687125.524093,traffic cone,0.8579,93,70,43,43,3.1234,3.1256,-1.9305799,0.060065106,2.4546134,-1.9284401,0.11923537,2.4568563,0.11196990013122554,0.23839555606245993,0.09282829761505118,0.08177731037139879,0.23846615850925446,0.07453825473785392
1789687125.549894,traffic cone,0.8150,212,62,104,62,3.8339,3.8339,-0.8249167,0.113612905,3.7423415,-0.8249167,0.113612905,3.7423415,0.14646145999431603,0.3640222083777189,0.09107549190521258,0.14646145999431603,0.3640222083777189,0.09107549190521258
1789687125.577229,traffic cone,0.6384,180,33,77,16,3.3159,3.3107,-1.5641248,0.13937262,2.920518,-1.5461919,0.20428795,2.9203243,0.0632530689239501,0.3174984574317932,0.08405642509460476,0.033956438302993774,0.12941747903823853,0.08047384023666382
1789687125.604321,traffic cone,0.4619,312,178,174,146,3.3277,3.3230,-0.32565948,0.043966822,3.3114395,-0.32565948,0.075957835,3.3061523,0.21792190819978716,0.44554387480020524,0.09526894092559823,0.2196313515305519,0.38129101507365704,0.08519423007965088
1789687125.643321,traffic cone,0.3529,251,18,192,100,4.0237,4.7801,-2.2267723,0.35138714,3.332867,-2.6557245,0.13256383,3.9723217,0.17688106298446638,0.0010000288486480824,0.10960835218429565,0.36914713382720965,0.4440258629620075,0.1601473808288576
1789687125.684918,truck,0.1862,2186,276,0,0,4.3878,,0.86067855,-0.6588876,4.251766,nan,nan,nan,0.3170105367898941,1.3075058460235596,0.3005492687225342,nan,nan,nan
1789687125.750658,traffic cone,0.8579,94,69,44,43,3.1242,3.1245,-1.9331993,0.06013979,2.4534788,-1.9298586,0.11938445,2.4544017,0.10901317596435534,0.23837630450725555,0.092464303970337,0.08028594255447397,0.23827900886535644,0.07234585285186768
1789687125.779230,traffic cone,0.8139,218,61,105,61,3.8345,3.8345,-0.8233768,0.1136152,3.7432952,-0.8233768,0.1136152,3.7432952,0.1423170566558838,0.36503174901008606,0.08700227737426758,0.1423170566558838,0.36503174901008606,0.08700227737426758
1789687125.818990,traffic cone,0.6373,180,33,76,16,3.3151,3.3108,-1.5628551,0.13965379,2.920274,-1.546339,0.20415194,2.9203486,0.060576581954955966,0.31774580776691436,0.0841300964355467,0.03335908055305481,0.12959209829568863,0.08115160465240479
1789687125.861422,traffic cone,0.4647,317,180,197,165,3.3293,3.3273,-0.3256683,0.075285494,3.312444,-0.32759324,0.07529412,3.3102672,0.21916542798280716,0.4454288065433502,0.10258697271347073,0.2172535777091979,0.4453906625509262,0.0955667495727539
1789687125.902523,traffic cone,0.3530,253,18,193,100,4.0250,4.7805,-2.2277684,0.35127556,3.3338046,-2.6550598,0.13259254,3.9731886,0.1745174050331113,0.0010857373476028664,0.11341214179992676,0.37057832479476893,0.44427962265908716,0.16483705043792707
1789687125.944847,truck,0.1842,2188,279,0,0,4.3898,,0.8603348,-0.66779876,4.252584,nan,nan,nan,0.3198184251785279,1.3085219264030457,0.30153489112853915,nan,nan,nan
1789687126.011519,traffic cone,0.8577,96,71,44,43,3.1267,3.1288,-1.9333047,0.060135514,2.4565573,-1.9300355,0.11923605,2.4596615,0.1132974624633789,0.23854326456785202,0.09546351432800293,0.08303505182266235,0.2386967867612839,0.0764184951782223
1789687126.037293,traffic cone,0.8123,220,62,105,62,3.8327,3.8327,-0.82683784,0.11451021,3.740676,-0.82683784,0.11451021,3.740676,0.15307849049568178,0.3613477364182472,0.08312506675720233,0.15307849049568178,0.3613477364182472,0.08312506675720233
1789687126.062655,traffic cone,0.6329,180,33,76,16,3.3132,3.3092,-1.5624397,0.13944626,2.9183688,-1.5466952,0.20435709,2.9182956,0.06290171146392831,0.3168929576873779,0.08480224609375009,0.03725084662437439,0.12857403606176376,0.08140325546264648
1789687126.088398,traffic cone,0.4619,311,179,202,165,3.3280,3.3278,-0.32512406,0.07539162,3.3112721,-0.32512406,0.075504094,3.3110385,0.2192644327878952,0.4455648213624954,0.09836215972900364,0.21827639937400814,0.44552027583122256,0.09508447647094753
1789687126.129229,traffic cone,0.3591,251,18,191,100,4.0251,4.7781,-2.2290235,0.3513601,3.3330512,-2.6541843,0.13255286,3.9708726,0.17264329195022565,0.0009881854057312012,0.11634349822998047,0.37221407890319824,0.44394875355064867,0.16034703254699734
1789687126.171436,truck,0.1878,2190,279,0,0,4.3891,,0.8611622,-0.66660136,4.251867,nan,nan,nan,0.31999478340148924,1.3064263701438903,0.2960884094238283,nan,nan,nan
1789687126.221025,traffic cone,0.8593,93,69,45,43,3.1237,3.1273,-1.9329408,0.060103208,2.453148,-1.9285647,0.11935982,2.4588842,0.10964899063110356,0.23850606381893158,0.09183373451232901,0.08143839836120614,0.23873858749866486,0.07582247257232666
1789687126.259924,traffic cone,0.8133,217,62,105,62,3.8344,3.8344,-0.82549167,0.11476725,3.7427132,-0.82549167,0.11476725,3.7427132,0.15646626651287077,0.3615015402436256,0.08772687911987331,0.15646626651287077,0.3615015402436256,0.08772687911987331
1789687126.300473,traffic cone,0.6321,181,33,76,16,3.3162,3.3103,-1.5629697,0.13923967,2.92146,-1.5452087,0.20425853,2.920443,0.0631601572036744,0.317764300107956,0.087127685546875,0.03214415907859802,0.12973924726247787,0.0819317102432251
1789687126.328510,traffic cone,0.4665,313,178,205,165,3.3282,3.3276,-0.32551503,0.04407619,3.3119159,-0.32614523,0.07534781,3.310734,0.2180872842669487,0.4455615535378456,0.09361753463745126,0.21708542108535758,0.4455197036266327,0.09034004211425772
1789687126.359959,traffic cone,0.3625,259,19,194,100,4.0238,4.7781,-2.23064,0.35120168,3.3304398,-2.6545348,0.13247971,3.9706151,0.18624320030212393,0.0008772313594818115,0.11746010780334482,0.3725843787193299,0.44393221102654934,0.1598587036132808
1789687126.402839,truck,0.1888,2191,280,0,0,4.3903,,0.86135244,-0.6689453,4.2526555,nan,nan,nan,0.31888200044631954,1.313891839981079,0.30444548130035365,nan,nan,nan
1789687126.463981,traffic cone,0.8574,95,70,45,43,3.1255,3.1264,-1.9321063,0.060010403,2.4560761,-1.9299608,0.11932099,2.4566479,0.10920450091362,0.2386509206146002,0.09556210041046143,0.08174086809158321,0.2385783761739731,0.0771177530288698
1789687126.491909,traffic cone,0.8133,218,62,105,62,3.8359,3.8359,-0.8250865,0.113463655,3.744394,-0.8250865,0.113463655,3.744394,0.14576888978481295,0.3649591777473688,0.08888108730316135,0.14576888978481295,0.3649591777473688,0.08888108730316135
1789687126.531212,traffic cone,0.6269,181,33,77,16,3.3149,3.3099,-1.5636926,0.13941535,2.919535,-1.5469548,0.20417619,2.9190722,0.0632351160049438,0.31715846359729766,0.0818767070770261,0.03580749034881592,0.1293012946844101,0.07746666669845581
1789687126.576084,traffic cone,0.4644,309,179,204,165,3.3285,3.3280,-0.32561523,0.07528612,3.311645,-0.32689232,0.075374186,3.3110666,0.21955483853816987,0.4455092787742615,0.09592306613922119,0.21703551411628713,0.4456256449222565,0.09301328659057617
1789687126.616825,traffic cone,0.3563,256,19,191,100,4.0231,4.7807,-2.2315454,0.35139138,3.3289628,-2.655922,0.1328618,3.9728227,0.184830904006958,0.0009787738323212003,0.11996204853057879,0.36830396652221653,0.44423008523881435,0.15832729339599583
1789687126.659239,truck,0.1863,2191,276,0,0,4.3877,,0.86086696,-0.65905493,4.251639,nan,nan,nan,0.318460077047348,1.308184176683426,0.29885005950927734,nan,nan,nan
1789687126.712478,traffic cone,0.8575,95,71,43,43,3.1252,3.1240,-1.9344754,0.060031608,2.4537632,-1.9279282,0.11930758,2.4552069,0.1122015118598938,0.2383863925933838,0.0922391414642334,0.08176083564758319,0.2383852556347847,0.0711346387863161
1789687126.747635,traffic cone,0.8098,219,62,106,62,3.8356,3.8356,-0.82555115,0.11467008,3.743986,-0.82555115,0.11467008,3.743986,0.15391143858432765,0.3614007774740457,0.08459906578063991,0.15391143858432765,0.3614007774740457,0.08459906578063991
1789687126.774006,traffic cone,0.6227,181,33,76,16,3.3146,3.3095,-1.5625851,0.13944992,2.9198363,-1.5455818,0.20441656,2.9193327,0.06299304962158203,0.31745204627513884,0.08491158485412598,0.03354945778846741,0.12955425679683685,0.08180052042007446
1789687126.798806,traffic cone,0.4664,313,177,204,164,3.3287,3.3269,-0.32547134,0.07530257,3.3118632,-0.32645023,0.075438455,3.309958,0.21345945894718166,0.4456847071647644,0.09574556350708008,0.21306191533803936,0.4456252038478851,0.09151355028152475
1789687126.842060,traffic cone,0.3646,262,19,194,100,4.0222,4.7772,-2.2299042,0.3511864,3.3289804,-2.6526916,0.13243206,3.9708006,0.18327572345733634,0.0008084475994110107,0.1222956418991088,0.37150301933288565,0.44410335905849935,0.15971176624298122
1789687126.885177,truck,0.1934,2202,283,0,0,4.3892,,0.8601296,-0.668234,4.2518573,nan,nan,nan,0.32899794578552244,1.3073095619678496,0.3025681018829349,nan,nan,nan
1789687126.950314,traffic cone,0.8562,91,69,43,43,3.1255,3.1262,-1.9330813,0.060031846,2.455299,-1.9282781,0.11925304,2.4577966,0.108724808692932,0.23849519193172455,0.09286994934082049,0.08176071643829341,0.23851745426654816,0.07354979515075666
1789687126.993351,traffic cone,0.8102,215,60,105,60,3.8362,3.8362,-0.82487726,0.14804329,3.7435756,-0.82487726,0.14804329,3.7435756,0.15069974958896637,0.3652191199362278,0.08075478076934806,0.15069974958896637,0.3652191199362278,0.08075478076934806
1789687127.024471,traffic cone,0.6253,182,32,76,16,3.3149,3.3109,-1.5625868,0.14020646,2.9200969,-1.5470207,0.20400853,2.9200969,0.0638631284236908,0.28289652764797213,0.08522982597351048,0.034761250019073486,0.129015251994133,0.07777893543243408
1789687127.058388,traffic cone,0.4694,310,178,203,164,3.3301,3.3281,-0.32670224,0.075137496,3.3131723,-0.32693166,0.07528563,3.3110986,0.21864553689956667,0.4455701380968094,0.09860498905181858,0.2118803113698959,0.4455039545893669,0.09177863597869873
1789687127.085311,traffic cone,0.3677,259,19,192,100,4.0238,4.7782,-2.2322445,0.35111073,3.3293881,-2.654015,0.13251482,3.9711246,0.18466072082519513,0.001221740245819114,0.11981656551361075,0.3697691559791565,0.44415329173207285,0.15843539237976056
1789687127.127800,truck,0.1890,2187,276,0,0,4.3879,,0.86111176,-0.65888613,4.2518706,nan,nan,nan,0.3184678852558136,1.307114489376545,0.3032568693161011,nan,nan,nan
1789687127.191316,traffic cone,0.8586,95,68,44,42,3.1267,3.1283,-1.9329877,0.06021493,2.4569092,-1.931212,0.11924806,2.4581227,0.10525289177894592,0.23848961293697357,0.09158254861831683,0.0779475927352904,0.2385807853192091,0.06845767498016375
1789687127.219617,traffic cone,0.8096,218,62,105,62,3.8339,3.8339,-0.82641035,0.11492808,3.74201,-0.82641035,0.11492808,3.74201,0.15525719225406653,0.3606400340795517,0.08458340167999268,0.15525719225406653,0.3606400340795517,0.08458340167999268
1789687127.259892,traffic cone,0.6219,181,33,76,16,3.3165,3.3111,-1.564642,0.13954341,2.920916,-1.5473812,0.2041813,2.9201798,0.06382608413696289,0.31705068349838256,0.08247785568237287,0.03461912274360657,0.1287107914686203,0.0789594054222107
1789687127.303063,traffic cone,0.4729,316,178,205,164,3.3302,3.3289,-0.3268777,0.043920763,3.313865,-0.3268777,0.07529147,3.3119354,0.2145246103405953,0.44551231861114504,0.09929094314575204,0.21294946074485777,0.4455148488283157,0.09218002557754534
1789687127.344621,traffic cone,0.3666,260,18,191,99,4.0235,4.7790,-2.2266698,0.35137424,3.3327425,-2.6543784,0.16637748,3.9705524,0.17535774707794216,0.0008330464363098256,0.11193381547927883,0.36870975494384783,0.4438823036849499,0.15718727111816388
1789687127.388032,truck,0.1851,2180,278,0,0,4.3896,,0.8610996,-0.66813356,4.252127,nan,nan,nan,0.3156616687774658,1.3067832216620445,0.3019216537475584,nan,nan,nan
1789687127.437100,traffic cone,0.8583,94,70,43,43,3.1246,3.1253,-1.9338689,0.060106836,2.453497,-1.9303378,0.119326815,2.4550097,0.11222904324531568,0.2383682295680046,0.0931514263153077,0.08137484788894667,0.23846507892012597,0.07578270435333279
1789687127.476786,traffic cone,0.8078,213,60,106,60,3.8320,3.8320,-0.82541096,0.11487137,3.7402754,-0.82541096,0.11487137,3.7402754,0.1510591596364974,0.36498235017061237,0.07809841632843018,0.1510591596364974,0.36498235017061237,0.07809841632843018
1789687127.520835,traffic cone,0.6228,184,36,76,16,3.3107,3.3083,-1.5648715,0.13859113,2.914246,-1.5466667,0.20438905,2.9173632,0.0699191689491272,0.317238450050354,0.08387893438339233,0.03734132647514343,0.1291125938296318,0.07361572980880737
1789687127.565363,traffic cone,0.4593,315,178,175,145,3.3284,3.3219,-0.32621968,0.044044524,3.3120804,-0.3249726,0.07571338,3.305055,0.2181592971086502,0.44543721675872805,0.09696784019470206,0.21868203878402703,0.38097436875104906,0.08433108329772931
1789687127.607804,traffic cone,0.3688,258,18,192,99,4.0248,4.7782,-2.2282429,0.351324,3.33329,-2.6546052,0.09813191,3.9717054,0.173216736316681,0.0010851651430129894,0.11532119512557992,0.36555802822113037,0.44390599578619006,0.15870876312255877
1789687127.653809,truck,0.1881,2182,276,0,0,4.3900,,0.8622505,-0.66853535,4.2522545,nan,nan,nan,0.31962980329990387,1.307612344622612,0.2904517650604248,nan,nan,nan
1789687127.706268,traffic cone,0.8591,96,70,44,42,3.1244,3.1271,-1.9347987,0.060004607,2.4525385,-1.930459,0.11931512,2.4572659,0.11094840764999381,0.23835655599832534,0.09183647632598868,0.07855952978134151,0.23845096342265606,0.06850507259368888
1789687127.747520,traffic cone,0.8073,219,61,107,61,3.8330,3.8330,-0.82477266,0.11435419,3.7414563,-0.82477266,0.11435419,3.7414563,0.14569634199142456,0.3645709604024887,0.08370256423950195,0.14569634199142456,0.3645709604024887,0.08370256423950195
1789687127.773003,traffic cone,0.6222,185,37,76,16,3.3138,3.3090,-1.5671594,0.13744164,2.9166162,-1.547578,0.20383674,2.9177065,0.06967980861663814,0.3170385777950287,0.08416786193847647,0.0344824492931366,0.12908651679754257,0.07795864343643188
1789687127.800083,traffic cone,0.4618,311,178,207,164,3.3293,3.3278,-0.32575953,0.044090167,3.313035,-0.32575953,0.07525881,3.3109467,0.2180733323097229,0.4453729972243309,0.09633538722991952,0.2167123660445213,0.44531534761190417,0.09045588970184326
1789687127.842258,traffic cone,0.3686,262,18,193,100,4.0244,4.7771,-2.2271292,0.35125282,3.333551,-2.652619,0.13237661,3.9707808,0.1773350119590762,0.0009431868791580089,0.10866644382476842,0.3656765699386595,0.4442342448979616,0.15450229644775426
1789687127.888274,truck,0.1913,2183,277,0,0,4.3895,,0.860531,-0.66757214,4.252288,nan,nan,nan,0.31826407909393317,1.307547926902771,0.3012365341186527,nan,nan,nan
1789687127.941986,traffic cone,0.8558,95,69,44,43,3.1251,3.1252,-1.9328328,0.060165152,2.454929,-1.9301931,0.11929795,2.4549975,0.10837516784667978,0.23842078596353533,0.0926294803619383,0.07955608367919931,0.23872077614068984,0.07617352008819589
1789687127.980872,traffic cone,0.8077,217,61,105,61,3.8343,3.8343,-0.8255057,0.114280164,3.7426844,-0.8255057,0.114280164,3.7426844,0.14649593830108643,0.36483802646398544,0.08819770812988281,0.14649593830108643,0.36483802646398544,0.08819770812988281
1789687128.021886,traffic cone,0.6195,180,33,76,16,3.3148,3.3075,-1.5644192,0.13935298,2.9191258,-1.5450988,0.2039308,2.9172513,0.06426420211791983,0.3174378663301468,0.08247432708740243,0.03429102897644043,0.1296776607632637,0.07739567756652832
1789687128.066243,traffic cone,0.4594,309,178,200,163,3.3313,3.3279,-0.32442665,0.07524693,3.3145618,-0.3252002,0.07525489,3.3111162,0.21782462149858475,0.44544998854398726,0.097080373764038,0.2166132807731629,0.4453750640153885,0.09290628433227521
1789687128.107690,traffic cone,0.3695,259,19,192,100,4.0276,4.7798,-2.2340481,0.35147884,3.3327498,-2.6548,0.1324263,3.9724793,0.18532140254974339,0.000948584079742465,0.11878702640533456,0.37115237712860116,0.4442857880145311,0.16458384990692165
1789687128.150776,truck,0.1928,2198,284,0,0,4.3916,,0.8602276,-0.6698185,4.254081,nan,nan,nan,0.32619019746780387,1.30873501598835,0.3042401075363159,nan,nan,nan
1789687128.215400,traffic cone,0.8547,91,69,42,42,3.1252,3.1284,-1.9323486,0.060238242,2.4554412,-1.9304825,0.11935724,2.4588022,0.1091034173965455,0.23832499533891677,0.09245738983154261,0.08303170204162602,0.23839948847889902,0.07078772783279419
1789687128.256099,traffic cone,0.8087,218,61,105,61,3.8355,3.8355,-0.8280088,0.11439386,3.7433465,-0.8280088,0.11439386,3.7433465,0.14607948064804077,0.3652501627802849,0.08191871643066406,0.14607948064804077,0.3652501627802849,0.08191871643066406
1789687128.286183,traffic cone,0.6225,184,37,76,16,3.3147,3.3107,-1.5652473,0.13772908,2.9185696,-1.5478162,0.20378764,2.9194913,0.06763730049133287,0.31751946210861204,0.07851538658142099,0.035140424966812134,0.1287064477801323,0.07504624128341675
1789687128.328406,traffic cone,0.4621,314,177,194,163,3.3290,3.3272,-0.32510623,0.012722164,3.3130803,-0.32510623,0.075365156,3.3103771,0.21703463196754458,0.44553826153278353,0.0967936038970949,0.21615433692932134,0.44551959335803987,0.08944921493530256
1789687128.371131,traffic cone,0.3721,252,18,191,100,4.0262,4.7789,-2.2289503,0.35139012,3.3345075,-2.6548333,0.13247739,3.9714408,0.17582902908325204,0.001288551092147816,0.11113249063491804,0.36887912750244123,0.444222903624177,0.15515668392181414
1789687128.414920,truck,0.1985,2199,281,0,0,4.3895,,0.86134946,-0.668079,4.2519913,nan,nan,nan,0.32899022102355957,1.3084591329097748,0.2987222671508789,nan,nan,nan
1789687128.458936,traffic cone,0.8541,96,70,46,44,3.1254,3.1259,-1.9345943,0.060139038,2.4539762,-1.9287262,0.11940329,2.4569943,0.1134954333305358,0.23843185193836688,0.09171437025070173,0.0826011180877686,0.23848185501992702,0.07066247463226327
1789687128.486163,traffic cone,0.8069,212,62,107,62,3.8350,3.8350,-0.823233,0.113533065,3.7438662,-0.823233,0.113533065,3.7438662,0.1473936975002288,0.3649899497628212,0.09083547592163077,0.1473936975002288,0.3649899497628212,0.09083547592163077
1789687128.519312,traffic cone,0.6269,186,38,77,16,3.3119,3.3104,-1.5661702,0.13809319,2.914956,-1.5468812,0.20396972,2.9195983,0.06759627461433415,0.31757175773382185,0.08725503683090219,0.0361885130405426,0.12878474593162537,0.08002269268035889
1789687128.555498,traffic cone,0.4574,303,178,210,165,3.3285,3.3287,-0.32585222,0.0440052,3.312243,-0.32659936,0.07536012,3.3117347,0.21796541661024094,0.4454928293824196,0.09824317693710327,0.2167869567871093,0.4456051647663116,0.09335250854492161
1789687128.597269,traffic cone,0.3737,250,18,192,100,4.0229,4.7771,-2.2263277,0.35126102,3.3322918,-2.654975,0.13229331,3.9691951,0.17426668405532864,0.0009711593389510886,0.11340538263320932,0.37035827636718777,0.44418523497879503,0.1636219024658203
1789687128.639787,truck,0.1932,2200,280,0,0,4.3917,,0.86004305,-0.66971767,4.254242,nan,nan,nan,0.3300404042005539,1.3092478170990944,0.29777498245239187,nan,nan,nan
1789687128.705248,traffic cone,0.8526,93,70,46,44,3.1268,3.1283,-1.933401,0.06010802,2.4566913,-1.9287512,0.119381085,2.460013,0.10963864326477046,0.23859183304011822,0.09207959175109837,0.08195685744285597,0.23861587084829808,0.0750886678695677
1789687128.733759,traffic cone,0.8096,217,62,106,62,3.8345,3.8345,-0.82584476,0.11498664,3.7427816,-0.82584476,0.11498664,3.7427816,0.1563764363527298,0.36095164231956,0.08817925453186026,0.1563764363527298,0.36095164231956,0.08817925453186026
1789687128.774413,traffic cone,0.6263,185,38,76,16,3.3152,3.3120,-1.5670712,0.13805199,2.918151,-1.5462124,0.2040984,2.9217725,0.06783140301704393,0.3174986019730568,0.08377549648284877,0.037286579608917236,0.1285235434770584,0.07771635055541992
1789687128.817418,traffic cone,0.4597,307,178,207,164,3.3288,3.3275,-0.32586217,0.04418408,3.3125167,-0.32586217,0.07545209,3.3106084,0.2177358329296112,0.4456734716892242,0.09690330028533944,0.2159851863980293,0.4455900013446808,0.09193936586380014
1789687128.859414,traffic cone,0.3757,252,18,192,100,4.0224,4.7794,-2.2264242,0.35128754,3.3316097,-2.6540256,0.13262813,3.9725468,0.1744062066078187,0.0010117143392562866,0.11339110136032104,0.37128959894180324,0.4439878955483436,0.1586525678634647
1789687128.901619,truck,0.1873,2184,275,0,0,4.3891,,0.8617013,-0.66722417,4.2516346,nan,nan,nan,0.3166610717773437,1.3072961896657944,0.29302639961242694,nan,nan,nan
1789687128.966377,traffic cone,0.8553,94,70,45,44,3.1257,3.1269,-1.9344889,0.060136624,2.4543805,-1.9295316,0.11928666,2.4576426,0.1127382636070251,0.2384494747966528,0.09119687080383265,0.08392335176467891,0.23835263401269913,0.07383788824081439
1789687129.003409,traffic cone,0.8062,217,62,106,62,3.8354,3.8354,-0.82669103,0.11505245,3.7435107,-0.82669103,0.11505245,3.7435107,0.15626037716865537,0.361186808347702,0.08426516056060818,0.15626037716865537,0.361186808347702,0.08426516056060818
1789687129.036367,traffic cone,0.6287,187,39,76,16,3.3134,3.3112,-1.5676436,0.13823886,2.9158387,-1.5465856,0.20448045,2.92065,0.06935757398605347,0.3174591526389122,0.0900249004364011,0.0347001850605011,0.12955590337514877,0.08059537410736084
1789687129.079688,traffic cone,0.4633,315,177,207,164,3.3310,3.3300,-0.3247349,0.07531507,3.314258,-0.32534945,0.07541527,3.3132117,0.21709278821945188,0.44547543227672576,0.09709529876709011,0.21665279418230057,0.4455575257539749,0.09368064403533927
1789687129.122179,traffic cone,0.3790,260,19,190,100,4.0250,4.7808,-2.2315083,0.35142452,3.331239,-2.6554594,0.13239308,3.9733293,0.18160967826843244,0.0011045157909393422,0.12501890659332293,0.369964063167572,0.444199176877737,0.1635146617889407
1789687129.160405,truck,0.1848,2193,281,0,0,4.3883,,0.8609086,-0.6676216,4.2509274,nan,nan,nan,0.33057236671447754,1.3070196956396103,0.30146217346191406,nan,nan,nan
1789687129.216621,traffic cone,0.8542,97,70,46,44,3.1239,3.1266,-1.9324838,0.06014639,2.4536412,-1.9301226,0.11932184,2.4567971,0.11353224515914917,0.23829481191933155,0.09325749874114964,0.08195035457611088,0.23860629424452784,0.06973263025283849
1789687129.259632,traffic cone,0.8034,217,63,106,63,3.8375,3.8375,-0.8269272,0.11439364,3.745577,-0.8269272,0.11439364,3.745577,0.15128157138824472,0.36457658335566523,0.09030981063842747,0.15128157138824472,0.36457658335566523,0.09030981063842747
1789687129.290932,traffic cone,0.6263,184,37,77,16,3.3156,3.3114,-1.5657239,0.13830133,2.9193597,-1.5474812,0.20427045,2.9204164,0.07008011341094966,0.3175079107284546,0.08585863113403347,0.03634259104728699,0.12894470989704132,0.07859271764755249
1789687129.333998,traffic cone,0.4665,310,176,193,163,3.3287,3.3287,-0.3251847,0.04407286,3.3125005,-0.32563508,0.07536794,3.3119168,0.2145215943455696,0.4455041289329529,0.09628117084503174,0.216623455286026,0.44546566605567933,0.09252057075500497
1789687129.373509,traffic cone,0.3684,253,18,191,99,4.0243,4.7835,-2.2263973,0.3513314,3.333854,-2.6589818,0.098105684,3.9752052,0.1760458827018736,0.0009690016508102084,0.1108046531677247,0.36597783565521214,0.4439074702560902,0.1594757080078124
1789687129.416192,truck,0.1896,2204,286,0,0,4.3910,,0.86124545,-0.66953474,4.25338,nan,nan,nan,0.3301253616809845,1.310903713107109,0.30425047874450684,nan,nan,nan
1789687129.482054,traffic cone,0.8543,94,70,45,44,3.1256,3.1279,-1.9318882,0.060128123,2.4563165,-1.928899,0.11934061,2.459446,0.10991417765617362,0.23852957822382448,0.09566012620925912,0.08538407683372484,0.2384110264480114,0.07520116567611668
1789687129.511005,traffic cone,0.8039,215,60,104,60,3.8366,3.8366,-0.824316,0.14812176,3.7440238,-0.824316,0.14812176,3.7440238,0.146108603477478,0.36517049595713613,0.08784005641937265,0.146108603477478,0.36517049595713613,0.08784005641937265
1789687129.551225,traffic cone,0.6258,184,36,76,16,3.3110,3.3079,-1.5652268,0.13874954,2.9143836,-1.5463254,0.20413609,2.91712,0.06843909621238708,0.3170020431280136,0.08361732959747314,0.03675812482833862,0.1288304179906845,0.0769835114479065
1789687129.594415,traffic cone,0.4693,311,180,194,165,3.3304,3.3297,-0.3244328,0.07536186,3.3136625,-0.32405913,0.07539716,3.313021,0.21989613473415376,0.4457408145070076,0.09574657678604126,0.2186432063579559,0.44566816091537476,0.08988466262817374
1789687129.636321,traffic cone,0.3714,254,18,193,100,4.0233,4.7801,-2.2281485,0.35120836,3.331472,-2.6551108,0.13258661,3.9726317,0.17386077642440778,0.0012877076864242776,0.11412137746810913,0.37004170417785653,0.44379687421023845,0.15850505828857475
1789687129.678632,truck,0.1917,2200,283,0,0,4.3912,,0.8605884,-0.6699326,4.2535934,nan,nan,nan,0.3310014724731445,1.3080642521381378,0.30026488304138255,nan,nan,nan
1789687129.744832,traffic cone,0.8529,98,71,46,44,3.1245,3.1271,-1.9336166,0.060087055,2.4536178,-1.9294833,0.11943798,2.4579787,0.10900640487670898,0.23848547413945198,0.0990368127822876,0.08317511677742018,0.23868519365787505,0.07205402851104736
1789687129.788518,traffic cone,0.8053,216,62,103,62,3.8352,3.8352,-0.8260423,0.114855126,3.743457,-0.8260423,0.114855126,3.743457,0.15538811981678013,0.3613224316388368,0.08824472427368146,0.15538811981678013,0.3613224316388368,0.08824472427368146
1789687129.829632,traffic cone,0.6293,186,39,75,15,3.3121,3.3104,-1.5674244,0.13825527,2.9144168,-1.5437897,0.20509869,2.9211457,0.06930265426635751,0.3174245446920395,0.08888983726501465,0.03171708583831778,0.12850750684738158,0.08085451126098642
1789687129.858199,traffic cone,0.4684,314,178,206,165,3.3312,3.3309,-0.3244748,0.044129632,3.3150735,-0.3255813,0.075455606,3.314095,0.2179354950785637,0.44566750079393386,0.09821556806564313,0.21779616177082053,0.44563772082328795,0.09441628456115714
1789687129.900272,traffic cone,0.3672,253,18,192,99,4.0246,4.7820,-2.2270806,0.3512763,3.3337972,-2.6583343,0.09843168,3.9737897,0.17665587663650495,0.0008370667695998812,0.10974568128585815,0.3645500183105468,0.4440220817923546,0.15764493942260716
1789687129.944840,truck,0.1923,2200,283,0,0,4.3934,,0.8614935,-0.6690999,4.255813,nan,nan,nan,0.32012093663215635,1.3089180499315263,0.3045947551727295,nan,nan,nan
1789687130.002555,traffic cone,0.8559,97,71,46,44,3.1253,3.1264,-1.9337803,0.060223207,2.4544053,-1.9296211,0.119246736,2.4569793,0.11200457811355591,0.2384968400001526,0.09306454658508301,0.07848141789436336,0.23868945725262167,0.07062567472457859
1789687130.038848,traffic cone,0.8058,218,62,106,62,3.8351,3.8351,-0.8260182,0.11504033,3.7433422,-0.8260182,0.11504033,3.7433422,0.15274235010147097,0.361429088935256,0.08349807262420628,0.15274235010147097,0.361429088935256,0.08349807262420628
1789687130.080032,traffic cone,0.6270,185,38,75,15,3.3138,3.3111,-1.5673635,0.13805416,2.9164648,-1.5447117,0.20518932,2.92145,0.06826898455619812,0.31767683327198026,0.08954625129699734,0.03262940645217882,0.12840335369110106,0.0775061845779419
1789687130.122411,traffic cone,0.4670,312,177,204,163,3.3294,3.3289,-0.3257973,0.07512602,3.3125815,-0.3257973,0.07552159,3.3120625,0.21261438727378837,0.44555540978908537,0.09752540588378933,0.21055625081062318,0.4455493301153183,0.09222564697265634
1789687130.164561,traffic cone,0.3731,251,18,191,99,4.0232,4.7806,-2.225834,0.3512676,3.3329701,-2.6551743,0.09824091,3.9741955,0.17564823627471915,0.0011399596929550504,0.11149456501007071,0.3672993659973147,0.44438908994197845,0.15958662033081072
1789687130.207035,truck,0.1937,2186,279,0,0,4.3915,,0.8606937,-0.6669756,4.254358,nan,nan,nan,0.31741117238998395,1.3087040036916733,0.29557795524597097,nan,nan,nan
1789687130.257261,traffic cone,0.8529,93,70,43,43,3.1256,3.1262,-1.9327323,0.060161896,2.4556441,-1.9287654,0.119202495,2.457436,0.10882139205932617,0.23853742256760596,0.09613531827926636,0.08350133895874023,0.23852015212178232,0.06463654041290301
1789687130.295222,traffic cone,0.8053,217,62,106,62,3.8355,3.8355,-0.82741416,0.11498718,3.7434402,-0.82741416,0.11498718,3.7434402,0.15503783524036396,0.36104290597140787,0.08614277839660645,0.15503783524036396,0.36104290597140787,0.08614277839660645
1789687130.340746,traffic cone,0.6257,183,36,74,15,3.3145,3.3088,-1.5645123,0.13792543,2.9187393,-1.5450915,0.20495805,2.9187608,0.06905519962310791,0.3173907473683357,0.0833442211151123,0.033989667892456055,0.12806167900562287,0.07793147563934344
1789687130.382028,traffic cone,0.4657,313,176,195,161,3.3304,3.3296,-0.32592753,0.075453,3.313548,-0.32515442,0.07549885,3.312818,0.21111194044351578,0.44573359936475754,0.09717714786529541,0.20768709480762482,0.4457007050514221,0.0891876220703125
1789687130.425301,traffic cone,0.3641,252,18,191,99,4.0248,4.7809,-2.228394,0.35145956,3.3331041,-2.6556072,0.16678786,3.9720519,0.17687659263610822,0.0010217905044556108,0.10955554246902466,0.3689575433731078,0.44362206310033797,0.16096167564392116
1789687130.471207,truck,0.1878,2190,279,0,0,4.3894,,0.8610806,-0.66687095,4.252091,nan,nan,nan,0.32217618227005007,1.3064086526632308,0.30247220993041957,nan,nan,nan
1789687130.519578,traffic cone,0.8549,93,71,44,44,3.1262,3.1255,-1.9351642,0.060234815,2.454507,-1.9286094,0.119239375,2.4566808,0.1100391149520874,0.23855432868003845,0.09395420551300049,0.08263520598411556,0.23868070729076862,0.0789785385131836
1789687130.545149,traffic cone,0.8047,210,61,105,61,3.8358,3.8358,-0.8251387,0.11355287,3.7443116,-0.8251387,0.11355287,3.7443116,0.1439308524131775,0.36494535952806473,0.08575010299682617,0.1439308524131775,0.36494535952806473,0.08575010299682617
1789687130.571135,traffic cone,0.6239,184,36,75,15,3.3171,3.3110,-1.5661986,0.13804145,2.9208546,-1.5445523,0.20478576,2.921469,0.06741642951965332,0.31742949038743973,0.08997112512588501,0.032309329509735196,0.12788962125778197,0.08135964870452872
1789687130.600130,traffic cone,0.4684,311,179,206,163,3.3324,3.3279,-0.3245747,0.07522115,3.3156571,-0.3245747,0.07522115,3.311226,0.2192836195230484,0.4455934792757034,0.09587390422821063,0.21434660255908972,0.4455773144960403,0.09190671443939191
1789687130.640700,traffic cone,0.3695,252,18,192,100,4.0229,4.7802,-2.2268248,0.35134333,3.3319318,-2.6545897,0.1324474,3.973189,0.17674089670181292,0.0007614582777023537,0.10967271327972394,0.363815999031067,0.44420231841504576,0.15555989742279008
1789687130.683643,truck,0.1899,2198,282,0,0,4.3905,,0.86082083,-0.6702744,4.252819,nan,nan,nan,0.32817468643188474,1.3080547332763672,0.29970669746398926,nan,nan,nan
1789687130.748909,traffic cone,0.8558,94,69,46,44,3.1244,3.1276,-1.9320636,0.06022775,2.4546196,-1.9303744,0.11933653,2.4578965,0.10417916774749747,0.23830631971359253,0.09831786155700684,0.08435503244400011,0.23844007067382336,0.07249037027359018
1789687130.793137,traffic cone,0.8064,209,62,106,62,3.8335,3.8335,-0.8243371,0.11369139,3.7421138,-0.8243371,0.11369139,3.7421138,0.1485481709241867,0.36516037918627264,0.08172824382781974,0.1485481709241867,0.36516037918627264,0.08172824382781974
1789687130.835977,traffic cone,0.6236,180,33,76,15,3.3151,3.3084,-1.5644746,0.13870664,2.9194622,-1.5427408,0.20510064,2.9194622,0.06448414325714102,0.3170058399438858,0.08438796997070286,0.03443838357925433,0.12825010120868682,0.07656557559967059
1789687130.880853,traffic cone,0.4645,312,178,210,163,3.3302,3.3281,-0.32499492,0.07529946,3.3134446,-0.3262726,0.07538013,3.3111982,0.2171761155128479,0.44542752504348754,0.09965217113494873,0.21499874591827395,0.4453704923391342,0.09274742603301966
1789687130.924369,traffic cone,0.3697,251,18,192,100,4.0250,4.7822,-2.227858,0.35115448,3.3337486,-2.656281,0.1325372,3.974444,0.17451642751693752,0.0009255856275558472,0.11309280395507804,0.37127540111541757,0.44414229691028595,0.16057081222534197
1789687130.967919,truck,0.1917,2198,281,0,0,4.3903,,0.86028135,-0.66769916,4.253078,nan,nan,nan,0.32665663957595825,1.3060891181230545,0.3059253692626953,nan,nan,nan
1789687131.023259,traffic cone,0.8539,95,70,44,44,3.1257,3.1274,-1.9315655,0.060168162,2.4566612,-1.9286299,0.11932558,2.4590816,0.110205125808716,0.23861294128000737,0.09366296529769924,0.08438696265220624,0.2385673001408577,0.07370433807373056
1789687131.063096,traffic cone,0.8027,211,63,106,63,3.8361,3.8361,-0.82490844,0.11451435,3.744612,-0.82490844,0.11451435,3.744612,0.15339044928550716,0.36447702199220655,0.08584232330322239,0.15339044928550716,0.36447702199220655,0.08584232330322239
1789687131.105223,traffic cone,0.6253,180,33,76,15,3.3159,3.3091,-1.5640894,0.1391311,2.9204922,-1.5423448,0.20559898,2.9204922,0.06333429813385005,0.3172647446393967,0.08488082885742188,0.031923186779022394,0.12857304513454434,0.08051126003265363
1789687131.148988,traffic cone,0.4573,310,178,208,165,3.3305,3.3288,-0.32544333,0.044085406,3.3142514,-0.3255208,0.07543424,3.312015,0.21804586499929426,0.4456195220351219,0.09641128778457642,0.21701046228408807,0.44561469554901123,0.09356069564819336
1789687131.190291,traffic cone,0.3584,252,18,190,100,4.0222,4.7804,-2.2251182,0.35145602,3.3322282,-2.6556792,0.13241233,3.9726741,0.1709396243095398,0.0014532893896103127,0.11886774301528913,0.3709010124206542,0.4441181130707264,0.1607469797134402
1789687131.229086,truck,0.1903,2189,278,0,0,4.3916,,0.86042076,-0.6680111,4.2543983,nan,nan,nan,0.3177448540925979,1.3074145331978797,0.2931783914566033,nan,nan,nan
1789687131.286973,traffic cone,0.8536,96,71,46,44,3.1241,3.1277,-1.9328535,0.06005104,2.4536293,-1.9307075,0.11952497,2.4577646,0.11175072193145752,0.2385709434747696,0.09754788875579834,0.08425750136375432,0.23854975998401642,0.07212872505188006
1789687131.330746,traffic cone,0.8028,211,62,106,62,3.8352,3.8352,-0.8261742,0.11498588,3.743364,-0.8261742,0.11498588,3.743364,0.15333522260189048,0.3615004677325487,0.08577694892883292,0.15333522260189048,0.3615004677325487,0.08577694892883292
1789687131.375490,traffic cone,0.6262,185,39,75,15,3.3097,3.3134,-1.5653813,0.1381487,2.9128084,-1.5455819,0.20540175,2.9236162,0.06807705163955702,0.3179368481040001,0.08969147205352757,0.03302470445632921,0.1286574900150299,0.07821061611175573
1789687131.421711,traffic cone,0.4644,319,178,208,164,3.3298,3.3278,-0.32531664,0.04404045,3.3135743,-0.32531664,0.075351894,3.311005,0.21784108728170395,0.4455334335565567,0.09738295078277615,0.21662435680627823,0.44548924565315245,0.09021954536438015
1789687131.468372,traffic cone,0.3645,252,18,190,99,4.0266,4.7801,-2.226952,0.35139498,3.3363245,-2.6568112,0.09803599,3.972553,0.1723644495010377,0.0010301381349563377,0.11675825119018546,0.3644891262054446,0.4442021563649177,0.15627541542053214
1789687131.514576,truck,0.1899,2186,276,0,0,4.3897,,0.8612783,-0.6587526,4.253661,nan,nan,nan,0.32066425681114197,1.3069901838898659,0.29956626892089844,nan,nan,nan
1789687131.568109,traffic cone,0.8534,93,70,45,44,3.1254,3.1260,-1.9322067,0.060229473,2.4558394,-1.9283135,0.11928864,2.4575498,0.107970094680786,0.23866976536810397,0.09137225151062012,0.08229207396507254,0.23868637047708033,0.07578018903732309
1789687131.608775,traffic cone,0.8027,210,61,105,61,3.8334,3.8334,-0.8252743,0.114424974,3.7417634,-0.8252743,0.114424974,3.7417634,0.14691340923309326,0.36470988392829895,0.09133291244506836,0.14691340923309326,0.36470988392829895,0.09133291244506836
1789687131.651896,traffic cone,0.6330,186,39,75,15,3.3121,3.3102,-1.5671209,0.13823718,2.914589,-1.5439715,0.20531353,2.9208388,0.06899689435958867,0.3172414198517799,0.08767533302307129,0.03287624120712285,0.12855586111545564,0.08038978576660183
1789687131.694961,traffic cone,0.4675,311,178,207,165,3.3289,3.3292,-0.32536575,0.043953173,3.3126926,-0.32656544,0.07538456,3.3122516,0.21857089996337895,0.44553023129701613,0.09723089933395412,0.21840828359127035,0.44551616311073305,0.09554405212402362
1789687131.736573,traffic cone,0.3621,256,19,190,100,4.0212,4.7794,-2.2303438,0.35122624,3.3275301,-2.6543214,0.13265155,3.972399,0.1866752386093138,0.0013234674930572288,0.11685428619384775,0.36971069574356097,0.4440981302410364,0.15642218589782741
1789687131.779436,truck,0.1880,2185,279,0,0,4.3901,,0.86131054,-0.66653156,4.252904,nan,nan,nan,0.3216387510299683,1.3082620978355406,0.3030652046203617,nan,nan,nan
1789687131.847176,traffic cone,0.8524,94,70,46,44,3.1244,3.1275,-1.9336524,0.06000141,2.4533663,-1.9292494,0.11925851,2.458722,0.11177008748054496,0.23845387138426305,0.09131057262420672,0.08378597497940055,0.23842349946498873,0.07810736894607562
1789687131.888872,traffic cone,0.8007,210,63,108,63,3.8348,3.8348,-0.8252949,0.11338894,3.7432594,-0.8252949,0.11338894,3.7432594,0.14543228149414056,0.36468445807695393,0.09007148742675763,0.14543228149414056,0.36468445807695393,0.09007148742675763
1789687131.914766,traffic cone,0.6331,181,33,77,15,3.3167,3.3106,-1.5639234,0.13944392,2.9214673,-1.5437098,0.20513977,2.9214673,0.06329708099365239,0.31707286536693574,0.08514518737792987,0.034586310386657715,0.12827369570732114,0.0802279949188236
1789687131.943351,traffic cone,0.4626,309,179,206,164,3.3306,3.3288,-0.32507652,0.075489536,3.3138883,-0.32520717,0.07550833,3.311992,0.22050649523735047,0.4456530541181564,0.09624402523040798,0.21649859994649887,0.4454430967569351,0.09103707075119027
1789687131.983612,traffic cone,0.3609,261,18,194,100,4.0219,4.7812,-2.2258706,0.35122716,3.3313901,-2.6555543,0.1324271,3.9736624,0.17424751520156878,0.000904434919357322,0.11373271942138663,0.36889257431030265,0.44402786977589126,0.1619035005569458
1789687132.026458,truck,0.1820,2189,279,0,0,4.3912,,0.86136353,-0.6678705,4.2537313,nan,nan,nan,0.3175200879573822,1.3075838565826416,0.29810724258422816,nan,nan,nan
1789687132.075828,traffic cone,0.8521,95,71,45,44,3.1251,3.1259,-1.9335072,0.06017247,2.4544413,-1.9278755,0.11945468,2.4576797,0.11201333999633789,0.23850030079483986,0.09454357624053955,0.08286983370780932,0.23835681863129138,0.07572959661483791
1789687132.101511,traffic cone,0.8011,211,61,107,61,3.8354,3.8354,-0.8241471,0.114093885,3.744055,-0.8241471,0.114093885,3.744055,0.1483469009399414,0.364854134619236,0.09121274948120117,0.1483469009399414,0.364854134619236,0.09121274948120117
1789687132.129285,traffic cone,0.6341,180,33,76,15,3.3148,3.3089,-1.5636708,0.13893254,2.9194968,-1.5432063,0.20537888,2.919735,0.06316115856170668,0.31700574755668637,0.08104243278503409,0.0321196675300599,0.1285813391208649,0.08036468029022226
1789687132.169892,traffic cone,0.4678,311,178,206,163,3.3299,3.3278,-0.32609987,0.07532908,3.3130002,-0.32716453,0.07538779,3.3108149,0.21915155202150344,0.4455041229724884,0.09581730365753183,0.2112391501665115,0.4454610913991928,0.09140088558197013
1789687132.211848,traffic cone,0.3556,259,18,195,101,4.0227,4.7803,-2.2262683,0.35124043,3.332035,-2.655087,0.16743149,3.9716032,0.1725395202636717,0.0010305792093276978,0.1164501667022706,0.3682527542114258,0.44407933950424194,0.16232991218566895
1789687132.254580,truck,0.1815,2189,281,0,0,4.3899,,0.8608987,-0.667034,4.2526817,nan,nan,nan,0.3215864896774292,1.3058835119009018,0.30149269104003906,nan,nan,nan
1789687132.359481,traffic cone,0.8522,95,71,44,43,3.1270,3.1280,-1.9335545,0.060174257,2.4568002,-1.9286243,0.11942425,2.4597628,0.11122435331344604,0.2384546957910061,0.09647655487060547,0.08111425638198866,0.23839178457856178,0.07218375205993643
1789687132.401406,traffic cone,0.7979,210,63,104,63,3.8350,3.8350,-0.8274469,0.11435294,3.7429643,-0.8274469,0.11435294,3.7429643,0.15231292843818667,0.36474388390779494,0.09238414764404279,0.15231292843818667,0.36474388390779494,0.09238414764404279
1789687132.431862,traffic cone,0.6283,185,38,76,15,3.3134,3.3140,-1.5665224,0.13798776,2.916378,-1.5456914,0.20463523,2.924275,0.0670150876045228,0.31800348684191704,0.09117652177810642,0.03257654905319218,0.12847914695739748,0.08568673133850124
1789687132.472981,traffic cone,0.4567,316,176,210,163,3.3311,3.3288,-0.32541433,0.044005826,3.3148623,-0.32542592,0.07541826,3.3119662,0.21529525518417358,0.44575897604227066,0.09499949216842651,0.2150733530521393,0.4457705646753311,0.09375741481780997
1789687132.514340,traffic cone,0.3612,261,19,192,101,4.0187,4.7826,-2.2290854,0.35132334,3.3253002,-2.6572318,0.1664274,3.9730015,0.18533275127410898,0.0017214179039001243,0.11908440589904767,0.3680088520050049,0.4441032260656357,0.1656780242919922
1789687132.555831,truck,0.1806,2187,278,0,0,4.3903,,0.86061984,-0.66761076,4.253003,nan,nan,nan,0.3171133577823638,1.3071183621883393,0.2950588703155521,nan,nan,nan
1789687132.631256,traffic cone,0.8546,92,69,45,44,3.1242,3.1269,-1.9303348,0.060182407,2.4557495,-1.9291557,0.11935541,2.457928,0.106714916229248,0.23862733095884323,0.09394593238830584,0.08269783258438101,0.238676892220974,0.07275950908660889
1789687132.658448,traffic cone,0.7919,210,62,105,62,3.8336,3.8336,-0.824445,0.11334054,3.742173,-0.824445,0.11334054,3.742173,0.14751443862915037,0.364423044770956,0.08726801872253409,0.14751443862915037,0.364423044770956,0.08726801872253409
1789687132.693005,traffic cone,0.6268,184,37,77,15,3.3129,3.3085,-1.5662801,0.13854283,2.9159372,-1.5442128,0.20516557,2.91879,0.07081654071807852,0.3172986924648285,0.08515758514404315,0.03332571983337407,0.12820205092430118,0.07907922267913836
1789687132.727869,traffic cone,0.4618,309,178,206,163,3.3309,3.3282,-0.3248981,0.07538016,3.3141973,-0.32536307,0.07552418,3.3113925,0.2171337604522705,0.4456790998578072,0.09612065553665161,0.21592462658882144,0.44559923410415647,0.09278388023376483
1789687132.769078,traffic cone,0.3686,253,18,194,100,4.0252,4.7820,-2.227703,0.35141098,3.334118,-2.6573057,0.13255513,3.9734485,0.17722572088241595,0.00128182470798488,0.10912272930145273,0.3723557472229002,0.44426383823156357,0.16678988933563232
1789687132.811919,truck,0.1804,2183,275,0,0,4.3889,,0.8599282,-0.6676169,4.251711,nan,nan,nan,0.3195028722286224,1.3065833538770677,0.30457258224487305,nan,nan,nan
1789687132.939882,traffic cone,0.8535,93,70,43,43,3.1248,3.1251,-1.9315875,0.06013632,2.4555392,-1.9280502,0.11925039,2.4565978,0.1103093802928925,0.2383773237466812,0.0942032456398012,0.08219603300094613,0.23833127766847612,0.06924827098846409
1789687132.984759,traffic cone,0.7931,209,61,104,61,3.8349,3.8349,-0.82668686,0.11441752,3.7429788,-0.82668686,0.11441752,3.7429788,0.1474536657333374,0.36467651277780533,0.08435678482055664,0.1474536657333374,0.36467651277780533,0.08435678482055664
1789687133.029803,traffic cone,0.6316,184,37,76,15,3.3140,3.3086,-1.5687771,0.13774538,2.9159088,-1.5446287,0.20507023,2.9187055,0.07008233070373526,0.317277517914772,0.08115143775939959,0.03248953819274902,0.12865802049636843,0.07799460887908927
1789687133.076618,traffic cone,0.4654,314,178,211,163,3.3288,3.3280,-0.32528645,0.07544862,3.312007,-0.3261389,0.075496316,3.3111336,0.21744199395179747,0.4456823572516441,0.09992618560791033,0.21584390699863437,0.44576950669288634,0.09412529468536368
1789687133.121623,traffic cone,0.3722,261,19,192,100,4.0260,4.7819,-2.2336018,0.35132447,3.3310704,-2.6553218,0.13266066,3.9746766,0.18431212902069083,0.0010061144828796276,0.12046375274658194,0.37124892473220816,0.44433439895510674,0.16079549789428693
1789687133.167480,truck,0.1736,2181,276,0,0,4.3897,,0.8615519,-0.667679,4.252196,nan,nan,nan,0.3153419494628906,1.3083796873688698,0.3038663864135742,nan,nan,nan
1789687133.222976,traffic cone,0.8530,96,72,45,44,3.1259,3.1270,-1.9338201,0.06012345,2.4551778,-1.9281352,0.11935802,2.4589,0.1155006229877471,0.23848468698561193,0.09742436408996591,0.08692969679832463,0.23849017582833765,0.07368302345275879
1789687133.263101,traffic cone,0.7945,212,62,105,62,3.8362,3.8362,-0.82580185,0.115089625,3.7444735,-0.82580185,0.115089625,3.7444735,0.15490600168704982,0.36087619103491303,0.09578104019165012,0.15490600168704982,0.36087619103491303,0.09578104019165012
1789687133.300538,traffic cone,0.6327,185,38,75,15,3.3120,3.3096,-1.566556,0.13810933,2.9148612,-1.5438588,0.204682,2.9203062,0.06905572414398198,0.3171479180455208,0.08770005702972439,0.03393620252609253,0.12776257991790774,0.07619822025299072
1789687133.329160,traffic cone,0.4627,315,177,210,163,3.3313,3.3294,-0.32530543,0.07510047,3.314562,-0.32530543,0.07535581,3.3126125,0.21243982911109915,0.44582330584526064,0.09779715538024902,0.21066968739032746,0.445757257938385,0.09211971759796134
1789687133.372556,traffic cone,0.3735,257,18,188,98,4.0238,4.7860,-2.2275472,0.3512703,3.3324978,-2.6607876,0.13286376,3.975916,0.1753881096839902,0.0006933838129043468,0.11191676855087263,0.36687825918197614,0.4441028445959091,0.1637389421463018
1789687133.413637,truck,0.1763,2191,282,0,0,4.3914,,0.8611642,-0.66782045,4.254036,nan,nan,nan,0.32088250219821934,1.3090353712439537,0.3014535188674925,nan,nan,nan
1789687133.484257,traffic cone,0.8550,96,70,46,44,3.1258,3.1274,-1.9320812,0.06025566,2.4564028,-1.9290689,0.11943628,2.4586759,0.10854307413101183,0.23855154737830164,0.0972686290740965,0.08197208046913151,0.2385554037988186,0.07668033838272059
1789687133.519701,traffic cone,0.7930,211,63,105,63,3.8364,3.8364,-0.8255683,0.11450952,3.7447302,-0.8255683,0.11450952,3.7447302,0.15544260740280147,0.3648255094885826,0.09419546127319345,0.15544260740280147,0.3648255094885826,0.09419546127319345
1789687133.562041,traffic cone,0.6380,180,33,76,15,3.3162,3.3110,-1.5640975,0.13936347,2.9208226,-1.5456649,0.20531842,2.9208226,0.06200044155120854,0.31729439198970794,0.08381762504577628,0.03267116546630855,0.128132101893425,0.07795243263244656
1789687133.604387,traffic cone,0.4583,312,178,235,171,3.3307,3.3306,-0.3259035,0.04409428,3.314377,-0.32582092,0.012621194,3.314578,0.21723760068416595,0.44588386863470075,0.09705222845077532,0.21175281703472137,0.44568707048892975,0.09535074234008789
1789687133.645768,traffic cone,0.3748,252,18,183,100,4.0226,4.7792,-2.2267063,0.35133567,3.3316703,-2.6540508,0.13240473,3.9722724,0.1758802175521854,0.0008072942495346291,0.11083987951278695,0.3699157953262331,0.4440137341618538,0.16366100311279252
1789687133.688680,truck,0.1810,2185,276,0,0,4.3929,,0.8618387,-0.667778,4.2554703,nan,nan,nan,0.3154382109642029,1.3073703348636627,0.30060040950775146,nan,nan,nan
1789687133.755893,traffic cone,0.8551,95,71,44,43,3.1250,3.1268,-1.9308333,0.060119852,2.4564602,-1.929373,0.11942005,2.4577317,0.11233639717102051,0.23875078558921814,0.09308111667633057,0.08231627941131592,0.2386551506817341,0.0700244188308714
1789687133.783937,traffic cone,0.7909,211,61,107,61,3.8347,3.8347,-0.82632184,0.11394861,3.7428305,-0.82632184,0.11394861,3.7428305,0.1444053053855896,0.3644421845674515,0.08830022811889648,0.1444053053855896,0.3644421845674515,0.08830022811889648
1789687133.823903,traffic cone,0.6367,180,33,76,15,3.3151,3.3103,-1.5628226,0.13944426,2.920332,-1.5451517,0.20529187,2.920332,0.06336505413055415,0.3168278098106384,0.08326516151428232,0.03307365179061894,0.12839616239070892,0.07773356437683088
1789687133.867576,traffic cone,0.4587,315,178,211,163,3.3298,3.3281,-0.32457578,0.075385824,3.3131194,-0.32457972,0.07528889,3.3113508,0.21986653953790664,0.4456558123230934,0.09713393449783325,0.2147795677185059,0.4454316258430481,0.08988695144653303
1789687133.909805,traffic cone,0.3737,253,18,194,100,4.0275,4.7793,-2.2289815,0.35136932,3.33602,-2.6566582,0.1328048,3.9706142,0.1759521842002867,0.00116876661777493,0.11096951961517343,0.3722983717918398,0.44426847621798515,0.16255886554718035
1789687133.952891,truck,0.1800,2185,277,0,0,4.3922,,0.86096674,-0.6674226,4.2549777,nan,nan,nan,0.3172548890113831,1.3098492920398712,0.2992214202880863,nan,nan,nan
1789687133.997685,traffic cone,0.8566,91,70,43,43,3.1260,3.1273,-1.93227,0.060223125,2.4565988,-1.9283466,0.11928901,2.4590974,0.10827061533927917,0.2389272514730692,0.09187537431716919,0.08290592432022104,0.23891607150435448,0.07208857536315882
1789687134.025497,traffic cone,0.7924,210,62,104,62,3.8323,3.8323,-0.82499444,0.11350533,3.7407608,-0.82499444,0.11350533,3.7407608,0.14505474865436552,0.36423699297010903,0.086840844154358,0.14505474865436552,0.36423699297010903,0.086840844154358
1789687134.068969,traffic cone,0.6367,180,33,77,15,3.3141,3.3077,-1.5639766,0.13896817,2.91852,-1.5431646,0.20485246,2.91852,0.06380434036254878,0.3173356264829636,0.0804896354675293,0.034748721122741744,0.128536456823349,0.07659058570861843
1789687134.113457,traffic cone,0.4568,306,177,205,163,3.3307,3.3295,-0.3249255,0.075249195,3.3139331,-0.32523432,0.07548806,3.312745,0.21589693427085874,0.4457557201385498,0.0946162700653077,0.2151523858308792,0.44581152498722076,0.08972525596618652
1789687134.157764,traffic cone,0.3764,254,18,194,101,4.0196,4.7812,-2.2241764,0.3510181,3.32968,-2.6568868,0.1671223,3.9714596,0.17339861392974854,0.0010729789733886497,0.1150071263313297,0.36873388290405273,0.443938747048378,0.16118073463439941
1789687134.204083,truck,0.1816,2185,277,0,0,4.3898,,0.86165994,-0.66683257,4.252455,nan,nan,nan,0.3149518609046936,1.3077424764633179,0.2898742675781243,nan,nan,nan
1789687134.296098,traffic cone,0.8566,96,70,46,44,3.1258,3.1270,-1.9325074,0.060163535,2.45607,-1.9296949,0.11951649,2.457633,0.11007913351058951,0.2383073315024376,0.09330898523330688,0.08464068770408617,0.23828615248203278,0.07594883441925049
1789687134.333648,traffic cone,0.7946,210,61,107,61,3.8355,3.8355,-0.8253604,0.1141098,3.7438974,-0.8253604,0.1141098,3.7438974,0.14480894804000854,0.36465076357126236,0.08682870864868164,0.14480894804000854,0.36465076357126236,0.08682870864868164
1789687134.377344,traffic cone,0.6330,181,33,76,15,3.3156,3.3127,-1.562195,0.1393965,2.9211922,-1.5445542,0.20499854,2.9234066,0.06433231830596942,0.3171828180551529,0.08280901908874494,0.03302125930786137,0.12812635600566866,0.07784097194671613
1789687134.421022,traffic cone,0.4497,298,178,232,171,3.3305,3.3304,-0.32416314,0.07553607,3.3138206,-0.32450557,0.012673974,3.3144789,0.21741939783096315,0.44555407762527466,0.09673178195953369,0.2122637778520584,0.4453698843717575,0.09491598606109619
1789687134.462114,traffic cone,0.3727,252,18,192,100,4.0256,4.7815,-2.227901,0.35144666,3.3344576,-2.655799,0.1324137,3.9738934,0.17349234819412196,0.000951564311981179,0.1151160240173339,0.368805778026581,0.4443403139710427,0.15616779327392605
1789687134.505579,truck,0.1790,2181,277,0,0,4.3916,,0.8613956,-0.6676592,4.254185,nan,nan,nan,0.31623805761337276,1.308192107081413,0.3022624015808111,nan,nan,nan
1789687134.556173,traffic cone,0.8563,96,70,46,44,3.1246,3.1288,-1.9328038,0.06007334,2.4543438,-1.9312708,0.119449496,2.458662,0.1078845679759981,0.23833549730479717,0.09551409482955941,0.0823184728622437,0.23863500431180001,0.07719541788101214
1789687134.593464,traffic cone,0.7932,212,61,106,61,3.8347,3.8347,-0.8251103,0.11396131,3.743095,-0.8251103,0.11396131,3.743095,0.14661848545074463,0.36459052562713623,0.08331298828125,0.14661848545074463,0.36459052562713623,0.08331298828125
1789687134.632395,traffic cone,0.6351,181,33,76,15,3.3177,3.3133,-1.5632006,0.1393511,2.9230244,-1.5453407,0.20526278,2.9236922,0.06296026706695557,0.3173280507326126,0.08212289810180629,0.032700967788696245,0.12842073142528534,0.07912662029266393
1789687134.663796,traffic cone,0.4488,310,178,206,163,3.3308,3.3292,-0.3245752,0.07551387,3.3140717,-0.32506603,0.07552025,3.3124337,0.21689038872718813,0.4459535270929337,0.10017240047454834,0.21537770032882694,0.44595024883747103,0.08983957767486572
1789687134.700829,traffic cone,0.3743,253,18,192,100,4.0228,4.7803,-2.2270446,0.35121602,3.3316555,-2.6537027,0.13250437,3.9738805,0.17492259740829486,0.0009532481431960838,0.11261684894561785,0.36871159076690674,0.4440909203141928,0.16252813339233407
1789687134.729958,truck,0.1803,2181,274,0,0,4.3897,,0.8620392,-0.6590212,4.2534657,nan,nan,nan,0.31583804488182066,1.306658811867237,0.2978378772735599,nan,nan,nan
1789687134.843541,traffic cone,0.8554,94,69,45,44,3.1263,3.1289,-1.933476,0.060238585,2.4559176,-1.9317224,0.11945306,2.4585164,0.1049103260040285,0.23860149681568146,0.09394044876098606,0.0842515647411346,0.2384129423648119,0.07533022165298453
1789687134.882241,traffic cone,0.7922,210,61,105,61,3.8345,3.8345,-0.8254062,0.11374259,3.742906,-0.8254062,0.11374259,3.742906,0.15015661716461182,0.3648387938737869,0.08156251907348633,0.15015661716461182,0.3648387938737869,0.08156251907348633
1789687134.924318,traffic cone,0.6364,180,33,76,15,3.3163,3.3094,-1.5648787,0.13941893,2.9205122,-1.5429696,0.20512012,2.9205122,0.06292991638183576,0.3175264537334442,0.08142676353454581,0.032380628585815474,0.12835119664669037,0.07720677852630642
1789687134.967368,traffic cone,0.4518,302,178,210,163,3.3303,3.3281,-0.3254406,0.0753416,3.3134656,-0.32687232,0.07544246,3.3111608,0.21719882190227507,0.44572300016880034,0.09695515632629403,0.21576354205608372,0.4456766963005066,0.09111225605010986
1789687135.010034,traffic cone,0.3749,254,18,194,100,4.0256,4.7825,-2.2284539,0.35128692,3.334037,-2.6563668,0.13246892,3.9746792,0.17455682754516566,0.001009434461593628,0.11315333843231201,0.3717509984970091,0.4440599728375674,0.1606906175613405
1789687135.052815,truck,0.1774,2163,274,0,0,4.3889,,0.8618056,-0.65006924,4.254059,nan,nan,nan,0.3150164902210235,1.308565552532673,0.3012447834014891,nan,nan,nan
1789687135.127639,traffic cone,0.8550,94,70,45,44,3.1255,3.1293,-1.9325643,0.060154982,2.4556317,-1.9302019,0.11931506,2.4602358,0.10795191526412973,0.23868538588285448,0.09365226030349705,0.08272922039031982,0.23868520073592664,0.07441576719284093
1789687135.173879,traffic cone,0.7908,209,61,103,61,3.8320,3.8320,-0.8233381,0.114189714,3.740752,-0.8233381,0.114189714,3.740752,0.15052396059036255,0.36464037001132965,0.08803939819335938,0.15052396059036255,0.36464037001132965,0.08803939819335938
1789687135.216123,traffic cone,0.6330,180,33,77,15,3.3171,3.3101,-1.5653491,0.13971478,2.9211307,-1.5431892,0.2058053,2.9211307,0.06368844509124738,0.3167368471622467,0.08573312759399432,0.03396708965301509,0.1279722899198532,0.0793134689331052
1789687135.259710,traffic cone,0.4496,309,178,236,172,3.3296,3.3296,-0.32646042,0.04420545,3.3132336,-0.32646042,0.012756228,3.313499,0.2180928140878677,0.4454532712697983,0.09551907777786273,0.213710232079029,0.44539764970541,0.09446221590042114
1789687135.301558,traffic cone,0.3733,254,18,195,101,4.0250,4.7854,-2.2278218,0.3513621,3.3337727,-2.6594617,0.1666762,3.9749043,0.17365881204605094,0.0012891173362731823,0.11485494375228855,0.37410616874694824,0.4438997507095337,0.16886544227600098
1789687135.340029,truck,0.1756,2157,270,0,0,4.3871,,0.86256826,-0.6500248,4.252038,nan,nan,nan,0.31579403877258294,1.307948537170887,0.2860352039337162,nan,nan,nan
1789687135.381136,traffic cone,0.8532,94,70,44,43,3.1265,3.1276,-1.9321793,0.060267523,2.4572995,-1.9292984,0.119354814,2.4587867,0.10575856566429143,0.23873519003391264,0.09631425142288208,0.07940181493759146,0.23869741186499596,0.07146599292755118
1789687135.418082,traffic cone,0.7919,209,61,104,61,3.8335,3.8335,-0.82374847,0.11312249,3.7422917,-0.82374847,0.11312249,3.7422917,0.14314234256744385,0.36442842334508896,0.08925819396972656,0.14314234256744385,0.36442842334508896,0.08925819396972656
1789687135.463764,traffic cone,0.6379,180,33,77,15,3.3132,3.3080,-1.5624722,0.13906497,2.9183788,-1.5440743,0.20429352,2.9183788,0.06211469173431383,0.31777502298355104,0.08055982589721644,0.0330613017082213,0.1286824256181717,0.07673742771148673
1789687135.509327,traffic cone,0.4505,300,176,206,163,3.3303,3.3295,-0.32653934,0.04396253,3.31395,-0.3267667,0.07545856,3.3125515,0.21504542976617813,0.44561851769685745,0.09418946504592896,0.21643085777759555,0.44570694863796234,0.09443335533142116
1789687135.554004,traffic cone,0.3663,253,18,193,101,4.0236,4.7850,-2.2263172,0.3512607,3.333117,-2.6577044,0.16681772,3.97551,0.17717967033386195,0.0007165610790252352,0.10871444940566999,0.36861157417297363,0.44399794191122055,0.16380572319030762
1789687135.599418,truck,0.1759,2160,273,0,0,4.3889,,0.8618807,-0.64932466,4.254148,nan,nan,nan,0.31411207914352424,1.3074907779693603,0.30247764587402326,nan,nan,nan
1789687135.671294,traffic cone,0.8545,98,71,44,43,3.1255,3.1285,-1.9317605,0.060200676,2.45627,-1.9292636,0.11943442,2.4599268,0.11297553777694702,0.23871643468737602,0.09327471256256104,0.08268115520477282,0.23871334120631219,0.06962180137634277
1789687135.701531,traffic cone,0.7905,212,62,106,62,3.8369,3.8369,-0.82562107,0.11376427,3.745278,-0.82562107,0.11376427,3.745278,0.14730856418609617,0.364739541709423,0.08824727535247767,0.14730856418609617,0.364739541709423,0.08824727535247767
1789687135.742427,traffic cone,0.6368,180,33,78,15,3.3178,3.3124,-1.5651498,0.13914576,2.922086,-1.5457594,0.20510623,2.9223895,0.06541962623596187,0.31693642735481264,0.08539962768554688,0.03377965688705431,0.12797740995883938,0.07739362716674769
1789687135.785846,traffic cone,0.4648,313,177,239,171,3.3290,3.3293,-0.32530606,0.01287359,3.3130636,-0.32530606,0.012640953,3.3133745,0.21544070243835445,0.4456497699022293,0.09558601379394549,0.21182695031166077,0.4454304873943329,0.09452462196350098
1789687135.826880,traffic cone,0.3653,252,18,193,101,4.0225,4.7816,-2.227148,0.35117137,3.3311615,-2.656255,0.16717216,3.9724605,0.17240906953811663,0.001012036204338096,0.11652663946151742,0.37090063095092773,0.44395555555820465,0.16179156303405762
1789687135.870577,truck,0.1734,2161,272,0,0,4.3888,,0.86192226,-0.6502471,4.2538986,nan,nan,nan,0.31368502974510193,1.3070941641926765,0.29651648998260516,nan,nan,nan
1789687135.936417,traffic cone,0.8539,96,70,45,44,3.1264,3.1271,-1.9334334,0.06014456,2.456163,-1.9285008,0.11942141,2.4586973,0.11222517490386963,0.23848409131169318,0.0910918951034545,0.08250919580459604,0.2386238157749176,0.07412494421005267
1789687135.980290,traffic cone,0.7900,211,61,106,61,3.8347,3.8347,-0.823801,0.11417438,3.7434723,-0.823801,0.11417438,3.7434723,0.14862126111984253,0.36501677334308624,0.08731794357299805,0.14862126111984253,0.36501677334308624,0.08731794357299805
1789687136.023516,traffic cone,0.6372,181,33,76,15,3.3161,3.3102,-1.5639294,0.13954218,2.9208736,-1.5439498,0.20570461,2.9208736,0.06391727924346924,0.31721361577510837,0.08197832107543945,0.03235975503921518,0.12828195393085481,0.07896935939788818
1789687136.052590,traffic cone,0.4623,305,178,211,165,3.3309,3.3301,-0.32588303,0.044099055,3.314581,-0.32658222,0.07543413,3.3131402,0.2175458371639252,0.4457199156284332,0.09616250991821307,0.21696282029151906,0.44575440287590024,0.09219107627868661
1789687136.099930,traffic cone,0.3659,252,18,193,100,4.0277,4.7802,-2.2287064,0.3514022,3.336379,-2.6537023,0.13258158,3.9737563,0.17739598751068097,0.001056915521621682,0.1088089108467103,0.37020236253738403,0.444045015051961,0.160477876663208
1789687136.143051,truck,0.1729,2162,271,0,0,4.3798,,0.86129755,-0.59629357,4.252726,nan,nan,nan,0.31068941950798035,1.3079427629709244,0.3010368347167969,nan,nan,nan
1789687136.213287,traffic cone,0.8548,98,71,48,44,3.1265,3.1296,-1.9337698,0.06012918,2.4560587,-1.9307234,0.11946225,2.4601383,0.11233288049697876,0.2384577952325344,0.09285259246826172,0.08601074814796461,0.23847705237567424,0.07715575695037868
1789687136.254781,traffic cone,0.7913,209,62,106,62,3.8369,3.8369,-0.82478786,0.113600045,3.74551,-0.82478786,0.113600045,3.74551,0.14503351449966428,0.36507328413426876,0.08603734970092747,0.14503351449966428,0.36507328413426876,0.08603734970092747
1789687136.299219,traffic cone,0.6320,181,33,77,15,3.3154,3.3101,-1.56371,0.139417,2.920171,-1.5433018,0.20545745,2.9211252,0.062422966957092374,0.3175079613924026,0.08423647880554208,0.03261200189590463,0.12852507233619692,0.07415297031402579
1789687136.343074,traffic cone,0.4655,315,179,239,173,3.3305,3.3308,-0.32477725,0.075238705,3.3137848,-0.32712108,0.012607709,3.314689,0.21975314021110534,0.44562760889530184,0.09726340770721453,0.21558857262134556,0.4455197513103485,0.09769921302795392
1789687136.387779,traffic cone,0.3678,251,18,191,100,4.0237,4.7831,-2.2257133,0.35136527,3.3335505,-2.6559389,0.13241686,3.975755,0.17512179613113377,0.0010956853628159013,0.11058743000030535,0.3707321047782899,0.4440221391618252,0.16396450996398926
1789687136.434097,truck,0.1723,2161,272,0,0,4.3837,,0.8619798,-0.62269354,4.2527275,nan,nan,nan,0.3137424856424331,1.305597370862961,0.29794354438781756,nan,nan,nan
1789687136.485940,traffic cone,0.8547,94,71,44,44,3.1257,3.1272,-1.9333149,0.060152367,2.4553967,-1.9294814,0.119362414,2.4581223,0.1135452389717102,0.23883865028619766,0.08929276466369629,0.08573924303054814,0.23874253556132316,0.07307240962982187
1789687136.513873,traffic cone,0.7940,211,61,106,61,3.8336,3.8336,-0.82514805,0.11417654,3.7420213,-0.82514805,0.11417654,3.7420213,0.14516675472259521,0.36433127522468567,0.08773326873779297,0.14516675472259521,0.36433127522468567,0.08773326873779297
1789687136.552400,traffic cone,0.6333,181,33,76,15,3.3176,3.3115,-1.563744,0.13941339,2.9226563,-1.5432223,0.20564848,2.9227312,0.061177611351013184,0.317413330078125,0.08709511756896937,0.033911716938018754,0.12792053520679475,0.08202550411224374
1789687136.598977,traffic cone,0.4677,302,178,234,171,3.3304,3.3313,-0.3256428,0.07529354,3.3136096,-0.32617503,0.01263164,3.3152554,0.2195161461830139,0.44550820291042326,0.09918991327285775,0.21005955338478088,0.4455409348011017,0.09913408756256104
1789687136.641189,traffic cone,0.3721,252,18,192,99,4.0228,4.7807,-2.2260237,0.35118535,3.332337,-2.6546652,0.16703954,3.97243,0.1772941827774046,0.0009733945131301658,0.10845946073532131,0.37160823345184335,0.4437578648328781,0.15991563796997044
1789687136.685029,truck,0.1720,2166,270,0,0,4.3852,,0.8623991,-0.62358075,4.254115,nan,nan,nan,0.307784840464592,1.307941859960556,0.292909789085388,nan,nan,nan
1789687136.731838,traffic cone,0.8536,93,70,44,44,3.1254,3.1273,-1.93192,0.06014353,2.456059,-1.930213,0.11952244,2.4575934,0.1073202013969421,0.23869048096239567,0.09279537200927734,0.08298400044441223,0.23859704472124577,0.07138639688491821
1789687136.758711,traffic cone,0.7911,212,61,107,61,3.8343,3.8343,-0.8253208,0.11369926,3.7427058,-0.8253208,0.11369926,3.7427058,0.14906609058380127,0.36481982469558716,0.08626794815063477,0.14906609058380127,0.36481982469558716,0.08626794815063477
1789687136.799729,traffic cone,0.6308,180,33,76,15,3.3163,3.3099,-1.5646036,0.13934693,2.9207282,-1.5435196,0.20511007,2.9207282,0.06350574493408212,0.31731520891189574,0.07999300956726074,0.0339635252952577,0.12840462327003477,0.07969100475311253
1789687136.845479,traffic cone,0.4736,309,179,235,173,3.3310,3.3307,-0.32619065,0.07541013,3.3140845,-0.32741812,0.012794584,3.314498,0.21826095283031463,0.44574916660785674,0.09588849544525146,0.21481083631515507,0.4455831289291382,0.09633111953735352
1789687136.893456,traffic cone,0.3701,253,18,193,100,4.0242,4.7805,-2.2265384,0.35159117,3.3335862,-2.6559522,0.1328077,3.972529,0.177242136001587,0.0009985178709030484,0.10910464525222752,0.37063151597976685,0.44412258416414263,0.1609889268875122
1789687136.938905,truck,0.1703,2171,269,0,0,4.3900,,0.8625036,-0.6499099,4.255115,nan,nan,nan,0.3109367012977601,1.307304972410202,0.2808743476867672,nan,nan,nan
1789687137.040167,traffic cone,0.8540,97,71,45,43,3.1264,3.1299,-1.9317888,0.059995115,2.4574938,-1.9302009,0.1192331,2.4609568,0.11118322610855103,0.23874914273619652,0.09292435646057129,0.08301259279251094,0.2387727066874504,0.06820032596588144
1789687137.088197,traffic cone,0.7898,209,61,103,61,3.8371,3.8371,-0.82639635,0.114179164,3.74529,-0.82639635,0.114179164,3.74529,0.14630204439163208,0.36473287642002106,0.08064079284667969,0.14630204439163208,0.36473287642002106,0.08064079284667969
1789687137.128185,traffic cone,0.6253,175,33,76,15,3.3135,3.3080,-1.5647529,0.13942137,2.9174151,-1.5443376,0.20471957,2.918246,0.06293275356292738,0.3173380494117737,0.08385000228881845,0.033242678642272816,0.12871559560298917,0.07566015720367458
1789687137.172774,traffic cone,0.4834,311,176,234,171,3.3296,3.3295,-0.32682383,0.044042036,3.3132682,-0.32749754,0.012720764,3.313344,0.21166615933179855,0.44581303745508194,0.09528487920761108,0.20887519419193268,0.445854976773262,0.09636104106903076
1789687137.216484,traffic cone,0.3682,251,18,191,100,4.0244,4.7830,-2.22684,0.3512281,3.3336492,-2.6563451,0.16714804,3.9740396,0.1735149264335636,0.0009890556335449552,0.11481424570083609,0.37000367641448983,0.4436854276806116,0.15939605236053422
1789687137.259798,truck,0.1724,2168,274,0,0,4.3913,,0.86184335,-0.6592163,4.25515,nan,nan,nan,0.30901892185211177,1.3085258558392523,0.30111227035522425,nan,nan,nan
1789687137.309983,traffic cone,0.8546,97,71,44,44,3.1266,3.1290,-1.9316299,0.06022191,2.457822,-1.9303519,0.11953588,2.4597125,0.11311417818069458,0.23876402899622917,0.09321820735931396,0.08461868166923514,0.23860191740095615,0.0762597084045411
1789687137.347691,traffic cone,0.7868,209,61,106,61,3.8358,3.8358,-0.82469434,0.113756955,3.7444053,-0.82469434,0.113756955,3.7444053,0.1462419033050537,0.3653412237763405,0.08160400390625,0.1462419033050537,0.3653412237763405,0.08160400390625
1789687137.390645,traffic cone,0.6232,180,33,76,15,3.3167,3.3102,-1.5652908,0.13946053,2.920757,-1.5443516,0.20471904,2.920757,0.06453335285186768,0.3171668261289597,0.07969646453857404,0.03279684782028203,0.12847003638744353,0.07343173027038574
1789687137.416872,traffic cone,0.4844,315,178,237,171,3.3305,3.3299,-0.32649797,0.07534163,3.3135853,-0.3272599,0.012794435,3.313794,0.21849643588066103,0.4454499661922455,0.09658067226409894,0.20940004289150238,0.4454633593559265,0.09506356716156006
1789687137.444438,traffic cone,0.3670,253,18,193,100,4.0239,4.7833,-2.2264152,0.35122535,3.3334131,-2.6552267,0.16753288,3.975152,0.17680165767669687,0.001092645525932301,0.10967392921447727,0.37008250951766986,0.4437799844890833,0.1535207509994505
1789687137.486293,truck,0.1717,2163,269,0,0,4.3810,,0.863135,-0.59596777,4.2535744,nan,nan,nan,0.3058626651763916,1.308581119775772,0.28314437866210973,nan,nan,nan
1789687137.567582,traffic cone,0.8569,95,69,45,44,3.1269,3.1274,-1.9335852,0.06021546,2.4566255,-1.9306054,0.11936733,2.4575272,0.10919418334960929,0.2383826240897179,0.09017219543457022,0.0828364133834838,0.23844099305570127,0.07674126625061017
1789687137.605575,traffic cone,0.7882,209,60,105,60,3.8352,3.8352,-0.82359934,0.11353025,3.7439911,-0.82359934,0.11353025,3.7439911,0.14211159944534302,0.36474378332495694,0.08422114849090567,0.14211159944534302,0.36474378332495694,0.08422114849090567
1789687137.634120,traffic cone,0.6304,174,33,75,15,3.3159,3.3100,-1.5643061,0.13963112,2.9203453,-1.5441488,0.20563021,2.9204748,0.06211514472961421,0.31749742925167085,0.08458404541015607,0.03329589366912833,0.12806753814220426,0.07916169166564924
1789687137.675631,traffic cone,0.4843,313,178,238,172,3.3303,3.3301,-0.32624465,0.044207938,3.313971,-0.32624465,0.012784056,3.3141046,0.21788821071386338,0.44582416862249374,0.10152237415313747,0.21404036432504647,0.44563389718532564,0.10101063251495335
1789687137.717460,traffic cone,0.3726,254,18,193,100,4.0261,4.7836,-2.2283301,0.35138938,3.3346906,-2.658132,0.1326775,3.9749167,0.17465496063232422,0.0009424805641174427,0.11308753490447998,0.3728086590766906,0.4441868010908365,0.1616721391677851
1789687137.760377,truck,0.1728,2171,274,0,0,4.3911,,0.86227787,-0.6498104,4.256279,nan,nan,nan,0.3149023681879043,1.3081358671188354,0.30392682552337646,nan,nan,nan
1789687137.842882,traffic cone,0.8545,95,71,44,44,3.1282,3.1290,-1.9335147,0.060092315,2.4583,-1.9313829,0.11942203,2.4588385,0.11055493354797363,0.2385505884885788,0.09456539154052734,0.08378313779830937,0.23854360915720463,0.07324376106262198
1789687137.880646,traffic cone,0.7876,209,61,104,61,3.8359,3.8359,-0.8222449,0.11324404,3.7450237,-0.8222449,0.11324404,3.7450237,0.14072060585021973,0.3647770881652832,0.08556461334228516,0.14072060585021973,0.3647770881652832,0.08556461334228516
1789687137.922076,traffic cone,0.6269,174,33,77,15,3.3154,3.3094,-1.5648599,0.13916866,2.9195194,-1.5447918,0.20495953,2.9195194,0.06443495750427264,0.31702137887477877,0.07690286636352539,0.033593821525573775,0.12819976508617403,0.07367086410522461
1789687137.969752,traffic cone,0.4812,310,178,234,171,3.3318,3.3313,-0.3255287,0.0755142,3.3150394,-0.32669806,0.012692273,3.3151784,0.21779213100671768,0.44568872153759004,0.09671139717102051,0.21140214800834656,0.4457833915948868,0.09655284881591797
1789687138.014636,traffic cone,0.3792,254,18,194,100,4.0241,4.7817,-2.2269752,0.3512567,3.3332453,-2.656361,0.13268086,3.9737506,0.17655450105667114,0.0009219199419021606,0.11007709503173801,0.37305593490600586,0.4439264271408319,0.16567623615264893
1789687138.060561,truck,0.1699,2169,271,0,0,4.3816,,0.8624209,-0.5961494,4.2543225,nan,nan,nan,0.3068717122077942,1.3090598285198212,0.2836143970489502,nan,nan,nan
1789687138.114254,traffic cone,0.8545,94,72,45,44,3.1250,3.1280,-1.9334534,0.060244627,2.454319,-1.9300088,0.11940928,2.4586463,0.11322762370109563,0.23863273933529855,0.09664766788482648,0.08591256141662607,0.23857465907931327,0.07415162324905378
1789687138.141628,traffic cone,0.7892,212,61,105,61,3.8350,3.8350,-0.8246506,0.11393529,3.7435617,-0.8246506,0.11393529,3.7435617,0.14317119121551514,0.36503197997808456,0.08542394638061523,0.14317119121551514,0.36503197997808456,0.08542394638061523
1789687138.170245,traffic cone,0.6283,182,39,75,15,3.3118,3.3082,-1.5691072,0.13819513,2.9131951,-1.5447012,0.20499265,2.9182115,0.06933931112289438,0.316955628991127,0.08931386470794678,0.03391819000244123,0.1281965315341949,0.07572581768035924
1789687138.210023,traffic cone,0.4762,300,178,238,174,3.3296,3.3298,-0.32555896,0.04423628,3.3133569,-0.32555896,0.012931615,3.3138366,0.21879376322031022,0.44568933695554735,0.09881672859191903,0.21546406745910643,0.4456174522638321,0.0992323398590087
1789687138.251506,traffic cone,0.3770,253,18,192,100,4.0264,4.7815,-2.2277596,0.35129553,3.3354661,-2.6561346,0.13277952,3.9737182,0.17564598321914682,0.0011261850595474243,0.11136522293090856,0.3699271321296691,0.44402600601315495,0.1545855045318607
1789687138.294611,truck,0.1699,2170,274,0,0,4.3865,,0.86206204,-0.62355876,4.255474,nan,nan,nan,0.3086651027202606,1.3076853841543197,0.2956890344619749,nan,nan,nan
1789687138.419305,traffic cone,0.8544,95,71,45,44,3.1258,3.1276,-1.9347668,0.06041506,2.4543471,-1.9286758,0.119337335,2.4592228,0.10700482130050659,0.23863071203231812,0.09818780422210693,0.08387846946716304,0.23861502185463906,0.07682430744171143
1789687138.444943,traffic cone,0.7894,212,61,104,61,3.8353,3.8353,-0.8245399,0.11435741,3.7438598,-0.8245399,0.11435741,3.7438598,0.14744073152542114,0.3650960251688957,0.09129524230957031,0.14744073152542114,0.3650960251688957,0.09129524230957031
1789687138.470674,traffic cone,0.6219,184,38,75,15,3.3147,3.3099,-1.567709,0.13803115,2.9172955,-1.5444572,0.20584598,2.9202445,0.06872486472129813,0.3175633855164051,0.08481491804122898,0.03003194332122816,0.12838707864284518,0.08262834548950204
1789687138.506832,traffic cone,0.4767,313,178,208,164,3.3306,3.3295,-0.32552898,0.07534611,3.3138185,-0.32491714,0.07540654,3.3127813,0.21762066781520842,0.4456305935978889,0.09924930334091187,0.21664137989282603,0.4455424457788467,0.09403076171874991
1789687138.538465,traffic cone,0.3771,252,18,184,101,4.0241,4.7807,-2.2288132,0.3513614,3.3320363,-2.6548238,0.16716918,3.972311,0.17441293001174962,0.00108298659324646,0.11349748373031598,0.3670356273651123,0.4442755728960037,0.15931129455566406
1789687138.580285,truck,0.1597,2144,267,0,0,4.3798,,0.8628547,-0.5954071,4.2524614,nan,nan,nan,0.2987425208091735,1.3063237816095352,0.27681508064270055,nan,nan,nan
1789687138.704629,traffic cone,0.8567,91,70,44,44,3.1260,3.1282,-1.9326079,0.060289368,2.4563222,-1.9297659,0.11939448,2.4591908,0.10590831637382503,0.23858096040785312,0.09807717800140381,0.08304907679557805,0.2385703209787607,0.07116583585739145
1789687138.735981,traffic cone,0.7905,209,60,103,60,3.8342,3.8342,-0.82419753,0.11378248,3.7428505,-0.82419753,0.11378248,3.7428505,0.1413338363170623,0.36532971337437625,0.08512663841247559,0.1413338363170623,0.36532971337437625,0.08512663841247559
1789687138.777117,traffic cone,0.6257,179,37,76,15,3.3130,3.3071,-1.565789,0.13803743,2.9163468,-1.5443621,0.20537959,2.9171705,0.07185564041137704,0.31704031229019164,0.08136639595031747,0.03367589712142949,0.12831221520900724,0.07505881786346436
1789687138.814450,traffic cone,0.4804,309,177,207,163,3.3296,3.3289,-0.3262202,0.07541062,3.3127248,-0.3262202,0.07541452,3.3120303,0.2168954938650131,0.4457865864038467,0.09614849090576172,0.21598256528377532,0.44573443233966825,0.0922893524169921
1789687138.841977,traffic cone,0.3794,252,18,194,101,4.0223,4.7824,-2.226275,0.35133973,3.331554,-2.6570895,0.16668971,3.9728796,0.17443497180938694,0.0008307904005050437,0.1133026599884035,0.3717057704925537,0.4442034512758255,0.16304802894592285
1789687138.870592,truck,0.1626,2156,270,0,0,4.3818,,0.8630016,-0.5961709,4.2544365,nan,nan,nan,0.3003970742225647,1.3097644940018656,0.26937952041625923,nan,nan,nan
1789687138.996789,traffic cone,0.8547,96,71,45,43,3.1259,3.1269,-1.9315357,0.06013632,2.4570246,-1.9290357,0.11933021,2.4580336,0.11105895042419434,0.23870184645056725,0.0966576337814331,0.08538818359375,0.23868617266416547,0.07000050544738778
1789687139.025010,traffic cone,0.7900,212,62,104,62,3.8361,3.8361,-0.82775956,0.115068585,3.74401,-0.82775956,0.115068585,3.74401,0.15353332459926605,0.3612956684082746,0.07908675670623744,0.15353332459926605,0.3612956684082746,0.07908675670623744
1789687139.065036,traffic cone,0.6249,180,38,75,15,3.3147,3.3093,-1.5679272,0.138103,2.9171689,-1.5457134,0.20471026,2.918976,0.07196887731552115,0.31708170324563983,0.08804159164428693,0.03283488750457764,0.1280655086040497,0.08268332481384277
1789687139.107609,traffic cone,0.4869,313,175,238,170,3.3290,3.3284,-0.32571775,0.07553239,3.3121755,-0.3258991,0.012783207,3.312346,0.21135023236274708,0.4454944431781769,0.09742844104766846,0.20904024690389628,0.4455009251832962,0.09758046865463221
1789687139.149083,traffic cone,0.3841,257,18,195,100,4.0237,4.7824,-2.2263997,0.35125998,3.3331523,-2.6536088,0.16740105,3.975188,0.1788608908653262,0.0008723556995391957,0.10617893934249878,0.3711341500282286,0.4438118420541286,0.16511490345001256
1789687139.191363,truck,0.1642,2155,268,0,0,4.3781,,0.86328524,-0.5953132,4.250679,nan,nan,nan,0.3000856876373291,1.307653468847275,0.27437815666198695,nan,nan,nan
1789687139.257949,traffic cone,0.8539,97,72,44,44,3.1258,3.1288,-1.9343113,0.0602545,2.4546297,-1.9294584,0.11945048,2.4602044,0.11268185377120976,0.23870793990790845,0.0965151548385621,0.08421992063522343,0.23856675215065481,0.07421963214874294
1789687139.301450,traffic cone,0.7889,210,62,104,62,3.8366,3.8366,-0.8254785,0.11352135,3.7450728,-0.8254785,0.11352135,3.7450728,0.14491746127605443,0.3648239903151989,0.08959102630615234,0.14491746127605443,0.3648239903151989,0.08959102630615234
1789687139.346709,traffic cone,0.6251,179,37,77,15,3.3136,3.3075,-1.565242,0.13857703,2.9173317,-1.5440986,0.20511718,2.9177308,0.06936044692993182,0.31708178520202634,0.0851566314697263,0.032597804069519176,0.1279674679040909,0.07977128028869629
1789687139.391510,traffic cone,0.4883,312,179,235,172,3.3304,3.3300,-0.3243133,0.07545154,3.3137488,-0.32660097,0.01290869,3.3139048,0.2192435652017593,0.4456705659627914,0.09711151123046902,0.21335784494876855,0.4456227868795395,0.09640061855316162
1789687139.434298,traffic cone,0.3826,255,18,189,101,4.0257,4.7844,-2.2281365,0.35125238,3.334447,-2.6573858,0.16685654,3.974997,0.17430611848831168,0.0006449431180953757,0.11359813213348424,0.3763127326965332,0.44413449615240097,0.16106843948364258
1789687139.478324,truck,0.1663,2155,268,0,0,4.3803,,0.8630121,-0.5944351,4.253154,nan,nan,nan,0.3017122149467468,1.307104930281639,0.2803191184997553,nan,nan,nan
1789687139.519522,traffic cone,0.8538,94,69,45,44,3.1259,3.1280,-1.9331295,0.06022148,2.4557624,-1.930147,0.1195291,2.458556,0.11051442623138419,0.23859255462884904,0.09045128822326642,0.08145483136177067,0.23889397829771042,0.07490938901901245
1789687139.558852,traffic cone,0.7897,211,61,106,61,3.8353,3.8353,-0.8248779,0.113934904,3.7438598,-0.8248779,0.113934904,3.7438598,0.14869099855422974,0.36528513580560684,0.0872812271118164,0.14869099855422974,0.36528513580560684,0.0872812271118164
1789687139.601166,traffic cone,0.6255,180,39,75,15,3.3113,3.3119,-1.5671701,0.13843569,2.9136329,-1.5451702,0.20553884,2.9221075,0.07359545230865483,0.31657524704933165,0.0901520013809205,0.03318508863449088,0.12846810221672056,0.07966043949127188
1789687139.645297,traffic cone,0.4822,312,176,237,171,3.3304,3.3313,-0.32610226,0.07537232,3.3135748,-0.32619664,0.012932122,3.3152702,0.21363267302513123,0.44568006694316864,0.1000639796257019,0.21200866997241974,0.44561469554901123,0.10045158863067627
1789687139.684596,traffic cone,0.3828,254,18,193,100,4.0233,4.7777,-2.22505,0.35132843,3.3336058,-2.6525283,0.13256836,3.9715388,0.1751201272010805,0.0009667009115219005,0.11225345134735099,0.37041945457458514,0.4439655505120754,0.16389200687408412
1789687139.727633,truck,0.1675,2151,266,0,0,4.3800,,0.86348724,-0.5943371,4.252713,nan,nan,nan,0.3035532534122467,1.306081399321556,0.2592424154281616,nan,nan,nan
1789687139.789556,traffic cone,0.8516,94,69,46,44,3.1271,3.1279,-1.9351633,0.06020476,2.4556508,-1.9305309,0.11940466,2.4581184,0.1097431898117065,0.23877759873867035,0.09344964027404767,0.0851284205913545,0.23880064897239206,0.07581498622894278
1789687139.818853,traffic cone,0.7887,205,62,106,62,3.8359,3.8359,-0.8233168,0.11381142,3.7447386,-0.8233168,0.11381142,3.7447386,0.1466570496559143,0.3646581966429949,0.09309048652648899,0.1466570496559143,0.3646581966429949,0.09309048652648899
1789687139.859454,traffic cone,0.6255,181,39,77,15,3.3141,3.3120,-1.5675834,0.13852766,2.9165819,-1.5444008,0.20566705,2.9226022,0.07069683074951172,0.31718804091215136,0.08903789520263672,0.033170783519744784,0.12834340035915376,0.07680268287658665
1789687139.901910,traffic cone,0.4780,309,177,236,172,3.3313,3.3317,-0.32584345,0.075484484,3.3144739,-0.3261927,0.012785882,3.3156376,0.21632486581802368,0.4456726998090744,0.09771466255187988,0.21419364064931865,0.44563962519168854,0.09859859943389893
1789687139.943660,traffic cone,0.3830,253,18,187,100,4.0247,4.7817,-2.2268777,0.35152873,3.334069,-2.656966,0.13264644,3.9734066,0.17392553091049212,0.0006775856018066406,0.1143531560897828,0.3713068127632142,0.4443372916430235,0.1620145559310915
1789687139.986925,truck,0.1650,2158,267,0,0,4.3801,,0.8623859,-0.59608406,4.2528048,nan,nan,nan,0.299773508310318,1.3063909411430359,0.26874790191650355,nan,nan,nan
1789687140.048351,traffic cone,0.8529,95,71,46,44,3.1292,3.1281,-1.9338163,0.060228437,2.4593372,-1.9283569,0.11949642,2.4600928,0.1122969388961792,0.23866285383701324,0.09312272071838379,0.08379585146903978,0.2385609108954668,0.07508151531219465
1789687140.076210,traffic cone,0.7898,206,61,106,61,3.8361,3.8361,-0.8254554,0.114449695,3.7444854,-0.8254554,0.114449695,3.7444854,0.14685869216918945,0.36473965644836426,0.0876312255859375,0.14685869216918945,0.36473965644836426,0.0876312255859375
1789687140.116963,traffic cone,0.6319,181,38,74,14,3.3125,3.3097,-1.5660422,0.13810137,2.9156775,-1.5434072,0.23372042,2.9184346,0.06972193717956543,0.3169236227869987,0.08383759260177603,0.033645492792129694,0.12640526592731474,0.08101106882095355
1789687140.154375,traffic cone,0.4717,297,179,231,173,3.3300,3.3293,-0.3248616,0.07543205,3.3132486,-0.32460377,0.012782887,3.3133686,0.2199905753135681,0.4457600861787796,0.09591352939605713,0.21707628369331358,0.44551431238651273,0.09469370841979963
1789687140.183505,traffic cone,0.3793,253,18,186,100,4.0233,4.7797,-2.227997,0.35123882,3.3316605,-2.6535783,0.13272661,3.9732707,0.1748693585395813,0.0008856236934661754,0.11272441148757917,0.372535765171051,0.44410054124891757,0.16192340850830078
1789687140.226582,truck,0.1686,2158,273,0,0,4.3896,,0.8613844,-0.65063083,4.254802,nan,nan,nan,0.3111871004104615,1.3079320937395096,0.30568981170654297,nan,nan,nan
1789687140.304224,traffic cone,0.8501,93,69,45,44,3.1268,3.1288,-1.9321917,0.06016016,2.457616,-1.9296886,0.11936401,2.460019,0.10627024173736577,0.23850308656692504,0.09453377723693857,0.08236050605773926,0.23881030641496181,0.0771761178970336
1789687140.341713,traffic cone,0.7896,204,61,103,61,3.8356,3.8356,-0.823397,0.11320856,3.7444835,-0.823397,0.11320856,3.7444835,0.1397029161453247,0.3648193031549454,0.08774852752685547,0.1397029161453247,0.3648193031549454,0.08774852752685547
1789687140.387299,traffic cone,0.6364,179,37,76,14,3.3159,3.3122,-1.5672851,0.13825437,2.9188516,-1.5431936,0.23376952,2.9214509,0.06983668804168697,0.31757683455944063,0.08303403854370117,0.03254565000534049,0.1272433772683144,0.07968460321426374
1789687140.432044,traffic cone,0.4781,308,177,233,171,3.3326,3.3323,-0.32678485,0.075540274,3.3156593,-0.32678485,0.0127091855,3.3162436,0.21699346303939818,0.44578840136528014,0.09905376434326163,0.21309389173984528,0.4455961287021637,0.09820711612701416
1789687140.474966,traffic cone,0.3771,250,18,183,100,4.0214,4.7841,-2.2257507,0.35129273,3.330855,-2.6578174,0.13286433,3.9756505,0.1771914601325988,0.001010456681251548,0.10886858701705915,0.37021689414978054,0.4440960343927145,0.16463189125061017
1789687140.521821,truck,0.1636,2156,271,0,0,4.3821,,0.86201894,-0.5963154,4.254909,nan,nan,nan,0.30659937858581543,1.307986781001091,0.28810620307922363,nan,nan,nan
1789687140.579645,traffic cone,0.8506,95,71,45,44,3.1274,3.1280,-1.933845,0.060272545,2.45702,-1.9298762,0.11941841,2.4588442,0.1114422082901001,0.23854462057352066,0.0968484878540039,0.08593025803565979,0.2386787202209234,0.07631815671920794
1789687140.617619,traffic cone,0.7895,205,61,104,61,3.8344,3.8344,-0.8262416,0.11423737,3.742615,-0.8262416,0.11423737,3.742615,0.14409267902374268,0.3649178743362427,0.0858306884765625,0.14409267902374268,0.3649178743362427,0.0858306884765625
1789687140.644164,traffic cone,0.6310,180,39,76,15,3.3169,3.3129,-1.5688393,0.1388833,2.9191482,-1.5449162,0.20479214,2.9234304,0.07025831937789917,0.317218291759491,0.08903176784515354,0.032764983177185014,0.1284466236829758,0.07751455307006827
1789687140.668958,traffic cone,0.4686,309,177,234,172,3.3322,3.3329,-0.32418177,0.075405955,3.3154984,-0.3256514,0.012818143,3.316906,0.21747187972068785,0.4457682132720947,0.09643445014953622,0.21455703526735298,0.44550502151250837,0.09720168113708505
1789687140.692661,traffic cone,0.3754,253,18,186,100,4.0245,4.7803,-2.2265167,0.35108903,3.33412,-2.6543884,0.13280971,3.9734235,0.17508429288864136,0.0009474813938140647,0.1124077081680297,0.36827042102813756,0.44419402517378326,0.1580267190933231
1789687140.719852,truck,0.1653,2158,273,0,0,4.3923,,0.86199474,-0.6507438,4.2574377,nan,nan,nan,0.30925198793411246,1.3075676083564758,0.3002586364746094,nan,nan,nan
1789687140.876082,traffic cone,0.8510,90,70,45,44,3.1261,3.1296,-1.9322667,0.06029114,2.4566581,-1.9311326,0.119498864,2.4598517,0.10717809200286865,0.23868069872260095,0.09763758182525661,0.08235580921173091,0.23873790949583054,0.0802645444869996
1789687140.902510,traffic cone,0.7871,203,62,106,62,3.8337,3.8337,-0.8236247,0.11379984,3.742468,-0.8236247,0.11379984,3.742468,0.14776000380516052,0.3650694161653519,0.0915337562561036,0.14776000380516052,0.3650694161653519,0.0915337562561036
1789687140.931189,traffic cone,0.6360,182,39,75,14,3.3111,3.3110,-1.5678018,0.13879554,2.9131021,-1.5428908,0.23354217,2.9202375,0.06958931684494019,0.3172330394387245,0.0848120689392089,0.032490658760070845,0.1274708852171898,0.07877941131591815
1789687140.970906,traffic cone,0.4716,310,178,239,173,3.3299,3.3306,-0.32587963,0.044146627,3.3136463,-0.32638183,0.012752071,3.3145094,0.2168252378702164,0.4456969529390335,0.0988002538681032,0.2153992295265198,0.44554169476032257,0.09927005767822283
1789687141.012433,traffic cone,0.3743,254,18,187,100,4.0248,4.7835,-2.2258654,0.35132915,3.3348548,-2.6565032,0.13235897,3.9757895,0.17668920755386353,0.0007720351219177024,0.10975487232208225,0.3699737787246704,0.4439947918057442,0.1585219621658327
1789687141.054758,truck,0.1671,2166,269,0,0,4.3831,,0.86379564,-0.59642935,4.255502,nan,nan,nan,0.3060449600219727,1.3071175426244737,0.27876119613647443,nan,nan,nan
1789687141.181266,traffic cone,0.8510,95,70,44,43,3.1257,3.1269,-1.9325432,0.06013889,2.4559178,-1.9292039,0.11937103,2.4579723,0.1116556882858275,0.23855687938630582,0.0906983256340026,0.08328465223312387,0.23849808499217034,0.06739964485168448
1789687141.231824,traffic cone,0.7932,205,62,105,62,3.8367,3.8367,-0.8247879,0.11374986,3.745228,-0.8247879,0.11374986,3.745228,0.14554502069950104,0.3644028380513191,0.08769159317016628,0.14554502069950104,0.3644028380513191,0.08769159317016628
1789687141.277849,traffic cone,0.6382,179,37,76,14,3.3141,3.3110,-1.5678647,0.13750038,2.916532,-1.5453926,0.23331289,2.9189644,0.06961164474487314,0.31717421412467955,0.08141403198242214,0.033034712076187134,0.1266836106777191,0.07977715730667123
1789687141.320757,traffic cone,0.4757,311,176,237,171,3.3307,3.3306,-0.32546836,0.044239208,3.3145022,-0.32539755,0.012757361,3.3146076,0.21393249928951263,0.44565345346927643,0.09539800882339478,0.2096746265888214,0.4455757290124893,0.09404611587524414
1789687141.363331,traffic cone,0.3723,255,18,188,101,4.0239,4.7851,-2.227755,0.35120574,3.3325238,-2.6552403,0.16703194,3.9772606,0.17363204956054723,0.0008060157299041859,0.11469616889953604,0.36750054359436035,0.44414912164211273,0.16085481643676758
1789687141.409501,truck,0.1681,2162,273,0,0,4.3817,,0.861866,-0.596914,4.254399,nan,nan,nan,0.31428064107894893,1.309045398235321,0.295234966278076,nan,nan,nan
1789687141.471682,traffic cone,0.8508,94,70,45,44,3.1259,3.1272,-1.9319009,0.0602173,2.4567475,-1.9300239,0.119441286,2.4576793,0.10732609033584595,0.23877028860151767,0.0925463914871214,0.08335181474685682,0.2387737613171339,0.07518148422241211
1789687141.512668,traffic cone,0.7942,205,61,104,61,3.8352,3.8352,-0.8268794,0.114385605,3.7432432,-0.8268794,0.114385605,3.7432432,0.14823544025421143,0.3647487461566925,0.08221006393432617,0.14823544025421143,0.3647487461566925,0.08221006393432617
1789687141.537960,traffic cone,0.6381,180,38,75,14,3.3143,3.3119,-1.568427,0.13822171,2.9163947,-1.543627,0.23357067,2.9208899,0.07001346945762621,0.3174886040389538,0.08507645130157471,0.033476132154464766,0.12732994109392168,0.07825801372528085
1789687141.566745,traffic cone,0.4752,301,177,234,172,3.3308,3.3302,-0.32566452,0.07550216,3.3140087,-0.32512683,0.012919888,3.3142645,0.21784854233264925,0.4459003984928131,0.09660177230834943,0.21326618641614906,0.4457341179251671,0.09559884071350089
1789687141.609967,traffic cone,0.3688,252,18,186,101,4.0226,4.7823,-2.2262206,0.35141185,3.3318791,-2.6557546,0.16725922,3.9736419,0.1759278416633605,0.0009017348289490079,0.11125643253326434,0.3714869022369385,0.4440777078270912,0.15956640243530273
1789687141.653773,truck,0.1686,2158,273,0,0,4.3895,,0.8616091,-0.64926624,4.2548466,nan,nan,nan,0.31387341022491455,1.3071487069129946,0.29951353073120046,nan,nan,nan
1789687141.720043,traffic cone,0.8531,96,71,45,43,3.1283,3.1288,-1.9337312,0.0602341,2.4583192,-1.9300596,0.119402245,2.4597194,0.11255031824111938,0.2386099025607109,0.09495389461517334,0.08275203704833989,0.23862336277961732,0.07012319564819336
1789687141.762492,traffic cone,0.7935,205,62,105,62,3.8376,3.8376,-0.82759583,0.115071654,3.7455406,-0.82759583,0.115071654,3.7455406,0.15592749416828156,0.361014261841774,0.08753893375396737,0.15592749416828156,0.361014261841774,0.08753893375396737
1789687141.809561,traffic cone,0.6404,181,38,75,14,3.3128,3.3100,-1.567544,0.1382528,2.9151626,-1.5422561,0.23352507,2.9193652,0.06784085035324106,0.31770679354667664,0.08244556188583374,0.03342337012290941,0.12727911323308944,0.07682890892028826
1789687141.855700,traffic cone,0.4757,309,177,251,174,3.3328,3.3322,-0.32417727,0.07541551,3.3161829,-0.3241659,0.012750655,3.3163943,0.2172547370195389,0.4456435203552246,0.10100178718566877,0.21395459026098246,0.4456881612539291,0.10011913776397696
1789687141.900598,traffic cone,0.3712,254,18,185,101,4.0183,4.7816,-2.2230606,0.35129204,3.328805,-2.6553128,0.16733955,3.973002,0.17672656774520856,0.0012737035751342884,0.1096825361251832,0.3710141181945801,0.44408854842185974,0.16184711456298828
1789687141.947570,truck,0.1697,2156,269,0,0,4.3805,,0.8627467,-0.5956898,4.2532024,nan,nan,nan,0.310975456237793,1.3065217822790147,0.2960632324218748,nan,nan,nan
1789687142.001797,traffic cone,0.8520,93,70,43,43,3.1248,3.1256,-1.932032,0.060157575,2.4552627,-1.92697,0.11947614,2.4580355,0.11238273978233337,0.2386872936040163,0.09401600360870388,0.08103922605514535,0.23865545839071273,0.0690721035003663
1789687142.039873,traffic cone,0.7910,204,61,104,61,3.8361,3.8361,-0.82708615,0.11425215,3.744156,-0.82708615,0.11425215,3.744156,0.14318054914474487,0.3643517941236496,0.08652830123901367,0.14318054914474487,0.3643517941236496,0.08652830123901367
1789687142.082565,traffic cone,0.6459,178,37,75,15,3.3142,3.3107,-1.5651835,0.13798231,2.9180455,-1.5457622,0.20473188,2.9205465,0.06872398853301998,0.3172826737165451,0.07971582412719691,0.034223949909210294,0.12805836200714113,0.07738056182861319
1789687142.124914,traffic cone,0.4774,295,176,216,162,3.3318,3.3311,-0.3248612,0.044269815,3.3156688,-0.3248612,0.075419635,3.3144064,0.2141917422413826,0.4457833990454674,0.09622275829315186,0.21274319589138024,0.44576551020145416,0.09156496524810809
1789687142.167559,traffic cone,0.3732,254,18,188,101,4.0184,4.7803,-2.224368,0.35119256,3.328175,-2.6524527,0.16690013,3.9733858,0.17402966022491473,0.0010487645864486472,0.11397185325622594,0.36749839782714844,0.4440879374742508,0.1613020896911621
1789687142.205110,truck,0.1706,2154,272,0,0,4.3889,,0.8622216,-0.6502203,4.2539682,nan,nan,nan,0.31372524499893184,1.308558602631092,0.3008659362792967,nan,nan,nan
1789687142.247015,traffic cone,0.8522,96,70,46,44,3.1257,3.1289,-1.9330196,0.06028352,2.4555318,-1.9305712,0.119494975,2.4593387,0.11113803982734693,0.2384488396346569,0.09402476549148586,0.08547714352607727,0.2384557995945215,0.07680181264877284
1789687142.284241,traffic cone,0.7915,205,61,107,61,3.8345,3.8345,-0.82498014,0.11402665,3.7429762,-0.82498014,0.11402665,3.7429762,0.14612942934036255,0.365227609872818,0.08729743957519531,0.14612942934036255,0.365227609872818,0.08729743957519531
1789687142.330344,traffic cone,0.6421,181,39,74,14,3.3112,3.3122,-1.5666978,0.13818322,2.9138467,-1.5431528,0.23391026,2.9213977,0.0697977304458619,0.3171055167913437,0.08881433010101336,0.03291864395141597,0.12692753225564957,0.07800700664520255
1789687142.374237,traffic cone,0.4822,293,178,211,165,3.3307,3.3302,-0.3257918,0.04417655,3.3144164,-0.32692423,0.07542129,3.313265,0.21778396964073182,0.4459060162305832,0.0977237939834592,0.21736876368522637,0.445911905169487,0.09150996208190909
1789687142.415971,traffic cone,0.3788,253,18,186,100,4.0244,4.7832,-2.2265716,0.3515222,3.333826,-2.657269,0.13270599,3.9749134,0.17406201362609863,0.0007788240909576416,0.11396644115448007,0.3734091877937318,0.44425441287457945,0.16327235698700004
1789687142.459668,truck,0.1682,2159,272,0,0,4.3853,,0.86296314,-0.623181,4.254144,nan,nan,nan,0.3099674463272094,1.311396634578705,0.29691779613494873,nan,nan,nan
1789687142.526672,traffic cone,0.8531,93,70,45,44,3.1253,3.1293,-1.932429,0.060237266,2.4555247,-1.9301239,0.1194164,2.4602606,0.11394712328910828,0.23853708133101464,0.09092183113098162,0.08330901861190787,0.23860023282468318,0.07447564601898193
1789687142.554258,traffic cone,0.7944,204,60,105,60,3.8356,3.8356,-0.82393116,0.11354807,3.7443802,-0.82393116,0.11354807,3.7443802,0.14314300715923312,0.36525049097836015,0.0865839242935178,0.14314300715923312,0.36525049097836015,0.0865839242935178
1789687142.594652,traffic cone,0.6431,179,37,74,14,3.3132,3.3093,-1.5660199,0.13873258,2.9164472,-1.5429996,0.23389845,2.9181645,0.06895143985748309,0.31693690121173856,0.08356027603149441,0.033453553915023804,0.12670226097106935,0.07894601821899405
1789687142.637501,traffic cone,0.4759,294,179,238,173,3.3333,3.3326,-0.32627895,0.07549071,3.3164587,-0.32627895,0.012822315,3.3166084,0.2179287701845169,0.4457793891429901,0.09463419914245597,0.21722335815429689,0.44565488398075104,0.09396276473999032
1789687142.679320,traffic cone,0.3733,252,18,186,101,4.0228,4.7811,-2.2273018,0.35121217,3.3314478,-2.653688,0.09828812,3.97579,0.17698563337326023,0.0009916096925735585,0.10925135612487802,0.3740234375,0.44443873316049576,0.16364288330078125
1789687142.722559,truck,0.1757,2159,271,0,0,4.3889,,0.8627177,-0.6496011,4.2539277,nan,nan,nan,0.3143852651119232,1.3075190037488937,0.29602766036987305,nan,nan,nan
1789687142.788877,traffic cone,0.8546,97,71,46,44,3.1250,3.1277,-1.9332697,0.060308263,2.4545014,-1.9299092,0.11940415,2.458335,0.11033987998962402,0.23875011131167412,0.09395921230316162,0.08324772119522095,0.23874072283506392,0.07516331672668475
1789687142.832267,traffic cone,0.7945,205,63,107,63,3.8397,3.8397,-0.8267658,0.11464107,3.747837,-0.8267658,0.11464107,3.747837,0.1549231171607971,0.3650939553976059,0.09280595779418954,0.1549231171607971,0.3650939553976059,0.09280595779418954
1789687142.874870,traffic cone,0.6435,180,37,75,14,3.3131,3.3084,-1.5668889,0.13785681,2.915913,-1.5422652,0.23340745,2.9175935,0.0699307918548584,0.31734255552291873,0.07720437049865714,0.03324673771858211,0.12669445276260374,0.07692000865936288
1789687142.903682,traffic cone,0.4760,294,176,235,170,3.3306,3.3312,-0.32515585,0.044244125,3.314439,-0.32515585,0.01267419,3.3152375,0.21406741440296173,0.445825956761837,0.09620743989944458,0.21009402871131894,0.445479878783226,0.09526005983352626
1789687142.946027,traffic cone,0.3753,256,18,188,101,4.0243,4.7822,-2.2274094,0.3513176,3.3331761,-2.656334,0.09830344,3.975338,0.1756289124488828,0.0008709847927093617,0.1113923192024231,0.3702573776245117,0.4440178871154785,0.16641807556152344
1789687142.993110,truck,0.1752,2161,274,0,0,4.3884,,0.86228704,-0.6503241,4.253377,nan,nan,nan,0.31552750766277304,1.3102524638175963,0.29737505912780726,nan,nan,nan
1789687143.065018,traffic cone,0.8557,96,72,44,44,3.1258,3.1292,-1.9333254,0.060291007,2.4554484,-1.9309969,0.11948469,2.4593828,0.11259220242500301,0.23867005594074725,0.09816330671310425,0.08426098823547368,0.2385639041662216,0.07821356058120754
1789687143.093786,traffic cone,0.7969,205,61,105,61,3.8365,3.8365,-0.82604146,0.113699555,3.7447996,-0.82604146,0.113699555,3.7447996,0.14557808637619019,0.36475686728954315,0.0818014144897461,0.14557808637619019,0.36475686728954315,0.0818014144897461
1789687143.133870,traffic cone,0.6501,181,39,76,15,3.3136,3.3100,-1.5693352,0.13839555,2.9151444,-1.5440751,0.20526052,2.9206336,0.07155467271804805,0.3169513657689095,0.08694405555725071,0.0317502856254579,0.12850677967071533,0.077109694480896
1789687143.176512,traffic cone,0.4754,295,179,207,164,3.3314,3.3301,-0.3248008,0.07533035,3.314682,-0.32610005,0.075436294,3.313283,0.21889374256134034,0.44562790989875795,0.09635608196258572,0.21665693670511244,0.44566546753048897,0.09313017129898071
1789687143.217314,traffic cone,0.3727,252,18,192,101,4.0185,4.7841,-2.2230175,0.351231,3.3290868,-2.655133,0.16717824,3.9761906,0.17612152099609357,0.0010478168725967518,0.1106603741645813,0.3705406188964844,0.4441916272044182,0.1627497673034668
1789687143.259900,truck,0.1750,2157,273,0,0,4.3889,,0.86181194,-0.64959407,4.2541757,nan,nan,nan,0.314015781879425,1.3087939500808714,0.3054843902587896,nan,nan,nan
1789687143.327141,traffic cone,0.8557,95,70,44,44,3.1263,3.1284,-1.9336066,0.06008306,2.4558225,-1.9311405,0.11960442,2.4583597,0.10983421206474309,0.238754291087389,0.0964281201362609,0.08319892287254338,0.23869132958352565,0.07483484745025626
1789687143.355300,traffic cone,0.7958,205,62,106,62,3.8380,3.8380,-0.82430387,0.11373326,3.74676,-0.82430387,0.11373326,3.74676,0.1492610543966293,0.364922047406435,0.0860137939453125,0.1492610543966293,0.364922047406435,0.0860137939453125
1789687143.395185,traffic cone,0.6501,186,39,75,14,3.3131,3.3129,-1.5669096,0.13794507,2.9158535,-1.5432718,0.23373547,2.92211,0.07103402614593524,0.3173896074295044,0.08924868106842032,0.031259173154831066,0.1273644506931305,0.0783869147300722
1789687143.438293,traffic cone,0.4766,292,177,203,164,3.3316,3.3304,-0.3256186,0.075235024,3.3148208,-0.32603997,0.07544476,3.3135371,0.21700770258903504,0.44581233859062197,0.09443826675415012,0.216677650809288,0.4455543249845505,0.09263834953308114
1789687143.478676,traffic cone,0.3742,253,18,194,101,4.0203,4.7853,-2.2236946,0.3515394,3.330844,-2.6575058,0.16704504,3.9759772,0.17536494731903085,0.0009181439876556619,0.11191992759704616,0.3681943416595459,0.44416432827711105,0.15892815589904785
1789687143.521494,truck,0.1718,2158,273,0,0,4.3938,,0.86286235,-0.66737366,4.2562222,nan,nan,nan,0.30646703243255613,1.3094512373209,0.2976552963256829,nan,nan,nan
1789687143.565890,traffic cone,0.8546,97,70,47,44,3.1264,3.1283,-1.9331336,0.06037242,2.4563046,-1.9320006,0.119510144,2.4574645,0.1073388278484344,0.23857815861701964,0.09263851642608634,0.08289787769317614,0.23845376111567018,0.07539980411529523
1789687143.592278,traffic cone,0.7991,205,60,107,60,3.8345,3.8345,-0.82413185,0.113431334,3.7431543,-0.82413185,0.113431334,3.7431543,0.14309459924697876,0.3652089841663837,0.08309521675109854,0.14309459924697876,0.3652089841663837,0.08309521675109854
1789687143.634281,traffic cone,0.6492,180,37,75,14,3.3145,3.3101,-1.5653238,0.13826896,2.9183636,-1.5438912,0.23338473,2.9186554,0.07120192050933838,0.31724537312984463,0.08379783630371085,0.03371210098266597,0.1267628684639931,0.07865021228790292
1789687143.680979,traffic cone,0.4784,298,178,205,162,3.3334,3.3319,-0.3256695,0.07544242,3.3166327,-0.3256695,0.07544242,3.3150375,0.21754645705223083,0.4458381921052933,0.0977889776229861,0.21407498270273198,0.44582325518131255,0.09312515258789045
1789687143.725857,traffic cone,0.3773,250,18,185,102,4.0271,4.7797,-2.2289672,0.3514444,3.3354828,-2.6550164,0.13255586,3.9722526,0.17328501939773577,0.0010280281305313221,0.1154060125350953,0.3707990407943722,0.44413425773382187,0.16223359107971147
1789687143.769988,truck,0.1738,2162,272,0,0,4.3857,,0.8623285,-0.623103,4.25471,nan,nan,nan,0.3111654788255691,1.3074430897831917,0.3009079694747925,nan,nan,nan
1789687143.870608,traffic cone,0.8528,95,72,43,43,3.1271,3.1273,-1.9337729,0.06029959,2.4567032,-1.9286454,0.11946869,2.4588366,0.11227475404739362,0.23869363889098166,0.09525552988052377,0.08174749612808219,0.23873920589685438,0.07073590755462655
1789687143.916928,traffic cone,0.8007,204,63,103,63,3.8375,3.8375,-0.8240307,0.11465958,3.7462747,-0.8240307,0.11465958,3.7462747,0.152030599117279,0.36435248181223867,0.09001140594482404,0.152030599117279,0.36435248181223867,0.09001140594482404
1789687143.958537,traffic cone,0.6467,186,38,74,14,3.3143,3.3099,-1.5671299,0.13815528,2.9171345,-1.5438393,0.23336445,2.918499,0.07032363414764409,0.31716265752911565,0.08678522109985343,0.03128290772438036,0.12726626247167586,0.07953395843505895
1789687144.001922,traffic cone,0.4795,304,177,207,164,3.3301,3.3297,-0.3258723,0.012870699,3.3141415,-0.3263405,0.07559857,3.3127835,0.21576803624629973,0.44584096074104307,0.09778552055358913,0.2163777887821197,0.44576797932386397,0.09397791624069196
1789687144.042610,traffic cone,0.3793,254,18,187,100,4.0221,4.7830,-2.2251358,0.35135958,3.332003,-2.6549182,0.13325241,3.9762185,0.17960323095321673,0.0011859893798828458,0.10522677898407018,0.362128150463104,0.44409648701548576,0.16022753715515137
1789687144.085519,truck,0.1789,2159,272,0,0,4.3863,,0.86176544,-0.6233356,4.2554355,nan,nan,nan,0.3137329250574111,1.3058319061994552,0.2946755886077881,nan,nan,nan
1789687144.150218,traffic cone,0.8535,96,70,45,44,3.1270,3.1280,-1.9325106,0.06021595,2.457582,-1.9298421,0.11942808,2.4588122,0.10980497598648076,0.23871455229818822,0.09344072341918919,0.08137516975402814,0.23873746171593666,0.0791223764419553
1789687144.190576,traffic cone,0.7995,205,61,107,61,3.8374,3.8374,-0.8234868,0.11297093,3.74629,-0.8234868,0.11297093,3.74629,0.1401273012161255,0.3650241121649742,0.08515167236328125,0.1401273012161255,0.3650241121649742,0.08515167236328125
1789687144.216567,traffic cone,0.6464,180,38,76,14,3.3167,3.3130,-1.5665681,0.1386642,2.920103,-1.5434418,0.23378482,2.9222293,0.06910908222198486,0.31740362495183944,0.09067780971527117,0.03336638808250414,0.12719007581472397,0.07834607362747192
1789687144.245989,traffic cone,0.4862,303,179,206,165,3.3312,3.3304,-0.32624334,0.075623915,3.3143656,-0.32739738,0.07567032,3.3134382,0.2204587608575821,0.4455640524625778,0.09342160224914586,0.21718350052833554,0.44552209675312043,0.09170894622802761
1789687144.288353,traffic cone,0.3846,253,18,187,100,4.0266,4.7812,-2.2269616,0.3514234,3.3362813,-2.655603,0.13269377,3.9737134,0.17455126047134417,0.0011395663022994995,0.11326241493225098,0.3692339777946474,0.44404006414115427,0.16174674034118608
1789687144.334840,truck,0.1784,2177,279,0,0,4.3929,,0.8620096,-0.6680136,4.255372,nan,nan,nan,0.31602967381477354,1.309755077958107,0.3034879684448244,nan,nan,nan
1789687144.391718,traffic cone,0.8514,94,71,45,44,3.1261,3.1289,-1.934775,0.060135618,2.4547572,-1.930258,0.11945228,2.4595995,0.10740381479263306,0.23844707012176514,0.09677791595458984,0.08256811499595651,0.23847951665520667,0.07470765113830558
1789687144.430594,traffic cone,0.8000,206,62,107,62,3.8363,3.8363,-0.823277,0.1137891,3.7452104,-0.823277,0.1137891,3.7452104,0.14759686589241028,0.36521175429224967,0.08935713768005371,0.14759686589241028,0.36521175429224967,0.08935713768005371
1789687144.473514,traffic cone,0.6427,185,38,77,15,3.3141,3.3122,-1.5671043,0.13910043,2.9168494,-1.5455441,0.20612133,2.9222317,0.0670835316181182,0.31752224564552306,0.08767483234405526,0.03199245929718009,0.12804444432258605,0.08349323272705078
1789687144.516288,traffic cone,0.4759,291,179,204,165,3.3323,3.3317,-0.32470855,0.07539043,3.315618,-0.32793486,0.07558599,3.3146691,0.2192578703165054,0.44573000371456145,0.09752035140991211,0.21719275116920464,0.4456935077905655,0.09441518783569336
1789687144.557296,traffic cone,0.3862,251,18,187,102,4.0239,4.7827,-2.2264607,0.3512004,3.3334103,-2.6574135,0.13254778,3.974299,0.1743795990943906,0.0008602082729339267,0.11327750682830828,0.36939309835433987,0.4440359562635422,0.16062729358673122
1789687144.600457,truck,0.1831,2179,278,0,0,4.3931,,0.861405,-0.6673367,4.255866,nan,nan,nan,0.319892007112503,1.306981335580349,0.2991555213928221,nan,nan,nan
1789687144.666009,traffic cone,0.8508,98,72,46,44,3.1258,3.1298,-1.9344093,0.060102917,2.4545498,-1.9306835,0.11939271,2.4604511,0.11535373926162729,0.23886875957250595,0.0957709550857544,0.0837899267673492,0.23883179426193238,0.0780369281768798
1789687144.709989,traffic cone,0.8009,205,62,106,62,3.8368,3.8368,-0.8272334,0.115328684,3.744763,-0.8272334,0.115328684,3.744763,0.1572241604328155,0.3615890812128782,0.0826115608215332,0.1572241604328155,0.3615890812128782,0.0826115608215332
1789687144.754877,traffic cone,0.6433,185,38,74,14,3.3148,3.3101,-1.5673039,0.13792259,2.9175544,-1.5430533,0.23394327,2.9191089,0.06918567419052124,0.3171558775007725,0.08173724412918082,0.034306389093399,0.1269057348370552,0.0767096519470214
1789687144.801996,traffic cone,0.4797,302,178,205,164,3.3321,3.3312,-0.3261379,0.04424452,3.3157983,-0.3261379,0.07558963,3.3142905,0.21806248277425763,0.4458130165934563,0.09938902854919407,0.2162617906928062,0.44558052718639374,0.09365663528442392
1789687144.845517,traffic cone,0.3836,255,18,189,102,4.0247,4.7818,-2.227726,0.35161597,3.3333955,-2.6553068,0.13231398,3.9746537,0.17373036146163923,0.0011445105075835738,0.11281241178512547,0.3715066075325013,0.44401114881038667,0.16198699474334743
1789687144.885023,truck,0.1840,2174,274,0,0,4.3914,,0.86139345,-0.658875,4.255412,nan,nan,nan,0.3156803578138352,1.3071540847420693,0.3043265819549559,nan,nan,nan
1789687144.940326,traffic cone,0.8527,95,73,43,43,3.1279,3.1277,-1.9352181,0.060196385,2.456612,-1.9295032,0.119457036,2.458722,0.11435737609863272,0.23863755613565446,0.09421334266662607,0.08078609704971296,0.23859311491250992,0.06928279399871862
1789687144.983046,traffic cone,0.8003,205,62,105,62,3.8382,3.8382,-0.8265929,0.115147024,3.7463405,-0.8265929,0.115147024,3.7463405,0.1550789475440979,0.3613715097308159,0.08284118175506583,0.1550789475440979,0.3613715097308159,0.08284118175506583
1789687145.021321,traffic cone,0.6451,185,38,74,14,3.3153,3.3138,-1.568219,0.13792004,2.9177313,-1.5440826,0.23360139,2.9227185,0.06893002986907959,0.31763914674520494,0.08422231674194336,0.0334198236465455,0.12730305194854735,0.07850461006164577
1789687145.070126,traffic cone,0.4811,311,177,214,164,3.3310,3.3310,-0.32511574,0.012888551,3.3150675,-0.325156,0.07525617,3.3142402,0.2164934903383255,0.44599370658397675,0.09399890899658203,0.21649633347988126,0.4459662660956383,0.09445875883102417
1789687145.113584,traffic cone,0.3866,254,18,187,101,4.0192,4.7797,-2.223269,0.35125285,3.3297796,-2.652195,0.09829408,3.975181,0.17890347242355364,0.001202923059463512,0.10621693134307897,0.3708348274230957,0.4441293701529503,0.16412353515625
1789687145.160093,truck,0.1858,2170,273,0,0,4.3924,,0.8614304,-0.66636574,4.2552547,nan,nan,nan,0.3174549341201782,1.3084336519241333,0.28634271621704066,nan,nan,nan
1789687145.214615,traffic cone,0.8505,97,71,45,44,3.1246,3.1281,-1.9307122,0.060272545,2.4560251,-1.9292328,0.11952169,2.4593751,0.11206090450286865,0.23893870785832405,0.0931386947631836,0.083694612979889,0.23885386772453787,0.07498927116394061
1789687145.253066,traffic cone,0.7983,204,61,105,61,3.8352,3.8352,-0.82606363,0.114118025,3.7434592,-0.82606363,0.114118025,3.7434592,0.14499247074127197,0.36465487629175186,0.08500146865844727,0.14499247074127197,0.36465487629175186,0.08500146865844727
1789687145.297480,traffic cone,0.6461,185,38,75,14,3.3153,3.3116,-1.5668492,0.13809676,2.918407,-1.5436771,0.2337636,2.920484,0.07042401432991041,0.3172523908317089,0.08284318447113037,0.0341825246810914,0.12753555923700333,0.07756426334381095
1789687145.343704,traffic cone,0.4842,313,178,184,146,3.3307,3.3260,-0.32636988,0.044131286,3.3143313,-0.32636988,0.07600653,3.3090718,0.21827317029237744,0.44576441049575805,0.0957369565963746,0.21926549822092056,0.3812983315438032,0.0874098539352417
1789687145.389124,traffic cone,0.3874,253,18,188,102,4.0290,4.7819,-2.2284226,0.35122782,3.338219,-2.654658,0.13289006,3.9751034,0.17444927692413348,0.0009350329637527466,0.11342298984527588,0.36980152130126953,0.44411816745996474,0.16464982032775888
1789687145.436324,truck,0.1867,2176,278,0,0,4.3949,,0.8620595,-0.6688027,4.2573414,nan,nan,nan,0.3172872573137283,1.3083784997463228,0.2995325803756712,nan,nan,nan
1789687145.502190,traffic cone,0.8516,91,70,44,44,3.1274,3.1289,-1.9326007,0.060393676,2.4580908,-1.9304978,0.11940467,2.4594212,0.11250942349433912,0.23868024572730065,0.09163589477539036,0.08477959036827087,0.23866403512656686,0.07690508365631121
1789687145.543494,traffic cone,0.7976,211,60,104,60,3.8366,3.8366,-0.8243485,0.11370671,3.745235,-0.8243485,0.11370671,3.745235,0.1414622962474823,0.36446275226771835,0.08547530174255336,0.1414622962474823,0.36446275226771835,0.08547530174255336
1789687145.569239,traffic cone,0.6442,179,38,74,14,3.3164,3.3119,-1.5679306,0.13885942,2.9190507,-1.5435908,0.23348898,2.9208565,0.06926056742668152,0.31742451936006544,0.08915150165557861,0.030993098020553722,0.1276162475347519,0.07775566577911386
1789687145.598605,traffic cone,0.4839,301,176,169,144,3.3331,3.3252,-0.32634234,0.07556245,3.316218,-0.32634234,0.07610296,3.3082876,0.21227992326021194,0.4457346573472023,0.09622800350189209,0.2167065873742103,0.38154487796127795,0.08051828145980844
1789687145.638669,traffic cone,0.3870,254,18,186,101,4.0238,4.7846,-2.2266111,0.35134938,3.3331506,-2.6558604,0.1673109,3.9762728,0.1746978640556338,0.001127663254737843,0.11285841464996338,0.37180185317993164,0.44384070485830307,0.16203951835632324
1789687145.681894,truck,0.1858,2175,278,0,0,4.3927,,0.86112386,-0.66857,4.2553077,nan,nan,nan,0.3144134938716888,1.309942016005516,0.2990227222442625,nan,nan,nan
1789687145.731981,traffic cone,0.8515,93,70,44,44,3.1271,3.1297,-1.9349604,0.06020628,2.455869,-1.9329565,0.11938059,2.458564,0.10773021578788766,0.2387987419962883,0.09401737451553371,0.08372312784194946,0.23886607848107816,0.07542233467102033
1789687145.770780,traffic cone,0.7967,203,62,104,62,3.8373,3.8373,-0.82512313,0.11365348,3.7458127,-0.82512313,0.11365348,3.7458127,0.14755246639251707,0.3650501362979412,0.08902082443237314,0.14755246639251707,0.3650501362979412,0.08902082443237314
1789687145.816761,traffic cone,0.6444,186,39,75,14,3.3144,3.3116,-1.5705119,0.13827866,2.9154234,-1.5436488,0.23332214,2.9204645,0.06965979337692274,0.31740155369043355,0.08527269363403311,0.03172846436500554,0.12757489830255508,0.07571852207183838
1789687145.863297,traffic cone,0.4848,308,178,181,146,3.3326,3.3252,-0.32623333,0.04428228,3.3163226,-0.32623333,0.07604574,3.308276,0.21827573180198667,0.445692677795887,0.10013223886489886,0.21967661380767822,0.38125862181186676,0.08647751808166504
1789687145.908074,traffic cone,0.3882,255,18,188,102,4.0278,4.7810,-2.2286239,0.35114717,3.3365955,-2.6534734,0.13257794,3.9748023,0.17601134777069083,0.0010391950607300249,0.11059803962707537,0.3703862547874448,0.44408853985369207,0.16184415817260778
1789687145.955525,truck,0.1913,2173,277,0,0,4.3933,,0.8607925,-0.6671514,4.2561455,nan,nan,nan,0.3181753396987915,1.3081294000148773,0.2996663093566889,nan,nan,nan
1789687146.006413,traffic cone,0.8513,93,70,44,44,3.1289,3.1301,-1.9341431,0.060246937,2.458716,-1.9314481,0.11969024,2.4601922,0.1078600823879241,0.23882838785648347,0.09542764425277683,0.0836705088615417,0.23891527466475965,0.07534123659133929
1789687146.044108,traffic cone,0.7959,212,60,106,60,3.8337,3.8337,-0.8239885,0.11380322,3.742414,-0.8239885,0.11380322,3.742414,0.14210488200187688,0.3651124857366085,0.08400492668151838,0.14210488200187688,0.3651124857366085,0.08400492668151838
1789687146.083274,traffic cone,0.6444,179,37,76,15,3.3164,3.3158,-1.5654079,0.13908044,2.9204385,-1.5435163,0.26222003,2.92285,0.0685753583908082,0.3191123247146606,0.08614301681518555,0.03178557157516493,0.12990995347499848,0.09043049812316895
1789687146.116704,traffic cone,0.4763,304,180,172,146,3.3324,3.3247,-0.32555458,0.07555556,3.3155527,-0.32458544,0.07600549,3.307912,0.21906922608613966,0.4459374964237213,0.09601417779922494,0.21836987882852554,0.38154214806854725,0.08285647630691528
1789687146.155766,traffic cone,0.3909,252,18,187,101,4.0239,4.7818,-2.2284398,0.35130346,3.3320217,-2.6566284,0.098204225,3.9747329,0.17539659738540658,0.0008544355630874523,0.11188364028930664,0.3719925880432129,0.443986676633358,0.16661834716796875
1789687146.198718,truck,0.1856,2173,276,0,0,4.3918,,0.86117476,-0.65895694,4.2558403,nan,nan,nan,0.31908079981803894,1.3075194954872131,0.29933130741119385,nan,nan,nan
1789687146.272961,traffic cone,0.8523,97,73,46,44,3.1271,3.1273,-1.935134,0.060258076,2.4556484,-1.9284916,0.1195506,2.4589868,0.11458964347839351,0.2388597145676613,0.09461326599121112,0.08292795419692989,0.23887675292789934,0.07512198686599758
1789687146.300609,traffic cone,0.7955,205,61,105,61,3.8356,3.8356,-0.8238418,0.1139465,3.744349,-0.8238418,0.1139465,3.744349,0.14544779062271118,0.364870585501194,0.08633756637573242,0.14544779062271118,0.364870585501194,0.08633756637573242
1789687146.330130,traffic cone,0.6451,180,38,76,15,3.3142,3.3099,-1.567457,0.13839693,2.9167647,-1.5456736,0.20524952,2.9195697,0.07125664353370675,0.316932775080204,0.08429014682769775,0.03247686624526969,0.1277414232492447,0.07729868888854963
1789687146.369696,traffic cone,0.4730,308,178,211,163,3.3311,3.3304,-0.3260718,0.075574726,3.3142066,-0.32777703,0.07564667,3.3133426,0.2179923474788666,0.4457931026816368,0.09718102216720581,0.2098862826824188,0.4455667495727539,0.09027812480926523
1789687146.411958,traffic cone,0.3922,253,18,186,101,4.0257,4.7856,-2.2284536,0.3515202,3.334113,-2.65542,0.16680166,3.977787,0.17747119665145883,0.0010486215353012196,0.10880733728408787,0.3707723617553711,0.4438940957188606,0.1641068458557129
1789687146.454796,truck,0.1879,2171,274,0,0,4.3910,,0.86183524,-0.6503119,4.256212,nan,nan,nan,0.3156719475984573,1.3076551169157027,0.29079141616821236,nan,nan,nan
1789687146.573512,traffic cone,0.8528,97,72,45,43,3.1250,3.1261,-1.9307789,0.060167715,2.456503,-1.9282951,0.11936395,2.4576366,0.11163635253906246,0.23880233168601991,0.09821130037307757,0.08151161670684814,0.23869784772396085,0.06879403591155997
1789687146.604950,traffic cone,0.7949,210,61,104,61,3.8390,3.8390,-0.82863605,0.114298776,3.746715,-0.82863605,0.114298776,3.746715,0.145399272441864,0.36476632952690125,0.08572721481323242,0.145399272441864,0.36476632952690125,0.08572721481323242
1789687146.646535,traffic cone,0.6406,179,36,76,14,3.3126,3.3095,-1.5666593,0.13802063,2.9154806,-1.5447302,0.23303342,2.9176226,0.07005298137664795,0.31669124960899353,0.07878100872039795,0.03521561622619629,0.12667005211114885,0.07325366735458383
1789687146.689176,traffic cone,0.4726,303,176,236,171,3.3313,3.3311,-0.32545698,0.07562482,3.314476,-0.32520875,0.012890711,3.3151467,0.21435383707284927,0.4459807425737381,0.09314101934432983,0.20928288996219635,0.4457992911338806,0.09212315082550049
1789687146.732715,traffic cone,0.3873,254,18,186,100,4.0250,4.7855,-2.2284906,0.35134298,3.3333745,-2.6554036,0.16743894,3.9776952,0.17354267835617065,0.0008579075336456743,0.11491639614105198,0.3694159984588623,0.4436663951724768,0.1640668630599973
1789687146.774500,truck,0.1944,2175,277,0,0,4.3938,,0.8617018,-0.66782343,4.2563777,nan,nan,nan,0.3170589804649353,1.308379265666008,0.2948322296142578,nan,nan,nan
1789687146.824709,traffic cone,0.8523,94,70,44,43,3.1268,3.1290,-1.9333465,0.060236096,2.4567375,-1.930192,0.11953139,2.4597783,0.11073221564292912,0.2388867288827896,0.09367064237594613,0.07893290519714347,0.23890570551156998,0.07108309268951407
1789687146.863570,traffic cone,0.7947,211,62,104,62,3.8369,3.8369,-0.8255484,0.1139172,3.7453425,-0.8255484,0.1139172,3.7453425,0.14437345862388606,0.3647781632840633,0.0894178628921507,0.14437345862388606,0.3647781632840633,0.0894178628921507
1789687146.892734,traffic cone,0.6386,181,38,75,14,3.3147,3.3111,-1.5672255,0.13809009,2.9175644,-1.5452583,0.23349823,2.9191284,0.07133578658103934,0.31733247861266134,0.08422311544418326,0.03311406970024122,0.12709864228963852,0.08043572902679452
1789687146.934326,traffic cone,0.4727,305,177,238,173,3.3308,3.3313,-0.32611236,0.012819007,3.3147428,-0.32611236,0.012731776,3.3153052,0.21549970507621766,0.44560307264328003,0.09771203994750977,0.21324672102928163,0.44565998911857607,0.09748005867004395
1789687146.971619,traffic cone,0.3870,256,18,190,103,4.0274,4.7787,-2.2283416,0.3516076,3.3363466,-2.6528926,0.09852189,3.9734955,0.17420195341110212,0.0007862210273742454,0.11376029253005981,0.37265202999115,0.4438981607556343,0.1630472660064699
1789687147.000805,truck,0.1921,2175,276,0,0,4.3926,,0.86127305,-0.6691667,4.2550135,nan,nan,nan,0.31695500016212463,1.3105291351675987,0.29834306240081787,nan,nan,nan
1789687147.109963,traffic cone,0.8531,97,71,46,44,3.1254,3.1280,-1.9300251,0.060232267,2.4575312,-1.9290863,0.119461834,2.459465,0.11116290092468262,0.238774836063385,0.09433138370513916,0.08228250741958631,0.23872130289673804,0.07247363328933698
1789687147.148863,traffic cone,0.7989,210,61,103,61,3.8372,3.8372,-0.8245429,0.113848,3.7458472,-0.8245429,0.113848,3.7458472,0.14812159538269043,0.3655375689268112,0.08198928833007812,0.14812159538269043,0.3655375689268112,0.08198928833007812
1789687147.191103,traffic cone,0.6451,180,38,75,14,3.3150,3.3117,-1.567404,0.1382222,2.9178033,-1.5447462,0.23368746,2.920022,0.07033179998397832,0.31717282384634016,0.0819352626800538,0.034009671211242765,0.1270518332719803,0.07740409374237078
1789687147.233487,traffic cone,0.4722,310,179,231,173,3.3334,3.3332,-0.3253527,0.07552397,3.3166301,-0.32739028,0.012848973,3.3171024,0.218712317943573,0.4459772914648056,0.0980532169342041,0.21469931006431583,0.44593375027179716,0.09930205345153809
1789687147.275570,traffic cone,0.3925,258,18,191,103,4.0275,4.7811,-2.2287326,0.35148218,3.3361967,-2.656093,0.098504275,3.9742436,0.17784703969955462,0.00077839195728302,0.10809695720672607,0.3728719472885129,0.4440728336572647,0.15983095169067418
1789687147.317849,truck,0.1887,2175,275,0,0,4.3924,,0.8617903,-0.66738224,4.2550545,nan,nan,nan,0.3200063526630401,1.3082958340644835,0.29755825996398944,nan,nan,nan
1789687147.383268,traffic cone,0.8536,94,71,44,44,3.1242,3.1285,-1.9314811,0.060255975,2.454851,-1.9313223,0.119456306,2.458363,0.11022424697875977,0.2387458123266697,0.09962499141693115,0.0825128793716432,0.23862843178212642,0.07463263273239162
1789687147.426906,traffic cone,0.8000,207,60,102,60,3.8331,3.8331,-0.82544124,0.113655135,3.7414482,-0.82544124,0.113655135,3.7414482,0.1419040709733963,0.36494982652366165,0.08038556575775146,0.1419040709733963,0.36494982652366165,0.08038556575775146
1789687147.472677,traffic cone,0.6450,178,35,76,14,3.3165,3.3121,-1.5669276,0.13943523,2.9197087,-1.5435796,0.23362376,2.9210653,0.06539782285690321,0.31774293035268786,0.08344407081604022,0.03334354162216191,0.12753030955791472,0.07474043369293248
1789687147.517457,traffic cone,0.4736,305,177,208,163,3.3315,3.3310,-0.32489252,0.07554576,3.3147166,-0.32612115,0.07564026,3.3141675,0.21671559512615202,0.44580487012863157,0.0964350700378418,0.214754992723465,0.44567676484584806,0.09061856269836399
1789687147.564645,traffic cone,0.3924,252,18,187,102,4.0278,4.7818,-2.228043,0.3513255,3.336982,-2.6547961,0.13287131,3.9749386,0.17494467496871957,0.001074787974357616,0.11256084442138636,0.37164334058761606,0.4440301388502121,0.1624939918518069
1789687147.602720,truck,0.1929,2178,280,0,0,4.3944,,0.8614101,-0.66804993,4.2570534,nan,nan,nan,0.3198958069086075,1.3079869031906128,0.30084352493286115,nan,nan,nan
1789687147.642720,traffic cone,0.8527,96,72,44,43,3.1258,3.1293,-1.9339316,0.060228303,2.4550054,-1.9303566,0.11945841,2.460136,0.11572439074516305,0.23865805752575397,0.09394224882125846,0.08266514539718628,0.23861203342676163,0.06964042186737096
1789687147.680954,traffic cone,0.8000,209,61,103,61,3.8354,3.8354,-0.8234593,0.112899095,3.744297,-0.8234593,0.112899095,3.744297,0.14209109544754028,0.3643929734826088,0.08871603012084961,0.14209109544754028,0.3643929734826088,0.08871603012084961
1789687147.710951,traffic cone,0.6432,183,36,75,14,3.3142,3.3092,-1.5655994,0.1380867,2.917817,-1.5434549,0.23366797,2.917817,0.07287019491195679,0.31736715137958527,0.07913374900817871,0.03341946601867685,0.12739622294902803,0.07380633354187038
1789687147.752482,traffic cone,0.4761,302,177,206,164,3.3325,3.3323,-0.3261028,0.012884721,3.3165107,-0.32641184,0.07555574,3.3154101,0.2165195643901825,0.4459345042705536,0.09662046432495108,0.21643547415733336,0.4459618180990219,0.09104758501052856
1789687147.794035,traffic cone,0.3893,254,18,188,103,4.0255,4.7812,-2.2276607,0.35134652,3.3344717,-2.6546557,0.098534375,3.9752536,0.17567764520645168,0.0007137507200241089,0.11143883466720617,0.3726439714431762,0.4442660257220268,0.16596684455871547
1789687147.837063,truck,0.1902,2175,276,0,0,4.3923,,0.8622786,-0.6591644,4.256075,nan,nan,nan,0.31599509716033936,1.308333769440651,0.29326117038726807,nan,nan,nan
1789687147.920472,traffic cone,0.8514,95,71,45,43,3.1298,3.1307,-1.9350169,0.06030123,2.4592636,-1.9292881,0.1195344,2.4626837,0.11523067951202393,0.23858322203159332,0.09421777725219727,0.08623087406158447,0.23873581290245055,0.06929874420166016
1789687147.960948,traffic cone,0.8034,208,61,103,61,3.8357,3.8357,-0.82682854,0.114548475,3.7437665,-0.82682854,0.114548475,3.7437665,0.14652836322784424,0.364896796643734,0.08348512649536133,0.14652836322784424,0.364896796643734,0.08348512649536133
1789687148.002808,traffic cone,0.6382,167,36,75,14,3.3137,3.3104,-1.566607,0.13791713,2.916761,-1.5441283,0.23367532,2.9189014,0.067058265209198,0.31756574660539627,0.07954859733581543,0.03361011743545528,0.12697432935237887,0.07740015983581561
1789687148.045944,traffic cone,0.4836,306,175,227,170,3.3323,3.3319,-0.3256199,0.075449556,3.3154953,-0.3255086,0.012915455,3.3159595,0.21213789284229273,0.4459888517856598,0.09438438415527317,0.20767183154821392,0.44594756364822385,0.0930928349494935
1789687148.087140,traffic cone,0.3786,255,18,186,101,4.0233,4.7836,-2.2269382,0.35131106,3.332353,-2.6552634,0.16734478,3.975456,0.17531872987747166,0.0010894626379012728,0.11208486557006836,0.3690505027770996,0.44376475363969803,0.160599946975708
1789687148.129484,truck,0.1985,2190,279,0,0,4.3926,,0.8615119,-0.66824746,4.2550926,nan,nan,nan,0.3192237317562102,1.307136672735214,0.2983973503112791,nan,nan,nan
1789687148.196152,traffic cone,0.8511,95,70,46,44,3.1258,3.1287,-1.9331342,0.06029094,2.4555883,-1.9314432,0.11949319,2.4584246,0.10835522413253784,0.23868665620684626,0.09547265768051139,0.08196608424186702,0.23870373629033564,0.07556798458099356
1789687148.223024,traffic cone,0.8033,208,61,104,61,3.8345,3.8345,-0.82398176,0.11352086,3.7432132,-0.82398176,0.11352086,3.7432132,0.1416279673576355,0.3654143139719963,0.0837860107421875,0.1416279673576355,0.3654143139719963,0.0837860107421875
1789687148.249460,traffic cone,0.6379,172,37,77,14,3.3160,3.3114,-1.566342,0.13916415,2.9193785,-1.5430043,0.23360299,2.9206085,0.06713147163391109,0.31737872064113615,0.08339228630065909,0.031648713350296065,0.12764618843793868,0.07651622295379656
1789687148.276288,traffic cone,0.4905,303,179,225,173,3.3326,3.3322,-0.32665116,0.07547966,3.315717,-0.32731143,0.012856871,3.3160758,0.2170772939920425,0.44590299725532534,0.09839992523193386,0.2139136135578156,0.44595581889152525,0.09952845573425284
1789687148.315725,traffic cone,0.3782,252,18,188,103,4.0251,4.7789,-2.2267418,0.35140094,3.3346152,-2.6533723,0.09856126,3.9734015,0.1725102424621583,0.0012009918689727672,0.11623238325119001,0.3748617410659789,0.4438415065407753,0.16278014183044442
1789687148.353328,truck,0.1939,2185,279,0,0,4.3933,,0.86147875,-0.6706853,4.2555213,nan,nan,nan,0.31704726219177237,1.3134509712457656,0.3008407592773432,nan,nan,nan
1789687148.481611,traffic cone,0.8508,93,71,45,44,3.1276,3.1299,-1.9334633,0.060291708,2.4576309,-1.9322194,0.11953963,2.459427,0.11028528213500977,0.23896360397338867,0.09362447261810303,0.0862407803535461,0.23895216174423695,0.07437602281570443
1789687148.519425,traffic cone,0.8056,217,62,104,62,3.8385,3.8385,-0.82540274,0.11390464,3.747024,-0.82540274,0.11390464,3.747024,0.14649771451950067,0.36505526304244995,0.08920776844024658,0.14649771451950067,0.36505526304244995,0.08920776844024658
1789687148.548213,traffic cone,0.6400,175,39,75,14,3.3138,3.3115,-1.5703588,0.13851878,2.9148462,-1.5437908,0.23359689,2.9203374,0.07186497449874873,0.3172819823026657,0.08214411735534632,0.03283646106719984,0.12729700654745105,0.07647167444229108
1789687148.589333,traffic cone,0.4940,292,178,208,165,3.3319,3.3296,-0.32606226,0.044118203,3.3156185,-0.32675278,0.07557127,3.3126523,0.2177577078342438,0.4459665298461914,0.09800860881805384,0.21670145988464348,0.44597861766815183,0.09552044868469256
1789687148.630428,traffic cone,0.3813,253,18,196,103,4.0262,4.7819,-2.2277765,0.3512546,3.3352983,-2.6524727,0.098410696,3.9776008,0.17989175319671658,0.0009828239679336992,0.10622092485427848,0.3728004455566407,0.44390480145812033,0.1648667335510252
1789687148.673324,truck,0.2039,2199,280,0,0,4.3933,,0.86122257,-0.66788983,4.2560244,nan,nan,nan,0.3294743239879607,1.3070843517780304,0.3007761240005493,nan,nan,nan
1789687148.758007,traffic cone,0.8526,95,71,46,45,3.1275,3.1283,-1.9341501,0.060291857,2.4569602,-1.9313184,0.119482726,2.4580884,0.1130286455154419,0.23876770958304405,0.09012436866760254,0.08586225509643564,0.23875492811203003,0.07119836807250968
1789687148.792607,traffic cone,0.8026,206,62,104,62,3.8370,3.8370,-0.8255364,0.1137317,3.7454505,-0.8255364,0.1137317,3.7454505,0.147948431968689,0.3651000831276179,0.08414771556854239,0.147948431968689,0.3651000831276179,0.08414771556854239
1789687148.833514,traffic cone,0.6458,174,39,77,14,3.3117,3.3132,-1.5667236,0.1382455,2.9143548,-1.5431592,0.23371807,2.9225907,0.07016857862472525,0.31724275946617125,0.08857810497283936,0.031467598676681474,0.12727438807487487,0.08099746704101562
1789687148.876578,traffic cone,0.5033,295,179,209,166,3.3309,3.3300,-0.32595345,0.075439066,3.31405,-0.32650897,0.075640365,3.3131268,0.2190337300300598,0.4457935631275177,0.09605724811553928,0.21640586853027344,0.44581203162670135,0.09267568588256836
1789687148.917564,traffic cone,0.3862,252,18,196,103,4.0222,4.7820,-2.2245371,0.35136086,3.332562,-2.6563613,0.098391086,3.9751167,0.17580667734146127,0.0010841965675353893,0.11119779348373404,0.3719526529312134,0.4440353408455848,0.15957694053649885
1789687148.961083,truck,0.2037,2190,278,129,107,4.3925,7.9178,0.86104554,-0.6589345,4.256627,4.105586,-0.89678866,6.710499,0.31944903135299674,1.310534529387951,0.30108327865600604,0.1843251228332523,1.5904988452792168,0.3856240272521978
1789687149.006209,traffic cone,0.8530,95,71,45,45,3.1274,3.1294,-1.9339398,0.060279965,2.4569438,-1.9297892,0.11959487,2.4606647,0.11359405517578125,0.23865904286503792,0.0960472822189331,0.08332259654998775,0.23861837834119798,0.07858786582946742
1789687149.033004,traffic cone,0.8022,206,62,106,62,3.8387,3.8387,-0.8247347,0.11384156,3.7473552,-0.8247347,0.11384156,3.7473552,0.1485168695449829,0.36473671793937684,0.08960666656494176,0.1485168695449829,0.36473671793937684,0.08960666656494176
1789687149.076702,traffic cone,0.6432,175,39,75,14,3.3144,3.3113,-1.5702926,0.13835701,2.9155583,-1.5429964,0.23380566,2.9204488,0.06699132919311523,0.31757676005363467,0.08429000377655038,0.032551801204681485,0.1271939679980278,0.07759492397308376
1789687149.121285,traffic cone,0.4993,305,178,206,165,3.3318,3.3315,-0.3262269,0.044162318,3.3154492,-0.3269397,0.07551524,3.3145826,0.218394310772419,0.44584638476371763,0.09741555452346784,0.2174154639244079,0.44590625166893005,0.0950782299041748
1789687149.156251,traffic cone,0.3895,257,18,199,103,4.0240,4.7814,-2.2268133,0.3514028,3.3332791,-2.6560128,0.09832537,3.9746366,0.17838549613952637,0.0009179264307022095,0.10710663795471209,0.3712383747100829,0.44400975778698926,0.15897288322448677
1789687149.189647,truck,0.2000,2194,280,134,110,4.3941,7.9303,0.8613326,-0.6702765,4.256359,4.112961,-0.9629024,6.7116547,0.32212469279766076,1.3106540679931642,0.30189909934997594,0.17966051101684588,1.591233492642641,0.3895792484283449
1789687149.304909,traffic cone,0.8520,95,69,46,44,3.1275,3.1303,-1.9336348,0.060279906,2.457413,-1.9312326,0.11963357,2.4606662,0.10687813758850107,0.2387136772274971,0.09547905921936017,0.08204566240310673,0.23869154676795007,0.07874758243560809
1789687149.337547,traffic cone,0.8026,204,60,103,60,3.8369,3.8369,-0.82486135,0.11359316,3.7454863,-0.82486135,0.11359316,3.7454863,0.14371203780174246,0.3650818206369877,0.08259308338165283,0.14371203780174246,0.3650818206369877,0.08259308338165283
1789687149.378665,traffic cone,0.6412,174,38,77,14,3.3140,3.3105,-1.5670289,0.13898838,2.916838,-1.5425719,0.23381627,2.9198105,0.07132902145385733,0.31760560497641566,0.08660470247268659,0.03070428967475891,0.12744096666574475,0.0787955045700075
1789687149.420868,traffic cone,0.4934,300,177,214,164,3.3322,3.3313,-0.3260329,0.075577274,3.315301,-0.3263965,0.07569805,3.314426,0.21703136563301084,0.44582190811634065,0.09626274108886701,0.21678511053323743,0.44584240615367887,0.09505245685577401
1789687149.461699,traffic cone,0.3856,252,18,195,102,4.0240,4.7806,-2.2266858,0.35125384,3.3333373,-2.6573968,0.09777096,3.9727664,0.17296475172042847,0.0009832680225372314,0.11578509807586679,0.37378035783767727,0.44377156831324105,0.16342327594757045
1789687149.503503,truck,0.1978,2204,282,0,0,4.3946,,0.8620448,-0.66881394,4.257038,nan,nan,nan,0.3251422077417373,1.3111064448952676,0.3052779674530033,nan,nan,nan
1789687149.558623,traffic cone,0.8520,100,72,45,43,3.1274,3.1303,-1.9329784,0.060182557,2.4577699,-1.931087,0.119541526,2.4608216,0.11330310106277475,0.23875295668840407,0.09799883365631112,0.0798391342163085,0.23862064704298971,0.07089390754699698
1789687149.596835,traffic cone,0.8012,206,62,106,62,3.8357,3.8357,-0.82509494,0.113935605,3.7442153,-0.82509494,0.113935605,3.7442153,0.15087752342224114,0.36503356732428077,0.08914973735809317,0.15087752342224114,0.36503356732428077,0.08914973735809317
1789687149.637767,traffic cone,0.6406,173,37,74,14,3.3175,3.3136,-1.5674907,0.13834178,2.920515,-1.5449779,0.23339704,2.9220707,0.07005789279937757,0.31773718297481535,0.08846969604492161,0.03307206630706805,0.12774311900138857,0.07517068386077908
1789687149.676356,traffic cone,0.4979,293,177,205,164,3.3301,3.3300,-0.32542133,0.012959182,3.314165,-0.32633057,0.07538974,3.3130984,0.21664062738418574,0.446010822057724,0.0942544937133789,0.21686773598194117,0.4460439279675484,0.0931805133819581
1789687149.704762,traffic cone,0.3879,251,18,194,102,4.0244,4.7803,-2.226266,0.35131535,3.3340676,-2.6548285,0.098016724,3.9741201,0.17168796062469482,0.0014114260673522838,0.11796679496765172,0.3717667698860172,0.44411864690482616,0.1614687442779541
1789687149.749074,truck,0.1948,2195,280,0,0,4.3930,,0.8618259,-0.6702466,4.255159,nan,nan,nan,0.32391588687896733,1.3095339089632034,0.2986565828323364,nan,nan,nan
1789687149.843422,traffic cone,0.8516,96,72,45,44,3.1256,3.1283,-1.9330816,0.06033963,2.455406,-1.9309369,0.11956379,2.4582858,0.11481122374534602,0.23877731449902057,0.09401853084564182,0.08188436627388018,0.23880882747471333,0.07930241823196393
1789687149.882313,traffic cone,0.8023,211,62,104,62,3.8362,3.8362,-0.824574,0.114003494,3.7448292,-0.824574,0.114003494,3.7448292,0.14588437378406527,0.3647104542702436,0.0895801544189454,0.14588437378406527,0.3647104542702436,0.0895801544189454
1789687149.924295,traffic cone,0.6440,174,38,76,14,3.3155,3.3095,-1.5677795,0.13799578,2.9180925,-1.5436105,0.23366317,2.9180925,0.07083746790885925,0.3169621959328652,0.0838988184928895,0.03356607556343083,0.12727203667163847,0.07583152055740383
1789687149.970536,traffic cone,0.4940,300,179,203,164,3.3347,3.3320,-0.32593468,0.07555957,3.3178687,-0.32669267,0.07562257,3.3150907,0.21915442943572994,0.4457812190055847,0.10177109241485605,0.21617627590894697,0.44594049528241153,0.09273844957351685
1789687150.011703,traffic cone,0.3875,253,18,197,103,4.0223,4.7814,-2.2253942,0.35126933,3.332109,-2.654201,0.098104134,3.9758232,0.177884042263031,0.0009991765022278054,0.10780248641967782,0.37387096881866455,0.44397089034318926,0.16335821151733443
1789687150.055501,truck,0.1978,2198,281,128,107,4.3927,7.9468,0.8607766,-0.6679341,4.2554073,4.107468,-1.0281042,6.724779,0.32240384817123413,1.3069441467523575,0.29924774169921875,0.18079357147216868,1.593979796767235,0.40624628067016566
1789687150.121976,traffic cone,0.8511,98,71,47,45,3.1267,3.1301,-1.9336655,0.06039639,2.4562957,-1.9305103,0.11962497,2.4609704,0.11434793472290039,0.23873018100857735,0.09123373031616211,0.08323023319244394,0.23873839527368546,0.07668890953063956
1789687150.150562,traffic cone,0.8019,209,60,105,60,3.8358,3.8358,-0.8252364,0.11354576,3.7442849,-0.8252364,0.11354576,3.7442849,0.14333596527576442,0.36530751883983614,0.08429455757141113,0.14333596527576442,0.36530751883983614,0.08429455757141113
1789687150.191356,traffic cone,0.6455,173,38,75,14,3.3140,3.3114,-1.5669248,0.13891466,2.9168148,-1.5430921,0.23368244,2.9205508,0.06968011856079115,0.31737110018730164,0.08269969224929774,0.031831485033035234,0.12784768640995023,0.07809059619903591
1789687150.234385,traffic cone,0.4946,292,178,205,164,3.3335,3.3309,-0.32579032,0.075420484,3.316637,-0.32579032,0.075556815,3.3140626,0.21759924590587618,0.4457027852535248,0.09685981273651123,0.2154025256633758,0.4460013143718242,0.09356439113616943
1789687150.276365,traffic cone,0.3899,252,18,196,103,4.0237,4.7829,-2.2263355,0.35140002,3.3331301,-2.6573477,0.098428935,3.9755905,0.17794756889343244,0.0005506306886672863,0.10772746801376343,0.3734048843383788,0.4438082374632359,0.16272206306457493
1789687150.320073,truck,0.1987,2196,281,131,109,4.3937,7.9272,0.8619909,-0.66809815,4.256175,4.1104293,-0.89652914,6.7187414,0.3211577534675598,1.3100503385066986,0.30398130416870117,0.1864476203918457,1.591006588935852,0.38571090698242205
1789687150.367054,traffic cone,0.8511,95,71,44,43,3.1284,3.1291,-1.9334909,0.060186505,2.4585695,-1.9296495,0.11945003,2.460432,0.11371171474456787,0.2385890893638134,0.09171748161315918,0.08204513788223267,0.2384738378226757,0.07500605583190945
1789687150.392287,traffic cone,0.8009,212,62,106,62,3.8369,3.8369,-0.82462,0.11397211,3.7455404,-0.82462,0.11397211,3.7455404,0.14641606509685523,0.3647821255028248,0.0861934185028077,0.14641606509685523,0.3647821255028248,0.0861934185028077
1789687150.419289,traffic cone,0.6487,176,39,76,14,3.3141,3.3116,-1.5668057,0.13834995,2.917064,-1.543685,0.23386455,2.920485,0.06938771009445177,0.3175441831350327,0.08832995891571072,0.03335777521133432,0.1272648796439171,0.0776379585266116
1789687150.449180,traffic cone,0.4908,294,177,209,164,3.3343,3.3328,-0.32544285,0.075521946,3.3174896,-0.324974,0.075663805,3.3160322,0.2158558249473571,0.4460564523935318,0.0970890045166013,0.21385539621114727,0.44603215903043747,0.0934147477149967
1789687150.489385,traffic cone,0.3877,254,18,194,102,4.0249,4.7800,-2.2268996,0.35132292,3.334281,-2.6534472,0.13267387,3.9736123,0.17753266096115095,0.0010914891958236916,0.10831083059310886,0.3695224046707155,0.44392670653760435,0.16509582996368444
1789687150.532109,truck,0.1971,2193,282,127,103,4.3925,7.9445,0.8601504,-0.6674971,4.255417,4.106845,-1.0260966,6.7227464,0.3301506698131561,1.306976118683815,0.3050505161285404,0.18156223297119123,1.5907460749149323,0.3803051948547367
1789687150.677661,traffic cone,0.8510,96,73,45,45,3.1270,3.1293,-1.9329839,0.060185015,2.4572518,-1.9309826,0.11958638,2.459632,0.11530742645263659,0.23875721544027328,0.10075793266296396,0.0826187372207643,0.23878517001867294,0.0787543296813964
1789687150.709458,traffic cone,0.7997,210,62,103,62,3.8364,3.8364,-0.8241409,0.113740385,3.7451,-0.8241409,0.113740385,3.7451,0.14688964188098907,0.3647411596029997,0.09005963802337646,0.14688964188098907,0.3647411596029997,0.09005963802337646
1789687150.750026,traffic cone,0.6475,185,38,75,14,3.3145,3.3131,-1.5678418,0.13827565,2.916922,-1.5446125,0.2335581,2.921638,0.07170881032943721,0.3173567607998848,0.08396044969558725,0.03608196973800659,0.1267412781715393,0.07571943998336783
1789687150.792903,traffic cone,0.4908,290,177,203,162,3.3330,3.3319,-0.32518035,0.0755927,3.3162224,-0.3249061,0.07568109,3.3151965,0.2174857258796692,0.44578287601470945,0.0994144916534423,0.21228570193052285,0.4456752881407738,0.09421991109848005
1789687150.832795,traffic cone,0.3915,257,18,197,102,4.0240,4.7817,-2.2269893,0.35143337,3.3330693,-2.6534793,0.09784469,3.9766858,0.17476471662521398,0.0009183943271637296,0.11281402111053485,0.3710118532180786,0.4440339867025614,0.16351847648620543
1789687150.875935,truck,0.2002,2204,281,0,0,4.3953,,0.86137825,-0.66860616,4.2579,nan,nan,nan,0.3241993188858032,1.3097570836544037,0.29761457443237305,nan,nan,nan
1789687150.941139,traffic cone,0.8529,95,71,46,45,3.1280,3.1283,-1.9340031,0.060332447,2.45767,-1.9279325,0.11934325,2.4607434,0.11526906490325928,0.2389005944132805,0.09507465362548828,0.08333206176757812,0.23886604607105255,0.07715959548950169
1789687150.971306,traffic cone,0.8024,207,61,107,61,3.8351,3.8351,-0.8265866,0.11422378,3.7432096,-0.8265866,0.11422378,3.7432096,0.1445983648300171,0.3648025840520859,0.08761405944824219,0.1445983648300171,0.3648025840520859,0.08761405944824219
1789687151.009699,traffic cone,0.6488,186,39,74,14,3.3137,3.3143,-1.5681567,0.13853905,2.9158142,-1.545112,0.23325844,2.92284,0.06800949573516846,0.3175780951976776,0.08791604042053214,0.03406070470809941,0.12669120132923126,0.07753071784973153
1789687151.047612,traffic cone,0.4861,294,177,191,163,3.3332,3.3327,-0.3266776,0.07559624,3.3163092,-0.3266776,0.07564607,3.3157957,0.2125257909297942,0.44601613879203794,0.09898667335510236,0.21025127768516538,0.44608594179153443,0.09208209514617938
1789687151.075153,traffic cone,0.3928,255,18,195,102,4.0259,4.7790,-2.2278445,0.35131875,3.334895,-2.652818,0.13299629,3.9728153,0.1737891316413882,0.0010094791650772095,0.11433917284011841,0.3721560955047605,0.44363871663808824,0.1573487043380739
1789687151.120530,truck,0.1987,2199,280,0,0,4.3932,,0.86158645,-0.66883755,4.2556534,nan,nan,nan,0.3247199863195419,1.307855412364006,0.30267815589904856,nan,nan,nan
1789687151.211988,traffic cone,0.8502,99,73,45,43,3.1277,3.1282,-1.9356334,0.060329378,2.4559934,-1.9310997,0.11945093,2.4581485,0.11297037601470938,0.23862796276807785,0.099019432067871,0.08446793556213383,0.23872255831956862,0.07215468883514387
1789687151.248356,traffic cone,0.8005,205,62,105,62,3.8359,3.8359,-0.8243902,0.11383116,3.7445228,-0.8243902,0.11383116,3.7445228,0.14345196783542635,0.3650994073599577,0.08647584915161133,0.14345196783542635,0.3650994073599577,0.08647584915161133
1789687151.290093,traffic cone,0.6461,186,39,76,15,3.3178,3.3113,-1.5694088,0.13834509,2.919865,-1.545192,0.20491138,2.921438,0.06790692806243892,0.3173071950674057,0.08529608249664289,0.03343961238861093,0.12820211946964263,0.08014588356018049
1789687151.331835,traffic cone,0.4864,304,178,210,165,3.3331,3.3319,-0.32473668,0.044188023,3.316915,-0.32571995,0.0754154,3.3150847,0.2184423565864563,0.44588486701250074,0.10451110601425162,0.21794514358043662,0.4459627985954285,0.0958510398864747
1789687151.373806,traffic cone,0.3876,254,18,194,102,4.0277,4.7823,-2.2284503,0.35123608,3.336667,-2.6544228,0.0980947,3.9768262,0.17410396337509182,0.001272115111351002,0.11377106904983503,0.37160167694091806,0.4439737409353256,0.16463527679443413
1789687151.416468,truck,0.1904,2197,281,128,107,4.3934,7.9455,0.8611494,-0.66989,4.255734,4.107446,-1.0276896,6.7233343,0.32926470041275024,1.3097171187400818,0.30826330184936523,0.18193430900573748,1.5938431456685065,0.39569735527038574
1789687151.482191,traffic cone,0.8496,99,72,45,44,3.1283,3.1279,-1.935494,0.060197435,2.4569187,-1.9316914,0.11944756,2.4573004,0.11513897180557264,0.23875181898474693,0.09337795972824114,0.08337339758872986,0.23858283385634424,0.07555124759674081
1789687151.511006,traffic cone,0.8021,205,62,106,62,3.8380,3.8380,-0.8245516,0.11382118,3.7466648,-0.8245516,0.11382118,3.7466648,0.14845926761627193,0.3651080165058374,0.08754417896270761,0.14845926761627193,0.3651080165058374,0.08754417896270761
1789687151.551938,traffic cone,0.6452,186,39,75,14,3.3134,3.3127,-1.5695138,0.13826805,2.9147553,-1.544025,0.23372616,2.9215038,0.07028813362121578,0.31734159886837005,0.08335909843444833,0.03371139764785758,0.12731206715106966,0.08028612136840829
1789687151.597065,traffic cone,0.4886,299,179,212,165,3.3330,3.3306,-0.32601613,0.0754613,3.3161438,-0.32717288,0.07559091,3.3135886,0.2189552992582321,0.44606088399887084,0.09702208042144767,0.2172365874052047,0.44619139432907107,0.09293737411499015
1789687151.636903,traffic cone,0.3896,252,18,188,103,4.0275,4.7816,-2.228317,0.35130173,3.3364778,-2.6546483,0.09810701,3.975822,0.1777741193771365,0.0011521309614181963,0.10795263051986703,0.37176976203918466,0.44410815909504886,0.1590977191925047
1789687151.678410,truck,0.1901,2195,279,0,0,4.3944,,0.86120605,-0.6709708,4.2565846,nan,nan,nan,0.3310095429420471,1.308081355690956,0.3011466503143305,nan,nan,nan
1789687151.722964,traffic cone,0.8499,98,72,44,44,3.1286,3.1299,-1.9338648,0.060296275,2.4585526,-1.9301015,0.11963537,2.4610467,0.10927804708480848,0.238859074562788,0.09920811653137207,0.08020719289779676,0.23877958580851555,0.07468340396881112
1789687151.748650,traffic cone,0.8040,204,63,105,63,3.8403,3.8403,-0.82746124,0.11497906,3.7483306,-0.82746124,0.11497906,3.7483306,0.15422136187553404,0.36457914635539057,0.09190053939819354,0.15422136187553404,0.36457914635539057,0.09190053939819354
1789687151.776806,traffic cone,0.6471,182,36,76,14,3.3135,3.3119,-1.5661376,0.13817205,2.9167686,-1.5459274,0.23380889,2.9195979,0.06714993715286255,0.3170475363731384,0.07582610845565796,0.033556115627288774,0.12730735987424852,0.07188792228698748
1789687151.816479,traffic cone,0.4865,293,177,207,163,3.3329,3.3314,-0.3252412,0.07553688,3.3161414,-0.3252412,0.075579226,3.3146203,0.21510471701622005,0.446197909116745,0.09445724487304696,0.21360258162021634,0.44575780928134917,0.08951022624969474
1789687151.857801,traffic cone,0.3915,255,18,186,101,4.0253,4.7806,-2.2287178,0.3512039,3.333541,-2.6542015,0.098276466,3.9748898,0.1761699080467225,0.0010717540979385265,0.1105268359184266,0.3709287643432617,0.44436177611351013,0.16675281524658203
1789687151.900030,truck,0.1881,2201,279,0,0,4.3954,,0.861079,-0.66867065,4.258013,nan,nan,nan,0.32046298980712895,1.3104907751083374,0.30000619888305646,nan,nan,nan
1789687152.010622,traffic cone,0.8489,96,71,43,43,3.1294,3.1303,-1.9331833,0.060309455,2.4601057,-1.9316274,0.11946951,2.4603555,0.10727035999298096,0.23890992999076843,0.09552597999572754,0.0801805853843689,0.23900704383850097,0.06868059635162371
1789687152.035730,traffic cone,0.8023,206,60,105,60,3.8362,3.8362,-0.82658046,0.11374955,3.7444086,-0.82658046,0.11374955,3.7444086,0.14274257123470302,0.36499015502631665,0.07874686717987078,0.14274257123470302,0.36499015502631665,0.07874686717987078
1789687152.061954,traffic cone,0.6505,183,36,76,14,3.3150,3.3110,-1.5660578,0.13905215,2.918419,-1.543715,0.23345199,2.9197462,0.06808018684387207,0.31729524210095406,0.0819234848022461,0.0314526021480559,0.12760589718818663,0.07436100244522059
1789687152.107271,traffic cone,0.4833,300,175,178,143,3.3317,3.3253,-0.3262384,0.0752988,3.3147862,-0.3262384,0.07604019,3.3084078,0.21146406531333917,0.44583584666252135,0.10007507801055926,0.21457868218421938,0.381651309132576,0.08229985237121573
1789687152.149440,traffic cone,0.3901,253,18,188,102,4.0249,4.7824,-2.227252,0.35139653,3.3339753,-2.65362,0.13276416,3.9764447,0.17507915496826199,0.0007030546665191539,0.11237297058105478,0.36904437541961643,0.4441809207201004,0.16176559925079337
1789687152.194739,truck,0.1889,2202,281,129,106,4.3945,7.9333,0.8618401,-0.6695416,4.256815,4.110713,-0.8975175,6.7256384,0.3235926628112793,1.3100721687078476,0.301084041595459,0.18096590042114258,1.591550000011921,0.3952043056488037
1789687152.310217,traffic cone,0.8481,94,72,44,44,3.1270,3.1303,-1.933194,0.060181372,2.4571114,-1.9322108,0.119820625,2.459873,0.11350547075271589,0.23869932629168034,0.0946676373481754,0.08364090323448181,0.2385833475738764,0.0739398956298829
1789687152.346148,traffic cone,0.8032,205,60,105,60,3.8389,3.8389,-0.82448936,0.113756865,3.747633,-0.82448936,0.113756865,3.747633,0.14240136742591858,0.3650137156248092,0.08092000484466544,0.14240136742591858,0.3650137156248092,0.08092000484466544
1789687152.390142,traffic cone,0.6495,184,38,76,15,3.3159,3.3130,-1.5670295,0.13876583,2.9189556,-1.5433956,0.2622161,2.9197967,0.06900442838668819,0.3184825412929058,0.083669936656952,0.034261238574981645,0.1304164558649063,0.08565802574157688
1789687152.430755,traffic cone,0.4894,302,179,176,145,3.3323,3.3276,-0.32729056,0.075581774,3.3153577,-0.32729056,0.07610078,3.3105755,0.21825098991394043,0.4459408938884735,0.09546089172363281,0.21766641139984128,0.3815556764602661,0.08220939636230451
1789687152.458929,traffic cone,0.3866,256,18,190,102,4.0230,4.7820,-2.228039,0.35132524,3.3311877,-2.6545548,0.13275683,3.9753237,0.17625612020492554,0.0010573327541351651,0.11063494682312047,0.37397762537002555,0.44376139864325526,0.1648505210876463
1789687152.505085,truck,0.1884,2196,279,131,108,4.3946,7.9262,0.8616143,-0.66817856,4.257142,4.108699,-0.8973744,6.7185154,0.32901731729507455,1.3079912692308424,0.30246701240539586,0.17957377433776855,1.5945085912942885,0.389281916618347
1789687152.581680,traffic cone,0.8501,97,72,44,44,3.1273,3.1297,-1.9332603,0.06033735,2.457434,-1.9292604,0.11961314,2.4613805,0.10840978622436515,0.23883500471711158,0.1025169372558592,0.08108683824539176,0.23881605565547945,0.0709041237831114
1789687152.619630,traffic cone,0.8024,204,62,103,62,3.8379,3.8379,-0.8258069,0.11377105,3.7463179,-0.8258069,0.11377105,3.7463179,0.1432335078716278,0.3649221699684858,0.08752663135528538,0.1432335078716278,0.3649221699684858,0.08752663135528538
1789687152.664551,traffic cone,0.6501,184,37,76,15,3.3147,3.3123,-1.5673094,0.13864449,2.9174473,-1.5459137,0.2047031,2.9222965,0.07007462978363033,0.31694163978099826,0.0865699768066408,0.03467800617218031,0.12796621024608612,0.07681467533111563
1789687152.709830,traffic cone,0.4840,302,176,195,163,3.3323,3.3316,-0.3249302,0.04428588,3.3160794,-0.3254922,0.07563424,3.3148303,0.21475134789943695,0.4460088238120079,0.09620839357376099,0.2157515645027161,0.4459525942802429,0.09516620635986328
1789687152.753128,traffic cone,0.3825,254,18,188,102,4.0210,4.7829,-2.2246184,0.35129026,3.3311248,-2.6548028,0.13278352,3.9762704,0.17749100923538208,0.0011333674192428589,0.10850442647933978,0.37247623205184954,0.4441911730915308,0.16100530624389586
1789687152.798722,truck,0.1867,2192,279,129,107,4.3940,7.9304,0.8613354,-0.66953045,4.2564383,4.1060705,-0.89636976,6.725187,0.3172910213470459,1.3152405232191084,0.3037559986114502,0.17732615470886248,1.591866411268711,0.38836936950683576
1789687152.869433,traffic cone,0.8498,97,72,47,45,3.1265,3.1284,-1.9321556,0.060249113,2.4572163,-1.9304835,0.119589835,2.4588134,0.11397784948348999,0.2386589925736189,0.09226881265640285,0.08283338546752916,0.2386231526732445,0.07371883392333967
1789687152.897864,traffic cone,0.8007,205,60,105,60,3.8370,3.8370,-0.82331836,0.11375305,3.7459328,-0.82331836,0.11375305,3.7459328,0.14213696122169495,0.36524228788912294,0.08388514518737766,0.14213696122169495,0.36524228788912294,0.08388514518737766
1789687152.943237,traffic cone,0.6481,184,38,74,15,3.3148,3.3168,-1.5651001,0.13912264,2.9187748,-1.5443027,0.26181242,2.923602,0.06848126053810133,0.3189032584428787,0.08668254613876325,0.03281482458114637,0.12980722486972812,0.08869304656982413
1789687152.986726,traffic cone,0.4862,308,180,206,165,3.3319,3.3316,-0.32568038,0.04422473,3.3156478,-0.32656795,0.075553775,3.3146725,0.2204812005162239,0.4458367511630058,0.10167311429977399,0.21923758983612057,0.44581862092018126,0.09154152870178223
1789687153.028217,traffic cone,0.3773,255,18,189,101,4.0233,4.7855,-2.2281852,0.35142377,3.3315115,-2.655606,0.16708043,3.9775016,0.17623945474624625,0.0010411798954009788,0.11080566644668588,0.37003397941589355,0.4439826011657715,0.16684269905090332
1789687153.071872,truck,0.1868,2203,280,130,108,4.3944,7.9422,0.861387,-0.6687938,4.2569485,4.109989,-1.0279989,6.71791,0.3232912510633469,1.3079552218317987,0.29914476871490514,0.18240342140197807,1.5903495475649834,0.39613513946533185
1789687153.117338,traffic cone,0.8497,100,72,47,45,3.1257,3.1300,-1.9325197,0.060363516,2.4559555,-1.930512,0.11945161,2.46083,0.11448650956153861,0.2388761717826128,0.09234101772308323,0.08394730091094971,0.23885675072669982,0.07754597663879403
1789687153.144288,traffic cone,0.8017,204,61,104,61,3.8340,3.8340,-0.8247747,0.11426851,3.7424655,-0.8247747,0.11426851,3.7424655,0.15001577138900757,0.3656361326575279,0.08519268035888672,0.15001577138900757,0.3656361326575279,0.08519268035888672
1789687153.190171,traffic cone,0.6505,185,38,75,14,3.3153,3.3109,-1.5686502,0.13897943,2.917371,-1.542906,0.23378952,2.9200284,0.07090231180191053,0.317105033993721,0.08697651624679592,0.03230097293853751,0.1275984853506088,0.07693626880645743
1789687153.236240,traffic cone,0.4845,301,179,170,146,3.3327,3.3271,-0.32643685,0.075505555,3.3158152,-0.3271336,0.07602437,3.3100843,0.21881072223186493,0.44588432610034945,0.09514992237091091,0.21965286880731583,0.3814587704837322,0.08553135395050049
1789687153.281499,traffic cone,0.3792,256,18,191,103,4.0214,4.7817,-2.2246132,0.3511708,3.3316216,-2.6560357,0.09837088,3.9749904,0.17385022640228254,0.000873345136642445,0.11437857151031494,0.37380118370056126,0.44405655935406685,0.16227021217346227
1789687153.325731,truck,0.1850,2203,283,129,107,4.3950,7.9347,0.86164474,-0.6693562,4.25744,4.110152,-0.896832,6.727704,0.33110861182212825,1.3138362437486648,0.2989327907562256,0.18072743415832537,1.5910334080457689,0.40195169448852486
1789687153.408885,traffic cone,0.8504,93,71,46,45,3.1287,3.1290,-1.9346904,0.06017609,2.4581115,-1.9299155,0.11961892,2.4600396,0.11175781488418579,0.23875373601913452,0.09348249435424805,0.08291842937469474,0.23893473148345945,0.07684912681579581
1789687153.448453,traffic cone,0.8039,212,62,105,62,3.8382,3.8382,-0.82358235,0.11381689,3.7471185,-0.82358235,0.11381689,3.7471185,0.1467189818620681,0.36507399678230285,0.08634800910949725,0.1467189818620681,0.36507399678230285,0.08634800910949725
1789687153.489935,traffic cone,0.6507,187,39,76,14,3.3150,3.3124,-1.5695727,0.13871562,2.9165428,-1.5442349,0.23402092,2.921072,0.06925123929977417,0.3173840701580048,0.08197484016418422,0.03393300175666791,0.1270196169614792,0.0773204803466796
1789687153.533186,traffic cone,0.4970,314,179,174,146,3.3337,3.3283,-0.32505578,0.07536146,3.3169992,-0.3258434,0.07602972,3.3114243,0.21971439123153688,0.4458369702100754,0.10005788803100613,0.2201232835650444,0.381366228684783,0.08819448947906494
1789687153.574034,traffic cone,0.3718,254,18,188,102,4.0248,4.7847,-2.2270904,0.3512756,3.3339925,-2.6558106,0.13266101,3.9777434,0.17532359361648542,0.0012082964181900357,0.11189304590225246,0.37227345705032366,0.4441036626696586,0.16090011596679688
1789687153.617307,truck,0.1724,2199,281,130,107,4.3924,7.9364,0.86183196,-0.66932666,4.254728,4.1143146,-1.0285101,6.708235,0.32950180768966675,1.3083203434944153,0.29659318923950195,0.18007373809814453,1.5901794627308845,0.3803049564361567
1789687153.668908,traffic cone,0.8510,103,73,47,44,3.1269,3.1297,-1.9339466,0.060292915,2.4563723,-1.9280579,0.11958504,2.462318,0.11667509078979488,0.23874895572662352,0.09645395278930646,0.08363040685653678,0.23872226737439634,0.07060520648956325
1789687153.707447,traffic cone,0.8039,206,62,106,62,3.8386,3.8386,-0.8251164,0.11376813,3.7471647,-0.8251164,0.11376813,3.7471647,0.14481032490730283,0.3648865010589361,0.09050471782684344,0.14481032490730283,0.3648865010589361,0.09050471782684344
1789687153.753586,traffic cone,0.6486,184,37,75,14,3.3156,3.3134,-1.5667565,0.13758704,2.9188476,-1.5449418,0.23376603,2.9218302,0.06833910942077615,0.317922243475914,0.0788837432861329,0.033890044689178556,0.1269444063305855,0.07866854667663592
1789687153.798447,traffic cone,0.4965,311,176,204,162,3.3320,3.3319,-0.3252022,0.044316195,3.3158238,-0.3252022,0.07570207,3.3151276,0.21456893533468246,0.44590597599744797,0.09717130661010742,0.21328119784593574,0.4457975670695305,0.09240465164184597
1789687153.826616,traffic cone,0.3716,257,18,187,102,4.0279,4.7832,-2.229622,0.3513556,3.3360612,-2.652496,0.097786546,3.9791036,0.1759037971496582,0.000972720980644215,0.11106863021850621,0.37065787315368626,0.44427800849080085,0.15942072868347168
1789687153.872594,truck,0.1752,2185,276,132,109,4.3902,7.9348,0.86237216,-0.6501744,4.255335,4.1132183,-1.0293229,6.7069035,0.32042403519153595,1.3084969520568848,0.29861509799957275,0.18264551162719744,1.5909483760595322,0.39840621948242205
1789687153.967062,traffic cone,0.8509,97,72,47,45,3.1272,3.1299,-1.9325763,0.060258403,2.4578464,-1.931556,0.11971179,2.4598842,0.11562740802764893,0.2387868732213974,0.0905299186706543,0.08343548774719234,0.23871636986732483,0.0765407562255862
1789687153.993877,traffic cone,0.8041,205,61,106,61,3.8392,3.8392,-0.8261427,0.1143032,3.7475374,-0.8261427,0.1143032,3.7475374,0.1461438536643982,0.3647877871990204,0.08564138412475586,0.1461438536643982,0.3647877871990204,0.08564138412475586
1789687154.040260,traffic cone,0.6468,185,38,74,14,3.3143,3.3099,-1.5676786,0.13821065,2.916815,-1.5438398,0.2335183,2.9185157,0.0702811837196351,0.3169629268348217,0.0831974625587466,0.03154844045639038,0.12692745327949526,0.07962318658828726
1789687154.086929,traffic cone,0.4962,313,177,177,145,3.3329,3.3263,-0.3252084,0.07532051,3.3161724,-0.3252084,0.07614255,3.3094645,0.2170941650867462,0.4458235502243042,0.09528446197509766,0.21774848103523253,0.38147394359111786,0.08281183242797852
1789687154.131278,traffic cone,0.3744,257,18,190,103,4.0252,4.7813,-2.2275143,0.35137546,3.3342052,-2.6540117,0.098353446,3.975878,0.17490800619125357,0.001078030467033364,0.11268701553344762,0.37503776550292933,0.4440798118710518,0.16084403991699237
1789687154.179111,truck,0.1690,2193,281,129,107,4.3944,7.9346,0.8616108,-0.6685624,4.256884,4.112483,-1.0281684,6.7073326,0.3182483911514282,1.3135283589363098,0.3020930290222168,0.1850735187530521,1.5912505999207496,0.39727282524108887
1789687154.241978,traffic cone,0.8537,95,70,46,44,3.1284,3.1298,-1.9329712,0.060347244,2.4590726,-1.9297724,0.11939649,2.461197,0.10933624505996709,0.23865195475518705,0.09549093246459961,0.08039286732673645,0.23862274065613748,0.07285035848617527
1789687154.279687,traffic cone,0.8040,205,62,103,62,3.8368,3.8368,-0.82573104,0.113736525,3.7451785,-0.82573104,0.113736525,3.7451785,0.1480168223381042,0.3644358217716217,0.08649532794952419,0.1480168223381042,0.3644358217716217,0.08649532794952419
1789687154.321711,traffic cone,0.6444,184,37,77,14,3.3172,3.3142,-1.5664244,0.13748115,2.9208453,-1.5454223,0.2335634,2.9224696,0.0708033800125123,0.31749776005744934,0.0768702983856202,0.03393828868865967,0.12690415233373645,0.07367851734161412
1789687154.364980,traffic cone,0.5016,316,177,182,144,3.3351,3.3281,-0.32546914,0.07548717,3.3183537,-0.32548392,0.07621738,3.311242,0.21631951928138732,0.4458235025405884,0.10015096664428702,0.2173443824052811,0.38170863725244997,0.08404957056045514
1789687154.406925,traffic cone,0.3786,253,18,188,103,4.0252,4.7819,-2.2277403,0.35143188,3.3340886,-2.656549,0.098522246,3.9748147,0.17534167766571063,0.0009316354990005493,0.11191029548645037,0.372778749465942,0.44394001811742784,0.16411943435668963
1789687154.451053,truck,0.1675,2189,280,129,108,4.3955,7.9415,0.86155856,-0.66764057,4.2582626,4.1084595,-0.96280384,6.7276335,0.32011498808860783,1.310272717475891,0.3073374032974243,0.1831276655197147,1.593035352230072,0.40856778621673584
1789687154.496877,traffic cone,0.8520,92,70,47,45,3.1274,3.1299,-1.9334813,0.06030202,2.4573812,-1.9308438,0.1195848,2.4604197,0.10605042576789847,0.23858075924217703,0.09745562076568604,0.08322424888610858,0.23860133439302444,0.08037080764770499
1789687154.522778,traffic cone,0.8052,203,62,104,62,3.8385,3.8385,-0.8253504,0.11348413,3.7469835,-0.8253504,0.11348413,3.7469835,0.14656102359294887,0.36509264819324017,0.08639907836914062,0.14656102359294887,0.36509264819324017,0.08639907836914062
1789687154.552393,traffic cone,0.6447,186,39,76,14,3.3138,3.3123,-1.5680468,0.13878858,2.9160752,-1.5432268,0.23416106,2.9214594,0.06951874494552612,0.3175108179450035,0.08579077720642125,0.032226985692977994,0.12714149504899977,0.08060262203216562
1789687154.592827,traffic cone,0.5008,315,178,201,164,3.3334,3.3322,-0.3237744,0.0757027,3.3167822,-0.32606834,0.07571983,3.3153048,0.2178862363100052,0.4459274336695671,0.09615066051483145,0.2170916065573692,0.44585507214069364,0.09438676834106463
1789687154.634107,traffic cone,0.3789,252,18,188,103,4.0280,4.7840,-2.2285895,0.35147738,3.33691,-2.6581337,0.098374665,3.976386,0.17610665559768668,0.001058325171470642,0.11095337867736843,0.3720796823501584,0.44388681575655936,0.16181063652038574
1789687154.677004,truck,0.1693,2188,278,129,107,4.3905,7.9464,0.86056554,-0.65917456,4.2545357,4.1055813,-1.0278745,6.725538,0.31766781210899353,1.3081167340278625,0.303301525115967,0.18060178756713885,1.59254447221756,0.395137214660644
1789687154.780611,traffic cone,0.8524,93,70,46,45,3.1272,3.1306,-1.9333593,0.06037736,2.45715,-1.9316475,0.11972609,2.4606624,0.11007096171379072,0.23861515894532204,0.093562626838684,0.08429505825042738,0.23861070126295092,0.07442593574523926
1789687154.822104,traffic cone,0.8060,202,61,103,61,3.8384,3.8384,-0.8247672,0.114392966,3.7470345,-0.8247672,0.114392966,3.7470345,0.1466389298439026,0.36555374413728714,0.08582782745361328,0.1466389298439026,0.36555374413728714,0.08582782745361328
1789687154.850870,traffic cone,0.6394,175,39,76,14,3.3152,3.3126,-1.5701064,0.13835996,2.9165635,-1.5430281,0.2337019,2.9219503,0.06932915449142474,0.31734204888343814,0.08123242855072021,0.03424975275993347,0.12699048072099683,0.0776024103164672
1789687154.892668,traffic cone,0.5000,310,178,210,165,3.3331,3.3324,-0.32626808,0.044242233,3.3167543,-0.32724747,0.075510025,3.315475,0.21861240565776827,0.4459881693124771,0.0994267106056217,0.21759843230247486,0.445821475982666,0.09170427322387731
1789687154.933769,traffic cone,0.3871,254,18,190,103,4.0233,4.7816,-2.2261262,0.35128507,3.3328822,-2.6532795,0.09856346,3.9767036,0.17625042200088492,0.0010644346475601196,0.11046475172042847,0.3741879463195801,0.44382224008440974,0.16156144142150852
1789687154.976577,truck,0.1701,2184,277,132,110,4.3935,7.9415,0.86188984,-0.6678573,4.25607,4.1131563,-1.0280071,6.7150574,0.3193533420562743,1.310531222820282,0.3028071403503416,0.17698707580566442,1.5913399279117584,0.39482665061950684
1789687155.054694,traffic cone,0.8525,95,71,47,45,3.1280,3.1302,-1.9322317,0.060359493,2.4591384,-1.9318457,0.11959234,2.460017,0.10826396942138672,0.23863229155540466,0.09518909454345703,0.08152346611022954,0.23856316208839418,0.07551078796386745
1789687155.095940,traffic cone,0.8046,205,62,103,62,3.8385,3.8385,-0.824576,0.113967404,3.7471662,-0.824576,0.113967404,3.7471662,0.14482498168945301,0.3651883330196142,0.0885013818740843,0.14482498168945301,0.3651883330196142,0.0885013818740843
1789687155.141238,traffic cone,0.6351,174,38,75,14,3.3132,3.3129,-1.5669338,0.13939756,2.9159522,-1.5445504,0.23386666,2.9214365,0.06599575281143188,0.3172688603401184,0.08469777107238752,0.032709372043609575,0.12735327780246736,0.07909494638442993
1789687155.178445,traffic cone,0.5024,316,177,208,164,3.3328,3.3324,-0.3247697,0.07557607,3.316087,-0.3254493,0.07563074,3.3155875,0.2168440639972687,0.44612422585487366,0.09695577621459961,0.2159932419657707,0.44619202613830566,0.09017044305801392
1789687155.206081,traffic cone,0.3883,255,18,189,103,4.0267,4.7814,-2.2277055,0.35143328,3.3358622,-2.6545694,0.098441124,3.9756212,0.17412132024765015,0.0013096570968627597,0.11383477449417079,0.3722621202468872,0.44378662556409837,0.15767407417297408
1789687155.248306,truck,0.1703,2197,280,132,109,4.3955,7.9335,0.86151916,-0.66801286,4.2581587,4.110624,-1.0274239,6.7072835,0.3213076204061508,1.3085356518626214,0.2994213819503786,0.17861652374267578,1.5888873875141143,0.38263254165649396
1789687155.329966,traffic cone,0.8538,96,71,46,45,3.1271,3.1306,-1.9340677,0.060314253,2.4564817,-1.9306011,0.119511455,2.4615827,0.11137092113494873,0.23877181485295296,0.09362185001373291,0.08086884021759033,0.23856709301471712,0.07647571563720712
1789687155.365413,traffic cone,0.8028,205,62,105,62,3.8385,3.8385,-0.82600725,0.1138704,3.746801,-0.82600725,0.1138704,3.746801,0.14798328280448914,0.3648749064654112,0.0865391016006467,0.14798328280448914,0.3648749064654112,0.0865391016006467
1789687155.406343,traffic cone,0.6367,173,37,76,14,3.3160,3.3112,-1.5661206,0.13833952,2.9196408,-1.544208,0.23331994,2.919819,0.06841990947723375,0.31720604598522184,0.08515772819519007,0.033737415075302035,0.12702846378087998,0.07805206775665274
1789687155.449163,traffic cone,0.4960,313,178,204,164,3.3340,3.3334,-0.3254749,0.044342853,3.317766,-0.32639092,0.075629264,3.3165474,0.21699424237012863,0.4459184378385544,0.09289748668670672,0.2168678745627403,0.4459241807460785,0.08922982215881348
1789687155.489912,traffic cone,0.3880,253,18,189,103,4.0236,4.7826,-2.2262383,0.35116556,3.3331552,-2.6563401,0.09874138,3.9758766,0.17486646175384513,0.0009300112724304199,0.1125066041946412,0.3718966007232667,0.44395736157894133,0.159747457504273
1789687155.533165,truck,0.1731,2186,276,132,108,4.3911,7.9239,0.86164266,-0.6501236,4.2563906,4.1094246,-0.9629516,6.706178,0.31887923181056976,1.3067270815372467,0.3026667833328247,0.1830981254577635,1.5899948090314866,0.38878717422485387
1789687155.599138,traffic cone,0.8530,97,72,45,44,3.1293,3.1309,-1.9348358,0.06026867,2.458725,-1.9299151,0.11942284,2.4624963,0.11552774906158447,0.23891007155179977,0.09376159906387294,0.07882378101348886,0.23886535651981833,0.0724730134010314
1789687155.642061,traffic cone,0.8031,204,62,104,62,3.8394,3.8394,-0.8247126,0.11390093,3.748032,-0.8247126,0.11390093,3.748032,0.14601331949233998,0.3648889474570751,0.08946952819824228,0.14601331949233998,0.3648889474570751,0.08946952819824228
1789687155.687315,traffic cone,0.6356,174,38,76,14,3.3165,3.3145,-1.5684478,0.13813591,2.9189174,-1.5448737,0.23356596,2.9231381,0.06764351725578321,0.3178502947092056,0.08280899524688712,0.03311674594879155,0.12714876830577848,0.07498974800109837
1789687155.731979,traffic cone,0.4965,310,177,203,164,3.3319,3.3321,-0.32559493,0.013239458,3.315903,-0.3261162,0.07561961,3.3152514,0.2155037224292755,0.4459453195333481,0.09842309951782235,0.21587284654378888,0.4462039679288864,0.0951597571372984
1789687155.774265,traffic cone,0.3863,251,18,187,102,4.0241,4.7851,-2.2267375,0.35128847,3.3334303,-2.6566992,0.13275762,3.977649,0.17345677614212063,0.0013688713312148826,0.11466348171234131,0.37294079065322894,0.4439709670841694,0.16617040634155256
1789687155.817570,truck,0.1707,2187,277,128,106,4.3943,7.9421,0.8620968,-0.66739553,4.256945,4.1086593,-1.0286733,6.718432,0.31780850887298584,1.3079839676618576,0.29899625778198224,0.18067407608032227,1.5907986015081406,0.3994251489639282
1789687155.858983,traffic cone,0.8524,101,71,48,45,3.1272,3.1298,-1.9326382,0.060362563,2.457789,-1.9316568,0.11973755,2.4596837,0.11176759004592896,0.2388876974582672,0.09274327754974365,0.0844111442565918,0.23891325742006303,0.07789940834045384
1789687155.896750,traffic cone,0.8021,212,62,107,62,3.8386,3.8386,-0.8247086,0.11359382,3.7472136,-0.8247086,0.11359382,3.7472136,0.14569192230701444,0.3650561161339283,0.0852649927139284,0.14569192230701444,0.3650561161339283,0.0852649927139284
1789687155.940093,traffic cone,0.6378,185,39,76,15,3.3158,3.3160,-1.5664805,0.13875394,2.9191823,-1.5442069,0.2626679,2.922755,0.0710317969322205,0.3185554757714271,0.08020806312561035,0.03503360748291029,0.1293143093585968,0.08241145610809308
1789687155.985301,traffic cone,0.4971,316,180,195,164,3.3332,3.3309,-0.32544696,0.07549237,3.3164308,-0.325406,0.07549237,3.3140976,0.22013435810804366,0.44586496651172636,0.09845340251922607,0.216469594836235,0.4458547294139862,0.09200998544692984
1789687156.027784,traffic cone,0.3925,254,18,189,103,4.0265,4.7820,-2.229701,0.35151067,3.3342576,-2.6562512,0.09840737,3.9752092,0.1762713313102724,0.0010203152894973644,0.11059858798980704,0.3705724239349366,0.4439719073474407,0.16169257164001483
1789687156.074529,truck,0.1707,2191,278,132,108,4.3951,7.9277,0.86222017,-0.66887355,4.257487,4.112833,-0.96202564,6.708813,0.31936491727828975,1.3097940906882286,0.29844310283660924,0.18068439960479754,1.5893608383834363,0.3893376588821411
1789687156.133043,traffic cone,0.8538,94,71,45,45,3.1280,3.1306,-1.9311748,0.060323805,2.4599285,-1.9297147,0.11962962,2.4622138,0.11448562145233154,0.238857951015234,0.08988368511199951,0.08565979003906254,0.23881569653749465,0.0726411819458006
1789687156.171631,traffic cone,0.8025,206,61,106,61,3.8390,3.8390,-0.82540005,0.11445299,3.7474568,-0.82540005,0.11445299,3.7474568,0.1469981074333191,0.3648581802845001,0.08428335189819336,0.1469981074333191,0.3648581802845001,0.08428335189819336
1789687156.212914,traffic cone,0.6358,180,33,75,14,3.3154,3.3126,-1.5651188,0.13949943,2.919417,-1.5451577,0.23372024,2.9208107,0.06535873413085946,0.317249196767807,0.08066716194152823,0.0354165077209474,0.12671438008546831,0.0758621096611023
1789687156.255172,traffic cone,0.4984,315,178,206,164,3.3342,3.3322,-0.32615438,0.044348262,3.3179216,-0.32615438,0.0755865,3.3152933,0.21773422211408613,0.4463166519999504,0.09875298738479632,0.21654207408428186,0.4461367979645729,0.09542704820632952
1789687156.295981,traffic cone,0.3961,252,18,188,103,4.0229,4.7824,-2.2264938,0.3512602,3.3320909,-2.6545944,0.098499894,3.9767363,0.17707267999649057,0.000987154245376598,0.10895631313323983,0.37228224277496347,0.4441598504781723,0.16207866668701199
1789687156.338722,truck,0.1649,2191,279,131,107,4.3927,7.9341,0.86196256,-0.651058,4.257807,4.1103926,-1.0293685,6.7078195,0.323658412694931,1.3105382412672042,0.29739179611206,0.1826267719268797,1.58815595805645,0.3880535602569575
1789687156.405194,traffic cone,0.8552,97,71,46,44,3.1298,3.1296,-1.93286,0.060255557,2.4608548,-1.9281569,0.11950135,2.4621406,0.11084562540054321,0.23876618221402168,0.09430360794067383,0.08133019208908099,0.23877323865890504,0.07138777971267674
1789687156.449053,traffic cone,0.8024,205,61,106,61,3.8400,3.8400,-0.82794046,0.114109665,3.7479799,-0.82794046,0.114109665,3.7479799,0.14538812637329102,0.3646937757730484,0.0826869010925293,0.14538812637329102,0.3646937757730484,0.0826869010925293
1789687156.488659,traffic cone,0.6368,180,33,76,14,3.3166,3.3130,-1.564752,0.13948843,2.9209461,-1.5450823,0.23338123,2.9213467,0.06368694305419931,0.3174124240875244,0.07984685897827148,0.03439306616783133,0.12704348564147946,0.0753902792930603
1789687156.516515,traffic cone,0.4983,311,176,191,161,3.3327,3.3304,-0.32526845,0.07548083,3.3159306,-0.32542837,0.075484574,3.3135886,0.21499761939048767,0.445925235748291,0.09835904836654663,0.20845218002796173,0.44576653838157654,0.09359288215637207
1789687156.555525,traffic cone,0.3933,255,18,197,103,4.0249,4.7808,-2.2275455,0.35139692,3.333858,-2.6549287,0.098466784,3.9746659,0.17451303005218488,0.0006514132022857888,0.11338336467742938,0.37137722969055176,0.44392141327261925,0.16598176956176758
1789687156.602783,truck,0.1641,2190,280,135,111,4.3941,7.9331,0.86191696,-0.659325,4.25799,4.1119084,-1.0274861,6.7059503,0.3204578280448914,1.307573764026165,0.30080852508544886,0.18470072746276855,1.5891049429774284,0.3876917362213135
1789687156.675166,traffic cone,0.8545,97,71,46,45,3.1289,3.1303,-1.9345871,0.06043066,2.4584036,-1.9318227,0.11958246,2.460185,0.11340653896331787,0.23889973014593124,0.09377431869506836,0.08412063121795654,0.23882009088993073,0.07768487930297852
1789687156.716862,traffic cone,0.8041,206,62,106,62,3.8392,3.8392,-0.82490224,0.1137321,3.747798,-0.82490224,0.1137321,3.747798,0.1479509562253951,0.36465348973870276,0.08747868537902859,0.1479509562253951,0.36465348973870276,0.08747868537902859
1789687156.761152,traffic cone,0.6359,180,34,77,15,3.3179,3.3143,-1.5646989,0.14049906,2.9223633,-1.5442541,0.26205844,2.9207964,0.06532568335533151,0.31860710084438326,0.08429496288299543,0.033828365802764715,0.12886540889739992,0.0845767498016361
1789687156.805454,traffic cone,0.5083,313,178,202,164,3.3325,3.3317,-0.3256482,0.044286817,3.3162286,-0.32537055,0.07561526,3.3149297,0.2173226609826088,0.44597959518432617,0.097147560119629,0.21654266119003293,0.4458408445119858,0.09343609809875497
1789687156.847113,traffic cone,0.3963,255,18,188,103,4.0233,4.7839,-2.2280517,0.35146248,3.3315778,-2.6569474,0.09841339,3.9769588,0.17632423639297512,0.0009800821542739757,0.11058223247528076,0.373408818244934,0.44391007497906687,0.16689023971557582
1789687156.891382,truck,0.1635,2190,279,132,109,4.3940,7.9408,0.8611742,-0.6682742,4.2566266,4.1130514,-1.0271835,6.7144175,0.31789660453796387,1.3098317623138427,0.3054095268249508,0.1804509162902832,1.5912262558937071,0.3955180168151857
1789687156.942604,traffic cone,0.8547,98,71,47,45,3.1292,3.1314,-1.9339257,0.060373113,2.459325,-1.9324759,0.11965534,2.4610841,0.11225634813308716,0.23886961117386818,0.09452176094055176,0.08374526500701918,0.23881650120019915,0.07545237541198713
1789687156.982587,traffic cone,0.8043,205,60,107,60,3.8368,3.8368,-0.82499254,0.11393432,3.7452893,-0.82499254,0.11393432,3.7452893,0.14228313565254203,0.3651324443519115,0.08529388904571533,0.14228313565254203,0.3651324443519115,0.08529388904571533
1789687157.010981,traffic cone,0.6394,181,34,76,15,3.3170,3.3094,-1.5642619,0.14003901,2.9216075,-1.5423559,0.26242355,2.9161742,0.06390343308448809,0.31907314211130144,0.08114494085311907,0.03324712514877337,0.129824760556221,0.08542187213897723
1789687157.051439,traffic cone,0.5030,310,178,201,163,3.3330,3.3305,-0.3249691,0.07549605,3.3162394,-0.3254141,0.07552993,3.3137255,0.21658190637826918,0.4461322814226151,0.09207723140716562,0.21565290987491606,0.44612433612346647,0.09214584827423078
1789687157.091244,traffic cone,0.3918,253,18,188,102,4.0235,4.7837,-2.2282515,0.35128626,3.3317256,-2.657197,0.13294366,3.9755793,0.17849785089492798,0.0011872410774230735,0.10663596391677865,0.3716598987579345,0.44390848912298675,0.1608590364456175
1789687157.132791,truck,0.1638,2189,277,133,110,4.3948,7.9416,0.8622405,-0.667388,4.2574244,4.1102705,-1.0274315,6.7170973,0.3180250883102417,1.3086275219917298,0.29708147048950195,0.1806358575820921,1.5919384561479093,0.39800183773040754
1789687157.177020,traffic cone,0.8545,98,73,45,44,3.1287,3.1274,-1.9347513,0.060191065,2.4579628,-1.9281183,0.119524166,2.4594421,0.1124661445617674,0.23881515115499496,0.09604306221008319,0.08429442644119267,0.23874351419508455,0.07252811193466213
1789687157.203031,traffic cone,0.8038,212,61,105,61,3.8375,3.8375,-0.82664436,0.113910004,3.7456968,-0.82664436,0.113910004,3.7456968,0.14427721500396729,0.3650514930486679,0.08357954025268555,0.14427721500396729,0.3650514930486679,0.08357954025268555
1789687157.229165,traffic cone,0.6353,181,33,76,15,3.3160,3.3094,-1.565221,0.13961808,2.9199517,-1.5440328,0.20455171,2.9199517,0.06294572353363037,0.31708047091960906,0.0829408645629881,0.03257963657379159,0.12796748876571656,0.08101944923400861
1789687157.253796,traffic cone,0.5024,315,177,173,144,3.3334,3.3265,-0.3258375,0.075339094,3.3165953,-0.32512856,0.07611306,3.309733,0.21757936775684356,0.44584323167800904,0.10102710723876962,0.2173876628279686,0.3813494265079498,0.0833053946495057
1789687157.277540,traffic cone,0.3973,252,18,186,102,4.0211,4.7827,-2.2258303,0.35125005,3.3303647,-2.6549976,0.13253352,3.9759102,0.17343732118606559,0.001066306233406089,0.11505032777786273,0.3717558026313781,0.4440835904330015,0.16060702800750715
1789687157.317833,truck,0.1634,2191,280,129,106,4.3956,7.9400,0.8608954,-0.6688849,4.2582226,4.108289,-1.0281694,6.716254,0.31894046664237985,1.3106297940015792,0.29903333187103254,0.18257391452789307,1.5904350653290749,0.397743821144104
1789687157.481558,traffic cone,0.8565,97,72,46,45,3.1278,3.1308,-1.9332663,0.060321286,2.4581013,-1.9292121,0.11958614,2.4628398,0.11603356599807735,0.23878604657948016,0.09534543752670288,0.08441917896270756,0.23873315900564193,0.07455739974975595
1789687157.518082,traffic cone,0.7997,205,60,106,60,3.8369,3.8369,-0.82429504,0.113704324,3.7455952,-0.82429504,0.113704324,3.7455952,0.14181778728961947,0.3650476768612862,0.08160605430603018,0.14181778728961947,0.3650476768612862,0.08160605430603018
1789687157.558533,traffic cone,0.6335,180,33,75,14,3.3149,3.3104,-1.5647312,0.13888723,2.9190588,-1.541741,0.23393218,2.9201453,0.06337976455688477,0.3174274027347565,0.08363928794860875,0.03290041089057927,0.12813636660575864,0.07949427366256678
1789687157.588812,traffic cone,0.5116,314,179,209,165,3.3351,3.3348,-0.32717383,0.075439245,3.3181977,-0.32753754,0.07553294,3.317861,0.21948860883712767,0.4459042727947235,0.09745731353759757,0.217703291773796,0.44587150812149046,0.09528899192810059
1789687157.627640,traffic cone,0.3990,253,18,188,102,4.0256,4.7839,-2.2256596,0.3514653,3.3359256,-2.6558247,0.13286194,3.9768074,0.17644889354705828,0.0008490294218063688,0.11023316383361781,0.37263523340225246,0.44393943063914776,0.1620177507400511
1789687157.669659,truck,0.1596,2189,276,130,107,4.3939,7.9395,0.8620174,-0.6592715,4.257763,4.1108236,-1.0266036,6.7143292,0.3198074847459793,1.3081319108605385,0.294140100479126,0.1772219657897951,1.5927237033843995,0.39044904708862305
1789687157.754824,traffic cone,0.8552,97,71,47,45,3.1296,3.1319,-1.9344633,0.0604911,2.459393,-1.9296093,0.11964232,2.4639506,0.11021649837493896,0.23863385990262032,0.09831023216247559,0.0857751846313477,0.2386520355939865,0.07827463150024405
1789687157.783997,traffic cone,0.8000,212,62,104,62,3.8389,3.8389,-0.825009,0.113755256,3.7474635,-0.825009,0.113755256,3.7474635,0.14647487401962278,0.3645903583616018,0.0890102624893192,0.14647487401962278,0.3645903583616018,0.0890102624893192
1789687157.827300,traffic cone,0.6318,180,33,77,15,3.3179,3.3131,-1.5630186,0.13967064,2.9233665,-1.5450974,0.20545855,2.9234877,0.06326951980590834,0.31745052933692935,0.08284797668457022,0.03336498737335192,0.1281981945037842,0.07879843711853063
1789687157.867179,traffic cone,0.5102,317,177,198,165,3.3341,3.3329,-0.3240825,0.07549003,3.317492,-0.3240825,0.07562062,3.3162766,0.2167173147201538,0.44592244625091554,0.09965314865112296,0.21872346401214598,0.4459334075450897,0.09561586380004883
1789687157.894660,traffic cone,0.3985,255,18,190,103,4.0216,4.7824,-2.2250712,0.35127157,3.3315268,-2.6537066,0.0986917,3.9773097,0.17222819328308114,0.0010459274053573608,0.11704027652740479,0.3741329431533811,0.4440331093966961,0.16299252510070827
1789687157.938643,truck,0.1572,2188,276,133,111,4.3944,7.9358,0.8617635,-0.6685412,4.2568893,4.1110296,-1.0273387,6.7097616,0.319194495677948,1.3087670505046844,0.3006538152694702,0.1846027374267578,1.5909390673041344,0.3956868648529053
1789687158.025459,traffic cone,0.8563,101,73,46,44,3.1273,3.1319,-1.9340036,0.060283974,2.4568233,-1.9301473,0.11944996,2.463595,0.11481158733367924,0.238830940425396,0.09833145141601562,0.07991318106651302,0.23880842998623847,0.07427722215652466
1789687158.062857,traffic cone,0.8013,204,63,106,63,3.8386,3.8386,-0.8263506,0.11456102,3.7468867,-0.8263506,0.11456102,3.7468867,0.15503618121147156,0.36481080055236814,0.08813667297363281,0.15503618121147156,0.36481080055236814,0.08813667297363281
1789687158.103904,traffic cone,0.6320,181,33,75,14,3.3160,3.3100,-1.5640641,0.1397225,2.9206085,-1.5436543,0.23359856,2.918666,0.06442790031433088,0.3172264814376831,0.08197016716003436,0.0339834988117218,0.12725426554679872,0.07529983520507821
1789687158.146846,traffic cone,0.5068,309,177,205,163,3.3342,3.3334,-0.3255572,0.01301229,3.318274,-0.3255572,0.075612485,3.3165574,0.21573212146759027,0.44624620079994204,0.09625387191772461,0.21381560862064364,0.44619805216789243,0.09356715679168737
1789687158.186817,traffic cone,0.3995,254,18,185,101,4.0286,4.7834,-2.2295218,0.3512126,3.3369818,-2.654708,0.09822008,3.9779348,0.17335494756698644,0.0011470645666122326,0.11485463380813599,0.37017345428466797,0.4440932124853134,0.1599140167236328
1789687158.228835,truck,0.1574,2193,281,127,105,4.3944,7.9394,0.8617204,-0.66867137,4.256856,4.1200204,-1.0282723,6.7083664,0.31852465867996216,1.3134969472885132,0.30403709411621094,0.18214654922485352,1.589143431186676,0.38386373519897443
1789687158.282439,traffic cone,0.8557,96,73,46,45,3.1281,3.1309,-1.9341607,0.0603088,2.4577835,-1.9312327,0.11960447,2.4614165,0.11537001132965097,0.23881226480007173,0.09795103073120126,0.0831878423690795,0.23891109675168992,0.07716121673583975
1789687158.316240,traffic cone,0.7995,206,62,105,62,3.8399,3.8399,-0.8243786,0.11417091,3.7486725,-0.8243786,0.11417091,3.7486725,0.1470004379749298,0.36518911458551884,0.09529607295990017,0.1470004379749298,0.36518911458551884,0.09529607295990017
1789687158.359748,traffic cone,0.6315,181,33,75,14,3.3161,3.3124,-1.5628439,0.13969281,2.9214327,-1.544687,0.23352934,2.9208474,0.06265640258789062,0.317538845539093,0.07931699752807608,0.03314744830131522,0.12734838128089904,0.07255163192749015
1789687158.405710,traffic cone,0.5053,314,177,208,164,3.3333,3.3320,-0.32478225,0.013153404,3.3173795,-0.32533222,0.07561988,3.315235,0.21641497611999508,0.4459493339061737,0.09477596282958967,0.21693392544984813,0.4458958223462105,0.09259738922119176
1789687158.447497,traffic cone,0.3962,256,18,189,102,4.0235,4.7829,-2.226574,0.35125926,3.3328133,-2.6539123,0.132833,3.9768734,0.17359902858734122,0.0010228782892227062,0.11475701332092259,0.37129870653152475,0.44388852566480635,0.1624344825744628
1789687158.495535,truck,0.1572,2193,278,130,108,4.3951,7.9375,0.8615182,-0.6680498,4.257783,4.1070786,-1.0282907,6.7140408,0.31990550160408016,1.3088760316371917,0.30246224403381383,0.17824640274047798,1.5895573757588863,0.3860328197479248
1789687158.539317,traffic cone,0.8551,96,71,46,44,3.1276,3.1301,-1.9329005,0.060282305,2.4580154,-1.9308176,0.119580865,2.4607773,0.11177480220794678,0.23878008127212524,0.09576892852783203,0.08013456463813773,0.23880545385181906,0.07230416536331186
1789687158.565213,traffic cone,0.8004,205,61,105,61,3.8374,3.8374,-0.82376254,0.11385757,3.746207,-0.82376254,0.11385757,3.746207,0.14119815826416016,0.3649281859397888,0.08364391326904297,0.14119815826416016,0.3649281859397888,0.08364391326904297
1789687158.607306,traffic cone,0.6303,180,33,76,14,3.3150,3.3111,-1.5640576,0.13943899,2.919458,-1.5433908,0.23352763,2.9201202,0.06274988651275626,0.31777262687683105,0.07787346839904785,0.033479207754135265,0.12750353664159772,0.07349863052368155
1789687158.651020,traffic cone,0.5041,311,178,206,164,3.3339,3.3335,-0.3257623,0.04436609,3.3176684,-0.3273415,0.07565503,3.3165421,0.21804289668798446,0.4461904466152191,0.09561083316802987,0.21748024225234983,0.4461738631129265,0.09049570560455322
1789687158.693098,traffic cone,0.3947,252,18,187,103,4.0247,4.7830,-2.2266817,0.35138273,3.334127,-2.6569624,0.09842211,3.9759405,0.17321594953536978,0.000923982262611367,0.11524636745452899,0.37313799858093244,0.44394556134939195,0.1637258529663086
1789687158.737779,truck,0.1558,2203,282,130,108,4.3957,7.9360,0.8617586,-0.6704501,4.2579045,4.1156964,-1.0281924,6.707059,0.3266096353530884,1.3085619747638704,0.3024540424346922,0.18231339454650808,1.5887780591845513,0.3857537746429438
1789687158.822675,traffic cone,0.8526,94,71,46,45,3.1295,3.1323,-1.9336278,0.060409784,2.4599195,-1.9318151,0.11973184,2.4627657,0.11439526081085205,0.23879245296120644,0.09168505668640137,0.08652372360229488,0.23881952315568922,0.07597761154174831
1789687158.860144,traffic cone,0.7996,205,61,105,61,3.8360,3.8360,-0.82613885,0.11421469,3.7442734,-0.82613885,0.11421469,3.7442734,0.1469011902809143,0.3647460490465164,0.0863652229309082,0.1469011902809143,0.3647460490465164,0.0863652229309082
1789687158.904268,traffic cone,0.6367,181,33,74,14,3.3155,3.3111,-1.56317,0.13945931,2.920551,-1.5435597,0.2335656,2.9199958,0.06387183666229257,0.3174307346343994,0.08164725303649911,0.031707245111465276,0.12712189555168152,0.08128952980041504
1789687158.946589,traffic cone,0.5115,314,177,211,165,3.3348,3.3331,-0.32476884,0.07545853,3.3180773,-0.32476884,0.07558039,3.3163543,0.21721540689468383,0.4461911916732788,0.0967557430267334,0.21796558499336244,0.44616770148277285,0.09198031425476083
1789687158.986282,traffic cone,0.3918,256,18,188,102,4.0236,4.7822,-2.2262259,0.35128516,3.333148,-2.653998,0.13271439,3.975972,0.17742384672164935,0.00096871256828307,0.1084977388381958,0.3697144627571105,0.44407520145177837,0.16165726184844953
1789687159.028117,truck,0.1593,2191,280,132,109,4.3940,7.9173,0.86118305,-0.6690482,4.256522,4.1137614,-0.89798164,6.704849,0.3209778815507889,1.3102185249328613,0.3046359777450558,0.17787675857543928,1.5892360180616378,0.38900966644287127
1789687159.091152,traffic cone,0.8532,95,71,48,45,3.1251,3.1286,-1.9327105,0.060291752,2.4550595,-1.9298579,0.11962959,2.4596152,0.1147807240486145,0.23879433795809746,0.09545469284057617,0.08281447887420645,0.238766023516655,0.07859220504760733
1789687159.133598,traffic cone,0.8013,206,61,108,61,3.8392,3.8392,-0.8246474,0.11336434,3.747882,-0.8246474,0.11336434,3.747882,0.14078694581985474,0.36540307104587555,0.08655166625976562,0.14078694581985474,0.36540307104587555,0.08655166625976562
1789687159.174453,traffic cone,0.6369,180,33,75,14,3.3166,3.3163,-1.5647731,0.13930523,2.9209003,-1.5456522,0.23367198,2.9247522,0.0647842407226562,0.31747511923313143,0.08046665191650382,0.03163313865661621,0.12762041240930558,0.0780607700347904
1789687159.201699,traffic cone,0.5116,314,179,210,165,3.3345,3.3342,-0.32697725,0.07561958,3.317532,-0.32838047,0.07564473,3.317093,0.2191167265176773,0.44605207443237305,0.10064239501953143,0.21760222911834706,0.4459915280342102,0.09350223541259739
1789687159.228353,traffic cone,0.3954,252,18,188,103,4.0273,4.7847,-2.2285292,0.35158125,3.3361015,-2.65909,0.0986025,3.9765415,0.17431561946868923,0.00109011530876163,0.11329050064086932,0.37286877632141113,0.44440644755959513,0.16410484313964835
1789687159.268832,truck,0.1592,2190,277,132,108,4.3942,7.9162,0.8619867,-0.6672825,4.2568727,4.1104465,-0.89738816,6.7056503,0.3220800876617431,1.307582539319992,0.3025843620300286,0.17870776653289866,1.5880382515490055,0.38506438732147164
1789687159.348345,traffic cone,0.8537,96,73,46,45,3.1279,3.1303,-1.9328352,0.060260102,2.4585178,-1.9325897,0.119595885,2.4595447,0.11838264465332027,0.2387666806578636,0.09486055374145508,0.08317580223083487,0.23867036402225494,0.07491602897644034
1789687159.385646,traffic cone,0.8003,204,61,105,61,3.8398,3.8398,-0.8234037,0.11356661,3.748732,-0.8234037,0.11356661,3.748732,0.1406812071800232,0.3653886690735817,0.08225631713867188,0.1406812071800232,0.3653886690735817,0.08225631713867188
1789687159.430623,traffic cone,0.6324,181,34,77,15,3.3181,3.3150,-1.564839,0.14000465,2.922575,-1.5429784,0.26164237,2.9222827,0.06322457790374747,0.31935436129570005,0.0842980146408081,0.03104875087738046,0.13005225062370301,0.08912606239318865
1789687159.474255,traffic cone,0.5084,308,180,207,166,3.3335,3.3314,-0.32550803,0.07554059,3.3167129,-0.32468495,0.0757076,3.3146296,0.21979580521583555,0.4462604522705078,0.09783154726028442,0.21885881572961807,0.4462244585156441,0.09487420320510864
1789687159.516135,traffic cone,0.3992,252,18,187,103,4.0255,4.7896,-2.2289248,0.35129467,3.3336046,-2.6609387,0.16725197,3.9788976,0.17400071620941127,0.0013961374759674516,0.11384643316268939,0.37355401515960684,0.4442749671638012,0.16633691787719718
1789687159.561016,truck,0.1564,2186,279,126,104,4.3942,7.9362,0.8616546,-0.66831464,4.256781,4.1190386,-1.0286727,6.705136,0.3232914447784424,1.3124156266450884,0.29931988716125435,0.1757919549942022,1.5902058072388172,0.3864181995391842
1789687159.630885,traffic cone,0.8519,94,72,46,45,3.1297,3.1307,-1.9334457,0.06033206,2.4603498,-1.9306177,0.11969881,2.4616108,0.11331217885017408,0.23880148120224476,0.09379618167877224,0.08710176944732662,0.23874439150094984,0.07515802383422843
1789687159.655351,traffic cone,0.8029,204,62,105,62,3.8399,3.8399,-0.8250588,0.11377995,3.7484775,-0.8250588,0.11377995,3.7484775,0.14555919468402856,0.3647324856370687,0.08566634654998806,0.14555919468402856,0.3647324856370687,0.08566634654998806
1789687159.699291,traffic cone,0.6316,179,33,77,15,3.3186,3.3132,-1.5655731,0.13969366,2.9227836,-1.5467886,0.20517157,2.9227836,0.06328551769256596,0.317599293589592,0.08338317871093759,0.0325610756874084,0.12806271612644196,0.07748208045959482
1789687159.742327,traffic cone,0.5023,311,177,235,172,3.3346,3.3337,-0.3248983,0.075640365,3.3178701,-0.3242922,0.013061918,3.3178325,0.21603204905986784,0.44596085250377654,0.0967463970184328,0.20935671925544733,0.44589380621910096,0.09551173448562622
1789687159.782491,traffic cone,0.3965,255,18,191,103,4.0209,4.7815,-2.2255864,0.35151154,3.330326,-2.6557124,0.09844749,3.974943,0.1763145208358763,0.000935488939285245,0.11052521467208853,0.3753329277038575,0.4440398298203945,0.16333265304565447
1789687159.825683,truck,0.1628,2200,280,126,102,4.3944,7.9293,0.86175317,-0.6700531,4.25663,4.11847,-1.0326607,6.6967072,0.33008968234062186,1.3105585426092148,0.2979535818099972,0.17977724075317436,1.589751673489809,0.3854168176651003
1789687159.869634,traffic cone,0.8508,95,72,46,45,3.1290,3.1308,-1.9346294,0.06039211,2.4584346,-1.9308466,0.11953804,2.4616106,0.11385684013366704,0.23882952257990836,0.09590072631835911,0.08426535129547119,0.2388736456632614,0.07666430473327646
1789687159.896596,traffic cone,0.8026,203,62,104,62,3.8387,3.8387,-0.8251942,0.1138784,3.7471857,-0.8251942,0.1138784,3.7471857,0.14733591675758362,0.3646980348974466,0.08953223228454599,0.14733591675758362,0.3646980348974466,0.08953223228454599
1789687159.925338,traffic cone,0.6312,180,34,77,15,3.3169,3.3145,-1.5639949,0.1403743,2.921662,-1.5438846,0.26206058,2.9212317,0.06370669007301344,0.3186299487948418,0.08084628582000741,0.03348817825317396,0.12976731956005094,0.0917687892913821
1789687159.964955,traffic cone,0.5033,311,178,207,165,3.3344,3.3323,-0.32575336,0.04433229,3.3181057,-0.32489416,0.07569301,3.315528,0.21825450360774992,0.4459678590297699,0.09484260082244855,0.21642609238624563,0.44584945440292356,0.0941152572631836
1789687160.006029,traffic cone,0.4020,251,18,186,102,4.0266,4.7857,-2.2288952,0.35140833,3.3349164,-2.657075,0.13273454,3.9780822,0.17558482885360727,0.0008016020059585793,0.11173923015594456,0.3720807433128357,0.4439689423888922,0.16471459865570104
1789687160.047817,truck,0.1635,2196,280,126,103,4.3970,7.9374,0.86176413,-0.6705845,4.259254,4.1156063,-1.0364776,6.7074966,0.3297579467296601,1.314527055621147,0.2989764690399168,0.18432655334472692,1.5921284690499304,0.3831585884094242
1789687160.152379,traffic cone,0.8513,98,72,48,46,3.1269,3.1304,-1.9355477,0.06030049,2.455071,-1.9324085,0.11963132,2.4598234,0.1102430105209351,0.23874961733818054,0.10141446590423575,0.08101791143417358,0.23889105208218098,0.07233816385269165
1789687160.190478,traffic cone,0.8041,203,62,103,62,3.8397,3.8397,-0.8250884,0.113859475,3.7482746,-0.8250884,0.113859475,3.7482746,0.1495159178972244,0.36522230207920076,0.09030616283416748,0.1495159178972244,0.36522230207920076,0.09030616283416748
1789687160.232667,traffic cone,0.6315,179,33,76,14,3.3158,3.3129,-1.5649536,0.13924927,2.9198923,-1.5438026,0.23414403,2.921885,0.0648806095123291,0.3170616894960403,0.08337016105651873,0.033772909641266,0.12712509632110594,0.07859457731246922
1789687160.275364,traffic cone,0.5032,306,178,205,166,3.3342,3.3326,-0.326012,0.04441645,3.3179078,-0.326012,0.07564062,3.3157887,0.21811928302049635,0.4462652713060379,0.09886282682418823,0.21719583123922348,0.4462030380964279,0.09637224674224854
1789687160.316298,traffic cone,0.4032,257,18,192,103,4.0269,4.7856,-2.2279778,0.35163823,3.3358984,-2.6597216,0.098902434,3.977185,0.1757442593574523,0.0009857386350631825,0.11153533458709708,0.3741633892059326,0.4439789533615112,0.16459794044494647
1789687160.357359,truck,0.1576,2187,276,127,105,4.3946,7.9353,0.8617538,-0.6590591,4.258632,4.117197,-1.0297554,6.704962,0.32043327391147614,1.3087593168020248,0.296625018119812,0.17888498306274414,1.589876988530159,0.3889466285705572
1789687160.426983,traffic cone,0.8516,99,71,47,45,3.1284,3.1300,-1.9326612,0.060468048,2.4592247,-1.9305285,0.11971603,2.4607654,0.11202681064605713,0.2386329136788845,0.09288012981414795,0.08650953769683833,0.23851825594902037,0.07209820747375506
1789687160.474996,traffic cone,0.8048,205,61,106,61,3.8386,3.8386,-0.82609844,0.11422165,3.74692,-0.82609844,0.11422165,3.74692,0.14840877056121826,0.36479854583740234,0.08462953567504883,0.14840877056121826,0.36479854583740234,0.08462953567504883
1789687160.516669,traffic cone,0.6301,179,33,74,14,3.3192,3.3150,-1.5644442,0.13940553,2.9240127,-1.545074,0.23341715,2.9235673,0.06387453079223637,0.31772304177284244,0.08018355369567853,0.03424935340881352,0.12737090438604357,0.07672681808471671
1789687160.543668,traffic cone,0.5078,317,177,242,173,3.3347,3.3344,-0.32602242,0.07552658,3.3178926,-0.32602242,0.012943372,3.3183808,0.21300864219665522,0.44613856077194214,0.09596681594848633,0.21098323464393615,0.4459943413734436,0.09607267379760742
1789687160.585346,traffic cone,0.4037,253,18,187,103,4.0243,4.7817,-2.2259147,0.35146287,3.334123,-2.6525784,0.09855212,3.9773307,0.17787191867828378,0.0011717855930328258,0.10813683271408081,0.3710644245147705,0.4439660713076592,0.16156411170959473
1789687160.630752,truck,0.1605,2189,275,127,104,4.3928,7.9372,0.8616858,-0.65088207,4.2579613,4.116914,-1.0292748,6.707552,0.32078989744186404,1.3090829759836198,0.2947178363800047,0.1805435180664059,1.5902938187122344,0.3819699287414551
1789687160.688593,traffic cone,0.8511,98,72,47,45,3.1278,3.1306,-1.9343674,0.060413167,2.4572318,-1.9317251,0.11956638,2.460706,0.11458161473274231,0.2388843420892954,0.09715195894241324,0.08324577808380118,0.23881403952836988,0.07878575325012216
1789687160.724853,traffic cone,0.8034,206,62,106,62,3.8405,3.8405,-0.82449836,0.11378929,3.7492642,-0.82449836,0.11378929,3.7492642,0.14646086692810056,0.365021413192153,0.08663160800933856,0.14646086692810056,0.365021413192153,0.08663160800933856
1789687160.764730,traffic cone,0.6364,180,33,75,14,3.3173,3.3140,-1.5643604,0.13939604,2.921927,-1.5433176,0.23376167,2.9234138,0.06481389999389653,0.3176300793886185,0.08198776245117179,0.03536691665649405,0.1270094633102417,0.07374466657638523
1789687160.807125,traffic cone,0.5152,312,178,240,176,3.3330,3.3327,-0.32645786,0.044298157,3.3166964,-0.32645786,0.013010286,3.3166964,0.21772827655076984,0.44605155736207963,0.09566377401351955,0.21506858617067337,0.4460841044783592,0.09555560350418091
1789687160.847623,traffic cone,0.4017,256,18,189,102,4.0248,4.7854,-2.2253256,0.35135362,3.3352318,-2.6560054,0.13274899,3.978406,0.17724771499633807,0.0008712619543075895,0.10888215303421012,0.37412029504776,0.4441204681992531,0.16430730819702166
1789687160.889992,truck,0.1563,2210,283,123,103,4.3986,7.9426,0.861061,-0.67139757,4.26091,4.115549,-1.0296451,6.714734,0.33133840560913086,1.3140315264463425,0.2979919433593752,0.17552371025085467,1.5933428168296815,0.38889503479003906
1789687160.953664,traffic cone,0.8523,95,72,45,44,3.1278,3.1312,-1.9345958,0.060279354,2.457058,-1.9308472,0.11948916,2.4620562,0.11275545358657846,0.2386598762124777,0.09721025228500357,0.08100134730339059,0.23858240544795992,0.07110086679458627
1789687160.995707,traffic cone,0.8053,204,60,104,60,3.8373,3.8373,-0.8252847,0.11392285,3.7458112,-0.8252847,0.11392285,3.7458112,0.14288483560085297,0.3653271462768316,0.08098683357238778,0.14288483560085297,0.3653271462768316,0.08098683357238778
1789687161.040759,traffic cone,0.6369,180,33,75,14,3.3179,3.3115,-1.56676,0.13922584,2.921392,-1.5436673,0.23367897,2.9203234,0.06543827056884766,0.31747546195983883,0.07969856262207031,0.03534329533576974,0.12764570266008377,0.07535191774368277
1789687161.085099,traffic cone,0.5134,310,176,238,174,3.3343,3.3340,-0.32618445,0.04428134,3.3180285,-0.32618445,0.012986116,3.3180285,0.21323440223932266,0.4460478499531746,0.10004889965057373,0.20986822843551634,0.4460536763072014,0.10043442249298096
1789687161.120763,traffic cone,0.4007,255,18,190,103,4.0267,4.7797,-2.2271047,0.3513681,3.3362641,-2.6541228,0.09879953,3.9738665,0.1780874013900755,0.0010245472192764171,0.1075255274772644,0.3696536540985105,0.4439473539590835,0.1636184692382816
1789687161.154001,truck,0.1542,2190,280,0,0,4.3950,,0.8612852,-0.66820323,4.2576714,nan,nan,nan,0.3291707068681716,1.3111663967370986,0.30312979221343994,nan,nan,nan
1789687161.198096,traffic cone,0.8495,97,72,46,45,3.1272,3.1298,-1.9342982,0.060251735,2.4564972,-1.9316685,0.119544715,2.4597392,0.11681632995605473,0.238902185857296,0.09693152904510516,0.08094682693481436,0.2388588532805443,0.079658794403076
1789687161.224909,traffic cone,0.8045,206,61,104,61,3.8384,3.8384,-0.8272592,0.11397967,3.746457,-0.8272592,0.11397967,3.746457,0.14888787269592285,0.36517171561717987,0.08114242553710938,0.14888787269592285,0.36517171561717987,0.08114242553710938
1789687161.269560,traffic cone,0.6318,180,33,75,14,3.3170,3.3128,-1.5644052,0.13941616,2.9215918,-1.5443189,0.2336445,2.9215434,0.06469392776489258,0.31732141971588135,0.07855625152587864,0.0343100666999816,0.12715751230716707,0.077305293083191
1789687161.312362,traffic cone,0.5189,315,177,239,174,3.3327,3.3324,-0.32581013,0.07535958,3.3158593,-0.3250684,0.013030224,3.316502,0.21779097914695741,0.4459324687719345,0.09626884460449192,0.21392238736152644,0.44593904465436934,0.09658620357513437
1789687161.354905,traffic cone,0.3936,254,18,189,103,4.0261,4.7829,-2.227187,0.35143846,3.3355124,-2.657324,0.098893255,3.9755545,0.17731943130493155,0.0010688692331313754,0.10893259048461923,0.37268295288085973,0.4441698625683785,0.16495699882507342
1789687161.398518,truck,0.1548,2200,282,0,0,4.3951,,0.8613112,-0.6701131,4.2574263,nan,nan,nan,0.32919972240924833,1.3105526566505432,0.30253102779388374,nan,nan,nan
1789687161.483822,traffic cone,0.8497,97,72,46,44,3.1285,3.1312,-1.9334717,0.060427487,2.4587088,-1.9312748,0.119572,2.4618254,0.11297661662101754,0.23857152946293353,0.09571064710617039,0.07979658246040344,0.23847070820629596,0.0721215009689331
1789687161.520066,traffic cone,0.8035,207,60,107,60,3.8387,3.8387,-0.8251977,0.11385457,3.7472298,-0.8251977,0.11385457,3.7472298,0.14340059459209442,0.3650056842714548,0.08091769218444833,0.14340059459209442,0.3650056842714548,0.08091769218444833
1789687161.561101,traffic cone,0.6258,180,33,74,14,3.3179,3.3141,-1.563679,0.13919976,2.9230509,-1.544715,0.23345876,2.922821,0.06526286602020259,0.3176326036453247,0.08056011199951207,0.03412820100784297,0.12755165249109268,0.07443729639053354
1789687161.602682,traffic cone,0.5143,313,176,239,172,3.3335,3.3338,-0.32627106,0.044347003,3.317182,-0.32627106,0.01293163,3.3177295,0.21571440249681473,0.4458671361207962,0.09335410594940186,0.21309003680944438,0.44581192135810854,0.09376142024993905
1789687161.643015,traffic cone,0.3925,250,18,187,103,4.0246,4.7831,-2.2254324,0.3513554,3.3348954,-2.6552076,0.09862858,3.9771967,0.17451974153518668,0.0009092360734939686,0.11341685056686401,0.37130327224731463,0.4437224239110947,0.16467671394348127
1789687161.685064,truck,0.1556,2177,279,0,0,4.3955,,0.8622991,-0.66984385,4.257686,nan,nan,nan,0.31937710046768175,1.3120375901460648,0.3051270484924311,nan,nan,nan
1789687161.749369,traffic cone,0.8500,95,71,45,44,3.1281,3.1306,-1.9334377,0.060349748,2.4582505,-1.9297383,0.11960749,2.4621997,0.112518310546875,0.2387477122247219,0.09034085273742676,0.08229964971542358,0.23873957283794878,0.0702318549156189
1789687161.790673,traffic cone,0.8047,205,61,105,61,3.8394,3.8394,-0.8268017,0.114380926,3.747598,-0.8268017,0.114380926,3.747598,0.14621096849441528,0.3650216609239578,0.08342695236206055,0.14621096849441528,0.3650216609239578,0.08342695236206055
1789687161.832605,traffic cone,0.6288,180,33,76,14,3.3176,3.3141,-1.5652453,0.13954505,2.9218051,-1.5453067,0.23357402,2.9223974,0.06382274627685547,0.31760272681713103,0.08099007606506348,0.0336625874042511,0.1272531285881996,0.07768561840057364
1789687161.860294,traffic cone,0.5169,316,177,238,171,3.3350,3.3345,-0.32585633,0.07555875,3.3182104,-0.32730377,0.013001874,3.3184066,0.21732078790664672,0.446060574054718,0.0950080871582033,0.20996972918510437,0.44597961008548737,0.09625828266143799
1789687161.902039,traffic cone,0.3956,255,18,191,103,4.0258,4.7833,-2.2268336,0.35128686,3.3353925,-2.6568494,0.09861383,3.9763381,0.1742360115051267,0.0011320918798446988,0.11332628726959237,0.3706702709198,0.44417446479201317,0.16208624839782715
1789687161.945935,truck,0.1541,2179,280,0,0,4.3946,,0.86084425,-0.66759026,4.2574677,nan,nan,nan,0.32217802107334137,1.3090356826782226,0.30392124652862584,nan,nan,nan
1789687162.019294,traffic cone,0.8525,100,74,48,46,3.1290,3.1310,-1.9350936,0.060343437,2.4581146,-1.9334388,0.11960158,2.4598393,0.116213858127594,0.2389324638992548,0.09604113101959211,0.08148020505905151,0.2389370184391737,0.07877659797668457
1789687162.047172,traffic cone,0.8037,206,61,106,61,3.8399,3.8399,-0.8254172,0.11450249,3.7484214,-0.8254172,0.11450249,3.7484214,0.15197980403900146,0.3649643585085869,0.08124732971191406,0.15197980403900146,0.3649643585085869,0.08124732971191406
1789687162.087845,traffic cone,0.6270,180,33,74,14,3.3195,3.3148,-1.5640768,0.13929468,2.9245667,-1.5448916,0.23378846,2.9234548,0.06236443519592294,0.31775447428226467,0.0815476417541503,0.03200334906578073,0.12774434238672258,0.07520682811737078
1789687162.129389,traffic cone,0.5202,311,177,237,173,3.3336,3.3328,-0.32679605,0.0757148,3.3166902,-0.32679605,0.012983844,3.3167303,0.21255804896354666,0.44616528153419494,0.09567975997924805,0.2114064335823059,0.44613229036331176,0.09511351585388184
1789687162.170484,traffic cone,0.3899,255,18,187,101,4.0244,4.7862,-2.226966,0.35138115,3.3335712,-2.658308,0.09832883,3.9788635,0.17584729194641113,0.0010099947452545388,0.1112544655799863,0.36908578872680664,0.44422342628240585,0.16589045524597168
1789687162.211774,truck,0.1540,2177,278,0,0,4.3953,,0.8616854,-0.66805327,4.257903,nan,nan,nan,0.32192074656486513,1.3099068462848662,0.3004100799560545,nan,nan,nan
1789687162.276155,traffic cone,0.8520,96,72,47,45,3.1273,3.1315,-1.9338701,0.060402453,2.4569402,-1.9307839,0.11965397,2.462537,0.11512082815170288,0.2388638634234667,0.09213351011276227,0.08398628234863281,0.23875439465045928,0.07701740264892587
1789687162.319156,traffic cone,0.8027,203,62,104,62,3.8369,3.8369,-0.8238864,0.114010915,3.7457144,-0.8238864,0.114010915,3.7457144,0.14725041389465332,0.3649602886289358,0.0916722059249877,0.14725041389465332,0.3649602886289358,0.0916722059249877
1789687162.347226,traffic cone,0.6248,181,33,76,14,3.3184,3.3134,-1.5647317,0.13944486,2.9230218,-1.5431662,0.23391673,2.9227948,0.06289615631103507,0.31776222884655,0.08022327423095721,0.033453166484832764,0.12780921906232834,0.07738243341445905
1789687162.387825,traffic cone,0.5155,318,178,243,174,3.3343,3.3340,-0.325489,0.044373207,3.3180463,-0.325489,0.013002336,3.3180463,0.21747829914093017,0.44602841734886167,0.09614152908325213,0.21341540068387985,0.44595024138689043,0.09640150070190412
1789687162.428859,traffic cone,0.3921,254,18,188,102,4.0263,4.7840,-2.225791,0.35139143,3.3366451,-2.6548853,0.13293914,3.97752,0.1771692752838132,0.0010830551385879184,0.10906521081924447,0.3713730573654175,0.44400209821760656,0.16746158599853533
1789687162.470867,truck,0.1531,2178,276,0,0,4.3943,,0.8619952,-0.65915364,4.2582507,nan,nan,nan,0.320266455411911,1.308409407734871,0.2977759838104248,nan,nan,nan
1789687162.514493,traffic cone,0.8547,98,71,47,45,3.1284,3.1315,-1.9341717,0.060365915,2.4581375,-1.9322431,0.119552255,2.4613895,0.11206865310668945,0.2387591488659382,0.09156012535095215,0.08455440998077379,0.23863321989774705,0.0760977745056155
1789687162.541062,traffic cone,0.8029,204,61,105,61,3.8379,3.8379,-0.82529294,0.114586234,3.74641,-0.82529294,0.114586234,3.74641,0.14716798067092896,0.36522090435028076,0.08446025848388672,0.14716798067092896,0.36522090435028076,0.08446025848388672
1789687162.585487,traffic cone,0.6234,180,33,75,14,3.3173,3.3128,-1.5633378,0.13942492,2.9224868,-1.5432454,0.23384054,2.9220636,0.06360714435577397,0.31758534610271455,0.07966451644897488,0.03335225582122803,0.12766033709049227,0.0795295238494873
1789687162.628309,traffic cone,0.5213,306,177,233,173,3.3332,3.3326,-0.3270992,0.07563466,3.3162565,-0.3270992,0.013028309,3.3164864,0.2141329169273376,0.4458903789520264,0.09453363418579075,0.21190866827964785,0.44587579369544983,0.09469461441040039
1789687162.670510,traffic cone,0.3896,255,18,188,102,4.0234,4.7845,-2.2251272,0.35134652,3.333609,-2.65693,0.13293526,3.9768,0.1746842861175537,0.0009955942630768266,0.11281514167785645,0.3713640332221986,0.4442177332937718,0.15764129161834717
1789687162.781166,traffic cone,0.8547,99,73,47,45,3.1293,3.1300,-1.9339212,0.060203165,2.4593968,-1.9300095,0.119668245,2.4611907,0.11495685577392556,0.2387844666838646,0.09965782165527326,0.08225882053375244,0.23865841031074522,0.07649316787719718
1789687162.819031,traffic cone,0.8021,205,61,102,61,3.8405,3.8405,-0.8248838,0.114097744,3.7491293,-0.8248838,0.114097744,3.7491293,0.14780539274215698,0.3651658147573471,0.08438730239868164,0.14780539274215698,0.3651658147573471,0.08438730239868164
1789687162.859942,traffic cone,0.6299,180,33,75,14,3.3190,3.3142,-1.564773,0.13962016,2.9236941,-1.5433469,0.23392692,2.9236164,0.06285507678985591,0.3174077928066254,0.07923707962036097,0.03452453017234802,0.12680736929178238,0.07729742527008021
1789687162.901412,traffic cone,0.5181,311,176,236,172,3.3350,3.3345,-0.325718,0.07562277,3.3181703,-0.325718,0.013026506,3.3185413,0.21258387714624405,0.44622258841991425,0.0978846549987793,0.21112094223499298,0.44622412621974944,0.09797697067260724
1789687162.941850,traffic cone,0.3897,258,18,191,103,4.0192,4.7813,-2.2239766,0.35121787,3.3293452,-2.6544092,0.098260105,3.9756193,0.17738208770751918,0.0009598195552826261,0.10853888988494864,0.3714750528335573,0.4440618693828583,0.16353521347045907
1789687162.983832,truck,0.1522,2178,279,0,0,4.3956,,0.86067575,-0.66729563,4.2585793,nan,nan,nan,0.3216372787952423,1.3082608580589294,0.30230712890625,nan,nan,nan
1789687163.047146,traffic cone,0.8544,99,73,48,45,3.1275,3.1306,-1.9326702,0.060291484,2.4581807,-1.9296244,0.11971505,2.4623044,0.11621010303497314,0.2387957125902176,0.09643292427062988,0.08533523082733141,0.2387373760342598,0.07824583053588885
1789687163.082515,traffic cone,0.8025,204,62,104,62,3.8394,3.8394,-0.8263647,0.11517921,3.7476623,-0.8263647,0.11517921,3.7476623,0.15598571896553037,0.36145467273890974,0.08782970905303955,0.15598571896553037,0.36145467273890974,0.08782970905303955
1789687163.114251,traffic cone,0.6277,180,33,74,14,3.3182,3.3133,-1.5630484,0.13966863,2.923622,-1.5434972,0.23394102,2.9224353,0.06382496356964129,0.31761654615402224,0.08024387359619167,0.03189546465873705,0.12728311121463778,0.07822704315185547
1789687163.150739,traffic cone,0.5158,315,177,241,174,3.3333,3.3333,-0.3257516,0.07570307,3.3164573,-0.32564986,0.013028033,3.3173778,0.21400925517082206,0.4459850341081619,0.0948833465576171,0.211571042239666,0.4460001438856125,0.09506316184997532
1789687163.176374,traffic cone,0.3902,258,18,189,101,4.0227,4.7828,-2.2238755,0.35125905,3.333613,-2.655374,0.09833442,3.9767284,0.1746027231216427,0.0008307754993439054,0.11311386823654157,0.3680412769317627,0.44396962970495224,0.16303110122680664
1789687163.212301,truck,0.1506,2177,278,0,0,4.3953,,0.86147773,-0.66759086,4.2580223,nan,nan,nan,0.31795897781848914,1.3112047746777535,0.2997552394866938,nan,nan,nan
1789687163.306719,traffic cone,0.8509,95,71,46,46,3.1288,3.1323,-1.9332091,0.060356334,2.4593358,-1.9312655,0.11959137,2.46319,0.11052173376083374,0.239235308021307,0.09313344955444336,0.08564344048500061,0.23920990899205208,0.0761447548866272
1789687163.342872,traffic cone,0.8053,205,62,104,62,3.8376,3.8376,-0.82359105,0.11385806,3.74644,-0.82359105,0.11385806,3.74644,0.14502874314784997,0.3651321232318878,0.08844583034515408,0.14502874314784997,0.3651321232318878,0.08844583034515408
1789687163.386893,traffic cone,0.6312,180,34,76,15,3.3187,3.3165,-1.5644177,0.1404178,2.9234638,-1.5428514,0.2630104,2.923917,0.06160970926284781,0.31853091642260556,0.07896008491516104,0.035886061191558793,0.12981532514095306,0.08903541564941397
1789687163.429108,traffic cone,0.5143,321,177,244,172,3.3344,3.3345,-0.3250435,0.01314503,3.3184655,-0.32480395,0.013052739,3.3186278,0.2147285401821136,0.4460895359516144,0.09581985473632804,0.21020332723855964,0.4460747554898262,0.09474555253982553
1789687163.473616,traffic cone,0.3877,254,18,187,102,4.0226,4.7840,-2.2264535,0.3515465,3.3317814,-2.6548803,0.13295342,3.9774609,0.17164368629455584,0.0011109977960586659,0.11623525619506836,0.3719456434249877,0.4439701195806265,0.16266787052154497
1789687163.565426,traffic cone,0.8500,96,72,45,44,3.1293,3.1291,-1.9330541,0.060293444,2.460073,-1.9287283,0.1194877,2.461078,0.11401523947715764,0.2388934437185526,0.09844523668289185,0.08076960444450387,0.23884846083819866,0.07055836915969849
1789687163.594759,traffic cone,0.8049,204,62,103,62,3.8363,3.8363,-0.8248124,0.11390069,3.7448328,-0.8248124,0.11390069,3.7448328,0.14592585563659666,0.3653184864670038,0.08591008186340332,0.14592585563659666,0.3653184864670038,0.08591008186340332
1789687163.633832,traffic cone,0.6282,180,34,77,15,3.3182,3.3164,-1.5643256,0.14021854,2.9229636,-1.5453534,0.26184452,2.92264,0.06279785037040697,0.3193489655852318,0.08195241689681998,0.03237878084182744,0.12946499884128573,0.08403391838073704
1789687163.676233,traffic cone,0.5166,312,177,238,173,3.3349,3.3344,-0.32557034,0.075720474,3.31814,-0.32058775,0.012908801,3.3189013,0.21543346941471098,0.4459934502840042,0.09317417144775364,0.2145545512437821,0.44594135582447053,0.09217429161071777
1789687163.720122,traffic cone,0.3931,255,18,190,103,4.0231,4.7827,-2.2285542,0.35114837,3.3309894,-2.6545253,0.09855406,3.9771836,0.17578721046447754,0.0009451061487197876,0.11108264923095712,0.3755898952484129,0.4440485380589962,0.16583490371704057
1789687163.796478,traffic cone,0.8502,99,72,48,46,3.1276,3.1292,-1.9325564,0.060407028,2.4583874,-1.9314641,0.1195807,2.4590435,0.11450027823448194,0.23886591233313081,0.09350001811981201,0.08384516835212708,0.23884239234030247,0.07664388418197632
1789687163.821629,traffic cone,0.8055,204,60,104,60,3.8387,3.8387,-0.8256532,0.11402553,3.7471235,-0.8256532,0.11402553,3.7471235,0.1424622178077698,0.36519728116691114,0.08070461750030544,0.1424622178077698,0.36519728116691114,0.08070461750030544
1789687163.849329,traffic cone,0.6339,180,33,75,14,3.3162,3.3114,-1.5649632,0.13902785,2.9203465,-1.5433081,0.23395404,2.9203742,0.06539008617401132,0.3175179362297058,0.07788515090942383,0.03243537545204167,0.12803487181663514,0.07906802892684928
1789687163.887581,traffic cone,0.5191,307,177,239,175,3.3336,3.3330,-0.3271947,0.07553901,3.3166602,-0.32650375,0.013056725,3.3169649,0.21393546462059015,0.44603154957294466,0.09675302505493155,0.2145233899354934,0.44596025049686433,0.09690806865692148
1789687163.927121,traffic cone,0.3949,253,18,188,103,4.0255,4.7842,-2.225453,0.35135758,3.3359504,-2.6555266,0.09868573,3.978273,0.1779271960258484,0.0009020388126373402,0.10777716636657741,0.3739131689071655,0.4440558075904846,0.1658539295196535
1789687164.084034,traffic cone,0.8493,98,72,47,45,3.1293,3.1306,-1.9337469,0.060488537,2.4596248,-1.9312733,0.119712174,2.4610505,0.11316778659820548,0.23894596993923187,0.0924903869628908,0.08185710906982435,0.2389599695801735,0.07781300544738778
1789687164.122509,traffic cone,0.8042,204,61,104,61,3.8385,3.8385,-0.8261599,0.11335242,3.7468548,-0.8261599,0.11335242,3.7468548,0.143568754196167,0.36479713022708893,0.08699464797973633,0.143568754196167,0.36479713022708893,0.08699464797973633
1789687164.150892,traffic cone,0.6304,181,33,77,14,3.3185,3.3138,-1.5664381,0.1391381,2.9222112,-1.5437553,0.23326732,2.922901,0.06363780498504634,0.3177189946174621,0.08077182769775382,0.033830022811889515,0.12786160409450528,0.07206397056579572
1789687164.191401,traffic cone,0.5215,308,178,235,173,3.3335,3.3340,-0.326393,0.044433005,3.3172073,-0.32766902,0.012933627,3.3178337,0.21735282838344577,0.4462145119905472,0.09465830326080349,0.21443383097648624,0.44627225399017334,0.09615306854248074
1789687164.230615,traffic cone,0.3896,256,18,191,103,4.0221,4.7868,-2.2245,0.35125843,3.332456,-2.660209,0.09866986,3.9783354,0.1741971254348753,0.000926479697227478,0.11394119262695312,0.37723102569580114,0.4441379487514496,0.16729555130004892
1789687164.306547,traffic cone,0.8494,96,72,47,45,3.1277,3.1316,-1.9329898,0.06034226,2.4581256,-1.9300491,0.11967698,2.4632444,0.11499902606010437,0.23879137337207795,0.0922406196594241,0.0819446086883544,0.23873911201953887,0.07865839004516584
1789687164.344446,traffic cone,0.8036,207,62,106,62,3.8395,3.8395,-0.8248334,0.11377782,3.7481225,-0.8248334,0.11377782,3.7481225,0.14646746516227727,0.36500760316848757,0.086586284637451,0.14646746516227727,0.36500760316848757,0.086586284637451
1789687164.372405,traffic cone,0.6302,180,33,75,14,3.3160,3.3116,-1.5631018,0.13952371,2.921153,-1.5432732,0.23344661,2.920734,0.06330556869506831,0.31742299497127535,0.07902297973632821,0.03363443017005907,0.12749032527208326,0.07390639781951913
1789687164.412846,traffic cone,0.5210,313,177,209,166,3.3326,3.3325,-0.3252693,0.013221055,3.3166242,-0.3251946,0.07577139,3.3157015,0.21455413699150083,0.4461614012718201,0.09689493179321307,0.21874507516622543,0.44610629230737686,0.09291815757751465
1789687164.448242,traffic cone,0.3876,255,18,187,102,4.0225,4.7842,-2.2260308,0.3513517,3.3319895,-2.6555355,0.13302764,3.9773095,0.17609794139862078,0.0006844818592071644,0.110685062408447,0.3743574619293213,0.44428174272179605,0.16329371929168657
1789687164.573534,traffic cone,0.8495,98,72,46,44,3.1290,3.1322,-1.9339159,0.060380332,2.4589968,-1.9312255,0.11950883,2.463128,0.11379985809326176,0.2388818494975567,0.09335801601409921,0.08064854741096483,0.23889398947358131,0.07112129926681554
1789687164.614560,traffic cone,0.8011,206,61,106,61,3.8412,3.8412,-0.8254281,0.113746285,3.7497425,-0.8254281,0.113746285,3.7497425,0.14070773124694824,0.36491940915584564,0.0843968391418457,0.14070773124694824,0.36491940915584564,0.0843968391418457
1789687164.642555,traffic cone,0.6315,180,33,76,14,3.3192,3.3144,-1.5662209,0.13917375,2.9231179,-1.5451963,0.23356505,2.9228623,0.06529870033264173,0.31723359525203704,0.07934632301330602,0.03604837059974675,0.1270790234208107,0.0741308331489563
1789687164.682251,traffic cone,0.5159,312,178,239,172,3.3341,3.3347,-0.3265667,0.04430546,3.3177705,-0.32770935,0.012893952,3.3185186,0.21788999438285825,0.4462570697069168,0.09649134874343845,0.21414888203144067,0.44618312269449234,0.0981369376182557
1789687164.721470,traffic cone,0.3832,250,18,186,103,4.0263,4.7847,-2.2274683,0.3513154,3.3355708,-2.6603737,0.098873496,3.9756885,0.1744938731193546,0.0009643465280532726,0.1129666447639468,0.37426741123199436,0.4441296994686127,0.15824618339538565
1789687164.830034,traffic cone,0.8502,95,71,45,44,3.1293,3.1300,-1.9343982,0.06039843,2.4591012,-1.9302068,0.119488254,2.4611092,0.11025673151016235,0.23863495513796806,0.09638190269470215,0.0824139416217804,0.23863252066075802,0.06873942613601658
1789687164.863194,traffic cone,0.8026,205,60,103,60,3.8384,3.8384,-0.8223892,0.11330779,3.7475827,-0.8223892,0.11330779,3.7475827,0.13472441434860227,0.36451966054737567,0.08644907474517805,0.13472441434860227,0.36451966054737567,0.08644907474517805
1789687164.907494,traffic cone,0.6272,180,35,78,16,3.3176,3.3185,-1.562925,0.1408027,2.9230251,-1.5446405,0.23566854,2.9276657,0.06327587366104126,0.31877617686986925,0.09129614830017063,0.03389611840248108,0.1296408399939537,0.11602813005447388
1789687164.949269,traffic cone,0.5208,311,176,236,171,3.3333,3.3331,-0.32643783,0.04452511,3.3169866,-0.3261844,0.012982339,3.3170285,0.21505729109048843,0.44602157175540924,0.09632813930511475,0.21046917140483856,0.44596903026103973,0.0951918363571167
1789687164.990049,traffic cone,0.3869,257,18,191,103,4.0253,4.7827,-2.2280586,0.3514262,3.3339148,-2.6561162,0.09893407,3.9760606,0.17718081474304226,0.0010893821716308483,0.1091878652572631,0.37207746505737305,0.4439306356012821,0.16549024581909189
1789687165.070514,traffic cone,0.8496,96,71,47,45,3.1288,3.1320,-1.9329482,0.060547173,2.4595506,-1.9324435,0.119811416,2.461906,0.1100844144821167,0.23897367343306541,0.09130311012268066,0.08520667552948002,0.238923716545105,0.07412033081054714
1789687165.094396,traffic cone,0.8014,205,60,104,60,3.8415,3.8415,-0.8258021,0.11375749,3.7499707,-0.8258021,0.11375749,3.7499707,0.14133400321006773,0.3652309697121382,0.08177831172943106,0.14133400321006773,0.3652309697121382,0.08177831172943106
1789687165.122639,traffic cone,0.6291,180,33,76,14,3.3181,3.3137,-1.5643401,0.1393806,2.9229007,-1.5445442,0.23407526,2.9223528,0.06375288963317871,0.31758218109607694,0.07761058807373011,0.03301439881324786,0.12737815082073212,0.07212176322937003
1789687165.166955,traffic cone,0.5238,313,179,238,174,3.3344,3.3338,-0.32703283,0.075580835,3.3175018,-0.32718566,0.013003118,3.3177228,0.21886625587940217,0.44586843252182007,0.10103762149810791,0.21428991705179212,0.4458791986107826,0.10122686624526978
1789687165.206079,traffic cone,0.3964,254,18,189,103,4.0277,4.7843,-2.2284722,0.3512534,3.3366468,-2.658116,0.09868145,3.976768,0.17759358882904053,0.0010360091924667691,0.10826090574264535,0.3748448371887205,0.4437904916703701,0.16567311286926278
1789687165.339442,traffic cone,0.8487,97,73,47,45,3.1290,3.1315,-1.9337701,0.060410038,2.459148,-1.9316744,0.1197038,2.461773,0.11515986919403076,0.2388485938310623,0.09641547203063938,0.08485007286071777,0.23879913240671158,0.07221364974975586
1789687165.375105,traffic cone,0.8017,207,61,106,61,3.8388,3.8388,-0.82417893,0.11341274,3.7475846,-0.82417893,0.11341274,3.7475846,0.14151382446289062,0.36555318534374237,0.08958005905151367,0.14151382446289062,0.36555318534374237,0.08958005905151367
1789687165.419724,traffic cone,0.6240,179,33,74,14,3.3179,3.3127,-1.5643193,0.13947913,2.9226916,-1.5446441,0.23364457,2.9212003,0.06423907279968266,0.3172949343919754,0.07686181068420428,0.03332267403602596,0.12730585783720014,0.07650631666183472
1789687165.462049,traffic cone,0.5287,315,177,242,173,3.3368,3.3360,-0.32646546,0.07579905,3.319969,-0.32388547,0.012989461,3.320208,0.21728285551071164,0.44632859230041505,0.09656629562377939,0.21615439057350158,0.44621450304985044,0.09403395652770996
1789687165.503156,traffic cone,0.3947,252,18,185,102,4.0258,4.7841,-2.2279878,0.35136864,3.3346148,-2.6562598,0.0980797,3.9777503,0.17338120937347412,0.0009734690189361905,0.11511201858520526,0.3731294631958004,0.4439586713910103,0.16511981487274152
1789687165.586870,traffic cone,0.8488,98,72,48,45,3.1292,3.1321,-1.93317,0.060352996,2.4598954,-1.9315691,0.11967072,2.4626126,0.1131797313690186,0.23873246647417545,0.09072995185852051,0.0850741624832152,0.23868348002433776,0.07298784255981428
1789687165.624055,traffic cone,0.8049,204,61,105,61,3.8397,3.8397,-0.8261936,0.11324039,3.7480645,-0.8261936,0.11324039,3.7480645,0.14156889915466309,0.36460157483816147,0.08512353897094727,0.14156889915466309,0.36460157483816147,0.08512353897094727
1789687165.665795,traffic cone,0.6224,181,34,76,15,3.3168,3.3157,-1.5642267,0.13993134,2.9214208,-1.5442839,0.26255447,2.9223862,0.06576190590858455,0.31854569911956787,0.07778468132019034,0.035052490234374956,0.1295646756887436,0.08276519775390634
1789687165.703990,traffic cone,0.5255,313,179,239,174,3.3341,3.3342,-0.32704538,0.07568085,3.3171234,-0.32577133,0.013053805,3.318237,0.21804286837577816,0.44658085107803347,0.10043454170227051,0.21682790070772168,0.44614520370960237,0.09921207427978507
1789687165.729730,traffic cone,0.3931,253,18,189,103,4.0251,4.7859,-2.2287865,0.3511206,3.333226,-2.659893,0.09893125,3.9774938,0.17643396854400661,0.0008745878934859896,0.11008267402648908,0.3728440761566163,0.443913708627224,0.16505122184753374
1789687165.844461,traffic cone,0.8493,96,72,45,44,3.1291,3.1293,-1.9366858,0.060444415,2.4569814,-1.928958,0.1195693,2.4611366,0.11087608337402344,0.23889564648270606,0.09610272645950335,0.08114764094352722,0.23889940083026884,0.07333586215972865
1789687165.881158,traffic cone,0.8049,205,62,104,62,3.8394,3.8394,-0.8250003,0.11403747,3.747985,-0.8250003,0.11403747,3.747985,0.14358535706996922,0.36501201838254926,0.08854005336761483,0.14358535706996922,0.36501201838254926,0.08854005336761483
1789687165.920362,traffic cone,0.6332,180,33,77,15,3.3181,3.3120,-1.5658647,0.13968754,2.9220743,-1.5457355,0.20456451,2.9220743,0.06428506374359122,0.3176265358924866,0.07592487335205078,0.03439308404922503,0.12836370766162872,0.07673044204711887
1789687165.964847,traffic cone,0.5236,314,178,239,174,3.3344,3.3344,-0.32514542,0.044407167,3.3182,-0.32514542,0.013015188,3.3185158,0.21814925670623778,0.44599939733743665,0.09693262577056894,0.2174515038728714,0.445911081135273,0.09723522663116446
1789687166.004936,traffic cone,0.3956,255,18,190,103,4.0239,4.7820,-2.2261705,0.35137632,3.3334906,-2.656345,0.09873614,3.975174,0.17521313428878793,0.0008077770471572876,0.11208529472351048,0.3728314399719239,0.44405519813299177,0.16278953552246112
1789687166.081553,traffic cone,0.8476,93,71,47,45,3.1298,3.1297,-1.9327158,0.060427606,2.4609857,-1.9298176,0.11956027,2.4610195,0.11031961441040039,0.2389940731227398,0.09685564041137695,0.0829305648803711,0.23907075971364974,0.07747926712036168
1789687166.118029,traffic cone,0.8031,204,62,103,62,3.8405,3.8405,-0.82627195,0.11407907,3.7488062,-0.82627195,0.11407907,3.7488062,0.1456364661455155,0.3653519093990326,0.08433945178985569,0.1456364661455155,0.3653519093990326,0.08433945178985569
1789687166.145806,traffic cone,0.6249,179,33,78,14,3.3176,3.3136,-1.5658387,0.1396409,2.9214823,-1.5446563,0.23370983,2.9222016,0.06384530067443839,0.3177480041980743,0.07906026840209979,0.033153945207595736,0.12702815234661102,0.07557572126388568
1789687166.185701,traffic cone,0.5219,306,177,231,172,3.3354,3.3353,-0.325314,0.07575628,3.3186772,-0.325562,0.013013668,3.3193822,0.21626682877540584,0.4462454915046692,0.09582881927490217,0.214866454899311,0.4462565928697586,0.09678314924240095
1789687166.226558,traffic cone,0.3839,254,18,190,103,4.0223,4.7813,-2.2252512,0.35124192,3.3322012,-2.6529365,0.09876409,3.9766128,0.1728883981704712,0.0009121537208557351,0.11586408615112331,0.3713057041168213,0.44426782652735713,0.1603199005126954
1789687166.329105,traffic cone,0.8485,98,71,46,45,3.1303,3.1305,-1.9348098,0.060435086,2.4599786,-1.9296445,0.119685605,2.462158,0.10708987712860107,0.23870502784848213,0.09728920459747314,0.08434634208679181,0.23867216408252717,0.07929587364196777
1789687166.353244,traffic cone,0.8023,204,61,105,61,3.8379,3.8379,-0.8260826,0.114490315,3.746213,-0.8260826,0.114490315,3.746213,0.14693427085876465,0.3646897077560425,0.08420038223266602,0.14693427085876465,0.3646897077560425,0.08420038223266602
1789687166.381334,traffic cone,0.6219,180,33,75,14,3.3197,3.3145,-1.564972,0.13953264,2.9243224,-1.5445555,0.23335537,2.9233003,0.06436460018157963,0.31741774976253506,0.08216328620910662,0.03486630916595468,0.12678022533655164,0.07790786027908325
1789687166.409796,traffic cone,0.5195,312,176,236,171,3.3357,3.3359,-0.3254081,0.07567245,3.3189332,-0.32603467,0.01303108,3.3198783,0.21335802972316742,0.446365088224411,0.09554100036621094,0.21170929074287415,0.4463101774454117,0.09610509872436523
1789687166.447463,traffic cone,0.3842,255,18,189,103,4.0231,4.7811,-2.225491,0.3512164,3.3330483,-2.6534514,0.098754,3.975954,0.17750072479248047,0.0009329259395599587,0.1096435904502866,0.3683544397354126,0.44404173716902734,0.16289877891540527
1789687166.488507,truck,0.1509,2188,281,0,0,4.3970,,0.86162835,-0.67135966,4.259206,nan,nan,nan,0.33192622661590576,1.31455098092556,0.29873228073120117,nan,nan,nan
1789687166.619958,traffic cone,0.8462,98,72,45,44,3.1288,3.1297,-1.9346495,0.060480453,2.45827,-1.9297973,0.1196655,2.460967,0.11674315929412837,0.2389785371720791,0.09416477680206281,0.08043874502182002,0.2387894492596388,0.07190531492233276
1789687166.655847,traffic cone,0.8041,205,61,105,61,3.8397,3.8397,-0.82374704,0.1135115,3.7486162,-0.82374704,0.1135115,3.7486162,0.14374423027038574,0.36495261639356613,0.08874988555908203,0.14374423027038574,0.36495261639356613,0.08874988555908203
1789687166.700078,traffic cone,0.6254,180,34,75,15,3.3183,3.3148,-1.5646466,0.14021498,2.922913,-1.5447811,0.26251107,2.9211144,0.06597210764884953,0.31851619109511375,0.08461003303527814,0.03492521047592145,0.12903602719306945,0.0816129922866824
1789687166.743682,traffic cone,0.5165,313,178,237,173,3.3343,3.3344,-0.32601106,0.044308096,3.3180628,-0.32581836,0.012956545,3.3184516,0.21758777946233748,0.44612881243228913,0.09663090705871591,0.21697362661361697,0.4460783898830414,0.09273176193237331
1789687166.782863,traffic cone,0.3815,255,18,189,103,4.0222,4.7840,-2.2279446,0.35126954,3.330327,-2.6550882,0.0984928,3.9783497,0.17443925142288208,0.0011234164237975963,0.11324714422225979,0.37167928218841517,0.4442377597093582,0.16156916618347106
1789687166.862421,traffic cone,0.8479,95,72,46,45,3.1289,3.1324,-1.9337531,0.060429893,2.459016,-1.931671,0.1195229,2.4629893,0.11103810071945186,0.23895861729979517,0.09412970542907706,0.08297204971313477,0.23893345743417738,0.07660536766052228
1789687166.898271,traffic cone,0.8018,204,61,105,61,3.8419,3.8419,-0.82410914,0.113449305,3.7507904,-0.82410914,0.113449305,3.7507904,0.14145368337631226,0.3650587275624275,0.08563899993896484,0.14145368337631226,0.3650587275624275,0.08563899993896484
1789687166.942113,traffic cone,0.6193,180,33,75,14,3.3165,3.3146,-1.5633605,0.14005312,2.9215906,-1.5453258,0.23365307,2.9229572,0.06563043594360352,0.3171652317047119,0.07682609558105469,0.034624749422073275,0.12662363350391387,0.07361660003662118
1789687166.978826,traffic cone,0.5130,308,178,232,172,3.3357,3.3352,-0.32558006,0.07560928,3.3188872,-0.32737476,0.012957193,3.3190246,0.21707417219877242,0.4463710650801659,0.10023728609085092,0.2137119337916374,0.4464364841580391,0.10067867040634138
1789687167.005071,traffic cone,0.3758,253,18,190,103,4.0243,4.7844,-2.2267208,0.3512299,3.3336635,-2.6595035,0.098737895,3.9758818,0.1764736533164979,0.0008479237556457409,0.10993516445159912,0.37565183639526367,0.4441930741071701,0.16754336357116717
1789687167.125986,traffic cone,0.8493,99,72,48,45,3.1291,3.1296,-1.935703,0.06039311,2.4577703,-1.9303658,0.11964494,2.4604135,0.11720310449600202,0.23881851583719255,0.09492720365524265,0.08448951244354252,0.23875151574611664,0.07422790527343759
1789687167.163330,traffic cone,0.8003,205,61,106,61,3.8371,3.8371,-0.8234483,0.11343324,3.7460334,-0.8234483,0.11343324,3.7460334,0.140844464302063,0.3650647923350334,0.08950567245483398,0.140844464302063,0.3650647923350334,0.08950567245483398
1789687167.205887,traffic cone,0.6186,180,33,74,14,3.3176,3.3120,-1.5641901,0.13963977,2.9223323,-1.5445765,0.2336554,2.9205031,0.06336822509765616,0.31746540665626527,0.07988877296447772,0.031529033184051425,0.1277493163943291,0.07720702886581421
1789687167.247857,traffic cone,0.5181,316,178,241,174,3.3351,3.3358,-0.32658085,0.044540547,3.3187513,-0.32658085,0.012990989,3.3197436,0.21788360923528674,0.44616483002901075,0.09528105258941677,0.21834390610456464,0.4461805492639542,0.09432845115661603
1789687167.288829,traffic cone,0.3784,253,18,191,104,4.0217,4.7836,-2.224456,0.35133567,3.3319888,-2.6552496,0.098289624,3.9777412,0.17632018327712995,0.0008340060710906871,0.11039448976516697,0.3723868727684021,0.44440896101295946,0.167881274223328
1789687167.378382,traffic cone,0.8477,97,72,47,45,3.1289,3.1314,-1.9330363,0.06050525,2.45959,-1.9309353,0.119698495,2.4622667,0.1115970849990846,0.23915477618575096,0.0980988383293151,0.08328866958618164,0.23909652531147005,0.07587995529174796
1789687167.414327,traffic cone,0.8006,204,62,105,62,3.8379,3.8379,-0.82662076,0.11370656,3.7461276,-0.82662076,0.11370656,3.7461276,0.1473565697669983,0.3646849252283573,0.080838990211487,0.1473565697669983,0.3646849252283573,0.080838990211487
1789687167.457366,traffic cone,0.6169,180,34,78,15,3.3183,3.3170,-1.564511,0.14029118,2.9229732,-1.5452951,0.26246405,2.9232893,0.06784853935241686,0.31871182546019555,0.0801794648170473,0.033926963806152344,0.12931531965732576,0.08501298427581805
1789687167.505285,traffic cone,0.5176,312,178,233,171,3.3340,3.3336,-0.32517177,0.07574275,3.317275,-0.32531312,0.012946919,3.317636,0.2167994812130928,0.44632000625133517,0.09241195917129508,0.2156004160642624,0.4462522715330124,0.09218692779541016
1789687167.544679,traffic cone,0.3762,255,18,192,104,4.0253,4.7834,-2.2293425,0.3514743,3.3330908,-2.6583042,0.09829262,3.9755418,0.17724939584732047,0.0010077565908431785,0.10909769535064706,0.3789484024047849,0.44416355304419997,0.16561365127563432
1789687167.617761,traffic cone,0.8475,98,71,46,45,3.1272,3.1313,-1.9320685,0.06044668,2.4581728,-1.9314147,0.119681746,2.461756,0.11342501640319824,0.23895568028092384,0.0944366455078125,0.0834715843200684,0.23883774876594543,0.07681360244750968
1789687167.642791,traffic cone,0.8015,203,61,105,61,3.8399,3.8399,-0.82502264,0.113585174,3.7485526,-0.82502264,0.113585174,3.7485526,0.14196932315826416,0.3652825430035591,0.0852046012878418,0.14196932315826416,0.3652825430035591,0.0852046012878418
1789687167.672629,traffic cone,0.6160,180,34,78,15,3.3164,3.3128,-1.562713,0.14021483,2.9218192,-1.5423199,0.26189217,2.9201455,0.06589685082435603,0.319001928716898,0.07833355665206909,0.029708707332611217,0.12942047715187074,0.0849518299102785
1789687167.711468,traffic cone,0.5130,317,180,241,173,3.3356,3.3353,-0.32536548,0.07570875,3.3188267,-0.3263047,0.012958899,3.3193,0.21963148564100266,0.446223708987236,0.09751126766204843,0.21708848476409914,0.4459622621536255,0.09740171432495126
1789687167.751539,traffic cone,0.3765,252,18,190,104,4.0266,4.7864,-2.2289739,0.3512963,3.3348832,-2.6558552,0.09840378,3.9808016,0.1734834432601926,0.0012666255235672108,0.1146913647651675,0.37248581647872925,0.444420575723052,0.1616791009902956
1789687167.885796,traffic cone,0.8473,95,71,47,45,3.1293,3.1313,-1.9342285,0.060476333,2.4591548,-1.9317268,0.11973457,2.4615357,0.11282879114151001,0.23877648636698723,0.09363353252410889,0.08326535224914555,0.23866429626941682,0.07648472785949689
1789687167.921895,traffic cone,0.8024,204,61,104,61,3.8397,3.8397,-0.82480633,0.11345293,3.7483954,-0.82480633,0.11345293,3.7483954,0.14141595363616943,0.3650856837630272,0.08266735076904297,0.14141595363616943,0.3650856837630272,0.08266735076904297
1789687167.966302,traffic cone,0.6168,180,33,76,14,3.3192,3.3145,-1.5649084,0.13951333,2.9238634,-1.545085,0.23350409,2.9230852,0.06517531871795668,0.317375260591507,0.07692685127258292,0.03490201234817514,0.12673372030258181,0.07389953136444083
1789687168.007627,traffic cone,0.5109,314,179,240,174,3.3348,3.3344,-0.3263739,0.07569866,3.3179057,-0.32673174,0.013031296,3.3183665,0.21935392916202542,0.4461889579892159,0.09569575786590567,0.21507672071456904,0.4461710833013057,0.09576644897460929
1789687168.047511,traffic cone,0.3699,253,18,191,104,4.0211,4.7833,-2.2243907,0.35138923,3.3313942,-2.6567585,0.09809472,3.9763708,0.17633675336837795,0.0012684196233749279,0.11035844087600744,0.37458858489990243,0.4443119924515486,0.1622223377227785
1789687168.128721,traffic cone,0.8462,95,72,47,45,3.1309,3.1345,-1.933954,0.060509764,2.461447,-1.9335626,0.11986615,2.4641635,0.11384824514389047,0.23899489901959894,0.09263402223587036,0.08303301334381086,0.23892020136117936,0.07662525177001944
1789687168.164458,traffic cone,0.8012,204,60,105,60,3.8389,3.8389,-0.82559955,0.11395906,3.7473147,-0.82559955,0.11395906,3.7473147,0.14211716651916495,0.36551591455936433,0.08323457241058341,0.14211716651916495,0.36551591455936433,0.08323457241058341
1789687168.207399,traffic cone,0.6229,179,34,77,15,3.3171,3.3174,-1.5650141,0.14010498,2.921289,-1.5444983,0.26209038,2.9241898,0.06609073877334581,0.3187043137848377,0.07862200736999503,0.03556358814239502,0.12937800288200377,0.08960928916931143
1789687168.246302,traffic cone,0.5102,309,179,237,173,3.3348,3.3353,-0.32482395,0.07587643,3.3180435,-0.32330197,0.013081759,3.3195863,0.21804713904857634,0.44605887234210967,0.0993327617645261,0.21658307313919067,0.44598287642002105,0.09914121627807626
1789687168.272146,traffic cone,0.3723,250,18,190,104,4.0259,4.7860,-2.2291837,0.35136175,3.333922,-2.658319,0.09816265,3.9786782,0.1750793576240537,0.001255139708518982,0.11228464841842634,0.374557340145111,0.444301788136363,0.16545505523681658
1789687168.388827,traffic cone,0.8463,95,72,46,45,3.1295,3.1323,-1.9347128,0.060351506,2.4590418,-1.9320881,0.119954824,2.46251,0.11484612822532658,0.23897635340690615,0.09881660938262904,0.08370878696441664,0.2389874652028084,0.08237390518188459
1789687168.424763,traffic cone,0.8021,204,60,104,60,3.8391,3.8391,-0.8245871,0.114022344,3.7478158,-0.8245871,0.114022344,3.7478158,0.14263198077678674,0.364790215715766,0.08227486610412615,0.14263198077678674,0.364790215715766,0.08227486610412615
1789687168.453012,traffic cone,0.6172,179,33,74,14,3.3176,3.3155,-1.5649751,0.13931552,2.9219565,-1.545743,0.23383676,2.923798,0.062467098236083984,0.3174703449010849,0.08364181518554714,0.03333049416542044,0.1272086888551712,0.07433850765228289
1789687168.491728,traffic cone,0.5149,313,176,239,173,3.3335,3.3336,-0.32632655,0.044380926,3.3171833,-0.32597044,0.012921721,3.317593,0.21167705953121185,0.4462164118885994,0.09765386581420898,0.2090060293674469,0.44610396027565,0.09795799255371085
1789687168.531151,traffic cone,0.3731,257,18,193,103,4.0263,4.7835,-2.2280648,0.35141346,3.3351297,-2.65546,0.097761184,3.9775066,0.17622920274734488,0.0010116875171661266,0.11052646636962882,0.3751487731933594,0.444194046407938,0.16832571029663068
1789687168.653953,traffic cone,0.8444,101,74,46,45,3.1300,3.1328,-1.9362271,0.060378544,2.4584925,-1.9319159,0.11969003,2.4632912,0.11338392496108995,0.23876705206930637,0.10327372550964364,0.08498792648315434,0.23877680599689483,0.07865028381347638
1789687168.693233,traffic cone,0.8024,205,62,105,62,3.8401,3.8401,-0.8253322,0.11393526,3.748658,-0.8253322,0.11393526,3.748658,0.14496907889842992,0.3655311618000269,0.09180359840393093,0.14496907889842992,0.3655311618000269,0.09180359840393093
1789687168.733435,traffic cone,0.6138,180,33,77,15,3.3165,3.3116,-1.5638733,0.13989997,2.921277,-1.5461819,0.20509574,2.921277,0.0647830486297607,0.317461958527565,0.07711868286132839,0.033547043800354004,0.12795147597789763,0.07787165641784677
1789687168.773978,traffic cone,0.5184,312,177,239,173,3.3361,3.3356,-0.32449216,0.07567313,3.3193839,-0.32449216,0.012981862,3.3197966,0.21659241318702693,0.44607689380645754,0.0971977710723877,0.21434147357940678,0.4460914313793182,0.09734964370727539
1789687168.801346,traffic cone,0.3723,257,18,192,103,4.0259,4.7825,-2.2272093,0.35132533,3.335278,-2.6529326,0.09752777,3.9780385,0.1752553343772889,0.0011074870824813732,0.11196118593215942,0.3693995475769043,0.44425060302019115,0.15819392204284632
1789687168.873199,traffic cone,0.8461,96,72,47,45,3.1283,3.1299,-1.9338812,0.06027963,2.4582253,-1.9305866,0.119680285,2.4606433,0.11376805901527409,0.23869222588837147,0.09386874437332127,0.08331818580627437,0.23884452134370804,0.07724666595458984
1789687168.899651,traffic cone,0.8018,205,61,107,61,3.8410,3.8410,-0.825042,0.11440644,3.7495732,-0.825042,0.11440644,3.7495732,0.14730364084243774,0.36534345895051956,0.08564233779907227,0.14730364084243774,0.36534345895051956,0.08564233779907227
1789687168.927727,traffic cone,0.6090,178,33,74,14,3.3205,3.3158,-1.5651882,0.13972181,2.9251661,-1.5457435,0.23363136,2.924089,0.06330180168151855,0.3174156457185745,0.07889156341552761,0.03407628536224361,0.12705016881227493,0.07437746524810773
1789687168.965819,traffic cone,0.5136,313,178,238,173,3.3351,3.3346,-0.3266194,0.07559821,3.3182108,-0.32734698,0.013120711,3.3185062,0.2192232683300972,0.44614353626966474,0.09917039871215838,0.21143068969249726,0.4461712747812271,0.09934258460998535
1789687169.005791,traffic cone,0.3727,253,18,190,103,4.0258,4.7863,-2.227848,0.35137582,3.3347647,-2.6582475,0.09834868,3.9789839,0.1775684356689453,0.001095828413963329,0.10830239057540902,0.37174644470214835,0.4445787206292152,0.16325197219848642
1789687169.141767,traffic cone,0.8454,97,72,46,44,3.1291,3.1314,-1.9339268,0.06037076,2.4592237,-1.9294206,0.11963323,2.4634473,0.11153045296669006,0.23879645615816114,0.09483711719512966,0.08465844392776489,0.23879015222191813,0.07137669324874851
1789687169.180360,traffic cone,0.8014,204,62,105,62,3.8383,3.8383,-0.82552075,0.11377986,3.7467928,-0.82552075,0.11377986,3.7467928,0.14575324654579158,0.3650750491768122,0.0860128402709961,0.14575324654579158,0.3650750491768122,0.0860128402709961
1789687169.219824,traffic cone,0.6037,179,33,74,14,3.3180,3.3137,-1.5644666,0.13971682,2.9226665,-1.544333,0.23369312,2.922525,0.06519544124603271,0.3177333861589432,0.07978763580322257,0.0339142382144928,0.12735145241022108,0.07984162569046038
1789687169.249195,traffic cone,0.5113,314,177,239,172,3.3356,3.3349,-0.32552224,0.07556866,3.318856,-0.32580575,0.012933873,3.3189058,0.21608532965183258,0.4460962027311325,0.09792714118957502,0.21329046338796612,0.446063694357872,0.09866600036621076
1789687169.288406,traffic cone,0.3708,254,18,191,104,4.0208,4.7831,-2.2234836,0.35107028,3.331564,-2.6559591,0.098073244,3.9767635,0.1789139389991763,0.001209673285484325,0.10681045055389404,0.3726818323135377,0.4443182915449142,0.15987882614135707
1789687169.392923,traffic cone,0.8456,98,72,47,45,3.1281,3.1314,-1.9342006,0.060430363,2.457625,-1.931626,0.11965823,2.461782,0.11089732050895695,0.2391038902103901,0.09495776891708374,0.08291945457458483,0.239005209505558,0.0746300220489502
1789687169.429081,traffic cone,0.8040,205,62,104,62,3.8398,3.8398,-0.8261055,0.113891944,3.7481954,-0.8261055,0.113891944,3.7481954,0.14785423278808596,0.3653094995766878,0.087658667564392,0.14785423278808596,0.3653094995766878,0.087658667564392
1789687169.472371,traffic cone,0.6039,180,34,76,15,3.3182,3.3152,-1.5635283,0.14009464,2.923398,-1.5441799,0.26261124,2.9218242,0.06584903597831726,0.31875339448451995,0.07777562141418493,0.035855782032012895,0.129868146777153,0.08507606983184823
1789687169.512578,traffic cone,0.5126,307,178,234,173,3.3341,3.3339,-0.32642347,0.044495374,3.3178015,-0.32593364,0.012924477,3.3179367,0.21793245077133178,0.4461408942937851,0.09888744354248047,0.2132482409477234,0.4460707098245621,0.09795398712158176
1789687169.538046,traffic cone,0.3711,256,18,192,104,4.0212,4.7858,-2.2257347,0.35117844,3.330577,-2.6552896,0.098033026,3.9804194,0.17127852439880398,0.0011428922414779552,0.11829144954681414,0.3702925086021427,0.44429331086575985,0.16258749961853036
1789687169.667568,traffic cone,0.8491,96,73,45,44,3.1285,3.1317,-1.9345431,0.06039688,2.4578657,-1.930833,0.11967604,2.462719,0.1157799005508422,0.23879671692848203,0.0965797424316408,0.0836499571800231,0.2387158453464508,0.07033381462097177
1789687169.708222,traffic cone,0.8051,205,62,107,62,3.8410,3.8410,-0.8248038,0.11387503,3.7496881,-0.8248038,0.11387503,3.7496881,0.14531371891498568,0.36448484286665916,0.08567769527435276,0.14531371891498568,0.36448484286665916,0.08567769527435276
1789687169.749352,traffic cone,0.6047,180,34,77,15,3.3176,3.3146,-1.5633202,0.1405995,2.922792,-1.5451365,0.2621734,2.920649,0.06508617401123051,0.31906217336654663,0.08241801261901838,0.03345679044723515,0.12922495007514953,0.08378705978393519
1789687169.791599,traffic cone,0.5118,312,179,235,173,3.3354,3.3346,-0.325433,0.07560447,3.3186083,-0.325433,0.012917638,3.3186083,0.21934053301811218,0.4462719619274139,0.10094382762908927,0.21503971219062806,0.446232283115387,0.10045599937438965
1789687169.837659,traffic cone,0.3763,256,18,194,104,4.0240,4.7822,-2.227983,0.35147512,3.3324704,-2.6541877,0.098203436,3.9768183,0.17268762588500985,0.0012321382761001365,0.11603776216506967,0.37251126766204834,0.44416251964867115,0.16357667446136492
1789687169.887968,traffic cone,0.8489,100,73,48,45,3.1314,3.1306,-1.9340737,0.060534537,2.4619517,-1.929594,0.11954594,2.462285,0.11469836235046382,0.23890383690595626,0.0971207141876218,0.08561882972717294,0.23891694992780688,0.07621006965637189
1789687169.925287,traffic cone,0.8022,205,61,108,61,3.8389,3.8389,-0.82561487,0.11462459,3.7473578,-0.82561487,0.11462459,3.7473578,0.14801305532455444,0.36543378978967667,0.08222246170043945,0.14801305532455444,0.36543378978967667,0.08222246170043945
1789687169.968712,traffic cone,0.6078,180,33,75,14,3.3191,3.3157,-1.5649502,0.1398027,2.9236383,-1.5448567,0.23394299,2.924447,0.0658927440643311,0.31744581162929536,0.07760663032531712,0.03440678715705858,0.12715721875429153,0.07031180858612052
1789687170.011321,traffic cone,0.5146,313,177,239,173,3.3342,3.3350,-0.32567778,0.075682074,3.3174245,-0.32567778,0.012998745,3.3190165,0.21748201251029967,0.44620622992515563,0.0976574897766116,0.21780657172203063,0.4461946189403534,0.09820446968078622
1789687170.052336,traffic cone,0.3753,255,18,191,103,4.0252,4.7853,-2.2262511,0.35128865,3.3351173,-2.6554043,0.09730145,3.9797826,0.17412101030349714,0.0007557719945907593,0.11371195316314697,0.37121500968933097,0.44447947219014167,0.16190242767333984
1789687170.135206,traffic cone,0.8476,97,71,48,46,3.1285,3.1312,-1.9334952,0.0603514,2.4587972,-1.9316782,0.119636446,2.4614098,0.11251556873321533,0.2391425110399723,0.09360599517822266,0.08492910861968994,0.23908420279622078,0.07279998064041138
1789687170.160652,traffic cone,0.8022,206,62,108,62,3.8416,3.8416,-0.824934,0.1140866,3.7502375,-0.824934,0.1140866,3.7502375,0.1470799028873443,0.3652919128537178,0.08732254505157488,0.1470799028873443,0.3652919128537178,0.08732254505157488
1789687170.188508,traffic cone,0.6076,179,34,76,15,3.3164,3.3119,-1.5636199,0.14033243,2.9213233,-1.5420302,0.262241,2.9192452,0.06520088315010075,0.31908479034900666,0.08009668588638297,0.032573020458221524,0.12927853465080258,0.08251128196716317
1789687170.227009,traffic cone,0.5197,313,180,240,176,3.3353,3.3343,-0.325632,0.075791255,3.3184915,-0.32435995,0.013061598,3.3184915,0.22001535594463348,0.4462657138705254,0.09795525074005118,0.21735209226608276,0.44626159220933914,0.09619718790054321
1789687170.266933,traffic cone,0.3770,252,18,191,104,4.0231,4.7829,-2.2286325,0.35150614,3.3309164,-2.6564832,0.09825988,3.9761698,0.17549142837524379,0.0009523928165435791,0.111705482006073,0.37598302364349356,0.4442699454724789,0.15949800014495885
1789687170.401283,traffic cone,0.8489,96,71,46,45,3.1284,3.1310,-1.9334372,0.060495645,2.4587228,-1.9317507,0.119642496,2.4611964,0.11116921901702881,0.2388652302324772,0.09371542930603027,0.08320639133453378,0.2387880563735962,0.0748103618621827
1789687170.441104,traffic cone,0.8018,204,60,105,60,3.8384,3.8384,-0.8253162,0.11413239,3.7469246,-0.8253162,0.11413239,3.7469246,0.1423492848873138,0.36532904505729674,0.0861987352371214,0.1423492848873138,0.36532904505729674,0.0861987352371214
1789687170.484353,traffic cone,0.6086,179,33,76,14,3.3177,3.3145,-1.5649953,0.13966593,2.922039,-1.5449277,0.23362449,2.9231431,0.06354620456695548,0.3177010208368301,0.07766923904418954,0.03328563570976262,0.1276141732931137,0.07499628067016628
1789687170.525591,traffic cone,0.5230,311,177,237,173,3.3356,3.3348,-0.3262859,0.0758118,3.3187304,-0.3262859,0.013162762,3.3187969,0.21734696328639982,0.4464346915483475,0.09504246711730957,0.2137638419866562,0.44642712771892545,0.09623050689697266
1789687170.564569,traffic cone,0.3786,253,18,192,104,4.0265,4.7810,-2.227354,0.35128877,3.3358648,-2.65508,0.09815423,3.9747512,0.17488257884979275,0.0009943127632141002,0.11259703636169416,0.37309820652008074,0.4441906064748764,0.16095168590545628
1789687170.641110,traffic cone,0.8472,98,72,48,46,3.1301,3.1319,-1.9332026,0.060460985,2.4610589,-1.9330511,0.11963686,2.4613116,0.11309230327606201,0.23877321742475033,0.09601263999938947,0.08417302370071411,0.23910887725651264,0.07887089252471924
1789687170.677104,traffic cone,0.7997,202,61,105,61,3.8368,3.8368,-0.82536155,0.113618076,3.7452908,-0.82536155,0.113618076,3.7452908,0.14102983474731445,0.3654690161347389,0.08640909194946289,0.14102983474731445,0.3654690161347389,0.08640909194946289
1789687170.720185,traffic cone,0.6120,178,34,76,15,3.3191,3.3192,-1.5646918,0.14033385,2.9237347,-1.5450982,0.2624557,2.9258752,0.06631109714508043,0.3186961002647877,0.0817075014114379,0.03240078687667847,0.12898538410663607,0.0864981174468995
1789687170.759513,traffic cone,0.5226,307,180,235,175,3.3344,3.3331,-0.32631785,0.07572061,3.3175128,-0.32561827,0.013043836,3.3171773,0.21994573175907134,0.44630989879369737,0.09867742061614981,0.2169780910015106,0.4462361365556717,0.09917736053466797
1789687170.784380,traffic cone,0.3763,253,18,191,104,4.0243,4.7845,-2.2291322,0.3513311,3.3320959,-2.6573193,0.09814192,3.9774346,0.17535135746002206,0.0011175692081451527,0.11215546131134024,0.37514599561691275,0.4443289056420326,0.16472012996673602
1789687170.899060,traffic cone,0.8477,98,73,49,45,3.1287,3.1311,-1.932947,0.06048721,2.4594572,-1.9313864,0.119633794,2.461532,0.11540188789367667,0.23891764283180236,0.09703116416931179,0.08240897655487056,0.23889540433883666,0.0722235679626464
1789687170.934287,traffic cone,0.8003,203,62,105,62,3.8407,3.8407,-0.8252865,0.11402227,3.7492294,-0.8252865,0.11402227,3.7492294,0.14780141413211823,0.3647555742412806,0.08924479484558123,0.14780141413211823,0.3647555742412806,0.08924479484558123
1789687170.961495,traffic cone,0.6120,179,34,77,15,3.3164,3.3124,-1.5641139,0.14032587,2.9210074,-1.5437689,0.26240247,2.9188664,0.065649038553238,0.31839482188224794,0.07989200353622472,0.035494446754455566,0.1290081888437271,0.08462138175964373
1789687171.001683,traffic cone,0.5206,318,178,241,172,3.3360,3.3362,-0.32514334,0.044352837,3.3197875,-0.32505894,0.012954071,3.3203354,0.2184799924492836,0.44620887488126754,0.09965603351593,0.21603645235300065,0.4461667999625206,0.09945074319839486
1789687171.041290,traffic cone,0.3727,256,18,193,103,4.0274,4.7857,-2.2303905,0.35130095,3.3350096,-2.6575854,0.09741354,3.9787867,0.17192863225936872,0.0013429731130599754,0.11728090047836304,0.3721754789352416,0.4441460490226745,0.16544661521911586
1789687171.147805,traffic cone,0.8489,99,73,46,45,3.1300,3.1318,-1.9329858,0.060567766,2.4610996,-1.9327939,0.11990616,2.461329,0.11619906425476079,0.23867843598127364,0.09601507186889657,0.08128874301910405,0.23861402720212935,0.07817859649658221
1789687171.187136,traffic cone,0.7996,203,61,104,61,3.8405,3.8405,-0.8255724,0.11361185,3.7489915,-0.8255724,0.11361185,3.7489915,0.14073532819747925,0.3655414804816246,0.08643913269042969,0.14073532819747925,0.3655414804816246,0.08643913269042969
1789687171.214753,traffic cone,0.6199,180,33,76,14,3.3182,3.3145,-1.564848,0.13937816,2.9227324,-1.5439321,0.23360865,2.9235778,0.06407446861267085,0.31782506704330443,0.07868824005126962,0.03250113129615784,0.1279510751366615,0.07639017105102575
1789687171.254734,traffic cone,0.5180,307,178,233,173,3.3383,3.3379,-0.3256898,0.075750396,3.321463,-0.3273619,0.013080016,3.3217397,0.21733668893575667,0.446097694337368,0.0988314151763916,0.21749626398086547,0.44607786238193514,0.09953594207763672
1789687171.296540,traffic cone,0.3793,253,18,193,104,4.0212,4.7851,-2.2241673,0.3511289,3.331669,-2.6591623,0.09839143,3.9770281,0.17921611070632926,0.0010297894477844238,0.10583717823028582,0.37499613761901873,0.44446361623704433,0.16084392070770237
1789687171.397378,traffic cone,0.8481,98,72,46,44,3.1301,3.1329,-1.933298,0.06050089,2.4608827,-1.9311063,0.11970143,2.4640298,0.11223146915435778,0.23882783353328704,0.09567633867263803,0.0848284244537354,0.23889552392065524,0.06924340724945033
1789687171.423055,traffic cone,0.7999,204,61,104,61,3.8400,3.8400,-0.82639796,0.11353487,3.74829,-0.82639796,0.11353487,3.74829,0.1430274248123169,0.36430957168340683,0.08699226379394531,0.1430274248123169,0.36430957168340683,0.08699226379394531
1789687171.451766,traffic cone,0.6215,180,35,78,16,3.3207,3.3199,-1.5638039,0.1409542,2.9260495,-1.5425482,0.23529403,2.9302979,0.06374425888061541,0.3190620064735412,0.08876090049743635,0.03528839349746704,0.12939778715372086,0.10572677850723267
1789687171.488865,traffic cone,0.5159,311,176,236,170,3.3359,3.3360,-0.32592395,0.0468423,3.3195808,-0.32592395,0.013087027,3.3200307,0.2159532979130745,0.4462015703320503,0.09608381986618042,0.2112908273935317,0.4461011245846748,0.09484771490097055
1789687171.528849,traffic cone,0.3811,257,18,195,104,4.0241,4.7847,-2.2274866,0.35146883,3.3329098,-2.6583178,0.09828615,3.9770513,0.17252873182296735,0.0008693039417266846,0.11654089689254743,0.375027406215668,0.44422798082232473,0.1637713432312009
1789687171.667603,traffic cone,0.8465,97,73,47,46,3.1289,3.1312,-1.9328883,0.060440317,2.4597335,-1.9317656,0.11960012,2.461425,0.11601207256317125,0.23896544873714448,0.09553833007812518,0.0823439359664917,0.23907065577805042,0.07663631439208984
1789687171.695136,traffic cone,0.8012,205,61,106,61,3.8412,3.8412,-0.82368106,0.113717005,3.7501125,-0.82368106,0.113717005,3.7501125,0.14279162883758545,0.3651935011148453,0.08163070678710938,0.14279162883758545,0.3651935011148453,0.08163070678710938
1789687171.736582,traffic cone,0.6207,180,34,76,15,3.3181,3.3168,-1.5638511,0.14028955,2.923121,-1.5448253,0.26273268,2.923295,0.06692809462547311,0.31866748481988905,0.07898261547088659,0.03629249334335327,0.12962052822113035,0.08193793296813956
1789687171.779713,traffic cone,0.5187,313,178,237,173,3.3357,3.3357,-0.32605794,0.044475086,3.319478,-0.324753,0.013032958,3.3197803,0.21691182404756545,0.4461286187171936,0.09761588573455793,0.21483053267002106,0.4460450977087021,0.09696159362792978
1789687171.820592,traffic cone,0.3785,255,18,191,102,4.0240,4.7882,-2.227274,0.3511942,3.3329356,-2.6597657,0.13324736,3.9792414,0.1760376572608946,0.0007934302091598955,0.11060039997100812,0.37385374307632446,0.4442312218248844,0.16811645030975297
1789687171.915528,traffic cone,0.8460,96,72,47,45,3.1300,3.1326,-1.9335816,0.060551524,2.4606285,-1.9325783,0.11987913,2.462562,0.11130726933479296,0.238904919475317,0.09694854021072397,0.08488323688507071,0.23886303901672362,0.07788190841674814
1789687171.956885,traffic cone,0.8041,205,62,105,62,3.8416,3.8416,-0.8251915,0.113963485,3.75022,-0.8251915,0.113963485,3.75022,0.14735000729560854,0.3649799544364214,0.08479330539703378,0.14735000729560854,0.3649799544364214,0.08479330539703378
1789687171.999068,traffic cone,0.6210,181,33,77,14,3.3192,3.3152,-1.5654037,0.13938597,2.9235466,-1.5454199,0.23372824,2.9236205,0.06434252262115492,0.3173952102661133,0.08000411987304723,0.03418774008750902,0.1272201105952263,0.07622370719909632
1789687172.025561,traffic cone,0.5083,312,178,239,175,3.3355,3.3346,-0.32493126,0.075684294,3.3187509,-0.32415253,0.013280809,3.318796,0.21822352856397628,0.4463433280587196,0.09644181728363055,0.21751186847686768,0.44636580944061277,0.09663286209106481
1789687172.050950,traffic cone,0.3811,256,18,194,103,4.0250,4.7864,-2.226811,0.35121214,3.3344746,-2.6563244,0.09886712,3.9804401,0.17422586679458618,0.0011111915111541304,0.11365437507629395,0.3703085899353029,0.4443876467645168,0.159623384475708
1789687172.157676,traffic cone,0.8429,100,72,46,44,3.1312,3.1319,-1.9329593,0.06061466,2.4626222,-1.9305968,0.119583264,2.4631448,0.11333456039428702,0.23900784961879254,0.09389359951019305,0.084534114599228,0.23893658332526685,0.06549214124679592
1789687172.192421,traffic cone,0.8046,203,60,104,60,3.8389,3.8389,-0.8269206,0.11386101,3.7470076,-0.8269206,0.11386101,3.7470076,0.14371936917304995,0.36496995836496354,0.0811234712600708,0.14371936917304995,0.36496995836496354,0.0811234712600708
1789687172.220213,traffic cone,0.6202,180,33,76,14,3.3207,3.3164,-1.5662234,0.13974845,2.9247766,-1.545262,0.2340314,2.9249973,0.06286094188690194,0.31831064522266383,0.07669920921325701,0.03150010108947754,0.1279598116874695,0.0719750285148617
1789687172.260239,traffic cone,0.5153,316,176,244,172,3.3352,3.3348,-0.32613984,0.07566942,3.3183143,-0.32613984,0.015604213,3.318798,0.216099314391613,0.4460243433713913,0.09694349765777588,0.21371123045682902,0.4459751069545746,0.09767849445342991
1789687172.299145,traffic cone,0.3791,255,18,194,104,4.0275,4.7850,-2.2281375,0.35147995,3.3366184,-2.6578968,0.0984126,3.9777584,0.17670111656188991,0.0008427023887634388,0.10982667207717922,0.37196818590164193,0.4444641273468733,0.1630787849426274
1789687172.437122,traffic cone,0.8442,98,71,48,45,3.1305,3.1335,-1.9344875,0.060653895,2.4604611,-1.9327468,0.11964701,2.4635308,0.11135399341583252,0.23887936770915985,0.09381663799285889,0.08489491939544669,0.23875334113836288,0.07637705802917472
1789687172.471914,traffic cone,0.8057,203,60,104,60,3.8387,3.8387,-0.82597905,0.1485259,3.7458076,-0.82597905,0.1485259,3.7458076,0.14702589511871333,0.36510036364197734,0.08156948089599592,0.14702589511871333,0.36510036364197734,0.08156948089599592
1789687172.510854,traffic cone,0.6188,181,35,130,20,3.3193,3.3311,-1.5655284,0.13941742,2.923603,-1.5887493,0.012313217,2.9278045,0.0687926292419434,0.31918574422597884,0.0818759918212888,0.0757210195064546,0.2551960788667202,0.07137445211410531
1789687172.550483,traffic cone,0.5067,306,178,233,173,3.3348,3.3343,-0.32552898,0.075820744,3.3180518,-0.3248259,0.013018087,3.318405,0.2183130532503128,0.4463133364915848,0.09308468103408796,0.21621273159980772,0.4462179750204086,0.09275007247924805
1789687172.588828,traffic cone,0.3755,254,18,190,103,4.0206,4.7839,-2.22688,0.3513663,3.3290424,-2.655814,0.098967925,3.9778075,0.1748453974723816,0.0008752584457397128,0.11264778375625628,0.3697692632675169,0.44434185102581975,0.16314120292663592
1789687172.664159,traffic cone,0.8420,101,74,46,45,3.1311,3.1306,-1.9345138,0.060399048,2.4612224,-1.9291785,0.119582415,2.4626539,0.1140387594699861,0.23896863646805286,0.10222774744033813,0.08288769721984868,0.238826484978199,0.08191552162170401
1789687172.688031,traffic cone,0.8051,205,62,104,62,3.8425,3.8425,-0.82549405,0.114237964,3.7510588,-0.82549405,0.114237964,3.7510588,0.1460826754570007,0.3651467576622963,0.0886845588684082,0.1460826754570007,0.3651467576622963,0.0886845588684082
1789687172.714387,traffic cone,0.6175,180,34,78,16,3.3197,3.3163,-1.5640678,0.14053519,2.9247808,-1.5459294,0.23404293,2.9245865,0.06828119158744816,0.3186178982257843,0.07937976121902501,0.0335717499256134,0.13005632907152176,0.08581292629241943
1789687172.756763,traffic cone,0.5090,312,177,239,174,3.3339,3.3329,-0.324731,0.07583785,3.3172116,-0.32444087,0.013125658,3.317084,0.2157859593629837,0.446514430642128,0.09348783493042001,0.21287453919649124,0.4464263141155243,0.09307605028152466
1789687172.797899,traffic cone,0.3694,254,18,192,104,4.0243,4.7832,-2.228816,0.35138312,3.332211,-2.6542513,0.09823659,3.9779344,0.17229156494140652,0.0009507894515990989,0.11682918071746817,0.3717477440834043,0.4441592637449503,0.161938333511352
1789687172.931136,traffic cone,0.8434,96,73,45,44,3.1299,3.1300,-1.9330384,0.06042765,2.4609208,-1.9287146,0.11961818,2.462286,0.11477751731872554,0.23882381319999696,0.09245653152465838,0.08026025891304012,0.23880170248448848,0.06850028038024902
1789687172.967171,traffic cone,0.8060,205,62,106,62,3.8392,3.8392,-0.82566893,0.1138356,3.7475898,-0.82566893,0.1138356,3.7475898,0.1453117370605468,0.3649954911321402,0.08360974788665754,0.1453117370605468,0.3649954911321402,0.08360974788665754
1789687173.007182,traffic cone,0.6139,180,34,127,20,3.3188,3.3309,-1.5632112,0.14053012,2.9242349,-1.5901939,0.012443297,2.9268124,0.06521786451339717,0.31910722330212593,0.07980110645294225,0.07651113867759696,0.25513299033045767,0.06946744918823233
1789687173.048838,traffic cone,0.5115,312,178,238,175,3.3377,3.3370,-0.3251729,0.044645064,3.3214724,-0.3249491,0.013054445,3.3211164,0.21723595559597014,0.4464340567588806,0.0953598380088807,0.2154650330543518,0.44639918208122253,0.0953751802444458
1789687173.089865,traffic cone,0.3754,252,18,191,104,4.0219,4.7883,-2.2260287,0.3514423,3.331223,-2.657196,0.09811123,3.9821527,0.17560087442398098,0.000830417871475253,0.11167255640029916,0.3721282720565795,0.4444145139306783,0.16550965309143084
1789687173.180581,traffic cone,0.8444,98,73,47,45,3.1316,3.1334,-1.9344143,0.060452417,2.4619985,-1.9328173,0.11973162,2.4633975,0.11440830230712895,0.2388765648007393,0.09804124832153294,0.08360342979431157,0.23884941041469573,0.07881040573120135
1789687173.217758,traffic cone,0.8067,204,61,105,61,3.8410,3.8410,-0.8250034,0.11362918,3.749607,-0.8250034,0.11362918,3.749607,0.14202308654785156,0.3652644380927086,0.08855533599853516,0.14202308654785156,0.3652644380927086,0.08855533599853516
1789687173.245276,traffic cone,0.6104,180,34,78,15,3.3177,3.3150,-1.5634568,0.14049771,2.9228346,-1.544344,0.26245463,2.9215631,0.06348579525947562,0.31932659223675725,0.08175332546234104,0.032419908046722457,0.13032969832420352,0.08986749649047843
1789687173.285656,traffic cone,0.5083,317,176,242,173,3.3364,3.3360,-0.32555357,0.044338375,3.3201594,-0.3238976,0.012975141,3.320259,0.21518687903881073,0.44623151421546936,0.09485960006713867,0.21321537494659423,0.446164870262146,0.0930485725402832
1789687173.321592,traffic cone,0.3743,254,18,191,103,4.0224,4.7853,-2.2262194,0.35140198,3.3316772,-2.6574142,0.09765826,3.978445,0.17793575525283822,0.0008246362209319846,0.10794885158538792,0.37548096179962176,0.44434327110648153,0.16498532295226997
1789687173.468881,traffic cone,0.8432,95,73,45,44,3.1288,3.1308,-1.9338658,0.060362414,2.4587853,-1.930295,0.11964972,2.4619913,0.11736328601837154,0.23863903880119325,0.09769597053527823,0.07871027588844304,0.23865201883018017,0.07313394546508789
1789687173.502036,traffic cone,0.8081,205,61,106,61,3.8406,3.8406,-0.8235239,0.113824755,3.7495716,-0.8235239,0.113824755,3.7495716,0.14242923259735107,0.3648083508014679,0.08728647232055664,0.14242923259735107,0.3648083508014679,0.08728647232055664
1789687173.539409,traffic cone,0.6128,181,35,76,16,3.3205,3.3195,-1.5644761,0.1409797,2.9253972,-1.54564,0.23561952,2.9282548,0.06635141372680664,0.3186633214354515,0.09162588119506809,0.034172892570495605,0.1288931965827942,0.10880005359649658
1789687173.579502,traffic cone,0.5081,316,177,242,173,3.3346,3.3334,-0.32612002,0.0758324,3.317722,-0.32009566,0.013002828,3.3180087,0.21535870432853693,0.44614526629447937,0.09935059547424308,0.21379088759422302,0.4460546374320984,0.09805855751037607
1789687173.618650,traffic cone,0.3772,256,18,194,103,4.0274,4.7854,-2.2300603,0.3514531,3.3351417,-2.6568565,0.09746513,3.978937,0.1710035681724551,0.0011990875005721824,0.11889727115631121,0.3693778038024904,0.44428438097238543,0.1643177509307865
1789687173.695707,traffic cone,0.8421,97,72,47,46,3.1310,3.1328,-1.9333454,0.060580134,2.46208,-1.9320121,0.119647056,2.463188,0.11174481511116041,0.2389718487858772,0.09640676975250262,0.08528187870979309,0.23893756978213787,0.07472801208496094
1789687173.730064,traffic cone,0.8089,205,60,106,60,3.8391,3.8391,-0.8251494,0.11424214,3.7476466,-0.8251494,0.11424214,3.7476466,0.14190842509269708,0.3656390763819217,0.08066406250000036,0.14190842509269708,0.3656390763819217,0.08066406250000036
1789687173.772699,traffic cone,0.6148,180,33,76,14,3.3190,3.3148,-1.5646666,0.1395497,2.923679,-1.5440122,0.23384872,2.9239178,0.0652536153793335,0.31756822466850276,0.0792401790618893,0.03397290110588069,0.12756238132715225,0.07585357427597028
1789687173.814141,traffic cone,0.5105,314,178,240,175,3.3370,3.3362,-0.3273403,0.07583329,3.3200386,-0.32637447,0.013196304,3.3201227,0.21782362014055254,0.4460555985569954,0.09533725976943952,0.21468186974525447,0.44601222574710847,0.09601542949676478
1789687173.853238,traffic cone,0.3809,253,18,192,104,4.0217,4.7847,-2.2232344,0.3511867,3.3328695,-2.6570525,0.098202586,3.977873,0.17446467876434335,0.0005991786718368419,0.11331768035888645,0.37092862129211435,0.44448183402419095,0.1631006717681882
1789687173.925195,traffic cone,0.8419,97,71,45,44,3.1306,3.1324,-1.9333156,0.060567006,2.4615624,-1.9313828,0.119704336,2.4631782,0.1129148006439209,0.23878276348114014,0.09579575061798096,0.0836357951164246,0.2387571416795254,0.06767472028732291
1789687173.948732,traffic cone,0.8107,206,61,106,61,3.8407,3.8407,-0.82472444,0.11438796,3.74932,-0.82472444,0.11438796,3.74932,0.14684045314788818,0.36562585085630417,0.08229732513427734,0.14684045314788818,0.36562585085630417,0.08229732513427734
1789687173.976577,traffic cone,0.6259,181,34,75,14,3.3208,3.3147,-1.5659261,0.13921253,2.9250846,-1.5445504,0.23396005,2.9234927,0.06531414985656725,0.31790150552988056,0.07929322719573983,0.035239994525909424,0.1270899385213852,0.07389756441116324
1789687174.020197,traffic cone,0.5071,312,177,238,174,3.3342,3.3357,-0.3254435,0.013165683,3.3182297,-0.3251778,0.013014652,3.3198133,0.2162592649459839,0.44655212163925173,0.09606375694274893,0.2167549103498459,0.4465536594390869,0.09641660451889011
1789687174.061042,traffic cone,0.3736,257,18,190,103,4.0239,4.7846,-2.2261372,0.35132614,3.3335338,-2.6569474,0.09896487,3.9778266,0.17389764785766593,0.0011254191398620828,0.11404846906662014,0.37019500732421884,0.4441392689943313,0.1630506992340086
1789687174.203156,traffic cone,0.8407,100,73,49,46,3.1300,3.1318,-1.9341301,0.06063038,2.4601696,-1.9317153,0.11952177,2.4621978,0.11482012271881104,0.23904810100793839,0.09538130760192853,0.08256617188453674,0.23905871249735355,0.07770776748657227
1789687174.232140,traffic cone,0.8076,206,61,108,61,3.8388,3.8388,-0.82331586,0.11363566,3.7477376,-0.82331586,0.11363566,3.7477376,0.14227712154388428,0.36547911167144775,0.08649969100952148,0.14227712154388428,0.36547911167144775,0.08649969100952148
1789687174.271462,traffic cone,0.6225,179,34,76,15,3.3169,3.3144,-1.5644723,0.14008175,2.9214642,-1.5436269,0.26236975,2.9212692,0.06608002781867972,0.31877434998750687,0.0785509705543519,0.03431457281112671,0.1295253038406372,0.08378524780273455
1789687174.314425,traffic cone,0.5121,313,180,241,175,3.3341,3.3328,-0.3260618,0.07566498,3.3172607,-0.32428652,0.013077766,3.3169312,0.2181582495570183,0.44644789546728136,0.0964620232582094,0.2164432793855667,0.446383997797966,0.0964224815368655
1789687174.356263,traffic cone,0.3753,255,18,192,104,4.0248,4.7822,-2.2283635,0.35136712,3.3332112,-2.6543846,0.09815782,3.9766498,0.17840802669525146,0.000925767421722401,0.10705887079238874,0.37495057582855207,0.44433543980121615,0.16660008430480922
1789687174.443830,traffic cone,0.8406,96,72,47,46,3.1300,3.1330,-1.9350106,0.060475662,2.4594197,-1.9323591,0.11970046,2.4632154,0.11484224200248705,0.23886925391852853,0.09678368568420437,0.08521932363510132,0.2388198971748352,0.07612484693527222
1789687174.482631,traffic cone,0.8065,206,62,107,62,3.8383,3.8383,-0.8246392,0.11400357,3.7469447,-0.8246392,0.11400357,3.7469447,0.14581079185009005,0.3654893979430199,0.09045679569244358,0.14581079185009005,0.3654893979430199,0.09045679569244358
1789687174.509998,traffic cone,0.6256,179,34,77,15,3.3194,3.3163,-1.5641863,0.14024772,2.9244285,-1.5446173,0.262202,2.9228604,0.06396772861480726,0.31911635920405385,0.07786616086959874,0.033230817317962735,0.12971460223197936,0.08583078384399423
1789687174.548967,traffic cone,0.5057,313,178,238,174,3.3375,3.3372,-0.32536423,0.04444147,3.3213177,-0.32472786,0.013073929,3.3213177,0.21849378049373624,0.4465316578745842,0.09574464559555063,0.21239018440246582,0.4463451787829399,0.09568929672241211
1789687174.584050,traffic cone,0.3738,254,18,189,102,4.0230,4.7868,-2.22647,0.3513512,3.3322766,-2.6578097,0.09810844,3.9799201,0.17672744989395106,0.001269608736038208,0.10954917669296282,0.3693353533744812,0.44414821080863476,0.16186246871948207
1789687174.733463,traffic cone,0.8417,100,73,45,44,3.1319,3.1337,-1.9353384,0.060412526,2.4616673,-1.931519,0.119718194,2.4647388,0.11375772953033447,0.23898871839046476,0.09734520912170419,0.0832303225994111,0.23897878602147105,0.07212337255477896
1789687174.759473,traffic cone,0.8067,204,61,105,61,3.8421,3.8421,-0.8238675,0.11341128,3.750967,-0.8238675,0.11341128,3.750967,0.14332371950149536,0.36442095786333084,0.08909034729003906,0.14332371950149536,0.36442095786333084,0.08909034729003906
1789687174.796406,traffic cone,0.6204,179,34,75,15,3.3168,3.3103,-1.5628595,0.14066516,2.922187,-1.5438626,0.20785767,2.920827,0.06488046646118173,0.317393308877945,0.07970948219299334,0.0339843153953554,0.12657025456428528,0.08528130054473859
1789687174.837969,traffic cone,0.4944,314,177,239,172,3.3360,3.3367,-0.32700178,0.013145328,3.3199549,-0.3272795,0.01305265,3.3206177,0.21603665947914122,0.44623851776123047,0.09492502212524423,0.21395309418439862,0.44619478434324267,0.09585378170013437
1789687174.876684,traffic cone,0.3741,251,18,190,104,4.0237,4.7828,-2.2261338,0.35127628,3.3333511,-2.6553926,0.09797998,3.976768,0.17191672325134277,0.0011609435081482156,0.1173446893692014,0.37424771785736066,0.44435989633202555,0.1560154914855958
1789687174.955027,traffic cone,0.8399,97,72,47,45,3.1286,3.1321,-1.9320024,0.06049671,2.4600985,-1.9300922,0.11969839,2.4638062,0.11303529739379892,0.23872944489121437,0.09774192571640006,0.08585538864135733,0.23881170898675919,0.07494554519653329
1789687174.990311,traffic cone,0.8065,204,62,106,62,3.8419,3.8419,-0.8254657,0.11385544,3.7504525,-0.8254657,0.11385544,3.7504525,0.14708763062953956,0.3652348183095455,0.08424954414367658,0.14708763062953956,0.3652348183095455,0.08424954414367658
1789687175.030760,traffic cone,0.6243,179,34,76,15,3.3192,3.3190,-1.5630654,0.1401315,2.924799,-1.5446287,0.26266313,2.9259377,0.06476116776466379,0.3189806014299393,0.0782538533210757,0.034604442119598566,0.13050648570060727,0.08642053604125977
1789687175.072062,traffic cone,0.4981,313,179,238,174,3.3361,3.3365,-0.32582903,0.075706705,3.3192449,-0.3267048,0.012988575,3.320414,0.22018018662929534,0.44629412293434145,0.09950444698333749,0.2192706763744354,0.44619492888450624,0.10004798173904428
1789687175.110814,traffic cone,0.3699,255,18,193,104,4.0260,4.7851,-2.2276173,0.3514147,3.3350604,-2.6580467,0.098261416,3.9777842,0.1722647666931154,0.0009708672761917225,0.11673271656036377,0.37493772506713885,0.444161681085825,0.1662947893142701
1789687175.180855,traffic cone,0.8402,101,75,48,46,3.1292,3.1321,-1.932825,0.06045814,2.460178,-1.9323708,0.119677156,2.4620433,0.11649955511093135,0.23898290768265723,0.09522056579589844,0.08375799655914307,0.23898189142346382,0.07434433698654175
1789687175.204311,traffic cone,0.8067,211,61,107,61,3.8402,3.8402,-0.82355195,0.11337182,3.7491877,-0.82355195,0.11337182,3.7491877,0.14015454053878784,0.36541786044836044,0.08427858352661133,0.14015454053878784,0.36541786044836044,0.08427858352661133
1789687175.232574,traffic cone,0.6218,179,33,73,14,3.3196,3.3157,-1.5664276,0.1394392,2.9234128,-1.5448213,0.23371015,2.9245362,0.062434935569763095,0.3179323196411133,0.08087472915649396,0.03155009746551518,0.12782924622297287,0.0734618067741395
1789687175.275268,traffic cone,0.4979,313,178,243,174,3.3351,3.3368,-0.32702196,0.044514596,3.3187656,-0.32702196,0.013119668,3.3207579,0.2188671126961708,0.4462659195065498,0.09776537418365505,0.21552190929651258,0.4462751165032387,0.09841759204864475
1789687175.316402,traffic cone,0.3717,258,18,195,105,4.0254,4.7842,-2.2267048,0.35128924,3.3350127,-2.656387,0.098531544,3.9777615,0.17673486471176147,0.0008515924215317106,0.10965610742568987,0.3719289302825928,0.4441918358206749,0.16972403526306135
1789687175.465750,traffic cone,0.8398,96,72,47,46,3.1296,3.1320,-1.9348767,0.06049683,2.459001,-1.9332511,0.119473696,2.4611754,0.11496487259864807,0.23886149376630783,0.09169321060180646,0.08439686894416809,0.238821255043149,0.07591289281845093
1789687175.501642,traffic cone,0.8056,205,60,107,60,3.8408,3.8408,-0.8242754,0.113927916,3.7496262,-0.8242754,0.113927916,3.7496262,0.1433118373155594,0.3652504004538059,0.08176770210266104,0.1433118373155594,0.3652504004538059,0.08176770210266104
1789687175.545057,traffic cone,0.6161,180,34,76,15,3.3208,3.3187,-1.5638752,0.14006135,2.9261389,-1.5443251,0.26243764,2.9257457,0.06494393348693839,0.3187856510281563,0.08112133741378802,0.03571066856384286,0.13009192347526552,0.08740732669830331
1789687175.587322,traffic cone,0.4943,314,178,237,171,3.3352,3.3350,-0.32548788,0.044564746,3.319027,-0.32563844,0.013058737,3.3190405,0.2171815723180771,0.44639254808425904,0.09679147005081168,0.21159574389457703,0.4463775008916855,0.09611272811889648
1789687175.627763,traffic cone,0.3714,256,18,193,103,4.0289,4.7879,-2.2296271,0.35139945,3.3372712,-2.6587243,0.098654285,3.9806569,0.17488855123519897,0.0010200291872024536,0.11263415813446054,0.3716553926467894,0.4442973516881466,0.16034679412841824
1789687175.722145,traffic cone,0.8415,99,73,47,45,3.1314,3.1336,-1.9332879,0.06043051,2.4626331,-1.9331319,0.11979772,2.4633994,0.11742682456970233,0.23898511826992036,0.09333572387695321,0.08372890949249268,0.23893307149410248,0.07595744132995597
1789687175.749741,traffic cone,0.8083,207,61,105,61,3.8369,3.8369,-0.8248943,0.114044145,3.7454588,-0.8248943,0.114044145,3.7454588,0.1425027847290039,0.36505255103111267,0.0840597152709961,0.1425027847290039,0.36505255103111267,0.0840597152709961
1789687175.787421,traffic cone,0.6168,180,33,77,14,3.3206,3.3159,-1.5660926,0.13973911,2.9247148,-1.544909,0.23354718,2.924736,0.06330778598785414,0.31786706447601315,0.0791212558746337,0.03364307880401607,0.12743360251188277,0.07404162883758536
1789687175.827731,traffic cone,0.5002,312,178,242,173,3.3359,3.3383,-0.32569653,0.07593657,3.3190827,-0.32693377,0.013111562,3.3221848,0.21744977384805678,0.4462357461452484,0.0987486124038699,0.21670576333999633,0.4461298078298569,0.09911327362060574
1789687175.852441,traffic cone,0.3673,250,18,190,104,4.0244,4.7847,-2.2264724,0.3512846,3.333966,-2.6576242,0.098125994,3.9775634,0.17718898057937604,0.000995343923568759,0.10901045799255371,0.3744940757751465,0.44427140392363074,0.1628589630126953
1789687175.967870,traffic cone,0.8414,95,72,46,45,3.1305,3.1336,-1.9341477,0.060513444,2.460836,-1.933336,0.11976951,2.4632354,0.10648399591445923,0.23894767574965953,0.10116486549377424,0.08414967060089107,0.23891775012016297,0.07796287536621094
1789687176.003209,traffic cone,0.8056,211,62,106,62,3.8409,3.8409,-0.8263303,0.11424169,3.7492368,-0.8263303,0.11424169,3.7492368,0.14485250115394588,0.3650607518851757,0.08508315086364737,0.14485250115394588,0.3650607518851757,0.08508315086364737
1789687176.029664,traffic cone,0.6169,179,33,78,15,3.3178,3.3120,-1.5648313,0.13960788,2.9222627,-1.5452716,0.20487413,2.9222627,0.06580126285552979,0.3174507647752762,0.07805967330932617,0.03416529893875109,0.12835168540477754,0.07273182868957528
1789687176.067513,traffic cone,0.5032,312,177,239,172,3.3376,3.3371,-0.3249137,0.07564032,3.3208652,-0.3250298,0.013074145,3.3211772,0.21627211570739746,0.4464641809463501,0.09677267074584961,0.21616307199001314,0.44647781550884247,0.09728765487670898
1789687176.106308,traffic cone,0.3697,257,18,194,104,4.0264,4.7851,-2.227494,0.35156924,3.335675,-2.6567926,0.09825572,3.9785435,0.17854464054107666,0.0007670402526855358,0.10686445236206055,0.3712595224380495,0.4445083815604448,0.16297249794006374
1789687176.212723,traffic cone,0.8397,99,72,45,44,3.1315,3.1327,-1.9343314,0.06035769,2.461867,-1.9310112,0.11972141,2.4638422,0.11484034657478337,0.23884195424616336,0.09699270725250253,0.08251135945320143,0.23881345055997372,0.07124786376953107
1789687176.250089,traffic cone,0.8046,210,62,105,62,3.8413,3.8413,-0.8268757,0.11400579,3.749476,-0.8268757,0.11400579,3.749476,0.14602218270301814,0.3651569273322821,0.08581156730651829,0.14602218270301814,0.3651569273322821,0.08581156730651829
1789687176.290466,traffic cone,0.6169,181,34,78,15,3.3178,3.3140,-1.5654206,0.14001568,2.921948,-1.5443969,0.26211512,2.920401,0.06666432619094853,0.3189523935317993,0.07877776622772226,0.03442102670669556,0.1291157215833664,0.08146522045135507
1789687176.331916,traffic cone,0.5059,314,176,241,173,3.3352,3.3363,-0.32552326,0.044399396,3.3189979,-0.32550398,0.013012081,3.320327,0.2125610113143921,0.4464079439640045,0.09581702947616577,0.21338348388671877,0.4464020520448685,0.0962121009826662
1789687176.371231,traffic cone,0.3644,258,18,194,104,4.0219,4.7860,-2.2286673,0.35094956,3.3294601,-2.6572266,0.09829685,3.9793,0.17578085660934484,0.001024651527404774,0.11078311204910252,0.374320077896118,0.44435716047883034,0.16600666046142587
1789687176.441898,traffic cone,0.8398,98,72,48,45,3.1293,3.1308,-1.9328848,0.06059993,2.4601922,-1.9325774,0.119804084,2.4602618,0.11027835607528691,0.23882295638322829,0.09809155464172381,0.08446121215820312,0.2387784093618393,0.0767261028289794
1789687176.467795,traffic cone,0.8020,203,61,105,61,3.8411,3.8411,-0.82472515,0.11372301,3.7497687,-0.82472515,0.11372301,3.7497687,0.1421402096748352,0.36508676409721375,0.08440971374511719,0.1421402096748352,0.36508676409721375,0.08440971374511719
1789687176.493273,traffic cone,0.6104,181,34,79,15,3.3192,3.3180,-1.5657773,0.14012834,2.9232674,-1.545117,0.26268607,2.924468,0.06417371034622188,0.3193905085325241,0.07556749582290623,0.03500995635986337,0.12962219715118406,0.08315973281860378
1789687176.533065,traffic cone,0.5020,311,178,234,171,3.3378,3.3372,-0.32456708,0.075841606,3.3211098,-0.32454598,0.012962818,3.3213441,0.216927807033062,0.4462808549404144,0.0956164836883544,0.21449899673461914,0.4461657851934433,0.0965043306350708
1789687176.573397,traffic cone,0.3610,256,18,194,104,4.0308,4.7846,-2.2312257,0.35149068,3.3384433,-2.6579468,0.09810865,3.9772527,0.17575749158859244,0.0012259483337402344,0.11139191389083836,0.37394174337387076,0.44431468918919564,0.16500806808471635
1789687176.731355,traffic cone,0.8405,97,73,46,45,3.1314,3.1334,-1.9366794,0.060456425,2.4598985,-1.9313552,0.11989994,2.4644947,0.11402418613433851,0.23891043663024902,0.0956110954284668,0.08551979064941406,0.2387996420264244,0.0733401298522951
1789687176.763128,traffic cone,0.8021,204,62,106,62,3.8405,3.8405,-0.8255405,0.11387205,3.749026,-0.8255405,0.11387205,3.749026,0.14603682160377496,0.3653259690850973,0.08327996730804443,0.14603682160377496,0.3653259690850973,0.08327996730804443
1789687176.806276,traffic cone,0.6097,180,33,74,14,3.3198,3.3135,-1.5660027,0.13947378,2.9239569,-1.5444809,0.2335831,2.9222457,0.06326081752777113,0.31783847212791444,0.07767133712768537,0.03492310643196106,0.1271668314933777,0.07540345191955566
1789687176.847386,traffic cone,0.5051,312,176,234,171,3.3352,3.3366,-0.32527858,0.04432542,3.3189547,-0.32571417,0.013000846,3.3206387,0.2140638306736946,0.44648735225200653,0.09670329093933105,0.2121448963880539,0.44644172489643097,0.09543895721435547
1789687176.887466,traffic cone,0.3609,251,18,189,103,4.0250,4.7859,-2.2267237,0.3513145,3.334554,-2.6566505,0.098678544,3.9795833,0.17449097633361843,0.0008792549371719471,0.11309094429016131,0.37061893939971924,0.44426950737833976,0.16357150077819815
1789687176.972291,traffic cone,0.8399,96,73,46,45,3.1303,3.1327,-1.9350898,0.060509667,2.4598482,-1.9331951,0.11991711,2.4621809,0.11601920127868648,0.23887076675891875,0.09866399765014666,0.08400299549102774,0.23884147852659227,0.0786371707916258
1789687177.007117,traffic cone,0.8013,211,62,107,62,3.8404,3.8404,-0.8258851,0.113974154,3.7488477,-0.8258851,0.113974154,3.7488477,0.1472402811050415,0.3649745140224695,0.08286159038543728,0.1472402811050415,0.3649745140224695,0.08286159038543728
1789687177.049794,traffic cone,0.6109,180,33,75,14,3.3186,3.3130,-1.5647768,0.13944952,2.923181,-1.5435358,0.23385355,2.9221516,0.06541705131530762,0.3178131401538849,0.0806262016296384,0.033999955654144154,0.12733896970748904,0.07746516466140774
1789687177.088504,traffic cone,0.5020,318,176,242,172,3.3357,3.3361,-0.3247072,0.04444307,3.3195403,-0.3247072,0.012982257,3.3202763,0.2152787372469902,0.4463261067867279,0.09542065858840942,0.2158866509795189,0.4463010549545288,0.09630321264266994
1789687177.113341,traffic cone,0.3654,257,18,194,104,4.0245,4.7836,-2.2258358,0.35125715,3.3344774,-2.6571655,0.09831044,3.9764886,0.1765055298805236,0.000827464461326588,0.11001228094100934,0.37222853899002084,0.44444071874022484,0.16318557262420708
1789687177.234375,traffic cone,0.8407,98,73,46,45,3.1300,3.1307,-1.9347696,0.060526222,2.4596004,-1.9303508,0.11984356,2.4618788,0.11218230724334721,0.23897339999675749,0.09812102317810067,0.08415057659149183,0.23893415480852126,0.08154397010803205
1789687177.270985,traffic cone,0.7974,210,62,106,62,3.8416,3.8416,-0.82518154,0.11401664,3.7501862,-0.82518154,0.11401664,3.7501862,0.14575036168098454,0.3656318686902523,0.08215270042419442,0.14575036168098454,0.3656318686902523,0.08215270042419442
1789687177.310313,traffic cone,0.6125,182,33,75,14,3.3202,3.3125,-1.5654397,0.1394025,2.9246175,-1.5430582,0.2337636,2.921844,0.06474585533142108,0.3178895324468613,0.0791239261627199,0.03316672444343571,0.12777373194694516,0.07468398809433019
1789687177.350410,traffic cone,0.4986,318,177,243,173,3.3358,3.3365,-0.32590926,0.07591389,3.3189976,-0.32590926,0.013285533,3.3204966,0.21664577722549436,0.4462902694940567,0.09564208984375,0.21725997328758237,0.4462470680475235,0.09597921371459961
1789687177.389930,traffic cone,0.3521,258,18,195,104,4.0210,4.7866,-2.2234006,0.35126156,3.3319354,-2.6566863,0.09829147,3.980427,0.17850472927093497,0.0011384099721908347,0.10739519596099889,0.37416740655899083,0.4444930646568537,0.16448738574981636
1789687177.464135,traffic cone,0.8416,98,74,47,46,3.1319,3.1339,-1.9351542,0.06043127,2.4618242,-1.93338,0.11982934,2.46356,0.1183293104171752,0.2390494156628847,0.09592072963714626,0.08466953039169312,0.239045275375247,0.07767891883850098
1789687177.503532,traffic cone,0.7986,206,61,107,61,3.8393,3.8393,-0.82401836,0.11350982,3.7481155,-0.82401836,0.11350982,3.7481155,0.1407817006111145,0.36535365879535675,0.08829498291015625,0.1407817006111145,0.36535365879535675,0.08829498291015625
1789687177.531920,traffic cone,0.6132,179,34,76,15,3.3207,3.3170,-1.5650513,0.14052162,2.925374,-1.5441997,0.26293123,2.9238904,0.06466811299324027,0.31850546672940255,0.07950565814971933,0.03374378681182866,0.12903627753257754,0.086275386810303
1789687177.572321,traffic cone,0.4944,319,180,243,174,3.3363,3.3358,-0.32621932,0.07576044,3.319411,-0.3253692,0.013131343,3.3198211,0.22063634395599363,0.4466673254966736,0.09634524583816528,0.21853877156972884,0.44661013782024384,0.09543848037719727
1789687177.611550,traffic cone,0.3520,253,18,191,103,4.0271,4.7872,-2.2303238,0.35129043,3.3346496,-2.657613,0.09870006,3.980537,0.17225729227066067,0.001294282078742992,0.11556026935577401,0.3705538511276245,0.44422879815101624,0.162501716613769
1789687177.710578,traffic cone,0.8423,99,73,48,45,3.1296,3.1321,-1.9343938,0.060374588,2.4594846,-1.9317371,0.119843066,2.4625027,0.11641526222229004,0.2389418810606003,0.09837174415588379,0.08400664329528817,0.23889814168214796,0.07766537666320827
1789687177.733623,traffic cone,0.8000,205,62,107,62,3.8417,3.8417,-0.82662356,0.11412883,3.7499623,-0.82662356,0.11412883,3.7499623,0.14584972858428957,0.36484813801944255,0.08342428207397479,0.14584972858428957,0.36484813801944255,0.08342428207397479
1789687177.760532,traffic cone,0.6142,179,33,76,14,3.3182,3.3160,-1.564832,0.13952169,2.9227176,-1.5453126,0.23364879,2.9245894,0.06459376811981188,0.31784949302673343,0.0773871898651124,0.033332926034927324,0.12741702944040298,0.07493474483489981
1789687177.786834,traffic cone,0.4890,314,176,239,172,3.3374,3.3378,-0.3248092,0.044527173,3.3212252,-0.3248092,0.013033554,3.321972,0.2172417938709259,0.44648362696170807,0.09711110591888428,0.21730470061302182,0.44639346152544024,0.09683442115783691
1789687177.824111,traffic cone,0.3595,255,18,191,103,4.0233,4.7864,-2.2254763,0.351418,3.3332157,-2.659223,0.097871125,3.9785342,0.1751625180244445,0.001000073552131664,0.11203448772430402,0.37196261882782,0.44439001977443693,0.16372942924499512
1789687177.991383,traffic cone,0.8401,97,71,47,45,3.1321,3.1324,-1.9347237,0.060526088,2.4623187,-1.9307674,0.11956993,2.463702,0.1103895902633667,0.2389553114771843,0.09630262851715088,0.08525712490081783,0.2388664975762367,0.07696299552917463
1789687178.025694,traffic cone,0.7971,205,62,108,62,3.8405,3.8405,-0.8261293,0.113867894,3.7488463,-0.8261293,0.113867894,3.7488463,0.1480723708868027,0.3651495143771172,0.08356444835662868,0.1480723708868027,0.3651495143771172,0.08356444835662868
1789687178.065233,traffic cone,0.6108,180,34,79,15,3.3186,3.3171,-1.5642166,0.1404977,2.9234226,-1.5447319,0.26221484,2.923754,0.06628454923629756,0.31878108978271485,0.07680464982986424,0.0352008461952209,0.12944172620773314,0.0848744630813596
1789687178.108280,traffic cone,0.4958,311,177,232,170,3.3362,3.3371,-0.32451403,0.0759213,3.3195403,-0.32519624,0.012957975,3.3211672,0.21574393212795254,0.4463148176670074,0.09803218841552752,0.21156585663557045,0.4461286664009094,0.0957575321197508
1789687178.147239,traffic cone,0.3564,253,18,191,104,4.0205,4.7851,-2.2244258,0.35127652,3.3306332,-2.6557598,0.09813757,3.9791996,0.17621341943740854,0.001242581009864796,0.11055588722229004,0.37268664836883536,0.444431571662426,0.1656822443008421
1789687178.221951,traffic cone,0.8391,101,74,47,45,3.1293,3.1319,-1.9326092,0.060467824,2.4604623,-1.932092,0.1197367,2.4619856,0.11554400324821468,0.23898366391658782,0.09604727029800397,0.08204479217529315,0.23896317183971405,0.07579627037048331
1789687178.262893,traffic cone,0.7990,204,60,106,60,3.8401,3.8401,-0.82484305,0.114217535,3.7487004,-0.82484305,0.114217535,3.7487004,0.14249208271503455,0.36551339738070965,0.08096971511840811,0.14249208271503455,0.36551339738070965,0.08096971511840811
1789687178.289861,traffic cone,0.6106,179,34,75,15,3.3157,3.3133,-1.5641055,0.1399874,2.9202542,-1.5428127,0.2628048,2.9203799,0.06592409014701861,0.31918660402297977,0.07697199583053571,0.03372486829757704,0.13021801710128783,0.08559417724609375
1789687178.328696,traffic cone,0.4991,314,178,240,173,3.3367,3.3373,-0.32574755,0.07581462,3.3199089,-0.3274153,0.013232067,3.321128,0.21801130622625348,0.4465284049510956,0.0934793710708619,0.2180806368589401,0.44655053317546844,0.09355106353759801
1789687178.362957,traffic cone,0.3546,250,18,189,104,4.0235,4.7853,-2.2263925,0.35136443,3.3328853,-2.6563601,0.097990766,3.9791577,0.1755678653717041,0.0008242279291152954,0.11160763502120963,0.3728299498558041,0.444339695200324,0.16243584156036395
1789687178.489332,traffic cone,0.8385,94,72,47,45,3.1311,3.1324,-1.933445,0.06054675,2.4620504,-1.9316729,0.120007694,2.4629974,0.10943732261657724,0.23899356611073017,0.10149555206298855,0.08575668334960929,0.2389977514743805,0.07766475677490225
1789687178.531035,traffic cone,0.7981,203,61,105,61,3.8399,3.8399,-0.8251428,0.113942236,3.748443,-0.8251428,0.113942236,3.748443,0.1476963758468628,0.3650830537080765,0.0809025764465332,0.1476963758468628,0.3650830537080765,0.0809025764465332
1789687178.557568,traffic cone,0.6087,180,34,79,16,3.3192,3.3189,-1.56442,0.14038908,2.9240413,-1.546485,0.23363122,2.9273214,0.06506323218345655,0.3191951960325241,0.08069082498550406,0.03312724828720093,0.1303732842206955,0.08545291423797607
1789687178.596134,traffic cone,0.4979,310,178,235,172,3.3375,3.3374,-0.32444113,0.07572289,3.3208518,-0.3239109,0.013084739,3.3216522,0.21845525354146958,0.4465343847870827,0.0984683632850647,0.21696230024099347,0.44647716283798217,0.09801859855651873
1789687178.635120,traffic cone,0.3537,251,18,191,104,4.0232,4.7848,-2.2267723,0.3513689,3.3323183,-2.6570277,0.09790607,3.9779978,0.17337133884429923,0.0011273443698883168,0.1150985598564147,0.37296026945114136,0.4441762443631887,0.16292171478271467
1789687178.745831,traffic cone,0.8373,96,72,46,44,3.1314,3.1322,-1.9345396,0.060379222,2.4616742,-1.9302391,0.119638175,2.4638758,0.11134160757064815,0.23894870579242705,0.09512076377868661,0.08270643949508671,0.2388066679239273,0.07163238525390625
1789687178.781819,traffic cone,0.7965,205,62,107,62,3.8399,3.8399,-0.8258835,0.11415218,3.7483304,-0.8258835,0.11415218,3.7483304,0.1444169700145721,0.3649549692869186,0.08766019344329834,0.1444169700145721,0.3649549692869186,0.08766019344329834
1789687178.823837,traffic cone,0.6033,179,34,76,15,3.3185,3.3164,-1.5637015,0.14028876,2.9235759,-1.5438472,0.2621359,2.9234357,0.06109459996223454,0.3193817943334579,0.0787225246429446,0.03354291915893559,0.1303001910448074,0.09100704193115217
1789687178.864454,traffic cone,0.4963,311,177,235,171,3.3364,3.3366,-0.32497567,0.07584557,3.3196387,-0.325594,0.013064519,3.3206408,0.21651795804500576,0.4463773310184479,0.09772028923034659,0.21231670677661896,0.4463139623403549,0.09766054153442383
1789687178.904641,traffic cone,0.3539,255,18,192,104,4.0233,4.7848,-2.2258077,0.35141927,3.3330355,-2.6553404,0.09817825,3.9791472,0.1738840937614441,0.0009759366512298584,0.11432965993881261,0.37241725921630886,0.44413030780851837,0.16759076118469274
1789687178.995065,traffic cone,0.8392,98,73,45,44,3.1311,3.1320,-1.9343996,0.06044288,2.461349,-1.9314692,0.11981927,2.4626687,0.11375346183776847,0.238920034468174,0.09403781890869167,0.08228921890258789,0.23896360769867897,0.06977405548095694
1789687179.021708,traffic cone,0.7951,206,61,108,61,3.8413,3.8413,-0.82254505,0.11392012,3.7504454,-0.82254505,0.11392012,3.7504454,0.14219164848327637,0.36471661925315857,0.08760786056518555,0.14219164848327637,0.36471661925315857,0.08760786056518555
1789687179.049665,traffic cone,0.6103,180,35,77,16,3.3184,3.3200,-1.5628195,0.14061713,2.9239955,-1.5434743,0.23611046,2.9298978,0.06319737434387207,0.31912591457366946,0.08996706008911115,0.035207271575927734,0.1297297328710556,0.11605715751647949
1789687179.089720,traffic cone,0.4963,315,177,240,172,3.3349,3.3353,-0.32599878,0.07577196,3.318087,-0.32630363,0.013061531,3.3192418,0.21643886566162107,0.4463903963565826,0.09342088699340811,0.21621356606483458,0.4464117124676704,0.09552004337310782
1789687179.131457,traffic cone,0.3629,255,18,193,102,4.0244,4.7853,-2.2268057,0.35114598,3.333779,-2.6554315,0.13290773,3.9786863,0.17603724002838117,0.0007157117128372414,0.11067967414855984,0.37424423694610587,0.44441661015152933,0.16427075862884566
1789687179.262756,traffic cone,0.8377,97,73,46,45,3.1317,3.1328,-1.9335482,0.06039618,2.462799,-1.9323742,0.11970335,2.4629462,0.1137865304946899,0.2388829544186592,0.09745254516601554,0.08221740722656268,0.23877673149108888,0.07667331695556623
1789687179.299458,traffic cone,0.7931,203,61,106,61,3.8388,3.8388,-0.8247646,0.11364204,3.7474442,-0.8247646,0.11364204,3.7474442,0.1432269811630249,0.3653573840856552,0.08769369125366211,0.1432269811630249,0.3653573840856552,0.08769369125366211
1789687179.342890,traffic cone,0.6052,179,34,77,15,3.3189,3.3172,-1.5643907,0.14023806,2.9236646,-1.544686,0.262804,2.9238186,0.061514973640441895,0.3197301417589188,0.07605401277542123,0.033646023273467884,0.13057166337966916,0.08720188140869123
1789687179.384409,traffic cone,0.4946,309,177,235,173,3.3364,3.3367,-0.32716304,0.0759677,3.319463,-0.32716304,0.013116017,3.3206089,0.21696861684322352,0.4464553892612457,0.09682126045227024,0.21756511628627778,0.44649988412857056,0.09634318351745597
1789687179.424462,traffic cone,0.3569,259,18,196,104,4.0247,4.7856,-2.226624,0.35131896,3.334219,-2.6562057,0.09845708,3.9795039,0.17980650663375863,0.0009032785892486572,0.10499178171157864,0.3744185447692874,0.44406439512968066,0.16905348300933865
1789687179.514808,traffic cone,0.8389,98,72,49,46,3.1306,3.1317,-1.9344863,0.060428098,2.460703,-1.9315932,0.119613945,2.4621093,0.11437256336212154,0.23886633589863776,0.09370695352554348,0.08578139543533325,0.23880481161177158,0.07274001836776733
1789687179.551050,traffic cone,0.7928,205,62,108,62,3.8413,3.8413,-0.82323754,0.11397895,3.7502785,-0.82323754,0.11397895,3.7502785,0.14671148359775543,0.36494996324181556,0.08505570888519287,0.14671148359775543,0.36494996324181556,0.08505570888519287
1789687179.593178,traffic cone,0.6083,179,34,76,15,3.3187,3.3156,-1.5648859,0.14035775,2.9231966,-1.544924,0.26282924,2.921834,0.06479479074478145,0.3190592423081398,0.07893013954162598,0.03585979938507067,0.13023396134376528,0.08666408061981201
1789687179.632688,traffic cone,0.4979,310,178,236,173,3.3366,3.3367,-0.32534915,0.044551134,3.3203626,-0.3254105,0.013098881,3.3208086,0.21740100383758545,0.44646884351968763,0.09955008029937762,0.2164982497692108,0.4465371876955032,0.09996862411499041
1789687179.657824,traffic cone,0.3604,259,18,192,102,4.0243,4.7886,-2.2264915,0.35125333,3.3338404,-2.6584244,0.13312547,3.9806788,0.17493810653686515,0.0009642362594604603,0.11233184337615976,0.37137001752853394,0.44432505406439304,0.17212483882904017
1789687179.775519,traffic cone,0.8391,99,73,47,45,3.1297,3.1334,-1.932578,0.060614884,2.4610558,-1.932464,0.11978921,2.4636364,0.11379976272583003,0.23880687206983567,0.10057859420776394,0.08287653923034677,0.23872241079807283,0.07949962615966788
1789687179.814371,traffic cone,0.7935,203,61,105,61,3.8396,3.8396,-0.8249326,0.113595545,3.748257,-0.8249326,0.113595545,3.748257,0.14202922582626343,0.36535733193159103,0.09078121185302734,0.14202922582626343,0.36535733193159103,0.09078121185302734
1789687179.841853,traffic cone,0.6098,178,33,76,14,3.3186,3.3132,-1.5652364,0.13935047,2.9229476,-1.5438645,0.23359902,2.9222414,0.06669759750366211,0.3172112345695496,0.07566566467285174,0.03713222146034245,0.12678758203983306,0.07237943410873404
1789687179.880971,traffic cone,0.4940,315,176,240,171,3.3364,3.3365,-0.3256818,0.044567548,3.3201585,-0.32603014,0.012993813,3.3205426,0.21702289581298828,0.446479894220829,0.09531623125076294,0.2141757309436798,0.4465005695819855,0.09570515155792236
1789687179.919894,traffic cone,0.3605,254,18,191,103,4.0252,4.7874,-2.2265716,0.35133284,3.334876,-2.6572037,0.09741667,3.9810374,0.17834274768829372,0.0012346386909484752,0.1085421204566952,0.3710639476776123,0.44403720274567604,0.16360654830932608
1789687180.029584,traffic cone,0.8401,97,72,48,46,3.1307,3.1339,-1.933498,0.060524687,2.4615746,-1.932339,0.11973712,2.464419,0.11359911561012259,0.23902626298367977,0.09407573938369751,0.08245399594306946,0.23902768269181252,0.0790942907333374
1789687180.064105,traffic cone,0.7930,208,61,105,61,3.8439,3.8439,-0.8243688,0.11393084,3.7527044,-0.8243688,0.11393084,3.7527044,0.1435742974281311,0.3649907633662224,0.08587026596069336,0.1435742974281311,0.3649907633662224,0.08587026596069336
1789687180.090093,traffic cone,0.6090,180,34,78,15,3.3183,3.3149,-1.5648834,0.14031047,2.9227324,-1.5427572,0.26245266,2.9223125,0.06661471724510193,0.3192611612379551,0.07932224273681632,0.03367738723754887,0.12971574068069458,0.08215663433074916
1789687180.131312,traffic cone,0.4894,311,177,234,171,3.3372,3.3365,-0.32515463,0.07588948,3.3204935,-0.32515463,0.013031244,3.320616,0.2153268814086914,0.4465175896883011,0.09300861358642587,0.2132897675037384,0.44625620543956757,0.09151232242584229
1789687180.171422,traffic cone,0.3625,256,18,193,103,4.0235,4.7839,-2.2268457,0.35142437,3.33255,-2.65552,0.09888725,3.97801,0.17635750770568848,0.0010705053806305265,0.11039931774139378,0.37467002868652344,0.4440277837216854,0.1667746543884272
1789687180.286373,traffic cone,0.8383,97,73,46,45,3.1305,3.1320,-1.9324882,0.060477823,2.462072,-1.9319711,0.119799584,2.462232,0.11464171409606938,0.23883435130119324,0.09368906021118173,0.08447179794311532,0.23876740783452988,0.07607073783874485
1789687180.311899,traffic cone,0.7940,210,61,106,61,3.8398,3.8398,-0.8235586,0.11377087,3.7487414,-0.8235586,0.11377087,3.7487414,0.1416429877281189,0.36488688737154007,0.08335590362548828,0.1416429877281189,0.36488688737154007,0.08335590362548828
1789687180.337402,traffic cone,0.6073,179,34,77,15,3.3198,3.3181,-1.5642428,0.14026658,2.9248238,-1.5460262,0.2621888,2.9242082,0.06676563620567322,0.3190601237118244,0.07865759134292594,0.03331545591354379,0.12984050810337064,0.0856632471084593
1789687180.376285,traffic cone,0.4875,309,177,232,170,3.3380,3.3379,-0.3257327,0.0758771,3.3212025,-0.326107,0.013061412,3.32191,0.2154539167881012,0.4464564323425293,0.09559168815612828,0.2112994134426116,0.4463350176811218,0.0938431501388548
1789687180.417889,traffic cone,0.3587,254,18,192,103,4.0236,4.7871,-2.227023,0.35156345,3.332644,-2.658252,0.09903309,3.9799573,0.17360054254531843,0.0010715216398239358,0.1147627949714658,0.3711304426193234,0.4442633345723152,0.16538505554199245
1789687180.569846,traffic cone,0.8383,99,72,47,45,3.1313,3.1329,-1.9339987,0.060555577,2.4619758,-1.9335629,0.11981055,2.462117,0.112898224592209,0.238973730430007,0.09535192251205427,0.08570003509521484,0.23898787200450897,0.0759376049041749
1789687180.596315,traffic cone,0.7951,203,61,105,61,3.8422,3.8422,-0.82698333,0.11350864,3.7504215,-0.82698333,0.11350864,3.7504215,0.1421799659729004,0.3649110049009323,0.08072662353515625,0.1421799659729004,0.3649110049009323,0.08072662353515625
1789687180.638266,traffic cone,0.6124,180,34,79,15,3.3207,3.3194,-1.5657167,0.14018656,2.9250102,-1.5459672,0.262305,2.9256957,0.06726937890052787,0.31917677149176593,0.07831482887268049,0.03406293392181392,0.12961289584636687,0.08416275978088361
1789687180.677196,traffic cone,0.4828,314,177,240,171,3.3381,3.3377,-0.32563078,0.07560232,3.3213446,-0.32563078,0.013280198,3.3217583,0.21695934534072875,0.4463517993688583,0.09567627906799325,0.2144390344619751,0.44603483378887177,0.09472513198852539
1789687180.716861,traffic cone,0.3546,255,18,193,104,4.0246,4.7862,-2.2277102,0.35133007,3.333343,-2.66039,0.09863596,3.9775076,0.1756261467933653,0.0006294220685958973,0.11154721975326565,0.37351900339126587,0.4440283808857202,0.16178646087646475
1789687180.829042,traffic cone,0.8405,97,73,47,46,3.1309,3.1321,-1.9340392,0.060441107,2.4614124,-1.9327213,0.11969553,2.4618306,0.11545848846435547,0.23891313523054122,0.09445314407348615,0.08945780992507935,0.23889016918838024,0.07407963275909424
1789687180.877684,traffic cone,0.7960,204,61,107,61,3.8406,3.8406,-0.8245002,0.11348382,3.7493033,-0.8245002,0.11348382,3.7493033,0.14249813556671143,0.3655388429760933,0.08306694030761719,0.14249813556671143,0.3655388429760933,0.08306694030761719
1789687180.917398,traffic cone,0.6132,179,33,75,14,3.3191,3.3140,-1.5655885,0.13934624,2.9233694,-1.5448503,0.23423412,2.9224858,0.06568334102630602,0.3172992289066315,0.07725200653076181,0.0361278414726256,0.12710804492235184,0.07478866577148402
1789687180.940973,traffic cone,0.4919,314,178,239,174,3.3381,3.3382,-0.32655403,0.04456506,3.3217974,-0.32655403,0.013117328,3.3222008,0.2186487585306168,0.4467104896903038,0.09836068153381339,0.2188969880342483,0.44628315716981887,0.09956059455871591
1789687180.963054,traffic cone,0.3490,258,18,195,104,4.0255,4.7843,-2.2262282,0.35127428,3.3354523,-2.656897,0.09830943,3.9775121,0.17611253261566162,0.0007585287094116211,0.1106109619140625,0.37354136705398533,0.4444436144083738,0.16173567771911612
1789687181.110558,traffic cone,0.8408,99,73,46,44,3.1299,3.1327,-1.9353302,0.0604569,2.4590797,-1.9303529,0.11990327,2.4643896,0.11521568298339857,0.23907940089702606,0.09581069946289089,0.08443026542663579,0.23896043114364146,0.06701097488403329
1789687181.136635,traffic cone,0.7947,204,62,106,62,3.8393,3.8393,-0.82586265,0.11424281,3.747717,-0.82586265,0.11424281,3.747717,0.14643989801406854,0.3648335672914982,0.08835773468017605,0.14643989801406854,0.3648335672914982,0.08835773468017605
1789687181.173619,traffic cone,0.6092,178,34,77,15,3.3202,3.3187,-1.5641742,0.14060032,2.925331,-1.54655,0.26259863,2.9245296,0.06657381057739253,0.3189674571156502,0.07971723079681414,0.03323928117752084,0.12917803525924684,0.08695816993713379
1789687181.212834,traffic cone,0.4964,316,177,242,172,3.3382,3.3377,-0.32521158,0.07577689,3.321498,-0.32330802,0.013122611,3.3220158,0.21632584333419802,0.4465586572885513,0.0957467079162595,0.21453511714935303,0.4464657068252563,0.09418995380401629
1789687181.252744,traffic cone,0.3567,255,18,192,104,4.0222,4.7861,-2.2267754,0.35139534,3.3310792,-2.6556969,0.098206356,3.980503,0.1749166965484621,0.000985553860664401,0.11269204616546613,0.37323113679885855,0.44433356150984765,0.16409239768981898
1789687181.342980,traffic cone,0.8416,102,74,46,44,3.1312,3.1330,-1.9366074,0.06043394,2.459685,-1.9312065,0.11996199,2.4640613,0.11821590662002568,0.23896323293447497,0.09676290750503558,0.08200201392173767,0.2389996875077486,0.0705288767814638
1789687181.383538,traffic cone,0.7957,203,60,106,60,3.8402,3.8402,-0.82554555,0.11389415,3.7486553,-0.82554555,0.11389415,3.7486553,0.14444600343704217,0.3650482129305601,0.08274021148681632,0.14444600343704217,0.3650482129305601,0.08274021148681632
1789687181.410688,traffic cone,0.6074,179,35,76,16,3.3208,3.3181,-1.5637115,0.14111334,2.92618,-1.5420372,0.23530732,2.9285717,0.06399263143539446,0.3193878799676895,0.0879659652709961,0.03315207362174988,0.13040677458047867,0.10562193393707275
1789687181.449435,traffic cone,0.4968,319,176,242,172,3.3367,3.3369,-0.32594258,0.044586025,3.3204002,-0.32594258,0.013060205,3.3209376,0.21682164818048477,0.44639186561107635,0.09734219312667847,0.21718033105134962,0.4463983356952667,0.09740852117538479
1789687181.487323,traffic cone,0.3584,254,18,192,104,4.0238,4.7853,-2.2259011,0.3512783,3.3335972,-2.6570086,0.09819554,3.978662,0.17793025970458975,0.0010045230388641135,0.10785514116287231,0.3724376440048216,0.44433305859565736,0.16542184352874756
1789687181.588495,traffic cone,0.8439,98,73,47,45,3.1316,3.1345,-1.9332454,0.060464486,2.4629178,-1.93188,0.11973837,2.465479,0.11505551338195796,0.23890522718429566,0.09266166687011701,0.08440833091735844,0.23876269906759262,0.07479295730590829
1789687181.614600,traffic cone,0.7938,204,61,106,61,3.8391,3.8391,-0.8236521,0.11368433,3.7479718,-0.8236521,0.11368433,3.7479718,0.14359593391418457,0.36510946601629257,0.08233880996704102,0.14359593391418457,0.36510946601629257,0.08233880996704102
1789687181.641719,traffic cone,0.6072,180,34,78,15,3.3181,3.3192,-1.5649037,0.14038114,2.9225612,-1.5463071,0.2626904,2.9252036,0.06564472317695635,0.31860829815268515,0.07723640203475979,0.03623319864273067,0.12941817641258238,0.08445277214050284
1789687181.679202,traffic cone,0.4939,310,178,233,172,3.3375,3.3369,-0.32520628,0.07575953,3.3207693,-0.32319677,0.01305756,3.3211489,0.21698269844055174,0.44664292186498644,0.0942796230316163,0.21555528789758682,0.4465209051966667,0.09445044994354257
1789687181.718039,traffic cone,0.3548,252,18,191,104,4.0246,4.7862,-2.2286825,0.35134813,3.3326895,-2.657103,0.09805013,3.9796875,0.1753909111022951,0.0006444722414016835,0.11193279027938852,0.37639485597610456,0.44415582232177253,0.16568260192871076
1789687181.851697,traffic cone,0.8457,98,74,46,45,3.1307,3.1331,-1.9334596,0.06052681,2.4615765,-1.9324402,0.11990848,2.463239,0.1185650885105134,0.2388873569667339,0.09561775922775251,0.08519945144653307,0.23885334730148317,0.07127079963684091
1789687181.889118,traffic cone,0.7982,205,61,107,61,3.8426,3.8426,-0.823961,0.11362356,3.7514966,-0.823961,0.11362356,3.7514966,0.14151132106781006,0.36560819298028946,0.08666324615478516,0.14151132106781006,0.36560819298028946,0.08666324615478516
1789687181.929315,traffic cone,0.6061,180,34,76,15,3.3198,3.3178,-1.564056,0.14049633,2.9249182,-1.5442315,0.26279697,2.9247417,0.06652594208717355,0.31934458017349243,0.07811483144760167,0.03410252332687369,0.12979214787483215,0.08531291484832737
1789687181.973170,traffic cone,0.4972,305,178,232,173,3.3369,3.3379,-0.3251593,0.07599573,3.3201914,-0.32693946,0.013256624,3.3218553,0.21803832948207857,0.4463647544384003,0.09381529092788732,0.21789032220840454,0.4464468002319336,0.09520521163940465
1789687182.011925,traffic cone,0.3569,255,18,193,103,4.0238,4.7877,-2.2264333,0.3512946,3.3332307,-2.6573114,0.09845948,3.981354,0.1741684913635253,0.0012086153030395619,0.11373766660690299,0.3690291881561283,0.44442921653389933,0.16312098503112793
1789687182.103576,traffic cone,0.8426,100,74,46,45,3.1314,3.1327,-1.9338651,0.06050545,2.4621844,-1.9319131,0.119887695,2.463111,0.11464880704879765,0.2389656700193882,0.09749288558959934,0.081151294708252,0.23897822350263595,0.07632679939269993
1789687182.129451,traffic cone,0.7992,210,60,105,60,3.8404,3.8404,-0.82581145,0.11394121,3.7488556,-0.82581145,0.11394121,3.7488556,0.14334209561347966,0.3656922105699778,0.0814934015274047,0.14334209561347966,0.3656922105699778,0.0814934015274047
1789687182.166791,traffic cone,0.6034,179,34,127,19,3.3188,3.3328,-1.5649725,0.13996835,2.9233146,-1.5905756,0.01193206,2.9287229,0.06766049861907963,0.3190711662173271,0.07805912494659406,0.07858152389526363,0.25576741695404054,0.06665034294128391
1789687182.203779,traffic cone,0.4979,312,178,210,164,3.3386,3.3367,-0.3249467,0.0758668,3.321876,-0.32458448,0.07594922,3.3200397,0.21752770394086837,0.4466626435518265,0.09872773885726938,0.21711996793746946,0.4466016858816147,0.09104146957397452
1789687182.228423,traffic cone,0.3510,252,18,193,105,4.0212,4.7840,-2.2259293,0.3513593,3.33043,-2.656301,0.09918477,3.9775496,0.17548956871032706,0.0007122397422790194,0.11170802116394052,0.37833900451660174,0.4445589631795883,0.16807031631469727
1789687182.365526,traffic cone,0.8419,97,73,45,44,3.1322,3.1344,-1.933609,0.060575247,2.4633548,-1.9321284,0.11960766,2.4652262,0.11428253650665288,0.23897897750139235,0.09162368774414054,0.0825355470180511,0.23891534321010113,0.07160065174102792
1789687182.391675,traffic cone,0.7987,203,61,105,61,3.8421,3.8421,-0.8252028,0.11363694,3.7507498,-0.8252028,0.11363694,3.7507498,0.14141571521759033,0.36545513570308685,0.08420801162719727,0.14141571521759033,0.36545513570308685,0.08420801162719727
1789687182.428749,traffic cone,0.6064,179,34,75,15,3.3195,3.3138,-1.5646346,0.14058869,2.924246,-1.5446113,0.2085672,2.9243565,0.06527106761932377,0.3175065904855728,0.0761898517608639,0.035146796703338534,0.1268189698457718,0.08445050716400138
1789687182.471652,traffic cone,0.4958,302,177,234,172,3.3385,3.3392,-0.32600927,0.07587385,3.3216987,-0.32607377,0.01325804,3.3232267,0.21670724153518678,0.44652152359485625,0.09637722969055185,0.21663014590740207,0.4464193046092987,0.09655020236969003
1789687182.511358,traffic cone,0.3528,254,18,193,104,4.0221,4.7851,-2.2243624,0.35137862,3.3325706,-2.6587696,0.098760545,3.9772139,0.17400256395339975,0.0011136263608932384,0.1141408920288085,0.3756061673164366,0.4441874966025352,0.16761817932128897
1789687182.590505,traffic cone,0.8426,98,73,46,44,3.1301,3.1326,-1.932464,0.060578927,2.4616249,-1.9308937,0.11985241,2.4638476,0.11153025627136226,0.23905054628849032,0.09404034614563006,0.08180243968963619,0.23905470333993434,0.06912803649902344
1789687182.625729,traffic cone,0.8001,204,61,105,61,3.8380,3.8380,-0.8212624,0.11369601,3.7473745,-0.8212624,0.11369601,3.7473745,0.14084631204605103,0.3650626912713051,0.0894627571105957,0.14084631204605103,0.3650626912713051,0.0894627571105957
1789687182.667515,traffic cone,0.6090,179,35,77,16,3.3181,3.3209,-1.5616313,0.14136401,2.9242094,-1.5439048,0.23463663,2.9307718,0.06296521425247192,0.3191112369298935,0.08455045223236102,0.03414842486381531,0.12964371591806412,0.10255736112594604
1789687182.696324,traffic cone,0.4980,301,177,233,172,3.3383,3.3380,-0.3263752,0.07586926,3.3214834,-0.32686105,0.013123162,3.3219566,0.2162006109952926,0.44685378968715667,0.09619073867797834,0.2156308367848396,0.4466763213276863,0.09673945903778058
1789687182.733318,traffic cone,0.3572,254,18,191,103,4.0219,4.7870,-2.2250328,0.35110316,3.3318858,-2.6583848,0.09778467,3.979847,0.17405388355255136,0.0010051012039185014,0.11366481781005877,0.37287306785583496,0.4442483223974705,0.16454992294311488
1789687182.836588,traffic cone,0.8423,98,74,46,45,3.1304,3.1307,-1.9334791,0.06063155,2.4612029,-1.9308589,0.119816214,2.4614038,0.11370822191238394,0.23900589570403097,0.0982561707496643,0.08465549945831308,0.23895398527383804,0.07354459762573251
1789687182.862593,traffic cone,0.8011,205,61,106,61,3.8402,3.8402,-0.8222664,0.11339584,3.7494204,-0.8222664,0.11339584,3.7494204,0.14161139726638794,0.3650527372956276,0.08186054229736328,0.14161139726638794,0.3650527372956276,0.08186054229736328
1789687182.889060,traffic cone,0.6102,179,34,77,15,3.3185,3.3193,-1.5639396,0.140337,2.9234462,-1.5437571,0.2623865,2.9267793,0.06604184508323674,0.3195041969418526,0.08011649847030622,0.03184483051300058,0.12975683510303496,0.08693389892578107
1789687182.927229,traffic cone,0.4983,306,179,238,173,3.3379,3.3376,-0.32451493,0.07589951,3.3212366,-0.3237232,0.013176739,3.321792,0.2197452664375305,0.44652335345745087,0.0983410596847536,0.2170086979866028,0.44643170237541197,0.09702563285827637
1789687182.965689,traffic cone,0.3547,254,18,192,104,4.0235,4.7900,-2.2271905,0.3512293,3.3323612,-2.6603703,0.13307302,3.9810061,0.1767501473426818,0.0009157598018646462,0.10947214365005475,0.3734885215759278,0.44444345496594906,0.1681868553161623
1789687183.105162,traffic cone,0.8437,102,75,47,44,3.1305,3.1318,-1.9351721,0.060427934,2.459943,-1.9304528,0.11993237,2.4631262,0.1178147673606873,0.2389089822769165,0.09887621402740487,0.07985410690307626,0.23891187869012356,0.07599411010742152
1789687183.140835,traffic cone,0.8014,205,62,107,62,3.8412,3.8412,-0.8249718,0.11411376,3.7498581,-0.8249718,0.11411376,3.7498581,0.14783674180507655,0.36486709117889404,0.09263844490051243,0.14783674180507655,0.36486709117889404,0.09263844490051243
1789687183.183004,traffic cone,0.6128,177,35,74,16,3.3187,3.3208,-1.5637062,0.14078942,2.923819,-1.545869,0.2360987,2.9295425,0.06496068239212027,0.3187593072652817,0.09167215824127206,0.03469684720039368,0.12926370650529861,0.10661423206329346
1789687183.225070,traffic cone,0.4995,306,178,240,173,3.3366,3.3367,-0.3252727,0.0445712,3.3204308,-0.32510245,0.013164803,3.320845,0.21807048171758656,0.44647891968488695,0.10104540586471566,0.2163973927497864,0.4464178323745728,0.0958798408508299
1789687183.265877,traffic cone,0.3576,255,18,191,102,4.0232,4.7852,-2.2277806,0.35141,3.3315837,-2.656227,0.09795724,3.9790525,0.17617264986038217,0.0010778844356537087,0.1107086300849911,0.3685806870460513,0.4445220794528723,0.16216363906860387
1789687183.357530,traffic cone,0.8431,95,72,45,45,3.1317,3.1327,-1.9367993,0.060541898,2.460226,-1.9315859,0.119802624,2.4633577,0.11424226760864253,0.2389088787138462,0.0969652891159054,0.08179583549499525,0.23880957812070847,0.07647233009338406
1789687183.390604,traffic cone,0.8011,204,62,106,62,3.8419,3.8419,-0.8262589,0.11427903,3.7502673,-0.8262589,0.11427903,3.7502673,0.1480923444032669,0.36555383279919623,0.08476672172546396,0.1480923444032669,0.36555383279919623,0.08476672172546396
1789687183.429063,traffic cone,0.6129,179,34,76,15,3.3199,3.3173,-1.5639769,0.14053433,2.925065,-1.5440803,0.26254746,2.9242592,0.06425942778587346,0.31868974044919013,0.08069896697998047,0.03288959264755231,0.12885599434375763,0.08788747787475559
1789687183.467885,traffic cone,0.4974,305,179,241,174,3.3379,3.3379,-0.3255114,0.07573986,3.321121,-0.32459962,0.013108149,3.3220143,0.2180579841136932,0.44655451774597166,0.09818820953369123,0.21830495148897167,0.44613154977560043,0.09601320028305071
1789687183.492991,traffic cone,0.3619,255,18,190,103,4.0242,4.7855,-2.2278938,0.3514189,3.3327024,-2.6573617,0.09939706,3.9786587,0.17583234310150164,0.0008215010166168213,0.11132977008819589,0.37246601581573513,0.4441809818148613,0.1660700321197508
1789687183.620735,traffic cone,0.8442,99,73,48,45,3.1308,3.1343,-1.9325862,0.060614422,2.462364,-1.9311862,0.119749725,2.465768,0.11388604640960698,0.2389721989631653,0.0978132724761962,0.08527791500091553,0.23895105123519897,0.07528815269470224
1789687183.648858,traffic cone,0.8027,204,61,106,61,3.8415,3.8415,-0.8239311,0.113677114,3.7503998,-0.8239311,0.113677114,3.7503998,0.1417781114578247,0.3644818365573883,0.0852804183959961,0.1417781114578247,0.3644818365573883,0.0852804183959961
1789687183.686701,traffic cone,0.6092,179,34,77,15,3.3194,3.3172,-1.5645216,0.14052385,2.92424,-1.5446616,0.26261467,2.9238143,0.06694648861885066,0.3191809967160225,0.08147094249725306,0.0356134533882142,0.12970540225505828,0.0857797622680665
1789687183.726225,traffic cone,0.4977,311,177,237,173,3.3383,3.3383,-0.32583863,0.07596481,3.3214965,-0.32583863,0.0131405145,3.3223388,0.21724404096603395,0.4465032994747162,0.09739356040954572,0.21772500276565554,0.4465299606323242,0.09700064659118635
1789687183.765870,traffic cone,0.3652,251,18,191,103,4.0264,4.7877,-2.227624,0.35136446,3.3356426,-2.6573427,0.09771985,3.9813516,0.17468405961990374,0.0007983058691024558,0.11300855875015259,0.375474214553833,0.4442301347851753,0.1655485153198235
1789687183.854265,traffic cone,0.8437,97,73,45,44,3.1322,3.1323,-1.9360627,0.060489863,2.4614506,-1.9310589,0.11990093,2.4633708,0.1139036893844605,0.2389967992901802,0.09714446067810067,0.08304950594902039,0.2389395624399185,0.07053446769714355
1789687183.882878,traffic cone,0.8028,205,62,107,62,3.8431,3.8431,-0.8248897,0.11408973,3.7518227,-0.8248897,0.11408973,3.7518227,0.14800533652305603,0.3651504013687372,0.08208909034728995,0.14800533652305603,0.3651504013687372,0.08208909034728995
1789687183.921801,traffic cone,0.6080,179,35,78,16,3.3216,3.3199,-1.5636522,0.14101355,2.9271553,-1.5443945,0.23608395,2.9293418,0.06646851301193224,0.3189788654446602,0.08994207382202157,0.034214526414871216,0.12928210943937302,0.10629117488861084
1789687183.962891,traffic cone,0.5008,308,177,232,171,3.3385,3.3378,-0.32532704,0.07585804,3.321743,-0.32532704,0.012983665,3.3219216,0.2159959852695465,0.4465181022882462,0.0978358745574952,0.21396732330322266,0.4464222639799118,0.09592795372009277
1789687184.002327,traffic cone,0.3601,253,18,193,103,4.0240,4.7896,-2.2269757,0.35149166,3.3331518,-2.65889,0.098845825,3.9826114,0.17655961513519314,0.0007210969924926758,0.11016813516616786,0.3717837333679199,0.44430994540452956,0.16485805511474583
1789687184.076903,traffic cone,0.8444,99,73,47,45,3.1320,3.1328,-1.9349401,0.06070049,2.4620948,-1.9327679,0.11971271,2.4626465,0.11340951919555664,0.23894045501947403,0.09998645782470694,0.08175716400146493,0.23895866870880128,0.07866582870483407
1789687184.103700,traffic cone,0.8003,203,61,105,61,3.8419,3.8419,-0.82642305,0.1135838,3.750247,-0.82642305,0.1135838,3.750247,0.1434348225593567,0.3649381026625633,0.08332633972167969,0.1434348225593567,0.3649381026625633,0.08332633972167969
1789687184.146394,traffic cone,0.6091,179,35,78,16,3.3235,3.3218,-1.565064,0.14083475,2.928567,-1.5453926,0.2359158,2.930948,0.06550652980804461,0.3191377863287925,0.09444088935852024,0.03493607044219971,0.1300560086965561,0.1148691177368164
1789687184.188446,traffic cone,0.4935,306,176,239,172,3.3382,3.3383,-0.3258896,0.044616222,3.3219123,-0.3258896,0.013135508,3.3223495,0.21597087383270264,0.44667860865592957,0.09764981269836426,0.21633360385894776,0.4466830685734749,0.0979727268218995
1789687184.228885,traffic cone,0.3579,253,18,190,103,4.0267,4.7886,-2.2275996,0.35131055,3.336017,-2.6598275,0.097999424,3.9807262,0.17513024806976318,0.0012125998735427745,0.11247248649597141,0.3743943452835081,0.44433714896440507,0.16268148422241202
1789687184.342647,traffic cone,0.8431,97,72,47,45,3.1307,3.1317,-1.9330115,0.060543016,2.4619708,-1.9309288,0.11980976,2.4626045,0.11157544851303092,0.23882102631032467,0.09564497470855704,0.08364489078521742,0.238761205971241,0.07720193862915004
1789687184.378987,traffic cone,0.8000,204,62,106,62,3.8417,3.8417,-0.8258642,0.11392699,3.7501428,-0.8258642,0.11392699,3.7501428,0.14687483906745913,0.3653227183967829,0.08695275783538836,0.14687483906745913,0.3653227183967829,0.08695275783538836
1789687184.417801,traffic cone,0.6093,179,35,79,16,3.3199,3.3207,-1.5636973,0.14133637,2.9252002,-1.5457101,0.23613802,2.9295626,0.0674248576164247,0.3190696731209755,0.08926413059234628,0.03367522358894348,0.1292111873626709,0.10657608509063721
1789687184.458297,traffic cone,0.4922,299,177,230,171,3.3374,3.3370,-0.3250149,0.07590084,3.3206913,-0.3250149,0.013197795,3.3211575,0.21704251468181607,0.4465905636548996,0.0973212718963623,0.2147473841905594,0.4463135749101639,0.09674608707427979
1789687184.497393,traffic cone,0.3576,256,18,193,104,4.0222,4.7865,-2.2258224,0.35135388,3.331718,-2.6567106,0.09830861,3.9802606,0.17540183067321768,0.0010414242744445912,0.11160870790481603,0.37154728174209595,0.4443082425743341,0.16590511798858643
1789687184.584094,traffic cone,0.8452,100,73,48,45,3.1327,3.1342,-1.9333333,0.060556084,2.464241,-1.9321774,0.1198605,2.4648292,0.11081662178039542,0.23897570967674253,0.0972038745880126,0.0840652465820313,0.2390178143978119,0.07377176284790066
1789687184.618227,traffic cone,0.8001,205,61,106,61,3.8414,3.8414,-0.82470053,0.11352506,3.750102,-0.82470053,0.11352506,3.750102,0.14070534706115723,0.36566250026226044,0.08458518981933594,0.14070534706115723,0.36566250026226044,0.08458518981933594
1789687184.656395,traffic cone,0.6142,178,34,77,15,3.3197,3.3194,-1.5638726,0.14029935,2.9249315,-1.5443393,0.26287276,2.9264436,0.06278691291809091,0.31970285549759864,0.0718702554702757,0.034371483325958074,0.1302058070898056,0.08422338962554932
1789687184.692113,traffic cone,0.4955,312,176,237,172,3.3373,3.3380,-0.32544968,0.044557847,3.3211339,-0.32544968,0.013117321,3.3221154,0.2165869176387787,0.44668271392583847,0.09812408685684204,0.21682778000831607,0.446616367995739,0.0982966423034668
1789687184.718386,traffic cone,0.3567,250,18,189,103,4.0227,4.7875,-2.2253947,0.35127485,3.332637,-2.657397,0.097555846,3.9810233,0.17496647834777868,0.0009323090314865556,0.11255511045455924,0.37086899280548113,0.444318525493145,0.16249775886535645
1789687184.826971,traffic cone,0.8460,99,74,46,45,3.1312,3.1340,-1.934603,0.06049274,2.4612737,-1.932854,0.11984348,2.4641013,0.11611746549606305,0.2390700489282608,0.09550617933273298,0.08186130523681645,0.23899528980255128,0.07788767814636222
1789687184.862012,traffic cone,0.8021,206,61,108,61,3.8409,3.8409,-0.823827,0.11412826,3.7497902,-0.823827,0.11412826,3.7497902,0.14190173149108887,0.3651503920555115,0.08660078048706055,0.14190173149108887,0.3651503920555115,0.08660078048706055
1789687184.903566,traffic cone,0.6202,179,34,76,15,3.3197,3.3175,-1.5637305,0.1401535,2.925007,-1.542859,0.2626765,2.9251761,0.0648995041847229,0.31939056143164635,0.07946788072586086,0.03312195539474483,0.1310560882091522,0.08900208473205584
1789687184.941722,traffic cone,0.4926,310,178,231,173,3.3369,3.3375,-0.3251199,0.04456389,3.3206902,-0.32537246,0.01305981,3.3216047,0.21750112771987912,0.44663196206092837,0.09866794347763053,0.21751053929328917,0.4466740727424622,0.09925498962402335
1789687184.980627,traffic cone,0.3642,257,18,194,104,4.0240,4.7889,-2.2257674,0.35139993,3.3339005,-2.6583133,0.09824245,3.9821289,0.17444064617156974,0.0006152719259261974,0.11347906589508039,0.3721750020980834,0.44426956996321676,0.1674014568328852
1789687185.073176,traffic cone,0.8461,99,74,47,45,3.1313,3.1341,-1.9341376,0.060518764,2.4617867,-1.9322686,0.119763196,2.4646902,0.11940440535545349,0.2390184622257948,0.09655508995056161,0.08285989761352552,0.23908297717571259,0.0744163990020752
1789687185.109759,traffic cone,0.8035,204,62,106,62,3.8423,3.8423,-0.82628053,0.11410475,3.7506568,-0.82628053,0.11410475,3.7506568,0.1477091759443282,0.3653126999735832,0.08475563526153529,0.1477091759443282,0.3653126999735832,0.08475563526153529
1789687185.149031,traffic cone,0.6169,178,34,75,15,3.3193,3.3154,-1.5634947,0.14050303,2.9246435,-1.5434959,0.26221073,2.9224122,0.06709820628166185,0.31906489431858065,0.07980104684829703,0.03313549757003775,0.12942960858345035,0.0851600170135498
1789687185.189743,traffic cone,0.4918,312,178,234,172,3.3392,3.3393,-0.3263023,0.046668246,3.3228917,-0.3263023,0.012982681,3.3232932,0.21891948133707045,0.4464717745780945,0.10111066102981559,0.21425766497850413,0.44610814154148104,0.10001136064529437
1789687185.228106,traffic cone,0.3613,253,18,191,104,4.0215,4.7863,-2.225884,0.3513502,3.3308764,-2.657456,0.09845331,3.9795947,0.17537051439285278,0.0011954903602600098,0.11193629503250113,0.37365977764129665,0.44436435811221603,0.16460409164428746
1789687185.325638,traffic cone,0.8445,99,72,47,45,3.1317,3.1338,-1.9348911,0.060450822,2.4617014,-1.9328356,0.12006499,2.4638078,0.1098795235157013,0.2391404990106821,0.09812109470367414,0.08548059463500968,0.23898948580026627,0.07802567481994638
1789687185.349221,traffic cone,0.8034,203,62,106,62,3.8447,3.8447,-0.8264676,0.11394271,3.7531261,-0.8264676,0.11394271,3.7531261,0.1463882029056549,0.36515809483826156,0.08462696075439435,0.1463882029056549,0.36515809483826156,0.08462696075439435
1789687185.376000,traffic cone,0.6182,180,34,78,15,3.3190,3.3166,-1.5632725,0.14026952,2.9243858,-1.5433272,0.2623564,2.923901,0.06418740153312696,0.31922482773661615,0.07646729946136466,0.03403794765472412,0.12967599034309388,0.084690237045288
1789687185.401948,traffic cone,0.5035,311,178,233,172,3.3384,3.3388,-0.32486093,0.075971514,3.3217056,-0.32612312,0.013151482,3.322836,0.21777485609054564,0.4466833621263504,0.10122667551040676,0.214059567451477,0.4466517776250839,0.10128555297851571
1789687185.438592,traffic cone,0.3593,255,18,192,104,4.0249,4.7883,-2.2272081,0.35120475,3.3340347,-2.6580353,0.09837256,3.981608,0.17674407958984384,0.0011235117912292147,0.10975824594497663,0.3754569411277773,0.44399839304387567,0.16428790092468226
1789687185.602118,traffic cone,0.8444,102,74,48,45,3.1315,3.1342,-1.9352841,0.06040678,2.4611533,-1.9338492,0.11987153,2.4635148,0.1173715054988862,0.23899890705943108,0.09725987911224365,0.0824177742004395,0.23903264999389648,0.07647342681884783
1789687185.636748,traffic cone,0.8052,204,61,106,61,3.8420,3.8420,-0.82590604,0.11334804,3.7504535,-0.82590604,0.11334804,3.7504535,0.14252448081970215,0.3656628429889679,0.08136558532714844,0.14252448081970215,0.3656628429889679,0.08136558532714844
1789687185.677220,traffic cone,0.6185,178,34,75,15,3.3192,3.3156,-1.565295,0.14012931,2.923623,-1.5441234,0.2627565,2.9223337,0.06675009727478032,0.3189553588628769,0.07870788574218723,0.03524467945098886,0.1297862559556961,0.0787808895111084
1789687185.718091,traffic cone,0.4981,303,176,236,172,3.3371,3.3376,-0.3257723,0.0467991,3.320858,-0.3257723,0.013210826,3.3216226,0.21581537276506424,0.4463776722550392,0.09833371639251709,0.21602895408868789,0.4463710427284241,0.0984682798385621
1789687185.753630,traffic cone,0.3578,251,18,190,104,4.0267,4.7887,-2.2282498,0.35133246,3.3355775,-2.6601465,0.098456964,3.9806688,0.17783734798431405,0.000989684462547269,0.10904107093811044,0.37452678680419904,0.4441787004470825,0.1634830236434941
1789687185.864066,traffic cone,0.8439,98,73,46,45,3.1336,3.1351,-1.9358475,0.060616717,2.4634027,-1.932713,0.1198751,2.4655771,0.11195874214172363,0.2391415700316429,0.09288969039916983,0.08456976413726802,0.23908655792474748,0.07297453880310067
1789687185.897071,traffic cone,0.8064,205,62,107,62,3.8413,3.8413,-0.8246446,0.11415264,3.7500222,-0.8246446,0.11415264,3.7500222,0.14703135192394257,0.36549263074994087,0.0860955238342287,0.14703135192394257,0.36549263074994087,0.0860955238342287
1789687185.927495,traffic cone,0.6215,179,34,77,15,3.3192,3.3158,-1.5644238,0.14060842,2.9240584,-1.5441886,0.2622283,2.9225416,0.064884328842163,0.3192886047065258,0.07905548810958862,0.033037889003753707,0.12978612184524535,0.08699154853820801
1789687185.966587,traffic cone,0.5082,311,179,237,173,3.3392,3.3394,-0.32524362,0.075665295,3.3224683,-0.32524362,0.013037682,3.3235457,0.21983309388160704,0.4462315708398819,0.09713158607482875,0.21638096570968626,0.44616763591766356,0.09598894119262713
1789687186.001121,traffic cone,0.3571,255,18,190,102,4.0208,4.7898,-2.225203,0.35133722,3.330431,-2.6588626,0.13316889,3.9818084,0.17413024902343732,0.0011888891458511353,0.11349517107009888,0.3730374693870546,0.44429911077022555,0.16580576896667498
1789687186.131016,traffic cone,0.8425,101,73,47,45,3.1318,3.1330,-1.9341705,0.06065981,2.4623513,-1.9324563,0.11991897,2.4630725,0.11319689750671391,0.23912874311208726,0.09611401557922372,0.08174946308135977,0.23917137682437897,0.07798266410827637
1789687186.166048,traffic cone,0.8054,203,60,106,60,3.8409,3.8409,-0.82529926,0.114230335,3.7494519,-0.82529926,0.114230335,3.7494519,0.14293507337570188,0.36532626301050186,0.0838707685470581,0.14293507337570188,0.36532626301050186,0.0838707685470581
1789687186.191196,traffic cone,0.6281,178,34,75,15,3.3212,3.3196,-1.5644908,0.1402186,2.9263039,-1.544827,0.2622319,2.9264657,0.062303644418716386,0.31973205655813214,0.08107194900512704,0.03245145082473755,0.1302750676870346,0.08370771408081046
1789687186.213656,traffic cone,0.5013,302,176,235,172,3.3357,3.3369,-0.3264522,0.044515587,3.3193822,-0.3264522,0.013170749,3.3208556,0.21227067708969116,0.44652867317199707,0.09764081239700317,0.21395560503005973,0.44653072357177737,0.09825979471206692
1789687186.234618,traffic cone,0.3566,254,18,191,103,4.0227,4.7862,-2.225524,0.35128564,3.3324757,-2.6572077,0.098921895,3.9796507,0.17463366985321072,0.0012003421783446933,0.11292111873626709,0.3723360538482665,0.4442628093063831,0.1667448520660404
1789687186.409425,traffic cone,0.8431,100,73,47,45,3.1322,3.1350,-1.9340906,0.060710624,2.4629598,-1.9335072,0.11994013,2.4648407,0.11434631347656254,0.23904224187135698,0.09536876678466788,0.08462266921997075,0.23906707912683486,0.07824921607971191
1789687186.444439,traffic cone,0.8038,204,61,106,61,3.8419,3.8419,-0.8253809,0.11411154,3.750456,-0.8253809,0.11411154,3.750456,0.14127707481384277,0.36560338735580444,0.08556365966796875,0.14127707481384277,0.36560338735580444,0.08556365966796875
1789687186.471593,traffic cone,0.6265,178,34,75,15,3.3208,3.3194,-1.5642866,0.14066382,2.9259636,-1.5452325,0.26269904,2.9260347,0.06412738561630249,0.3194641426205635,0.08004302978515643,0.032805347442626864,0.12970918118953706,0.08776915073394775
1789687186.509815,traffic cone,0.4989,313,179,238,174,3.3370,3.3383,-0.32679924,0.013280526,3.3209186,-0.3269701,0.013020642,3.3222246,0.21902481317520142,0.44652757942676546,0.0986714839935301,0.21713150441646575,0.44645044654607774,0.0991919517517088
1789687186.547528,traffic cone,0.3576,254,18,193,104,4.0238,4.7871,-2.2257953,0.35143277,3.333638,-2.6579618,0.09825039,3.980231,0.1714153289794922,0.0011336714029311912,0.11807688474655142,0.37517443895339975,0.44415843561291696,0.16433386802673322
1789687186.649063,traffic cone,0.8440,98,74,46,45,3.1316,3.1330,-1.9343516,0.060667306,2.4620032,-1.9319146,0.119802,2.4635909,0.11719371676445012,0.23906182572245596,0.09527341127395639,0.0831526517868042,0.23893946409225464,0.0764462947845459
1789687186.675273,traffic cone,0.8025,203,61,105,61,3.8405,3.8405,-0.8219114,0.114156246,3.7498121,-0.8219114,0.114156246,3.7498121,0.1430281400680542,0.3651254251599312,0.08621501922607422,0.1430281400680542,0.3651254251599312,0.08621501922607422
1789687186.705043,traffic cone,0.6244,179,34,78,15,3.3211,3.3144,-1.5648271,0.14008814,2.9259825,-1.5440558,0.26300213,2.9209507,0.06377050876617418,0.319575971364975,0.07468119859695443,0.03385816812515263,0.13024929761886594,0.08340754508972159
1789687186.741449,traffic cone,0.4980,315,177,237,171,3.3383,3.3378,-0.325303,0.0759244,3.3215888,-0.32638866,0.013137385,3.3218176,0.21566147208213807,0.4464359551668167,0.09613137245178205,0.2121712863445282,0.44644491374492645,0.09667682647705078
1789687186.779691,traffic cone,0.3626,257,18,193,103,4.0241,4.7874,-2.2264185,0.35146368,3.3335495,-2.6574435,0.098612815,3.9809303,0.17867221832275382,0.0009580016136169212,0.10663435459136927,0.37406797409057635,0.44440519660711286,0.1654852390289303
1789687186.910670,traffic cone,0.8418,97,74,47,45,3.1320,3.1342,-1.9336793,0.060563795,2.4630294,-1.9323182,0.11993718,2.4648075,0.11888405680656433,0.23913448117673397,0.09952375888824472,0.0831258535385131,0.2390343189239502,0.07758440971374547
1789687186.951640,traffic cone,0.8028,204,60,105,60,3.8408,3.8408,-0.82696533,0.11389996,3.7490265,-0.82696533,0.11389996,3.7490265,0.1421763300895691,0.36546400636434556,0.08030927181243896,0.1421763300895691,0.36546400636434556,0.08030927181243896
1789687186.978389,traffic cone,0.6241,179,34,77,15,3.3208,3.3196,-1.5635729,0.14038604,2.9263453,-1.5449616,0.2625351,2.9263637,0.06627146601676936,0.3194819204509258,0.07481429576873788,0.03427050113677965,0.12950481176376344,0.08662378787994385
1789687187.016618,traffic cone,0.4958,313,176,237,171,3.3380,3.3385,-0.32661027,0.07585761,3.3211381,-0.3268511,0.013171092,3.3224366,0.21211304515600204,0.4466509222984314,0.09916055202484131,0.2104148268699646,0.44658684730529785,0.09958386421203613
1789687187.056888,traffic cone,0.3608,257,18,194,103,4.0249,4.7892,-2.2266006,0.3512486,3.3344824,-2.6590252,0.097809345,3.9819849,0.17263911962509182,0.001130002737045277,0.11610634326934788,0.37304801940917987,0.444395462423563,0.16529769897460955
1789687187.185906,traffic cone,0.8409,97,72,45,44,3.1328,3.1334,-1.934384,0.06057819,2.4634604,-1.9319302,0.11978364,2.464072,0.11178492307662946,0.23901410922408106,0.09420226812362653,0.08317775130271898,0.23902656100690367,0.07046140432357761
1789687187.232452,traffic cone,0.8022,204,61,104,61,3.8406,3.8406,-0.82683617,0.11384162,3.7488012,-0.82683617,0.11384162,3.7488012,0.14265120029449463,0.3649614676833153,0.08247709274291992,0.14265120029449463,0.3649614676833153,0.08247709274291992
1789687187.273092,traffic cone,0.6203,179,35,79,16,3.3213,3.3203,-1.5622771,0.1408917,2.9275038,-1.5432518,0.2352008,2.930484,0.06677179336547834,0.31905015408992765,0.08517098426818848,0.03464052081108093,0.12992607802152634,0.10119539499282837
1789687187.297913,traffic cone,0.5018,306,177,230,171,3.3371,3.3381,-0.32615122,0.0757826,3.3202226,-0.3269268,0.013263822,3.3219953,0.21673426628112794,0.44671334624290465,0.09744954109191895,0.21391120553016663,0.4467224031686783,0.09805285930633545
1789687187.337231,traffic cone,0.3612,255,18,193,104,4.0223,4.7895,-2.2251663,0.3512312,3.3322756,-2.659346,0.09885998,3.9821286,0.1728366136550905,0.0009500205516815297,0.11571246385574341,0.3734881997108461,0.44400530159473417,0.16526339054107675
1789687187.420666,traffic cone,0.8432,102,75,46,44,3.1313,3.1341,-1.9354284,0.060597092,2.460731,-1.9315566,0.11984207,2.4652624,0.11779921054840092,0.2390232853591442,0.0990394115447999,0.08289604783058158,0.23894789665937421,0.07050532102584839
1789687187.455402,traffic cone,0.7996,207,60,108,60,3.8414,3.8414,-0.82113093,0.11332928,3.7509246,-0.82113093,0.11332928,3.7509246,0.13276254534721377,0.3647487387061119,0.09071707725524902,0.13276254534721377,0.3647487387061119,0.09071707725524902
1789687187.485320,traffic cone,0.6119,178,35,76,16,3.3191,3.3187,-1.5639824,0.1407256,2.9240892,-1.5438724,0.23559645,2.9283025,0.06637207269668588,0.31844625920057296,0.08771986961364764,0.040228575468063354,0.12946393340826035,0.10128247737884521
1789687187.520818,traffic cone,0.5022,303,176,233,171,3.3369,3.3379,-0.32603312,0.044535056,3.320609,-0.32672843,0.0131959915,3.3218398,0.21518199890851974,0.44665341079235077,0.09604185819625854,0.21285459399223328,0.4465826004743576,0.09608685970306396
1789687187.558052,traffic cone,0.3669,256,18,190,101,4.0219,4.7902,-2.2252967,0.35129872,3.3316631,-2.6612563,0.097659305,3.9817913,0.17635303735733032,0.0011980235576629639,0.11045207977294957,0.3694894313812256,0.4443633705377579,0.16594147682189941
1789687187.670136,traffic cone,0.8431,99,72,47,45,3.1308,3.1325,-1.9330993,0.06056118,2.4619687,-1.9324781,0.119932264,2.462431,0.11090709567070012,0.23895728960633278,0.09629366397857675,0.0850558042526246,0.23889058232307434,0.07503232955932626
1789687187.705604,traffic cone,0.7996,202,61,104,61,3.8432,3.8432,-0.8251684,0.11395377,3.7518754,-0.8251684,0.11395377,3.7518754,0.14258939027786255,0.36489715427160263,0.08180856704711914,0.14258939027786255,0.36489715427160263,0.08180856704711914
1789687187.746550,traffic cone,0.6180,179,34,79,15,3.3192,3.3176,-1.5645299,0.14030427,2.9240007,-1.5452615,0.26267803,2.924017,0.06696103215217586,0.3195404127240181,0.0749222517013548,0.03488337993621826,0.12961702048778537,0.08095784187316868
1789687187.789625,traffic cone,0.5097,306,177,230,170,3.3386,3.3381,-0.32469147,0.07584733,3.321926,-0.3263013,0.013045542,3.32204,0.2150493592023849,0.4464836597442627,0.09670591354370117,0.2108172357082366,0.4462942585349083,0.0966745376586915
1789687187.827110,traffic cone,0.3573,256,18,192,103,4.0249,4.7888,-2.2274675,0.35127896,3.3338335,-2.6612167,0.09884533,3.9800878,0.16959127187728917,0.0013135820627212524,0.12126309871673557,0.37309246063232404,0.44424155801534654,0.16477894783019975
1789687187.897819,traffic cone,0.8448,99,74,47,45,3.1312,3.1329,-1.9337921,0.060502052,2.4619253,-1.9327338,0.119745165,2.462735,0.11906685829162589,0.238977849856019,0.0945002794265748,0.08433630466461173,0.2389647513628006,0.07619924545288104
1789687187.923398,traffic cone,0.7973,205,61,106,61,3.8415,3.8415,-0.8244797,0.1137293,3.750218,-0.8244797,0.1137293,3.750218,0.1423850655555725,0.3647197484970093,0.08319425582885742,0.1423850655555725,0.3647197484970093,0.08319425582885742
1789687187.950355,traffic cone,0.6150,178,34,76,15,3.3195,3.3186,-1.5647413,0.14028536,2.9242191,-1.5456957,0.2627271,2.9248583,0.06814052462577824,0.3189858913421631,0.07780590057373038,0.034105765819549605,0.12976205945014954,0.08216044902801523
1789687187.986954,traffic cone,0.5047,314,178,236,171,3.3367,3.3360,-0.32428077,0.0758186,3.320083,-0.32436544,0.013157219,3.3201396,0.2173185780644417,0.44673510193824767,0.09869744777679434,0.21512986719608307,0.4466821998357773,0.09824061393737793
1789687188.026361,traffic cone,0.3551,250,18,188,104,4.0280,4.7878,-2.2296338,0.3513703,3.3361766,-2.6582408,0.098194584,3.9808655,0.1769057989120486,0.0009607255458832231,0.10929570198059091,0.3690566897392271,0.4442882344126702,0.1630595445632932
1789687188.159169,traffic cone,0.8444,99,74,45,44,3.1304,3.1339,-1.9347419,0.060603075,2.4602447,-1.9320539,0.11988963,2.4645815,0.11755949854850778,0.23873938135802744,0.09565136432647714,0.0827365517616272,0.23883221708238123,0.07303434610366821
1789687188.194527,traffic cone,0.7983,204,61,106,61,3.8415,3.8415,-0.82319075,0.11402959,3.7505038,-0.82319075,0.11402959,3.7505038,0.14389324188232422,0.3653501346707344,0.08294868469238281,0.14389324188232422,0.3653501346707344,0.08294868469238281
1789687188.235393,traffic cone,0.6103,179,35,76,16,3.3182,3.3172,-1.5640405,0.1411224,2.923047,-1.5426052,0.23531984,2.9272394,0.06453317403793335,0.31912041902542115,0.08720812797546351,0.03392678499221802,0.12932904064655304,0.10687077045440674
1789687188.277483,traffic cone,0.5024,314,178,235,172,3.3387,3.3390,-0.3259433,0.044594273,3.3224163,-0.3268745,0.013160147,3.322962,0.21787214279174802,0.4464784100651741,0.09966496229171762,0.2138417035341262,0.44638851583003997,0.09946461915969884
1789687188.315611,traffic cone,0.3554,254,18,193,104,4.0234,4.7868,-2.2263803,0.3513881,3.3328483,-2.6572275,0.09851293,3.9802802,0.17721887826919547,0.0005179077386856523,0.10898790359497079,0.3740799665451049,0.4444629974663257,0.16814391613006574
1789687188.391731,traffic cone,0.8442,99,73,47,45,3.1318,3.1345,-1.9336027,0.060624078,2.462913,-1.933093,0.11999738,2.464579,0.1139508247375487,0.23893558233976364,0.0939700126647951,0.08548703193664564,0.23894150257110594,0.07391953468322754
1789687188.427824,traffic cone,0.7999,205,61,106,61,3.8436,3.8436,-0.82377064,0.11380398,3.7526038,-0.82377064,0.11380398,3.7526038,0.14215737581253052,0.3653043434023857,0.08726978302001953,0.14215737581253052,0.3653043434023857,0.08726978302001953
1789687188.452117,traffic cone,0.6080,180,34,77,15,3.3187,3.3176,-1.5642383,0.1399203,2.9236207,-1.5439737,0.26278663,2.9247034,0.06607386469841003,0.3187886744737625,0.07416329383850107,0.03566905260086051,0.1302907794713974,0.07929904460907
1789687188.476395,traffic cone,0.5053,309,177,230,171,3.3384,3.3385,-0.32480016,0.07567829,3.3216586,-0.32649523,0.013126135,3.3225138,0.2157133758068084,0.4467539846897125,0.09666376113891584,0.21345026791095734,0.4466763436794281,0.0974806547164917
1789687188.516667,traffic cone,0.3545,256,18,194,104,4.0228,4.7882,-2.225529,0.35149693,3.3326383,-2.6591434,0.098423764,3.9807625,0.17920322418212908,0.0008994102478027122,0.10574960708618164,0.3729789018630978,0.44430130496621134,0.16375393867492694
1789687188.705681,traffic cone,0.8427,99,73,45,44,3.1309,3.1337,-1.9339523,0.060616,2.4613998,-1.9323997,0.119914874,2.4640224,0.11479308605194083,0.23886530101299286,0.09675679206848153,0.08358898162841788,0.2388010274618864,0.0694625973701477
1789687188.745565,traffic cone,0.8027,206,59,107,59,3.8411,3.8411,-0.82454216,0.114026904,3.7498221,-0.82454216,0.114026904,3.7498221,0.13715637922286983,0.36466378644108777,0.08150100708007812,0.13715637922286983,0.36466378644108777,0.08150100708007812
1789687188.771410,traffic cone,0.6095,179,35,77,16,3.3217,3.3190,-1.5631392,0.14104816,2.9275033,-1.543513,0.2351685,2.928835,0.06693243980407715,0.3188447162508965,0.08388109207153294,0.035200536251068115,0.12881428003311157,0.102794349193573
1789687188.809264,traffic cone,0.5024,313,178,235,172,3.3382,3.3373,-0.32622975,0.07607865,3.3213334,-0.32381806,0.0133526325,3.321561,0.2175418972969055,0.44693886786699294,0.09611665010452253,0.21590287685394285,0.4467632189393044,0.09502768516540527
1789687188.846172,traffic cone,0.3483,253,19,189,103,4.0230,4.7890,-2.22282,0.35140166,3.3346987,-2.6594095,0.09777579,3.9815688,0.18201413154602042,0.000928711891174272,0.12410435676574716,0.3744115591049195,0.44427197277545927,0.16797943115234393
1789687188.953852,traffic cone,0.8415,101,73,48,45,3.1312,3.1359,-1.9341599,0.060623318,2.4616756,-1.9332429,0.12008023,2.4662368,0.11450185775756827,0.23927977234125136,0.0938976764678956,0.0846267461776733,0.2391779735684395,0.07505040168762189
1789687188.988611,traffic cone,0.7999,204,62,107,62,3.8445,3.8445,-0.82544065,0.11414456,3.7531562,-0.82544065,0.11414456,3.7531562,0.14659912884235382,0.36540638878941534,0.08691186904907244,0.14659912884235382,0.36540638878941534,0.08691186904907244
1789687189.029025,traffic cone,0.6059,178,35,75,16,3.3205,3.3215,-1.5632824,0.14132619,2.9261265,-1.5454257,0.23622213,2.9305162,0.06623808145523058,0.31893022656440734,0.08680973052978525,0.034595876932144165,0.12871190905570984,0.10720765590667725
1789687189.068316,traffic cone,0.4940,314,179,234,172,3.3369,3.3361,-0.3253262,0.07591808,3.3201149,-0.3252769,0.013023347,3.3202286,0.21803270280361176,0.4467163056135178,0.09243128299713144,0.2156189009547233,0.4467052936553955,0.09143166542053205
1789687189.106299,traffic cone,0.3448,254,18,191,103,4.0268,4.7898,-2.2294984,0.35151502,3.334771,-2.6587956,0.098893255,3.982832,0.1766716122627261,0.0010095506906508955,0.11006959676742545,0.37469542026519775,0.4440780088305474,0.16681509017944318
1789687189.185583,traffic cone,0.8414,99,72,46,45,3.1319,3.1336,-1.9336202,0.060595684,2.4629126,-1.9328854,0.11984834,2.4635077,0.11251670718193063,0.2388169851154089,0.09875593185424814,0.08336455821990962,0.23886988162994383,0.07697095870971715
1789687189.209090,traffic cone,0.8011,203,61,106,61,3.8417,3.8417,-0.82414603,0.11374599,3.7505245,-0.82414603,0.11374599,3.7505245,0.14159035682678223,0.36569884419441223,0.08434867858886719,0.14159035682678223,0.36569884419441223,0.08434867858886719
1789687189.235269,traffic cone,0.6104,178,34,76,15,3.3193,3.3212,-1.5645292,0.14026447,2.9240894,-1.5452106,0.2628216,2.928095,0.06725151538848873,0.3192964419722557,0.07512655258178746,0.03391518592834464,0.1300918251276016,0.08413748741149885
1789687189.272239,traffic cone,0.5021,310,177,232,171,3.3377,3.3377,-0.32415763,0.07589385,3.3210084,-0.32679912,0.013087377,3.3216443,0.21643899679183962,0.4467168837785721,0.09749016761779794,0.21334953606128693,0.44644227623939514,0.09769272804260254
1789687189.309966,traffic cone,0.3460,255,18,193,104,4.0257,4.7880,-2.2274067,0.35117537,3.3348749,-2.6597223,0.09858395,3.9801202,0.17508623600006112,0.0010979324579238892,0.11204837560653669,0.3730878233909607,0.44427696131169797,0.16596627235412553
1789687189.449454,traffic cone,0.8412,99,74,47,45,3.1324,3.1338,-1.9350647,0.060552567,2.4624865,-1.9324948,0.11993098,2.4640589,0.11815841197967525,0.23899035751819608,0.09440796375274685,0.08295435905456539,0.23892567157745362,0.07686920166015598
1789687189.489218,traffic cone,0.7999,206,62,109,62,3.8443,3.8443,-0.826332,0.11418527,3.7527092,-0.826332,0.11418527,3.7527092,0.14521328806877132,0.3651433728635311,0.08737401962280256,0.14521328806877132,0.3651433728635311,0.08737401962280256
1789687189.528858,traffic cone,0.6040,179,35,77,16,3.3194,3.3212,-1.5628821,0.14091134,2.925014,-1.5445416,0.23614001,2.9307537,0.06629954576492314,0.3192333117127419,0.08824627399444562,0.03368058800697327,0.1294124573469162,0.10659867525100708
1789687189.571902,traffic cone,0.5098,310,177,233,171,3.3377,3.3369,-0.32471177,0.07597226,3.3210013,-0.32471177,0.013188258,3.3210692,0.21519826650619506,0.4468569397926331,0.0947740554809573,0.21231496334075928,0.4468332976102829,0.0938730239868164
1789687189.612363,traffic cone,0.3429,254,18,192,103,4.0222,4.7858,-2.226516,0.35117525,3.3312209,-2.6581717,0.097937465,3.978474,0.17707390785217259,0.0014038830995559692,0.10907649993896484,0.3707534790039064,0.4441329024732113,0.1625194549560547
1789687189.686620,traffic cone,0.8431,98,73,46,44,3.1309,3.1345,-1.9364762,0.06064479,2.4594123,-1.9320216,0.11974786,2.4653533,0.1132810115814209,0.23912137895822524,0.09929227828979492,0.07936378717422499,0.23897973112761975,0.07309446334838876
1789687189.726447,traffic cone,0.7989,203,60,103,60,3.8418,3.8418,-0.82656246,0.11407168,3.7500892,-0.82656246,0.11407168,3.7500892,0.14329012036323552,0.36490302719175816,0.08389546871185294,0.14329012036323552,0.36490302719175816,0.08389546871185294
1789687189.766973,traffic cone,0.6025,180,35,77,16,3.3199,3.3185,-1.5635318,0.1409638,2.9252636,-1.5430366,0.23524134,2.9285097,0.06840939521789546,0.318678979575634,0.08637874126434308,0.03413891792297363,0.12912053614854813,0.09987634420394897
1789687189.802773,traffic cone,0.5038,306,178,227,171,3.3381,3.3374,-0.32600236,0.0759377,3.3213134,-0.32657906,0.013134196,3.3213215,0.217949278652668,0.4466237351298332,0.09532556533813485,0.21347185969352722,0.44659411907196045,0.09454774856567383
1789687189.828162,traffic cone,0.3475,253,18,190,103,4.0259,4.7905,-2.2289503,0.3513856,3.334105,-2.6593146,0.097913444,3.983356,0.17239197492599478,0.0011432558298111184,0.11655682325363159,0.3700783014297486,0.444238955527544,0.16736373901367196
1789687189.950877,traffic cone,0.8424,99,75,47,45,3.1319,3.1328,-1.9346889,0.060527727,2.4620812,-1.9297377,0.11982304,2.4650567,0.11514576673507682,0.23894846960902216,0.10097606182098362,0.08404316902160636,0.23887899816036226,0.07774577140808114
1789687189.985666,traffic cone,0.7977,205,62,106,62,3.8428,3.8428,-0.8253249,0.11410056,3.7513633,-0.8253249,0.11410056,3.7513633,0.1449560940265655,0.36504591517150403,0.08891766071319562,0.1449560940265655,0.36504591517150403,0.08891766071319562
1789687190.026101,traffic cone,0.6086,180,34,77,15,3.3189,3.3164,-1.5629439,0.14097445,2.9244528,-1.5448697,0.2627092,2.9228373,0.06396543979644775,0.31914007663726807,0.07897874116897574,0.03480418920516959,0.1292335420846939,0.09103415012359628
1789687190.065031,traffic cone,0.5038,306,176,238,172,3.3388,3.3399,-0.32473588,0.04458575,3.3226366,-0.32473588,0.013201356,3.324061,0.21494662016630173,0.44668132066726685,0.09417450428009033,0.21559475511312484,0.4466830611228943,0.09538366794586173
1789687190.103202,traffic cone,0.3481,258,18,193,103,4.0233,4.7882,-2.2261777,0.35135746,3.3328538,-2.6573586,0.09878203,3.9818456,0.17616924047470084,0.0005997538566589466,0.11079615354537964,0.3731180429458618,0.44432454779744146,0.16630096435546893
1789687190.178695,traffic cone,0.8438,98,72,46,44,3.1320,3.1338,-1.9335425,0.060599312,2.4631333,-1.9322095,0.119834095,2.4643698,0.11121947765350337,0.2389022871851921,0.09489158391952524,0.08148836493492118,0.2388309773057699,0.07147356271743766
1789687190.213636,traffic cone,0.7973,204,61,106,61,3.8426,3.8426,-0.8257709,0.114046186,3.7510393,-0.8257709,0.114046186,3.7510393,0.14232146739959717,0.36495427787303925,0.07978582382202148,0.14232146739959717,0.36495427787303925,0.07978582382202148
1789687190.243122,traffic cone,0.6086,178,35,78,16,3.3187,3.3200,-1.5625557,0.14111617,2.9243875,-1.5434266,0.23568873,2.9299746,0.0680892348289488,0.3188613846898079,0.09189171791076634,0.034933775663375854,0.1294734999537468,0.10298502445220947
1789687190.279377,traffic cone,0.4970,314,177,236,171,3.3394,3.3387,-0.3257361,0.07581133,3.3226187,-0.32596916,0.01316309,3.3226752,0.21663133203983304,0.4465120792388916,0.0932765007019043,0.21320655941963196,0.4465704560279846,0.09359979629516602
1789687190.318180,traffic cone,0.3496,257,18,195,105,4.0252,4.7894,-2.2273216,0.35126385,3.3343682,-2.6561263,0.098828256,3.9841115,0.17531750202178964,0.001051256060600303,0.11182609796524057,0.37892093658447257,0.44460165649652483,0.1665474414825434
1789687190.422499,traffic cone,0.8424,101,73,47,44,3.1335,3.1349,-1.9355555,0.060622603,2.4634593,-1.9325807,0.11993317,2.4654598,0.1147053718566895,0.2391127049922943,0.09740371704101536,0.08376535177230848,0.23910745978355408,0.07098499536514291
1789687190.447679,traffic cone,0.7959,204,60,106,60,3.8423,3.8423,-0.82378733,0.11358185,3.7511847,-0.82378733,0.11358185,3.7511847,0.13616706728935246,0.3646983437240124,0.08368196487426793,0.13616706728935246,0.3646983437240124,0.08368196487426793
1789687190.474875,traffic cone,0.6057,180,35,77,16,3.3221,3.3191,-1.5632098,0.14110349,2.9279797,-1.5426725,0.23520812,2.9293787,0.06657564640045166,0.31908507794141766,0.08423364162445068,0.03461277484893799,0.1291661113500595,0.10008448362350464
1789687190.511622,traffic cone,0.4919,298,177,231,172,3.3391,3.3385,-0.32606032,0.07576026,3.322263,-0.3230716,0.013140939,3.322768,0.2160982668399811,0.4466607302427292,0.09432926177978507,0.2143271803855896,0.44643706977367403,0.09298065900802621
1789687190.550563,traffic cone,0.3398,255,18,193,104,4.0244,4.7888,-2.2275577,0.35121468,3.3332772,-2.6585536,0.09853943,3.981782,0.17606837749481175,0.0008445650339126698,0.11065196990966797,0.3755664706230162,0.44419218339025973,0.16802535057067836
1789687190.709361,traffic cone,0.8427,99,73,46,45,3.1306,3.1342,-1.9329325,0.06066996,2.461841,-1.9318126,0.11987129,2.465147,0.11740808486938459,0.23897929638624194,0.09843401908874494,0.08250703811645499,0.23900613039731977,0.08016066551208478
1789687190.749510,traffic cone,0.7998,205,61,106,61,3.8433,3.8433,-0.8253215,0.11398408,3.7518842,-0.8253215,0.11398408,3.7518842,0.14172589778900146,0.3647531270980835,0.08816194534301758,0.14172589778900146,0.3647531270980835,0.08816194534301758
1789687190.787709,traffic cone,0.6040,179,34,79,15,3.3207,3.3174,-1.565196,0.14021617,2.925295,-1.5438212,0.2625104,2.924524,0.06581267714500427,0.3195738881826401,0.07994073629379272,0.033617508411407426,0.1303949534893036,0.08725645542144767
1789687190.827036,traffic cone,0.5045,305,178,235,172,3.3380,3.3380,-0.32502386,0.075989515,3.3212404,-0.3270331,0.013122246,3.321907,0.2180470570921898,0.44680404365062715,0.1000536799430849,0.214083057641983,0.44683091938495634,0.09885870218277004
1789687190.866182,traffic cone,0.3390,256,18,194,105,4.0224,4.7869,-2.2251625,0.35137048,3.3324394,-2.6571066,0.09876835,3.980518,0.17557787895202637,0.0013572096824646107,0.11165974140167245,0.3786430835723875,0.44426337033510205,0.16216502189636284
1789687190.930966,traffic cone,0.8423,99,74,47,45,3.1313,3.1343,-1.9356823,0.060643688,2.4606502,-1.9343399,0.11991656,2.4632337,0.1120060384273529,0.23912013806402682,0.09876592159271214,0.08347644805908194,0.2390692815184593,0.07571120262146014
1789687190.955246,traffic cone,0.7983,205,62,105,62,3.8429,3.8429,-0.8251308,0.11415392,3.751509,-0.8251308,0.11415392,3.751509,0.14650803208351137,0.3650669910013676,0.0884986162185668,0.14650803208351137,0.3650669910013676,0.0884986162185668
1789687190.994730,traffic cone,0.6032,178,35,76,16,3.3203,3.3233,-1.5646883,0.14113674,2.9250646,-1.5459299,0.23609574,2.9323416,0.06644077301025408,0.3191158041357994,0.0885169506072998,0.03394895792007446,0.1295764073729515,0.11201399564743042
1789687191.032356,traffic cone,0.4986,304,177,233,170,3.3385,3.3381,-0.32467023,0.075767845,3.3218446,-0.32484224,0.0131243095,3.3222518,0.21615718603134154,0.44657198488712313,0.09909219741821307,0.2118972495198249,0.44615762680768967,0.09763062000274658
1789687191.056471,traffic cone,0.3372,256,18,193,103,4.0235,4.7890,-2.2267115,0.35123616,3.3326883,-2.6593544,0.09888831,3.9815736,0.17483383417129517,0.000940462946891818,0.11278946399688738,0.3706822872161868,0.4443059884011745,0.166882610321045
1789687191.186261,traffic cone,0.8446,101,73,48,45,3.1312,3.1323,-1.9343687,0.060705543,2.4615095,-1.933364,0.119978964,2.4615104,0.11435325145721431,0.23907787203788758,0.0947294712066653,0.08332657814025879,0.23899642676115038,0.07397937774658203
1789687191.221134,traffic cone,0.7981,203,61,104,61,3.8440,3.8440,-0.82637024,0.11403212,3.752422,-0.82637024,0.11403212,3.752422,0.14350652694702148,0.3650888428092003,0.08440589904785156,0.14350652694702148,0.3650888428092003,0.08440589904785156
1789687191.262713,traffic cone,0.6049,178,35,77,16,3.3201,3.3217,-1.5635941,0.14099169,2.9255192,-1.5442834,0.23584762,2.931452,0.06649810075759888,0.3193423017859459,0.09109847545623806,0.03390130400657654,0.12965773046016693,0.11176472902297974
1789687191.299631,traffic cone,0.5016,310,177,240,172,3.3393,3.3395,-0.32622638,0.07582316,3.3224375,-0.3264793,0.013106674,3.3234422,0.2174140810966492,0.446542352437973,0.0971849918365475,0.21677879095077515,0.44653422832489015,0.09838137626647914
1789687191.337872,traffic cone,0.3383,254,18,192,105,4.0274,4.7889,-2.227753,0.3512985,3.3366628,-2.6593895,0.099362075,3.9814165,0.17623599767684928,0.0010355174541473722,0.11051865816116324,0.37851815223693874,0.44408428817987444,0.16409745216369664
1789687191.418264,traffic cone,0.8457,101,76,47,45,3.1320,3.1316,-1.936014,0.060670108,2.4611738,-1.9295329,0.11994086,2.4636567,0.12019887566566467,0.23907135985791683,0.10019099712371826,0.08346366882324219,0.239053812623024,0.07568936347961408
1789687191.452642,traffic cone,0.7996,204,62,106,62,3.8440,3.8440,-0.8251313,0.11414325,3.752653,-0.8251313,0.11414325,3.752653,0.14806106686592102,0.36536686308681965,0.0896599292755127,0.14806106686592102,0.36536686308681965,0.0896599292755127
1789687191.491729,traffic cone,0.6032,177,34,76,15,3.3197,3.3166,-1.5645454,0.14049225,2.9245028,-1.5431598,0.26274633,2.9239783,0.0632921934127808,0.3198223456740379,0.0788106799125674,0.030392110347747803,0.13042981922626493,0.08703467845916713
1789687191.536101,traffic cone,0.4963,304,177,236,173,3.3395,3.3396,-0.3246842,0.075789824,3.3228266,-0.3246842,0.013173759,3.3237414,0.21588153839111326,0.4464541167020798,0.09830441474914542,0.216559374332428,0.44633801877498624,0.09872798919677761
1789687191.578221,traffic cone,0.3382,257,18,193,104,4.0231,4.7880,-2.2251577,0.35124516,3.3332872,-2.6581285,0.09829801,3.981208,0.17432187795639065,0.0011249780654907227,0.11340478658676156,0.3750194668769833,0.44397379346191884,0.1650657176971433
1789687191.662185,traffic cone,0.8431,99,74,46,44,3.1340,3.1354,-1.9351908,0.06060694,2.4643714,-1.9323875,0.1198491,2.4662428,0.11694589853286752,0.23897762335836886,0.0968946695327757,0.08135917782783508,0.23907227739691733,0.0707096338272093
1789687191.685966,traffic cone,0.8006,206,61,107,61,3.8420,3.8420,-0.8242284,0.11354795,3.7507935,-0.8242284,0.11354795,3.7507935,0.1420903205871582,0.3650530055165291,0.0839390754699707,0.1420903205871582,0.3650530055165291,0.0839390754699707
1789687191.711967,traffic cone,0.6110,178,35,76,16,3.3179,3.3200,-1.5627114,0.14127246,2.9233816,-1.54285,0.23480766,2.9302955,0.06623711585998548,0.3188854530453682,0.08794829845428476,0.033790528774261475,0.12898916006088257,0.10313582420349121
1789687191.752484,traffic cone,0.5031,310,177,241,172,3.3380,3.3378,-0.325549,0.075997055,3.3212428,-0.32281885,0.01328893,3.3220954,0.21641830503940582,0.4465367019176483,0.09583482742309579,0.21480948328971863,0.44638043493032453,0.09483929872512853
1789687191.792327,traffic cone,0.3389,256,18,191,102,4.0199,4.7892,-2.2251935,0.35126862,3.3294058,-2.6586642,0.09709728,3.9822783,0.1746516942977907,0.0011633962392806896,0.11301440000534058,0.3697019696235655,0.4444603960961103,0.16441862583160427
1789687191.956956,traffic cone,0.8429,94,74,46,45,3.1323,3.1330,-1.9364389,0.060670935,2.4613214,-1.9339501,0.119987756,2.4619215,0.11711041927337651,0.23930527307093144,0.1000309109687807,0.08223264217376713,0.23917281478643418,0.07746720314025879
1789687191.983856,traffic cone,0.8015,204,61,105,61,3.8431,3.8431,-0.8250529,0.1139923,3.751793,-0.8250529,0.1139923,3.751793,0.14267146587371826,0.3652940019965172,0.0829477310180664,0.14267146587371826,0.3652940019965172,0.0829477310180664
1789687192.022115,traffic cone,0.6126,179,34,77,15,3.3183,3.3204,-1.5635071,0.14048456,2.9234924,-1.5463585,0.26243213,2.9266372,0.06588732004165654,0.3192429207265377,0.07546812295913696,0.033239996433258145,0.12951561808586118,0.08052277565002441
1789687192.061201,traffic cone,0.5013,301,177,234,172,3.3372,3.3371,-0.325102,0.07589692,3.3204453,-0.32285976,0.013245493,3.3213954,0.21721860766410828,0.44685969054698943,0.09614124298095694,0.21529738008975985,0.446809221804142,0.09515182971954328
1789687192.099628,traffic cone,0.3373,256,18,192,103,4.0232,4.7930,-2.227494,0.35131323,3.3317652,-2.6610403,0.09794748,3.985228,0.17508471012115479,0.0005857497453689575,0.11236391067504892,0.3742688179016116,0.4440039463341236,0.16925582885742196
1789687192.177823,traffic cone,0.8431,100,73,48,45,3.1317,3.1346,-1.9353131,0.06050533,2.4613338,-1.9343339,0.11993125,2.4636905,0.11488537788391096,0.23898358196020125,0.09521565437316903,0.08407583236694327,0.23899167925119402,0.07818098068237278
1789687192.212349,traffic cone,0.8018,203,61,105,61,3.8416,3.8416,-0.8253567,0.11412749,3.7501838,-0.8253567,0.11412749,3.7501838,0.1442270278930664,0.36518581956624985,0.07962369918823242,0.1442270278930664,0.36518581956624985,0.07962369918823242
1789687192.253365,traffic cone,0.6125,178,35,77,16,3.3197,3.3212,-1.5629666,0.14069918,2.9253771,-1.5430791,0.2354119,2.931553,0.06768845319747929,0.31899133026599885,0.08520753383636448,0.03567904233932495,0.12919721752405167,0.10064971446990967
1789687192.289383,traffic cone,0.5001,302,178,233,172,3.3391,3.3390,-0.325894,0.075996995,3.3222518,-0.32450795,0.0132798925,3.3232038,0.21704468578100203,0.44681784957647325,0.09895788431167585,0.21648515164852142,0.4465519830584526,0.09785193204879761
1789687192.311914,traffic cone,0.3392,252,18,189,104,4.0258,4.7910,-2.2296143,0.35127437,3.3335574,-2.6591253,0.098454,3.9841568,0.17345942258834857,0.0008177906274795532,0.11475822925567636,0.37487723827362096,0.44446001574397087,0.1622633218765257
1789687192.454075,traffic cone,0.8407,100,74,46,44,3.1351,3.1358,-1.9368567,0.060704686,2.4644709,-1.9336405,0.11989635,2.4657497,0.11403709053993216,0.23917684778571127,0.10220419168472272,0.08051220178604113,0.23904093280434607,0.0750632166862486
1789687192.479691,traffic cone,0.8018,204,61,106,61,3.8449,3.8449,-0.8277466,0.11445026,3.7529502,-0.8277466,0.11445026,3.7529502,0.146539568901062,0.3654269129037857,0.08722448348999023,0.146539568901062,0.3654269129037857,0.08722448348999023
1789687192.516427,traffic cone,0.6113,179,35,77,16,3.3193,3.3210,-1.5618314,0.14064531,2.9255555,-1.543431,0.23557621,2.931079,0.06690475940704355,0.3193947568535805,0.08856010437011719,0.033291012048721313,0.13010980933904648,0.10583657026290894
1789687192.558689,traffic cone,0.5025,306,176,238,171,3.3393,3.3389,-0.32530582,0.07597782,3.3225875,-0.32553178,0.013220742,3.3230112,0.21657618880271912,0.44661280512809753,0.09499359130859375,0.21321985125541687,0.44658391177654266,0.0957646369934082
1789687192.599908,traffic cone,0.3342,255,18,192,103,4.0247,4.7915,-2.2269251,0.3513764,3.334044,-2.659622,0.098031744,3.9843493,0.17405905723571768,0.0008245289325714,0.11394439935684186,0.37416419982910165,0.44411142691969874,0.16342110633850115
1789687192.677450,traffic cone,0.8416,95,72,45,44,3.1334,3.1346,-1.9343678,0.060665235,2.4643202,-1.9319959,0.11984722,2.4655352,0.10898173451423654,0.2389577429741621,0.09701832532882726,0.08148366808891305,0.2388967838138342,0.07392580509185764
1789687192.713419,traffic cone,0.8035,203,61,105,61,3.8432,3.8432,-0.8207138,0.114129186,3.7527719,-0.8207138,0.114129186,3.7527719,0.1424199342727661,0.36567630618810654,0.08781814575195312,0.1424199342727661,0.36567630618810654,0.08781814575195312
1789687192.755771,traffic cone,0.6110,180,35,77,16,3.3197,3.3216,-1.5632997,0.14093697,2.925181,-1.544302,0.23517467,2.9313815,0.0670161247253418,0.31911689043045044,0.08319680690765363,0.037649571895599365,0.1292501837015152,0.09775310754776001
1789687192.797497,traffic cone,0.4960,303,177,235,172,3.3384,3.3376,-0.3265137,0.07602969,3.3215268,-0.32320613,0.013154551,3.3219223,0.21687341928482057,0.4468401372432709,0.09696545600891104,0.21544837951660156,0.44682405740022657,0.09498485326766959
1789687192.838180,traffic cone,0.3349,256,18,193,103,4.0237,4.7875,-2.2274752,0.3511822,3.3323855,-2.6595542,0.097661704,3.9796338,0.17580838203430194,0.0009990811347961315,0.11097420454025286,0.37516725063323975,0.4444343790411949,0.16752295494079572
1789687192.919876,traffic cone,0.8376,100,74,45,45,3.1313,3.1333,-1.9340384,0.06061758,2.4618516,-1.9324958,0.11985192,2.4634497,0.11471040844917302,0.23928558714687825,0.09743676185607919,0.08152873516082759,0.23921513855457305,0.07589359283447239
1789687192.946062,traffic cone,0.8022,205,61,106,61,3.8434,3.8434,-0.82209843,0.114043534,3.752667,-0.82209843,0.114043534,3.752667,0.14126574993133545,0.36530764400959015,0.08105945587158203,0.14126574993133545,0.36530764400959015,0.08105945587158203
1789687192.980483,traffic cone,0.6145,178,34,75,15,3.3189,3.3179,-1.564348,0.14011416,2.9237928,-1.5446076,0.26326376,2.924574,0.06533575654029833,0.31909253299236295,0.07891873121261606,0.03393166065216069,0.129672846198082,0.0808335542678833
1789687193.011189,traffic cone,0.4878,300,179,233,174,3.3385,3.3379,-0.32574266,0.075704336,3.3217483,-0.32637075,0.013184316,3.3218307,0.21951833367347715,0.4467381715774536,0.09949798583984393,0.21881046444177624,0.4467931270599365,0.10126454830169695
1789687193.049421,traffic cone,0.3273,256,18,192,102,4.0238,4.7940,-2.226783,0.35132587,3.3330307,-2.6624975,0.13296606,3.984412,0.17589219808578482,0.0010918527841567993,0.11117652654647836,0.3702881932258606,0.4441052697598934,0.16238005161285418
1789687193.183047,traffic cone,0.8380,101,74,47,44,3.1319,3.1344,-1.9343886,0.060541853,2.462331,-1.9316008,0.11986156,2.4655957,0.1155368566513062,0.23918979987502098,0.09880872964859,0.08280001878738408,0.23914527967572213,0.06871224641799945
1789687193.217610,traffic cone,0.8026,204,59,105,59,3.8418,3.8418,-0.8242136,0.1137232,3.7506323,-0.8242136,0.1137232,3.7506323,0.13608232140541077,0.36437530666589735,0.08262863159179679,0.13608232140541077,0.36437530666589735,0.08262863159179679
1789687193.259809,traffic cone,0.6149,179,35,76,16,3.3216,3.3224,-1.5644773,0.14093618,2.9267097,-1.5434706,0.23559329,2.9326634,0.06500771045684806,0.3193663090467453,0.0832583427429201,0.033895015716552734,0.12966124713420868,0.10091984272003174
1789687193.290319,traffic cone,0.4962,299,175,228,168,3.3389,3.3385,-0.32631424,0.07589902,3.322009,-0.32660413,0.013160422,3.3225086,0.21137741208076466,0.44682606756687165,0.09559884071350089,0.20753210932016375,0.44633235931396487,0.09602423906326285
1789687193.325736,traffic cone,0.3295,253,18,192,103,4.0259,4.7867,-2.2279859,0.3513824,3.3347683,-2.6553185,0.09745292,3.981515,0.1743704915046691,0.0010151684284210316,0.11342468261718741,0.37053089141845685,0.44414473548531536,0.16304297447204563
1789687193.438896,traffic cone,0.8393,97,73,47,45,3.1319,3.1340,-1.9338245,0.060700968,2.4628499,-1.9338012,0.119956195,2.4633253,0.11677358150482164,0.23911164999008178,0.09538865089416504,0.0831092357635499,0.23909922689199448,0.07625341415405273
1789687193.477218,traffic cone,0.7999,204,62,106,62,3.8439,3.8439,-0.82667744,0.11440088,3.752218,-0.82667744,0.11440088,3.752218,0.1491274863481521,0.3654273055493832,0.08686158657073983,0.1491274863481521,0.3654273055493832,0.08686158657073983
1789687193.516341,traffic cone,0.6140,180,34,78,15,3.3191,3.3181,-1.5638855,0.14025083,2.924233,-1.5446656,0.26219395,2.9249501,0.06944320201873766,0.31951123327016834,0.07902450561523411,0.03191510438919076,0.12999668717384336,0.08106300830841073
1789687193.551772,traffic cone,0.4961,304,178,234,171,3.3390,3.3384,-0.3251086,0.075893134,3.3222237,-0.32546908,0.013194531,3.3224485,0.21720210909843443,0.4467063948512077,0.09642971754074114,0.21382351219654083,0.4465062916278839,0.09536242485046387
1789687193.577679,traffic cone,0.3294,257,18,195,104,4.0265,4.7892,-2.2283738,0.3512777,3.335207,-2.6586528,0.09851657,3.9822955,0.17531223297119158,0.0011303663253784402,0.11169852018356297,0.3790714740753174,0.4441529750823975,0.16233613491058385
1789687193.693793,traffic cone,0.8426,102,74,46,44,3.1325,3.1339,-1.9350804,0.060620062,2.462638,-1.9318871,0.11995752,2.4647105,0.1164305567741395,0.23918092511594297,0.0944867372512821,0.08272518515586857,0.23907819017767906,0.06933398246765154
1789687193.726366,traffic cone,0.8008,204,59,104,59,3.8407,3.8407,-0.82298005,0.113951564,3.7498052,-0.82298005,0.113951564,3.7498052,0.13718129396438594,0.36520342826843266,0.08056583404541007,0.13718129396438594,0.36520342826843266,0.08056583404541007
1789687193.766024,traffic cone,0.6127,178,35,76,16,3.3182,3.3188,-1.5641325,0.14144588,2.922961,-1.5430715,0.23525113,2.9288268,0.06454881429672232,0.3192799836397171,0.0855843544006345,0.03431767225265503,0.12950586527585983,0.09895002841949463
1789687193.805484,traffic cone,0.5069,305,176,234,169,3.3389,3.3382,-0.32694995,0.07584764,3.321938,-0.32715246,0.0131697655,3.322094,0.21622084081172943,0.446596622467041,0.09583276510238647,0.20726616382598878,0.4464691817760468,0.0955613613128663
1789687193.844818,traffic cone,0.3382,251,18,187,102,4.0237,4.7891,-2.2270372,0.3513371,3.332748,-2.6592078,0.09829353,3.9817374,0.17736519575119036,0.0010225445032119862,0.10871505737304688,0.37153739929199237,0.4442973855882883,0.164436936378479
1789687193.923499,traffic cone,0.8430,99,75,46,45,3.1307,3.1321,-1.93435,0.06071666,2.4609241,-1.9316466,0.119956344,2.462565,0.11837185621261592,0.23906948789954185,0.1012174606323244,0.08501098155975328,0.23915922194719313,0.07809114456176758
1789687193.958445,traffic cone,0.8007,204,62,105,62,3.8429,3.8429,-0.8258054,0.11394361,3.7514336,-0.8258054,0.11394361,3.7514336,0.14665109217166894,0.3650594685226679,0.08491408824920654,0.14665109217166894,0.3650594685226679,0.08491408824920654
1789687193.999440,traffic cone,0.6158,178,35,76,17,3.3207,3.3145,-1.5636201,0.14093247,2.9261703,-1.5451604,0.20945397,2.9248548,0.0676971554756165,0.3192777678370476,0.08408069610595703,0.033939909934997736,0.12997491359710692,0.10808801651000977
1789687194.034286,traffic cone,0.5025,302,176,233,171,3.3378,3.3383,-0.32509053,0.044742286,3.3215897,-0.32516208,0.013200998,3.3224483,0.2151438072323799,0.4467940405011177,0.09786224365234375,0.2131318598985672,0.4468013346195221,0.09805011749267578
1789687194.070096,traffic cone,0.3387,256,18,191,103,4.0260,4.7861,-2.2278318,0.3513393,3.3349547,-2.6569655,0.098768026,3.979673,0.17769150733947736,0.000961118936538663,0.10810928344726545,0.3747728586196897,0.4443440206348896,0.16658987998962393
1789687194.165513,traffic cone,0.8453,102,75,48,45,3.1321,3.1353,-1.9349208,0.060670123,2.4622629,-1.9317074,0.119883806,2.4666522,0.11906511783599849,0.23894386366009712,0.09667932987213135,0.08315739631652819,0.2389248967170715,0.07911801338195801
1789687194.191252,traffic cone,0.8023,204,61,104,61,3.8423,3.8423,-0.822089,0.11401543,3.7515461,-0.822089,0.11401543,3.7515461,0.1418468952178955,0.36520372331142426,0.08468341827392578,0.1418468952178955,0.36520372331142426,0.08468341827392578
1789687194.218739,traffic cone,0.6198,181,35,76,16,3.3194,3.3206,-1.5644071,0.14093459,2.9241858,-1.543462,0.23561195,2.9306645,0.06704785823822035,0.3189570933580399,0.09012529850006068,0.03490567207336426,0.12915240973234177,0.10406160354614258
1789687194.257124,traffic cone,0.4948,300,178,232,171,3.3379,3.3372,-0.32534975,0.07587007,3.3211799,-0.32550848,0.013195574,3.3212943,0.21684873104095462,0.44698609262704847,0.0937787175178526,0.21369746327400208,0.44684992730617523,0.09269535541534424
1789687194.295181,traffic cone,0.3412,256,18,194,103,4.0282,4.7885,-2.2299328,0.35122976,3.3362164,-2.6574712,0.09867373,3.982177,0.1784684777259824,0.0013086080551147905,0.10677547454834002,0.37039096355438206,0.4442415744066238,0.1652310848236085
1789687194.446596,traffic cone,0.8430,100,75,47,45,3.1311,3.1339,-1.934009,0.060656056,2.461688,-1.9333693,0.119973585,2.4635549,0.11984869241714491,0.2389404632151127,0.09878346920013437,0.08538980484008785,0.23889941573143006,0.0766751766204834
1789687194.482711,traffic cone,0.8017,205,61,106,61,3.8425,3.8425,-0.82348764,0.11378427,3.7514663,-0.82348764,0.11378427,3.7514663,0.1415758728981018,0.3652483597397804,0.08557939529418945,0.1415758728981018,0.3652483597397804,0.08557939529418945
1789687194.522043,traffic cone,0.6198,179,34,75,15,3.3209,3.3187,-1.565167,0.1403719,2.925568,-1.544915,0.26302028,2.9253232,0.06565455794334407,0.31919608637690544,0.07995780706405631,0.032629120349883856,0.12948147952556607,0.08255145549774179
1789687194.560277,traffic cone,0.4987,308,178,240,173,3.3387,3.3392,-0.32664868,0.044616774,3.3223858,-0.32679737,0.013185784,3.3231597,0.21834771186113358,0.4467655956745148,0.09836444854736337,0.21526413261890415,0.44680472612380984,0.09746241569519043
1789687194.598152,traffic cone,0.3333,255,18,191,102,4.0265,4.7912,-2.227366,0.35116717,3.3358467,-2.6592083,0.13276686,3.983288,0.17613712549209604,0.0007794559001922385,0.11061621904373187,0.37610888481140137,0.4442102570086718,0.1700946331024169
1789687194.671888,traffic cone,0.8437,101,74,47,45,3.1331,3.1334,-1.9353808,0.060527235,2.46314,-1.9320629,0.119852826,2.4639125,0.11610367298126234,0.23919224217534066,0.09329491853713989,0.08268873691558842,0.23913194388151168,0.07813153266906747
1789687194.709987,traffic cone,0.8028,204,61,105,61,3.8429,3.8429,-0.8238924,0.114322856,3.7517645,-0.8238924,0.114322856,3.7517645,0.14362072944641113,0.36526865512132645,0.08865690231323242,0.14362072944641113,0.36526865512132645,0.08865690231323242
1789687194.750755,traffic cone,0.6225,179,35,78,16,3.3204,3.3219,-1.5632807,0.14117475,2.9260213,-1.5428491,0.23545966,2.9324255,0.06668767929077157,0.3191875755786896,0.08289794921874982,0.034863561391830444,0.12936613708734512,0.10119903087615967
1789687194.776999,traffic cone,0.5047,305,177,235,171,3.3395,3.3390,-0.32514626,0.07597627,3.3227463,-0.3265282,0.013170794,3.323012,0.21567051410675048,0.4468141049146652,0.09603023529052734,0.21307075023651123,0.4466737061738968,0.09684324264526367
1789687194.810691,traffic cone,0.3366,257,18,192,103,4.0279,4.7886,-2.2281141,0.3514304,3.3370392,-2.6590126,0.09842728,3.9813468,0.1747891068458558,0.0012271344661712313,0.11282318830490112,0.3741419315338135,0.4442803800106048,0.16875262260436985
1789687194.953647,traffic cone,0.8443,98,73,48,45,3.1329,3.1339,-1.935382,0.06068644,2.4629078,-1.9335519,0.120012835,2.4634058,0.1127762079238892,0.2391661137342453,0.09733262062072745,0.08628339767456072,0.2390914484858513,0.07831001281738281
1789687194.988376,traffic cone,0.8046,203,61,106,61,3.8417,3.8417,-0.8249104,0.11369155,3.750364,-0.8249104,0.11369155,3.750364,0.14383012056350708,0.3656179830431938,0.08624124526977539,0.14383012056350708,0.3656179830431938,0.08624124526977539
1789687195.030353,traffic cone,0.6200,179,35,78,16,3.3223,3.3239,-1.5642931,0.14076968,2.9275608,-1.5444262,0.23560047,2.9338706,0.06712613105773935,0.3189303696155548,0.089058208465576,0.03576931357383728,0.1293720155954361,0.104861319065094
1789687195.068594,traffic cone,0.4924,304,177,234,171,3.3394,3.3388,-0.32577544,0.07593496,3.3226035,-0.32701695,0.013216928,3.3227198,0.21657423675060272,0.4467295378446579,0.09763493537902823,0.21271200478076935,0.4464201182126999,0.098288893699646
1789687195.096664,traffic cone,0.3385,256,18,192,104,4.0243,4.7903,-2.2264812,0.35125473,3.3338833,-2.6608963,0.0984133,3.982051,0.1745992064476014,0.0005643963813781738,0.11301759481430063,0.373549032211304,0.4443646047264338,0.16392176151275661
1789687195.200413,traffic cone,0.8425,98,73,45,44,3.1311,3.1326,-1.9341471,0.06060241,2.4615178,-1.9311968,0.11996031,2.4636288,0.11511070728301998,0.23912065327167512,0.09833369255065927,0.08191394209861769,0.23908215239644048,0.06989175081253052
1789687195.235585,traffic cone,0.8036,203,60,106,60,3.8424,3.8424,-0.8235079,0.11357346,3.751401,-0.8235079,0.11357346,3.751401,0.1380968272686005,0.36520983390510087,0.08713228702545184,0.1380968272686005,0.36520983390510087,0.08713228702545184
1789687195.277198,traffic cone,0.6136,180,35,78,16,3.3198,3.3204,-1.5645707,0.14093459,2.9245837,-1.5441352,0.23549469,2.930048,0.06513205766677843,0.31905012875795363,0.08450434207916269,0.0356004536151886,0.12942281365394592,0.10125833749771118
1789687195.319573,traffic cone,0.5021,304,178,234,172,3.3386,3.3392,-0.3264369,0.04453315,3.3223352,-0.3276125,0.013094418,3.323072,0.217585052549839,0.4467542514204979,0.09823466539382952,0.2134005799889564,0.4467533051967621,0.09897044897079477
1789687195.357873,traffic cone,0.3352,253,18,190,102,4.0251,4.7917,-2.2271829,0.35121566,3.3342667,-2.6608129,0.09839955,3.9838202,0.17291033267974854,0.0010427415370941051,0.11596789360046378,0.37547277212142927,0.44422610774636273,0.16976404190063432
1789687195.429199,traffic cone,0.8435,98,74,45,44,3.1335,3.1345,-1.9367208,0.060587406,2.4625378,-1.9321613,0.11985336,2.4653165,0.11931748986244206,0.2388000063598156,0.09858281612396258,0.08195582628250131,0.23882004097104073,0.0716506004333497
1789687195.454214,traffic cone,0.8022,204,61,105,61,3.8449,3.8449,-0.82473755,0.11347805,3.7537017,-0.82473755,0.11347805,3.7537017,0.14153313636779785,0.36544256657361984,0.08660888671875,0.14153313636779785,0.36544256657361984,0.08660888671875
1789687195.479930,traffic cone,0.6168,179,35,76,16,3.3204,3.3204,-1.5647811,0.14062981,2.9251938,-1.5433352,0.23554096,2.93048,0.06653088331222534,0.3190742701292038,0.08341827392578116,0.03576764464378357,0.12972289323806763,0.10310721397399902
1789687195.517552,traffic cone,0.5092,303,177,233,171,3.3383,3.3375,-0.32581404,0.076074824,3.321465,-0.32581404,0.013178125,3.3215117,0.21558113694190975,0.4467448741197586,0.09199380874633789,0.2134941667318344,0.446678027510643,0.09005236625671387
1789687195.556180,traffic cone,0.3397,254,18,190,102,4.0268,4.7906,-2.2289774,0.3512128,3.335132,-2.6590662,0.09698406,3.9837015,0.17336953878402728,0.001161435246467557,0.11512980461120614,0.3736356019973752,0.4439659919589758,0.16585426330566433
1789687195.693716,traffic cone,0.8430,98,74,47,45,3.1315,3.1332,-1.9344552,0.060700707,2.461867,-1.9329636,0.11988512,2.4630003,0.11534078717231755,0.23909083157777786,0.09645181894302368,0.0834536314010621,0.2389732912182808,0.07946944236755371
1789687195.728335,traffic cone,0.8035,204,61,106,61,3.8420,3.8420,-0.82337904,0.11403453,3.7510254,-0.82337904,0.11403453,3.7510254,0.14338570833206177,0.36555571109056473,0.08217048645019531,0.14338570833206177,0.36555571109056473,0.08217048645019531
1789687195.768774,traffic cone,0.6192,178,35,77,16,3.3211,3.3217,-1.5623405,0.14071992,2.9272697,-1.5443711,0.23522806,2.9314275,0.06718889474868761,0.3186292305588722,0.08458964824676496,0.035290032625198364,0.12904828786849976,0.10003143548965454
1789687195.809461,traffic cone,0.5086,305,179,235,172,3.3397,3.3394,-0.3253225,0.07591906,3.3229384,-0.32455754,0.013149232,3.3235612,0.2172923982143402,0.44677492678165437,0.09732308387756339,0.21325522959232326,0.4466999113559723,0.09597705602645856
1789687195.849726,traffic cone,0.3330,253,19,189,102,4.0227,4.7927,-2.2225862,0.3512685,3.3344874,-2.6627612,0.098294646,3.9837441,0.1842873811721799,0.0008912265300750621,0.12074916362762433,0.37396159172058097,0.44426351971924305,0.17313992977142334
1789687195.925849,traffic cone,0.8430,99,73,48,45,3.1335,3.1355,-1.9360564,0.060657144,2.4630926,-1.9344053,0.11988911,2.4648104,0.11555607318878192,0.23906583189964292,0.09756612777709961,0.08304448127746578,0.23896931111812592,0.07626838684082049
1789687195.965938,traffic cone,0.8005,205,61,107,61,3.8452,3.8452,-0.8254368,0.11439988,3.753803,-0.8254368,0.11439988,3.753803,0.14212936162948608,0.36487021297216415,0.08480405807495117,0.14212936162948608,0.36487021297216415,0.08480405807495117
1789687196.006954,traffic cone,0.6159,179,36,77,17,3.3231,3.3230,-1.5652142,0.1423473,2.927935,-1.5461838,0.20831355,2.9339707,0.06492951512336731,0.3188489191234112,0.09826040267944336,0.036244988441467285,0.12873727083206177,0.10428810119628906
1789687196.047564,traffic cone,0.5063,306,178,238,172,3.3402,3.3399,-0.32570255,0.075941324,3.3233962,-0.3232228,0.01328817,3.324209,0.21661217063665392,0.446851110458374,0.09518475532531756,0.21614042371511458,0.4465242475271225,0.09406967163085955
1789687196.072793,traffic cone,0.3292,254,19,188,103,4.0204,4.7914,-2.2214594,0.3511261,3.3324761,-2.6622658,0.09777698,3.9824512,0.18689920902252188,0.000867271423339866,0.11637182235717747,0.3716039180755617,0.444129478931427,0.1678437709808347
1789687196.196365,traffic cone,0.8430,97,73,48,45,3.1331,3.1348,-1.934826,0.060657457,2.463555,-1.9318434,0.11991927,2.4658237,0.1139919281005859,0.23923164755105972,0.10009250640869105,0.0841672420501709,0.23908929228782652,0.07648673057556188
1789687196.238121,traffic cone,0.7991,205,61,107,61,3.8454,3.8454,-0.8242888,0.11399576,3.7542517,-0.8242888,0.11399576,3.7542517,0.14287149906158447,0.365419365465641,0.08323335647583008,0.14287149906158447,0.365419365465641,0.08323335647583008
1789687196.265692,traffic cone,0.6113,179,35,78,16,3.3207,3.3226,-1.5631618,0.14111084,2.9264035,-1.5457022,0.2362474,2.931704,0.06614966392517085,0.3196592852473259,0.08531575202941877,0.03255906701087952,0.12984348833560944,0.10837608575820923
1789687196.303583,traffic cone,0.5085,301,177,233,172,3.3392,3.3386,-0.32540795,0.07591808,3.3224792,-0.32611874,0.013229586,3.32261,0.2168271839618683,0.4467891275882721,0.09432106018066388,0.21575470119714735,0.44680136144161225,0.09543900489807111
1789687196.342881,traffic cone,0.3323,254,18,192,104,4.0201,4.7879,-2.2245238,0.35129583,3.3301082,-2.6581283,0.09833196,3.9810202,0.17179696559905988,0.0013309121131896973,0.1169748425483701,0.3744428873062131,0.444320634752512,0.16240711212158176
1789687196.448173,traffic cone,0.8437,102,74,46,44,3.1322,3.1334,-1.9361374,0.06051837,2.4613671,-1.9316069,0.119966164,2.4642344,0.11624920964241037,0.23914349302649499,0.10012094974517849,0.08211458921432513,0.23916246704757213,0.072016370296478
1789687196.482986,traffic cone,0.7993,204,60,107,60,3.8435,3.8435,-0.8227842,0.11348146,3.7527,-0.8227842,0.11348146,3.7527,0.13503587245941162,0.36458199843764305,0.08466553688049316,0.13503587245941162,0.36458199843764305,0.08466553688049316
1789687196.525325,traffic cone,0.6111,178,35,76,16,3.3212,3.3212,-1.5631287,0.14069128,2.9269824,-1.5428541,0.23539017,2.9316225,0.06546944379806519,0.3190591558814049,0.08545420169830331,0.03508540987968445,0.12979331612586975,0.10232996940612793
1789687196.566239,traffic cone,0.5051,300,176,231,171,3.3405,3.3407,-0.32607526,0.04463558,3.3242397,-0.32621154,0.013103709,3.324686,0.21508029103279114,0.44681402295827866,0.1003987193107605,0.21214520931243896,0.44676776230335236,0.10135018825531006
1789687196.607145,traffic cone,0.3349,256,18,192,103,4.0235,4.7891,-2.2266355,0.35139036,3.33276,-2.6613312,0.097726464,3.980403,0.17535367012023917,0.0007619053125381692,0.11197144985198992,0.3731913328170773,0.44439851790666585,0.1683746814727778
1789687196.688455,traffic cone,0.8456,102,73,47,45,3.1310,3.1349,-1.9348047,0.060674325,2.460905,-1.9324725,0.12013483,2.4654899,0.11257491111755358,0.2392826184630394,0.09719123840332022,0.08343324661254892,0.23912844210863116,0.07964773178100559
1789687196.714215,traffic cone,0.7969,203,62,105,62,3.8433,3.8433,-0.826263,0.11420868,3.7516773,-0.826263,0.11420868,3.7516773,0.14434739351272574,0.36525415182113646,0.0854754209518429,0.14434739351272574,0.36525415182113646,0.0854754209518429
1789687196.739955,traffic cone,0.6123,178,35,77,17,3.3212,3.3212,-1.5632645,0.14154348,2.926816,-1.5458045,0.20889843,2.93213,0.06628454923629756,0.31923786997795106,0.09063820838928205,0.032616925239563166,0.13037817478179933,0.1096287250518797
1789687196.780157,traffic cone,0.5087,305,179,236,172,3.3393,3.3386,-0.3246824,0.07574311,3.3226647,-0.3246147,0.013165675,3.322725,0.21711755096912386,0.44666074216365814,0.09363524913787824,0.21627312600612641,0.4466371193528175,0.09179105758666983
1789687196.820827,traffic cone,0.3441,255,18,191,103,4.0255,4.7913,-2.228501,0.351347,3.333941,-2.6599798,0.0991618,3.983862,0.17622489929199237,0.0009488105773926003,0.11033406257629386,0.3762650012969968,0.44421833306550984,0.16708712577819806
1789687196.958613,traffic cone,0.8457,100,74,47,45,3.1323,3.1354,-1.9366435,0.06071759,2.4611278,-1.9341136,0.119926184,2.4648275,0.11322996020317078,0.23921701200306417,0.09838694334030151,0.08473651409149174,0.23928647637367248,0.07861909866333017
1789687196.993855,traffic cone,0.7974,206,62,107,62,3.8457,3.8457,-0.8259238,0.11404225,3.7542486,-0.8259238,0.11404225,3.7542486,0.14366062283515924,0.3651321701705456,0.08563642501831037,0.14366062283515924,0.3651321701705456,0.08563642501831037
1789687197.035400,traffic cone,0.6057,180,35,78,17,3.3198,3.3202,-1.5635766,0.14120433,2.9251387,-1.5453336,0.20912582,2.9312153,0.06939369440078735,0.31867647618055345,0.08633496761322013,0.03540527820587158,0.12993962168693546,0.1068932056427001
1789687197.077256,traffic cone,0.5155,304,177,236,172,3.3398,3.3406,-0.32529265,0.07584816,3.3230522,-0.32534418,0.013216689,3.3246841,0.21621240377426146,0.44672584533691406,0.09619903564453125,0.2163800358772278,0.44670887738466264,0.09806078672409058
1789687197.118249,traffic cone,0.3369,258,18,193,103,4.0266,4.7884,-2.2275395,0.35141462,3.3358407,-2.6560776,0.09875852,3.9829724,0.17689810991287214,0.000981310009956382,0.10928722620010367,0.37170305252075186,0.4441379107534885,0.16244812011718768
1789687197.210862,traffic cone,0.8442,100,74,46,45,3.1323,3.1343,-1.9351813,0.060745753,2.4622512,-1.9330269,0.11991678,2.4643445,0.11766071319580096,0.23925938755273818,0.0971201181411745,0.08382463455200195,0.23937252014875413,0.07723741531372053
1789687197.245859,traffic cone,0.7967,205,61,107,61,3.8445,3.8445,-0.8237016,0.11346148,3.7534943,-0.8237016,0.11346148,3.7534943,0.14089882373809814,0.36509763449430466,0.08881664276123047,0.14089882373809814,0.36509763449430466,0.08881664276123047
1789687197.289337,traffic cone,0.6179,179,34,77,15,3.3222,3.3190,-1.5640783,0.14010079,2.9276872,-1.5440263,0.26290625,2.9262047,0.06476222276687627,0.31933849304914474,0.07909462451934779,0.034862601757049694,0.13038947880268098,0.08424100875854457
1789687197.329454,traffic cone,0.5122,303,177,237,173,3.3403,3.3397,-0.3266873,0.07597892,3.3234076,-0.3266873,0.013348073,3.3236246,0.2166790187358856,0.4467547804117203,0.09666051864624015,0.21712496280670168,0.44675890505313876,0.0963296890258789
1789687197.355277,traffic cone,0.3387,254,18,189,102,4.0232,4.7933,-2.2249022,0.35124815,3.3335156,-2.6608753,0.09829889,3.985703,0.17560303211212158,0.0006791502237319946,0.11140840053558376,0.37289448976516715,0.44418437890708445,0.16395459175109828
1789687197.498970,traffic cone,0.8419,100,74,46,45,3.1328,3.1354,-1.9348675,0.060545996,2.4631317,-1.9338293,0.11999653,2.4651427,0.11626697778701778,0.2391243875026703,0.09828099012374913,0.0844908475875854,0.23900753110647202,0.07717900276184109
1789687197.544097,traffic cone,0.7956,205,62,107,62,3.8445,3.8445,-0.8264275,0.114264235,3.7528756,-0.8264275,0.114264235,3.7528756,0.14559073448181148,0.3654518838971853,0.08974916934967059,0.14559073448181148,0.3654518838971853,0.08974916934967059
1789687197.570395,traffic cone,0.6248,178,35,77,16,3.3209,3.3213,-1.5643587,0.1410218,2.9259725,-1.5434439,0.23572758,2.9314618,0.06771522760391235,0.31883797645568845,0.0858159065246582,0.03512570261955261,0.12905766069889069,0.10148733854293823
1789687197.609046,traffic cone,0.5117,308,177,240,172,3.3402,3.3399,-0.3251248,0.07611467,3.323488,-0.3234464,0.013195567,3.324169,0.21667964458465575,0.4468963086605072,0.0953270912170412,0.2147572323679924,0.4467472493648529,0.09305027723312387
1789687197.648225,traffic cone,0.3357,253,18,189,102,4.0247,4.7925,-2.2276645,0.3513374,3.3334951,-2.6613286,0.09756881,3.9844856,0.17236169576644889,0.0008317768573760653,0.11673902273178127,0.3721182107925416,0.44420704804360867,0.16931755542755145
1789687197.725587,traffic cone,0.8404,100,73,47,45,3.1334,3.1348,-1.9338069,0.06074433,2.4647608,-1.9329922,0.11996502,2.4649851,0.11431491374969482,0.23922278881072997,0.09711666107177708,0.0819653034210206,0.23923546671867368,0.0774947166442872
1789687197.761119,traffic cone,0.7955,204,61,107,61,3.8443,3.8443,-0.8249915,0.11428502,3.7529936,-0.8249915,0.11428502,3.7529936,0.14274436235427856,0.36492304503917694,0.08088064193725586,0.14274436235427856,0.36492304503917694,0.08088064193725586
1789687197.801963,traffic cone,0.6246,177,35,75,16,3.3221,3.3228,-1.5628091,0.1410648,2.9281466,-1.5427856,0.23546617,2.9335332,0.06540964841842634,0.3192650660872459,0.08871548175811794,0.034558266401290894,0.12973489612340927,0.10536962747573853
1789687197.844801,traffic cone,0.5069,307,178,239,173,3.3392,3.3395,-0.32668546,0.04465738,3.322847,-0.32772636,0.013129488,3.3233063,0.21711805164813994,0.44656288921833037,0.09625067710876456,0.21619723737239838,0.44646757245063784,0.09590225219726545
1789687197.884247,traffic cone,0.3354,253,18,189,102,4.0222,4.7900,-2.2250357,0.35123804,3.3322177,-2.6624184,0.09854606,3.9807384,0.17607786655426017,0.0008258402347565141,0.11054462194442749,0.3774982690811157,0.44407257921993737,0.16836876869201678
1789687197.964225,traffic cone,0.8387,97,72,46,45,3.1341,3.1351,-1.93526,0.060706496,2.4645076,-1.933862,0.12006971,2.4646597,0.11241844296455383,0.2392355527728796,0.0939297080039978,0.08444895744323722,0.23908966034650803,0.07518119812011692
1789687197.989312,traffic cone,0.7944,202,61,105,61,3.8424,3.8424,-0.82594585,0.11400136,3.750842,-0.82594585,0.11400136,3.750842,0.14274215698242188,0.36546386778354645,0.08690166473388672,0.14274215698242188,0.36546386778354645,0.08690166473388672
1789687198.015311,traffic cone,0.6286,180,34,78,15,3.3210,3.3187,-1.5643091,0.14033802,2.9260812,-1.5449753,0.26271084,2.9254231,0.06800017952919024,0.3194591075181961,0.07622932195663434,0.034334111213684126,0.1293071746826172,0.08472251892089844
1789687198.053396,traffic cone,0.5102,301,179,235,173,3.3383,3.3381,-0.32442895,0.075915575,3.321648,-0.32378381,0.01318939,3.3222935,0.21850106716156004,0.4466019570827484,0.09439105987548801,0.21689846515655517,0.4464355826377869,0.09331798553466797
1789687198.093221,traffic cone,0.3354,252,18,189,104,4.0221,4.7913,-2.2266388,0.35137135,3.3311062,-2.6605237,0.09862086,3.9835517,0.17614803314208993,0.0011464774608612172,0.11074025630950945,0.3757799983024599,0.44418912455439563,0.16629507541656485
1789687198.227924,traffic cone,0.8396,101,74,46,45,3.1337,3.1355,-1.9356208,0.060708582,2.46363,-1.9344492,0.119893074,2.4646828,0.11525742411613482,0.23900270089507103,0.0948091268539426,0.08330438137054452,0.2389288440346718,0.07281246185302725
1789687198.263075,traffic cone,0.7932,205,61,107,61,3.8454,3.8454,-0.82449543,0.11408487,3.754199,-0.82449543,0.11408487,3.754199,0.14141106605529785,0.36554043740034103,0.0777425765991211,0.14141106605529785,0.36554043740034103,0.0777425765991211
1789687198.303353,traffic cone,0.6241,177,35,77,16,3.3196,3.3225,-1.5623083,0.14048222,2.925648,-1.5455086,0.2359938,2.9316254,0.06606143712997437,0.31903974413871766,0.08555436134338379,0.03542259335517883,0.12949322164058685,0.10426634550094604
1789687198.344138,traffic cone,0.5095,302,178,236,172,3.3389,3.3384,-0.32470444,0.07602027,3.3221674,-0.3231237,0.013257958,3.3227172,0.21690023094415664,0.4469116285443306,0.09983142614364615,0.21633624732494355,0.44684073328971863,0.09874961376190194
1789687198.384235,traffic cone,0.3354,256,18,192,104,4.0255,4.7890,-2.2286906,0.35125312,3.3338366,-2.658836,0.09849544,3.981826,0.17405563592910767,0.0010405689477920865,0.11372259855270395,0.3753145098686219,0.444365293905139,0.16538670063018746
1789687198.471919,traffic cone,0.8403,101,74,45,44,3.1322,3.1344,-1.9352899,0.060693674,2.4620004,-1.9334712,0.11996056,2.4640334,0.11738498210906978,0.23920143917202952,0.09601857662200919,0.08245123028755197,0.23919948376715183,0.07562144994735709
1789687198.497601,traffic cone,0.7920,204,61,105,61,3.8430,3.8430,-0.82385504,0.11420637,3.751941,-0.82385504,0.11420637,3.751941,0.14344966411590576,0.3651920258998871,0.08206701278686523,0.14344966411590576,0.3651920258998871,0.08206701278686523
1789687198.536585,traffic cone,0.6220,180,35,76,16,3.3209,3.3215,-1.5630661,0.14105058,2.926685,-1.5435532,0.23570636,2.9316258,0.06660386323928846,0.31898934990167616,0.08512258529663086,0.035795658826828,0.12960584461688995,0.10442548990249634
1789687198.572370,traffic cone,0.5105,300,177,233,172,3.3376,3.3371,-0.32565552,0.07608557,3.3208039,-0.32598403,0.013370663,3.3210826,0.21568519175052642,0.4467193901538849,0.09461479187011701,0.21593108624219895,0.44674328416585923,0.09586952924728376
1789687198.598225,traffic cone,0.3312,256,18,191,103,4.0270,4.7912,-2.2278705,0.35143146,3.336144,-2.6612353,0.09768918,3.9829404,0.1755413889884947,0.0007342576980590709,0.11172583103179923,0.3710101604461671,0.4440589673817158,0.1658531665802001
1789687198.725688,traffic cone,0.8421,99,72,45,44,3.1330,3.1353,-1.9348269,0.06076651,2.463386,-1.933731,0.11994271,2.4650624,0.11319407224655165,0.2392189413309097,0.0949043989181515,0.08086401224136353,0.23921423293650151,0.07540425062179601
1789687198.752325,traffic cone,0.7927,203,61,105,61,3.8441,3.8441,-0.8248019,0.11400241,3.7528493,-0.8248019,0.11400241,3.7528493,0.14300596714019775,0.36482587456703186,0.08194494247436523,0.14300596714019775,0.36482587456703186,0.08194494247436523
1789687198.789931,traffic cone,0.6218,180,35,79,16,3.3237,3.3218,-1.5632647,0.14111707,2.9296837,-1.5440204,0.23543641,2.9316905,0.06654778718948373,0.31896034777164456,0.08649444580078125,0.03577736020088196,0.12911081314086914,0.10236114263534546
1789687198.833687,traffic cone,0.5179,306,178,240,172,3.3397,3.3394,-0.324973,0.07599735,3.3229828,-0.32319498,0.013265751,3.3236914,0.21704605966806415,0.44691216200590134,0.09745782613754272,0.21580112278461452,0.4466764286160469,0.09635739326477033
1789687198.874036,traffic cone,0.3295,254,18,190,103,4.0245,4.7928,-2.2276595,0.35131857,3.3332295,-2.6625457,0.0981648,3.9839904,0.17423167228698722,0.0007592260837555043,0.1136164665222168,0.3779653549194335,0.44395260959863664,0.1708315849304194
1789687198.949485,traffic cone,0.8429,100,75,46,44,3.1324,3.1340,-1.936963,0.06059991,2.4609234,-1.933491,0.11997865,2.4635339,0.12039375305175781,0.2389587752521038,0.09732327461242685,0.08188091516494755,0.2388939868658781,0.07877143621444693
1789687198.985128,traffic cone,0.7957,205,61,106,61,3.8445,3.8445,-0.8236151,0.11402111,3.7535293,-0.8236151,0.11402111,3.7535293,0.1433885097503662,0.3652111068367958,0.08242988586425781,0.1433885097503662,0.3652111068367958,0.08242988586425781
1789687199.027419,traffic cone,0.6191,179,36,77,17,3.3221,3.3253,-1.5628746,0.14251113,2.928053,-1.5451318,0.20856123,2.937116,0.06633898615837097,0.31905190274119377,0.10729086399078369,0.033411622047424316,0.12946344316005706,0.10421075820922843
1789687199.069339,traffic cone,0.5210,306,176,238,172,3.3395,3.3397,-0.32644564,0.044710778,3.3231916,-0.32644564,0.013273045,3.3236945,0.21577782183885574,0.4467032104730606,0.09909355640411377,0.21639955192804333,0.4464815646409988,0.0996055841445922
1789687199.106611,traffic cone,0.3267,253,18,189,102,4.0224,4.7899,-2.2254848,0.35130978,3.3321412,-2.65962,0.098333016,3.9824386,0.17726256847381583,0.0012865275144576804,0.10899441242218044,0.3719816923141481,0.4444336012005806,0.16923663616180473
1789687199.195079,traffic cone,0.8422,101,73,46,44,3.1312,3.1351,-1.9344879,0.060646817,2.461344,-1.9324452,0.12004608,2.4657583,0.11574280261993408,0.23901854008436202,0.09767723083496094,0.08190733790397653,0.23889269270002844,0.07433310747146615
1789687199.218097,traffic cone,0.7950,202,61,105,61,3.8420,3.8420,-0.825334,0.11403373,3.7505329,-0.825334,0.11403373,3.7505329,0.14453554153442383,0.3657347336411476,0.08739757537841797,0.14453554153442383,0.3657347336411476,0.08739757537841797
1789687199.241956,traffic cone,0.6199,178,36,77,18,3.3191,3.3205,-1.5621558,0.14244469,2.925014,-1.5463545,0.20743753,2.931066,0.0642644464969635,0.3197871781885624,0.10864382982254028,0.03728725314140324,0.1308626636862755,0.10562131404876718
1789687199.265804,traffic cone,0.5214,302,177,234,172,3.3383,3.3383,-0.32519153,0.07600993,3.3215804,-0.32630315,0.013230577,3.3222718,0.21699841618537904,0.4467510193586349,0.09070329666137722,0.21654287874698638,0.4467416286468506,0.09152672290802011
1789687199.291026,traffic cone,0.3226,252,18,190,104,4.0224,4.7897,-2.2256603,0.3513382,3.3321025,-2.6601386,0.098517835,3.9818223,0.17556577920913696,0.0008781105279922485,0.11189707517623892,0.3758903026580813,0.44420125931501386,0.17157735824584996
1789687199.495404,traffic cone,0.8415,102,75,46,44,3.1321,3.1344,-1.9352168,0.060617045,2.461958,-1.931727,0.11994524,2.4654405,0.11843835115432744,0.2388925187289715,0.09722757339477539,0.08299899101257324,0.23901012539863586,0.07202081680297834
1789687199.530144,traffic cone,0.7940,204,61,106,61,3.8432,3.8432,-0.8229255,0.11381978,3.7523177,-0.8229255,0.11381978,3.7523177,0.14337599277496338,0.3652198687195778,0.08500909805297852,0.14337599277496338,0.3652198687195778,0.08500909805297852
1789687199.568189,traffic cone,0.6228,178,35,76,16,3.3205,3.3212,-1.5621711,0.14086655,2.9266434,-1.5435927,0.23549543,2.931304,0.06398663520812975,0.31956850588321684,0.09030857086181632,0.03283396363258362,0.12966376543045044,0.10617154836654663
1789687199.600666,traffic cone,0.5283,302,178,234,173,3.3401,3.3402,-0.3259589,0.0447639,3.323904,-0.32665935,0.013270825,3.3241138,0.2184710666537285,0.44697264581918716,0.09830404520034808,0.21754847764968874,0.4467476010322571,0.09869446754455602
1789687199.636149,traffic cone,0.3186,254,18,189,101,4.0235,4.7929,-2.2257292,0.35136157,3.3333092,-2.6632762,0.09861222,3.9836175,0.174086332321167,0.0009530693292617576,0.11382665634155265,0.3727700710296631,0.44412460923194885,0.17177367210388184
1789687199.739912,traffic cone,0.8380,102,73,45,43,3.1320,3.1364,-1.9346483,0.060710475,2.462298,-1.9323001,0.11990088,2.4675179,0.1128376483917235,0.23910710066556928,0.0952347755432128,0.07833052873611446,0.23931987956166267,0.07027928829193097
1789687199.762698,traffic cone,0.7938,205,60,107,60,3.8433,3.8433,-0.8230659,0.11334692,3.752415,-0.8230659,0.11334692,3.752415,0.13680034279823294,0.36547664403915403,0.08237016201019287,0.13680034279823294,0.36547664403915403,0.08237016201019287
1789687199.786333,traffic cone,0.6202,179,35,76,16,3.3210,3.3232,-1.5624645,0.1410099,2.9270713,-1.5449691,0.23546556,2.9328496,0.0671633362770081,0.31935494393110275,0.08796842098236057,0.03528505563735962,0.12954901158809662,0.10650801658630371
1789687199.826897,traffic cone,0.5193,305,177,236,171,3.3389,3.3382,-0.32656372,0.076055676,3.3220277,-0.32656372,0.013168052,3.3221738,0.21524183154106138,0.44678637087345124,0.09586787223815918,0.21362416446208954,0.4465608447790146,0.0955432653427124
1789687199.863935,traffic cone,0.3171,253,18,188,101,4.0246,4.7912,-2.2273583,0.35135308,3.3335464,-2.660567,0.099176735,3.9834075,0.17575314044952384,0.0009074270725250022,0.11133018732070932,0.37428760528564453,0.4444446936249733,0.1651606559753418
1789687200.039317,traffic cone,0.8412,105,74,46,43,3.1323,3.1362,-1.9347943,0.06068279,2.462513,-1.9312578,0.120096445,2.4680896,0.11727213859558105,0.2391243703663349,0.09414975643157941,0.08021589517593375,0.23914060965180398,0.07142939567565909
1789687200.080969,traffic cone,0.7918,203,60,105,60,3.8425,3.8425,-0.822435,0.11341941,3.7517025,-0.822435,0.11341941,3.7517025,0.13576904833316805,0.3646696571260691,0.08373546600341797,0.13576904833316805,0.3646696571260691,0.08373546600341797
1789687200.106597,traffic cone,0.6198,179,35,76,16,3.3216,3.3219,-1.5626651,0.14124897,2.927628,-1.5435672,0.23572637,2.9320154,0.06594020128250122,0.31927929967641827,0.08205418586730939,0.03496628999710083,0.12968210130929947,0.10358071327209473
1789687200.148230,traffic cone,0.5243,302,176,235,172,3.3391,3.3396,-0.32621935,0.04462208,3.3227992,-0.32621935,0.013259873,3.3235767,0.2146712690591812,0.4467880129814148,0.09625852108001709,0.21542451679706573,0.4466516122221947,0.09637439250946045
1789687200.187522,traffic cone,0.3126,256,18,190,102,4.0228,4.7914,-2.224872,0.35133597,3.3330305,-2.6596136,0.09739399,3.9842694,0.17598962783813477,0.0007461428642272505,0.11079993247985831,0.3715969204902647,0.44418098106980325,0.1668551445007327
1789687200.291599,traffic cone,0.8397,100,74,46,44,3.1329,3.1335,-1.9345837,0.06072802,2.463543,-1.9318961,0.119966,2.4641309,0.1146261990070343,0.2391378317028284,0.09850091934204075,0.08202996850013733,0.2390031933784485,0.07584953308105469
1789687200.330532,traffic cone,0.7915,203,61,106,61,3.8464,3.8464,-0.82467926,0.11434831,3.7552552,-0.82467926,0.11434831,3.7552552,0.14207637310028076,0.36558762192726135,0.07935285568237305,0.14207637310028076,0.36558762192726135,0.07935285568237305
1789687200.355943,traffic cone,0.6149,178,35,76,16,3.3187,3.3188,-1.5620712,0.14098673,2.9247477,-1.5434005,0.23554319,2.928597,0.0683068871498107,0.31880943179130555,0.08624365329742423,0.03472954034805298,0.12946383655071259,0.1054423451423645
1789687200.398470,traffic cone,0.5199,311,178,243,172,3.3408,3.3401,-0.32529777,0.076076746,3.3240345,-0.32408583,0.013156027,3.3242857,0.21662711948156355,0.44702076017856596,0.0958037853240965,0.21536708325147627,0.44672819674015046,0.09516801834106481
1789687200.437277,traffic cone,0.3128,253,18,191,103,4.0243,4.7912,-2.2277539,0.35125434,3.333032,-2.659161,0.09770219,3.9843092,0.17449891567230225,0.0008841454982757568,0.11328479051589957,0.37130429744720495,0.44390976428985596,0.1665776729583741
1789687200.539251,traffic cone,0.8421,97,73,44,43,3.1334,3.1347,-1.934919,0.060684234,2.4638586,-1.9304854,0.120002955,2.4668503,0.11490306854248056,0.23895741999149323,0.09770698547363255,0.08012415170669551,0.23903538212180137,0.06906385421752947
1789687200.564568,traffic cone,0.7917,203,60,106,60,3.8447,3.8447,-0.822665,0.11340962,3.7539387,-0.822665,0.11340962,3.7539387,0.13463855385780332,0.36496842131018636,0.08141415119171169,0.13463855385780332,0.36496842131018636,0.08141415119171169
1789687200.596033,traffic cone,0.6132,180,35,78,16,3.3203,3.3220,-1.5623478,0.14106447,2.926329,-1.5438554,0.23535247,2.932011,0.06599271297454834,0.3193589270114899,0.08371741771698016,0.0335160493850708,0.12984830886125565,0.10126709938049316
1789687200.630047,traffic cone,0.5187,304,176,237,172,3.3396,3.3405,-0.32630503,0.044643335,3.32337,-0.32630503,0.013247207,3.3245285,0.2161913439631462,0.4466916024684906,0.09371757507324219,0.21662893146276474,0.4466917335987091,0.09417057037353516
1789687200.668113,traffic cone,0.3154,253,18,191,103,4.0243,4.7910,-2.2262332,0.3513176,3.333962,-2.6613603,0.09814653,3.9826488,0.17604421377182033,0.001041245460510265,0.11073440313339233,0.371504545211792,0.4439903236925602,0.16657752990722674
1789687200.803504,traffic cone,0.8426,98,73,44,43,3.1335,3.1336,-1.9344252,0.060617685,2.4643655,-1.9312772,0.11991453,2.464822,0.11398482322692871,0.23917941451072694,0.09357500076293945,0.07949955463409442,0.23917215317487717,0.0728813648223876
1789687200.841615,traffic cone,0.7928,204,61,106,61,3.8452,3.8452,-0.82662416,0.113845706,3.7535787,-0.82662416,0.113845706,3.7535787,0.1426103711128235,0.3653489500284195,0.08365440368652344,0.1426103711128235,0.3653489500284195,0.08365440368652344
1789687200.882779,traffic cone,0.6131,180,35,85,16,3.3210,3.3208,-1.5625829,0.14098439,2.926973,-1.5443695,0.20662059,2.932608,0.06586936712265001,0.3180160284042358,0.08473360538482622,0.03617158532142639,0.12737902998924255,0.0989084243774414
1789687200.923561,traffic cone,0.5166,305,177,237,172,3.3384,3.3391,-0.3257889,0.07600573,3.3215625,-0.32665208,0.01317057,3.3230267,0.2173248052597046,0.4468637466430664,0.09717593193054208,0.21711048781871797,0.44680524468421934,0.09764871597290048
1789687200.962928,traffic cone,0.3184,255,18,194,104,4.0230,4.7914,-2.2233396,0.3513268,3.3343334,-2.661959,0.09850055,3.9826999,0.17217459678649893,0.0009876132011413241,0.11706484556198093,0.3758013367652895,0.4441425032913685,0.16670789718627965
1789687201.046577,traffic cone,0.8418,102,74,45,43,3.1325,3.1359,-1.9355892,0.060651593,2.462157,-1.9326526,0.1200442,2.4665997,0.11689124703407283,0.239019788056612,0.09514675140380868,0.08013155460357657,0.23899296373128892,0.07204055786132812
1789687201.080108,traffic cone,0.7912,204,61,105,61,3.8437,3.8437,-0.82655454,0.114311844,3.751993,-0.82655454,0.114311844,3.751993,0.14205396175384521,0.36587145179510117,0.0834040641784668,0.14205396175384521,0.36587145179510117,0.0834040641784668
1789687201.118283,traffic cone,0.6143,180,36,77,17,3.3216,3.3270,-1.5631826,0.14256771,2.9273,-1.5457993,0.2081613,2.9387245,0.06624788045883179,0.3190765157341957,0.10258668661117554,0.036085057258606,0.12901811599731444,0.1032744407653805
1789687201.154065,traffic cone,0.5159,303,177,231,171,3.3391,3.3396,-0.3270114,0.018373638,3.3230293,-0.3262054,0.013275623,3.3236382,0.21660602688789365,0.4468288242816925,0.100549268722534,0.21380776166915894,0.44643644988536835,0.09933280944824219
1789687201.182558,traffic cone,0.3151,253,18,189,102,4.0275,4.7923,-2.2289495,0.35122246,3.3359919,-2.6621604,0.09882328,3.9836545,0.17462388277053842,0.0009698629379272794,0.11304954290390024,0.37810066938400233,0.44401124455034735,0.17449054718017543
1789687201.295822,traffic cone,0.8428,97,73,45,44,3.1334,3.1354,-1.9344938,0.060645655,2.4642177,-1.9329745,0.11995165,2.4657059,0.11411728858947767,0.23923290520906448,0.09894800186157227,0.08125326633453378,0.23917993083596228,0.07763520479202235
1789687201.329787,traffic cone,0.7930,204,61,106,61,3.8427,3.8427,-0.8249854,0.11429578,3.7514071,-0.8249854,0.11429578,3.7514071,0.1414889097213745,0.365827277302742,0.08614349365234375,0.1414889097213745,0.365827277302742,0.08614349365234375
1789687201.370774,traffic cone,0.6151,181,35,78,16,3.3212,3.3231,-1.5634495,0.14076406,2.9268215,-1.5459352,0.2364436,2.9320655,0.06685398817062382,0.3191638097167015,0.08395843505859357,0.03395271301269531,0.12932246178388596,0.105815589427948
1789687201.412348,traffic cone,0.5174,298,178,228,172,3.3393,3.3390,-0.3253672,0.076098725,3.3224955,-0.3253672,0.013352677,3.3230758,0.21847746074199675,0.4471233248710632,0.09512920379638645,0.21747780144214632,0.446830578148365,0.09341585636138916
1789687201.453114,traffic cone,0.3163,256,18,190,103,4.0256,4.7914,-2.2282872,0.35143414,3.334145,-2.662177,0.09936789,3.9824867,0.17666105031967128,0.0008775532245636208,0.10990632772445652,0.3732044458389283,0.4441084355115891,0.16954383850097665
1789687201.557002,traffic cone,0.8388,99,75,46,44,3.1322,3.1347,-1.9350606,0.060649768,2.4621735,-1.9316739,0.12011452,2.4658918,0.11980416774749747,0.239000478386879,0.09714612960815439,0.08380669355392456,0.2389977067708969,0.07753875255584708
1789687201.595035,traffic cone,0.7945,204,61,107,61,3.8439,3.8439,-0.8233681,0.11419383,3.7529955,-0.8233681,0.11419383,3.7529955,0.1427704095840454,0.3649703413248062,0.08870315551757812,0.1427704095840454,0.3649703413248062,0.08870315551757812
1789687201.632649,traffic cone,0.6144,179,35,83,16,3.3194,3.3213,-1.5634227,0.14070234,2.9247594,-1.5432634,0.2355416,2.9315045,0.06636334657669085,0.3191096618771553,0.0919969558715823,0.03444066643714905,0.1298905909061432,0.10476458072662354
1789687201.671516,traffic cone,0.5206,304,176,231,171,3.3401,3.3403,-0.32612485,0.044669427,3.3238258,-0.3255008,0.013308063,3.3243585,0.2154085412621498,0.4468643516302109,0.09507358074188232,0.2148856371641159,0.44670209288597107,0.0946950912475586
1789687201.710410,traffic cone,0.3149,253,18,191,102,4.0281,4.7909,-2.228509,0.35119116,3.3370996,-2.6603856,0.098518014,3.9831715,0.1699817419052123,0.0011818945407867654,0.12053995132446271,0.37174009084701565,0.4441680230200291,0.16584320068359393
1789687201.781134,traffic cone,0.8377,99,73,46,44,3.1352,3.1359,-1.936359,0.060855716,2.4650302,-1.9334396,0.120014995,2.4660406,0.114437747001648,0.23906209617853164,0.09817919731140146,0.08356599807739262,0.23904608450829984,0.07751306295394889
1789687201.806995,traffic cone,0.7951,203,61,105,61,3.8445,3.8445,-0.8262278,0.11402498,3.752971,-0.8262278,0.11402498,3.752971,0.14381837844848633,0.3651420995593071,0.08071422576904297,0.14381837844848633,0.3651420995593071,0.08071422576904297
1789687201.832224,traffic cone,0.6188,178,35,76,16,3.3203,3.3215,-1.5633078,0.14111201,2.9257865,-1.5432878,0.23565632,2.9317389,0.06755561828613277,0.31916087567806245,0.08520393371582013,0.03573456406593323,0.12955593317747116,0.1037260890007019
1789687201.873897,traffic cone,0.5147,303,176,235,172,3.3411,3.3413,-0.32578197,0.047024973,3.3248587,-0.32578197,0.013331205,3.3253288,0.21612584590911865,0.44675758481025696,0.10152387619018555,0.2164834499359131,0.4467100203037262,0.10174436569213885
1789687201.916380,traffic cone,0.3205,254,18,192,103,4.0275,4.7932,-2.2279048,0.3513068,3.3367376,-2.6622958,0.09789236,3.9846013,0.173042702674866,0.000988200306892395,0.11541259288787842,0.3759935617446901,0.4442295238375664,0.16816921234130833
1789687202.051840,traffic cone,0.8381,102,74,46,45,3.1326,3.1336,-1.9351113,0.0606786,2.4627452,-1.9329901,0.12009749,2.463391,0.11607431173324567,0.23930769935250282,0.09337944984436053,0.0860658168792725,0.2391820251941681,0.07372827529907244
1789687202.086391,traffic cone,0.7962,204,61,107,61,3.8411,3.8411,-0.8226504,0.11434135,3.7502382,-0.8226504,0.11434135,3.7502382,0.14219218492507935,0.36526017636060715,0.08245658874511719,0.14219218492507935,0.36526017636060715,0.08245658874511719
1789687202.121940,traffic cone,0.6199,181,35,84,16,3.3203,3.3186,-1.5629307,0.14105079,2.9260788,-1.5428959,0.23557414,2.9286094,0.06830278635025033,0.3192270204424858,0.08695793151855469,0.036267995834350586,0.12948757410049438,0.09867662191390991
1789687202.157294,traffic cone,0.5043,305,177,236,172,3.3399,3.3395,-0.32531124,0.07598117,3.323139,-0.32575983,0.013295829,3.323501,0.21630969643592834,0.4467532455921173,0.09651699066162145,0.21661600023508074,0.4467591091990471,0.09744938611984288
1789687202.192616,traffic cone,0.3168,256,18,193,102,4.0262,4.7916,-2.226911,0.35126773,3.335826,-2.6602323,0.0983569,3.9841383,0.1763569593429568,0.0007354974746704435,0.1104245424270629,0.37282334566116315,0.4443060521036386,0.1693548679351804
1789687202.321542,traffic cone,0.8377,98,74,46,45,3.1328,3.1336,-1.934955,0.06081271,2.463033,-1.9327704,0.12003973,2.4636753,0.11468268632888812,0.23930083848536016,0.09767525196075422,0.08394291400909437,0.23925403207540513,0.0793907642364502
1789687202.368087,traffic cone,0.7960,203,62,106,62,3.8427,3.8427,-0.82555896,0.114464045,3.7512598,-0.82555896,0.114464045,3.7512598,0.14746238589286798,0.36521867848932743,0.08339633941650382,0.14746238589286798,0.36521867848932743,0.08339633941650382
1789687202.406107,traffic cone,0.6243,180,35,86,16,3.3214,3.3228,-1.5646015,0.14102685,2.926434,-1.5447869,0.23606786,2.9323666,0.06670479774475102,0.319389995932579,0.08690447807311985,0.0331321656703949,0.12956934422254562,0.10361480712890625
1789687202.431391,traffic cone,0.5071,307,177,237,171,3.3397,3.3395,-0.32482708,0.07588279,3.3229873,-0.32482708,0.013266504,3.3236802,0.21597320735454556,0.4468640089035034,0.09455289840698233,0.2145165205001831,0.44662924110889435,0.09289276599884033
1789687202.454909,traffic cone,0.3194,254,18,191,103,4.0240,4.7901,-2.2270017,0.35137475,3.333126,-2.6598203,0.09760496,3.9826307,0.17549839019775382,0.0011165797710419034,0.11162132024765015,0.3712261915206909,0.4439673408865929,0.16596350669860804
1789687202.577853,traffic cone,0.8352,101,73,46,44,3.1327,3.1364,-1.9341211,0.06072402,2.4635713,-1.9335749,0.12009384,2.4666038,0.1135978937149047,0.23911941796541214,0.09307255744934073,0.08432943224906908,0.23916558213531972,0.07421687841415414
1789687202.603464,traffic cone,0.7943,204,61,106,61,3.8456,3.8456,-0.8257985,0.11453155,3.754107,-0.8257985,0.11453155,3.754107,0.14264249801635742,0.36559392511844635,0.08364343643188477,0.14264249801635742,0.36559392511844635,0.08364343643188477
1789687202.642272,traffic cone,0.6229,178,36,79,17,3.3212,3.3258,-1.5644859,0.14283322,2.9261997,-1.5472387,0.20841762,2.936576,0.06689885258674622,0.3187815621495247,0.10033053159713745,0.0346704244613647,0.12899553775787354,0.10509228706359863
1789687202.684761,traffic cone,0.5126,303,178,231,172,3.3399,3.3395,-0.325291,0.07610756,3.3231351,-0.32394442,0.013284832,3.3237267,0.21682983934879302,0.4468043237924576,0.09931069612503052,0.21618934571743012,0.4467425674200058,0.09883015155792263
1789687202.724512,traffic cone,0.3181,254,18,191,103,4.0246,4.7934,-2.2280428,0.35148507,3.3331487,-2.663134,0.09803414,3.9843369,0.17533891201019314,0.0009747564792633168,0.11202231645584115,0.37541344165801993,0.44432197213172914,0.16452445983886754
1789687202.818686,traffic cone,0.8384,100,72,46,43,3.1326,3.1378,-1.9340993,0.06093824,2.4634933,-1.9333032,0.11977047,2.4685676,0.1123287200927734,0.23899259231984615,0.0954645752906802,0.08071478605270377,0.2390482172369957,0.06947803497314453
1789687202.843270,traffic cone,0.7951,205,60,108,60,3.8436,3.8436,-0.82399964,0.11353825,3.7525406,-0.82399964,0.11353825,3.7525406,0.13688178956508634,0.3649986609816551,0.0896319627761839,0.13688178956508634,0.3649986609816551,0.0896319627761839
1789687202.882758,traffic cone,0.6231,178,35,78,16,3.3230,3.3190,-1.5653411,0.14108431,2.9278188,-1.5426159,0.2356222,2.9292264,0.06557236909866315,0.31942062526941295,0.08823893070220912,0.034975409507751465,0.13006331026554108,0.10433757305145264
1789687202.923130,traffic cone,0.5133,305,177,237,172,3.3404,3.3403,-0.3262952,0.07614547,3.3235133,-0.3263113,0.013215184,3.324281,0.2158431082963943,0.4469874143600464,0.09679765701293963,0.2153553247451782,0.4469883754849434,0.09808773994445819
1789687202.963106,traffic cone,0.3225,252,18,190,103,4.0255,4.7915,-2.2264738,0.35109535,3.335328,-2.6603954,0.09790015,3.9838405,0.1749452471733095,0.0011502116918564176,0.1123690366744996,0.37186994552612296,0.4442923821508884,0.1640176773071289
1789687203.034143,traffic cone,0.8372,99,74,46,44,3.1334,3.1363,-1.9360144,0.06067174,2.4629831,-1.9338815,0.12016255,2.4661567,0.11833982467651372,0.23898672126233578,0.09764230251312256,0.08344097733497624,0.2389551091939211,0.07886451482772827
1789687203.059434,traffic cone,0.7957,203,61,106,61,3.8434,3.8434,-0.82336503,0.11408043,3.752405,-0.82336503,0.11408043,3.752405,0.1428092122077942,0.36551861464977264,0.08445930480957031,0.1428092122077942,0.36551861464977264,0.08445930480957031
1789687203.085492,traffic cone,0.6166,179,35,77,16,3.3216,3.3197,-1.5642881,0.14122969,2.9267335,-1.5430881,0.23530439,2.92979,0.06726610660552979,0.31880037486553187,0.08221685886383057,0.03581860661506653,0.12885592132806778,0.09859901666641235
1789687203.123156,traffic cone,0.5103,300,178,231,172,3.3405,3.3401,-0.3254541,0.07616334,3.3237534,-0.32392174,0.013357349,3.3243032,0.21708096116781234,0.4469769403338432,0.09730974435806283,0.21591656655073163,0.4468726247549057,0.09561758041381818
1789687203.162835,traffic cone,0.3265,256,18,193,102,4.0269,4.7935,-2.229473,0.3512328,3.3349607,-2.6610832,0.098553374,3.9858446,0.17697405815124512,0.0011473298072814941,0.10938260555267343,0.3779126882553099,0.4440167687833309,0.1703015089035036
1789687203.296075,traffic cone,0.8342,98,74,45,44,3.1335,3.1348,-1.9357655,0.060611963,2.4633522,-1.9326723,0.12005685,2.4651952,0.11621999144554129,0.238971883431077,0.09545565843582171,0.08244908452034005,0.23893124051392078,0.08238556385040274
1789687203.330606,traffic cone,0.7952,203,61,106,61,3.8414,3.8414,-0.82444876,0.11409053,3.7501493,-0.82444876,0.11409053,3.7501493,0.1417396068572998,0.36566324532032013,0.0819559097290039,0.1417396068572998,0.36566324532032013,0.0819559097290039
1789687203.369658,traffic cone,0.6252,180,35,77,16,3.3249,3.3199,-1.5658833,0.14110664,2.9297016,-1.5427544,0.23563007,2.9302468,0.06644455194473253,0.3186869159340858,0.08042721748352077,0.038482338190078735,0.12829893082380295,0.0937342643737793
1789687203.410365,traffic cone,0.5134,308,177,239,172,3.3415,3.3410,-0.3249193,0.07582611,3.3247845,-0.32290566,0.013344228,3.325333,0.21667720675468444,0.44683955907821654,0.09861726760864276,0.21635894775390624,0.44677239954471587,0.09724321365356436
1789687203.449709,traffic cone,0.3260,255,19,191,103,4.0234,4.7895,-2.2232368,0.35146213,3.334827,-2.6594212,0.09756383,3.9821634,0.18764276504516575,0.0009393692016601562,0.1154455661773679,0.3727812051773074,0.44419799372553825,0.16504411697387722
1789687203.524474,traffic cone,0.8334,98,74,45,44,3.1334,3.1352,-1.9342028,0.060607567,2.4643674,-1.9336795,0.120045364,2.4649696,0.11798394322395334,0.23899403847754,0.0974918842315673,0.08240619897842416,0.23897398486733434,0.07624430656433079
1789687203.560849,traffic cone,0.7959,204,61,106,61,3.8434,3.8434,-0.8256674,0.11417222,3.7518783,-0.8256674,0.11417222,3.7518783,0.14345204830169678,0.3654710501432419,0.07970666885375977,0.14345204830169678,0.3654710501432419,0.07970666885375977
1789687203.598806,traffic cone,0.6244,180,37,79,17,3.3208,3.3229,-1.5626342,0.14100805,2.9267473,-1.5454633,0.20875263,2.9342418,0.06795618534088121,0.31837808489799496,0.1039182662963869,0.033060407638549894,0.1288349151611328,0.10742721557617196
1789687203.635056,traffic cone,0.5152,307,179,238,173,3.3398,3.3400,-0.32545602,0.076026976,3.3230848,-0.32507294,0.013243794,3.3240871,0.2179149955511093,0.4469813972711563,0.09828929901123029,0.21741389930248262,0.44688498675823213,0.09675760269165057
1789687203.661916,traffic cone,0.3249,253,18,190,102,4.0254,4.7942,-2.2290983,0.35145018,3.3334272,-2.664328,0.09855063,3.9844253,0.17558804750442514,0.0006551414728164229,0.1117847681045534,0.3767299175262453,0.4439984571188688,0.16494390964508066
1789687203.771309,traffic cone,0.8325,101,75,46,44,3.1342,3.1363,-1.9351516,0.060762063,2.4646676,-1.9321223,0.11999053,2.4675536,0.11748687028884897,0.23913595154881478,0.09956271648406956,0.08415337800979628,0.23908260017633437,0.07527871131896946
1789687203.806175,traffic cone,0.7954,202,61,105,61,3.8445,3.8445,-0.82594806,0.11392172,3.752954,-0.82594806,0.11392172,3.752954,0.1425633430480957,0.36563506722450256,0.08849430084228516,0.1425633430480957,0.36563506722450256,0.08849430084228516
1789687203.831094,traffic cone,0.6282,180,34,77,15,3.3211,3.3187,-1.5648737,0.1403039,2.926,-1.5443983,0.2629069,2.9256036,0.06919335126876835,0.31900464147329327,0.07855550050735483,0.03345845937728886,0.12955166399478912,0.07943842411041269
1789687203.873799,traffic cone,0.5098,305,177,238,173,3.3400,3.3412,-0.3264983,0.07603605,3.3230965,-0.3264983,0.01320681,3.3251507,0.21715407371520995,0.4466993123292923,0.09759440422058097,0.21761006712913514,0.4466517001390457,0.09718265533447257
1789687203.913942,traffic cone,0.3276,256,18,193,104,4.0234,4.7914,-2.226396,0.35142434,3.332838,-2.6614337,0.09840642,3.9829867,0.17291241884231567,0.0008065223693847212,0.11449708938598624,0.3717745304107667,0.4441704586148262,0.1653978347778322
1789687204.027865,traffic cone,0.8352,100,74,45,43,3.1340,3.1318,-1.9372746,0.060572833,2.4627533,-1.9290103,0.119968385,2.4643123,0.11873140931129456,0.23913637325167655,0.09802044630050677,0.07974953651428218,0.2390931189060211,0.07282564640045175
1789687204.064166,traffic cone,0.7957,203,60,106,60,3.8436,3.8436,-0.8236888,0.113443494,3.7525537,-0.8236888,0.113443494,3.7525537,0.135149073600769,0.36478124223649505,0.08316032886505109,0.135149073600769,0.36478124223649505,0.08316032886505109
1789687204.090928,traffic cone,0.6282,179,35,83,16,3.3222,3.3196,-1.5631534,0.1407955,2.9280481,-1.5430555,0.2354228,2.929737,0.0671536922454834,0.31903624534606934,0.08559620380401567,0.035422563552856445,0.12955687940120697,0.09854024648666382
1789687204.130038,traffic cone,0.5058,301,176,234,172,3.3400,3.3411,-0.32655278,0.0447566,3.3237128,-0.32655278,0.013337821,3.3251033,0.2169162854552269,0.446638859808445,0.09603333473205566,0.21724434345960617,0.44662672132253645,0.09700398445129421
1789687204.169425,traffic cone,0.3238,255,18,192,103,4.0203,4.7909,-2.2238717,0.35130644,3.3307776,-2.6579354,0.09782016,3.984738,0.1765228986740115,0.0012617647647857888,0.11005758047103908,0.3749316930770874,0.4443348228931427,0.16571302413940403
1789687204.268695,traffic cone,0.8359,103,74,46,44,3.1342,3.1368,-1.935401,0.06077703,2.4644709,-1.9344085,0.12013541,2.4663548,0.11790571808814998,0.23921714946627615,0.0985859155654909,0.08171112537384029,0.23918326981365678,0.07778944969177237
1789687204.294287,traffic cone,0.7937,203,61,106,61,3.8458,3.8458,-0.82687616,0.11402923,3.7541203,-0.82687616,0.11402923,3.7541203,0.14271098375320435,0.36577078700065613,0.08008050918579102,0.14271098375320435,0.36577078700065613,0.08008050918579102
1789687204.321418,traffic cone,0.6229,180,35,78,16,3.3215,3.3193,-1.5648121,0.1411263,2.9264493,-1.5434858,0.23600613,2.929165,0.06689525842666622,0.3192570447921753,0.08382792472839373,0.0333561897277832,0.1296784207224846,0.09893923997879028
1789687204.358642,traffic cone,0.5142,301,178,234,172,3.3411,3.3411,-0.32494333,0.07606724,3.3244357,-0.323164,0.01342307,3.325422,0.21705195307731626,0.447139635682106,0.09558022022247314,0.21627509891986846,0.446827495098114,0.09420032501220676
1789687204.397662,traffic cone,0.3272,253,18,191,103,4.0225,4.7926,-2.2273505,0.35107538,3.3310857,-2.6626253,0.09803456,3.9837189,0.17743768692016637,0.0007040590047836526,0.10825397968292227,0.3791832208633421,0.4443693608045578,0.16165862083435023
1789687204.530234,traffic cone,0.8370,101,73,46,44,3.1340,3.1364,-1.9354622,0.060736552,2.4641573,-1.933386,0.12003875,2.466764,0.11810970306396484,0.2391481727361679,0.09801402091979972,0.08208875656127934,0.23909839950501918,0.07911291122436515
1789687204.553223,traffic cone,0.7925,204,60,104,60,3.8449,3.8449,-0.82541776,0.11419459,3.7535584,-0.82541776,0.11419459,3.7535584,0.14157677888870235,0.36556622236967085,0.07834300994873056,0.14157677888870235,0.36556622236967085,0.07834300994873056
1789687204.577330,traffic cone,0.6293,180,36,78,17,3.3212,3.3282,-1.5632213,0.1423362,2.9268973,-1.54564,0.20882942,2.9401267,0.06671637296676636,0.3192664049565792,0.10190308094024658,0.03596224784851065,0.12897541821002959,0.0999116420745847
1789687204.620150,traffic cone,0.5107,306,178,234,172,3.3425,3.3426,-0.3265503,0.046956763,3.3262224,-0.3265503,0.01318115,3.3265514,0.2178087517619133,0.4467433035373688,0.0971859455108639,0.21397742629051206,0.44659433960914613,0.09664475917816162
1789687204.661543,traffic cone,0.3238,251,18,187,101,4.0239,4.7924,-2.226758,0.35135782,3.3331366,-2.6611955,0.09913476,3.9844363,0.17486109733581578,0.0009380757808685192,0.11278501749038661,0.3764994144439697,0.4440627321600914,0.1736462116241455
1789687204.792456,traffic cone,0.8370,101,73,46,44,3.1332,3.1357,-1.9350624,0.060721844,2.4634714,-1.9335595,0.11995898,2.4656408,0.1151731014251709,0.23908338695764542,0.0926826000213623,0.08671319484710693,0.2389899414032698,0.0728794455528261
1789687204.829525,traffic cone,0.7924,203,61,104,61,3.8435,3.8435,-0.82562774,0.11384216,3.7520878,-0.82562774,0.11384216,3.7520878,0.14240384101867676,0.3654016926884651,0.08600997924804688,0.14240384101867676,0.3654016926884651,0.08600997924804688
1789687204.855651,traffic cone,0.6299,180,36,79,17,3.3219,3.3241,-1.5643162,0.14252609,2.9270816,-1.5471883,0.20816475,2.9347012,0.06777381896972656,0.3190484084188938,0.10124564170837402,0.03578310012817387,0.12906669378280639,0.09929857254028329
1789687204.901618,traffic cone,0.5114,301,178,233,172,3.3408,3.3398,-0.3252322,0.07611665,3.3240113,-0.32320577,0.01347024,3.3240976,0.21761444509029387,0.44685859978199005,0.09869577884674063,0.21580731719732285,0.4467060923576355,0.09660223722457895
1789687204.935754,traffic cone,0.3283,254,18,190,103,4.0258,4.7932,-2.228446,0.35137674,3.3342724,-2.661978,0.09773481,3.9848258,0.17593177556991568,0.0011894255876541138,0.11074048280715942,0.3742576122283934,0.4441771522164345,0.16827983856201145
1789687205.065876,traffic cone,0.8384,103,74,47,44,3.1338,3.1362,-1.9364265,0.060740754,2.4632077,-1.9336307,0.120095655,2.4661899,0.1179674923419951,0.23915939666330813,0.09750775098800668,0.08306144475936894,0.2391067039221525,0.07610234022140494
1789687205.102092,traffic cone,0.7942,205,61,108,61,3.8443,3.8443,-0.8238433,0.11415321,3.753252,-0.8238433,0.11415321,3.753252,0.1424388885498047,0.3651850074529648,0.08344364166259766,0.1424388885498047,0.3651850074529648,0.08344364166259766
1789687205.141917,traffic cone,0.6291,180,36,77,17,3.3217,3.3248,-1.5631638,0.14242138,2.9274123,-1.5437851,0.20834109,2.937297,0.06810536980628967,0.3191850408911705,0.10458177328109741,0.03634507656097408,0.1297363817691803,0.10339093208312988
1789687205.181796,traffic cone,0.5082,304,177,232,171,3.3422,3.3418,-0.3252677,0.07614538,3.3254488,-0.3252677,0.013257623,3.3259177,0.21663473844528197,0.4467654138803482,0.09848041534423846,0.21399103105068207,0.44670410454273224,0.0975426435470581
1789687205.221967,traffic cone,0.3337,255,18,193,103,4.0223,4.7928,-2.2247157,0.35135236,3.3325434,-2.6624253,0.09767419,3.9840384,0.17432481050491333,0.0008987963199615367,0.11341180801391593,0.3716050386428833,0.44406468644738195,0.16381402015686053
1789687205.312812,traffic cone,0.8370,98,74,45,44,3.1337,3.1370,-1.9349515,0.06082741,2.4642496,-1.932785,0.12013525,2.4679415,0.116000485420227,0.2392248332500458,0.09657058715820321,0.08336263298988356,0.2391365084797144,0.07892166376113874
1789687205.339546,traffic cone,0.7933,204,61,105,61,3.8438,3.8438,-0.82251,0.11425769,3.7529867,-0.82251,0.11425769,3.7529867,0.14164364337921143,0.36522964388132095,0.08538961410522461,0.14164364337921143,0.36522964388132095,0.08538961410522461
1789687205.377326,traffic cone,0.6248,180,35,79,16,3.3195,3.3205,-1.5621171,0.14131987,2.9255407,-1.5436571,0.23575407,2.9303496,0.06655699014663696,0.31874437779188153,0.08433175086975098,0.03536170721054077,0.12896981835365295,0.10267937183380127
1789687205.418253,traffic cone,0.5077,300,178,230,172,3.3409,3.3407,-0.32545787,0.04483085,3.3247252,-0.32545787,0.013172172,3.3248286,0.21765153408050536,0.4467216745018959,0.09793039560317984,0.21614320427179334,0.44666782170534136,0.09724627733230617
1789687205.457609,traffic cone,0.3345,257,18,191,101,4.0225,4.7906,-2.2262542,0.3512402,3.3318653,-2.6612074,0.09921473,3.9821837,0.17739886045455933,0.001170301437377952,0.10864543914794922,0.3729884624481201,0.4441644921898842,0.16853737831115723
1789687205.529642,traffic cone,0.8371,99,74,45,43,3.1350,3.1350,-1.9364657,0.06072346,2.4646525,-1.9308642,0.12014365,2.4668493,0.11495409011840807,0.23931001834571364,0.09959348440170279,0.07903074026107793,0.23922651037573814,0.07211155891418475
1789687205.554634,traffic cone,0.7922,203,60,105,60,3.8435,3.8435,-0.8236736,0.11355221,3.7524798,-0.8236736,0.11355221,3.7524798,0.13567260205745701,0.3649861890822649,0.08481459617614728,0.13567260205745701,0.3649861890822649,0.08481459617614728
1789687205.581189,traffic cone,0.6296,180,35,84,16,3.3236,3.3198,-1.5643939,0.14090186,2.9290154,-1.5433149,0.23528185,2.9298315,0.06939513683319087,0.31841817051172255,0.08672938346862802,0.03847843408584595,0.12882385402917862,0.09629333019256592
1789687205.619653,traffic cone,0.5110,308,178,239,173,3.3416,3.3413,-0.326734,0.047040828,3.325248,-0.3265434,0.013405308,3.3253016,0.21783847212791443,0.44697418361902236,0.09890515804290745,0.21733561158180234,0.4469314247369766,0.09846811294555646
1789687205.659242,traffic cone,0.3316,255,18,191,102,4.0256,4.7922,-2.2291493,0.3512734,3.3336577,-2.6613657,0.098640814,3.9839869,0.17241598367691058,0.0010139018297195546,0.11662644147872925,0.37251745462417585,0.44438923709094524,0.16464140415191597
1789687205.800270,traffic cone,0.8364,102,75,47,45,3.1350,3.1368,-1.9371303,0.060757473,2.4641957,-1.9350468,0.12015396,2.46591,0.11839946508407584,0.23919606655836106,0.09673712253570566,0.08545820713043217,0.23918691128492353,0.0770997524261472
1789687205.835284,traffic cone,0.7923,204,62,106,62,3.8477,3.8477,-0.826646,0.11417121,3.756085,-0.826646,0.11417121,3.756085,0.14587706625461583,0.3653513971716166,0.08166627883911115,0.14587706625461583,0.3653513971716166,0.08166627883911115
1789687205.877423,traffic cone,0.6274,179,35,78,17,3.3243,3.3183,-1.564477,0.14135,2.9296956,-1.5442468,0.2086811,2.9296956,0.06539638042449947,0.3188963025808334,0.08710019588470441,0.03631877899169922,0.1306048810482025,0.10681562423706037
1789687205.916006,traffic cone,0.5124,305,178,239,173,3.3419,3.3422,-0.32445663,0.044621482,3.3257923,-0.3246839,0.013249546,3.326344,0.21678156554698944,0.44690706878900527,0.09835011959075945,0.21677989363670347,0.44692017436027526,0.0983941078186037
1789687205.955431,traffic cone,0.3322,254,18,192,103,4.0241,4.7932,-2.2258666,0.35133603,3.3339572,-2.661293,0.097745866,3.98532,0.17157914638519323,0.0008550405502319447,0.11806629896163967,0.3741970539093016,0.4442218355834484,0.16635556221008319
1789687206.048774,traffic cone,0.8360,100,75,46,44,3.1330,3.1364,-1.9368753,0.060755417,2.4618444,-1.9336174,0.11989097,2.4664984,0.11752690076827998,0.23914624974131585,0.09657559394836435,0.08270863890647906,0.2390951704233885,0.07827372550964329
1789687206.083931,traffic cone,0.7915,205,61,107,61,3.8436,3.8436,-0.82557267,0.11396922,3.7521312,-0.82557267,0.11396922,3.7521312,0.14459431171417236,0.3655545637011528,0.08373022079467773,0.14459431171417236,0.3655545637011528,0.08373022079467773
1789687206.120035,traffic cone,0.6290,179,34,76,17,3.3229,3.3231,-1.5616372,0.14194871,2.9295907,-1.5453926,0.20871897,2.9344351,0.06696179509162903,0.3194708310067654,0.0972483038902281,0.03472681045532244,0.12988336980342863,0.10042443275451651
1789687206.150351,traffic cone,0.5131,303,177,237,173,3.3404,3.3409,-0.32732102,0.013481423,3.3243077,-0.32732102,0.013291523,3.3247852,0.2169731557369232,0.4470385521650314,0.09665060043334961,0.21732383966445923,0.447052475810051,0.0957592487335206
1789687206.184344,traffic cone,0.3280,253,18,189,101,4.0216,4.7951,-2.2254224,0.35116854,3.3313348,-2.6629934,0.09821381,3.9864767,0.17697333097457868,0.0012285053730010653,0.10927929878234854,0.3773918151855469,0.44423509389162064,0.17329668998718262
1789687206.348040,traffic cone,0.8340,103,74,45,43,3.1336,3.1376,-1.9346503,0.060700282,2.4643621,-1.932135,0.12020424,2.469153,0.11988237500190735,0.23919439800083636,0.09391911029815647,0.07687262296676622,0.23912734389305115,0.06969585418701207
1789687206.389835,traffic cone,0.7926,203,60,106,60,3.8438,3.8438,-0.8265195,0.11440368,3.7521288,-0.8265195,0.11440368,3.7521288,0.1434551745653153,0.3652510873973369,0.07967498302459708,0.1434551745653153,0.3652510873973369,0.07967498302459708
1789687206.431857,traffic cone,0.6307,179,36,76,17,3.3230,3.3231,-1.5641505,0.14283657,2.9283636,-1.5454735,0.20974854,2.934344,0.06886711716651917,0.31837255135178566,0.1028868556022644,0.03765592575073251,0.12838634848594666,0.10960454940795916
1789687206.471362,traffic cone,0.5169,304,180,235,173,3.3408,3.3400,-0.3259209,0.07610704,3.324026,-0.3241326,0.013282239,3.3241816,0.21957990378141404,0.44706524461507796,0.10012758970260638,0.21730595231056213,0.447053587436676,0.0983625888824462
1789687206.510090,traffic cone,0.3274,253,18,190,102,4.0232,4.7920,-2.22725,0.35125527,3.3319876,-2.661419,0.098616526,3.9837353,0.17468498945236188,0.0009565711021423118,0.11301684379577637,0.37600790262222317,0.444298954680562,0.1731247901916504
1789687206.559705,traffic cone,0.8327,102,74,44,43,3.1326,3.1342,-1.9359026,0.06073706,2.4620452,-1.9295083,0.12022872,2.4668698,0.11784031987190224,0.2389776147902012,0.09562937021255502,0.07913770675659171,0.2389416053891182,0.06890757083892796
1789687206.596883,traffic cone,0.7929,204,61,107,61,3.8460,3.8460,-0.82551306,0.11422254,3.7546716,-0.82551306,0.11422254,3.7546716,0.14114445447921753,0.3655042350292206,0.07917165756225586,0.14114445447921753,0.3655042350292206,0.07917165756225586
1789687206.637279,traffic cone,0.6311,179,34,78,16,3.3231,3.3218,-1.5624769,0.14023677,2.9295018,-1.5420628,0.2352758,2.9327793,0.06630855202674857,0.3192498289048672,0.0849806308746337,0.03440716862678528,0.1292891725897789,0.10634464025497437
1789687206.678502,traffic cone,0.5167,307,177,240,172,3.3411,3.3409,-0.32512024,0.07616161,3.3243961,-0.325934,0.013291821,3.3249254,0.2156790435314178,0.4468657553195953,0.09404549598693857,0.215809229016304,0.44690001308918,0.09495210647583008
1789687206.718252,traffic cone,0.3260,253,18,192,103,4.0241,4.7922,-2.2261024,0.35138783,3.3337722,-2.6626925,0.097830996,3.9832282,0.1757308363914487,0.0009901553392410722,0.11121522188186628,0.3747448682785035,0.44435074403882024,0.16382360458374023
1789687206.792651,traffic cone,0.8306,103,74,45,43,3.1345,3.1376,-1.9356046,0.06081167,2.4646807,-1.9330515,0.120045364,2.4685516,0.11765167713165292,0.2392317861318588,0.09562101364135733,0.07951751947402963,0.23917941078543664,0.0684391498565673
1789687206.818621,traffic cone,0.7933,204,61,106,61,3.8439,3.8439,-0.82607794,0.11411002,3.7523932,-0.82607794,0.11411002,3.7523932,0.14297455549240112,0.3650969862937927,0.08314180374145508,0.14297455549240112,0.3650969862937927,0.08314180374145508
1789687206.845412,traffic cone,0.6273,179,35,77,16,3.3210,3.3206,-1.5642881,0.14070609,2.9261734,-1.5432019,0.2356229,2.9307647,0.06588129997253422,0.3188877612352371,0.08797872066497758,0.034765779972076416,0.12957928329706192,0.105998694896698
1789687206.884253,traffic cone,0.5184,309,177,236,171,3.3421,3.3415,-0.32572737,0.076085955,3.3253133,-0.32572737,0.013378888,3.3256056,0.2170157551765442,0.4470588147640228,0.09968643188476545,0.21502527594566345,0.4467219412326813,0.09896719455718994
1789687206.924472,traffic cone,0.3245,254,18,192,103,4.0218,4.7916,-2.2252438,0.351411,3.3316524,-2.6603124,0.09816897,3.9840593,0.1729783535003664,0.0009268552064896074,0.11551542282104466,0.37320764064788836,0.4442292094230652,0.1701618194580079
1789687207.056580,traffic cone,0.8304,102,74,45,43,3.1352,3.1363,-1.936423,0.060774148,2.4649072,-1.9304177,0.12007752,2.468954,0.11885088086128226,0.23916910998523236,0.09351735115051296,0.07814497947692867,0.2391934186220169,0.07185003757476816
1789687207.091768,traffic cone,0.7938,204,61,106,61,3.8430,3.8430,-0.8256037,0.11436963,3.7515478,-0.8256037,0.11436963,3.7515478,0.1430535912513733,0.3653593808412552,0.0835723876953125,0.1430535912513733,0.3653593808412552,0.0835723876953125
1789687207.118078,traffic cone,0.6312,180,35,76,16,3.3191,3.3204,-1.5643709,0.14107314,2.9238935,-1.5431924,0.23558709,2.9305542,0.06682393550872812,0.31901467442512516,0.08679931163787824,0.034305036067962646,0.1291222795844078,0.10569101572036743
1789687207.157465,traffic cone,0.5108,301,179,229,173,3.3423,3.3421,-0.32505938,0.076026976,3.3255804,-0.32505938,0.013267562,3.3262274,0.2192418664693832,0.4470868527889252,0.09449584484100315,0.21781244277954104,0.447035139799118,0.09129228591918936
1789687207.197838,traffic cone,0.3261,254,18,191,102,4.0247,4.7928,-2.2275107,0.35129598,3.3336754,-2.6620777,0.09879045,3.9842587,0.17620576620101902,0.0007681697607040405,0.11045453548431361,0.376254987716675,0.4441115688532591,0.16715457439422643
1789687207.300666,traffic cone,0.8305,102,73,45,43,3.1347,3.1351,-1.9366401,0.060729638,2.4641275,-1.9316136,0.12016773,2.4664695,0.1163032054901123,0.2390200227499008,0.09688844680786124,0.08095437288284302,0.23898551389575007,0.07102949619293186
1789687207.336601,traffic cone,0.7932,203,60,106,60,3.8427,3.8427,-0.8237775,0.113666,3.7516818,-0.8237775,0.113666,3.7516818,0.13604672551155095,0.36506865806877614,0.07809290885925302,0.13604672551155095,0.36506865806877614,0.07809290885925302
1789687207.363283,traffic cone,0.6251,179,35,76,16,3.3210,3.3212,-1.5630752,0.1414397,2.9267578,-1.5428791,0.23565677,2.9316652,0.06448906660079956,0.31979226469993594,0.08730220794677734,0.03308269381523132,0.12923317402601242,0.09712344408035278
1789687207.400793,traffic cone,0.5145,302,177,235,172,3.3397,3.3406,-0.32611728,0.07618028,3.322879,-0.32649988,0.01314377,3.3245835,0.2161042809486389,0.44701117277145386,0.0934600830078125,0.2162388026714325,0.4470234662294388,0.09383618831634521
1789687207.434725,traffic cone,0.3239,252,18,191,103,4.0267,4.7944,-2.2274551,0.35132694,3.3360765,-2.6608467,0.09794381,3.9870374,0.17703816890716562,0.0010871022939681896,0.10923908948898298,0.3717533349990845,0.444157151132822,0.1668664932250974
1789687207.569410,traffic cone,0.8275,99,72,45,43,3.1333,3.1341,-1.935306,0.060813934,2.4633708,-1.9336945,0.12009913,2.4635088,0.10969830751419085,0.23911145851016044,0.0971821069717409,0.07733734846115103,0.2391715168952942,0.07020578384399423
1789687207.604637,traffic cone,0.7925,204,60,106,60,3.8436,3.8436,-0.82462597,0.11362709,3.7524245,-0.82462597,0.11362709,3.7524245,0.1383803576231003,0.36524922735989096,0.08308105468749982,0.1383803576231003,0.36524922735989096,0.08308105468749982
1789687207.642091,traffic cone,0.6308,180,36,76,17,3.3218,3.3277,-1.5632322,0.1422082,2.9275258,-1.5479895,0.20763063,2.9383707,0.0676635205745697,0.31901056319475174,0.10029000043869019,0.03686861991882329,0.1291384816169739,0.09948816299438468
1789687207.682106,traffic cone,0.5043,302,178,231,172,3.3399,3.3393,-0.32553566,0.076136604,3.323154,-0.32335487,0.013441987,3.3235507,0.21675100177526477,0.4469393014907837,0.09825379848480242,0.21553137451410292,0.44677201360464097,0.09684748649597186
1789687207.722241,traffic cone,0.3197,251,18,194,104,4.0240,4.7937,-2.2278194,0.35134363,3.3325906,-2.6631331,0.097346395,3.9846685,0.17576156854629543,0.0010528266429901123,0.11103869676589984,0.3756869435310364,0.44458374977111814,0.165626931190491
1789687207.799881,traffic cone,0.8274,98,74,45,43,3.1331,3.1344,-1.9340829,0.060742132,2.4641154,-1.9306285,0.11999619,2.4662676,0.11487220525741582,0.23918256387114525,0.0947877526283265,0.0752697825431825,0.23915976881980894,0.07191114425659206
1789687207.834388,traffic cone,0.7933,205,61,107,61,3.8458,3.8458,-0.82507694,0.11450413,3.7544854,-0.82507694,0.11450413,3.7544854,0.14335471391677856,0.366002582013607,0.08555841445922852,0.14335471391677856,0.366002582013607,0.08555841445922852
1789687207.876780,traffic cone,0.6305,180,36,86,17,3.3224,3.3237,-1.562268,0.14254326,2.92874,-1.5428853,0.20881954,2.9364347,0.06667736172676086,0.3189024515450001,0.10461694002151489,0.03321917057037349,0.12906881570816037,0.10649881362915048
1789687207.919908,traffic cone,0.5064,309,180,242,174,3.3392,3.3392,-0.32480347,0.04473149,3.323114,-0.32417777,0.013255246,3.323431,0.2179600968956947,0.4470236822962761,0.09665114879608128,0.21710571795701977,0.4469461128115654,0.09577473402023307
1789687207.958929,traffic cone,0.3185,254,18,190,102,4.0241,4.7937,-2.2277079,0.3513411,3.332806,-2.6624923,0.098630995,3.9850569,0.17534027099609384,0.0008813649415969627,0.11188558340072641,0.37485907077789316,0.4442029364407063,0.17055389881134042
1789687208.029950,traffic cone,0.8270,101,75,45,43,3.1343,3.1372,-1.9351326,0.0607612,2.4648056,-1.9313158,0.12003833,2.4693184,0.11842010021209703,0.23920388221740724,0.09642848968505868,0.07864456176757817,0.23912611827254296,0.07146978378295898
1789687208.055270,traffic cone,0.7909,204,61,106,61,3.8437,3.8437,-0.8253167,0.11467326,3.7523255,-0.8253167,0.11467326,3.7523255,0.14214950799942017,0.36532820761203766,0.08646535873413086,0.14214950799942017,0.36532820761203766,0.08646535873413086
1789687208.081898,traffic cone,0.6256,179,36,76,17,3.3203,3.3261,-1.562166,0.14218976,2.9263756,-1.5448232,0.20866397,2.9382303,0.06703060865402222,0.31919601187109947,0.10385054349899292,0.03298354148864746,0.12967590689659117,0.10846014022827122
1789687208.120068,traffic cone,0.5122,303,178,232,172,3.3405,3.3408,-0.326784,0.04483501,3.3242126,-0.326784,0.013313301,3.3247204,0.21799600422382356,0.44700929522514343,0.09679086208343524,0.2153592705726623,0.44679469168186187,0.0968949913978574
1789687208.160517,traffic cone,0.3179,253,18,192,103,4.0248,4.7944,-2.2260132,0.351384,3.3347597,-2.6647367,0.09785795,3.9844346,0.17126379013061488,0.0011740028858184814,0.11825946569442758,0.37515335083007795,0.44452891200780864,0.1682857513427738
1789687208.291841,traffic cone,0.8266,101,74,46,44,3.1335,3.1379,-1.9352657,0.06084337,2.463715,-1.9338053,0.12001005,2.4682474,0.11950983405113202,0.23904495388269426,0.09919469356536847,0.08535301089286818,0.23904892802238464,0.07057659626007062
1789687208.327663,traffic cone,0.7929,203,62,105,62,3.8445,3.8445,-0.82671213,0.11430046,3.75279,-0.82671213,0.11430046,3.75279,0.14684942960739134,0.3658012848347425,0.08557510375976562,0.14684942960739134,0.3658012848347425,0.08557510375976562
1789687208.372279,traffic cone,0.6225,180,35,79,16,3.3205,3.3204,-1.5644544,0.14125228,2.9254966,-1.5430481,0.23545417,2.9306128,0.06874001026153564,0.3189272239804268,0.08277907371520987,0.036014825105667114,0.12918444722890854,0.09786832332611084
1789687208.415751,traffic cone,0.5100,305,177,232,171,3.3429,3.3422,-0.3248639,0.07611805,3.3262115,-0.3248639,0.013376743,3.3263516,0.2173856258392334,0.44701544046401975,0.10039339065551767,0.21502313017845154,0.4468346983194351,0.10001659393310547
1789687208.455982,traffic cone,0.3179,254,18,195,104,4.0273,4.7897,-2.228807,0.35135052,3.3358862,-2.660133,0.0975198,3.9819036,0.17640353441238377,0.000883638858795166,0.11036200523376438,0.37907230854034424,0.44446629881858823,0.16803982257843053
1789687208.530451,traffic cone,0.8262,96,74,44,43,3.1323,3.1333,-1.9340527,0.0605973,2.4631543,-1.9309101,0.12008068,2.4646544,0.11853983998298645,0.23922256492078303,0.09798936843872053,0.07735468149185176,0.2391871467232704,0.07159783840179434
1789687208.567505,traffic cone,0.7921,203,61,106,61,3.8469,3.8469,-0.825727,0.114267826,3.7554693,-0.825727,0.114267826,3.7554693,0.14276450872421265,0.36541176587343216,0.08421039581298828,0.14276450872421265,0.36541176587343216,0.08421039581298828
1789687208.606503,traffic cone,0.6282,179,35,88,15,3.3191,3.3284,-1.563065,0.14147234,2.9245884,-1.5415599,0.2629418,2.9381459,0.06825153827667241,0.31912381350994107,0.08529441356658918,0.030154764652252197,0.12991833090782162,0.10691978931426993
1789687208.642361,traffic cone,0.5152,303,177,236,172,3.3409,3.3417,-0.32528463,0.07615197,3.3241792,-0.32611525,0.013303988,3.325746,0.2161878824234009,0.44693754315376283,0.09450221061706543,0.21510393172502518,0.44687231779098513,0.09426279067993182
1789687208.667506,traffic cone,0.3185,252,18,190,103,4.0206,4.7937,-2.223843,0.35123402,3.3311474,-2.660645,0.098210394,3.9863138,0.17566596269607526,0.00087757408618927,0.11127260923385629,0.3760487556457517,0.44410502985119815,0.17572798728942862
1789687208.784875,traffic cone,0.8267,98,75,44,43,3.1333,3.1358,-1.9372859,0.060749978,2.4618073,-1.9322882,0.12004162,2.466752,0.11582980155944811,0.23922323659062383,0.098573970794678,0.07983391284942631,0.23908836096525193,0.07201142311096209
1789687208.820695,traffic cone,0.7934,205,60,107,60,3.8444,3.8444,-0.82246333,0.11365563,3.7536647,-0.82246333,0.11365563,3.7536647,0.1357944190502166,0.3651105955243111,0.08192429542541513,0.1357944190502166,0.3651105955243111,0.08192429542541513
1789687208.862083,traffic cone,0.6332,177,33,77,17,3.3245,3.3268,-1.561484,0.14073916,2.9315915,-1.5464803,0.20777546,2.9381456,0.06616861820220943,0.3191633075475693,0.09469661712646493,0.036352801322936834,0.12891957461833956,0.10035295486450213
1789687208.897130,traffic cone,0.5160,304,176,233,171,3.3409,3.3433,-0.32728478,0.044787556,3.3245454,-0.32685187,0.013235271,3.3272185,0.21604487299919128,0.4469370096921921,0.09494328498840332,0.21501696109771729,0.4468645304441452,0.09319949150085449
1789687208.929604,traffic cone,0.3128,256,18,191,102,4.0231,4.7962,-2.2263033,0.35135344,3.332533,-2.6647308,0.09840907,3.9866621,0.17614908218383762,0.0007276564836501964,0.11065249443054181,0.37220823764801025,0.4442386098206043,0.1722359895706176
1789687209.034764,traffic cone,0.8262,101,75,45,44,3.1344,3.1356,-1.9362442,0.060777113,2.4641163,-1.9321232,0.12008214,2.4667127,0.1186508417129517,0.2391767218708992,0.10239150524139395,0.08451189398765568,0.23912167586386202,0.06674096584320033
1789687209.071583,traffic cone,0.7932,203,62,106,62,3.8455,3.8455,-0.8270308,0.11422019,3.7537696,-0.8270308,0.11422019,3.7537696,0.14686184823513027,0.3660457242280245,0.08627762794494664,0.14686184823513027,0.3660457242280245,0.08627762794494664
1789687209.111289,traffic cone,0.6326,180,34,78,16,3.3240,3.3223,-1.5631301,0.14032239,2.9301534,-1.5446353,0.23596427,2.931911,0.06814570426940914,0.3189392276108265,0.08132877349853507,0.0356878936290741,0.12921301275491714,0.09996455907821655
1789687209.152783,traffic cone,0.5114,303,178,235,172,3.3409,3.3404,-0.3248487,0.07623863,3.3241477,-0.32268718,0.013307594,3.3247385,0.21782606244087221,0.4470774158835411,0.09497643709182757,0.2157429203391075,0.446855328977108,0.09438669681549072
1789687209.193428,traffic cone,0.3142,254,18,192,103,4.0221,4.7924,-2.2263556,0.35125,3.3312395,-2.6617367,0.09803218,3.9840033,0.17798151969909703,0.0008856713771819846,0.10747509002685529,0.3728185176849368,0.4442556850612163,0.1633323669433593
1789687209.265104,traffic cone,0.8277,102,74,44,43,3.1346,3.1354,-1.9372964,0.060776778,2.46348,-1.9323587,0.12006587,2.4662502,0.11635404825210571,0.23922055549919605,0.09548627138137844,0.07780214548110953,0.23918239772319794,0.0705081462860111
