timestamp,extrinsic_yaw_error_deg,class,confidence,bbox_raw_points,bbox_filtered_points,mask_raw_points,mask_filtered_points,bbox_distance_m,mask_distance_m,bbox_centroid_x,bbox_centroid_y,bbox_centroid_z,mask_centroid_x,mask_centroid_y,mask_centroid_z,bbox_extent_x,bbox_extent_y,bbox_extent_z,mask_extent_x,mask_extent_y,mask_extent_z
1789688297.135182,5.0000,traffic cone,0.8146,147,84,48,28,3.3750,3.3660,1.0784879,0.07640484,3.19708,1.0413702,0.13958646,3.1978235,0.12374743223190299,0.3816304359585047,0.07405363321304304,0.07127979993820177,0.2546780653297901,0.05575082302093515
1789688297.175222,5.0000,traffic cone,0.7041,224,120,101,56,3.1635,3.1635,-0.7630757,0.06501937,3.069374,-0.79524934,0.06503616,3.0612283,0.16299811601638792,0.364845447614789,0.08355530500411978,0.11523443460464478,0.2431152407079935,0.05288726091384888
1789688297.231100,5.0000,traffic cone,0.6809,231,29,125,29,4.0221,4.0225,0.13240746,0.35244048,4.0044136,0.14603284,0.352436,4.0043926,0.34317595362663267,0.0008863925933838002,0.011612844467163264,0.3430379569530487,0.0009574174880981334,0.012814378738403409
1789688297.275886,5.0000,traffic cone,0.5142,387,19,308,28,3.4518,4.0127,-0.4300964,0.3512926,3.4068646,-0.52544403,0.35222197,3.9625194,0.20151321291923519,0.014844846725463823,0.09607024192810076,0.294933457672596,0.06430597156286244,0.14905786514282182
1789688297.315241,5.0000,traffic cone,0.2286,230,148,164,102,4.4107,4.4074,1.6956142,-0.097714484,4.0705914,1.6984133,-0.0985569,4.0658183,0.30615299940109253,0.6908498167991639,0.45445029735565123,0.25270662307739244,0.6569913148879987,0.12267923355102539
1789688297.345644,5.0000,traffic cone,0.1892,85,33,53,17,3.1762,3.1740,-0.6596609,0.06501463,3.1062174,-0.6382863,0.06541851,3.1084871,0.07670030593872068,0.18307103961706161,0.04367547035217312,0.03962156772613523,0.1830838665366173,0.036872577667236506
1789688297.389763,5.0000,truck,0.1626,2994,2314,90,22,4.4461,12.0050,1.6387328,-0.4401384,4.109561,0.942272,-2.8706028,11.618577,1.786422789096832,1.4388919889926908,3.290645432472229,0.27011680006980887,0.5610758423805233,0.9860772609710686
1789688297.461034,5.0000,traffic cone,0.8164,145,82,49,28,3.3739,3.3644,1.0775045,0.07639766,3.1963048,1.04234,0.13958631,3.195786,0.12006612420082097,0.38194221928715705,0.07484477758407593,0.07163473963737488,0.23216254711151124,0.054885685443878174
1789688297.507163,5.0000,traffic cone,0.6979,222,119,95,54,3.1641,3.1626,-0.7619061,0.06497179,3.0702832,-0.7958473,0.065051675,3.060172,0.16114938855171201,0.36470232009887693,0.08652985095977783,0.11256234049797043,0.24313736483454704,0.04705138206481907
1789688297.554307,5.0000,traffic cone,0.6772,231,29,127,29,4.0215,4.0220,0.13251719,0.35244626,4.003849,0.14615437,0.35244626,4.003849,0.3430140674114227,0.0010956406593322643,0.011939287185668945,0.34313386678695673,0.0010956406593322643,0.013080453872680753
1789688297.604262,5.0000,traffic cone,0.5061,383,124,310,115,4.7389,4.7382,-0.6237458,0.09399699,4.6967015,-0.6381829,0.09563033,4.6940536,0.33604452311992644,0.4457932200282812,0.21630887985229563,0.3168923377990722,0.4458810769021511,0.21681184768676687
1789688297.646326,5.0000,traffic cone,0.2360,237,156,160,100,4.4059,4.4076,1.6840851,-0.09727833,4.070197,1.698244,-0.13937171,4.064961,0.307382732629776,0.6966043785214424,0.5443651676177979,0.2522235691547394,0.6656438708305359,0.1257901668548591
1789688297.700604,5.0000,traffic cone,0.1939,85,33,280,134,3.1744,3.1717,-0.6600644,0.065023676,3.104288,-0.76335025,0.0044249073,3.0785165,0.0756023168563843,0.18320339471101763,0.04012417793273926,0.16817057728767393,0.4260865688323975,0.09417010545730564
1789688297.753268,5.0000,truck,0.1565,2991,2304,89,22,4.4464,12.0656,1.6393901,-0.44276294,4.1093707,0.9391866,-2.8704972,11.681503,1.791680598258972,1.4319540336728096,3.2926232576370227,0.2666963875293731,0.5701902270317079,1.0079946041107188
1789688297.826506,5.0000,traffic cone,0.8156,148,84,49,28,3.3745,3.3640,1.077995,0.07641548,3.196773,1.0403124,0.1396409,3.1960006,0.1220946133136751,0.38165970928966997,0.07351099252700788,0.07331482768058772,0.23208348229527473,0.055625700950622914
1789688297.863281,5.0000,traffic cone,0.6985,222,118,99,53,3.1651,3.1624,-0.76141167,0.06502424,3.0714962,-0.7951434,0.065124795,3.0601218,0.158179697394371,0.3648085784167051,0.08875416517257717,0.11342074871063235,0.24302798062562941,0.0505420207977294
1789688297.910795,5.0000,traffic cone,0.6774,230,29,126,29,4.0214,4.0219,0.13315448,0.3524297,4.0037537,0.14681417,0.3524481,4.0037537,0.3432686015963554,0.00113633871078489,0.012222051620483398,0.34307648390531537,0.00113633871078489,0.012222051620483398
1789688297.958792,5.0000,traffic cone,0.5054,384,124,310,116,4.7401,4.7420,-0.62323105,0.09404382,4.698033,-0.6375402,0.09516007,4.698033,0.33259731233119966,0.4458433214575052,0.21655900478363055,0.3272871971130371,0.44593666307628155,0.22132742404937744
1789688298.005051,5.0000,traffic cone,0.2322,237,155,161,100,4.4066,4.4088,1.685095,-0.09691336,4.0705256,1.6981318,-0.13936399,4.066229,0.315122878551483,0.6967018216848373,0.5481614112854007,0.25341363549232465,0.6653430312871933,0.12461838722229057
1789688298.044891,5.0000,traffic cone,0.1897,82,33,280,133,3.1721,3.1729,-0.66142213,0.06482597,3.1016643,-0.7629628,0.004376903,3.0797675,0.07740813493728638,0.1829570472240448,0.04210753440856907,0.16733274459838865,0.42624199390411377,0.09733929634094274
1789688298.078576,5.0000,truck,0.1577,2988,2308,90,24,4.4470,12.0675,1.639621,-0.44157135,4.110056,0.92762524,-2.8708687,11.684259,1.7825847864151,1.4368998140096665,3.285558104515076,0.25989543795585623,0.5671107411384582,1.1687721729278557
1789688298.147931,5.0000,traffic cone,0.8173,143,82,50,29,3.3735,3.3664,1.076709,0.0764512,3.1961029,1.0424144,0.13960792,3.1979344,0.12240421772003174,0.3814959071576596,0.07623484134674063,0.07071852684020996,0.2544306248426437,0.0557443141937255
1789688298.196168,5.0000,traffic cone,0.6994,218,118,99,54,3.1640,3.1623,-0.7605712,0.06499145,3.0705094,-0.7920235,0.06499145,3.060843,0.15926962792873378,0.36479386426508426,0.08723670244216919,0.10952170193195343,0.2432317055761814,0.050092923641204656
1789688298.244888,5.0000,traffic cone,0.6769,232,29,127,29,4.0200,4.0205,0.13174172,0.3523026,4.0023675,0.145273,0.3523026,4.0023675,0.3432396456599235,0.0010429739952087513,0.010435533523559304,0.34307832568883895,0.0010429739952087513,0.011951875686645241
1789688298.292063,5.0000,traffic cone,0.5062,383,124,308,115,4.7363,4.7375,-0.6224756,0.093897834,4.694249,-0.637518,0.095842764,4.693381,0.33530744612216956,0.44559241011738776,0.2161135911941532,0.3165324747562408,0.4456407055258751,0.2183639049530024
1789688298.339517,5.0000,traffic cone,0.2393,239,156,163,101,4.4058,4.4054,1.6838846,-0.0974185,4.070156,1.6975173,-0.098594755,4.0640707,0.3102543354034424,0.6972520127892494,0.5441790819168091,0.23660409450531006,0.665130615234375,0.1336054801940918
1789688298.386720,5.0000,traffic cone,0.1916,78,32,271,133,3.1745,3.1720,-0.66186565,0.03476893,3.104548,-0.7628727,0.0043578446,3.0788531,0.07394985556602474,0.18301103562116622,0.04476698637008658,0.16833395957946773,0.4261270403862,0.09665422439575178
1789688298.432247,5.0000,truck,0.1532,2990,2305,91,24,4.4468,12.0664,1.640258,-0.44255048,4.1094565,0.92974645,-2.871263,11.682856,1.7896529078483576,1.432816460728645,3.2878234863281213,0.26128568351268766,0.5618281960487366,1.1792196273803714
1789688298.502534,5.0000,traffic cone,0.8138,149,83,48,26,3.3735,3.3657,1.0775322,0.076346144,3.1959121,1.0423968,0.13978598,3.1971538,0.12443213462829594,0.38188666552305217,0.07162616252899134,0.06842786073684692,0.23867292702198029,0.0563579797744751
1789688298.535373,5.0000,traffic cone,0.6951,227,125,95,54,3.1650,3.1615,-0.75638855,0.065067545,3.0725625,-0.7953794,0.06509005,3.059105,0.16979501247406004,0.36466295421123507,0.08617172241210946,0.11548572182655326,0.24331584125757216,0.05100280046463013
1789688298.579057,5.0000,traffic cone,0.6728,231,29,132,29,4.0208,4.0213,0.13224852,0.35230213,4.003196,0.14586455,0.35230213,4.003196,0.34332612901926035,0.000906991958618153,0.009121656417847124,0.3432126954197883,0.000906991958618153,0.01085848808288592
1789688298.623839,5.0000,traffic cone,0.5029,386,19,310,123,3.4534,4.7481,-0.4316271,0.3515237,3.4082189,-0.64988184,0.09665258,4.702402,0.20178865790367118,0.01530113220214846,0.10242233276367152,0.3377987027168274,0.4457576274871826,0.2519074440002438
1789688298.669369,5.0000,traffic cone,0.2368,228,146,162,101,4.4089,4.4066,1.6950065,-0.09791902,4.0688534,1.6986197,-0.09862161,4.064911,0.2757711112499237,0.6788454353809357,0.3013336658477783,0.25185203552246094,0.6650152206420898,0.11936044692993164
1789688298.715681,5.0000,traffic cone,0.1882,83,33,272,134,3.1724,3.1726,-0.66090715,0.0648554,3.1021326,-0.7634521,0.0043628737,3.0794058,0.07648380994796755,0.18316859900951385,0.04521708488464382,0.16899683773517615,0.42612489461898806,0.0950166463851927
1789688298.759798,5.0000,truck,0.1578,2995,2311,89,21,4.4472,12.0092,1.6388975,-0.44003576,4.1107473,0.93896264,-2.8475823,11.628838,1.7828397452831268,1.4348500818014145,3.2800064086914062,0.27345389127731323,0.5682704448699951,0.9768695831298828
1789688298.823083,5.0000,traffic cone,0.8132,147,82,47,28,3.3748,3.3652,1.0778385,0.0763711,3.1971664,1.042299,0.13962576,3.1966302,0.11837367415428157,0.38186435699462895,0.06922100782394436,0.07402693629264823,0.23209464550018308,0.054384028911590665
1789688298.872890,5.0000,traffic cone,0.6962,230,124,98,54,3.1645,3.1625,-0.75670236,0.06508122,3.071985,-0.79401696,0.065125085,3.0605025,0.16800082921981818,0.3647444173693657,0.08381036520004281,0.11278165280818941,0.24305508509278295,0.049229204654693604
1789688298.905896,5.0000,traffic cone,0.6685,231,29,134,28,4.0198,4.0200,0.13412863,0.35225442,4.0021143,0.14089505,0.35224435,4.0021086,0.3431872308254241,0.0009598731994628906,0.011606740951537908,0.33093508481979367,0.0008955448865890503,0.011654090881347834
1789688298.950924,5.0000,traffic cone,0.5019,387,19,309,116,3.4534,4.7401,-0.43292403,0.35144404,3.4080355,-0.6375884,0.09479807,4.6960382,0.2021393537521362,0.0147019982337952,0.09641284942626971,0.32851456105709076,0.4456516560167074,0.2202385663986206
1789688298.996666,5.0000,traffic cone,0.2289,239,157,159,98,4.4061,4.4072,1.6843966,-0.097708054,4.070308,1.697303,-0.13935095,4.064877,0.31624436378479004,0.6971702873706818,0.5450109004974362,0.2226243674755095,0.6654709830880166,0.12407939434051496
1789688299.041441,5.0000,traffic cone,0.1852,84,33,282,140,3.1725,3.1703,-0.66038483,0.06499289,3.1023567,-0.75809073,0.06476181,3.0776064,0.07554098367691042,0.1828471630811691,0.04454674720764151,0.16661928296089168,0.4263887211680412,0.0917107582092287
1789688299.087481,5.0000,truck,0.1588,2994,2309,88,20,4.4481,12.0674,1.6381661,-0.44180283,4.111804,0.9427376,-2.8680997,11.683596,1.7933299422264097,1.433913141489029,3.293755865097045,0.27175353765487675,0.5474961519241335,0.9974362373352061
1789688299.157366,5.0000,traffic cone,0.8118,145,84,48,29,3.3729,3.3654,1.0785909,0.07645434,3.1948528,1.0407152,0.13960691,3.197424,0.12511489987373348,0.3815561391413212,0.07418246269226048,0.07117283344268799,0.25437526404857635,0.05876741409301722
1789688299.190041,5.0000,traffic cone,0.7035,220,118,94,53,3.1647,3.1638,-0.7614172,0.065111585,3.0710294,-0.79518926,0.06515995,3.0615706,0.15945463776588442,0.3647746119648218,0.08364595174789402,0.11133487224578853,0.24332450181245804,0.049758386611938654
1789688299.233917,5.0000,traffic cone,0.6644,231,29,133,29,4.0216,4.0217,0.13187703,0.3525101,4.0039563,0.14545569,0.35248995,4.0035553,0.3431808531284332,0.0010212302207947,0.010528516769409357,0.3432035684585571,0.0010736823081970437,0.010552072525024325
1789688299.278192,5.0000,traffic cone,0.5001,388,19,309,28,3.4508,4.0127,-0.4310324,0.3512817,3.4057086,-0.52539325,0.35227224,3.9625103,0.20140032172203065,0.014783978462219238,0.09372305870056152,0.29448349922895434,0.06435503363609313,0.14573841094970685
1789688299.321706,5.0000,traffic cone,0.2288,237,155,161,100,4.4051,4.4082,1.6846997,-0.09764859,4.0690393,1.6979698,-0.13936916,4.0656705,0.30866914987564065,0.6968941211700439,0.546747541427612,0.2393229603767395,0.665739005804062,0.13097755908966047
1789688299.365295,5.0000,traffic cone,0.1834,84,33,56,17,3.1725,3.1753,-0.6615838,0.064850956,3.102071,-0.6393287,0.06503336,3.10955,0.07613151073455815,0.1831535741686821,0.03999071121215847,0.03676908016204827,0.18314019739627838,0.03227467536926287
1789688299.410777,5.0000,truck,0.1610,2996,2308,88,17,4.4468,11.8458,1.6389364,-0.44138363,4.1101003,0.9720204,-2.8175104,11.464747,1.794977390766144,1.43554781973362,3.286940979957581,0.27807762622833243,0.4122178077697751,0.7789264678955075
1789688299.478275,5.0000,traffic cone,0.8096,144,84,51,30,3.3713,3.3641,1.0758032,0.07641566,3.1941803,1.0406525,0.13945563,3.1960099,0.12307754158973694,0.38170792683959004,0.07192676067352322,0.07167422175407401,0.2545912548899651,0.05472798347473162
1789688299.508405,5.0000,traffic cone,0.7014,223,119,98,55,3.1649,3.1632,-0.7628219,0.06495918,3.070874,-0.7953829,0.0650118,3.0609148,0.1609252691268921,0.36484973356127737,0.08669273853301984,0.11156545281410213,0.24322738498449326,0.04774048328399649
1789688299.539119,5.0000,traffic cone,0.6593,233,29,133,28,4.0204,4.0206,0.13400862,0.35230377,4.0027413,0.14081585,0.35228747,4.0026245,0.3430051639676094,0.0010539531707763894,0.010610771179199396,0.3307599529623985,0.001064917445182778,0.010697770118713201
1789688299.570814,5.0000,traffic cone,0.4987,385,124,307,28,4.7401,4.0119,-0.6221082,0.093902424,4.698125,-0.5249098,0.35232276,3.9617476,0.33667863905429835,0.4458374209702015,0.21860270500183177,0.2923161000013351,0.06400450319051743,0.15391533374786404
1789688299.616607,5.0000,traffic cone,0.2311,238,158,159,100,4.4075,4.4091,1.6845353,-0.09742987,4.0716896,1.6975205,-0.18009993,4.065197,0.3268448472023011,0.6971122592687606,0.5460435390472416,0.23596747517585737,0.6657124519348144,0.1254020690917974
1789688299.660946,5.0000,traffic cone,0.1867,83,32,53,16,3.1741,3.1736,-0.6610693,0.03470753,3.1043086,-0.6394044,0.03478507,3.1083345,0.07378617227077477,0.18298795185983183,0.04374741315841657,0.03391548991203308,0.18289782293140888,0.041165053844451904
1789688299.708745,5.0000,truck,0.1575,3004,2314,88,20,4.4468,12.0474,1.6387959,-0.4402712,4.110283,0.94146204,-2.8653648,11.663769,1.8018671393394468,1.4424896463751793,3.288954734802246,0.2715399265289308,0.5418025732040408,0.9971581459045407
1789688299.781538,5.0000,traffic cone,0.8086,144,83,46,28,3.3746,3.3654,1.076809,0.07640344,3.1972494,1.0424566,0.1397359,3.1968265,0.12328473329544054,0.38173081874847414,0.07447342872619611,0.06925749778747559,0.2544495567679405,0.060628747940063565
1789688299.831053,5.0000,traffic cone,0.7017,223,119,100,54,3.1642,3.1622,-0.7632071,0.06490897,3.0701184,-0.79457164,0.064943545,3.060061,0.16156638264656076,0.3646794632077217,0.08626370429992658,0.11346953213214872,0.24306880421936514,0.04706946611404428
1789688299.882541,5.0000,traffic cone,0.6559,232,29,134,29,4.0207,4.0211,0.1330663,0.35228252,4.003073,0.14675856,0.35223562,4.0029573,0.3433649256825447,0.000977933406829834,0.008143806457518998,0.3433595016598701,0.000977933406829834,0.00877780914306614
1789688299.932268,5.0000,traffic cone,0.4938,386,124,311,117,4.7395,4.7405,-0.6227281,0.09378165,4.6974297,-0.638186,0.094303936,4.6964192,0.33632208406925207,0.4457651328295469,0.21912865638732892,0.3298824727535247,0.4458355113863945,0.22822732925414968
1789688299.978688,5.0000,traffic cone,0.2260,232,154,157,99,4.4058,4.4071,1.6841484,-0.09768772,4.0700817,1.6942606,-0.18009996,4.0644317,0.30339428186416617,0.6967618212103843,0.5457395315170288,0.2205053329467772,0.6655676484107971,0.12634611129760742
1789688300.024218,5.0000,traffic cone,0.1847,84,33,54,17,3.1726,3.1722,-0.658296,0.06485377,3.1028907,-0.63883054,0.06525712,3.1064968,0.07582125663757322,0.18317753821611404,0.04608902931213388,0.03715405464172361,0.18316036015748977,0.03516445159912118
1789688300.076047,5.0000,traffic cone,0.8060,150,84,49,28,3.3759,3.3659,1.0792176,0.0765131,3.1978204,1.0411438,0.1397493,3.1978204,0.12418158054351802,0.3816034972667694,0.0733222723007203,0.07204990386962895,0.23208608627319335,0.05815277099609384
1789688300.105080,5.0000,traffic cone,0.7012,225,119,97,54,3.1645,3.1628,-0.7605447,0.06509665,3.0710506,-0.7952946,0.06507028,3.0605097,0.16087380051612854,0.36489768847823145,0.08274643421173078,0.11433625519275659,0.24301876574754716,0.05050189495086688
1789688300.153711,5.0000,traffic cone,0.6498,232,29,133,29,4.0197,4.0202,0.1324089,0.35232347,4.002067,0.14605601,0.35232347,4.002067,0.3433058828115463,0.000788640975952104,0.008758687973022816,0.3432550400495529,0.0008692502975463645,0.008902311325073242
1789688300.201434,5.0000,traffic cone,0.4934,380,124,305,116,4.7389,4.7390,-0.6224154,0.094108775,4.6968765,-0.6377386,0.09517333,4.6949778,0.3366626620292663,0.4457423415035009,0.21405801773071342,0.3245406001806259,0.4458313062787056,0.21914136409759521
1789688300.248699,5.0000,traffic cone,0.2237,239,158,162,101,4.4062,4.4076,1.6849971,-0.09727866,4.070141,1.6984711,-0.09863847,4.0659614,0.31471580266952515,0.6968980371952056,0.5442238092422489,0.25166964530944824,0.6654133796691895,0.1288604736328125
1789688300.292986,5.0000,traffic cone,0.1831,85,33,56,17,3.1719,3.1744,-0.659418,0.065053225,3.101881,-0.63911945,0.065053225,3.1086934,0.07612913846969604,0.18306531757116318,0.043841981887817294,0.038788211345672674,0.183054019510746,0.03225498199462873
1789688300.324384,5.0000,truck,0.1505,2992,2307,88,20,4.4471,12.0659,1.6387866,-0.44170183,4.110505,0.94161314,-2.871204,11.681376,1.7900756776332851,1.4316348254680633,3.285928654670715,0.27023029923439035,0.5447185039520264,1.017569208145142
1789688300.380714,5.0000,traffic cone,0.8063,146,83,49,29,3.3734,3.3647,1.076888,0.07641205,3.1959412,1.0433333,0.13973492,3.1958466,0.12254358530044551,0.3817661806941033,0.07286126613616961,0.07058792114257795,0.2543821394443512,0.05867338180541992
1789688300.419237,5.0000,traffic cone,0.6972,231,125,96,53,3.1654,3.1615,-0.7569623,0.065046504,3.07289,-0.7935053,0.06514214,3.0595875,0.16884069442749017,0.36476704478263855,0.08535909652709961,0.11118757724761963,0.24324797093868256,0.048107051849365146
1789688300.468949,5.0000,traffic cone,0.6494,232,29,134,29,4.0203,4.0208,0.13208935,0.35235742,4.0026913,0.14569041,0.35237756,4.0026913,0.3434314772486686,0.0008634328842163086,0.008335351943969282,0.34317093938589094,0.0008634328842163086,0.009952974319457741
1789688300.516862,5.0000,traffic cone,0.4940,384,124,307,115,4.7395,4.7397,-0.6221132,0.09360631,4.6975565,-0.6372044,0.09537202,4.6956725,0.33504337072372437,0.44560590982437137,0.21717271804809535,0.3185323536396027,0.4457110323011875,0.21999197006225568
1789688300.565487,5.0000,traffic cone,0.2157,234,153,157,97,4.4039,4.4066,1.6837177,-0.097594,4.068186,1.6948261,-0.18010014,4.0636053,0.30765357017517103,0.697071659564972,0.5487872600555419,0.22051661014556867,0.6655103206634522,0.12694654464721644
1789688300.614004,5.0000,traffic cone,0.1812,83,33,284,140,3.1730,3.1705,-0.66096133,0.064862624,3.1027622,-0.7589145,0.064779036,3.0776043,0.07605237960815436,0.18304983526468277,0.042327880859375,0.16751109361648564,0.4263824388384819,0.09360622167587263
1789688300.665728,5.0000,traffic cone,0.8053,150,84,50,29,3.3742,3.3672,1.0761427,0.076492056,3.197092,1.0416135,0.13981384,3.19895,0.12162024974822994,0.38172830902040006,0.07299275398254368,0.06894652843475346,0.22887391448020933,0.0554807186126709
1789688300.711832,5.0000,traffic cone,0.6951,223,118,96,54,3.1657,3.1622,-0.7622351,0.06511012,3.0718813,-0.7940557,0.065142274,3.0602248,0.1588205367326736,0.3648067731410265,0.08341467380523682,0.11233485937118515,0.24305717311799527,0.050656664371490745
1789688300.756352,5.0000,traffic cone,0.6459,233,29,136,30,4.0200,4.0202,0.13314506,0.3522632,4.002336,0.13986154,0.3522765,4.002261,0.34315585643053054,0.0010712862014770619,0.011946678161621094,0.35529131293296806,0.0010574072599410789,0.011808633804321289
1789688300.808238,5.0000,traffic cone,0.4982,387,124,309,116,4.7401,4.7415,-0.6237401,0.09415001,4.6979237,-0.6368842,0.09531219,4.6975937,0.3334552556276321,0.44584978260099883,0.22239546775817853,0.3257667124271393,0.4458718467503786,0.22687196731567383
1789688300.857525,5.0000,traffic cone,0.2204,238,156,162,102,4.4066,4.4091,1.6864481,-0.096711986,4.069968,1.6980882,-0.1393359,4.0666275,0.31590691208839417,0.6969209089875221,0.5509275197982788,0.2524282813072205,0.6578636184334736,0.12778911590576136
1789688300.903208,5.0000,traffic cone,0.1777,83,33,55,17,3.1729,3.1727,-0.66151285,0.06481071,3.1024647,-0.6397544,0.06522408,3.106825,0.07516437768936157,0.1830896496772766,0.04106683731079119,0.038421142101287886,0.18304965347051622,0.03628888130188024
1789688300.975653,5.0000,traffic cone,0.8042,148,84,49,29,3.3746,3.3645,1.0776814,0.07640064,3.196979,1.04188,0.13956535,3.196102,0.12369752526283273,0.3818287469446659,0.07364916801452637,0.07254047393798824,0.2544284462928772,0.05365099906921378
1789688301.022733,5.0000,traffic cone,0.6960,219,118,96,53,3.1662,3.1609,-0.761104,0.0652035,3.0726786,-0.7912424,0.06535573,3.0595574,0.15977568328380576,0.3648738250136375,0.0846622347831727,0.11179535388946527,0.24320150166749954,0.04921236038208043
1789688301.054059,5.0000,traffic cone,0.6454,232,29,136,30,4.0212,4.0213,0.13345389,0.35239038,4.0034604,0.14024842,0.35239008,4.003337,0.343035988509655,0.0010044932365417814,0.009116792678832919,0.3552987530827522,0.0010599225759506115,0.011315393447875799
1789688301.086180,5.0000,traffic cone,0.4947,385,19,308,115,3.4516,4.7397,-0.4319537,0.35121003,3.4064364,-0.63649464,0.09562671,4.695799,0.2015270054340363,0.014784711599349964,0.09459984302520752,0.31945245862007143,0.4457104697823524,0.21835875511169434
1789688301.128496,5.0000,traffic cone,0.2185,237,156,161,100,4.4066,4.4078,1.6859493,-0.097279854,4.0701523,1.6979692,-0.098607354,4.066476,0.3135756850242615,0.6966307386755943,0.5461617708206177,0.2561308503150941,0.6647537305951119,0.12012138366699254
1789688301.172467,5.0000,traffic cone,0.1814,86,33,56,17,3.1749,3.1721,-0.6597034,0.06507856,3.1049652,-0.6378395,0.06512526,3.1066022,0.07651124000549314,0.18310950547456742,0.04190640449523908,0.03771220445632939,0.1831958547234535,0.03378024101257315
1789688301.242134,5.0000,traffic cone,0.8040,144,82,48,28,3.3747,3.3673,1.0763143,0.0765568,3.1975937,1.0428878,0.13981657,3.1987195,0.1204416513442994,0.3817847460508347,0.07359818220138559,0.07314044237136841,0.2320888191461563,0.05706261396408108
1789688301.291141,5.0000,traffic cone,0.6983,220,118,96,54,3.1649,3.1610,-0.7604315,0.06507933,3.071497,-0.79543763,0.06518401,3.0585876,0.15906678736209878,0.3648967709392309,0.08228366374969465,0.11518172621726974,0.2433019272983074,0.048226308822632014
1789688301.340906,5.0000,traffic cone,0.6433,231,29,136,29,4.0207,4.0206,0.13136402,0.35242677,4.003074,0.14487699,0.35242677,4.002537,0.3432275831699371,0.0008808493614196888,0.008985757827758789,0.34320103526115414,0.0008749604225158913,0.0093492031097413
1789688301.390497,5.0000,traffic cone,0.4924,383,19,305,119,3.4550,4.7418,-0.4316824,0.35126793,3.4099014,-0.64251584,0.095668375,4.6971016,0.2009573131799698,0.01493481397628782,0.09843406677246103,0.32717234492301944,0.4457086339592934,0.23444652557373047
1789688301.439184,5.0000,traffic cone,0.2326,235,154,160,98,4.4060,4.4085,1.684193,-0.097649604,4.0701876,1.696527,-0.18009979,4.0649734,0.3079100370407104,0.6967911735177039,0.544778203964233,0.2337860822677611,0.6655108958482743,0.12117681503295863
1789688301.487168,5.0000,traffic cone,0.1755,82,32,53,16,3.1738,3.1769,-0.66139317,0.034743607,3.1038768,-0.64062965,0.03490267,3.1114588,0.0745285302400589,0.18297291360795498,0.041835641860962,0.03516876697540283,0.18314849399030209,0.034529149532318115
1789688301.551196,5.0000,traffic cone,0.8017,146,83,47,28,3.3731,3.3642,1.0788609,0.07634044,3.1950402,1.0416539,0.13961515,3.1958077,0.12164828777313241,0.38172834888100626,0.07412002086639413,0.06993250250816341,0.23196305632591246,0.05728434324264553
1789688301.585903,5.0000,traffic cone,0.7008,223,118,99,55,3.1648,3.1631,-0.7621165,0.06513564,3.0709848,-0.7947193,0.065187246,3.060965,0.15952541232109063,0.3647376626729965,0.08278670310974112,0.11398134827613826,0.2433539994060993,0.049472689628601074
1789688301.631481,5.0000,traffic cone,0.6428,232,29,135,30,4.0202,4.0202,0.13218914,0.35228452,4.0026016,0.13901566,0.35232088,4.002364,0.3432558327913284,0.00109924077987672,0.011163806915282848,0.35550712794065475,0.0011105775833130105,0.01107852458953884
1789688301.677686,5.0000,traffic cone,0.4899,388,19,310,118,3.4555,4.7432,-0.43162525,0.3512021,3.410366,-0.64571166,0.09508063,4.6980605,0.20161437392234804,0.014507991075515758,0.09442744255065882,0.3240405529737472,0.44579918235540394,0.23827874660491943
1789688301.723620,5.0000,traffic cone,0.2130,236,154,160,98,4.4049,4.4057,1.6833141,-0.09764023,4.0694437,1.6972874,-0.18009982,4.061614,0.31628724336624137,0.6967960223555565,0.5471721410751345,0.23599790334701543,0.6656993225216865,0.12245702743530273
1789688301.763481,5.0000,traffic cone,0.1752,83,33,54,17,3.1704,3.1717,-0.65913165,0.065055326,3.1004457,-0.63842475,0.065115854,3.1060507,0.07689297199249268,0.1829169228672981,0.04436416625976536,0.03859227895736694,0.18292146027088166,0.037446928024291726
1789688301.826081,5.0000,traffic cone,0.8022,149,84,49,28,3.3735,3.3652,1.0784475,0.07642822,3.1955938,1.0413687,0.13976534,3.1970146,0.12567351460456844,0.38179437890648843,0.07387661933898926,0.07425494194030757,0.23226630687713623,0.05124509334564209
1789688301.876341,5.0000,traffic cone,0.7000,230,125,96,53,3.1653,3.1624,-0.7574684,0.065054744,3.0726483,-0.79233366,0.06510617,3.0608587,0.16811972856521606,0.36488019227981566,0.08733277320861799,0.11167348623275752,0.24321165680885315,0.0488566875457761
1789688301.911136,5.0000,traffic cone,0.6384,231,29,136,29,4.0198,4.0195,0.13254358,0.35222787,4.0021024,0.14617008,0.35222787,4.0014143,0.3431853726506233,0.0007513761520385742,0.007042264938354137,0.3433135643601417,0.0007457494735717551,0.008416986465453746
1789688301.957612,5.0000,traffic cone,0.4869,384,124,308,28,4.7385,4.0159,-0.6212691,0.09381752,4.6966743,-0.52713394,0.352334,3.9654863,0.3317713409662247,0.4456775072962046,0.2149345874786377,0.29462711513042444,0.06401751041412357,0.15183629989624015
1789688302.000507,5.0000,traffic cone,0.2151,235,154,160,99,4.4077,4.4085,1.6852612,-0.09773588,4.071627,1.6968921,-0.18010011,4.0648127,0.3109062373638154,0.6967496678233147,0.5516607046127318,0.2345794677734374,0.665445750951767,0.12365779876708949
1789688302.044916,5.0000,traffic cone,0.1724,81,32,275,133,3.1730,3.1715,-0.66190356,0.034813143,3.103024,-0.76223963,0.004397899,3.0784905,0.07459384799003599,0.18293789140880107,0.0398862361907959,0.1684165596961975,0.4262552887201309,0.09920606613159189
1789688302.115016,5.0000,traffic cone,0.8034,150,84,51,30,3.3744,3.3662,1.0775936,0.07646038,3.1968193,1.0411352,0.13958608,3.1980739,0.1244672596454619,0.38178217262029646,0.07286212444305429,0.06964656114578238,0.2544328778982162,0.05608677864074707
1789688302.164079,5.0000,traffic cone,0.7029,222,118,96,53,3.1635,3.1636,-0.76112205,0.065001115,3.0699296,-0.7935134,0.06510012,3.0617585,0.15890298187732688,0.364919201657176,0.0856255292892456,0.10933182239532468,0.24329517930746078,0.05095977783203143
1789688302.213719,5.0000,traffic cone,0.6423,231,29,137,30,4.0202,4.0204,0.13142698,0.35228425,4.0025363,0.13826475,0.35227022,4.0025315,0.3430455103516578,0.0009045362472533958,0.008962249755859464,0.35536755919456475,0.0010510742664336936,0.010228514671325684
1789688302.261948,5.0000,traffic cone,0.4828,385,19,307,28,3.4539,4.0129,-0.43270457,0.3511575,3.4086375,-0.5272502,0.35242167,3.962435,0.20046213269233698,0.015301054716110263,0.09750080108642578,0.2948342680931091,0.06405441761016845,0.14791162014007542
1789688302.309171,5.0000,traffic cone,0.2081,236,155,161,100,4.4058,4.4108,1.6853684,-0.09778094,4.069495,1.697593,-0.1800997,4.067024,0.304444146156311,0.6971716165542603,0.5424975872039792,0.23440822362899794,0.6649955227971077,0.11807992458343541
1789688302.356653,5.0000,traffic cone,0.1688,82,33,53,17,3.1745,3.1771,-0.66099584,0.06464438,3.104251,-0.6394683,0.06536524,3.1114225,0.07736099958419795,0.18312961608171463,0.042228794097900035,0.04090690612792969,0.183111535012722,0.03606815338134739
1789688302.413093,5.0000,traffic cone,0.8033,146,85,49,29,3.3744,3.3653,1.0791095,0.076285705,3.1963396,1.041405,0.13953592,3.197079,0.1267783164978027,0.38182487040758134,0.07402930259704599,0.07314372062683105,0.25451826453208926,0.056707811355591
1789688302.454460,5.0000,traffic cone,0.7098,218,118,97,53,3.1641,3.1642,-0.76117575,0.06501392,3.0704906,-0.79462516,0.065030366,3.0621185,0.1594735622406006,0.36496617905795575,0.08735818862915057,0.11054626703262327,0.24307661950588227,0.04997234344482404
1789688302.501001,5.0000,traffic cone,0.6422,231,29,128,29,4.0207,4.0207,0.13363324,0.3523553,4.00304,0.1472222,0.35235178,4.0025673,0.34319073855876914,0.001164782047271773,0.012299728393554421,0.3430124014616012,0.0010110378265381081,0.011964893341064542
1789688302.531804,5.0000,traffic cone,0.4879,387,20,310,28,3.4526,4.0157,-0.43834993,0.35133287,3.406571,-0.52410364,0.3524179,3.965755,0.21226883828639986,0.01460454463958738,0.09434869289398184,0.29259473979473116,0.06402958631515504,0.14995689392089862
1789688302.579152,5.0000,traffic cone,0.2104,238,158,162,102,4.4076,4.4109,1.6859262,-0.09724359,4.071248,1.6988449,-0.13936278,4.068245,0.3158370435237885,0.6973394736647607,0.5431205749511716,0.2509211719036102,0.6577467299997788,0.1257916212081911
1789688302.626669,5.0000,traffic cone,0.1720,81,32,52,16,3.1746,3.1738,-0.66116977,0.034754388,3.1048355,-0.6406959,0.034963578,3.1082978,0.07461327910423277,0.18291440345346927,0.04258272647857675,0.034428879618644714,0.18298891559243202,0.03926342725753784
1789688302.685198,5.0000,traffic cone,0.8049,146,84,49,29,3.3754,3.3668,1.0784338,0.076444596,3.1976166,1.0415292,0.13971008,3.198587,0.12432782053947444,0.3817741669714451,0.07238025665283221,0.0720448970794676,0.2543984204530716,0.0581012725830079
1789688302.726623,5.0000,traffic cone,0.7032,218,118,97,54,3.1640,3.1627,-0.7608049,0.065041155,3.0704286,-0.79290956,0.06505022,3.0610204,0.1599874079227448,0.36471488513052464,0.0851675271987915,0.1104016482830047,0.24339634664356707,0.047782969474792214
1789688302.778148,5.0000,traffic cone,0.6400,231,29,135,29,4.0205,4.0204,0.13287662,0.35239154,4.002788,0.14645441,0.35235095,4.002274,0.3432475239038467,0.0011301755905151478,0.011701583862304688,0.34306071698665613,0.0012479424476623535,0.013628864288330433
1789688302.828110,5.0000,traffic cone,0.4915,385,124,311,118,4.7379,4.7403,-0.622205,0.09387368,4.695927,-0.6401917,0.09496988,4.695927,0.3343245655298233,0.4457861710339785,0.21770815849304181,0.326313817501068,0.4458329822868109,0.232281351089477
1789688302.874005,5.0000,traffic cone,0.2015,232,152,160,99,4.4063,4.4070,1.6838511,-0.097898245,4.0706406,1.6949978,-0.1801001,4.0640407,0.3052434682846068,0.6967866688966751,0.5480555534362792,0.23322834968566886,0.6656780391931534,0.12357907295227033
1789688302.919208,5.0000,traffic cone,0.1728,84,33,55,17,3.1765,3.1748,-0.66090596,0.06500307,3.1062698,-0.63759553,0.06532219,3.1094704,0.0761856317520142,0.18314107060432433,0.040725898742675515,0.038105797767639116,0.18291117250919342,0.03701171875000009
1789688302.988935,5.0000,traffic cone,0.8050,147,83,48,28,3.3743,3.3645,1.0773726,0.076549605,3.1967602,1.0416901,0.13967417,3.1961582,0.1228398203849792,0.3816236354410648,0.07489595413207972,0.07160935401916513,0.23239451646804807,0.04973967075347918
1789688303.021555,5.0000,traffic cone,0.7048,225,119,99,54,3.1651,3.1633,-0.76226056,0.06499648,3.0712395,-0.79513186,0.06514605,3.0610266,0.16077785491943364,0.36482122242450715,0.08557858467102042,0.1139127135276794,0.24336919859051703,0.04977362155914289
1789688303.064749,5.0000,traffic cone,0.6434,232,29,134,29,4.0222,4.0227,0.13310966,0.35249949,4.0045624,0.14663655,0.35249949,4.0045624,0.34324121028184884,0.000897955894470226,0.010517597198485884,0.34329667836427685,0.0008784770965576394,0.011029434204101296
1789688303.112587,5.0000,traffic cone,0.4908,387,124,312,117,4.7383,4.7384,-0.6234238,0.09401679,4.696166,-0.6406853,0.09559871,4.6939087,0.33698164224624627,0.44588644951581957,0.21654181480407697,0.32544611096382137,0.4459752768278122,0.22493009567260724
1789688303.158193,5.0000,traffic cone,0.2084,237,156,161,100,4.4062,4.4071,1.6851552,-0.0973296,4.0700836,1.6953216,-0.13934758,4.0656395,0.30931028723716736,0.6968708336353302,0.5507171154022217,0.2365798056125641,0.6656506836414338,0.12351503372192418
1789688303.203106,5.0000,traffic cone,0.1697,84,33,54,17,3.1719,3.1769,-0.6587917,0.06495313,3.1020775,-0.63742304,0.065077454,3.1116467,0.0750397920608521,0.1828774929046631,0.044656562805175604,0.036990988254547164,0.18296940028667452,0.03672599792480469
1789688303.250256,5.0000,traffic cone,0.8080,148,85,50,30,3.3731,3.3681,1.0770564,0.07626416,3.1955721,1.0422937,0.13971865,3.199738,0.12464604377746591,0.38172193765640255,0.0774745464324953,0.07162334322929387,0.25454573333263397,0.057158517837524236
1789688303.281288,5.0000,traffic cone,0.6991,221,118,97,54,3.1659,3.1636,-0.7608214,0.065103404,3.0724382,-0.79269934,0.065153465,3.0620174,0.16032643318176276,0.36479914709925654,0.08354464769363412,0.1094132363796233,0.24317099377512932,0.0502130389213562
1789688303.326395,5.0000,traffic cone,0.6460,233,29,137,30,4.0206,4.0206,0.13226873,0.35229713,4.002926,0.13905887,0.35229617,4.002731,0.34316103011369703,0.0013391494750976674,0.012601661682129173,0.3556378424167632,0.0013339430093765592,0.013049578666686656
1789688303.373170,5.0000,traffic cone,0.4897,382,124,306,115,4.7405,4.7399,-0.6237658,0.09404424,4.6983066,-0.6388135,0.09585844,4.695724,0.33544444739818574,0.4455524105578661,0.22079248428344744,0.31274800300598143,0.44565397575497623,0.22107415199279767
1789688303.421826,5.0000,traffic cone,0.2119,238,157,163,100,4.4084,4.4101,1.6850947,-0.096894026,4.072498,1.7002101,-0.13934325,4.066845,0.3145526885986327,0.6975563287734985,0.5477283477783201,0.25397404432296744,0.6653088584542275,0.11930756568908674
1789688303.469187,5.0000,traffic cone,0.1713,84,33,52,17,3.1736,3.1729,-0.66086996,0.0650485,3.103356,-0.6396929,0.0651761,3.1070302,0.07693917751312251,0.18307221233844756,0.0461834430694581,0.04031646251678467,0.18312127292156222,0.03511452674865723
1789688303.524314,5.0000,traffic cone,0.8088,143,82,50,29,3.3761,3.3677,1.0773928,0.07646297,3.1986716,1.0438195,0.13974556,3.1987734,0.12006597518920903,0.38166538774967196,0.07525615692138699,0.07196240425109868,0.2546002000570297,0.05437679290771458
1789688303.572086,5.0000,traffic cone,0.6991,220,118,96,54,3.1640,3.1631,-0.7615973,0.06507975,3.0702612,-0.79280066,0.06523776,3.0614042,0.1597992748022079,0.36491521000862126,0.08464996814727765,0.11039838492870324,0.24329813234508035,0.04885394573211643
1789688303.618255,5.0000,traffic cone,0.6488,231,29,137,30,4.0198,4.0198,0.13208875,0.3522249,4.0021453,0.13889681,0.35226163,4.0019627,0.34300058037042613,0.0010504722595214844,0.012897109985351651,0.35515032261610024,0.0010396242141723633,0.012683916091918768
1789688303.667662,5.0000,traffic cone,0.4892,388,124,311,115,4.7384,4.7397,-0.62332904,0.09393898,4.696313,-0.6378189,0.095897794,4.6955767,0.3337308913469315,0.4456338196992874,0.21719677448272723,0.31576684713363645,0.44571421667933464,0.2181113719940182
1789688303.716619,5.0000,traffic cone,0.2127,238,156,161,100,4.4056,4.4094,1.6840425,-0.09776403,4.069809,1.6982453,-0.18009967,4.0652695,0.31592875719070435,0.6969861090183258,0.5476258993148804,0.2334990143775939,0.6657174527645111,0.12575778961181694
1789688303.764724,5.0000,traffic cone,0.1724,83,33,54,17,3.1726,3.1760,-0.6612769,0.06501061,3.102192,-0.6395255,0.0652633,3.1102319,0.07702021598815922,0.18303175866603852,0.04120588302612305,0.04002790451049809,0.18299973309040068,0.03758802413940421
1789688303.820920,5.0000,traffic cone,0.8103,147,83,50,29,3.3753,3.3666,1.0773084,0.07636309,3.197892,1.0424454,0.13965437,3.198106,0.12177516222000118,0.38175828009843826,0.0769197940826416,0.07319164276123047,0.25461635589599607,0.05726685523986852
1789688303.862749,5.0000,traffic cone,0.6981,222,118,98,53,3.1654,3.1618,-0.76103973,0.065007195,3.0718465,-0.79253197,0.065039635,3.0602012,0.1594264954328537,0.36483945250511174,0.08155220746994019,0.1135860323905945,0.24320768266916276,0.048668622970581055
1789688303.910790,5.0000,traffic cone,0.6453,232,29,136,29,4.0208,4.0213,0.1328406,0.35243535,4.0031166,0.1464433,0.35243535,4.0031166,0.34331427812576293,0.0008952736854553334,0.011587667465209783,0.3431701779365539,0.0009652614593506081,0.013444471359252752
1789688303.961456,5.0000,traffic cone,0.4899,383,28,306,28,4.0119,4.0119,-0.52548724,0.3523316,3.9617057,-0.52548724,0.3523316,3.9617057,0.2949892312288284,0.06455652117729188,0.14544494152069065,0.2949892312288284,0.06455652117729188,0.14544494152069065
1789688304.001940,5.0000,traffic cone,0.2119,239,158,162,102,4.4052,4.4083,1.68438,-0.09722688,4.0692873,1.698171,-0.09858858,4.066874,0.30400645136833204,0.6972812682390213,0.5429973125457761,0.25343282818794255,0.6569051519036275,0.1223285913467409
1789688304.033547,5.0000,traffic cone,0.1793,82,33,53,17,3.1759,3.1755,-0.66086215,0.064898655,3.1056654,-0.6406143,0.06524065,3.1095252,0.07635169029235844,0.1830749213695526,0.04345254898071271,0.0394343256950378,0.18308237344026568,0.03857965469360325
1789688304.098504,5.0000,traffic cone,0.8095,142,83,48,28,3.3726,3.3633,1.0764565,0.07654256,3.1952827,1.0417657,0.13960657,3.1948452,0.12373334169387817,0.3818477988243103,0.07342655658721897,0.06881188154220585,0.2325422339141369,0.05213851928710955
1789688304.133088,5.0000,traffic cone,0.6961,221,118,96,53,3.1658,3.1615,-0.762733,0.06511963,3.0718174,-0.7958807,0.06531167,3.0590165,0.15858682394027712,0.3648730039596558,0.08250370025634757,0.11201808452606199,0.24319296181201933,0.0490373134613038
1789688304.177546,5.0000,traffic cone,0.6472,231,29,135,29,4.0213,4.0217,0.1311653,0.35239074,4.003655,0.14475515,0.35239074,4.003655,0.3432204484939575,0.0010554432868957186,0.011185264587401988,0.34315940141677853,0.0010554432868957186,0.012023544311523082
1789688304.223057,5.0000,traffic cone,0.4881,387,124,311,115,4.7369,4.7374,-0.6235498,0.09388064,4.694723,-0.6369027,0.095782936,4.6934233,0.3335298299789428,0.4454357847571373,0.2202690124511717,0.31672162413597105,0.44554531052708624,0.2210527896881107
1789688304.267524,5.0000,traffic cone,0.2178,230,151,155,97,4.4052,4.4087,1.6822001,-0.0978985,4.0701437,1.6949668,-0.18010005,4.0659046,0.3034346103668213,0.6970092058181763,0.549924373626709,0.22143964767456037,0.6652505338191986,0.12612400054931605
1789688304.311698,5.0000,traffic cone,0.1802,82,33,54,17,3.1720,3.1747,-0.66155136,0.06483947,3.1015868,-0.6407311,0.06516875,3.1087058,0.07568728923797607,0.1829139843583107,0.04422116279602051,0.037832450866699174,0.1829474538564682,0.036759328842163264
1789688304.380630,5.0000,traffic cone,0.8128,144,83,50,29,3.3742,3.3651,1.076699,0.07647762,3.1969163,1.0417019,0.13970023,3.1967263,0.1200908660888671,0.3817299820482731,0.07506937980651873,0.07144324779510502,0.2543797492980957,0.05841379165649396
1789688304.429246,5.0000,traffic cone,0.6868,216,117,95,53,3.1642,3.1623,-0.7584267,0.06501667,3.0712492,-0.7940429,0.06518318,3.060327,0.15865933895111084,0.36491879522800447,0.08173670768737828,0.11174795627593992,0.2432156980037689,0.05078253746032724
1789688304.479223,5.0000,traffic cone,0.6508,231,29,134,28,4.0215,4.0218,0.13395882,0.35242626,4.003823,0.14078867,0.35244614,4.003869,0.34334061294794077,0.0009364008903503529,0.009595012664794567,0.33115939050912857,0.0009494900703430065,0.009712362289429066
1789688304.527403,5.0000,traffic cone,0.4883,383,19,302,115,3.4521,4.7413,-0.43224287,0.3515924,3.4068463,-0.6375198,0.09552026,4.697318,0.2020490795373917,0.015048164129257191,0.1024995565414426,0.3188123404979705,0.44577945619821546,0.21868219375610387
1789688304.575292,5.0000,traffic cone,0.2175,235,156,156,98,4.4066,4.4094,1.6842949,-0.0977227,4.07084,1.6955473,-0.18009982,4.066362,0.3137575387954712,0.6971252858638763,0.5502746105194092,0.22378749251365648,0.6655471503734589,0.1259430170059206
1789688304.624053,5.0000,traffic cone,0.1823,82,33,54,17,3.1721,3.1739,-0.66099244,0.06507823,3.1018052,-0.64023286,0.06507823,3.1079586,0.07702479362487791,0.18305841237306597,0.042556619644164684,0.03951663970947272,0.18283021748065947,0.03842582702636754
1789688304.695779,5.0000,traffic cone,0.8148,146,84,49,29,3.3736,3.3683,1.0773338,0.07648629,3.196041,1.0410397,0.13953763,3.200345,0.12445722222328182,0.38198790065944194,0.07332669496536282,0.07201128005981428,0.2545733392238617,0.051890897750854315
1789688304.726234,5.0000,traffic cone,0.6916,222,117,99,53,3.1647,3.1639,-0.7600651,0.06516589,3.071374,-0.79416865,0.06528418,3.0619137,0.15811719894409182,0.36479440331459045,0.08477816581726083,0.11209545135498045,0.24324652254581453,0.051029205322265625
1789688304.759562,5.0000,traffic cone,0.6523,231,29,133,29,4.0201,4.0200,0.1303205,0.3522923,4.0025287,0.14392768,0.3522923,4.001926,0.34316224157810205,0.0008968114852905273,0.009978580474853338,0.34315037429332734,0.0008977651596069336,0.009978580474853338
1789688304.806292,5.0000,traffic cone,0.4919,383,19,305,116,3.4547,4.7409,-0.4313352,0.35126054,3.40962,-0.6377835,0.09498416,4.6968646,0.20172553062438964,0.014621204137802102,0.09435794353485116,0.3288717120885849,0.4459082428365946,0.2198047637939453
1789688304.855334,5.0000,traffic cone,0.2219,232,153,154,96,4.4065,4.4073,1.6848053,-0.09793434,4.0705476,1.6931572,-0.18010002,4.06511,0.3066172122955324,0.6968613743782044,0.5497435569763178,0.22185364365577698,0.6657681465148926,0.12304055690765381
1789688304.903287,5.0000,traffic cone,0.1832,84,33,56,17,3.1730,3.1749,-0.660874,0.06497866,3.1027663,-0.6400409,0.065187514,3.1090326,0.07555289268493659,0.18300260603427887,0.04007563591003427,0.039146590232849166,0.18291857540607454,0.03858652114868155
1789688304.960320,5.0000,traffic cone,0.8153,144,83,48,28,3.3739,3.3661,1.0770357,0.07661003,3.1964767,1.0422679,0.13979186,3.1975694,0.12031962871551505,0.3817070655524731,0.07373356819152832,0.07125737667083754,0.23232950791716575,0.054231905937194735
1789688305.003251,5.0000,traffic cone,0.6942,223,118,97,53,3.1648,3.1649,-0.76205695,0.06508606,3.0709581,-0.79467404,0.06518249,3.0628023,0.16055670082569118,0.36503376215696337,0.08439134359359723,0.11202554702758782,0.24318015426397324,0.0477319240570071
1789688305.047629,5.0000,traffic cone,0.6550,231,29,133,29,4.0211,4.0215,0.13255015,0.3524938,4.0033917,0.14611688,0.3524938,4.0033917,0.343280005455017,0.0010295152664184792,0.00975213050842294,0.34317998290061946,0.0009616732597351185,0.010867738723755238
1789688305.092214,5.0000,traffic cone,0.4933,384,28,307,28,4.0153,4.0153,-0.5262675,0.35231307,3.9649956,-0.5262675,0.35231307,3.9649956,0.2937003329396248,0.06416414231061934,0.14664847850799578,0.2937003329396248,0.06416414231061934,0.14664847850799578
1789688305.137999,5.0000,traffic cone,0.2219,238,156,162,100,4.4074,4.4086,1.6859173,-0.097666666,4.070982,1.6983737,-0.0985437,4.0671844,0.3072449564933777,0.6970500871539116,0.5461587905883789,0.23810570240020756,0.6652476012706756,0.12328443527221733
1789688305.183304,5.0000,traffic cone,0.1810,85,33,57,17,3.1747,3.1741,-0.66025823,0.06513655,3.1045876,-0.6380504,0.06514463,3.1086063,0.07617999315261836,0.18305601179599762,0.039284896850586115,0.03749225139617918,0.18313885480165482,0.03314661979675293
1789688305.252752,5.0000,traffic cone,0.8157,144,83,50,29,3.3764,3.3693,1.0771483,0.07650164,3.1990824,1.0442196,0.13961431,3.2003462,0.12275420427322392,0.38192683979868886,0.07700316905975324,0.07208509445190425,0.22902310490608216,0.0557342052459715
1789688305.286688,5.0000,traffic cone,0.6896,221,119,97,54,3.1653,3.1657,-0.763598,0.06515531,3.071108,-0.79646575,0.06522597,3.063139,0.16114370822906499,0.3650980912148952,0.08490247726440447,0.11382997930049898,0.24318614602088928,0.052796030044555575
1789688305.330031,5.0000,traffic cone,0.6558,232,29,129,30,4.0198,4.0198,0.13040045,0.35224658,4.002222,0.13718149,0.35225153,4.0019417,0.3432588830590248,0.0010080099105834739,0.00866594314575142,0.3553133562207222,0.000996398925781239,0.00996789932250941
1789688305.375546,5.0000,traffic cone,0.4978,386,125,308,116,4.7403,4.7405,-0.62227315,0.094436824,4.6983333,-0.6351845,0.096074864,4.6968126,0.33627612590789796,0.4458582192659378,0.21832437515258807,0.31683433055877686,0.4459388442337513,0.2185349464416504
1789688305.421671,5.0000,traffic cone,0.2199,236,155,163,100,4.4055,4.4091,1.6836579,-0.09755119,4.069883,1.6987505,-0.1393758,4.066287,0.31483272314071664,0.6967681795358658,0.5438229560852053,0.2508970379829407,0.6651546806097031,0.11938786506652832
1789688305.461609,5.0000,traffic cone,0.1836,85,33,55,17,3.1730,3.1750,-0.6589331,0.06508051,3.1030934,-0.6372439,0.06523225,3.109751,0.07638833522796629,0.18308145701885223,0.039341783523559215,0.03870911598205573,0.18309185057878496,0.030585765838623047
1789688305.523469,5.0000,traffic cone,0.8172,148,84,48,27,3.3748,3.3659,1.0794766,0.076490834,3.196635,1.0438575,0.13983628,3.19692,0.12401354908943163,0.38183472603559493,0.0743234872817995,0.07061401605606088,0.23538023233413696,0.054497599601745605
1789688305.573168,5.0000,traffic cone,0.6833,221,119,95,54,3.1656,3.1648,-0.7629533,0.06508094,3.071643,-0.79527575,0.06516227,3.0625916,0.1607346951961517,0.3648757070302963,0.08536810874938983,0.1138540089130401,0.2431478828191757,0.04900544881820679
1789688305.622339,5.0000,traffic cone,0.6566,232,29,132,28,4.0201,4.0206,0.13406721,0.35228226,4.0024233,0.14085668,0.3523025,4.0026493,0.3431769073009491,0.0008815407752990612,0.010256052017211914,0.3309587717056274,0.0008887767791748158,0.010328412055969238
1789688305.671759,5.0000,traffic cone,0.5000,384,124,305,116,4.7410,4.7423,-0.6230114,0.0937843,4.698901,-0.63800144,0.095105484,4.6982384,0.3345270991325378,0.445789884030819,0.21949925422668493,0.32308071851730347,0.44587888196110725,0.22387397289276123
1789688305.721208,5.0000,traffic cone,0.2200,236,157,157,98,4.4057,4.4070,1.6839412,-0.09757105,4.0700397,1.6975334,-0.1393986,4.0645723,0.3280649423599242,0.6970739901065827,0.5484899997711183,0.2357925534248353,0.6653010666370391,0.1251585006713869
1789688305.766387,5.0000,traffic cone,0.1846,84,33,273,134,3.1757,3.1732,-0.65951097,0.06515093,3.1058254,-0.76367986,0.004357964,3.0799737,0.07560815811157229,0.18313166499137878,0.04166808128356925,0.16875070631504052,0.42618001699447633,0.09579361677169818
1789688305.836570,5.0000,traffic cone,0.8177,145,83,47,28,3.3743,3.3649,1.0760343,0.07653575,3.1971667,1.0422174,0.13971603,3.196398,0.12096611261367807,0.3817523173987865,0.06876597404479945,0.07147965431213366,0.23223885521292686,0.05378081798553458
1789688305.886247,5.0000,traffic cone,0.6863,224,119,97,54,3.1656,3.1641,-0.76293236,0.06522946,3.071577,-0.79628736,0.065202326,3.0615454,0.16083706617355353,0.3649846166372299,0.08238992691040004,0.11558476090431202,0.24318418018519877,0.04763364791870117
1789688305.936608,5.0000,traffic cone,0.6607,231,29,125,28,4.0197,4.0198,0.13378291,0.35224742,4.002006,0.14061396,0.35224524,4.0018744,0.34309468567371365,0.0010173797607421764,0.012107563018798562,0.3309222757816314,0.001020026206970226,0.012283492088318138
1789688305.986075,5.0000,traffic cone,0.4989,387,124,308,114,4.7404,4.7375,-0.6235435,0.093822554,4.698292,-0.6349982,0.09494561,4.6937685,0.33580563068389885,0.44573421217501163,0.22255661487579292,0.31549896895885465,0.44582683220505714,0.216788649559021
1789688306.031152,5.0000,traffic cone,0.2172,239,158,161,100,4.4062,4.4078,1.6842614,-0.09726821,4.070462,1.6976821,-0.098529145,4.0666084,0.3264727532863618,0.6973737806081772,0.5529713869094843,0.2555227696895599,0.6654215082526207,0.11925504207611048
1789688306.076378,5.0000,traffic cone,0.1855,84,33,277,134,3.1733,3.1741,-0.659669,0.0651388,3.103323,-0.7645028,0.0043925196,3.0806847,0.07562694549560545,0.18298211395740507,0.04634580612182626,0.1683179765939713,0.4263681426644325,0.09447745084762582
1789688306.144782,5.0000,traffic cone,0.8178,145,84,46,28,3.3736,3.3660,1.0780787,0.076444775,3.1957548,1.0427302,0.13963096,3.1973364,0.12445037364959721,0.3819271631538868,0.07375154495239267,0.07193504571914655,0.23207483664155007,0.05653359889984122
1789688306.175453,5.0000,traffic cone,0.6902,222,119,101,55,3.1667,3.1635,-0.76328635,0.06516464,3.0726798,-0.79325604,0.06518485,3.061744,0.16108582615852352,0.3648246057331562,0.08605875968933097,0.11310077309608457,0.2432276651263237,0.051374053955078214
1789688306.208476,5.0000,traffic cone,0.6596,231,29,128,29,4.0199,4.0203,0.1332437,0.35236198,4.0022264,0.14667837,0.35233295,4.002168,0.34318950474262233,0.0012587428092956654,0.009787988662719904,0.3432618230581283,0.0012587428092956654,0.009938287734985174
1789688306.256614,5.0000,traffic cone,0.5031,383,124,306,28,4.7384,4.0157,-0.6227873,0.09362297,4.696317,-0.52636933,0.35243905,3.9653976,0.335931384563446,0.44575513526797295,0.21732113361358696,0.2936682194471359,0.0642238572239876,0.1522756814956665
1789688306.304632,5.0000,traffic cone,0.2161,237,158,158,100,4.4065,4.4080,1.6843894,-0.09730715,4.070671,1.695872,-0.1393753,4.0663505,0.3251449048519135,0.6971153199672699,0.5438991785049438,0.23960652947425842,0.6654500141739845,0.12006845474243111
1789688306.353246,5.0000,traffic cone,0.1839,83,33,274,134,3.1716,3.1732,-0.6598091,0.064914405,3.1015728,-0.7642007,0.0043529123,3.0798016,0.07788027524948116,0.18318960219621658,0.0436009883880617,0.16897186636924744,0.4264977917075157,0.09304867982864362
1789688306.428253,5.0000,traffic cone,0.8188,147,85,51,30,3.3743,3.3676,1.076949,0.07649943,3.1968637,1.0410018,0.13975446,3.1995792,0.1261911392211914,0.3818187266588211,0.07370190620422346,0.07086730003356934,0.25445404425263407,0.05654335021972656
1789688306.478009,5.0000,traffic cone,0.6879,221,118,98,54,3.1665,3.1643,-0.7614948,0.06504026,3.072917,-0.79573953,0.06516198,3.061947,0.15906397104263303,0.3650331933051348,0.0817387342453002,0.11297170519828781,0.24326551891863346,0.049241602420806885
1789688306.527411,5.0000,traffic cone,0.6604,231,29,134,29,4.0207,4.0212,0.13265744,0.35242146,4.003023,0.1462757,0.35242146,4.003023,0.3431830450892448,0.0008094191551208385,0.009076118469237837,0.3432410165667533,0.0008094191551208385,0.009717941284179243
1789688306.573282,5.0000,traffic cone,0.5014,385,124,306,28,4.7396,4.0145,-0.6226709,0.09398058,4.6975327,-0.52849674,0.35241783,3.9639661,0.33540145456790915,0.4457675792276859,0.21558351516723562,0.2960308566689491,0.06386444866657254,0.1533164024353031
1789688306.618599,5.0000,traffic cone,0.2169,234,154,158,99,4.4070,4.4090,1.6839797,-0.097712025,4.0713987,1.6975836,-0.18010011,4.0651464,0.31161697506904606,0.6969881057739258,0.5468625783920293,0.23867992162704454,0.6655282735824585,0.12192144393920934
1789688306.664222,5.0000,traffic cone,0.1812,83,33,53,17,3.1728,3.1737,-0.65954137,0.06504041,3.10277,-0.6377283,0.06527233,3.1082654,0.07726495265960698,0.18308910578489304,0.03913183212280247,0.039722430706024214,0.1830561026930809,0.0353457450866701
1789688306.734560,5.0000,traffic cone,0.8162,145,83,49,29,3.3756,3.3665,1.0773919,0.07635553,3.198117,1.0421448,0.13963972,3.198117,0.11962958574295035,0.3817343093454838,0.07362053394317636,0.07183010578155535,0.22909360229969025,0.05400228500366211
1789688306.783957,5.0000,traffic cone,0.6889,219,120,98,55,3.1655,3.1631,-0.7635567,0.06507946,3.0712955,-0.7977341,0.06509681,3.0601778,0.16293585896492002,0.3648192435503006,0.08590279817581203,0.11634242534637451,0.24324015602469445,0.04872465133666992
1789688306.834824,5.0000,traffic cone,0.6582,231,29,135,29,4.0205,4.0207,0.13114324,0.3522554,4.0029254,0.14476657,0.3522464,4.002602,0.3431187555193901,0.0007708907127380593,0.008893918991089045,0.34309299439191815,0.0008489370346069225,0.009515142440795987
1789688306.875422,5.0000,traffic cone,0.5026,383,125,306,120,4.7405,4.7440,-0.6242295,0.0933602,4.698272,-0.6441405,0.09618965,4.699053,0.34655119776725773,0.4457201972603798,0.21839303970336932,0.3281900078058243,0.44578869752585887,0.23373506069183403
1789688306.907081,5.0000,traffic cone,0.2202,239,157,161,100,4.4077,4.4098,1.6838847,-0.097611725,4.072241,1.698092,-0.18010022,4.0657635,0.3164635896682739,0.6970432996749878,0.5457145214080814,0.23693881630897518,0.6654190227389336,0.12210643291473389
1789688306.953518,5.0000,traffic cone,0.1850,84,33,55,17,3.1722,3.1734,-0.6608658,0.06522198,3.101881,-0.6379915,0.06523639,3.1078918,0.07656000852584843,0.1830059453845024,0.04220600128173846,0.03827748298645017,0.18303444236516953,0.03481225967407253
1789688307.007850,5.0000,traffic cone,0.8176,149,83,49,29,3.3757,3.3685,1.078205,0.07648054,3.1979692,1.042559,0.1397106,3.200031,0.12509425878524771,0.38202423006296155,0.07247180938720721,0.07085349559783927,0.2546760350465775,0.0535581111907959
1789688307.047952,5.0000,traffic cone,0.6917,224,118,99,53,3.1655,3.1639,-0.7612892,0.065130375,3.071879,-0.7951789,0.06519839,3.0616925,0.16133759319782248,0.36493240110576153,0.08450734615325928,0.1105847954750061,0.24303686022758483,0.04831337928771973
1789688307.099992,5.0000,traffic cone,0.6566,231,29,134,29,4.0219,4.0219,0.1301159,0.35242218,4.0042825,0.14384449,0.35234672,4.003878,0.34318238645792004,0.0009248018264770286,0.010324144363402787,0.34314386993646623,0.0010274052619934082,0.010658597946166637
1789688307.146280,5.0000,traffic cone,0.5026,386,28,307,28,4.0135,4.0135,-0.5257543,0.3522232,3.9633176,-0.5257543,0.3522232,3.9633176,0.29216363877058027,0.06340445578098297,0.15672986507415754,0.29216363877058027,0.06340445578098297,0.15672986507415754
1789688307.191154,5.0000,traffic cone,0.2196,235,154,157,97,4.4061,4.4073,1.6818229,-0.09783195,4.071335,1.6954566,-0.18009996,4.064185,0.3080383658409118,0.6972251549363135,0.5511146068572996,0.22291910648345947,0.66572265625,0.12493953704833949
1789688307.236046,5.0000,traffic cone,0.1838,84,33,55,17,3.1735,3.1754,-0.6606685,0.06507568,3.1033309,-0.6384767,0.06508179,3.1098788,0.07711719274520878,0.1830909863114357,0.04023489952087411,0.039239263534545876,0.18313279747962952,0.036066436767578036
1789688307.304680,5.0000,traffic cone,0.8174,147,82,49,28,3.3746,3.3675,1.0758743,0.07652195,3.1976128,1.0416764,0.13985357,3.1992364,0.11999818682670593,0.38176691718399525,0.07394263744354257,0.07299699187278752,0.23233507424592972,0.052288246154785334
1789688307.338434,5.0000,traffic cone,0.6871,229,125,97,53,3.1665,3.1641,-0.7571742,0.06520291,3.0739424,-0.79389316,0.065223366,3.0621674,0.1694440245628357,0.364961339533329,0.08342289924621582,0.11342319250106803,0.2433897003531456,0.05047903060913095
1789688307.382900,5.0000,traffic cone,0.6573,231,29,134,29,4.0218,4.0222,0.13145937,0.35235858,4.0041556,0.14510007,0.35233915,4.0040617,0.3431798785924911,0.001171982288360629,0.01278543472290039,0.34318236410617825,0.001171982288360629,0.01339092254638663
1789688307.428410,5.0000,traffic cone,0.5033,385,124,308,119,4.7382,4.7432,-0.6221098,0.09387472,4.696225,-0.6424497,0.09568684,4.698551,0.33290651738643645,0.44571827352046967,0.21387443542480522,0.3286314129829407,0.4457630209624767,0.23591976165771555
1789688307.473571,5.0000,traffic cone,0.2140,235,155,158,98,4.4058,4.4075,1.684361,-0.097911544,4.069938,1.697469,-0.13935575,4.0651426,0.31791746616363525,0.6971126019954681,0.546827650070191,0.23619816303253183,0.6655062749981879,0.12203712463378835
1789688307.517930,5.0000,traffic cone,0.1876,82,33,274,133,3.1750,3.1730,-0.66105914,0.064928815,3.1047294,-0.763442,0.004450664,3.0797799,0.0756283283233643,0.18305731266736985,0.04615616798400879,0.1667784810066223,0.42630125880241393,0.09285449981689453
1789688307.586494,5.0000,traffic cone,0.8193,143,83,48,28,3.3743,3.3658,1.0774417,0.076521635,3.1967754,1.0422883,0.1397896,3.1972818,0.12243461608886719,0.38169873058795933,0.07403860092163095,0.07032839059829721,0.23216800242662428,0.055473041534424006
1789688307.617770,5.0000,traffic cone,0.6879,227,125,96,53,3.1678,3.1625,-0.7570401,0.065110326,3.0753708,-0.794566,0.06514555,3.060329,0.1711239337921142,0.3648607075214386,0.08586111068725621,0.11108733415603633,0.24319289475679398,0.051774787902831854
1789688307.651321,5.0000,traffic cone,0.6552,231,29,135,29,4.0214,4.0219,0.13079995,0.3524203,4.0037875,0.14450607,0.3524181,4.003781,0.34326605349779127,0.000991785526275657,0.011511135101318626,0.34327502399682996,0.000991785526275657,0.012212276458740678
1789688307.700142,5.0000,traffic cone,0.5016,390,19,310,116,3.4532,4.7418,-0.43100792,0.35142902,3.408123,-0.6363183,0.09623933,4.6979284,0.20086651146411888,0.014710885286331188,0.09817948341369664,0.31639108061790466,0.44572467915713787,0.21911799907684326
1789688307.747928,5.0000,traffic cone,0.2236,239,156,161,99,4.4079,4.4055,1.6840553,-0.0976965,4.072341,1.6964325,-0.098555766,4.064544,0.3136788010597229,0.6970628872513771,0.5495091676712036,0.23987698554992676,0.6657284945249557,0.1241192340850823
1789688307.796156,5.0000,traffic cone,0.1866,84,33,272,132,3.1732,3.1746,-0.6603455,0.065047204,3.1030316,-0.7631085,0.0044345334,3.0815084,0.07618396282196038,0.18299253284931183,0.04178295135498056,0.16874355375766759,0.4264004841446877,0.09143126010894775
1789688307.870377,5.0000,traffic cone,0.8189,148,83,48,27,3.3732,3.3637,1.0772045,0.07639906,3.195663,1.0428782,0.13984719,3.1948671,0.12428435087203993,0.38191625848412514,0.07178051471710223,0.069256567955017,0.23526368290185928,0.054133129119873225
1789688307.919715,5.0000,traffic cone,0.6903,230,126,98,54,3.1665,3.1651,-0.7566648,0.06515222,3.0740602,-0.79582256,0.06519031,3.062674,0.1713908314704895,0.3649081848561764,0.08455097675323486,0.11250352859497059,0.243383177742362,0.046114754676819025
1789688307.977052,5.0000,traffic cone,0.6558,232,29,129,30,4.0197,4.0202,0.13367078,0.35233516,4.002018,0.14051318,0.35234532,4.002265,0.34296150207519527,0.0013130426406860463,0.013038158416748047,0.35526385009288786,0.0014280438423156516,0.012784123420715332
1789688308.023831,5.0000,traffic cone,0.5020,387,19,307,115,3.4522,4.7382,-0.43210846,0.3513239,3.406983,-0.6370008,0.0955829,4.694225,0.20236365795135497,0.014738911390304532,0.09721829891204825,0.3171365141868591,0.44572862833738325,0.21664733886718768
1789688308.069373,5.0000,traffic cone,0.2266,237,157,160,101,4.4075,4.4091,1.6849792,-0.09743033,4.071488,1.6964916,-0.098655425,4.0684457,0.3257328510284423,0.6971768260002136,0.5498951911926269,0.2377316951751709,0.6656178832054138,0.12460184097290039
1789688308.114210,5.0000,traffic cone,0.1875,83,33,274,134,3.1753,3.1740,-0.66045606,0.065057054,3.1051588,-0.76349485,0.004382834,3.0807786,0.07579183578491211,0.18301931321620943,0.045314979553222834,0.1691085547208786,0.4262286052107811,0.09253064393997201
1789688308.184454,5.0000,traffic cone,0.8197,145,81,48,28,3.3740,3.3662,1.075027,0.076714784,3.1972091,1.0417559,0.13976984,3.1978488,0.12072277069091797,0.3817301392555237,0.07320189476013184,0.0726509273052216,0.23205939531326295,0.055035781860351296
1789688308.232946,5.0000,traffic cone,0.6908,222,118,98,53,3.1655,3.1621,-0.7618368,0.065100744,3.0717282,-0.79323465,0.0651024,3.0602896,0.15910784304142,0.36467994675040244,0.08619045019149807,0.11138437986373906,0.24314614981412888,0.04908852577209499
1789688308.283094,5.0000,traffic cone,0.6592,231,29,136,29,4.0191,4.0191,0.13433936,0.35231873,4.001327,0.13433936,0.35231873,4.001327,0.34315834790468214,0.001315474510192871,0.011892890930175426,0.34315834790468214,0.001315474510192871,0.011892890930175426
1789688308.329318,5.0000,traffic cone,0.5053,385,19,306,28,3.4530,4.0117,-0.43233293,0.35137728,3.4077492,-0.5273491,0.35227743,3.9612741,0.20220013260841369,0.014599913358688321,0.09467566013336182,0.295116913318634,0.06382196247577665,0.15169720649719265
1789688308.360019,5.0000,traffic cone,0.2249,237,158,160,99,4.4068,4.4085,1.6841887,-0.09740172,4.071159,1.6992401,-0.09867984,4.0667076,0.32528503537178044,0.697341750562191,0.5482729434967037,0.23947656154632546,0.6658675611019135,0.12365121841430682
1789688308.407085,5.0000,traffic cone,0.1837,83,33,273,133,3.1746,3.1752,-0.6606823,0.06504421,3.104402,-0.762253,0.004320428,3.082328,0.07619889974594107,0.18304803669452668,0.04108829498290989,0.16642937660217283,0.4262533813714981,0.09283118247985822
1789688308.478822,5.0000,traffic cone,0.8195,145,85,49,29,3.3755,3.3673,1.0771966,0.07644686,3.1981268,1.041775,0.1399414,3.199011,0.12698807716369642,0.38202683329582215,0.07207722663879412,0.0714730262756349,0.254478845000267,0.05661306381225595
1789688308.528732,5.0000,traffic cone,0.6955,218,118,94,53,3.1645,3.1645,-0.7616545,0.065149374,3.0707407,-0.7935746,0.065271616,3.0626347,0.16076033115386967,0.3649129219353199,0.08236019611358669,0.11376246213912955,0.24337282925844195,0.04693403244018546
1789688308.580940,5.0000,traffic cone,0.6595,231,29,135,29,4.0214,4.0219,0.13276803,0.35240084,4.0037656,0.14650744,0.35240084,4.0037656,0.3432566106319427,0.0009725451469421165,0.008680582046508789,0.34318540096282957,0.0009725451469421165,0.01110663414001456
1789688308.627429,5.0000,traffic cone,0.5044,384,124,305,28,4.7420,4.0104,-0.6228709,0.09359382,4.6999383,-0.52472806,0.35217047,3.9602592,0.3350639969110489,0.4456870082765818,0.2135680913925171,0.29384426176548006,0.06447042077779769,0.1498635292053221
1789688308.672807,5.0000,traffic cone,0.2204,235,154,160,100,4.4075,4.4086,1.6846361,-0.09771768,4.071665,1.6961598,-0.1393672,4.0668707,0.3090616464614866,0.6970806881785392,0.5476099014282223,0.24206001162528978,0.6653625681996345,0.12280378341674769
1789688308.718565,5.0000,traffic cone,0.1835,84,33,56,17,3.1740,3.1765,-0.66159105,0.06518021,3.1036203,-0.640756,0.06535508,3.1104698,0.07534819841384888,0.183087557554245,0.043926334381103604,0.03731849193573,0.18306264281272888,0.03849849700927743
1789688308.790588,5.0000,traffic cone,0.8203,145,82,51,29,3.3740,3.3648,1.077286,0.07652514,3.1965084,1.0417622,0.13962162,3.196383,0.11890563368797302,0.3817863844335079,0.07179474830627441,0.07210018634796134,0.2544364482164383,0.061013889312743874
1789688308.840426,5.0000,traffic cone,0.6991,224,118,100,53,3.1665,3.1643,-0.7622342,0.06509662,3.07267,-0.79643226,0.06535664,3.0616975,0.15964056551456451,0.3650694899260998,0.08495967388153103,0.1115949630737304,0.24323320686817168,0.04962739944458017
1789688308.891740,5.0000,traffic cone,0.6592,232,29,135,29,4.0204,4.0208,0.13251163,0.35225612,4.0027146,0.14609598,0.35225612,4.0027146,0.3431153208017349,0.0011572360992431752,0.009601449966430309,0.3430910259485245,0.0011572360992431752,0.011962175369262695
1789688308.950511,5.0000,traffic cone,0.5062,383,28,307,28,4.0134,4.0134,-0.52660257,0.35228553,3.963039,-0.52660257,0.35228553,3.963039,0.2940077185630798,0.06367773115634917,0.15357222557067907,0.2940077185630798,0.06367773115634917,0.15357222557067907
1789688308.996606,5.0000,traffic cone,0.2158,234,154,157,97,4.4074,4.4084,1.6854446,-0.09766506,4.071229,1.6972185,-0.18009996,4.0646305,0.3098651587963104,0.6967098638415337,0.5476215362548831,0.2250064373016354,0.6655795574188232,0.1188324928283695
1789688309.028108,5.0000,traffic cone,0.1858,82,33,276,133,3.1749,3.1737,-0.66168237,0.06508657,3.104536,-0.76437736,0.004373759,3.0802398,0.07679977416992179,0.18320259302854539,0.04702014923095721,0.16740348339080813,0.42649033665657043,0.09345135688781747
1789688309.083442,5.0000,traffic cone,0.8212,147,83,53,30,3.3738,3.3664,1.0761337,0.07655577,3.1966157,1.0413995,0.13966581,3.1982596,0.12221775054931627,0.38179950788617134,0.07205789089202863,0.06813146471977216,0.29007888361811635,0.06230963468551609
1789688309.125867,5.0000,traffic cone,0.6983,229,124,97,53,3.1655,3.1632,-0.75723565,0.065205455,3.0728936,-0.79402655,0.065219596,3.0611994,0.1685856699943542,0.3648884415626526,0.0826277017593382,0.11056216955184928,0.2433029741048813,0.05108327865600604
1789688309.174142,5.0000,traffic cone,0.6627,232,29,135,29,4.0193,4.0195,0.13300526,0.3521313,4.00159,0.14660275,0.3521313,4.0013967,0.34304926544427866,0.0010685205459594616,0.011945486068725586,0.34309176355600357,0.0010685205459594616,0.011945486068725586
1789688309.219471,5.0000,traffic cone,0.5067,390,125,311,118,4.7428,4.7453,-0.62257457,0.09424533,4.7007656,-0.6382611,0.094969735,4.701247,0.33502281904220577,0.4457755222916603,0.21916465759277326,0.3280507832765579,0.4458655957132578,0.22080137729644722
1789688309.265396,5.0000,traffic cone,0.2157,237,157,160,101,4.4079,4.4113,1.6860791,-0.09692671,4.071479,1.6968868,-0.18010019,4.0679116,0.3190455436706541,0.696937346458435,0.5458342075347895,0.23694825172424316,0.6653047204017639,0.12457609176635742
1789688309.310009,5.0000,traffic cone,0.1826,83,33,274,133,3.1763,3.1744,-0.66029763,0.06519131,3.106243,-0.7607692,0.0044135153,3.0818803,0.07632197141647346,0.18306033760309218,0.040361738204956144,0.16673732995986934,0.4264949232339859,0.09253253936767569
1789688309.379647,5.0000,traffic cone,0.8213,145,84,50,29,3.3752,3.3675,1.0784545,0.076545134,3.1973844,1.0415796,0.1396775,3.1993005,0.12565336823463436,0.3819682586938143,0.07535159587860107,0.0729156017303465,0.2545438587665558,0.05809593200683594
1789688309.429194,5.0000,traffic cone,0.6954,229,125,98,53,3.1646,3.1638,-0.75724584,0.06518036,3.0719419,-0.7948885,0.06522195,3.0616703,0.17028090953826902,0.36484234333038335,0.08388977050781277,0.11225525140762327,0.24325081855058672,0.05107603073120126
1789688309.479815,5.0000,traffic cone,0.6695,231,29,134,29,4.0212,4.0216,0.13319771,0.35235074,4.0034704,0.1466508,0.35235074,4.0034704,0.34305870234966274,0.001116371154785134,0.010821390151977361,0.3431668430566787,0.0009085178375243808,0.010821390151977361
1789688309.529083,5.0000,traffic cone,0.5038,383,19,309,28,3.4527,4.0108,-0.43086708,0.35118482,3.407636,-0.5267459,0.3522691,3.9604003,0.20235933661460875,0.015064537525177002,0.10058147907257053,0.29598967730998993,0.06420292407274247,0.14517004489898655
1789688309.577080,5.0000,traffic cone,0.2099,234,155,155,97,4.4076,4.4082,1.6835277,-0.097754374,4.0721865,1.6969182,-0.18010008,4.0645013,0.3181774139404294,0.6971780568361282,0.5487470626831055,0.22510836124420153,0.6657095491886138,0.12498712539672852
1789688309.625180,5.0000,traffic cone,0.1858,83,33,281,140,3.1749,3.1704,-0.66168684,0.06507391,3.1045196,-0.7594747,0.064918526,3.07741,0.07648907899856572,0.18308452665805816,0.04641876220703134,0.16697394251823416,0.42648394107818605,0.0944617748260499
1789688309.681216,5.0000,traffic cone,0.8198,149,83,52,30,3.3744,3.3658,1.0781187,0.07651058,3.1966457,1.040883,0.1396094,3.197746,0.12406718730926514,0.38181881308555604,0.07223889827728236,0.0722600936889648,0.28999246209859847,0.06203279495239267
1789688309.725247,5.0000,traffic cone,0.6921,230,125,97,53,3.1674,3.1638,-0.7571702,0.06514038,3.074874,-0.79382586,0.06526397,3.061849,0.1711493730545044,0.3649788677692414,0.08479523658752441,0.11117455959320066,0.24326082020998002,0.04992618560791007
1789688309.756223,5.0000,traffic cone,0.6661,231,29,136,29,4.0192,4.0196,0.13201755,0.35242862,4.0015397,0.1458017,0.35234392,4.001485,0.34325909018516537,0.0010493993759155273,0.012240982055663707,0.34309474825859065,0.001021742820739746,0.01294212341308576
1789688309.786750,5.0000,traffic cone,0.5055,386,125,308,116,4.7402,4.7420,-0.6225877,0.09414342,4.698241,-0.637374,0.09623259,4.6979895,0.3349056303501129,0.4456494837999344,0.21324520111083967,0.3182540237903595,0.4457384143024683,0.21589040756225586
1789688309.830175,5.0000,traffic cone,0.2082,238,159,161,102,4.4111,4.4088,1.6875117,-0.0970451,4.0743484,1.698071,-0.098612726,4.067519,0.3152574181556702,0.6971760660409927,0.550231122970581,0.23875706791877738,0.6572910428047161,0.11886279582977277
1789688309.879621,5.0000,traffic cone,0.1859,85,33,274,133,3.1764,3.1735,-0.6614528,0.06497054,3.1060677,-0.7627351,0.0044255108,3.0804718,0.07627305984497068,0.1830294370651245,0.040491676330566495,0.16896138191223153,0.4264475882053375,0.09118671417236346
1789688309.933255,5.0000,traffic cone,0.8204,147,84,50,30,3.3752,3.3703,1.0791905,0.07652478,3.1971405,1.0431256,0.13995706,3.2017221,0.12290692329406738,0.38188636489212513,0.07236599922180176,0.06651974916458125,0.2898666802793741,0.06656785011291522
1789688309.976702,5.0000,traffic cone,0.6873,231,124,100,53,3.1688,3.1640,-0.75710005,0.06516244,3.0763807,-0.7932547,0.0651817,3.06222,0.16891350746154787,0.3649819247424603,0.08551485538482684,0.11228868961334226,0.24320794343948365,0.04970340728759748
1789688310.022511,5.0000,traffic cone,0.6647,231,29,135,29,4.0222,4.0220,0.13261414,0.3525064,4.004567,0.14627904,0.35246503,4.003882,0.34316889643669124,0.0012304544448852317,0.012475395202637074,0.3431022584438324,0.0012304544448852317,0.014062690734863548
1789688310.067881,5.0000,traffic cone,0.5069,386,19,305,28,3.4537,4.0131,-0.4325679,0.35135412,3.4084892,-0.52384657,0.35229167,3.9631648,0.20139110684394834,0.014729684591293313,0.0965571403503418,0.2939759731292725,0.06447032541036607,0.14602706432342583
1789688310.112291,5.0000,traffic cone,0.2067,237,157,162,102,4.4083,4.4097,1.68614,-0.09702897,4.071981,1.6984749,-0.09858621,4.0682564,0.31512777805328374,0.697040981054306,0.5489225387573238,0.24980454444885236,0.6576647207140904,0.12323780059814471
1789688310.157102,5.0000,traffic cone,0.1865,83,33,274,132,3.1760,3.1753,-0.66056305,0.06507984,3.1058378,-0.7629669,0.0044671595,3.082319,0.07741140127182011,0.18321857899427413,0.041563987731933594,0.1678054362535476,0.4263258710503578,0.09369814395904541
1789688310.228022,5.0000,traffic cone,0.8189,147,83,53,31,3.3760,3.3690,1.0769993,0.076427415,3.1987185,1.0433242,0.13954283,3.2003253,0.1232386708259583,0.3820745922625065,0.07509610652923548,0.07118284702301025,0.2867923863232136,0.06611478328704834
1789688310.278642,5.0000,traffic cone,0.6847,230,125,99,53,3.1662,3.1630,-0.75730515,0.06510499,3.0736578,-0.7953694,0.06517181,3.0606713,0.17026047706604008,0.3649334847927094,0.0893070220947263,0.11139411926269527,0.24324722737073898,0.04890069961547816
1789688310.329096,5.0000,traffic cone,0.6691,231,29,137,30,4.0204,4.0203,0.13264495,0.35230994,4.002755,0.13943437,0.3523308,4.0023894,0.3430636182427406,0.0010007977485656516,0.013099431991577148,0.3553186476230621,0.0009978890419006237,0.012998342514038086
1789688310.377556,5.0000,traffic cone,0.5083,387,19,306,28,3.4528,4.0152,-0.43160406,0.3513916,3.407619,-0.52668214,0.35250285,3.9649177,0.2016027063131332,0.01482480764389038,0.09670345783233625,0.29475448131561277,0.0638951689004898,0.14753816127777108
1789688310.425306,5.0000,traffic cone,0.2151,236,155,159,99,4.4069,4.4080,1.6836405,-0.0975924,4.071478,1.6973577,-0.09855869,4.0669107,0.309023070335388,0.6967595309019088,0.5470595836639407,0.23691723346710192,0.66514310836792,0.12493228912353516
1789688310.470540,5.0000,traffic cone,0.1881,83,33,275,133,3.1722,3.1730,-0.66124797,0.06503339,3.101862,-0.7642871,0.0044774413,3.079598,0.07741786241531368,0.1829680100083351,0.04148292541503906,0.16873008012771606,0.4263256400823593,0.0965810298919676
1789688310.516172,5.0000,traffic cone,0.8179,146,84,51,29,3.3738,3.3657,1.0776374,0.076498196,3.196136,1.040974,0.13986778,3.19761,0.12407948374748212,0.3817579496651888,0.07214424610137948,0.06837041378021236,0.29318180233240126,0.06375532150268537
1789688310.559064,5.0000,traffic cone,0.6934,230,125,97,54,3.1651,3.1647,-0.7574334,0.065172106,3.0724173,-0.7942508,0.065364905,3.0627356,0.1694507598876953,0.3649432778358459,0.08563108444213885,0.12290937900543208,0.24324914626777172,0.0485603332519533
1789688310.606290,5.0000,traffic cone,0.6674,232,29,133,29,4.0198,4.0202,0.13062066,0.3523566,4.0021625,0.14415494,0.35236317,4.0021625,0.3433231651782989,0.001155626773834184,0.010170269012450994,0.3433219730854034,0.001155626773834184,0.010625934600829723
1789688310.651791,5.0000,traffic cone,0.5030,385,28,307,28,4.0116,4.0116,-0.52594477,0.3522842,3.9613242,-0.52594477,0.3522842,3.9613242,0.2937996700406074,0.06399521827697757,0.15183176994323766,0.2937996700406074,0.06399521827697757,0.15183176994323766
1789688310.697423,5.0000,traffic cone,0.2142,235,156,157,100,4.4073,4.4076,1.6833946,-0.09764573,4.0719767,1.6961343,-0.13935903,4.065753,0.31782981753349304,0.6971555948257446,0.5458812713623047,0.23585867881774902,0.6655301928520203,0.12138097286224436
1789688310.742684,5.0000,traffic cone,0.1870,84,33,275,133,3.1730,3.1732,-0.66110706,0.064882055,3.1027317,-0.7630166,0.0044145733,3.08006,0.07626116275787354,0.18295645117759704,0.04246997833251953,0.16826090812683103,0.42655520141124725,0.09297122955322257
1789688310.811363,5.0000,traffic cone,0.8184,144,82,51,30,3.3754,3.3668,1.0765606,0.0765605,3.198154,1.0418522,0.13972765,3.1984599,0.12073318958282475,0.3816208358854055,0.07397732734680185,0.07030879259109502,0.29010426849126814,0.06440083980560285
1789688310.860091,5.0000,traffic cone,0.6994,226,124,99,54,3.1665,3.1654,-0.7571203,0.065131664,3.0739892,-0.79345834,0.065405324,3.0636306,0.16941517889499658,0.3649998527020216,0.08808743953704834,0.12147612273693076,0.24338548742234706,0.05215449333190891
1789688310.910562,5.0000,traffic cone,0.6700,232,29,127,29,4.0204,4.0209,0.13238594,0.35243258,4.002761,0.14606816,0.35243562,4.002761,0.34323893338441847,0.0006731629371642955,0.009383487701415838,0.34325288683176036,0.0006731629371642955,0.009677028656005948
1789688310.960526,5.0000,traffic cone,0.5056,386,19,310,115,3.4553,4.7402,-0.43091062,0.35132983,3.4102335,-0.63705623,0.09592649,4.6962605,0.20147131979465488,0.014913320541381836,0.09733915328979492,0.3166235566139221,0.4457035779953003,0.22006340026855487
1789688311.006206,5.0000,traffic cone,0.2171,237,157,159,99,4.4082,4.4079,1.684264,-0.097576514,4.0726023,1.6957921,-0.09859579,4.067478,0.3079056024551392,0.6970088183879852,0.5495827674865721,0.24048330783843985,0.6655525803565978,0.12127380371093732
1789688311.050564,5.0000,traffic cone,0.1891,82,33,273,133,3.1744,3.1750,-0.6610777,0.06506246,3.1041465,-0.7619232,0.0044590384,3.0821786,0.07590371370315552,0.1830572783946991,0.04244241714477548,0.16675525903701782,0.42662321627140043,0.09370117187500027
1789688311.121937,5.0000,traffic cone,0.8228,151,84,53,30,3.3746,3.3673,1.0778744,0.07641834,3.1969578,1.0415919,0.13985589,3.1990745,0.12491186857223524,0.38186876103281975,0.07379581928253165,0.06971202492713924,0.2547451488673687,0.05808084011077863
1789688311.166791,5.0000,traffic cone,0.6956,218,119,98,54,3.1671,3.1673,-0.76443684,0.06522885,3.0727234,-0.7959255,0.06529325,3.064985,0.16052784919738772,0.3648705318570137,0.08417181968688991,0.11502294540405267,0.24323749393224714,0.05045118331909171
1789688311.196474,5.0000,traffic cone,0.6701,231,29,130,30,4.0206,4.0208,0.1329698,0.3523919,4.0029583,0.13973631,0.35241017,4.0028896,0.3433680534362793,0.0010866403579711803,0.010235500335693537,0.35565209239721296,0.0010715812444687112,0.010269451141357244
1789688311.228145,5.0000,traffic cone,0.5037,382,124,309,115,4.7385,4.7386,-0.621829,0.09397595,4.696581,-0.6359508,0.095430136,4.6947584,0.3370107203722,0.4455433122813702,0.21539828777313197,0.3164749681949615,0.4456217892467976,0.21721210479736364
1789688311.273244,5.0000,traffic cone,0.2236,233,154,157,98,4.4066,4.4083,1.6848629,-0.097784586,4.070595,1.6960027,-0.18009996,4.0650396,0.3219481885433195,0.6973624527454376,0.5483150243759156,0.22221197485923772,0.6656322091817857,0.1250806093215946
1789688311.319505,5.0000,traffic cone,0.1902,83,33,271,133,3.1731,3.1753,-0.65819013,0.06502329,3.1033726,-0.76445305,0.004472807,3.0819116,0.0761086225509644,0.18296834379434584,0.0463281631469723,0.16846463680267332,0.42638428807258605,0.094106101989746
1789688311.390752,5.0000,traffic cone,0.8250,145,84,51,32,3.3752,3.3657,1.0761281,0.07659429,3.1981626,1.040329,0.10808642,3.1990874,0.12250404953956595,0.3820703335106373,0.07383708953857404,0.07061848640441903,0.2835526242852211,0.06201127767562875
1789688311.434772,5.0000,traffic cone,0.6974,222,117,100,53,3.1667,3.1669,-0.76099044,0.06520274,3.073184,-0.79621124,0.065299556,3.0644886,0.15824365615844727,0.36500276774168017,0.08187236785888663,0.1118430495262146,0.2430979460477829,0.050581026077270774
1789688311.474380,5.0000,traffic cone,0.6676,231,29,128,29,4.0211,4.0216,0.13313448,0.3524089,4.0034475,0.14675218,0.35240555,4.0034475,0.34334205538034435,0.001091766357421864,0.009993553161621094,0.3433493927121162,0.001091766357421864,0.010776424407958896
1789688311.517672,5.0000,traffic cone,0.5060,386,28,311,28,4.0132,4.0132,-0.5272994,0.3522634,3.9627807,-0.5272994,0.3522634,3.9627807,0.2958715036511421,0.06364072561264039,0.1508879423141476,0.2958715036511421,0.06364072561264039,0.1508879423141476
1789688311.562593,5.0000,traffic cone,0.2268,234,156,155,98,4.4071,4.4090,1.6846108,-0.097698525,4.0712547,1.6958011,-0.18010004,4.065875,0.3302507698535919,0.6971722319722176,0.5494598150253296,0.22522571682929993,0.6650673508644104,0.12340052127838153
1789688311.608061,5.0000,traffic cone,0.1941,84,33,274,132,3.1728,3.1743,-0.660419,0.065069854,3.1026435,-0.7632834,0.004442841,3.08115,0.07675734758377084,0.18298751562833787,0.04303154945373544,0.1660009980201721,0.42637490928173066,0.09342430830001858
1789688311.678327,5.0000,traffic cone,0.8212,144,85,51,30,3.3761,3.3696,1.0789915,0.07643278,3.1981397,1.0413542,0.13965252,3.2016485,0.1291259527206421,0.38192683458328247,0.07734022140502939,0.07243318557739253,0.2545396827161312,0.06213357448577872
1789688311.728053,5.0000,traffic cone,0.6942,223,119,100,55,3.1666,3.1639,-0.7608853,0.06512995,3.0731606,-0.7924146,0.065244436,3.062417,0.16109710931777954,0.3649569906294346,0.08385086059570312,0.12357661724090574,0.2431900255382061,0.05081686973571742
1789688311.777974,5.0000,traffic cone,0.6686,232,29,137,29,4.0203,4.0207,0.13087603,0.35235798,4.002648,0.14449388,0.3523394,4.0026236,0.34314936399459833,0.001008319854736317,0.008627510070800426,0.34305298924446104,0.001008319854736317,0.010957431793212624
1789688311.828233,5.0000,traffic cone,0.5063,379,125,306,28,4.7396,4.0128,-0.624874,0.09442757,4.6973057,-0.52625906,0.35226476,3.9625432,0.3416574537754059,0.4456495225429535,0.21480894088745117,0.294498661160469,0.06394440233707427,0.14960892200469944
1789688311.874531,5.0000,traffic cone,0.2277,237,157,159,101,4.4079,4.4079,1.6865145,-0.09700719,4.0713363,1.6987146,-0.098577164,4.0661798,0.3173973560333252,0.6969934821128845,0.5433338165283206,0.2506139278411865,0.6657505631446838,0.1250615119934082
1789688311.914655,5.0000,traffic cone,0.1972,81,33,276,134,3.1745,3.1734,-0.65819705,0.065044224,3.1048164,-0.7638488,0.004386373,3.0801299,0.07654587030410764,0.18301096111536025,0.042131137847900124,0.1686453878879547,0.4264245733618736,0.09419412612915012
1789688311.974373,5.0000,traffic cone,0.8209,145,83,53,31,3.3763,3.3678,1.0775145,0.076454476,3.1987946,1.0431652,0.13967763,3.1990774,0.12156083583831778,0.3820933349430561,0.07673280239105207,0.07100158929824829,0.286662045866251,0.06651020050048828
1789688312.023856,5.0000,traffic cone,0.6974,223,119,98,54,3.1646,3.1652,-0.76230645,0.06513123,3.0707614,-0.79673046,0.0651577,3.0626159,0.1610819280147553,0.3649300321936607,0.08106234073638907,0.11308783590793603,0.24326783008873462,0.050887107849121094
1789688312.074778,5.0000,traffic cone,0.6691,232,29,128,29,4.0208,4.0211,0.13184965,0.3523491,4.003173,0.14551651,0.3523491,4.002948,0.3430462375283241,0.0012187123298644797,0.01204237937927255,0.34326576739549636,0.0011387109756469393,0.011399030685425249
1789688312.123549,5.0000,traffic cone,0.5051,387,126,311,117,4.7407,4.7405,-0.6235362,0.093771845,4.6985636,-0.6372235,0.095583305,4.696554,0.3455577939748764,0.44562126509845257,0.22188997268676758,0.32604574561119076,0.44569593071937563,0.22512788772583026
1789688312.172018,5.0000,traffic cone,0.2290,238,158,165,104,4.4089,4.4089,1.6864738,-0.09689562,4.072494,1.6990473,-0.09852429,4.067227,0.3167096555233002,0.6968120947480202,0.5523055315017698,0.24005309343338022,0.6411503158509722,0.1280078887939453
1789688312.220394,5.0000,traffic cone,0.1986,83,33,274,134,3.1737,3.1742,-0.65979505,0.06513594,3.1037097,-0.7636059,0.0044265687,3.080976,0.07732839584350593,0.18326252400875093,0.04617257118225071,0.1677141100168228,0.4266048073768616,0.09397901296615618
1789688312.287352,5.0000,traffic cone,0.8220,145,83,53,31,3.3758,3.3685,1.0761268,0.07665205,3.1987622,1.0416232,0.13959062,3.2003753,0.12135696411132812,0.3819296807050705,0.07837057113647461,0.07089132070541382,0.2869950607419014,0.061371445655822754
1789688312.325026,5.0000,traffic cone,0.6979,222,119,100,55,3.1664,3.1652,-0.7630074,0.06506589,3.0724137,-0.7941235,0.065106034,3.0632775,0.16176231503486638,0.3649721048772335,0.08634760379791251,0.1134830534458161,0.24328253343701361,0.051674795150757014
1789688312.370268,5.0000,traffic cone,0.6730,233,29,128,30,4.0210,4.0212,0.13190186,0.3523459,4.003408,0.1387235,0.3523714,4.0032783,0.3431253060698509,0.0007682204246520774,0.010063219070434393,0.3554009243845939,0.0007658034563065019,0.009991312026977894
1789688312.415383,5.0000,traffic cone,0.5064,385,19,309,115,3.4537,4.7382,-0.43102443,0.35137013,3.408642,-0.63681793,0.09614113,4.694198,0.2018270969390869,0.014723926782608032,0.09718644618988037,0.31492267251014705,0.445575175434351,0.2194767475128181
1789688312.461473,5.0000,traffic cone,0.2249,238,157,161,100,4.4083,4.4087,1.6861508,-0.0969678,4.071979,1.6994281,-0.098551355,4.066842,0.318671679496765,0.6968049705028534,0.5482682704925539,0.24096894860267626,0.6656371593475341,0.12157201766967773
1789688312.506946,5.0000,traffic cone,0.2007,84,33,273,132,3.1776,3.1730,-0.65919757,0.06514983,3.107828,-0.76471007,0.0043992475,3.0794697,0.07643607854843149,0.1831096991896629,0.043614673614501775,0.16883357763290407,0.4260824754834175,0.09489436149597141
1789688312.577826,5.0000,traffic cone,0.8230,146,83,50,30,3.3753,3.3672,1.0769523,0.076521605,3.1979322,1.0416894,0.139772,3.198945,0.12326338291168204,0.38190312236547475,0.07507433891296378,0.07150672078132625,0.25447082072496413,0.06357009410858172
1789688312.609085,5.0000,traffic cone,0.6991,221,118,98,54,3.1662,3.1631,-0.7603386,0.06519363,3.0728493,-0.79308355,0.065279976,3.0613182,0.15944653749465942,0.3649876583367586,0.08493897914886483,0.12140039205551145,0.2434134118258953,0.05040056705474871
1789688312.654948,5.0000,traffic cone,0.6781,231,29,135,29,4.0203,4.0207,0.13177645,0.3522373,4.002648,0.14536962,0.35226902,4.002648,0.3433724880218505,0.0014940857887267844,0.011618518829346058,0.34294400215148924,0.0015881896018982156,0.011618518829346058
1789688312.686977,5.0000,traffic cone,0.5052,383,124,308,116,4.7404,4.7424,-0.6219454,0.094062194,4.6985283,-0.6364844,0.095273465,4.6985283,0.334567928314209,0.4456001855432987,0.21855137348175102,0.3285779356956482,0.44565696455538273,0.22249853610992432
1789688312.734225,5.0000,traffic cone,0.2242,233,153,158,96,4.4081,4.4078,1.6836821,-0.09795892,4.0727186,1.6950365,-0.18009993,4.064905,0.3054263114929201,0.6972553193569184,0.5497038841247561,0.22116094827651978,0.6657469421625137,0.12272274494171143
1789688312.778276,5.0000,traffic cone,0.1977,81,32,272,133,3.1741,3.1738,-0.6620473,0.03484846,3.1041193,-0.7625259,0.0044257194,3.080855,0.07411555051803587,0.1830347876995802,0.043138432502746404,0.16884305477142336,0.4262458741664886,0.0957188606262207
1789688312.848306,5.0000,traffic cone,0.8240,148,85,52,31,3.3771,3.3679,1.0784774,0.07658446,3.1993728,1.0418231,0.13970077,3.1996465,0.12743542194366442,0.38181203603744507,0.07573356628418004,0.07105982303619385,0.28679048642516136,0.06460869312286377
1789688312.885125,5.0000,traffic cone,0.6969,224,118,100,54,3.1657,3.1644,-0.76094496,0.06513129,3.0721543,-0.792562,0.06520534,3.062827,0.16110262274742126,0.36484973691403866,0.08425877094268808,0.12080333828926082,0.24325402975082397,0.048805522918700994
1789688312.927512,5.0000,traffic cone,0.6776,231,29,133,29,4.0213,4.0214,0.13264284,0.35246715,4.0035915,0.14627314,0.3524103,4.0032206,0.3432927548885345,0.0011852622032165194,0.012645244598389116,0.34328868389129635,0.0011852622032165194,0.012645244598389116
1789688312.972468,5.0000,traffic cone,0.5067,385,125,310,117,4.7386,4.7394,-0.6219358,0.094430536,4.6966157,-0.6373786,0.09566301,4.695404,0.3360166907310486,0.4455749556422233,0.2174027442932127,0.32741107940673825,0.4456508785486221,0.22520132064819354
1789688313.018234,5.0000,traffic cone,0.2294,234,154,157,98,4.4063,4.4077,1.6843281,-0.09792355,4.070541,1.6930742,-0.13936254,4.067197,0.3199675738811494,0.6970765560865402,0.5470905065536495,0.2372872948646545,0.6655906558036804,0.12281856536865199
1789688313.063642,5.0000,traffic cone,0.1952,84,33,276,133,3.1735,3.1744,-0.65949875,0.065193206,3.1034873,-0.76308,0.0043608546,3.0813444,0.0770601987838746,0.18325842022895814,0.04400758743286115,0.16835453510284426,0.42638206481933594,0.0951572895050048
1789688313.122206,5.0000,traffic cone,0.8215,145,83,51,31,3.3761,3.3680,1.0759057,0.07647514,3.1991377,1.0414524,0.13974041,3.1999035,0.12344619035720816,0.3818161219358444,0.07627420425415021,0.07118332386016846,0.28657008707523346,0.0688176155090332
1789688313.160730,5.0000,traffic cone,0.6953,223,118,99,54,3.1650,3.1646,-0.76145065,0.0651362,3.0713184,-0.7923089,0.06528199,3.0631542,0.15985350608825677,0.36490752436220647,0.08402440547943124,0.12271706461906429,0.24327021539211274,0.04854443073272696
1789688313.210753,5.0000,traffic cone,0.6772,231,29,134,29,4.0211,4.0212,0.13202119,0.35238838,4.0034328,0.14560196,0.35238838,4.0030537,0.3431663647294044,0.0007742643356323242,0.009009075164794655,0.34325263053178784,0.0009188055992126465,0.009009075164794655
1789688313.259159,5.0000,traffic cone,0.5122,385,19,309,119,3.4533,4.7415,-0.43146583,0.3512923,3.408166,-0.64245313,0.09554538,4.6967773,0.2016952067613601,0.014831626415252708,0.09464769363403303,0.32836012244224544,0.4455543413758278,0.23384218215942365
1789688313.304162,5.0000,traffic cone,0.2351,235,155,157,100,4.4078,4.4091,1.6854528,-0.09785884,4.071678,1.6963761,-0.18009996,4.065755,0.3097730517387387,0.6972379058599472,0.5455459594726562,0.23600801825523354,0.6658098712563515,0.12086751461029088
1789688313.349172,5.0000,traffic cone,0.1967,85,33,56,17,3.1756,3.1736,-0.66215837,0.06505813,3.1050982,-0.6402917,0.065317675,3.1076436,0.07692356109619147,0.18316608816385269,0.044049549102783025,0.03881490230560303,0.18308338522911072,0.03711242675781268
1789688313.397906,5.0000,traffic cone,0.8223,147,86,48,29,3.3757,3.3683,1.079081,0.07657386,3.1976922,1.041436,0.13999099,3.2002435,0.12801578640937805,0.3819827474653721,0.07591956853866577,0.07367324829101562,0.25478966236114503,0.06042723655700666
1789688313.429838,5.0000,traffic cone,0.6904,222,118,97,54,3.1655,3.1647,-0.7617097,0.06523407,3.0717866,-0.7949491,0.06546564,3.0625153,0.159586888551712,0.365023884549737,0.08402518033981332,0.12126276493072508,0.24340783134102822,0.048647367954254506
1789688313.481333,5.0000,traffic cone,0.6771,231,29,135,30,4.0199,4.0201,0.13120493,0.3522814,4.0022535,0.13803372,0.35231397,4.0022445,0.34334498196840285,0.0009120225906372181,0.01063127517700213,0.3555472761392593,0.0008999764919280784,0.010728263854980824
1789688313.527578,5.0000,traffic cone,0.5124,386,125,307,28,4.7392,4.0131,-0.6230528,0.09449008,4.697104,-0.5267664,0.3523518,3.9627423,0.33687907457351685,0.4456685945391655,0.21872777938842702,0.2939564347267151,0.0633878722786903,0.1544084072113039
1789688313.573601,5.0000,traffic cone,0.2392,236,157,156,98,4.4073,4.4081,1.684456,-0.09755869,4.071517,1.6965413,-0.098519385,4.0674086,0.31740672588348384,0.6968292236328125,0.5515104293823239,0.2402052044868468,0.6653970927000046,0.12109243869781494
1789688313.619302,5.0000,traffic cone,0.1941,85,33,275,133,3.1749,3.1729,-0.6598884,0.0650689,3.1048334,-0.7623401,0.0045615286,3.0799892,0.07582774162292472,0.18312785774469376,0.04345760345458993,0.16577388048171993,0.4266275703907013,0.09292187690734854
1789688313.689814,5.0000,traffic cone,0.8224,150,84,52,30,3.3761,3.3673,1.0778067,0.07651338,3.1985476,1.0421407,0.13985834,3.1989207,0.12499701380729666,0.3820080656558275,0.07526568174362191,0.07130773663520817,0.2898883674293756,0.06554055213928223
1789688313.732761,5.0000,traffic cone,0.6879,219,118,96,53,3.1660,3.1661,-0.76086694,0.06523457,3.0725708,-0.7940289,0.065363735,3.0641785,0.16020967960357668,0.36504577919840814,0.08204770088195801,0.11210489273071278,0.24319691807031632,0.04827914237976083
1789688313.769463,5.0000,traffic cone,0.6773,232,29,138,30,4.0206,4.0208,0.13224094,0.3522936,4.0029244,0.13900931,0.35231584,4.0028954,0.343065521121025,0.0009421825408935658,0.012760305404663441,0.3552319690585136,0.0010764479637145885,0.01267738342285174
1789688313.813851,5.0000,traffic cone,0.5087,388,19,309,28,3.4562,4.0119,-0.43221584,0.35144538,3.4109855,-0.5264422,0.3523059,3.961574,0.2018118023872375,0.015447294712066628,0.09871325492858896,0.2944264635443688,0.06415825337171555,0.14897801876068106
1789688313.859277,5.0000,traffic cone,0.2356,235,155,158,99,4.4073,4.4118,1.6831646,-0.09785954,4.072081,1.696921,-0.1801003,4.0684423,0.3051718235015868,0.6969177097082138,0.5512691020965579,0.23436591625213632,0.6655381560325623,0.12202148437499982
1789688313.904480,5.0000,traffic cone,0.1945,86,33,274,133,3.1769,3.1761,-0.6608014,0.0652294,3.1067326,-0.7621455,0.004520729,3.0832756,0.0763764858245849,0.18312368392944336,0.04164800643920907,0.169033145904541,0.4264481782913208,0.09234099388122585
1789688313.974926,5.0000,traffic cone,0.8229,143,83,51,31,3.3753,3.3671,1.0768721,0.07654123,3.1980374,1.0422175,0.139365,3.1987355,0.119940173625946,0.3816703587770462,0.07361397743225107,0.07016235589981079,0.2869291305541992,0.058983683586120605
1789688314.021265,5.0000,traffic cone,0.6853,222,118,99,54,3.1666,3.1665,-0.7614541,0.065212995,3.072985,-0.79355776,0.065328635,3.0647793,0.1599602997303009,0.3647735234349966,0.08458169698715201,0.1201417088508605,0.2434392563998699,0.04774845838546771
1789688314.072067,5.0000,traffic cone,0.6744,233,29,138,30,4.0205,4.0204,0.13310823,0.35234988,4.002837,0.13990171,0.3523986,4.0025206,0.343203680217266,0.0010045647621154674,0.0100425243377682,0.35544017553329466,0.0010910987854003684,0.0099728584289549
1789688314.118944,5.0000,traffic cone,0.5108,383,124,304,118,4.7382,4.7405,-0.6236479,0.09397398,4.6960073,-0.64055514,0.095295876,4.6960073,0.3347647130489349,0.4457235146313906,0.21698403358459473,0.32329416871070854,0.4457927938550711,0.2332746982574463
1789688314.149462,5.0000,traffic cone,0.2305,237,157,158,99,4.4069,4.4105,1.6827656,-0.09761459,4.0718126,1.6986661,-0.18009964,4.0662537,0.321064233779907,0.6970730781555176,0.5536851406097414,0.24092304706573486,0.6652986884117127,0.12147903442382812
1789688314.195288,5.0000,traffic cone,0.1917,84,33,275,134,3.1735,3.1734,-0.6599487,0.06514731,3.1034832,-0.7624192,0.0045163482,3.0804362,0.07761905193328855,0.1831040918827057,0.046406555175781516,0.16901232302188873,0.42635522931814196,0.0964237570762636
1789688314.250343,5.0000,traffic cone,0.8192,146,84,51,30,3.3769,3.3684,1.0790584,0.07655823,3.1988935,1.0414882,0.13968733,3.2002625,0.12703493237495422,0.38189465776085857,0.07084517478942853,0.07226692438125615,0.29022091068327427,0.06287469863891593
1789688314.293001,5.0000,traffic cone,0.6846,222,118,98,54,3.1647,3.1649,-0.761052,0.06521346,3.0710845,-0.7921083,0.06533122,3.06344,0.1602333009243011,0.3648629169911146,0.08865685462951634,0.12120236158370967,0.2432078246027231,0.048704576492309304
1789688314.339503,5.0000,traffic cone,0.6678,232,29,136,30,4.0215,4.0214,0.13079955,0.35240135,4.0039225,0.13765049,0.3523994,4.003558,0.34319771081209177,0.0008887171745300404,0.010396862030029652,0.35556466877460474,0.000916564464569114,0.010669326782226207
1789688314.385699,5.0000,traffic cone,0.5071,383,19,304,28,3.4520,4.0156,-0.43141028,0.35122398,3.4068575,-0.5269089,0.35236025,3.9652956,0.20194853246212002,0.015121614933013894,0.09875359535217276,0.2947962775826454,0.06386446356773373,0.14980571269988996
1789688314.431120,5.0000,traffic cone,0.2260,233,153,154,97,4.4074,4.4066,1.6847534,-0.097634934,4.0715146,1.6959877,-0.18010014,4.063157,0.310392713546753,0.6965182363986969,0.5518682479858401,0.2251409292221067,0.6656542181968689,0.12411537170410103
1789688314.476765,5.0000,traffic cone,0.1906,83,32,276,134,3.1756,3.1734,-0.66161144,0.034829967,3.1056883,-0.7615092,0.004520908,3.080682,0.07468783557415015,0.18308517038822175,0.04196977615356445,0.16821778118610387,0.4265286162495613,0.09507215023040771
1789688314.546887,5.0000,traffic cone,0.8223,147,83,52,31,3.3765,3.3687,1.0784085,0.07664427,3.1987402,1.0433242,0.13953501,3.2000737,0.12226347923278813,0.3821003280580044,0.0747075080871582,0.07132989168167114,0.28684137389063835,0.06536674499511719
1789688314.596789,5.0000,traffic cone,0.6874,221,117,100,54,3.1667,3.1657,-0.7600135,0.06522414,3.0734782,-0.79397607,0.06533752,3.0638273,0.1598906755447388,0.3650162383913994,0.0831993103027342,0.12062402963638308,0.2433358520269394,0.047331082820892156
1789688314.647368,5.0000,traffic cone,0.6694,231,29,138,30,4.0200,4.0203,0.13299741,0.35231742,4.002355,0.13983889,0.35233808,4.002342,0.3432340949773788,0.001042878627777133,0.01129922866821298,0.3554742664098739,0.0010400891304016002,0.011196184158325018
1789688314.694499,5.0000,traffic cone,0.5046,387,125,310,117,4.7406,4.7419,-0.6229248,0.09476772,4.6985755,-0.6369515,0.09568328,4.697985,0.3351556539535523,0.4456584930419922,0.2134350776672358,0.32635096311569217,0.44569419473409655,0.21650733947753853
1789688314.739647,5.0000,traffic cone,0.2241,235,155,159,99,4.4078,4.4103,1.6850051,-0.097748585,4.0718937,1.69683,-0.098475374,4.0696054,0.31696454286575326,0.697225096821785,0.5446925640106199,0.23702216148376465,0.6654154062271118,0.12750072479248065
1789688314.785343,5.0000,traffic cone,0.1892,82,33,275,132,3.1751,3.1742,-0.6616789,0.06517224,3.1046627,-0.7629896,0.00438828,3.0811107,0.07603859901428223,0.1831544518470764,0.045599842071533114,0.1675398349761963,0.42633865475654603,0.09486564397811881
1789688314.833320,5.0000,traffic cone,0.8228,145,83,51,30,3.3745,3.3677,1.0764078,0.076600015,3.1972914,1.0418255,0.13963974,3.199429,0.12186238765716562,0.3820316195487976,0.06909329891204807,0.07024573087692265,0.2899043284356594,0.06439150571823138
1789688314.865432,5.0000,traffic cone,0.6913,222,118,100,54,3.1673,3.1626,-0.760982,0.06513665,3.0737944,-0.7917175,0.06538096,3.0611506,0.16007995307445533,0.3650253627449274,0.08548355102539062,0.12191155850887292,0.24344728067517282,0.046481990814208896
1789688314.919155,5.0000,traffic cone,0.6731,232,29,135,30,4.0209,4.0211,0.13234802,0.3524225,4.003257,0.13915986,0.3523921,4.003254,0.34320524632930755,0.0007318615913390891,0.008708047866821556,0.3555092513561248,0.0007220536470413097,0.009215164184570135
1789688314.969482,5.0000,traffic cone,0.5098,385,124,304,28,4.7376,4.0116,-0.6219841,0.093923345,4.6957026,-0.5267571,0.35235512,3.9612157,0.3348299890756607,0.44562604427337643,0.21849784851074183,0.2944341778755188,0.0630810558795929,0.16123526096343976
1789688315.019564,5.0000,traffic cone,0.2242,235,154,158,99,4.4066,4.4106,1.683919,-0.097717695,4.071035,1.6976323,-0.18010008,4.0668163,0.3110545814037322,0.6969907954335213,0.5504708290100093,0.24157923460006714,0.6656269609928132,0.12731275558471733
1789688315.065592,5.0000,traffic cone,0.1920,83,32,55,16,3.1752,3.1793,-0.6623931,0.034879684,3.1051507,-0.6406061,0.034958668,3.113884,0.07437005043029787,0.18302249386906622,0.04233305454254177,0.03762847185134888,0.18293681368231773,0.035583317279815674
1789688315.135748,5.0000,traffic cone,0.8255,148,84,53,30,3.3771,3.3685,1.0798597,0.07651369,3.1988955,1.0420705,0.13983984,3.2002177,0.12421858310699463,0.3819371562451124,0.07028309106826791,0.07248124480247498,0.28985589407384393,0.06867094039916966
1789688315.182693,5.0000,traffic cone,0.6934,220,118,100,54,3.1660,3.1640,-0.7611638,0.06517197,3.0724955,-0.79344535,0.06542926,3.062154,0.1590074062347412,0.36509776785969733,0.08592638969421396,0.12229355573654166,0.2433720704168081,0.04644286632537842
1789688315.231481,5.0000,traffic cone,0.6790,232,29,139,30,4.0205,4.0207,0.13354906,0.3523975,4.0027947,0.14036949,0.3524166,4.002745,0.34307039380073545,0.0009529948234557883,0.011363983154297319,0.355355654656887,0.0009882479906082042,0.0111236572265625
1789688315.281727,5.0000,traffic cone,0.5133,386,19,305,28,3.4497,4.0126,-0.43066546,0.35106814,3.4046354,-0.52643,0.35236678,3.9622984,0.20133066475391387,0.014931660890579235,0.09785876274108896,0.2951417133212089,0.06396781951189046,0.15123260021209672
1789688315.329005,5.0000,traffic cone,0.2250,237,157,159,99,4.4075,4.4082,1.6847281,-0.0969622,4.071626,1.6986734,-0.09851061,4.066616,0.32732999324798584,0.6970234632492065,0.5479316711425781,0.23956532478332493,0.6657866209745407,0.12292661666870153
1789688315.374067,5.0000,traffic cone,0.1917,84,33,271,133,3.1759,3.1760,-0.6618581,0.06512186,3.1054683,-0.76360214,0.0046554655,3.0828292,0.07655320167541502,0.18314708918333056,0.040201568603515536,0.16770973205566408,0.42646741271018984,0.09314837455749547
1789688315.443395,5.0000,traffic cone,0.8256,147,83,50,29,3.3724,3.3634,1.0777537,0.07655202,3.1946833,1.0410064,0.13972934,3.1951492,0.12174783945083623,0.3819368913769722,0.07188518047332781,0.07130765914916992,0.25466380417346957,0.05763096809387225
1789688315.477187,5.0000,traffic cone,0.6934,224,119,100,55,3.1659,3.1647,-0.7623532,0.06510779,3.0720525,-0.79512787,0.0652802,3.062448,0.1594991683959961,0.3650779649615288,0.08502373695373544,0.11394038200378409,0.24330921098589897,0.05010528564453143
1789688315.522375,5.0000,traffic cone,0.6757,231,29,136,29,4.0216,4.0220,0.13135438,0.35239065,4.0039477,0.14496337,0.35239065,4.0039277,0.3431271582841873,0.0009872555732727273,0.009289264678955078,0.3433491915464401,0.0009872555732727273,0.00991048812866202
1789688315.563895,5.0000,traffic cone,0.5134,389,19,308,117,3.4522,4.7402,-0.4301345,0.35137933,3.4072661,-0.6375203,0.09492533,4.6961703,0.2020843863487244,0.014877867698669445,0.09772956371307373,0.3256466448307037,0.44566794633865353,0.2309707641601566
1789688315.595160,5.0000,traffic cone,0.2209,234,153,159,101,4.4075,4.4101,1.6862127,-0.09703608,4.07108,1.6987239,-0.0986121,4.068612,0.3126228570938112,0.6969476342201233,0.5491209030151363,0.24982357025146484,0.6651060283184052,0.11924219131469727
1789688315.643031,5.0000,traffic cone,0.1883,83,33,273,132,3.1732,3.1749,-0.66095114,0.06510779,3.102948,-0.7650574,0.0043712556,3.0812979,0.07611384391784659,0.1832677409052849,0.04299721717834437,0.16895123720169059,0.42639903277158736,0.09588959217071524
1789688315.709845,5.0000,traffic cone,0.8247,147,84,51,31,3.3775,3.3694,1.0784532,0.07660693,3.1997843,1.043469,0.13959315,3.2007098,0.12410120964050297,0.38192286826670174,0.07640144824981698,0.07060873508453369,0.2868185043334961,0.062220096588134766
1789688315.746624,5.0000,traffic cone,0.6928,221,119,98,55,3.1657,3.1643,-0.76351285,0.06517404,3.0715904,-0.79564,0.06528084,3.0619922,0.1607276201248169,0.3648859247565269,0.08492927551269558,0.12358882427215578,0.24335270449519159,0.04833712577819815
1789688315.792745,5.0000,traffic cone,0.6766,231,29,137,30,4.0199,4.0201,0.13269335,0.35230285,4.002226,0.13947366,0.35229534,4.002197,0.3431794881820678,0.0009988665580749623,0.010280752182006747,0.3554982379078865,0.0009966701269150113,0.011569643020630238
1789688315.844756,5.0000,traffic cone,0.5156,389,19,308,117,3.4563,4.7418,-0.4345946,0.35142213,3.4107625,-0.64219,0.09427288,4.697141,0.20161500871181487,0.014566779136657715,0.09111144542694083,0.32426994442939755,0.4458594381809235,0.23200407028198278
1789688315.900509,5.0000,traffic cone,0.2222,237,158,157,100,4.4081,4.4090,1.6849968,-0.097310364,4.072129,1.6968706,-0.1393735,4.06705,0.3280525565147401,0.6974112764000893,0.5481243610382083,0.253831034898758,0.6652670323848724,0.11977527141571098
1789688315.950154,5.0000,traffic cone,0.1880,82,33,271,134,3.1750,3.1743,-0.6596854,0.06510794,3.1049814,-0.7637985,0.0043195784,3.0810323,0.0754332065582276,0.18317637741565704,0.044576597213745295,0.16734173893928528,0.42628618478775027,0.09432735443115225
1789688316.005067,5.0000,traffic cone,0.8258,147,84,50,30,3.3740,3.3669,1.0777481,0.07663256,3.1963582,1.0414174,0.13976063,3.1986911,0.12539318203926086,0.38195090070366855,0.07471314668655404,0.07071378827095032,0.2900244705379009,0.06376928091049194
1789688316.050921,5.0000,traffic cone,0.6929,220,118,99,55,3.1670,3.1647,-0.7624117,0.065108605,3.07315,-0.79466295,0.06529264,3.0625577,0.1593371480703354,0.36500451937317846,0.08004072904586801,0.12343177795410154,0.24331210255622862,0.050655364990234375
1789688316.102000,5.0000,traffic cone,0.6741,232,29,132,28,4.0201,4.0204,0.13389558,0.35220525,4.00242,0.14070319,0.35225695,4.0024548,0.34323937445878977,0.001058614253997836,0.009183979034423473,0.3309421092271805,0.0009723037481307872,0.008106732368469594
1789688316.151751,5.0000,traffic cone,0.5129,389,29,309,28,4.0139,4.0139,-0.5205425,0.3523614,3.9644217,-0.5269081,0.35237807,3.9635386,0.30136211514472955,0.0665558695793152,0.14933090209960964,0.29518975764513017,0.06419672220945355,0.14779069423675528
1789688316.200810,5.0000,traffic cone,0.2233,233,155,154,98,4.4083,4.4100,1.6846477,-0.0975108,4.0724864,1.6975155,-0.13936616,4.067868,0.32035857439041115,0.6970554769039154,0.5408339500427246,0.23694338202476506,0.6654212519526481,0.11976714134216326
1789688316.249651,5.0000,traffic cone,0.1873,83,33,272,133,3.1732,3.1733,-0.6598297,0.06518148,3.1031518,-0.76438004,0.004374981,3.0798285,0.0766636371612548,0.18328924030065535,0.03865628242492658,0.16767015457153311,0.4264507442712784,0.09194827079772949
1789688316.300052,5.0000,traffic cone,0.8262,146,84,51,30,3.3772,3.3688,1.0776422,0.07654297,3.1997616,1.0420485,0.13956949,3.2005684,0.1259352803230287,0.38202408514916897,0.0768351912498475,0.07081208229064928,0.25477383136749265,0.06243778467178318
1789688316.331789,5.0000,traffic cone,0.6877,217,118,98,54,3.1667,3.1635,-0.76137024,0.06512638,3.0731084,-0.7937251,0.06522276,3.0615745,0.1602262526750564,0.3650620311498642,0.0813998103141782,0.12146075367927545,0.24335700199007987,0.049330079555511386
1789688316.363598,5.0000,traffic cone,0.6748,231,29,134,29,4.0198,4.0197,0.13136317,0.3522952,4.002155,0.14499912,0.3522952,4.001651,0.3432728990912437,0.0008488416671753041,0.009289550781250266,0.34324072450399395,0.0008488416671753041,0.009576511383056818
1789688316.392128,5.0000,traffic cone,0.5160,387,125,308,28,4.7413,4.0134,-0.62213933,0.09428799,4.6993566,-0.5258702,0.35230544,3.9631639,0.3347484290599823,0.44580858647823335,0.2127724647521969,0.2940894424915314,0.06386985033750536,0.15155074596405038
1789688316.422612,5.0000,traffic cone,0.2237,234,155,156,100,4.4085,4.4082,1.684542,-0.09691459,4.0727854,1.6957409,-0.13935596,4.06657,0.31849159002304095,0.6972225606441498,0.5448165416717528,0.2517217695713043,0.6658612966537476,0.12468268871307409
1789688316.465993,5.0000,traffic cone,0.1886,83,33,270,133,3.1763,3.1753,-0.66135997,0.065298274,3.10603,-0.7638785,0.0044794083,3.0820405,0.0765040874481202,0.18304117769002914,0.04407734870910662,0.16773316860198972,0.42667270004749297,0.09073576927185023
1789688316.536912,5.0000,traffic cone,0.8273,146,83,50,30,3.3773,3.3693,1.0779946,0.07661095,3.1996777,1.042163,0.13960564,3.201024,0.12406152486801147,0.38198365047574045,0.07308101654052734,0.07007011175155653,0.2547281742095947,0.060820496082306
1789688316.586614,5.0000,traffic cone,0.6900,220,118,96,53,3.1676,3.1643,-0.76066923,0.06509959,3.0741882,-0.79334515,0.065190434,3.0625825,0.16109966337680814,0.364960877597332,0.08197076320648167,0.11168739795684812,0.2432753324508667,0.04951791763305646
1789688316.637449,5.0000,traffic cone,0.6738,231,29,138,29,4.0216,4.0213,0.13127938,0.35246465,4.0040107,0.14498582,0.3524405,4.0031714,0.34304308891296387,0.0010483980178833119,0.00921764373779288,0.3431333839893341,0.0010483980178833119,0.009902763366699041
1789688316.687471,5.0000,traffic cone,0.5125,386,19,303,117,3.4545,4.7404,-0.4305604,0.35126945,3.409509,-0.6405541,0.095428646,4.6959815,0.20146571397781365,0.014916855096817005,0.0975639820098877,0.3187051653862,0.445744340121746,0.2306326866149897
1789688316.733656,5.0000,traffic cone,0.2179,235,154,159,99,4.4085,4.4087,1.6860113,-0.09728249,4.0722303,1.6970311,-0.18009987,4.065061,0.30863714814186083,0.6968172922730446,0.5548221111297611,0.2361617088317871,0.66548593044281,0.12142319679260272
1789688316.778760,5.0000,traffic cone,0.1845,82,33,271,133,3.1766,3.1749,-0.6599392,0.065127686,3.1066105,-0.7628532,0.004475042,3.0818703,0.07662880420684814,0.1830771818757057,0.043173837661742986,0.16799777746200562,0.4263384729623795,0.09506254196166974
1789688316.830121,5.0000,traffic cone,0.8258,148,84,52,29,3.3775,3.3676,1.0790565,0.07648781,3.1995614,1.0404769,0.13960317,3.1997895,0.12432043552398686,0.38208402022719384,0.07602459192276001,0.070150589942932,0.2544175535440445,0.061240768432617276
1789688316.860620,5.0000,traffic cone,0.6928,222,118,99,53,3.1673,3.1638,-0.7618327,0.06512488,3.0736525,-0.7944294,0.06526014,3.0617545,0.16027638614177697,0.36502410396933554,0.08295319080352792,0.11255795955657955,0.24311984330415726,0.04946556091308629
1789688316.910236,5.0000,traffic cone,0.6786,232,29,138,29,4.0205,4.0210,0.133713,0.35234332,4.002822,0.14735541,0.35234332,4.002822,0.34311094880104065,0.0011462807655334695,0.010638952255249468,0.34336002469062804,0.0010858535766601896,0.011325788497924982
1789688316.960024,5.0000,traffic cone,0.5082,386,124,307,120,4.7392,4.7433,-0.62365913,0.0940845,4.6970787,-0.64449817,0.096395865,4.698348,0.3326088756322861,0.4455532252788544,0.21766130924224836,0.3234105408191681,0.4455683544278145,0.2362747669219969
1789688317.008668,5.0000,traffic cone,0.2184,237,155,158,102,4.4142,4.4087,1.6942255,-0.097667515,4.0749855,1.6981554,-0.0985062,4.067358,0.2936334729194643,0.6855781018733975,0.3718105077743532,0.25019012093544,0.6573823094367963,0.12072370052337611
1789688317.057694,5.0000,traffic cone,0.1846,81,33,53,17,3.1749,3.1774,-0.6628463,0.06509082,3.1042535,-0.64055943,0.06525259,3.1115172,0.07645224332809453,0.1830606371164322,0.0442571163177492,0.04000167846679692,0.18294141590595245,0.03660464286804199
1789688317.126504,5.0000,traffic cone,0.8283,146,84,50,30,3.3763,3.3696,1.0776047,0.076582134,3.198759,1.0419192,0.13972707,3.2014537,0.12683372497558576,0.38195345364511013,0.07354577779769889,0.07104642987251286,0.2544554442167282,0.05976316928863534
1789688317.157491,5.0000,traffic cone,0.6899,222,119,100,54,3.1675,3.1660,-0.7621578,0.06520234,3.073791,-0.7952202,0.06527241,3.063796,0.16031814813613898,0.3650041572749615,0.08564114570617676,0.11272571086883543,0.2432662233710289,0.048128831386565984
1789688317.191569,5.0000,traffic cone,0.6745,232,29,138,30,4.0215,4.0213,0.13365082,0.35248417,4.0037875,0.14047582,0.35244,4.003382,0.34282516539096825,0.0012060165405273215,0.013483667373657582,0.35516804158687587,0.0011962682008743175,0.013390970230102273
1789688317.241130,5.0000,traffic cone,0.5076,385,125,305,28,4.7397,4.0144,-0.6212765,0.094400704,4.697882,-0.5259866,0.35234782,3.964138,0.3354659855365753,0.44572755694389343,0.21055889129638672,0.2940795004367829,0.0638632819056511,0.1513547658920289
1789688317.289842,5.0000,traffic cone,0.2213,236,157,156,100,4.4083,4.4106,1.6850493,-0.09754636,4.072346,1.6966946,-0.1393226,4.0687666,0.3172884941101073,0.6971792876720428,0.5490274906158445,0.23876316547393794,0.6657435312867165,0.12391295433044469
1789688317.338666,5.0000,traffic cone,0.1854,83,33,276,135,3.1759,3.1755,-0.6607027,0.06496003,3.1057348,-0.76245904,0.0044311136,3.0825725,0.07616596221923833,0.18307124972343444,0.04402794837951696,0.16797345876693726,0.4265076026320458,0.09279148578643781
1789688317.403806,5.0000,traffic cone,0.8264,146,85,50,30,3.3785,3.3687,1.080179,0.076618046,3.2002559,1.0413494,0.13998282,3.2006936,0.12565720081329346,0.38196678161621095,0.07135486602783203,0.07263771295547494,0.2899647656828165,0.06313891410827654
1789688317.441054,5.0000,traffic cone,0.6894,222,117,97,53,3.1674,3.1636,-0.7592498,0.06529455,3.0743132,-0.79593104,0.06541838,3.0611198,0.1580222368240356,0.3650146648287773,0.08433375358581552,0.11181675195693974,0.24342708885669706,0.0463999748229984
1789688317.487261,5.0000,traffic cone,0.6726,230,29,137,30,4.0210,4.0212,0.13281295,0.35247812,4.003334,0.13961057,0.35242411,4.003294,0.34308371990919106,0.0011760234832763894,0.011312055587768821,0.35532732158899305,0.001187998056411732,0.012579321861266646
1789688317.543451,5.0000,traffic cone,0.5077,389,19,305,116,3.4538,4.7396,-0.43365675,0.35132298,3.4084172,-0.63590336,0.09645823,4.695789,0.20167039036750795,0.015198945999145508,0.10168266296386719,0.3176504671573639,0.44591920264065266,0.22150874137878418
1789688317.595733,5.0000,traffic cone,0.2189,239,160,161,103,4.4091,4.4114,1.6856747,-0.09667411,4.072948,1.6995223,-0.098542444,4.069697,0.3254981994628907,0.6971199050545692,0.546818423271179,0.2509312868118285,0.6491638302803026,0.12080049514770508
1789688317.643600,5.0000,traffic cone,0.1815,83,33,54,17,3.1753,3.1773,-0.6602994,0.065083355,3.105168,-0.638704,0.065316334,3.1117477,0.0760327339172363,0.18302052319049836,0.043152809143066406,0.039448690414428667,0.18318380117416383,0.03491635322570774
1789688317.701313,5.0000,traffic cone,0.8266,145,84,53,31,3.3760,3.3697,1.075659,0.076689735,3.1991696,1.0410764,0.13954839,3.2018192,0.12390237450599662,0.38183615133166315,0.07522476911544818,0.07070404291152954,0.2869282141327858,0.06530332565307617
1789688317.745859,5.0000,traffic cone,0.6888,220,118,97,54,3.1651,3.1661,-0.7613585,0.06522136,3.0715008,-0.7934438,0.06522136,3.064402,0.15982572734355927,0.3650335554033518,0.08504363298416129,0.11181530654430383,0.24339719340205193,0.05201338529586774
1789688317.792122,5.0000,traffic cone,0.6730,230,29,131,30,4.0217,4.0219,0.13346595,0.35234562,4.004004,0.14029229,0.35235468,4.0039363,0.34305353164672847,0.001280975341796886,0.013008356094360352,0.3552074015140533,0.0012723118066787498,0.012913703918457475
1789688317.838021,5.0000,traffic cone,0.5066,389,19,308,117,3.4536,4.7413,-0.43084264,0.35146317,3.4085963,-0.63653046,0.095730096,4.6974072,0.2017479598522186,0.01488312482833859,0.09938549995422363,0.3267852187156676,0.4457236841320992,0.2190265655517578
1789688317.878579,5.0000,traffic cone,0.2181,232,153,154,98,4.4080,4.4117,1.6852165,-0.096972935,4.0719757,1.6976322,-0.1800997,4.0679703,0.3196312427520751,0.6966435611248016,0.5514840602874758,0.2331879317760468,0.6656284809112549,0.12362818717956525
1789688317.910470,5.0000,traffic cone,0.1844,83,33,273,133,3.1760,3.1742,-0.661494,0.065241635,3.1056712,-0.7615624,0.0044618845,3.081454,0.0759776949882508,0.18329322040081023,0.03775544166564959,0.16773605346679688,0.42644637227058413,0.09469375610351571
1789688317.980441,5.0000,traffic cone,0.8234,147,83,53,31,3.3768,3.3689,1.0783483,0.07656078,3.199052,1.0424292,0.13975187,3.2004645,0.12340868711471553,0.38205736577510835,0.0759030103683469,0.07060062885284424,0.2866477780044079,0.06721234321594238
1789688318.030193,5.0000,traffic cone,0.6890,221,118,98,53,3.1661,3.1644,-0.761353,0.065345086,3.0724592,-0.7934339,0.06540811,3.0625777,0.16046276688575745,0.3649560421705246,0.08424702882766688,0.11294384002685542,0.24328929334878924,0.04693427085876456
1789688318.080890,5.0000,traffic cone,0.6687,231,29,138,30,4.0205,4.0206,0.13339625,0.3523237,4.002855,0.14027588,0.35235736,4.002676,0.34320057332515713,0.001148056983947765,0.011404085159302024,0.35536073893308634,0.0011447131633758878,0.011830878257751642
1789688318.131955,5.0000,traffic cone,0.5082,385,124,304,115,4.7392,4.7395,-0.623486,0.094255924,4.697013,-0.6382052,0.09580515,4.6953416,0.3338935047388077,0.4456472054123879,0.22024388313293475,0.31150819063186647,0.44576088190078733,0.22192873954772896
1789688318.178196,5.0000,traffic cone,0.2249,236,157,156,99,4.4081,4.4121,1.6851045,-0.097572014,4.0721393,1.6959673,-0.18009967,4.0691185,0.31653945446014387,0.6970727503299714,0.5523133754730223,0.23919391632080056,0.6652912944555283,0.12318339347839391
1789688318.223865,5.0000,traffic cone,0.1860,83,33,272,133,3.1756,3.1757,-0.66330904,0.065002814,3.1048307,-0.76187974,0.0044544935,3.0829737,0.07676777839660642,0.18307487070560455,0.04191789627075204,0.16933711767196657,0.42659194469451905,0.09041752815246573
1789688318.270371,5.0000,truck,0.1515,3017,2327,88,20,4.4492,11.9627,1.6403931,-0.44011134,4.112315,0.9545899,-2.8743587,11.572954,1.8119854748249056,1.437498992681503,3.2842018127441404,0.27314119935035697,0.5483625054359433,0.9805461883544933
1789688318.340125,5.0000,traffic cone,0.8280,145,85,51,31,3.3758,3.3670,1.0782322,0.07649231,3.1980233,1.0412173,0.13982019,3.1989436,0.12633552551269522,0.382025907933712,0.07422533035278311,0.07192772626876831,0.2869589142501354,0.0667579174041748
1789688318.389621,5.0000,traffic cone,0.6876,219,117,97,53,3.1682,3.1646,-0.7600689,0.06521754,3.075008,-0.79574126,0.06527509,3.0621758,0.15794721841812132,0.36490246951580046,0.08515872955322257,0.11268817186355595,0.2431943893432617,0.051160430908203214
1789688318.440834,5.0000,traffic cone,0.6709,231,29,135,30,4.0205,4.0207,0.13271713,0.35226002,4.002846,0.13954902,0.352269,4.002836,0.3431117549538612,0.0010326385498046764,0.009836387634277521,0.35523725152015684,0.0010239720344543124,0.009754037857055753
1789688318.487126,5.0000,traffic cone,0.5103,385,29,305,28,4.0133,4.0141,-0.5217049,0.3522438,3.9635887,-0.52843,0.3522572,3.9635296,0.3019309341907502,0.06633282899856563,0.15287799835205051,0.2962073937058448,0.06423289179801944,0.1521433591842647
1789688318.532033,5.0000,traffic cone,0.2224,233,156,152,97,4.4096,4.4119,1.6839166,-0.09764446,4.0742416,1.6957186,-0.1800997,4.069,0.31802108883857727,0.6970239877700806,0.5510067939758301,0.2247731208801269,0.6658311247825623,0.1240396499633789
1789688318.573891,5.0000,traffic cone,0.1868,84,33,270,131,3.1757,3.1753,-0.65980923,0.065199465,3.10567,-0.7639335,0.0044863224,3.0820541,0.07737711668014535,0.18319837749004364,0.04154396057128906,0.16616162657737732,0.4263489842414856,0.09220457077026367
1789688318.634881,5.0000,traffic cone,0.8254,146,85,51,29,3.3772,3.3678,1.0783426,0.076603115,3.1995175,1.0407451,0.13987398,3.199919,0.12423260211944576,0.38186485469341275,0.07188014984130886,0.07010164260864249,0.2547873556613922,0.05563807487487793
1789688318.680468,5.0000,traffic cone,0.6895,220,118,95,53,3.1664,3.1649,-0.7608499,0.06513936,3.0729284,-0.79290146,0.0653103,3.0632792,0.16002740263938897,0.36483356431126596,0.08463969230651847,0.11111166477203371,0.2433851659297943,0.05026540756225595
1789688318.728733,5.0000,traffic cone,0.6678,236,30,136,30,4.0219,4.0219,0.13930786,0.35245973,4.0040483,0.13930786,0.35245973,4.0040483,0.355231162905693,0.0009529441595077515,0.012487363815307795,0.355231162905693,0.0009529441595077515,0.012487363815307795
1789688318.778526,5.0000,traffic cone,0.5078,390,19,306,118,3.4516,4.7418,-0.43344855,0.35126665,3.4061615,-0.6434808,0.0954411,4.696956,0.2011352241039276,0.014518696069717396,0.0966992139816285,0.32164764404296875,0.44568592756986614,0.23458003997802734
1789688318.827193,5.0000,traffic cone,0.2121,234,156,156,98,4.4085,4.4095,1.6842823,-0.097286165,4.072858,1.697491,-0.13937224,4.0673,0.3312143385410309,0.6968951746821404,0.546567440032959,0.22233326435089107,0.6659954756498336,0.12153768539428711
1789688318.876163,5.0000,traffic cone,0.1873,84,33,55,17,3.1759,3.1770,-0.6607432,0.06515136,3.1057181,-0.6385229,0.065460056,3.1114826,0.07644678354263312,0.1831098973751068,0.042942190170288,0.03924636840820317,0.18317046612501142,0.03254551887512225
1789688318.934107,5.0000,traffic cone,0.8265,148,84,52,29,3.3789,3.3710,1.0787807,0.076596916,3.2011251,1.0414877,0.13996096,3.2030554,0.12720989584922782,0.38191464580595497,0.07640497684478786,0.07188429832458487,0.2546363800764084,0.058385467529296964
1789688318.976617,5.0000,traffic cone,0.6911,221,117,98,53,3.1668,3.1643,-0.7612792,0.06511703,3.0732856,-0.7926616,0.06521718,3.0627294,0.1584222793579101,0.3650360494852066,0.0803358078002927,0.11353906393051139,0.24330632984638215,0.04762468338012704
1789688319.026275,5.0000,traffic cone,0.6689,237,30,138,30,4.0202,4.0202,0.13914967,0.35228875,4.0022945,0.13914967,0.35228875,4.0022945,0.355413943529129,0.0011606693267822155,0.011326384544372292,0.355413943529129,0.0011606693267822155,0.011326384544372292
1789688319.072461,5.0000,traffic cone,0.5056,389,19,306,120,3.4524,4.7453,-0.4307671,0.35133475,3.407374,-0.64314765,0.09618883,4.7005253,0.2015270233154297,0.014775520563125588,0.09556503295898411,0.33073585033416747,0.4457599725574255,0.23557579517364502
1789688319.118003,5.0000,traffic cone,0.2130,236,156,157,99,4.4090,4.4100,1.6858768,-0.09727311,4.072773,1.6975421,-0.09852784,4.0689464,0.3092058598995209,0.6972580179572105,0.5490273237228394,0.23447531461715698,0.6662741929292679,0.12458505630493111
1789688319.163703,5.0000,traffic cone,0.1905,85,34,54,17,3.1756,3.1754,-0.6606532,0.034905307,3.1059678,-0.64096206,0.065390885,3.1093144,0.07605414986610415,0.18323761224746704,0.04702856540679923,0.039329123497009344,0.1832008808851242,0.03211860656738308
1789688319.230430,5.0000,traffic cone,0.8269,144,84,50,30,3.3778,3.3702,1.0785862,0.07648346,3.2000012,1.0418315,0.13992842,3.2020924,0.1261597633361815,0.38194018602371216,0.07503402233123779,0.06933004856109615,0.25451933294534684,0.05884290933608982
1789688319.262288,5.0000,traffic cone,0.6948,222,119,97,53,3.1666,3.1651,-0.76075244,0.065165445,3.0732188,-0.79430914,0.0653096,3.0631611,0.16194440722465508,0.36503859162330626,0.08826897144317636,0.11132191419601434,0.24339492022991183,0.05129795074462873
1789688319.302753,5.0000,traffic cone,0.6623,230,29,139,30,4.0201,4.0202,0.13093993,0.3523448,4.0024824,0.1377333,0.3523384,4.002367,0.3430331960320473,0.0010944604873657227,0.0121110439300538,0.3551377907395363,0.0010938197374343872,0.012410902976989657
1789688319.334404,5.0000,traffic cone,0.5079,387,19,305,28,3.4516,4.0132,-0.43098375,0.35117292,3.4065263,-0.52682185,0.3523821,3.9628363,0.20199346542358398,0.014758020639419556,0.09909117221832275,0.29359666705131526,0.06376512050628663,0.15176682472228986
1789688319.380759,5.0000,traffic cone,0.2159,235,155,159,100,4.4088,4.4115,1.6851864,-0.09761563,4.0729055,1.6988444,-0.18009973,4.0672874,0.3180406928062438,0.6971564024686814,0.5466351985931395,0.23730640411376958,0.6654322668910027,0.11765794754028303
1789688319.425558,5.0000,traffic cone,0.1897,83,32,271,132,3.1751,3.1747,-0.6606074,0.06515348,3.1049724,-0.76270425,0.004431121,3.0816717,0.0746423184871674,0.1830858614295721,0.04442167282104492,0.16930528283119195,0.42638215571641924,0.09744864702224731
1789688319.493134,5.0000,traffic cone,0.8243,145,85,51,30,3.3779,3.3696,1.0770679,0.07669976,3.200612,1.0406954,0.108274266,3.2029843,0.12637157440185542,0.38196341097354886,0.07721910476684535,0.06937577724456778,0.2545451395213604,0.06401416063308707
1789688319.526656,5.0000,traffic cone,0.6910,218,118,95,53,3.1662,3.1650,-0.7615397,0.06527162,3.0725446,-0.793693,0.06536566,3.0632036,0.16027278304100034,0.36491503827273847,0.08642615079879779,0.11310715675354,0.24323162287473676,0.048162317276001065
1789688319.571617,5.0000,traffic cone,0.6634,231,29,131,30,4.0203,4.0203,0.13234703,0.3523344,4.002602,0.13912387,0.3523559,4.002454,0.3431426137685775,0.0009824752807617299,0.010582637786864968,0.35534267276525494,0.0009782373905182218,0.010530567169189098
1789688319.618091,5.0000,traffic cone,0.5084,388,125,306,28,4.7400,4.0134,-0.620584,0.09475526,4.698232,-0.52602774,0.3523075,3.9631984,0.3348253488540649,0.4455449029803276,0.20795192718505895,0.2938873410224914,0.06339599639177323,0.1543980121612547
1789688319.663898,5.0000,traffic cone,0.2106,237,157,157,98,4.4091,4.4090,1.6853907,-0.097552285,4.0731125,1.6969053,-0.098560624,4.068199,0.30727767944335915,0.6970979392528533,0.5450642585754393,0.2370011389255522,0.6660369619727134,0.12523548603057932
1789688319.708999,5.0000,traffic cone,0.1892,81,34,269,132,3.1777,3.1759,-0.65937686,0.03491383,3.1083348,-0.7636063,0.004543811,3.0827546,0.075505456328392,0.18322364799678326,0.04078809022903451,0.1664056837558745,0.42637367844581603,0.0957363128662112
1789688319.780180,5.0000,traffic cone,0.8264,146,84,54,31,3.3789,3.3693,1.0781099,0.076626584,3.2014084,1.0398616,0.13974278,3.2018242,0.12362622022628789,0.3818591751158238,0.07574279308319065,0.07020872831344604,0.25462672114372253,0.060843586921691895
1789688319.829840,5.0000,traffic cone,0.6894,221,117,100,53,3.1673,3.1662,-0.7598462,0.06529483,3.0741148,-0.7949681,0.06545772,3.0640616,0.15773470401763923,0.3650336891412735,0.08570747375488308,0.11038944721221922,0.24334326833486558,0.04742321968078622
1789688319.876758,5.0000,traffic cone,0.6648,236,29,130,29,4.0212,4.0212,0.13395295,0.35239464,4.0035243,0.13395295,0.35239464,4.0035243,0.3432033240795135,0.0011026501655578835,0.01222043037414533,0.3432033240795135,0.0011026501655578835,0.01222043037414533
1789688319.923391,5.0000,traffic cone,0.5085,386,125,305,116,4.7411,4.7425,-0.6234383,0.09439002,4.6990232,-0.6374197,0.09621386,4.698477,0.33521569371223453,0.44570912122726436,0.2162589073181156,0.3182520568370819,0.44575610756874084,0.21766304969787598
1789688319.968163,5.0000,traffic cone,0.2151,237,157,156,98,4.4082,4.4084,1.6843582,-0.09699601,4.0725846,1.69738,-0.09852359,4.0673723,0.3173615694046019,0.6970664262771606,0.548064565658569,0.2391861081123352,0.6650195091962814,0.11951971054077148
1789688320.008825,5.0000,traffic cone,0.1892,82,33,269,128,3.1762,3.1766,-0.66044915,0.06498198,3.106116,-0.76408404,0.0044839606,3.0833771,0.07699953317642205,0.18305262774229047,0.04607062339782697,0.16624538600444794,0.40545588433742474,0.09683916568756112
1789688320.042810,5.0000,truck,0.1502,3014,2327,89,21,4.4490,12.0156,1.6416773,-0.44203663,4.1113396,0.95006925,-2.8888571,11.624414,1.813967579603195,1.4335866212844848,3.2859386682510374,0.27195030450820923,0.5432662963867188,0.9971895217895508
1789688320.113791,5.0000,traffic cone,0.8232,147,84,51,30,3.3762,3.3689,1.0760341,0.07652986,3.1992545,1.0415013,0.13988525,3.2008235,0.12279174327850328,0.3820090375840664,0.06991971731185886,0.07182319760322575,0.2547220028936863,0.057958900928497314
1789688320.146696,5.0000,traffic cone,0.6881,219,117,100,53,3.1665,3.1652,-0.7594206,0.06520614,3.073418,-0.7954575,0.06534408,3.0628996,0.15872581005096442,0.3650247871875763,0.08505744934082005,0.11156644821166994,0.2433984234929085,0.050122880935668856
1789688320.191185,5.0000,traffic cone,0.6637,237,30,138,30,4.0224,4.0224,0.13967195,0.35258034,4.0045123,0.13967195,0.35258034,4.0045123,0.35552517920732496,0.0009704411029815563,0.012883520126342418,0.35552517920732496,0.0009704411029815563,0.012883520126342418
1789688320.236892,5.0000,traffic cone,0.5131,387,125,306,116,4.7417,4.7415,-0.6228852,0.094591394,4.6996226,-0.6366549,0.09625672,4.697555,0.33625059723854067,0.44583925902843474,0.2161382675170902,0.31861603260040283,0.4458842445164919,0.21793365478515625
1789688320.281946,5.0000,traffic cone,0.2106,239,159,159,101,4.4099,4.4115,1.6840041,-0.096833125,4.0745287,1.698566,-0.09860468,4.0701933,0.32854357957839975,0.6972460716962814,0.5450355052947993,0.2546970844268799,0.6653992831707001,0.11954450607299805
1789688320.326593,5.0000,traffic cone,0.1913,83,34,54,17,3.1754,3.1786,-0.6593125,0.034852877,3.1059637,-0.6390446,0.06533478,3.1130052,0.07570923268795016,0.18306239731609822,0.045555830001831055,0.03950867652893064,0.1831417888402939,0.034490346908569336
1789688320.385587,5.0000,traffic cone,0.8238,144,84,51,30,3.3777,3.3694,1.0787802,0.07669094,3.199914,1.0410249,0.139813,3.201502,0.1238503396511077,0.38192635029554367,0.07687541246414176,0.07238007187843332,0.2548572413623333,0.058399534225463956
1789688320.422841,5.0000,traffic cone,0.6854,219,118,98,53,3.1673,3.1662,-0.76160294,0.065172456,3.0736701,-0.7949314,0.06518568,3.0640988,0.16102826893329625,0.3650344893336296,0.08543765544891357,0.11158399581909173,0.2433586373925209,0.04625821113586426
1789688320.470982,5.0000,traffic cone,0.6628,239,30,130,30,4.0209,4.0209,0.1389334,0.35234457,4.0030193,0.1389334,0.35234457,4.0030193,0.35561007410287854,0.0012411028146743774,0.013851189613342196,0.35561007410287854,0.0012411028146743774,0.013851189613342196
1789688320.518371,5.0000,traffic cone,0.5125,387,125,305,116,4.7368,4.7376,-0.62075937,0.09454693,4.6950336,-0.63544583,0.09640728,4.6938133,0.33392269611358644,0.44556590318679806,0.21472454071044922,0.31658482551574707,0.4456517677754164,0.2166835069656372
1789688320.563915,5.0000,traffic cone,0.2108,235,155,156,97,4.4087,4.4101,1.6855466,-0.09785034,4.072606,1.6957216,-0.18009992,4.067033,0.3068318009376525,0.6970058590173721,0.5522176742553708,0.2379008054733276,0.6653531491756439,0.12227296829223633
1789688320.608522,5.0000,traffic cone,0.1930,84,33,271,132,3.1750,3.1748,-0.65986156,0.06517069,3.10496,-0.7636264,0.0044230893,3.0815775,0.07750499248504639,0.18331028819084166,0.043372726440429776,0.1686138570308685,0.42650786936283114,0.09569249153137216
1789688320.655647,5.0000,truck,0.1521,3007,2318,89,22,4.4483,12.0022,1.6399465,-0.44288552,4.1111283,0.940159,-2.8749409,11.61483,1.806817016005516,1.43579877614975,3.282277607917786,0.2673501849174499,0.5578632831573485,0.9965543746948242
1789688320.724075,5.0000,traffic cone,0.8275,147,84,49,29,3.3794,3.3694,1.0795624,0.07658319,3.2013743,1.0409615,0.13997602,3.201511,0.12499671578407301,0.3821218967437744,0.06937340497970546,0.07056963443756104,0.254591116309166,0.059389448165893644
1789688320.755166,5.0000,traffic cone,0.6859,219,118,100,54,3.1671,3.1650,-0.7607576,0.06524382,3.0736918,-0.79237556,0.06524382,3.0634782,0.1589804232120514,0.36495417952537534,0.08438880443572971,0.11103574633598323,0.24337971583008766,0.048053550720214666
1789688320.785665,5.0000,traffic cone,0.6585,238,30,136,30,4.0206,4.0206,0.13922946,0.35240713,4.002726,0.13922946,0.35240713,4.002726,0.35539800524711607,0.000987541675567638,0.011045074462891158,0.35539800524711607,0.000987541675567638,0.011045074462891158
1789688320.818298,5.0000,traffic cone,0.5120,385,125,305,116,4.7387,4.7401,-0.6217518,0.09421119,4.6967497,-0.6360181,0.09630862,4.6962247,0.33470774292945865,0.44551841020584104,0.21370601654052734,0.3156336545944214,0.4456333052366972,0.2159416675567627
1789688320.861644,5.0000,traffic cone,0.2089,235,157,156,99,4.4090,4.4085,1.6858206,-0.09760809,4.0727673,1.6969572,-0.09849422,4.0676517,0.3284759759902953,0.697082006931305,0.5464881420135494,0.23581961393356332,0.6653579413890839,0.11858844757080078
1789688320.905978,5.0000,traffic cone,0.1926,83,33,272,132,3.1742,3.1758,-0.661373,0.06509191,3.1038694,-0.7645224,0.004463248,3.0824194,0.07581384181976325,0.1831246644258499,0.04183478355407688,0.16759666800498962,0.42650820016860963,0.0934257745742797
1789688320.976860,5.0000,traffic cone,0.8273,144,84,50,30,3.3758,3.3693,1.0752685,0.07653704,3.199039,1.040834,0.13985978,3.2014964,0.1263019084930419,0.38202177956700323,0.07108156681060773,0.07159169316291814,0.25451089069247246,0.06024923324584952
1789688321.026292,5.0000,traffic cone,0.6874,221,118,100,54,3.1674,3.1670,-0.76006734,0.0652435,3.0741692,-0.7925023,0.06531706,3.0655224,0.1615090757608414,0.3650728240609169,0.08340277671813956,0.11046628654003132,0.24348430521786213,0.052030849456787376
1789688321.077026,5.0000,traffic cone,0.6600,237,30,130,30,4.0203,4.0203,0.13704926,0.35228232,4.002497,0.13704926,0.35228232,4.002497,0.35550107657909386,0.001066288352012612,0.012392449378967108,0.35550107657909386,0.001066288352012612,0.012392449378967108
1789688321.126848,5.0000,traffic cone,0.5115,388,126,305,28,4.7396,4.0123,-0.6223047,0.094885975,4.6976213,-0.52574503,0.35232875,3.96211,0.3378085196018219,0.44558791257441044,0.21428966522216797,0.2927073940634728,0.06402147114276885,0.151566123962402
1789688321.172498,5.0000,traffic cone,0.2106,233,154,155,100,4.4082,4.4134,1.6860917,-0.0972258,4.0717983,1.6985161,-0.18010062,4.069519,0.31976660490036,0.6969164580106735,0.5473467350006107,0.23944932222366333,0.6655534565448761,0.12370505332946813
1789688321.216671,5.0000,traffic cone,0.1909,83,32,272,133,3.1758,3.1750,-0.6612742,0.03493938,3.105957,-0.7614684,0.0045352727,3.0823612,0.07444726228713983,0.18306985795497893,0.046361589431762606,0.16981694698333738,0.42658502161502837,0.09448175430297834
1789688321.288312,5.0000,traffic cone,0.8216,148,84,49,28,3.3772,3.3677,1.0797969,0.07650848,3.1990047,1.0418814,0.13996935,3.199459,0.12561316490173335,0.38199082389473915,0.0742038846015931,0.06746070384979252,0.25453719943761827,0.06373858451843262
1789688321.338080,5.0000,traffic cone,0.6884,221,118,101,53,3.1682,3.1643,-0.76113427,0.065291256,3.0747695,-0.7937172,0.065420896,3.0624716,0.15972811281681065,0.36521435938775537,0.0787400245666503,0.11312049627304066,0.24351475536823275,0.04579815864562953
1789688321.387830,5.0000,traffic cone,0.6639,236,30,134,29,4.0209,4.0211,0.13914387,0.35240623,4.0030584,0.14593674,0.35239887,4.002961,0.3554807767271995,0.0009298861026763583,0.009610104560851873,0.3432383209466934,0.0009138822555542214,0.009734725952148526
1789688321.438977,5.0000,traffic cone,0.5106,389,19,306,28,3.4539,4.0153,-0.43208754,0.35137838,3.408721,-0.5267322,0.35232484,3.9649415,0.2016829788684844,0.014966094493865933,0.09881539344787615,0.29555247724056244,0.06385666728019712,0.14961237907409686
1789688321.479300,5.0000,traffic cone,0.2065,236,156,156,99,4.4098,4.4087,1.684219,-0.09725365,4.0743504,1.6964927,-0.09860306,4.068047,0.3065924644470215,0.6973281279206276,0.5468581914901733,0.2376983404159545,0.6651135772466659,0.12082791328430176
1789688321.511499,5.0000,traffic cone,0.1906,82,33,274,133,3.1758,3.1759,-0.66088146,0.065153405,3.1055844,-0.7634097,0.0044956803,3.0827353,0.07673499584197996,0.183151675760746,0.0421536445617674,0.16758337020874026,0.42659845650196077,0.09035382270812997
1789688321.581476,5.0000,traffic cone,0.8272,145,85,51,31,3.3761,3.3690,1.0770142,0.07672252,3.1987681,1.0404985,0.1396239,3.2012303,0.12493679523468026,0.3820412114262581,0.07166581153869656,0.0704450011253357,0.2548561617732048,0.052936673164367676
1789688321.631312,5.0000,traffic cone,0.6884,221,119,99,54,3.1672,3.1655,-0.7621253,0.06519355,3.073398,-0.7961674,0.06538844,3.0630474,0.15976353287696843,0.36498162150382996,0.08580279350280762,0.11249399781227098,0.24333517737686633,0.05054180622100857
1789688321.682546,5.0000,traffic cone,0.6660,236,29,130,29,4.0203,4.0203,0.13388547,0.3523141,4.0025992,0.13388547,0.3523141,4.0025992,0.34309302717447276,0.0009049892425536665,0.009497022628784713,0.34309302717447276,0.0009049892425536665,0.009497022628784713
1789688321.732069,5.0000,traffic cone,0.5083,388,125,308,28,4.7402,4.0144,-0.6218006,0.09464605,4.6982975,-0.5262921,0.35224667,3.9640996,0.33620538711547854,0.4457733199000359,0.21629743576049787,0.2948634579777718,0.06347742974758153,0.15007157325744602
1789688321.776978,5.0000,traffic cone,0.2071,236,158,155,99,4.4093,4.4090,1.6845443,-0.09723951,4.0736294,1.6955866,-0.09855023,4.0686884,0.31570501327514666,0.6971485376358033,0.5467043638229367,0.2226237535476685,0.665397298336029,0.11948437690734881
1789688321.822833,5.0000,traffic cone,0.1877,86,33,276,135,3.1761,3.1760,-0.66056216,0.06505665,3.1059728,-0.7649153,0.0044568777,3.082537,0.07645306587219247,0.18315685093402861,0.04256196022033665,0.16779100894927979,0.42664576768875123,0.09801323413848895
1789688321.893794,5.0000,traffic cone,0.8241,147,84,50,29,3.3765,3.3689,1.0784801,0.076599,3.1986713,1.0405005,0.13970639,3.20119,0.12770708799362196,0.382079766318202,0.07330650091171265,0.07030634880065922,0.2546548515558243,0.05880470275878924
1789688321.943781,5.0000,traffic cone,0.6872,219,117,100,53,3.1672,3.1667,-0.76106316,0.065319136,3.0737512,-0.7961241,0.065394744,3.064271,0.15904242992401119,0.36499702632427217,0.08179764747619611,0.11027132272720341,0.24327812492847442,0.049819517135620384
1789688322.001854,5.0000,traffic cone,0.6647,231,29,131,30,4.0210,4.0210,0.13054037,0.3523236,4.0033627,0.13735071,0.35230905,4.003148,0.34310952574014664,0.0009721994400024858,0.01135687828063947,0.35536366701126093,0.0009967744350433683,0.012341499328613281
1789688322.048435,5.0000,traffic cone,0.5084,392,19,311,116,3.4536,4.7421,-0.43190414,0.35121632,3.408397,-0.6360152,0.09636329,4.6982727,0.20179244875907898,0.01485200524330138,0.09735596179962158,0.3169609606266022,0.4459268730133772,0.21790528297424316
1789688322.093660,5.0000,traffic cone,0.2059,234,155,153,97,4.4085,4.4116,1.6839433,-0.09778947,4.0730624,1.695585,-0.1800998,4.0687613,0.3075128555297848,0.6973571151494979,0.5484021186828616,0.23860280513763432,0.6651895821094513,0.12346305847168004
1789688322.138888,5.0000,traffic cone,0.1908,83,33,271,132,3.1764,3.1759,-0.6601553,0.065247715,3.106402,-0.76265645,0.0045411587,3.0829282,0.07643377780914307,0.18301365971565248,0.04287977218627903,0.1667823284864426,0.4264467373490334,0.09310253858566275
1789688322.188081,5.0000,traffic cone,0.8233,148,86,51,30,3.3778,3.3682,1.0797839,0.07660948,3.1995947,1.0413166,0.1397779,3.200135,0.1281266212463379,0.3819265067577362,0.07514387369155884,0.07232587337493901,0.2545248448848724,0.06108030080795279
1789688322.221777,5.0000,traffic cone,0.6886,220,118,98,53,3.1658,3.1641,-0.76128876,0.0652023,3.072186,-0.7945272,0.06521073,3.062015,0.16041272282600394,0.36510056965053084,0.08395235538482648,0.11126672029495244,0.24326295405626297,0.04880514144897452
1789688322.271139,5.0000,traffic cone,0.6658,236,30,134,29,4.0206,4.0209,0.13941222,0.35228604,4.002736,0.1462157,0.35228637,4.0027432,0.3553021997213363,0.0010574162006378174,0.010752725601196556,0.34317545294761653,0.0009725928306579812,0.01078138351440483
1789688322.318224,5.0000,traffic cone,0.5102,389,126,309,28,4.7414,4.0123,-0.6224493,0.09402445,4.699419,-0.52611727,0.35236695,3.9620168,0.34607356786727905,0.44563188403844833,0.22008073329925537,0.2937497183680534,0.0637902945280075,0.15214724540710423
1789688322.363790,5.0000,traffic cone,0.2079,234,156,156,100,4.4091,4.4095,1.6869198,-0.09663438,4.072466,1.6963905,-0.098545566,4.068987,0.32008805871009827,0.6970761343836784,0.544929027557373,0.23964878916740417,0.6652361586689949,0.12145750522613508
1789688322.408615,5.0000,traffic cone,0.1919,83,33,273,133,3.1780,3.1760,-0.66081226,0.065316305,3.1078284,-0.76189005,0.004565537,3.0832672,0.0755432605743408,0.1832467496395111,0.04086647033691371,0.1671153664588928,0.4266178488731384,0.09400997161865243
1789688322.479232,5.0000,traffic cone,0.8221,146,85,52,30,3.3768,3.3693,1.0766022,0.07672201,3.1997006,1.0409892,0.13993166,3.2013516,0.12614216804504386,0.3816920295357704,0.07492899894714355,0.07186791896820055,0.25478339791297916,0.059349858760834096
1789688322.529047,5.0000,traffic cone,0.6937,222,118,100,53,3.1669,3.1646,-0.7610383,0.065207,3.0733724,-0.7951275,0.065253615,3.0624022,0.15922089815139773,0.36499652042984965,0.08693038225173932,0.11347310543060296,0.2433923304080963,0.04802441596984863
1789688322.580152,5.0000,traffic cone,0.6623,237,30,135,29,4.0202,4.0205,0.13802817,0.35237324,4.0023465,0.14483356,0.3524025,4.00239,0.3555870279669761,0.0010896742343902699,0.011095547676086781,0.3433122500777244,0.0010923385620116854,0.011307048797607688
1789688322.630393,5.0000,traffic cone,0.5103,389,19,306,28,3.4502,4.0127,-0.43143934,0.35128713,3.4050415,-0.5263602,0.35223928,3.962433,0.20220226645469663,0.015052539110183727,0.09723401069641113,0.2958827450871468,0.06394036710262302,0.14800560474395708
1789688322.679459,5.0000,traffic cone,0.2017,235,155,156,98,4.4085,4.4101,1.6857346,-0.09742915,4.072337,1.697799,-0.13937788,4.067762,0.3176355600357055,0.6970802128314972,0.5517652034759521,0.23801746368408194,0.665297856926918,0.12508430480957067
1789688322.724547,5.0000,traffic cone,0.1918,77,29,274,133,3.1765,3.1750,-0.65674186,0.0650163,3.1072264,-0.7626574,0.0044623315,3.0819867,0.06749850511550903,0.18303395807743073,0.040638065338134854,0.168819522857666,0.4264461904764175,0.09825730323791504
1789688322.783677,5.0000,traffic cone,0.8216,148,85,52,29,3.3781,3.3684,1.0789652,0.076678604,3.2001948,1.0416497,0.13984406,3.2001948,0.12851622104644767,0.3821160435676575,0.07364463806152344,0.07032206058502188,0.25479734539985655,0.05970263481140137
1789688322.823110,5.0000,traffic cone,0.6933,220,119,100,54,3.1663,3.1669,-0.76318026,0.065146744,3.072277,-0.79622877,0.06518049,3.0644765,0.16106876730918884,0.3653021275997162,0.08337779045104998,0.11216104626655576,0.24340998567640781,0.048579084873199285
1789688322.869282,5.0000,traffic cone,0.6672,236,29,137,29,4.0212,4.0212,0.13381985,0.35245973,4.0034842,0.13381985,0.35245973,4.0034842,0.343237455189228,0.0009366750717162975,0.009437322616577593,0.343237455189228,0.0009366750717162975,0.009437322616577593
1789688322.910557,5.0000,traffic cone,0.5118,385,19,305,28,3.4523,4.0145,-0.43211687,0.35114306,3.407117,-0.5257205,0.35236946,3.9642558,0.2002605944871902,0.014917802810668956,0.09447131156921396,0.292880392074585,0.06378609389066697,0.15295035839080784
1789688322.942465,5.0000,traffic cone,0.2031,236,157,156,100,4.4095,4.4082,1.6838017,-0.09710812,4.0742154,1.6965413,-0.09859106,4.067498,0.3268167972564697,0.6973617136478425,0.5494240283966065,0.25771985650062557,0.6655028030276298,0.12168211936950613
1789688322.989312,5.0000,traffic cone,0.1941,80,29,272,133,3.1774,3.1745,-0.65703356,0.06544343,3.1079977,-0.7652546,0.0044777244,3.0808706,0.06724003553390501,0.18312329947948455,0.042139434814453036,0.16786373853683467,0.4266782194375992,0.09456543922424299
1789688323.035723,5.0000,truck,0.1505,2996,2319,89,20,4.4512,11.9772,1.6400846,-0.44252637,4.114353,0.9592527,-2.8681924,11.5891,1.8027879357337953,1.4427831768989563,3.2863815069198608,0.2748198330402374,0.5495661735534667,0.9744570732116689
1789688323.107104,5.0000,traffic cone,0.8224,146,84,53,30,3.3772,3.3691,1.0792549,0.07657145,3.1991682,1.043052,0.1397668,3.2005234,0.12548058032989506,0.3820064395666123,0.07120234966278094,0.07068629264831539,0.2547203451395035,0.05947725772857648
1789688323.155282,5.0000,traffic cone,0.6995,218,118,99,53,3.1672,3.1656,-0.7604455,0.065217085,3.0738666,-0.7936616,0.06526992,3.0638282,0.16060645878314972,0.3652575004845857,0.08611252307891881,0.11282663345336907,0.2434572860598564,0.04723501205444336
1789688323.202451,5.0000,traffic cone,0.6690,231,29,130,29,4.0203,4.0204,0.13189808,0.35226852,4.0026217,0.14551541,0.35226083,4.0022993,0.343051141500473,0.0010832548141479492,0.011648368835449396,0.34305493235588075,0.0011192321777343528,0.011950683593750178
1789688323.248441,5.0000,traffic cone,0.5080,386,124,312,28,4.7404,4.0114,-0.62073386,0.093690544,4.698682,-0.52542925,0.35240534,3.9612427,0.3339793562889099,0.44562307372689247,0.2132005214691164,0.29486104995012286,0.06420739889144894,0.1460840463638302
1789688323.293585,5.0000,traffic cone,0.2015,236,156,156,99,4.4090,4.4130,1.684738,-0.09771344,4.0732765,1.6951606,-0.18010002,4.0704494,0.31768715381622314,0.6972744315862656,0.5448124408721924,0.23766093254089338,0.6650995314121246,0.1208655834197998
1789688323.338172,5.0000,traffic cone,0.1939,84,31,272,134,3.1763,3.1766,-0.6564613,0.06515096,3.1070173,-0.76219475,0.0044991374,3.083756,0.07289236783981323,0.18306827545166016,0.037442684173583984,0.16795117259025572,0.4266904219985008,0.09636290073394793
1789688323.392567,5.0000,traffic cone,0.8213,145,84,50,29,3.3764,3.3686,1.0776455,0.07670586,3.1988611,1.0424523,0.14001444,3.2001638,0.12627709507942209,0.3822617080062628,0.07777705192565909,0.07226536273956286,0.2546613335609436,0.06100339889526385
1789688323.435189,5.0000,traffic cone,0.6974,222,119,101,54,3.1667,3.1667,-0.7630832,0.06524803,3.0726445,-0.79583675,0.06529793,3.0643759,0.162826931476593,0.3650411829352379,0.0877722740173339,0.11131932735443117,0.2435295056551695,0.05010479688644409
1789688323.487133,5.0000,traffic cone,0.6695,231,29,131,30,4.0199,4.0201,0.13249674,0.3523166,4.0022154,0.13933724,0.35231954,4.0021954,0.34314580559730523,0.0008417844772338756,0.009642648696899236,0.355518139898777,0.0008367091417312289,0.009602689743042347
1789688323.537597,5.0000,traffic cone,0.5092,391,19,310,28,3.4544,4.0137,-0.43230662,0.3513644,3.4092047,-0.5252484,0.35240325,3.9635162,0.2013981103897095,0.014460819959640492,0.09436569213867196,0.29218167364597325,0.06378950327634814,0.1551695346832278
1789688323.586555,5.0000,traffic cone,0.2057,236,157,156,101,4.4106,4.4116,1.6857344,-0.09647257,4.0745754,1.6978567,-0.098608345,4.0705633,0.3276798009872435,0.6970546841621399,0.5508616924285894,0.25393784046173096,0.6652356684207916,0.12185287475585938
1789688323.626868,5.0000,traffic cone,0.1969,78,29,274,133,3.1760,3.1764,-0.65619254,0.065260306,3.1068108,-0.7644346,0.0044939816,3.083039,0.06604933738708496,0.18335448801517487,0.03766016960144025,0.1688263177871704,0.4262744873762131,0.09488124847412127
1789688323.689563,5.0000,traffic cone,0.8209,149,85,50,29,3.3772,3.3676,1.0784057,0.07654488,3.199461,1.0413573,0.1398598,3.199461,0.12952728271484393,0.3822205841541291,0.07000842094421378,0.07211275100708003,0.2546949744224548,0.06300492286682102
1789688323.739331,5.0000,traffic cone,0.6985,221,118,97,53,3.1670,3.1642,-0.76161337,0.06529256,3.0733712,-0.79506814,0.06536278,3.0619864,0.16151118278503418,0.365184061229229,0.0818323254585267,0.1106862306594848,0.24330920428037645,0.05195107460021964
1789688323.789929,5.0000,traffic cone,0.6675,231,29,137,30,4.0210,4.0211,0.1314447,0.35242507,4.003334,0.13822253,0.3524264,4.0032425,0.343291562795639,0.001032614707946744,0.011715221405029563,0.3554591476917266,0.0010307997465133778,0.011601710319519398
1789688323.840772,5.0000,traffic cone,0.5096,385,125,309,116,4.7398,4.7415,-0.62117636,0.09402594,4.6979566,-0.6360843,0.09614512,4.697672,0.3343054831027985,0.44558846205472946,0.21152458190918022,0.3184133321046829,0.4456256330013275,0.21283018589019775
1789688323.886190,5.0000,traffic cone,0.2044,237,157,156,99,4.4096,4.4108,1.6848745,-0.0975648,4.073846,1.6981176,-0.09858112,4.069619,0.31610925197601314,0.6971479535102845,0.5493597984313969,0.2426579117774963,0.6653514623641967,0.11963143348693794
1789688323.930852,5.0000,traffic cone,0.1994,81,30,271,132,3.1768,3.1775,-0.6575548,0.03504905,3.1078236,-0.7640693,0.004546061,3.0842323,0.06908078789711003,0.18302221074700356,0.038448429107666104,0.1696794211864472,0.4264338552951813,0.09191638231277466
1789688324.001439,5.0000,traffic cone,0.8214,149,84,53,30,3.3773,3.3699,1.0769024,0.076535195,3.2000632,1.0424589,0.13978252,3.2015104,0.12319861054420467,0.3820596095174551,0.07516841888427717,0.07220742106437683,0.25494976043701173,0.059679949283599765
1789688324.034014,5.0000,traffic cone,0.6900,228,126,96,54,3.1683,3.1679,-0.75630856,0.06533086,3.0759683,-0.7958514,0.06534543,3.0655746,0.1707853078842163,0.36508509516716003,0.0862734317779541,0.11266819536685946,0.24340214654803277,0.0485539436340332
1789688324.078974,5.0000,traffic cone,0.6635,233,29,131,30,4.0210,4.0211,0.13329121,0.35233244,4.003333,0.14006013,0.3523269,4.003184,0.34352767020463937,0.001264810562133789,0.011268043518066317,0.35578452497720714,0.0012453943490982056,0.011757707595825284
1789688324.126229,5.0000,traffic cone,0.5100,387,124,307,28,4.7392,4.0112,-0.62138015,0.0940498,4.697339,-0.52593976,0.3522499,3.9609199,0.3348722815513611,0.4455531757324934,0.2104445934295649,0.2950329169631004,0.06406161040067676,0.14946646690368626
1789688324.170991,5.0000,traffic cone,0.2048,235,156,156,98,4.4097,4.4093,1.6856651,-0.09729539,4.0736685,1.6983715,-0.09854854,4.0679054,0.3224164545536041,0.6969390511512756,0.5509886741638184,0.2573068678379058,0.6648637443780898,0.12023892402648872
1789688324.216274,5.0000,traffic cone,0.1962,84,33,266,134,3.1738,3.1772,-0.659857,0.0651477,3.103735,-0.763965,0.0044924617,3.084022,0.0767386674880981,0.1829380452632904,0.04301738739013672,0.16859286427497866,0.426595576107502,0.09406124353408796
1789688324.288213,5.0000,traffic cone,0.8220,148,85,52,30,3.3791,3.3701,1.0797617,0.076679036,3.201034,1.0427392,0.13983192,3.2016413,0.12746109962463392,0.38204001337289806,0.0713357925415039,0.07158579230308537,0.25457489341497425,0.062036991119384766
1789688324.322189,5.0000,traffic cone,0.6902,228,126,100,55,3.1669,3.1676,-0.75658727,0.06524547,3.0745,-0.795456,0.06534387,3.065399,0.1712358593940735,0.36501131020486355,0.08676165342330933,0.12347743511199949,0.24349795728921889,0.04791076183319065
1789688324.361969,5.0000,traffic cone,0.6649,232,29,129,29,4.0206,4.0206,0.13393587,0.3523475,4.002851,0.13393587,0.3523475,4.002851,0.34326093345880504,0.0012150645256042703,0.011247634887695312,0.34326093345880504,0.0012150645256042703,0.011247634887695312
1789688324.394890,5.0000,traffic cone,0.5063,387,19,306,28,3.4537,4.0153,-0.43339288,0.35149407,3.4083679,-0.5257204,0.35231444,3.9650865,0.2016007423400879,0.015300679206848189,0.10003943443298358,0.29424880594015124,0.06351802051067351,0.15588357448577872
1789688324.442216,5.0000,traffic cone,0.2022,236,156,156,98,4.4088,4.4096,1.6850666,-0.09764612,4.072878,1.6958218,-0.098539464,4.0692487,0.3258630931377411,0.6971001178026199,0.5451204776763916,0.24338685274124128,0.6648037150502204,0.11957979202270508
1789688324.486789,5.0000,traffic cone,0.1953,81,29,267,133,3.1790,3.1760,-0.6567397,0.064980626,3.1097643,-0.7641978,0.004529476,3.0827184,0.06674342155456536,0.1831552475690842,0.04550018310546866,0.16836836338043204,0.4265317589044571,0.09760909080505353
1789688324.532325,5.0000,truck,0.1519,3009,2321,89,21,4.4493,12.0170,1.640365,-0.44309378,4.1121225,0.9511166,-2.8852007,11.62663,1.8138342499732971,1.434454396367073,3.283220052719116,0.27342742681503296,0.5393016338348389,0.9917936325073242
1789688324.604268,5.0000,traffic cone,0.8237,147,84,51,30,3.3790,3.3698,1.078882,0.07662147,3.2012506,1.0417136,0.14006391,3.201701,0.1252066612243652,0.38198221288621426,0.07467035055160487,0.0696090221405028,0.25469901263713834,0.061420309543609886
1789688324.654076,5.0000,traffic cone,0.6939,228,124,99,55,3.1680,3.1683,-0.75758314,0.06522697,3.0753908,-0.79481554,0.06531747,3.0663233,0.1675573527812958,0.3652440346777439,0.0830255508422848,0.12078241705894466,0.2435891754925251,0.04941248893737793
1789688324.704976,5.0000,traffic cone,0.6677,232,29,131,30,4.0204,4.0206,0.13207123,0.35228404,4.0027475,0.13890542,0.35229638,4.0027466,0.3429909393191337,0.0008223295211791659,0.01147470474243173,0.35532777607440946,0.0008553802967071755,0.01129584312438947
1789688324.755557,5.0000,traffic cone,0.5073,389,19,306,28,3.4507,4.0150,-0.4303217,0.35119,3.4056916,-0.527979,0.3525068,3.9644978,0.20184736549854276,0.014599603414535478,0.09853346347808811,0.29346693009138103,0.06330366283655164,0.15687747001647923
1789688324.800797,5.0000,traffic cone,0.1974,79,29,268,134,3.1784,3.1766,-0.6583922,0.06520423,3.108827,-0.7626929,0.0045569018,3.083724,0.06594679355621336,0.18309444189071655,0.043765020370483576,0.16693351566791537,0.42666484862565995,0.0909311652183531
1789688324.846495,5.0000,traffic cone,0.1939,234,154,154,98,4.4098,4.4106,1.6845342,-0.097681716,4.0741863,1.6952813,-0.18010005,4.0678325,0.30973041653633104,0.6965160742402077,0.5508629322052006,0.222740364074707,0.665206716954708,0.12516565322875906
1789688324.917680,5.0000,traffic cone,0.8247,143,84,49,30,3.3790,3.3694,1.0771484,0.07660423,3.2017598,1.0398595,0.1397377,3.201908,0.1255164802074431,0.3818167883902788,0.07380526065826443,0.07153071761131291,0.25480554029345515,0.054783856868743985
1789688324.968078,5.0000,traffic cone,0.6916,227,126,99,55,3.1670,3.1671,-0.7575045,0.06531975,3.07442,-0.7964046,0.065437585,3.0646582,0.17121537029743195,0.3652147129178047,0.08765512704849243,0.12227497100830076,0.24339678063988684,0.04783763885498038
1789688325.018780,5.0000,traffic cone,0.6677,232,29,131,30,4.0215,4.0217,0.13172548,0.3523698,4.003914,0.13858673,0.35236964,4.0038576,0.34308767616748803,0.0009377956390380637,0.010153341293335227,0.3553633898496627,0.0009285986423492321,0.010885310173034846
1789688325.065417,5.0000,traffic cone,0.5064,387,29,306,28,4.0097,4.0101,-0.5191549,0.35230488,3.9603255,-0.52572733,0.3523131,3.959821,0.2997790277004242,0.06582359075546268,0.15447592735290527,0.29303092211484905,0.06323885619640351,0.15581178665161133
1789688325.096316,5.0000,traffic cone,0.2002,234,154,154,98,4.4106,4.4095,1.6873056,-0.09765708,4.0739098,1.6966628,-0.09852913,4.0687857,0.3195614397525788,0.6968656957149506,0.5381439924240108,0.24513950943946816,0.6654876947402955,0.12132511138916069
1789688325.143287,5.0000,traffic cone,0.1937,79,29,267,134,3.1764,3.1733,-0.6563777,0.06515212,3.107169,-0.7646742,0.004549831,3.0797613,0.06705018281936648,0.1832879215478897,0.0414227008819581,0.16924172341823585,0.4265618696808815,0.09314140081405631
1789688325.214577,5.0000,traffic cone,0.8250,145,85,51,30,3.3768,3.3690,1.0789319,0.0766774,3.1988442,1.0408448,0.13986085,3.2011538,0.1257571697235107,0.38215024024248123,0.07694196701049805,0.07087035179138201,0.2547261014580727,0.05964072942733756
1789688325.248417,5.0000,traffic cone,0.6989,227,124,96,54,3.1675,3.1661,-0.7564769,0.0652381,3.0751934,-0.79421306,0.06533667,3.064155,0.16922136545181277,0.36516455858945845,0.0845603346824646,0.12282733917236321,0.24350492618978023,0.04553155899047834
1789688325.293147,5.0000,traffic cone,0.6665,230,29,129,30,4.0207,4.0208,0.13198565,0.35226184,4.00303,0.13874519,0.35228807,4.0029016,0.3430274158716201,0.0012866497039794589,0.011641836166381925,0.35525106489658353,0.0012841939926147572,0.011525440216064275
1789688325.340382,5.0000,traffic cone,0.5076,390,19,310,115,3.4534,4.7404,-0.43270886,0.35142237,3.408124,-0.6353472,0.096113935,4.6966114,0.20107701420783997,0.014483380317687977,0.09489383697509757,0.3126138269901276,0.4456602059304714,0.22668676376342756
1789688325.385997,5.0000,traffic cone,0.2009,235,154,158,100,4.4116,4.4102,1.686913,-0.09787896,4.075122,1.6960926,-0.13932766,4.0686393,0.3111064493656157,0.6970015212893486,0.5483713150024414,0.2415192723274231,0.6654719889163971,0.11857066154479945
1789688325.430744,5.0000,traffic cone,0.1922,79,29,272,132,3.1779,3.1753,-0.65607405,0.06523514,3.108715,-0.76253706,0.0045390874,3.08241,0.06725172996521,0.1833367794752121,0.03674802780151376,0.16605626046657562,0.42649109959602355,0.09446718692779532
1789688325.484948,5.0000,traffic cone,0.8246,147,84,50,29,3.3767,3.3675,1.0788012,0.076584056,3.1987891,1.0414,0.1399948,3.1994019,0.12683680057525626,0.3818697798997164,0.07685887813568115,0.07237899303436279,0.25488912761211396,0.056162929534911754
1789688325.527111,5.0000,traffic cone,0.6965,228,124,101,54,3.1672,3.1657,-0.7561989,0.065300226,3.0748787,-0.789999,0.06534663,3.0648196,0.16960319280624392,0.3650448501110077,0.08767067193985012,0.11954337656497949,0.2435311198234558,0.04886937141418457
1789688325.564075,5.0000,traffic cone,0.6633,231,29,130,30,4.0196,4.0195,0.13119552,0.35224357,4.001961,0.13806151,0.35231102,4.0016356,0.3432717725634574,0.0012088656425475741,0.010718631744384588,0.3553995966911315,0.0012045174837112538,0.01068332195282018
1789688325.610538,5.0000,traffic cone,0.5095,388,29,309,28,4.0107,4.0109,-0.5201803,0.35213384,3.961228,-0.5266135,0.35213578,3.9605505,0.3015848219394684,0.06591094732284547,0.15572338104248074,0.2950152590870857,0.06399282813072205,0.1534301280975341
1789688325.665132,5.0000,traffic cone,0.1997,234,156,157,100,4.4091,4.4114,1.6875572,-0.09720465,4.0721874,1.6970735,-0.1393205,4.069472,0.3097248375415802,0.6972310245037079,0.5488162040710449,0.24004400372505197,0.6655555114150047,0.12075133323669451
1789688325.716060,5.0000,traffic cone,0.1927,78,29,272,132,3.1775,3.1769,-0.65759647,0.06537461,3.1080594,-0.7629616,0.004628308,3.083939,0.06901869773864744,0.18315303921699524,0.03776817321777326,0.16690020263195038,0.4266484022140503,0.09638762474060059
1789688325.771731,5.0000,traffic cone,0.8246,145,82,50,29,3.3770,3.3688,1.0765752,0.07674275,3.1999118,1.0420384,0.13983165,3.2005033,0.121094787120819,0.38207076415419583,0.07823066711425763,0.073360300064087,0.25478045642375946,0.06208157539367676
1789688325.818651,5.0000,traffic cone,0.6951,229,125,98,54,3.1681,3.1650,-0.7570588,0.06519784,3.075674,-0.79364693,0.06538611,3.0631857,0.16955957412719724,0.3651930928230286,0.08736853599548366,0.1220191448926925,0.2434591617435217,0.04834239482879665
1789688325.848944,5.0000,traffic cone,0.6661,232,29,131,30,4.0203,4.0205,0.131391,0.35231066,4.002663,0.13822782,0.35230678,4.002631,0.3432219713926315,0.0010546803474426603,0.010179233551025568,0.35557117015123363,0.0010515779256820568,0.012042641639709473
1789688325.882315,5.0000,traffic cone,0.5071,392,19,311,116,3.4532,4.7406,-0.43023974,0.35137296,3.4082718,-0.63772815,0.09673935,4.6965184,0.20293070971965788,0.014608001708984353,0.09613499641418466,0.31436608731746674,0.4457942880690098,0.22356319427490234
1789688325.926379,5.0000,traffic cone,0.2052,238,158,157,101,4.4103,4.4121,1.6854888,-0.097166136,4.0743604,1.6995018,-0.09844129,4.0704255,0.320376706123352,0.6969617486000061,0.5453617572784424,0.2532339096069336,0.6651140451431274,0.11482572555541992
1789688325.970933,5.0000,traffic cone,0.1962,78,29,274,133,3.1770,3.1753,-0.6562533,0.06527527,3.107828,-0.7636832,0.004480988,3.082084,0.06738147735595701,0.1832619935274124,0.04004540443420401,0.16666409969329832,0.4266661614179611,0.09526824951171875
1789688326.039418,5.0000,traffic cone,0.8244,146,82,52,29,3.3757,3.3669,1.0776529,0.076695815,3.1981473,1.0421731,0.13992074,3.198444,0.12175774574279785,0.38196335881948473,0.0750390887260437,0.07099192142486577,0.2548755884170532,0.05746374130249032
1789688326.073403,5.0000,traffic cone,0.6994,225,124,98,53,3.1693,3.1656,-0.7572739,0.0652495,3.0767655,-0.7953503,0.06526227,3.063351,0.16860860288143154,0.36496295109391214,0.08557481765747044,0.11177014112472528,0.24350532740354536,0.05221204757690412
1789688326.118292,5.0000,traffic cone,0.6660,231,29,137,29,4.0207,4.0212,0.1329408,0.3523815,4.003002,0.14661986,0.3523815,4.003002,0.34305888861417766,0.0008075952529907338,0.010915994644165039,0.34309740513563153,0.0008075952529907338,0.010964822769165217
1789688326.165502,5.0000,traffic cone,0.5046,385,125,310,28,4.7414,4.0112,-0.6205284,0.094763994,4.699657,-0.52821803,0.35236567,3.9606254,0.3329376041889191,0.4456360071897507,0.21319608688354474,0.29575051218271253,0.06368918865919115,0.15206332206726048
1789688326.209991,5.0000,traffic cone,0.2082,236,156,159,100,4.4097,4.4119,1.6853663,-0.097291425,4.0737786,1.6988147,-0.13935561,4.069338,0.32173269987106323,0.6968179792165756,0.5498465299606323,0.24114319682121277,0.6655699789524079,0.11889166831970233
1789688326.255441,5.0000,traffic cone,0.1951,78,29,264,132,3.1766,3.1758,-0.6563744,0.065309644,3.1073225,-0.76388586,0.0045305192,3.0825868,0.06653909683227532,0.18322520405054094,0.038948965072632014,0.16743489503860465,0.42652070224285127,0.09276944398880005
1789688326.309702,5.0000,traffic cone,0.8258,150,84,51,29,3.3782,3.3687,1.0792108,0.076747656,3.2002778,1.040799,0.14000633,3.2008762,0.1242496252059937,0.38206699267029764,0.07363383769988996,0.06979560852050781,0.25465056002140046,0.06017351150512695
1789688326.350290,5.0000,traffic cone,0.6993,229,123,101,54,3.1675,3.1650,-0.7564596,0.0653069,3.0751634,-0.7901844,0.065528736,3.0640922,0.167670464515686,0.3651891082525253,0.08368077278137243,0.12048106491565702,0.2434881594032049,0.04779460430145255
1789688326.401516,5.0000,traffic cone,0.6618,232,29,128,28,4.0194,4.0196,0.13406807,0.35229495,4.001695,0.14084536,0.35228097,4.001622,0.34311128109693523,0.0008374691009521151,0.00784339904785103,0.33080312758684155,0.0007811814546585527,0.00776641368865949
1789688326.452089,5.0000,traffic cone,0.5101,389,19,310,28,3.4508,4.0128,-0.43046898,0.3510709,3.4057937,-0.52737474,0.35240448,3.962381,0.20152853727340692,0.014618438482284557,0.09663667678832999,0.293954086303711,0.06382814794778824,0.1564282417297358
1789688326.501385,5.0000,traffic cone,0.2093,237,158,158,101,4.4100,4.4120,1.6855555,-0.097326174,4.0740395,1.6967303,-0.18010014,4.0687504,0.3280786752700804,0.6968121886253357,0.5532389640808106,0.23777496814727783,0.6650914549827576,0.11684894561767578
1789688326.547401,5.0000,traffic cone,0.1955,77,29,268,131,3.1755,3.1756,-0.65472806,0.0653069,3.106587,-0.76187295,0.0045401007,3.082883,0.06887096166610718,0.18314735293388368,0.04281167984008771,0.1676274538040161,0.42663027346134186,0.0928351879119873
1789688326.595099,5.0000,traffic cone,0.8244,147,85,50,29,3.3777,3.3703,1.080107,0.076640636,3.1994407,1.0409484,0.1398542,3.2024944,0.12898266315460205,0.3821453183889389,0.07126111984252903,0.0712202787399292,0.2546738713979721,0.058993864059448065
1789688326.626773,5.0000,traffic cone,0.6972,231,124,101,53,3.1681,3.1659,-0.75601816,0.06526317,3.0759192,-0.7944638,0.06528546,3.0639396,0.16811143755912783,0.3650155391544104,0.0877614498138426,0.1125897765159607,0.24336257278919218,0.04912433624267587
1789688326.677610,5.0000,traffic cone,0.6634,231,29,130,30,4.0197,4.0200,0.1321072,0.3522954,4.002084,0.13886578,0.35228798,4.002076,0.3433043405413627,0.0010200619697571245,0.008623933792114347,0.35539963841438293,0.0010467857122421487,0.010610127449035112
1789688326.727293,5.0000,traffic cone,0.5055,384,123,305,28,4.7395,4.0146,-0.62402326,0.09335482,4.6973386,-0.5276166,0.35248232,3.964175,0.33682863712310784,0.4458025403320789,0.21799969673156738,0.2963714465498924,0.06416728943586347,0.1459733247756958
1789688326.772997,5.0000,traffic cone,0.2101,234,156,154,99,4.4079,4.4118,1.6845572,-0.09721877,4.0721893,1.6970037,-0.18010046,4.0683293,0.32805943489074707,0.6971848383545876,0.5494647026062012,0.24155607223510733,0.6658307403326035,0.12066740989685076
1789688326.818295,5.0000,traffic cone,0.1949,79,29,268,130,3.1751,3.1783,-0.655502,0.065311685,3.1060193,-0.7640726,0.004467763,3.0851202,0.06648070812225348,0.1832393601536751,0.03838062286376953,0.16584699749946596,0.4263948291540146,0.09576847553253165
1789688326.888372,5.0000,traffic cone,0.8236,148,84,52,30,3.3776,3.3685,1.0793996,0.07672599,3.1995301,1.0414875,0.13991474,3.2004318,0.12713227868080135,0.3821205161511898,0.07251610755920401,0.0713193416595459,0.25484801605343815,0.057553207874298185
1789688326.938544,5.0000,traffic cone,0.7004,228,125,98,54,3.1670,3.1680,-0.75599664,0.06528811,3.074706,-0.7951265,0.065277785,3.065899,0.17056272029876707,0.36514472365379336,0.0884074211120609,0.11536290943622585,0.2434259381145239,0.048385560512542725
1789688326.989208,5.0000,traffic cone,0.6620,230,29,129,30,4.0201,4.0202,0.1317119,0.35235786,4.002427,0.13850729,0.35236505,4.0023775,0.3431325614452362,0.00090934038162227,0.009406042098998757,0.35536705255508416,0.0008959829807281272,0.009338593482971724
1789688327.035114,5.0000,traffic cone,0.5066,386,29,309,28,4.0134,4.0129,-0.5204081,0.35233158,3.9639366,-0.526984,0.35235947,3.9624646,0.3008520185947418,0.0664946436882019,0.15204358100891113,0.2947541460394859,0.06431112289428709,0.1519034147262568
1789688327.079645,5.0000,traffic cone,0.2062,232,152,152,97,4.4114,4.4120,1.685869,-0.09784037,4.075402,1.695898,-0.18009977,4.0690737,0.31896286606788626,0.6968774124979973,0.5393215417861943,0.22746145725250222,0.66582772731781,0.1231399536132809
1789688327.124635,5.0000,traffic cone,0.1921,81,30,274,134,3.1760,3.1761,-0.656886,0.03505923,3.1071513,-0.76273316,0.0046267807,3.0831914,0.06824041306972495,0.18305080235004426,0.040375030040741056,0.16868377327919004,0.4264850541949272,0.0970892429351804
1789688327.195044,5.0000,traffic cone,0.8238,144,84,50,30,3.3775,3.3689,1.0783191,0.07664123,3.1998358,1.0413721,0.1398902,3.2008243,0.12386973500251774,0.3820320427417755,0.07544976472854614,0.07062128782272348,0.25474579334259034,0.06050747632980347
1789688327.244680,5.0000,traffic cone,0.6984,229,125,97,54,3.1687,3.1672,-0.759415,0.0653684,3.075689,-0.79320395,0.06557813,3.0655465,0.16955485343933108,0.36497139036655424,0.08307499885559055,0.12180609405040743,0.24349619038403036,0.049767160415649325
1789688327.292747,5.0000,traffic cone,0.6628,232,29,129,30,4.0210,4.0212,0.13163136,0.35239866,4.0033803,0.13845071,0.35240796,4.0033803,0.3432326227426528,0.0007648468017578125,0.009344530105590998,0.3553792566061019,0.0010715395212173573,0.009204125404357555
1789688327.324712,5.0000,traffic cone,0.5069,387,30,306,28,4.0132,4.0132,-0.5247172,0.35235855,3.9631317,-0.5247172,0.352368,3.9631317,0.31206069290637967,0.06587161570787431,0.153721308708191,0.29251305460929866,0.06356484889984132,0.15302946567535436
1789688327.371492,5.0000,traffic cone,0.2097,230,152,154,97,4.4092,4.4098,1.6837296,-0.09786959,4.0738745,1.6949127,-0.18010014,4.067074,0.3123278260231017,0.6968293860554695,0.5555125951766966,0.2366190671920776,0.6655221164226532,0.12415895462036097
1789688327.415411,5.0000,traffic cone,0.1948,81,29,264,132,3.1758,3.1780,-0.65614843,0.06535995,3.1066127,-0.7644144,0.004479751,3.0847316,0.06673260927200309,0.18327034264802933,0.03958840370178196,0.16914898455142968,0.4264596849679947,0.09603941440582275
1789688327.486156,5.0000,traffic cone,0.8228,143,85,49,29,3.3765,3.3710,1.0768734,0.07666144,3.1992092,1.041823,0.13991863,3.2028904,0.1270574092864989,0.38210753351449966,0.07412734031677237,0.07081949710845947,0.2548237234354019,0.06069393157958958
1789688327.536379,5.0000,traffic cone,0.6950,229,123,99,54,3.1685,3.1663,-0.75809956,0.065303355,3.0758247,-0.7926026,0.06552524,3.0648334,0.16784469485282894,0.3652350425720215,0.08492469787597656,0.1215844869613647,0.2433029178529978,0.05184406042098999
1789688327.587132,5.0000,traffic cone,0.6623,232,29,129,29,4.0210,4.0210,0.13505247,0.35245037,4.0032196,0.13505247,0.35245037,4.0032196,0.3431771501898765,0.0009465575218200462,0.010288190841674982,0.3431771501898765,0.0009465575218200462,0.010288190841674982
1789688327.637468,5.0000,traffic cone,0.5060,387,125,305,28,4.7415,4.0150,-0.62223434,0.094524235,4.699494,-0.52793336,0.35225245,3.9645672,0.33558216094970705,0.44579364359378815,0.21671648025512624,0.29512713700532917,0.06376573294401172,0.1542353630065918
1789688327.682764,5.0000,traffic cone,0.2117,231,153,151,97,4.4109,4.4103,1.6866987,-0.09751369,4.074502,1.6974515,-0.09850169,4.069374,0.3227618694305421,0.6967050015926362,0.5425612926483154,0.23472094535827637,0.6654433369636537,0.12284860610961879
1789688327.727010,5.0000,traffic cone,0.1943,78,30,267,130,3.1759,3.1786,-0.6556426,0.065205395,3.1068258,-0.76426286,0.004524119,3.0853496,0.07035814523696893,0.18310958370566366,0.04002646207809457,0.1667447745800018,0.426342049241066,0.09290702342987078
1789688327.797295,5.0000,traffic cone,0.8225,147,85,50,29,3.3775,3.3688,1.0796156,0.07670519,3.1993425,1.0412436,0.13995227,3.2008305,0.12728958129882795,0.38211079090833666,0.07639226913452157,0.07253046035766597,0.2546409755945206,0.05890374183654812
1789688327.846886,5.0000,traffic cone,0.6975,232,125,99,54,3.1688,3.1665,-0.7567339,0.065225124,3.0764272,-0.79469925,0.065488994,3.0644689,0.17074910402297971,0.3651860147714615,0.08396539688110316,0.12171241343021388,0.24325920082628727,0.05098831653594971
1789688327.898559,5.0000,traffic cone,0.6614,231,29,129,30,4.0209,4.0210,0.131973,0.35236174,4.0032525,0.1387732,0.35235533,4.003128,0.3433082565665245,0.0008581995964050404,0.008229160308837802,0.3555165305733681,0.0009210079908371083,0.00915937423706037
1789688327.944720,5.0000,traffic cone,0.5033,387,125,307,28,4.7417,4.0121,-0.6201829,0.09472415,4.7000113,-0.5241524,0.35235783,3.9620621,0.3351219236850738,0.44580774456262584,0.21438961029052717,0.29276940375566485,0.06375565826892848,0.151254796981811
1789688327.984314,5.0000,traffic cone,0.2140,236,158,155,100,4.4107,4.4106,1.6857637,-0.09671142,4.074733,1.6984344,-0.09852563,4.0693016,0.32908483743667594,0.6967951849102973,0.550336289405823,0.2521298825740814,0.6654068693518638,0.12044055461883563
1789688328.015205,5.0000,traffic cone,0.1944,80,29,270,132,3.1768,3.1768,-0.6570945,0.0650702,3.107393,-0.76423585,0.0045425147,3.0835252,0.0658628702163696,0.18330016434192659,0.040830135345458984,0.1680428683757782,0.42664544433355334,0.09253331422805822
1789688328.068634,5.0000,traffic cone,0.8246,148,85,52,30,3.3783,3.3696,1.0787852,0.076565444,3.200494,1.0423075,0.13993469,3.2012696,0.1275871992111206,0.3821375444531441,0.072792339324951,0.07199169397354144,0.2548900879919529,0.05550013780593854
1789688328.110559,5.0000,traffic cone,0.6991,227,126,98,55,3.1688,3.1667,-0.75733453,0.06532838,3.0762763,-0.79394925,0.06549917,3.064873,0.17170847952365875,0.3652042578905821,0.08471262454986572,0.12405852675437934,0.2434387370944023,0.047610831260680886
1789688328.162192,5.0000,traffic cone,0.6588,232,29,130,30,4.0205,4.0204,0.13245565,0.35234368,4.0028033,0.13925862,0.35232863,4.002548,0.34346951395273206,0.001097834110260043,0.010245418548584517,0.35556176155805586,0.001106050610542253,0.011521792411804288
1789688328.212124,5.0000,traffic cone,0.5003,394,19,312,28,3.4566,4.0136,-0.4336717,0.3515048,3.4112413,-0.52432,0.3522908,3.9635613,0.20083678960800166,0.015164297819137529,0.09917898178100604,0.29300150871276853,0.06399324238300325,0.15359783172607422
1789688328.257395,5.0000,traffic cone,0.2188,234,156,154,99,4.4084,4.4111,1.685475,-0.09730427,4.072341,1.6974945,-0.0985878,4.0702343,0.32304561138153076,0.697147898375988,0.5507370233535767,0.23523329496383671,0.6654166609048844,0.12238264083862305
1789688328.302364,5.0000,traffic cone,0.1981,77,29,261,133,3.1770,3.1771,-0.65635777,0.06519675,3.107765,-0.764197,0.0045170635,3.0838294,0.06718235015869134,0.18324430882930756,0.039177083969116566,0.16881505250930784,0.42678802013397216,0.0922863960266116
1789688328.372440,5.0000,traffic cone,0.8285,144,85,49,30,3.3776,3.3699,1.0790046,0.07661602,3.1996963,1.0430028,0.13987331,3.2014081,0.12832973003387438,0.3820807695388794,0.07618479728698757,0.07020469903945914,0.2548018530011177,0.061887454986572
1789688328.405725,5.0000,traffic cone,0.6983,229,126,98,55,3.1673,3.1666,-0.75676006,0.065279245,3.074828,-0.7969179,0.06546083,3.063944,0.17115390300750732,0.3653823174536228,0.08596491813659668,0.12584150433540342,0.24344249516725538,0.050576877593993874
1789688328.450037,5.0000,traffic cone,0.6521,237,30,131,30,4.0203,4.0203,0.13820192,0.35235327,4.0024624,0.13820192,0.35235327,4.0024624,0.3552658572793006,0.0011500716209411621,0.011508464813232422,0.3552658572793006,0.0011500716209411621,0.011508464813232422
1789688328.497216,5.0000,traffic cone,0.4999,392,19,312,117,3.4552,4.7417,-0.43109995,0.3513429,3.4101071,-0.6354488,0.09602696,4.697973,0.2020329356193542,0.014971351623535134,0.09703097343444833,0.3258145332336426,0.44572468996047976,0.2206868171691898
1789688328.542339,5.0000,traffic cone,0.2212,234,154,153,96,4.4083,4.4114,1.6841435,-0.09777187,4.0726914,1.6969104,-0.1801,4.0679474,0.30572912096977234,0.6974768087267875,0.5500051021575931,0.22387918829917908,0.6652543097734451,0.12027227878570557
1789688328.586566,5.0000,traffic cone,0.1950,81,30,265,133,3.1782,3.1759,-0.6560446,0.06536961,3.1090326,-0.7649883,0.0046153814,3.0823913,0.0722060084342957,0.18315520547330377,0.04170538187026995,0.16894228458404537,0.4265257060527802,0.09438972473144558
1789688328.656985,5.0000,traffic cone,0.8256,145,84,51,31,3.3793,3.3722,1.0764158,0.07671511,3.2023325,1.0413073,0.13996783,3.2043216,0.12287026047706595,0.3821606427431107,0.07446712255477905,0.07234066724777222,0.25460439920425415,0.061666250228881836
1789688328.704494,5.0000,traffic cone,0.6950,228,124,99,54,3.1672,3.1683,-0.7579248,0.065259814,3.0744834,-0.7925939,0.06536913,3.0668235,0.1681061923503876,0.36525562070310114,0.08639389276504517,0.12286444902420046,0.24350838363170624,0.04785434007644662
1789688328.737057,5.0000,traffic cone,0.6514,237,30,131,30,4.0208,4.0208,0.13896376,0.35234377,4.0029564,0.13896376,0.35234377,4.0029564,0.3555393427610397,0.0010721623897552157,0.010406780242919744,0.3555393427610397,0.0010721623897552157,0.010406780242919744
1789688328.769087,5.0000,traffic cone,0.5022,389,125,308,28,4.7417,4.0138,-0.6206738,0.094801635,4.699956,-0.52544105,0.3521858,3.9636645,0.3327377200126648,0.4458309605717659,0.21412229537963867,0.294496002793312,0.06397383809089663,0.1501855134963992
1789688328.812559,5.0000,traffic cone,0.2256,235,155,155,99,4.4104,4.4086,1.6866939,-0.09756463,4.073985,1.6981843,-0.098576434,4.067177,0.3313085794448851,0.6970532655715942,0.5429601192474363,0.25424041748046866,0.6653661549091339,0.12127480506896937
1789688328.857195,5.0000,traffic cone,0.1958,78,30,263,132,3.1764,3.1761,-0.6575767,0.06517218,3.1069303,-0.762908,0.0044769794,3.0831013,0.07154053449630737,0.1831263918429613,0.043699562549591064,0.16884094774723057,0.4267107829451561,0.09437018632888794
1789688328.926894,5.0000,traffic cone,0.8243,147,85,52,30,3.3773,3.3703,1.0786146,0.07661699,3.1994727,1.0423355,0.13991535,3.2020178,0.12913010120391855,0.38190181702375414,0.07388830184936523,0.07078456282615675,0.25474751070141793,0.05975005626678476
1789688328.975110,5.0000,traffic cone,0.6957,224,124,98,54,3.1689,3.1652,-0.75882936,0.06527809,3.0760374,-0.7950295,0.065514736,3.0630229,0.16881306767463689,0.3651630144566298,0.08589067459106481,0.11621904969215391,0.24328564256429672,0.0524458169937132
1789688329.025648,5.0000,traffic cone,0.6524,238,30,131,30,4.0209,4.0209,0.13847865,0.35248426,4.003067,0.13847865,0.35248426,4.003067,0.35525823831558223,0.0011539757251739502,0.013732981681823908,0.35525823831558223,0.0011539757251739502,0.013732981681823908
1789688329.075390,5.0000,traffic cone,0.4968,388,123,308,119,4.7428,4.7459,-0.6234628,0.09371863,4.700738,-0.643255,0.09594078,4.7011633,0.33506664633750916,0.44563397243618963,0.2203093528747564,0.3273141324520111,0.44567114934325214,0.2371615409851069
1789688329.124182,5.0000,traffic cone,0.2246,233,155,155,99,4.4105,4.4097,1.685721,-0.09783039,4.0744276,1.6958865,-0.098580666,4.069351,0.3073119878768922,0.697038146853447,0.551109027862549,0.2414606213569641,0.6656669825315475,0.12251014709472674
1789688329.168168,5.0000,traffic cone,0.1927,77,29,261,133,3.1764,3.1765,-0.65478015,0.06528102,3.1075249,-0.76421523,0.00456284,3.0832303,0.06628801822662356,0.18321676105260848,0.041896629333495916,0.1696630239486694,0.4267184406518936,0.09506616592407191
1789688329.239042,5.0000,traffic cone,0.8259,146,86,50,29,3.3771,3.3684,1.0803589,0.0766848,3.1987586,1.0410192,0.13995838,3.2004547,0.12683743238449097,0.38215141370892525,0.0764014720916748,0.07319917678833021,0.2546683520078659,0.05886111259460414
1789688329.288963,5.0000,traffic cone,0.6987,228,124,98,54,3.1680,3.1660,-0.75618327,0.06531863,3.0757642,-0.79379296,0.065367125,3.064218,0.16865304708480833,0.36523631773889065,0.086519408226013,0.12248610854148856,0.24331049770116808,0.05005468130111712
1789688329.339411,5.0000,traffic cone,0.6565,238,30,130,30,4.0212,4.0212,0.13994008,0.35241544,4.0033207,0.13994008,0.35241544,4.0033207,0.35532041639089584,0.0007785946130752786,0.009390807151794522,0.35532041639089584,0.0007785946130752786,0.009390807151794522
1789688329.388196,5.0000,traffic cone,0.5011,389,19,308,116,3.4542,4.7400,-0.4307211,0.35124367,3.4092238,-0.63835573,0.09527469,4.695898,0.2021604657173156,0.014702308177947987,0.0968148231506345,0.32198525965213776,0.4455919060856104,0.2196587324142456
1789688329.433612,5.0000,traffic cone,0.2288,234,156,154,98,4.4096,4.4111,1.6845946,-0.09768171,4.0739303,1.6968868,-0.1800999,4.067723,0.3206367790699005,0.6973150968551636,0.5522679090499878,0.23804448843002324,0.6658147856593133,0.12187187671661359
1789688329.464746,5.0000,traffic cone,0.1947,77,29,275,133,3.1757,3.1756,-0.6556692,0.06517467,3.1065624,-0.7626039,0.004534349,3.0826457,0.06579910516738896,0.18315141201019286,0.04323573112487811,0.16545981168746948,0.4266790360212326,0.09303927421569824
1789688329.519515,5.0000,traffic cone,0.8263,147,84,51,30,3.3772,3.3704,1.0783767,0.076578185,3.1994586,1.0430516,0.13988818,3.2018878,0.1238626360893249,0.3822000026702881,0.07200597524642971,0.07162150144577017,0.25487228855490685,0.06267473697662362
1789688329.568236,5.0000,traffic cone,0.6960,228,125,98,55,3.1663,3.1690,-0.75713426,0.06528635,3.073786,-0.79608727,0.06524347,3.0666978,0.1694937467575074,0.36523082852363586,0.08396787643432635,0.12419701218605039,0.2434652544558048,0.049899721145629794
1789688329.605625,5.0000,traffic cone,0.6531,236,30,130,30,4.0203,4.0203,0.13890111,0.3522658,4.0024276,0.13890111,0.3522658,4.0024276,0.3553232595324516,0.0009298056364059337,0.013124680519104537,0.3553232595324516,0.0009298056364059337,0.013124680519104537
1789688329.650942,5.0000,traffic cone,0.4993,386,125,306,28,4.7398,4.0143,-0.6208015,0.094964325,4.6979704,-0.52563083,0.35243112,3.9640532,0.33741973638534545,0.44564454108476637,0.2190315246582033,0.2940104082226754,0.0642304062843323,0.1500145912170412
1789688329.703327,5.0000,traffic cone,0.2232,237,157,157,101,4.4098,4.4124,1.6839877,-0.097584024,4.0744333,1.6973499,-0.18009987,4.0689363,0.3291301727294922,0.6971968531608581,0.553022336959839,0.2548367977142334,0.6657023429870605,0.11823844909667969
1789688329.741437,5.0000,traffic cone,0.1965,78,30,273,134,3.1778,3.1763,-0.6576889,0.03503123,3.1088085,-0.764577,0.004555173,3.0829,0.0683066070079803,0.18317528851330278,0.040743219852447776,0.1681161999702453,0.4266368240118027,0.09411507844924927
1789688329.812249,5.0000,traffic cone,0.8252,149,84,50,30,3.3782,3.3696,1.0792158,0.07669641,3.200293,1.0414541,0.13988604,3.2015867,0.12358544468879695,0.38207562975585463,0.07327497005462646,0.0716956317424775,0.2547316364943981,0.05918364524841335
1789688329.861090,5.0000,traffic cone,0.6983,232,125,100,54,3.1678,3.1668,-0.7577611,0.06530462,3.0751839,-0.793199,0.065414615,3.0651164,0.16909472942352288,0.3651838913559914,0.08520717620849627,0.12139892578125,0.24361668340861797,0.048369121551513405
1789688329.907843,5.0000,traffic cone,0.6512,232,29,131,30,4.0201,4.0203,0.13252547,0.35234872,4.002445,0.1393193,0.35237253,4.0023546,0.34334022402763364,0.0010296225547790638,0.00992860794067374,0.35563296675682066,0.0010493695735931396,0.00980563163757342
1789688329.953681,5.0000,traffic cone,0.4971,389,19,308,28,3.4550,4.0131,-0.43104467,0.35121897,3.4099224,-0.5255125,0.35229304,3.9629037,0.2015207409858703,0.014651376008987416,0.09657855033874485,0.29307032376527786,0.06358007788658143,0.15365903377532986
1789688329.999052,5.0000,traffic cone,0.2120,232,155,150,95,4.4104,4.4124,1.6846297,-0.09778801,4.074772,1.6960715,-0.18009982,4.069454,0.32056696414947483,0.6972940564155579,0.5517163276672363,0.22248823642730708,0.6654152184724809,0.12159676551818865
1789688330.044152,5.0000,traffic cone,0.1959,80,30,271,133,3.1759,3.1756,-0.6536535,0.03502401,3.1076717,-0.7623602,0.0044590086,3.0827727,0.0668636202812195,0.18323601558804511,0.046834158897399725,0.1676805019378662,0.42686221897602084,0.0933397769927975
1789688330.114702,5.0000,traffic cone,0.8257,148,85,53,31,3.3759,3.3703,1.0776879,0.07661416,3.1983128,1.0411007,0.1398627,3.2024353,0.12462701797485343,0.3821957096457481,0.07075867652893031,0.07172834873199463,0.25472038239240646,0.05724442005157471
1789688330.148242,5.0000,traffic cone,0.6951,227,126,99,56,3.1686,3.1669,-0.75705266,0.06527839,3.0760908,-0.79377866,0.06539176,3.0650969,0.17038226127624512,0.3652542904019356,0.08449316024780273,0.1225196123123169,0.243543092161417,0.048935770988464355
1789688330.187850,5.0000,traffic cone,0.6535,232,29,131,30,4.0209,4.0210,0.13180268,0.35238135,4.0032687,0.13858776,0.35238686,4.003137,0.3432113721966743,0.0008597016334533913,0.01086692810058576,0.3553392678499221,0.0008505403995513472,0.010852956771850497
1789688330.219723,5.0000,traffic cone,0.4964,388,30,309,28,4.0119,4.0119,-0.52491736,0.3521627,3.9617896,-0.52491736,0.3521627,3.9617896,0.31301302164793016,0.06599297523498537,0.15431239604949898,0.29407393634319307,0.06387887001037595,0.15123822689056388
1789688330.267064,5.0000,traffic cone,0.2112,237,157,158,100,4.4092,4.4125,1.6851963,-0.09706444,4.073306,1.6987165,-0.13932952,4.070059,0.3297015666961671,0.697191309928894,0.5539280891418459,0.2538058698177339,0.6651825428009033,0.12369372844695992
1789688330.311635,5.0000,traffic cone,0.1944,80,30,266,133,3.1767,3.1766,-0.6574627,0.035034187,3.1077247,-0.76457226,0.004438594,3.083219,0.06927493512630456,0.18317792788147927,0.03947027921676627,0.16807764768600464,0.4267013847827911,0.09459128379821768
1789688330.378478,5.0000,traffic cone,0.8228,145,84,50,29,3.3783,3.3699,1.0790197,0.076657,3.20043,1.0403912,0.13992587,3.2021797,0.12613130807876582,0.3819938592612743,0.07407194375991821,0.071546483039856,0.254695451259613,0.05935015678405797
1789688330.411880,5.0000,traffic cone,0.6928,230,124,100,54,3.1681,3.1684,-0.7563758,0.06537094,3.0758188,-0.79384923,0.0654574,3.0666857,0.16798305809497827,0.3651997122913599,0.08356826305389431,0.12112103104591365,0.243464595079422,0.05164167881011972
1789688330.457234,5.0000,traffic cone,0.6548,231,29,130,29,4.0197,4.0201,0.13205555,0.35226184,4.0020347,0.1455287,0.35226184,4.0020347,0.3432156935334205,0.001379454135894742,0.012331962585449663,0.34314483553171155,0.001379454135894742,0.012378311157227095
1789688330.503648,5.0000,traffic cone,0.4953,388,19,305,116,3.4533,4.7405,-0.431722,0.35129434,3.4081624,-0.63599813,0.09625849,4.696666,0.20202740132808678,0.014819914102554288,0.09551737308502206,0.31633421778678894,0.44590940698981285,0.21300840377807617
1789688330.548326,5.0000,traffic cone,0.2070,237,158,156,100,4.4096,4.4105,1.6848974,-0.09722212,4.073799,1.6974546,-0.09849486,4.069586,0.32852982282638554,0.6975171655416488,0.549376940727234,0.2512860655784608,0.6648925855755806,0.12328641414642405
1789688330.592870,5.0000,traffic cone,0.1992,77,29,262,128,3.1788,3.1789,-0.6555335,0.06529912,3.1098008,-0.76301706,0.0044368654,3.085916,0.06710922718048096,0.18318774551153183,0.043029403686523526,0.1672169715166092,0.3671273723244667,0.09362404346466091
1789688330.663391,5.0000,traffic cone,0.8239,145,83,50,29,3.3755,3.3675,1.0774646,0.07661274,3.197972,1.0425725,0.13988554,3.1990182,0.12255737781524667,0.38211783617734907,0.07291817665100098,0.07219743728637695,0.25479087233543396,0.06111454963684082
1789688330.710260,5.0000,traffic cone,0.6918,228,125,99,54,3.1669,3.1656,-0.75671303,0.06528683,3.0745227,-0.79392946,0.06539855,3.0637364,0.16989517211914062,0.365146367251873,0.08796701431274423,0.12074121832847584,0.243480022251606,0.04851800203323364
1789688330.761399,5.0000,traffic cone,0.6583,231,29,130,29,4.0203,4.0206,0.1331734,0.35236442,4.0025654,0.14675984,0.3523435,4.00247,0.34284921884536734,0.001065206527709972,0.011713790893554954,0.3431540966033935,0.0010345101356506459,0.012007236480713335
1789688330.807129,5.0000,traffic cone,0.4969,385,125,305,116,4.7403,4.7396,-0.6228261,0.09438902,4.698285,-0.63646334,0.096505344,4.6956964,0.33746048808097834,0.4457554370164871,0.21734828948974627,0.3165801018476486,0.4458484649658203,0.21835708618164062
1789688330.851714,5.0000,traffic cone,0.2196,236,158,156,101,4.4101,4.4103,1.6861951,-0.097244665,4.073821,1.6964264,-0.09851584,4.0697994,0.32598178386688237,0.6972320616245269,0.5471964120864867,0.2542048692703247,0.6653904914855957,0.1286921501159668
1789688330.891399,5.0000,traffic cone,0.1981,79,29,268,133,3.1785,3.1763,-0.65726304,0.06536721,3.1091115,-0.76407564,0.004597336,3.0830061,0.06791191101074223,0.1831990122795105,0.037077951431274236,0.16741237640380857,0.4267028957605362,0.09558391571044922
1789688330.950721,5.0000,traffic cone,0.8219,151,84,51,29,3.3786,3.3690,1.0789956,0.07670058,3.200729,1.0415859,0.13995022,3.2009306,0.12288708686828631,0.38226221241056924,0.07515625953674299,0.07092890739440905,0.254645973443985,0.05774102210998544
1789688330.982857,5.0000,traffic cone,0.6894,231,125,100,54,3.1690,3.1657,-0.7572666,0.0652401,3.0764651,-0.7926979,0.06539705,3.0642,0.1702652335166931,0.3653375893831253,0.08537621498107884,0.12299462854862209,0.24332751184701917,0.05110039710998526
1789688331.031126,5.0000,traffic cone,0.6565,237,30,129,29,4.0214,4.0217,0.1384722,0.35242754,4.0035124,0.14530744,0.35242963,4.003624,0.3553297013044357,0.001121783256530784,0.012047815322875799,0.343037948012352,0.0011248469352722057,0.012222146987915128
1789688331.079528,5.0000,traffic cone,0.4955,389,19,307,28,3.4536,4.0134,-0.43059438,0.3513475,3.4086077,-0.5266229,0.3523169,3.9630537,0.2019797205924988,0.014565551280975364,0.09673156738281241,0.2948834255337715,0.06381859034299847,0.1513304471969601
1789688331.124868,5.0000,traffic cone,0.2130,235,154,156,100,4.4133,4.4117,1.6868143,-0.09783128,4.0770187,1.6993331,-0.098515265,4.0700684,0.29615155458450326,0.686542797088623,0.3921553373336786,0.25716060400009155,0.6652499303221702,0.1206906318664549
1789688331.168534,5.0000,traffic cone,0.1990,77,29,269,133,3.1761,3.1780,-0.6560055,0.06538613,3.106917,-0.7631312,0.0046382546,3.0850477,0.06782835721969604,0.18322159349918365,0.04204158782959011,0.16874308586120612,0.4266647696495056,0.0946790695190427
1789688331.239306,5.0000,traffic cone,0.8220,147,84,50,30,3.3758,3.3679,1.0770519,0.07665491,3.198403,1.0413342,0.13975409,3.199838,0.12327141761779781,0.38225977048277854,0.07552207708358782,0.07058858871459961,0.2547348544001579,0.056720268726349055
1789688331.287498,5.0000,traffic cone,0.6878,232,125,102,54,3.1699,3.1677,-0.757378,0.06537373,3.0773566,-0.7936408,0.06550981,3.0660105,0.16894338130950926,0.36534200310707093,0.08459367752075186,0.12229533791542047,0.24346164129674436,0.04940775632858285
1789688331.338851,5.0000,traffic cone,0.6626,234,29,130,28,4.0218,4.0221,0.13536006,0.3524563,4.0040584,0.14224465,0.3524636,4.0040784,0.343198013305664,0.001200866699218761,0.0124226093292239,0.3310035988688469,0.001224982738494862,0.01252539157867405
1789688331.389232,5.0000,traffic cone,0.4965,390,29,309,28,4.0155,4.0144,-0.51946986,0.35250905,3.9660966,-0.5260368,0.35251045,3.9641137,0.30147498846054077,0.06600309610366822,0.14974961280822718,0.29530645459890364,0.06393981277942656,0.14606578350067156
1789688331.434765,5.0000,traffic cone,0.2201,238,157,158,100,4.4110,4.4127,1.6853912,-0.097508766,4.075156,1.6980734,-0.13936919,4.0705595,0.32709479331970215,0.6971761465072632,0.5462847232818606,0.2395461440086366,0.6652134180068969,0.1144524097442634
1789688331.478363,5.0000,traffic cone,0.1998,77,29,272,133,3.1795,3.1760,-0.65707934,0.065232545,3.1101546,-0.763448,0.0046182275,3.0829134,0.06734173297882073,0.18311735540628432,0.04176759719848633,0.16744081974029545,0.4268521636724472,0.09487266540527317
1789688331.549167,5.0000,traffic cone,0.8219,145,85,50,31,3.3776,3.3712,1.0768102,0.076726735,3.2003999,1.0412439,0.13982558,3.2032974,0.1267221212387084,0.38204080015420916,0.07260785102844247,0.07179224491119385,0.2548880949616432,0.060333847999572754
1789688331.596704,5.0000,traffic cone,0.6862,230,126,98,55,3.1675,3.1674,-0.7561593,0.06538687,3.0752506,-0.7955612,0.06554219,3.0651548,0.17088262736797333,0.36515182070434093,0.08702206611633301,0.12476730346679688,0.2432913176715374,0.05010812282562238
1789688331.626810,5.0000,traffic cone,0.6617,236,29,130,29,4.0203,4.0203,0.13474384,0.35228154,4.0025434,0.13474384,0.35228154,4.0025434,0.34307502359151837,0.0010440587997436745,0.010479116439819691,0.34307502359151837,0.0010440587997436745,0.010479116439819691
1789688331.659215,5.0000,traffic cone,0.4964,391,19,310,28,3.4535,4.0117,-0.4317403,0.35150936,3.4083693,-0.52627975,0.35238346,3.961397,0.20246625542640684,0.015233558416366588,0.09891505241394061,0.2955273702740669,0.06411188840866089,0.14662292003631539
1789688331.701429,5.0000,traffic cone,0.2252,237,156,156,97,4.4098,4.4112,1.6848894,-0.09684467,4.0740256,1.6976876,-0.18010008,4.0674376,0.32722705602645874,0.6970917284488678,0.549574613571167,0.2346391439437865,0.6648489773273468,0.12045707702636665
1789688331.745594,5.0000,traffic cone,0.1943,79,30,269,134,3.1780,3.1775,-0.6563724,0.065273866,3.1087718,-0.7647406,0.004553847,3.0841184,0.07117533683776855,0.18326662592589854,0.0414020895957945,0.16802134513854983,0.42664640098810197,0.09431419372558603
1789688331.816406,5.0000,traffic cone,0.8232,148,83,54,30,3.3787,3.3707,1.0796592,0.07671894,3.2005982,1.0424452,0.13991156,3.202354,0.12352609634399392,0.38208550885319714,0.07787640094757098,0.07097818255424482,0.254730074852705,0.06305211782455444
1789688331.866899,5.0000,traffic cone,0.6834,229,124,100,54,3.1702,3.1675,-0.75713,0.065338396,3.077815,-0.79525787,0.065432325,3.0653791,0.16795006394386292,0.3650699358433485,0.0848735809326171,0.12216956615447994,0.24357398971915245,0.0515300869941715
1789688331.918054,5.0000,traffic cone,0.6580,235,30,131,30,4.0202,4.0202,0.14016438,0.3523686,4.0022726,0.14016438,0.3523686,4.0022726,0.35529762655496594,0.0011576831340789906,0.012776112556458052,0.35529762655496594,0.0011576831340789906,0.012776112556458052
1789688331.967985,5.0000,traffic cone,0.4930,391,19,309,117,3.4527,4.7437,-0.4316086,0.35139644,3.407505,-0.63664436,0.09541266,4.6997824,0.20224178433418272,0.014836663007736173,0.09698972702026376,0.3274474442005157,0.4458079934120178,0.22245826721191442
1789688332.012552,5.0000,traffic cone,0.2265,238,158,156,99,4.4088,4.4094,1.6844854,-0.09683063,4.073116,1.6979504,-0.09861787,4.068165,0.32678647637367253,0.6971647620201111,0.5601898431777954,0.2527519345283509,0.6653917461633683,0.11913528442382848
1789688332.057305,5.0000,traffic cone,0.1955,80,30,276,133,3.1770,3.1763,-0.65629333,0.06544366,3.1077783,-0.7651795,0.004507646,3.0827975,0.07177302837371824,0.18323193490505219,0.039100801944732755,0.1669605731964111,0.42677944004535673,0.094106101989746
1789688332.127659,5.0000,traffic cone,0.8225,149,84,52,30,3.3783,3.3699,1.0772996,0.07665394,3.2010393,1.0420899,0.13999675,3.2017004,0.12178243994712812,0.38221731036901474,0.0736380338668825,0.07124619483947758,0.25481959879398347,0.06119592189788792
1789688332.176043,5.0000,traffic cone,0.6809,230,123,102,55,3.1698,3.1691,-0.758113,0.06532048,3.0771265,-0.792836,0.06537478,3.0676124,0.16781477928161614,0.3652042791247368,0.08530838489532488,0.11941088438034053,0.2435411311686039,0.05126903057098353
1789688332.209475,5.0000,traffic cone,0.6596,229,29,132,30,4.0202,4.0202,0.13271394,0.35229677,4.002555,0.13955104,0.3522997,4.002322,0.34322734028100965,0.0007979512214660311,0.00929613113403338,0.355435225367546,0.0007875680923462025,0.009241080284118741
1789688332.254150,5.0000,traffic cone,0.4945,387,19,306,28,3.4533,4.0107,-0.42932495,0.35143906,3.4084694,-0.5283039,0.35230136,3.9601038,0.2013013452291489,0.01476420760154723,0.09688501358032253,0.29487606287002566,0.06325141787528993,0.15843250751495397
1789688332.298403,5.0000,traffic cone,0.2221,237,158,158,102,4.4109,4.4129,1.6862392,-0.097313896,4.074671,1.698273,-0.13932964,4.070612,0.3296631455421448,0.6969844609498977,0.5468880891799928,0.25401721000671396,0.6576547287404519,0.11629388332366908
1789688332.338157,5.0000,traffic cone,0.1947,80,30,271,133,3.1787,3.1774,-0.65640527,0.034893215,3.1099815,-0.76270497,0.004531741,3.0844934,0.06877477169036861,0.18330580145120623,0.04200991392135611,0.16696281433105475,0.42672358453273773,0.09498906135559082
1789688332.401429,5.0000,traffic cone,0.8232,149,85,51,30,3.3783,3.3690,1.0782726,0.07671289,3.200641,1.0414708,0.14011106,3.2008657,0.1271744966506958,0.3823327139019966,0.07194967269897479,0.07146794795989986,0.25469194874167445,0.05835393667221078
1789688332.451721,5.0000,traffic cone,0.6794,228,124,99,54,3.1680,3.1654,-0.7581177,0.065306894,3.0752828,-0.79311144,0.06556774,3.0637069,0.16877216994762423,0.3652103304862976,0.08536337614059475,0.12072731554508198,0.24339569844305514,0.04947202205657941
1789688332.502725,5.0000,traffic cone,0.6595,228,29,131,30,4.0211,4.0212,0.13248335,0.35231382,4.0034523,0.13933708,0.35230395,4.0033627,0.34308283030986786,0.0011375904083252286,0.011771106719970614,0.3553726524114608,0.0011330872774124034,0.012303256988525302
1789688332.552316,5.0000,traffic cone,0.4985,385,125,304,28,4.7414,4.0113,-0.62209606,0.094565555,4.6994963,-0.5264115,0.3523172,3.9609745,0.3358704447746277,0.44574515968561174,0.22144079208374023,0.2935900121927261,0.0633814096450806,0.15192763805389387
1789688332.600276,5.0000,traffic cone,0.2249,233,155,155,99,4.4106,4.4128,1.6856878,-0.0969763,4.0746536,1.6989063,-0.18009956,4.0687094,0.3229358553886412,0.6970952332019806,0.5542292118072507,0.23897448778152452,0.6654406875371933,0.12340431213378888
1789688332.647339,5.0000,traffic cone,0.1933,77,29,270,133,3.1792,3.1768,-0.65809786,0.06530143,3.109613,-0.76256526,0.0045143664,3.083928,0.06683648824691768,0.18299612849950792,0.04065690040588388,0.16808953285217276,0.42644349932670594,0.09409179687499991
1789688332.702947,5.0000,traffic cone,0.8231,147,84,51,29,3.3762,3.3695,1.0773512,0.07668185,3.1988225,1.0428145,0.13992864,3.2010057,0.126715326309204,0.38194665871560574,0.07496716976165807,0.0726862192153932,0.25493677258491515,0.0586109638214114
1789688332.733670,5.0000,traffic cone,0.6892,220,118,98,54,3.1683,3.1668,-0.76250494,0.065341644,3.0744772,-0.79416955,0.06550641,3.064889,0.16050702929496763,0.36534800082445146,0.08594772815704355,0.12113523483276356,0.2434483841061592,0.04694631099700963
1789688332.783734,5.0000,traffic cone,0.6601,229,29,133,30,4.0192,4.0194,0.13193151,0.35221782,4.00156,0.13872814,0.35226056,4.0015554,0.3430296495556831,0.0013620376586913618,0.013778305053711026,0.35516237318515775,0.0013523161411285178,0.013692212104797097
1789688332.833927,5.0000,traffic cone,0.4951,389,30,308,28,4.0118,4.0118,-0.52496636,0.35225722,3.9616609,-0.52496636,0.35225722,3.9616609,0.3124340131878853,0.06600734889507293,0.1511580467224123,0.2936101958155632,0.0635970950126648,0.1501001119613643
1789688332.882120,5.0000,traffic cone,0.2274,235,156,156,100,4.4120,4.4111,1.6868911,-0.097217806,4.075595,1.6981492,-0.09852574,4.0698833,0.3300952613353729,0.6968219876289368,0.5394939184188843,0.2396425962448121,0.6652093812823295,0.11854982376098633
1789688332.930586,5.0000,traffic cone,0.1942,77,29,277,133,3.1780,3.1775,-0.65809953,0.06522478,3.1083808,-0.7639278,0.0045913756,3.0842993,0.06787319183349605,0.1832089751958847,0.04124765396118146,0.16643201112747197,0.42675418853759767,0.09502420425415004
1789688332.984857,5.0000,traffic cone,0.8232,144,84,50,30,3.3772,3.3705,1.0792738,0.076700315,3.199185,1.0412073,0.13971896,3.2025464,0.12630707621574389,0.3822372663766146,0.07190208435058576,0.07087765336036678,0.25481852516531944,0.06023238897323635
1789688333.026600,5.0000,traffic cone,0.6947,221,118,98,54,3.1692,3.1667,-0.7617936,0.065329105,3.0755546,-0.79351425,0.065370984,3.0649333,0.1608533829450608,0.36505491361021997,0.08637702465057373,0.12143940329551695,0.24370700418949126,0.048110437393188654
1789688333.078987,5.0000,traffic cone,0.6580,237,30,131,30,4.0214,4.0214,0.13795522,0.35244292,4.0035286,0.13795522,0.35244292,4.0035286,0.3557621717453002,0.0014434188604355302,0.011881661415100275,0.3557621717453002,0.0014434188604355302,0.011881661415100275
1789688333.120349,5.0000,traffic cone,0.4942,390,19,307,28,3.4528,4.0148,-0.4323217,0.35138178,3.4075174,-0.5256165,0.35240304,3.9645715,0.2023043036460876,0.014603388309478715,0.09299767017364502,0.2946918591856956,0.06423364281654359,0.14672474861145046
1789688333.151610,5.0000,traffic cone,0.2224,236,157,157,101,4.4123,4.4132,1.6873538,-0.097664386,4.075724,1.6991818,-0.098601475,4.0718293,0.3190472602844239,0.6970893025398255,0.548434543609619,0.25309693813323975,0.6658905148506165,0.12005424499511719
1789688333.198658,5.0000,traffic cone,0.1952,79,29,272,133,3.1798,3.1756,-0.65792483,0.06529948,3.110325,-0.7631677,0.004635513,3.0825095,0.06682752370834355,0.1831043168902397,0.04322543144226065,0.16781460046768193,0.4267555832862854,0.09392271041870126
1789688333.268200,5.0000,traffic cone,0.8224,144,84,51,31,3.3796,3.3726,1.0762851,0.07674593,3.2027247,1.0407767,0.14012453,3.2049828,0.12153432369232164,0.3821717720478773,0.07414226531982449,0.0712054967880249,0.2548987716436386,0.06487226486206055
1789688333.302056,5.0000,traffic cone,0.6917,220,116,100,54,3.1696,3.1667,-0.7600308,0.06535706,3.0763881,-0.79102904,0.06552212,3.0656602,0.15784475207328796,0.3651699312031269,0.08561569452285767,0.12088703811168666,0.243258872628212,0.052124178409576505
1789688333.346709,5.0000,traffic cone,0.6604,231,29,130,30,4.0194,4.0195,0.13263136,0.3521553,4.001724,0.13943216,0.3521806,4.0015883,0.3431081637740135,0.0008830308914184459,0.01017398834228489,0.3555104225873947,0.0008657217025756503,0.010254263877869096
1789688333.392121,5.0000,traffic cone,0.4972,388,29,306,28,4.0110,4.0116,-0.5199791,0.35230127,3.9615684,-0.5267247,0.35234258,3.9612806,0.30256907343864436,0.06632007360458375,0.1495639801025388,0.2966918051242829,0.06373983174562453,0.1482875108718873
1789688333.437459,5.0000,traffic cone,0.2260,237,155,158,103,4.4150,4.4132,1.6931919,-0.09776907,4.0762916,1.6995258,-0.09848965,4.0716815,0.27451378107070923,0.6778259932994841,0.30971274375915536,0.2523224830627442,0.6491074770688997,0.12215242385864222
1789688333.482121,5.0000,traffic cone,0.1924,77,29,272,131,3.1774,3.1774,-0.6570952,0.06550798,3.1080096,-0.762682,0.004585728,3.0844772,0.068636405467987,0.18313764631748197,0.041669702529907315,0.1660001575946808,0.4265587478876114,0.09454917907714844
1789688333.551194,5.0000,traffic cone,0.8219,147,82,50,29,3.3781,3.3710,1.07791,0.07678045,3.2006383,1.0422556,0.14001752,3.2027457,0.1215555846691132,0.38213475458323953,0.0731271505355835,0.07125506401061998,0.25467510521411896,0.06137938499450657
1789688333.600553,5.0000,traffic cone,0.6982,222,118,99,54,3.1679,3.1658,-0.763162,0.06530461,3.0739167,-0.7936866,0.06546334,3.0640042,0.1599890917539597,0.3653463199734688,0.08143820762634268,0.12348313331604,0.24343528747558596,0.04917428493499765
1789688333.651206,5.0000,traffic cone,0.6606,231,29,130,30,4.0202,4.0202,0.13225731,0.35227913,4.0025587,0.13903251,0.35225612,4.0023084,0.3432145774364471,0.0012110114097594882,0.011768817901610884,0.35562463253736487,0.0011955469846725575,0.011748790740966797
1789688333.701172,5.0000,traffic cone,0.4922,392,125,313,116,4.7407,4.7414,-0.6203403,0.09485383,4.698938,-0.63555074,0.09659916,4.6975784,0.3339841961860657,0.4456477239727974,0.21628475189208984,0.31373588740825653,0.4457648191601038,0.21756553649902344
1789688333.750130,5.0000,traffic cone,0.2260,233,154,154,99,4.4093,4.4124,1.6847949,-0.09742185,4.073559,1.6988728,-0.18009914,4.06822,0.3309423983097075,0.6971751779317856,0.5481930494308473,0.25282694101333614,0.6658773362636565,0.11904120445251465
1789688333.795170,5.0000,traffic cone,0.1934,77,29,273,133,3.1757,3.1761,-0.6572904,0.065182045,3.1062088,-0.76411444,0.004513517,3.0828042,0.06569352149963381,0.1831049531698227,0.04066424369811994,0.16633808612823486,0.4269095540046692,0.09263582229614276
1789688333.842293,5.0000,traffic cone,0.8233,147,84,51,29,3.3783,3.3692,1.0796709,0.07667212,3.2001672,1.0415599,0.14016914,3.2011464,0.1253751397132874,0.38228654935956,0.07163950204849279,0.07162344455718994,0.2548764079809189,0.056374502182007014
1789688333.873677,5.0000,traffic cone,0.6971,219,117,97,54,3.1687,3.1650,-0.76094854,0.06530939,3.0752559,-0.7936781,0.06546392,3.0631957,0.1580998659133911,0.3652806580066681,0.08087167739868173,0.12116424739360798,0.24349021166563034,0.049822795391082586
1789688333.924010,5.0000,traffic cone,0.6577,231,29,129,30,4.0201,4.0201,0.13301645,0.35234597,4.0023746,0.13980296,0.35238844,4.002195,0.3431815400719642,0.0009494423866271973,0.010692739486694691,0.355448605120182,0.0009462088346481323,0.010544610023498269
1789688333.970845,5.0000,traffic cone,0.4952,388,19,309,28,3.4531,4.0108,-0.43170127,0.35136876,3.4079804,-0.52650756,0.35230365,3.960476,0.20139396786689756,0.014500606060028065,0.09189779758453387,0.2947252169251442,0.06351763010025024,0.15223963260650653
1789688334.015850,5.0000,traffic cone,0.2301,235,155,157,100,4.4101,4.4118,1.6846088,-0.097797774,4.0745425,1.6974117,-0.098476395,4.070984,0.3223557829856871,0.6970860183238983,0.5446348667144778,0.2529452025890351,0.6656884223222732,0.12367689609527588
1789688334.061418,5.0000,traffic cone,0.1961,78,29,273,132,3.1767,3.1779,-0.65654063,0.06531583,3.10739,-0.76396215,0.0045656636,3.0847256,0.0655405282974244,0.1833195134997368,0.038380908966064275,0.165127146244049,0.42660371363162997,0.09212089776992816
1789688334.130691,5.0000,traffic cone,0.8232,147,83,51,29,3.3772,3.3689,1.0803376,0.07664184,3.1988177,1.0409858,0.14003809,3.200986,0.12254801988601671,0.3819552794098854,0.07613577842712393,0.0715904474258422,0.25488334000110624,0.06014928817749032
1789688334.180313,5.0000,traffic cone,0.6934,220,117,97,53,3.1683,3.1662,-0.761083,0.06531316,3.074831,-0.7941116,0.0653989,3.0642633,0.1583440065383911,0.36515245735645296,0.08417186737060556,0.11386368274688718,0.24335916340351105,0.05360059738159162
1789688334.226392,5.0000,traffic cone,0.6567,231,29,136,30,4.0205,4.0204,0.13192965,0.35244018,4.002806,0.13873167,0.35240784,4.0025063,0.3430194169282913,0.0010530948638916016,0.011278724670409801,0.3555009707808494,0.0010460615158081055,0.011340546607971458
1789688334.271217,5.0000,traffic cone,0.4929,389,122,307,120,4.7410,4.7474,-0.6233084,0.09295273,4.698959,-0.64796233,0.0952041,4.70199,0.3363679736852646,0.44571307376027103,0.2150220632553106,0.32923856675624846,0.44573360383510585,0.24885458946228045
1789688334.315757,5.0000,traffic cone,0.2291,231,153,154,98,4.4096,4.4110,1.6843556,-0.09767512,4.0740943,1.6980876,-0.1800998,4.0670586,0.3187345266342163,0.6967158138751983,0.5507347106933596,0.23600726723670973,0.6652660518884659,0.11883032321929932
1789688334.360513,5.0000,traffic cone,0.1950,77,30,274,133,3.1773,3.1772,-0.65700775,0.065373346,3.107936,-0.76158404,0.004650876,3.0845628,0.06924451589584346,0.18307611867785453,0.03988556861877468,0.16466791629791255,0.426794096827507,0.09350910186767569
1789688334.430102,5.0000,traffic cone,0.8240,148,87,53,31,3.3787,3.3723,1.0769451,0.0768328,3.2015758,1.0435098,0.13972583,3.2037308,0.12957948446273804,0.382254608720541,0.07216901779174822,0.07059121131896973,0.2548411190509796,0.0608440637588501
1789688334.479953,5.0000,traffic cone,0.6934,220,118,98,54,3.1687,3.1679,-0.76223695,0.065267116,3.0749774,-0.79499686,0.06544807,3.0658145,0.15962559580802915,0.3653508760035038,0.08328258991241455,0.1221334934234618,0.24334058091044425,0.049205875396728604
1789688334.526945,5.0000,traffic cone,0.6567,231,29,129,28,4.0210,4.0209,0.13491103,0.3523423,4.0032573,0.14175944,0.35231853,4.002881,0.3434668108820915,0.0009889006614685059,0.009322261810302379,0.331172227859497,0.0009945333003997803,0.00938036441803014
1789688334.558898,5.0000,traffic cone,0.4976,388,30,308,28,4.0145,4.0145,-0.5244934,0.35251254,3.9644494,-0.5244934,0.35251254,3.9644494,0.31222802400588984,0.06590456068515776,0.15415704250335738,0.29331125020980836,0.06365862041711806,0.15253283977508536
1789688334.605402,5.0000,traffic cone,0.2265,235,154,157,100,4.4099,4.4124,1.6853218,-0.09664158,4.074033,1.6987906,-0.13933414,4.0698566,0.3296731412410736,0.6968750730156898,0.5482941627502442,0.23721991777420048,0.6658954113721847,0.11795861721038836
1789688334.648911,5.0000,traffic cone,0.1953,78,30,271,133,3.1808,3.1760,-0.656101,0.065257244,3.1117263,-0.7642762,0.0046703517,3.082653,0.07281167805194855,0.18318991959095,0.04247839450836155,0.1689025521278381,0.426771479845047,0.09615211486816433
1789688334.718911,5.0000,traffic cone,0.8231,146,84,51,30,3.3771,3.3681,1.0775201,0.076716304,3.199689,1.0418769,0.13986672,3.1998816,0.12450655698776236,0.3822818867862225,0.07333514690399179,0.07039467692375179,0.25471895784139637,0.06364182233810434
1789688334.750573,5.0000,traffic cone,0.6898,223,119,99,55,3.1682,3.1678,-0.7626197,0.06536868,3.0743008,-0.7949135,0.065430224,3.0657148,0.16250220537185667,0.3652827650308609,0.08283936977386475,0.12361508011817923,0.24352916181087494,0.05146107673644984
1789688334.781996,5.0000,traffic cone,0.6573,232,29,130,29,4.0193,4.0196,0.1326035,0.35216355,4.0016317,0.14621106,0.35216355,4.0014944,0.3429808676242828,0.0010467886924743763,0.010282039642334428,0.34307387471199036,0.000979769229888905,0.01086301803588885
1789688334.813085,5.0000,traffic cone,0.4960,392,125,310,116,4.7393,4.7407,-0.62487245,0.09351049,4.6970177,-0.6374025,0.09544405,4.696703,0.3462013959884644,0.445327390730381,0.2164075851440428,0.32092635333538055,0.4453848134726286,0.21923577785491943
1789688334.856549,5.0000,traffic cone,0.2291,234,156,156,101,4.4112,4.4132,1.6858052,-0.096831344,4.075243,1.6998023,-0.09850018,4.0715013,0.3242200016975403,0.6969520151615143,0.5480693578720093,0.2541031837463379,0.6657493710517883,0.11803102493286133
1789688334.901268,5.0000,traffic cone,0.1930,77,29,273,134,3.1772,3.1789,-0.65578675,0.06537318,3.1081185,-0.7645078,0.0045089424,3.0856156,0.06653437614440916,0.1832347810268402,0.04453282356262189,0.16883752644062044,0.42673503756523135,0.09591330289840716
1789688334.971375,5.0000,traffic cone,0.8237,146,84,54,31,3.3792,3.3703,1.0778856,0.07668789,3.2018075,1.0413698,0.13987884,3.2023242,0.12425758242607121,0.3822937022894621,0.07000567913055411,0.06985950469970703,0.2548380196094513,0.06002306938171387
1789688335.021428,5.0000,traffic cone,0.6881,220,118,98,55,3.1697,3.1667,-0.7622739,0.06532063,3.0760212,-0.79364127,0.06543364,3.0649552,0.15963881909847255,0.36533578112721443,0.08422744274139404,0.12297874689102173,0.24366242364048957,0.0495402097702029
1789688335.067102,5.0000,traffic cone,0.6546,231,29,128,28,4.0202,4.0208,0.134022,0.35235798,4.0024657,0.14081866,0.35237217,4.0028067,0.3431015118956566,0.0012623190879821888,0.012221431732177823,0.33079241216182703,0.0012760043144225963,0.012250089645385653
1789688335.112402,5.0000,traffic cone,0.4954,387,125,306,28,4.7398,4.0125,-0.6207483,0.094070345,4.697992,-0.52539,0.35224336,3.96231,0.33402571678161624,0.4456209808588028,0.21578550338745117,0.29383227378129956,0.06417588591575624,0.1491182327270506
1789688335.157229,5.0000,traffic cone,0.2284,241,158,160,102,4.4119,4.4125,1.68851,-0.09726583,4.074793,1.7012773,-0.09850189,4.070116,0.32803822755813594,0.6971488475799561,0.5463708639144897,0.255060440301895,0.657218511402605,0.11689844131469762
1789688335.202250,5.0000,traffic cone,0.1909,76,29,271,132,3.1806,3.1766,-0.6563843,0.065465465,3.1114488,-0.7635236,0.0045587197,3.0834856,0.06728219985961914,0.1833603486418724,0.043005418777465554,0.1690189272165299,0.4267838880419731,0.09539240598678589
1789688335.261295,5.0000,traffic cone,0.8223,146,84,51,30,3.3793,3.3701,1.0773156,0.07664855,3.2020433,1.0414461,0.14016388,3.2020433,0.12564933896064767,0.38210916668176653,0.07664024829864502,0.07062320113182063,0.2548334389925003,0.059508156776427956
1789688335.294625,5.0000,traffic cone,0.6886,222,117,101,54,3.1706,3.1672,-0.75957817,0.065372184,3.0775962,-0.7932073,0.06552476,3.0655723,0.1585850715637207,0.3652742087841034,0.08066582679748535,0.12139517366886132,0.24371394813060762,0.04864946603775033
1789688335.325834,5.0000,traffic cone,0.6579,232,29,129,29,4.0197,4.0199,0.13274145,0.35227418,4.001997,0.1463764,0.3522675,4.001711,0.3431595161557197,0.0010025620460510365,0.0076988220214846415,0.3430965438485145,0.0010025620460510365,0.007794761657715199
1789688335.356607,5.0000,traffic cone,0.4986,392,19,310,28,3.4508,4.0135,-0.42999968,0.3513252,3.4058142,-0.5271354,0.3523463,3.9631405,0.20146795213222507,0.014659595489501964,0.09735400676727313,0.2956399753689766,0.06416813433170321,0.1471039056777954
1789688335.403947,5.0000,traffic cone,0.2250,236,156,157,99,4.4106,4.4132,1.686708,-0.09730402,4.0741262,1.6978424,-0.18009986,4.0695887,0.33204299211502075,0.6971275508403778,0.5529863834381104,0.24047030210495013,0.6657106786966325,0.11941409111022949
1789688335.448526,5.0000,traffic cone,0.1878,77,29,281,132,3.1780,3.1772,-0.65603846,0.06514463,3.1088917,-0.76259905,0.004618719,3.0843163,0.06802430152893069,0.18323109745979307,0.03982377052307129,0.16756472587585447,0.4266209900379181,0.0913644790649415
1789688335.517466,5.0000,traffic cone,0.8245,148,85,50,29,3.3774,3.3676,1.0798942,0.07673055,3.1991882,1.0417203,0.1398845,3.1993794,0.12720465660095215,0.3821904703974724,0.07148604393005353,0.07172338962554914,0.2550015985965729,0.0571092128753663
1789688335.549097,5.0000,traffic cone,0.6877,218,116,100,54,3.1687,3.1672,-0.76190376,0.06536966,3.0750532,-0.7925182,0.06543782,3.065745,0.1586373746395111,0.3653480038046837,0.08516240119934082,0.12112047076225274,0.24336908422410486,0.04927191734313974
1789688335.593429,5.0000,traffic cone,0.6591,230,29,127,29,4.0213,4.0215,0.13249503,0.35244402,4.0036325,0.14615421,0.35244402,4.003332,0.3433409005403518,0.0009618997573852539,0.01055784225463885,0.34318820536136624,0.0009618997573852539,0.01058435440063521
1789688335.640095,5.0000,traffic cone,0.5010,386,29,304,28,4.0139,4.0127,-0.5209577,0.35230234,3.964342,-0.5273003,0.3523177,3.9622734,0.3001311898231506,0.06554837822914122,0.15687894821166992,0.293242284655571,0.06314273923635483,0.15788233280181885
1789688335.686196,5.0000,traffic cone,0.2271,231,153,154,100,4.4106,4.4126,1.6852638,-0.0978131,4.0747743,1.697253,-0.1801,4.0691366,0.3251147985458376,0.6967045605182647,0.547856903076172,0.24056427478790265,0.6656655311584472,0.1175377368927002
1789688335.730086,5.0000,traffic cone,0.1889,77,29,271,131,3.1771,3.1765,-0.65744835,0.06538567,3.1076894,-0.76394325,0.0045407265,3.0832145,0.0664613485336304,0.18318694084882736,0.0427115917205807,0.16603004932403564,0.4268394559621811,0.09245598316192627
1789688335.799508,5.0000,traffic cone,0.8238,149,84,51,30,3.3789,3.3693,1.0778743,0.07662402,3.2014642,1.0406799,0.14013846,3.2014642,0.12596237659454346,0.3822114113718271,0.07316744327545166,0.06902606487274165,0.2546886131167412,0.0600480079650878
1789688335.833632,5.0000,traffic cone,0.6889,220,118,99,55,3.1677,3.1672,-0.7626609,0.065436654,3.0737784,-0.7920622,0.06552862,3.065868,0.1602813959121704,0.3654072191566229,0.0824622869491578,0.12068606615066535,0.24357585683465005,0.0518535614013671
1789688335.876361,5.0000,traffic cone,0.6546,231,29,129,29,4.0201,4.0203,0.13083698,0.35221252,4.00254,0.14444475,0.35218248,4.002216,0.3430508106946945,0.0009584784507751798,0.009763431549072443,0.3430150002241134,0.0008660078048706166,0.01012153625488299
1789688335.922725,5.0000,traffic cone,0.5032,390,125,306,28,4.7420,4.0123,-0.62117285,0.094976336,4.700157,-0.52442485,0.35230586,3.9622746,0.33484400510787965,0.44567497521638866,0.21781005859375036,0.29304214417934416,0.06376096755266192,0.1514438867568968
1789688335.966603,5.0000,traffic cone,0.2308,233,152,155,99,4.4120,4.4143,1.6884327,-0.09782037,4.074947,1.6970327,-0.18009964,4.0710397,0.3024823546409605,0.6881394147872923,0.4153109073638914,0.23608860969543444,0.6655287325382233,0.12186870574951225
1789688336.011339,5.0000,traffic cone,0.1876,77,29,272,133,3.1769,3.1780,-0.6574412,0.065263405,3.1074703,-0.76364195,0.0047025234,3.0848835,0.0675121545791626,0.18340139985084536,0.03932595252990723,0.16734223365783685,0.42682166695594786,0.09228720664978063
1789688336.060092,5.0000,traffic cone,0.8235,144,83,50,30,3.3785,3.3704,1.076412,0.07665415,3.2014797,1.0405031,0.14003177,3.2027068,0.11913906335830693,0.3822748638689518,0.07266514301300031,0.07112568616867065,0.2546545289456844,0.05977272987365723
1789688336.091942,5.0000,traffic cone,0.6919,221,117,101,55,3.1692,3.1663,-0.76182246,0.06542295,3.0755446,-0.79194677,0.06555821,3.0649917,0.15927433967590332,0.3651992991566658,0.080783987045288,0.12189862132072449,0.24348914846777917,0.049092459678649725
1789688336.128883,5.0000,traffic cone,0.6550,231,29,135,29,4.0217,4.0222,0.13259365,0.35240418,4.004075,0.1461687,0.3523838,4.004075,0.34316360056400297,0.001062595844268821,0.009374141693115234,0.34345358908176415,0.001062595844268821,0.011181735992431552
1789688336.170794,5.0000,traffic cone,0.5039,390,29,309,28,4.0139,4.0138,-0.5209528,0.35227716,3.964312,-0.5277574,0.352289,3.963332,0.30125115513801576,0.06582101583480837,0.1578743934631346,0.2955147340893745,0.06359886527061459,0.15621497631073034
1789688336.215963,5.0000,traffic cone,0.2271,235,157,155,101,4.4112,4.4152,1.6862653,-0.09746176,4.0749936,1.6979408,-0.18010016,4.0716405,0.3225739955902098,0.697093939781189,0.5454635620117188,0.23917555809020996,0.665498822927475,0.12212514877319336
1789688336.260135,5.0000,traffic cone,0.1864,76,29,273,133,3.1786,3.1781,-0.65605545,0.065423116,3.10942,-0.76345134,0.004633993,3.0850372,0.06865614652633667,0.18310843408107758,0.041824197769164684,0.1659279346466065,0.4266714543104172,0.09297060966491699
1789688336.330741,5.0000,traffic cone,0.8218,146,86,52,31,3.3782,3.3707,1.0767434,0.0767117,3.2010398,1.0403767,0.14023411,3.2030404,0.1271900236606598,0.3821096159517765,0.07304728031158447,0.07071375846862793,0.2551734521985054,0.05683696269989014
1789688336.362146,5.0000,traffic cone,0.6945,220,118,99,56,3.1697,3.1694,-0.76311636,0.06535271,3.0757694,-0.7947202,0.065419756,3.0674372,0.1595244199037552,0.36528539955615996,0.08097784519195583,0.12335111200809479,0.24365969747304916,0.04685378074645996
1789688336.393528,5.0000,traffic cone,0.6520,230,29,128,28,4.0203,4.0206,0.13513574,0.35227844,4.0025806,0.14197442,0.35229355,4.002594,0.34323497265577313,0.0010021448135375532,0.00982842445373544,0.3310036659240722,0.0010126411914825884,0.009990239143371493
1789688336.442188,5.0000,traffic cone,0.5042,389,19,307,28,3.4541,4.0131,-0.4315531,0.35127488,3.4089417,-0.52753866,0.35220075,3.9626296,0.20267663598060603,0.015037840604782138,0.09879548549652073,0.29531339704990384,0.06342158615589139,0.15772557258606001
1789688336.490317,5.0000,traffic cone,0.2250,233,155,152,97,4.4094,4.4132,1.6838309,-0.097786866,4.0741086,1.6958696,-0.18010014,4.070324,0.3222266554832456,0.6971426546573639,0.5442474365234373,0.22423319816589338,0.6655077397823334,0.12009143829345703
1789688336.535141,5.0000,traffic cone,0.1870,78,29,272,133,3.1798,3.1763,-0.6573493,0.065261945,3.1103969,-0.764075,0.0045760125,3.0830429,0.06693609952926638,0.18317338377237322,0.04015393257141131,0.1662638068199157,0.4265612930059433,0.09307794570922834
1789688336.606121,5.0000,traffic cone,0.8218,150,86,53,31,3.3781,3.3724,1.0779095,0.0767145,3.2005634,1.0416992,0.13996002,3.2043862,0.12899860739707947,0.38235064782202244,0.07271552085876465,0.07117635011672974,0.2549053728580475,0.060234785079956055
1789688336.640982,5.0000,traffic cone,0.6942,220,117,100,55,3.1699,3.1676,-0.7627765,0.06535524,3.0760589,-0.7940666,0.06547886,3.0657609,0.15896570682525635,0.36531006544828415,0.08362722396850586,0.12232680320739742,0.24365230947732924,0.04771080017089835
1789688336.686321,5.0000,traffic cone,0.6556,232,29,129,29,4.0196,4.0200,0.13347672,0.35224354,4.0018854,0.14699647,0.3522476,4.0018854,0.3431103780865669,0.0008193254470825195,0.008400630950927912,0.34318254142999643,0.0008360385894775613,0.008400630950927912
1789688336.731967,5.0000,traffic cone,0.5057,390,29,310,28,4.0135,4.0137,-0.52095383,0.35233438,3.9639053,-0.5277437,0.3523524,3.9632576,0.30094984769821165,0.06547734737396238,0.15633087158203107,0.2948728874325752,0.06322808712720873,0.1558993577957155
1789688336.779586,5.0000,traffic cone,0.2268,235,155,157,101,4.4111,4.4135,1.6851319,-0.097647466,4.0753274,1.6974628,-0.18010011,4.0700746,0.3201244831085206,0.6970403283834457,0.5427686214447025,0.2554311752319336,0.6657844483852386,0.11501789093017578
1789688336.822636,5.0000,traffic cone,0.1895,77,29,273,132,3.1777,3.1772,-0.6575877,0.065340176,3.1082695,-0.7628647,0.0046212375,3.0842576,0.0665704607963562,0.18315863758325576,0.04032759666442898,0.16621365547180167,0.4266235545277596,0.09395679235458365
1789688336.871444,5.0000,traffic cone,0.8214,149,84,51,30,3.3795,3.3724,1.0791383,0.07674688,3.20168,1.0426124,0.14005291,3.2041008,0.12334488034248348,0.3822367824614048,0.07665644884109524,0.07271511554718013,0.25468167662620544,0.06476958990097081
1789688336.903977,5.0000,traffic cone,0.6946,220,118,97,55,3.1704,3.1684,-0.76237893,0.06538404,3.076662,-0.7959377,0.06540054,3.0661113,0.16098763048648834,0.3652247034013271,0.08066072463989249,0.12293539047241209,0.2435847654938698,0.05123603343963623
1789688336.954577,5.0000,traffic cone,0.6581,232,29,127,29,4.0198,4.0203,0.13333075,0.35234314,4.002148,0.14711048,0.35234314,4.002148,0.3430554240942001,0.001242017745971713,0.01323347091674787,0.3429290801286697,0.001242017745971713,0.01323347091674787
1789688337.000793,5.0000,traffic cone,0.5043,384,125,303,116,4.7414,4.7425,-0.6230566,0.09450221,4.6993785,-0.63534343,0.09632294,4.6987367,0.33795704841613766,0.44562491923570635,0.2199230194091797,0.31875909864902496,0.4457521717995405,0.2218625545501709
1789688337.045183,5.0000,traffic cone,0.2226,235,156,155,98,4.4102,4.4109,1.6849406,-0.09727572,4.0744743,1.6967111,-0.13930655,4.0691175,0.3205694556236267,0.69710473716259,0.5531966686248779,0.2394780457019805,0.6652926623821258,0.12069895267486608
1789688337.089355,5.0000,traffic cone,0.1966,80,29,273,133,3.1781,3.1772,-0.6562188,0.06535725,3.1089497,-0.7633445,0.0045351386,3.0841315,0.06694723367691047,0.18328267037868498,0.04083523750305185,0.16864523887634275,0.426751846075058,0.09072027206420907
1789688337.159176,5.0000,traffic cone,0.8205,144,84,50,29,3.3802,3.3700,1.0799925,0.07669474,3.2020981,1.040592,0.14023891,3.202277,0.12581982612609854,0.3822412721812725,0.06863913536071786,0.07192995548248282,0.25499204993247987,0.059216785430908025
1789688337.208802,5.0000,traffic cone,0.6964,219,118,98,55,3.1701,3.1697,-0.76415586,0.065396816,3.075946,-0.7966953,0.06542984,3.0672853,0.15949162542819983,0.3654216557741165,0.08430380821228001,0.11531934142112732,0.24343520849943162,0.05165240764617929
1789688337.255732,5.0000,traffic cone,0.6585,231,29,129,30,4.0201,4.0203,0.1329607,0.35236824,4.0024123,0.13985457,0.3524015,4.0023756,0.3432598069310188,0.000854289531707797,0.009520578384399236,0.35557164251804346,0.0008410543203353771,0.00972571372985831
1789688337.302811,5.0000,traffic cone,0.5019,387,19,309,28,3.4533,4.0140,-0.43024966,0.35120326,3.408375,-0.52815294,0.35240957,3.9634764,0.20098052024841312,0.014761477708816528,0.10033411979675311,0.29584868699312206,0.06419168710708617,0.14951291084289497
1789688337.347011,5.0000,traffic cone,0.2231,235,154,158,102,4.4149,4.4129,1.6957655,-0.09729642,4.075082,1.7000799,-0.0984908,4.0710526,0.30030536055564894,0.686020615696907,0.3885830163955686,0.25421011447906494,0.6576143413782101,0.1213064193725586
1789688337.390965,5.0000,traffic cone,0.1942,79,29,275,131,3.1791,3.1798,-0.6571305,0.06532636,3.109735,-0.76755404,0.0045253634,3.0857484,0.06521372795104985,0.18327183425426485,0.043424463272094815,0.1656273901462555,0.42654456198215485,0.09199798107147217
1789688337.460870,5.0000,traffic cone,0.8219,145,84,51,30,3.3779,3.3683,1.0791943,0.07664354,3.1999493,1.0402709,0.10834408,3.2017744,0.12301071882247938,0.3822685103863478,0.07474546432495144,0.06833406090736394,0.2548775993287563,0.060314512252807706
1789688337.510503,5.0000,traffic cone,0.6989,221,118,98,53,3.1691,3.1672,-0.76107657,0.065390915,3.0756352,-0.79432267,0.0654373,3.065248,0.15985198915004728,0.3652781963348389,0.08598238229751587,0.11273820400238033,0.24347268193960192,0.051537370681762784
1789688337.558242,5.0000,traffic cone,0.6591,231,29,131,30,4.0205,4.0207,0.13260981,0.35241145,4.0028343,0.13942668,0.3524054,4.002821,0.3433135569095611,0.0008353590965270996,0.010476112365722656,0.3555421352386474,0.0008301287889480591,0.010829186439514693
1789688337.590303,5.0000,traffic cone,0.5019,387,125,310,28,4.7391,4.0134,-0.62083,0.0945625,4.697261,-0.52585375,0.35233817,3.9631617,0.33274165391921995,0.44533791989088056,0.21514558792114258,0.29375636279582984,0.0636840149760246,0.15498669147491473
1789688337.636286,5.0000,traffic cone,0.2192,234,153,155,100,4.4119,4.4120,1.6885087,-0.097741276,4.074778,1.6960771,-0.09852503,4.071726,0.30653390884399423,0.687065988779068,0.39701051712036106,0.23812031745910645,0.6655860260128975,0.1284501552581787
1789688337.679435,5.0000,traffic cone,0.1921,79,29,272,133,3.1808,3.1773,-0.6548429,0.0652722,3.1120167,-0.7639802,0.0047138035,3.0841267,0.06657502651214608,0.18317277431488038,0.03927288055419931,0.1684040546417236,0.4266414701938629,0.09580335617065439
1789688337.754632,5.0000,traffic cone,0.8204,147,84,52,31,3.3792,3.3707,1.0777714,0.076716095,3.2017655,1.0402339,0.1399145,3.2031074,0.1247642099857329,0.38221743814647197,0.07326228618621844,0.0708853006362915,0.25501609593629837,0.05837571620941162
1789688337.808364,5.0000,traffic cone,0.7005,221,118,98,54,3.1699,3.1694,-0.76136774,0.06538616,3.0763888,-0.7968666,0.06550378,3.066864,0.15953487157821655,0.36538469679653646,0.08243715763092041,0.11356666088104239,0.24353281632065774,0.05447398424148542
1789688337.859036,5.0000,traffic cone,0.6591,232,29,132,30,4.0197,4.0197,0.13163437,0.35238183,4.0020576,0.13840704,0.35233867,4.0018725,0.34332714974880213,0.0013384342193603627,0.012667942047118963,0.35554522275924677,0.00133483707904819,0.013466167449950994
1789688337.907833,5.0000,traffic cone,0.5013,387,125,310,28,4.7435,4.0142,-0.6201422,0.09449245,4.7018332,-0.52754307,0.35237613,3.963788,0.33471946120262147,0.4457397609949112,0.21970071792602575,0.29619240760803217,0.06351102888584137,0.15274331569671595
1789688337.956889,5.0000,traffic cone,0.2173,238,158,158,102,4.4116,4.4133,1.6863234,-0.097333014,4.075384,1.6991557,-0.13933747,4.070692,0.33123744726181026,0.697216910123825,0.5450897216796871,0.2555651247501374,0.6570017002522927,0.12015678882598824
1789688338.000826,5.0000,traffic cone,0.1931,79,29,279,133,3.1781,3.1772,-0.6572373,0.06536527,3.1086767,-0.7623317,0.004678428,3.0844116,0.06751999855041502,0.18315788209438325,0.03952436447143581,0.16823594570159905,0.4268521428108215,0.09359140396118182
1789688338.071640,5.0000,traffic cone,0.8215,145,84,50,29,3.3785,3.3714,1.0795691,0.07680823,3.2004664,1.0433422,0.1401796,3.2028155,0.1274708151817321,0.38220090717077254,0.07157621383667001,0.0735633373260498,0.2547266036272049,0.059500503540038885
1789688338.108168,5.0000,traffic cone,0.7008,221,117,100,53,3.1688,3.1703,-0.7612932,0.065319076,3.0753345,-0.79493135,0.06542441,3.068318,0.1583382368087768,0.3652162566781044,0.0826683998107911,0.11092201471328733,0.24363988786935806,0.050732994079589755
1789688338.150341,5.0000,traffic cone,0.6554,231,29,132,30,4.0207,4.0206,0.1312621,0.3523712,4.003122,0.13804778,0.35237083,4.0027847,0.3432697847485542,0.0009861946105957364,0.010547161102294922,0.3555664166808128,0.0010350614786147627,0.010772776603698908
1789688338.195838,5.0000,traffic cone,0.5037,390,19,311,28,3.4535,4.0147,-0.43245614,0.35141888,3.408214,-0.5267963,0.35239875,3.9643252,0.2024988293647766,0.014717054367065385,0.09699993133544904,0.29416772872209546,0.06343817114830014,0.1530899524688718
1789688338.240641,5.0000,traffic cone,0.2157,235,155,159,101,4.4105,4.4151,1.6838815,-0.09706325,4.0752854,1.6990215,-0.18009982,4.0710754,0.3239500403404234,0.6971382319927215,0.5562402248382563,0.25157928466796875,0.6659118831157684,0.1215353012084961
1789688338.280525,5.0000,traffic cone,0.1929,82,33,271,130,3.1783,3.1784,-0.6625656,0.06522448,3.1078248,-0.76493686,0.0044875816,3.0849705,0.07653899192810065,0.18328490257263183,0.04305582046508816,0.1678775489330292,0.4264994695782661,0.09639754295349112
1789688338.344001,5.0000,traffic cone,0.8198,148,85,53,30,3.3789,3.3727,1.0788817,0.07671328,3.2011468,1.0433762,0.14007673,3.2042365,0.12733948230743408,0.38239637315273284,0.07170662879943857,0.07225670814514151,0.25493489801883695,0.0587916374206543
1789688338.394926,5.0000,traffic cone,0.7064,223,119,98,54,3.1680,3.1674,-0.76237005,0.06527412,3.0742333,-0.79613,0.06542641,3.064969,0.1619073450565338,0.3651970632374287,0.08658235073089582,0.11197674870491026,0.2434935662895441,0.0498069643974306
1789688338.444766,5.0000,traffic cone,0.6561,232,29,132,30,4.0195,4.0194,0.13340038,0.35221034,4.0018277,0.1401897,0.3522023,4.0015326,0.3433488190174102,0.0010013461112975963,0.009793949127197443,0.35554590225219723,0.0009913831949233676,0.010180473327636719
1789688338.493644,5.0000,traffic cone,0.5032,385,30,310,28,4.0113,4.0113,-0.52435684,0.35236266,3.9612675,-0.52435684,0.35236266,3.9612675,0.31155274808406824,0.0654708743095398,0.15776035785675102,0.2921732783317566,0.06325392723083495,0.15594010353088406
1789688338.542954,5.0000,traffic cone,0.2155,235,156,157,101,4.4093,4.4112,1.6849022,-0.09759379,4.0734653,1.6967967,-0.098501615,4.070638,0.32141271233558655,0.6972054615616798,0.550026535987854,0.25227952003479004,0.6655526757240295,0.12044286727905273
1789688338.586734,5.0000,traffic cone,0.1914,85,33,275,133,3.1809,3.1788,-0.66036844,0.06509976,3.1109142,-0.7646205,0.0046275854,3.0854678,0.0762461185455322,0.1831005558371544,0.04585590362548819,0.1693131685256959,0.4268240422010422,0.0943121433258054
1789688338.640507,5.0000,traffic cone,0.8208,144,85,50,31,3.3797,3.3716,1.0783645,0.0766848,3.2021005,1.0396612,0.14017797,3.204198,0.12461333274841291,0.38264064490795135,0.0736767768859865,0.07045978307723999,0.2548815682530403,0.058380842208862305
1789688338.682460,5.0000,traffic cone,0.7023,218,118,98,53,3.1693,3.1682,-0.761965,0.06535748,3.0756786,-0.79559386,0.06559968,3.065978,0.16092266440391534,0.36540483348071573,0.08487075567245483,0.11070477962493896,0.24336570948362352,0.048764133453369496
1789688338.733567,5.0000,traffic cone,0.6578,231,29,130,30,4.0191,4.0192,0.1316401,0.35216647,4.001473,0.13841647,0.35217983,4.001382,0.3433414399623871,0.001104760169982899,0.010521507263184127,0.355381916463375,0.0010944396257400735,0.011317300796509056
1789688338.780459,5.0000,traffic cone,0.5050,387,125,307,28,4.7430,4.0107,-0.6225722,0.09463635,4.700977,-0.5243649,0.35220733,3.960679,0.3341829597949982,0.4455637186765671,0.21227216720581055,0.29208042174577714,0.06340670138597487,0.15557966232299814
1789688338.824379,5.0000,traffic cone,0.2122,233,155,154,100,4.4119,4.4136,1.6876978,-0.0975999,4.0751805,1.6984487,-0.13931659,4.0713778,0.33519086837768564,0.6969242423772812,0.5506947994232174,0.2535645902156829,0.6654531568288803,0.12441470623016393
1789688338.868349,5.0000,traffic cone,0.1919,82,33,272,133,3.1779,3.1779,-0.6630968,0.06503105,3.107279,-0.7639674,0.0047053397,3.0846608,0.07768959999084468,0.1832643136382103,0.04475975036621094,0.1686711311340332,0.4269611984491348,0.09645986557006836
1789688338.921890,5.0000,traffic cone,0.8197,147,84,52,29,3.3811,3.3718,1.07846,0.0767767,3.2035728,1.0415037,0.1397103,3.2038186,0.12286144495010376,0.3824168872088194,0.07052311897277841,0.07227406501770006,0.254967251420021,0.05709595680236834
1789688338.963881,5.0000,traffic cone,0.7052,220,117,100,54,3.1694,3.1666,-0.76124847,0.06535354,3.0758972,-0.7943684,0.065458395,3.0646877,0.15891859531402586,0.365310138463974,0.08576803207397488,0.1206322520971298,0.2435257039964199,0.05050578117370641
1789688338.995449,5.0000,traffic cone,0.6624,231,29,131,30,4.0194,4.0195,0.13301244,0.35235468,4.001671,0.13977098,0.3523404,4.0016136,0.34308799505233756,0.0013245224952697643,0.01249074935913086,0.35543338954448694,0.0013185381889342929,0.013886308670044034
1789688339.024350,5.0000,traffic cone,0.5083,386,123,310,115,4.7396,4.7414,-0.6222502,0.09344417,4.6976275,-0.6370478,0.09621289,4.6974273,0.33419999480247503,0.4457609482109547,0.21747069358825666,0.31270489096641535,0.4457805320620537,0.22103376388549822
1789688339.064235,5.0000,traffic cone,0.2170,234,154,155,95,4.4104,4.4130,1.6850051,-0.09784631,4.074703,1.6966424,-0.18009982,4.0698457,0.31582006216049185,0.6973181962966919,0.5476845026016233,0.22313861846923833,0.6662068098783493,0.12364158630371058
1789688339.094310,5.0000,traffic cone,0.1886,84,34,271,132,3.1793,3.1794,-0.66096985,0.06524761,3.109138,-0.76508594,0.0046853945,3.0859718,0.08097780644893648,0.18334144726395607,0.043179321289062766,0.1679754436016082,0.42704233825206755,0.0952728033065795
1789688339.158524,5.0000,traffic cone,0.8195,144,85,51,30,3.3797,3.3709,1.079989,0.07678217,3.2015567,1.0415492,0.14000295,3.202946,0.1259971141815186,0.3821967616677284,0.07340450286865252,0.07343550920486464,0.25512214452028276,0.05820591449737522
1789688339.193912,5.0000,traffic cone,0.7055,224,118,100,54,3.1701,3.1663,-0.76217926,0.06542603,3.0764337,-0.79359746,0.06554567,3.0645618,0.15979681611061103,0.3652981869876385,0.08345947265625009,0.12390598356723781,0.2436218399554491,0.05028512477874747
1789688339.238859,5.0000,traffic cone,0.6623,231,29,131,30,4.0193,4.0195,0.1324234,0.35233566,4.0016556,0.13923214,0.35234368,4.001655,0.3432412028312683,0.0010817885398864413,0.011459064483642756,0.3557256862521171,0.0010789453983306996,0.011409497261047452
1789688339.285663,5.0000,traffic cone,0.5065,389,126,312,28,4.7424,4.0106,-0.6221757,0.0941474,4.700491,-0.52435213,0.35222498,3.96055,0.343030720949173,0.445566363632679,0.2169489860534668,0.2947168678045273,0.06386318206787112,0.1506226539611819
1789688339.330866,5.0000,traffic cone,0.2199,231,150,156,100,4.4101,4.4126,1.6872311,-0.09768617,4.0734415,1.6960638,-0.13931632,4.0712185,0.32063210010528564,0.697172574698925,0.5419312953948969,0.24960313439369197,0.6652771383523941,0.11514027118682879
1789688339.375442,5.0000,traffic cone,0.1874,83,33,277,133,3.1784,3.1781,-0.6616251,0.06528312,3.1080863,-0.763972,0.0046642125,3.084948,0.07690807580947878,0.1832976832985878,0.044652366638183505,0.16827682256698617,0.4269084453582764,0.0926046371459961
1789688339.447405,5.0000,traffic cone,0.8204,146,84,50,31,3.3788,3.3708,1.0764239,0.07668251,3.2018332,1.0429344,0.14016564,3.202379,0.12403185963630659,0.3822634145617485,0.07310214042663565,0.07166886329650879,0.25501158088445663,0.05906951427459717
1789688339.499207,5.0000,traffic cone,0.7098,220,118,96,53,3.1695,3.1673,-0.7621809,0.065380596,3.0757942,-0.79446316,0.06556098,3.0653327,0.1605946123600006,0.36527641154825685,0.08356933593750027,0.11171278953552244,0.2434949278831482,0.048755311965942294
1789688339.549965,5.0000,traffic cone,0.6611,231,29,131,30,4.0212,4.0213,0.13364418,0.3524505,4.0034504,0.1404332,0.35242614,4.0033407,0.34322232306003564,0.000896787643432595,0.009440803527832387,0.3554735347628593,0.0008937299251556841,0.01072382926940918
1789688339.596304,5.0000,traffic cone,0.5023,390,125,315,116,4.7410,4.7414,-0.6225767,0.09477396,4.699004,-0.63568467,0.096480265,4.6976004,0.3361674010753632,0.44557450264692305,0.22128305435180629,0.3176151365041733,0.4456635806709528,0.22134900093078613
1789688339.640887,5.0000,traffic cone,0.2122,235,152,155,99,4.4129,4.4103,1.6888599,-0.097799346,4.0757475,1.6975113,-0.09854159,4.0693007,0.3000429749488829,0.6877551376819608,0.40470488071441624,0.2411740422248838,0.6655532628297807,0.12561588287353498
1789688339.684355,5.0000,traffic cone,0.1844,79,29,271,132,3.1816,3.1782,-0.6569874,0.06514241,3.112311,-0.7643027,0.0046340227,3.0848908,0.06669480800628669,0.1832350790500641,0.04029984474182102,0.16702793836593632,0.4265937924385071,0.09495699405670166
1789688339.753077,5.0000,traffic cone,0.8207,147,86,51,31,3.3794,3.3704,1.0791106,0.07672961,3.2015545,1.0399833,0.13990441,3.2028863,0.1263975203037262,0.3822751324623823,0.07423192262649536,0.07053422927856445,0.2550145238637924,0.057237982749938965
1789688339.784144,5.0000,traffic cone,0.7077,221,117,98,53,3.1687,3.1697,-0.76079047,0.06535554,3.0753133,-0.7915454,0.06544416,3.0686262,0.15906705856323244,0.36538501977920534,0.08393721580505353,0.11038131713867183,0.24365505129098894,0.05174021720886213
1789688339.818343,5.0000,traffic cone,0.6638,232,29,130,30,4.0197,4.0196,0.13319868,0.35225317,4.0019865,0.1399805,0.35224873,4.0016713,0.34325067251920693,0.0011003494262695757,0.011007547378540039,0.3553398713469505,0.0010941416025161965,0.01305606365203893
1789688339.867872,5.0000,traffic cone,0.5030,387,29,306,28,4.0131,4.0131,-0.51841325,0.35228136,3.963825,-0.5255724,0.35229686,3.9629014,0.29925338625907894,0.06560832858085636,0.16043648719787562,0.29225881993770597,0.06338509321212765,0.16167976856231725
1789688339.915440,5.0000,traffic cone,0.2118,231,154,154,99,4.4121,4.4133,1.6864715,-0.09729326,4.0759363,1.697478,-0.09851676,4.072565,0.3221748828887938,0.6965223938226699,0.5517194032669068,0.24078397750854474,0.6655264794826508,0.11973352432250994
1789688339.961782,5.0000,traffic cone,0.1835,77,29,274,133,3.1780,3.1763,-0.65547544,0.06515451,3.10901,-0.7611329,0.00462234,3.0837963,0.0681112885475158,0.18365494459867476,0.04082627296447772,0.1682815909385681,0.4269398421049118,0.09344058036804181
1789688340.034503,5.0000,traffic cone,0.8203,146,86,49,30,3.3778,3.3681,1.0778668,0.07673307,3.2002733,1.0406994,0.13985278,3.2002733,0.128621906042099,0.382262883707881,0.07310903072357178,0.07100664973258963,0.25480400770902634,0.0602563977241517
1789688340.083371,5.0000,traffic cone,0.7080,216,117,96,54,3.1700,3.1675,-0.76034284,0.06546971,3.0767407,-0.79473746,0.065565355,3.0654345,0.15931771993637078,0.3653189867734909,0.0837798595428465,0.12242077589035028,0.24375614188611508,0.04578803777694729
1789688340.133179,5.0000,traffic cone,0.6648,232,29,131,30,4.0197,4.0203,0.13274309,0.35236573,4.0019755,0.13958089,0.35238272,4.002344,0.34304046034812924,0.0011799335479736328,0.011164760589599254,0.35524840503931043,0.0012228161096572987,0.011139082908630638
1789688340.181975,5.0000,traffic cone,0.5065,388,125,312,28,4.7425,4.0110,-0.625181,0.09354307,4.7001643,-0.5268593,0.3521914,3.9606414,0.34655693769454954,0.44552733898162844,0.21907958984375053,0.29482032954692833,0.0631445825099945,0.15399646759033203
1789688340.229614,5.0000,traffic cone,0.2130,231,153,155,98,4.4096,4.4115,1.6845863,-0.097695366,4.073992,1.6970689,-0.1393391,4.0696273,0.31782100200653085,0.6973332643508912,0.5558267593383794,0.2392079055309293,0.6650052577257156,0.11712510585784841
1789688340.278463,5.0000,traffic cone,0.1866,77,29,268,132,3.1780,3.1778,-0.6572324,0.06539588,3.1085708,-0.76331925,0.004590966,3.084725,0.06661914587020878,0.18329715579748154,0.03808755874633807,0.1661557048559188,0.4265498712658882,0.0956408500671384
1789688340.331797,5.0000,traffic cone,0.8197,147,85,51,31,3.3792,3.3713,1.0783145,0.07677525,3.2016187,1.0414728,0.13995981,3.2033226,0.1265137910842895,0.3824940621852875,0.07294321060180664,0.07086461782455444,0.25472572445869446,0.058412909507751465
1789688340.373775,5.0000,traffic cone,0.7121,221,116,100,54,3.1712,3.1687,-0.76072717,0.06549207,3.0779128,-0.79102975,0.06560444,3.0676425,0.15833738446235657,0.3654475286602974,0.0806010365486145,0.12162956893444055,0.24348208047449588,0.05021492242813075
1789688340.409451,5.0000,traffic cone,0.6673,231,29,131,30,4.0204,4.0205,0.13123581,0.35237458,4.002794,0.13809608,0.35236335,4.002674,0.34309730082750317,0.0009151101112365723,0.012171506881713867,0.35525595694780343,0.0009098201990127563,0.012237095832824618
1789688340.458935,5.0000,traffic cone,0.5049,391,19,309,28,3.4526,4.0137,-0.43119034,0.35141346,3.4075406,-0.52738017,0.35235077,3.9632244,0.20196789801120751,0.014956808090209994,0.09899663925170898,0.29550518542528154,0.06384503543376918,0.15452902317047146
1789688340.498736,5.0000,traffic cone,0.2099,235,155,152,95,4.4100,4.4116,1.6856811,-0.09780068,4.073951,1.6956301,-0.18010034,4.068769,0.320681631565094,0.6975382059812546,0.5498111724853514,0.22795516252517678,0.6652573227882386,0.11723542213439941
1789688340.537749,5.0000,traffic cone,0.1869,80,30,277,133,3.1777,3.1768,-0.6581876,0.06544122,3.1080554,-0.76109123,0.00475803,3.084284,0.07120216786861422,0.18325805552303792,0.04372628927230826,0.16618242263793948,0.4269619703292847,0.0922880649566653
1789688340.598586,5.0000,traffic cone,0.8215,149,86,51,30,3.3813,3.3729,1.0806944,0.07678595,3.203009,1.0428498,0.14013967,3.2045255,0.12793076038360596,0.38220289722085,0.0745689868927002,0.07128602862358102,0.25505084320902827,0.05719350576400739
1789688340.647444,5.0000,traffic cone,0.7123,219,118,98,54,3.1690,3.1670,-0.76174384,0.06537309,3.0753574,-0.79446006,0.065506764,3.0650249,0.16164847016334527,0.3651294592767954,0.08495219945907584,0.12152845561504355,0.24366656243801116,0.05125967264175424
1789688340.698025,5.0000,traffic cone,0.6665,232,29,129,30,4.0198,4.0199,0.13270059,0.35228023,4.0021057,0.13949987,0.35227448,4.0019646,0.34297260195016854,0.0009783029556274525,0.01176018714904803,0.3552889972925186,0.0009708017110824363,0.011685156822204501
1789688340.746701,5.0000,traffic cone,0.5062,390,19,310,117,3.4519,4.7420,-0.43126702,0.35131755,3.4067802,-0.6381969,0.095992655,4.697887,0.20158774554729464,0.014697772264480546,0.09667215347290048,0.32985031604766846,0.4458468288183212,0.2233133316040039
1789688340.794695,5.0000,traffic cone,0.2063,233,155,153,98,4.4098,4.4122,1.6849897,-0.0976641,4.074039,1.6980404,-0.13930252,4.070013,0.3164637207984924,0.6970722407102585,0.5455347061157223,0.23832036852836613,0.665770323574543,0.12348341941833496
1789688340.843658,5.0000,traffic cone,0.1865,77,29,275,135,3.1788,3.1767,-0.6561472,0.06541462,3.1096287,-0.7621216,0.004809186,3.0838897,0.06657055616378782,0.18329475671052933,0.040916872024535866,0.16785280704498295,0.42684939205646516,0.0947781324386594
1789688340.911497,5.0000,traffic cone,0.8219,142,86,50,31,3.3785,3.3704,1.077985,0.07679853,3.200994,1.0413052,0.13997339,3.2024386,0.12816011905670166,0.38227802887558937,0.0742180347442627,0.07078737020492554,0.25472767651081085,0.05796158313751221
1789688340.960710,5.0000,traffic cone,0.7123,224,118,100,54,3.1688,3.1685,-0.7617828,0.06541693,3.0751395,-0.79429483,0.0654364,3.0665941,0.1612154215574264,0.3654031615704298,0.0867416620254513,0.12064499557018271,0.24348507598042488,0.04925088882446316
1789688341.010145,5.0000,traffic cone,0.6662,232,29,131,30,4.0208,4.0212,0.13142022,0.35239303,4.0032177,0.1382312,0.35241485,4.0033045,0.3431447342038154,0.0007870554924011564,0.008921194076537908,0.3554417178034782,0.0008839011192321999,0.00888206958770743
1789688341.061324,5.0000,traffic cone,0.5040,387,29,309,28,4.0135,4.0120,-0.517971,0.35235286,3.9643304,-0.5252665,0.35238042,3.9618132,0.29864401817321773,0.06531548500061035,0.1624462604522705,0.29119204729795456,0.06265051364898683,0.16401374340057373
1789688341.106316,5.0000,traffic cone,0.2083,237,153,155,101,4.4160,4.4119,1.6948397,-0.097772576,4.0766788,1.6977664,-0.0984926,4.071017,0.2775321483612061,0.6745652198791504,0.2975629806518558,0.25438618659973145,0.6651188135147095,0.11883211135864258
1789688341.150048,5.0000,traffic cone,0.1862,80,29,279,135,3.1795,3.1779,-0.65684325,0.065176666,3.110275,-0.76294464,0.0047146827,3.0849662,0.06632673740386963,0.18322376310825347,0.042220163345336736,0.16947610974311833,0.42697631418704984,0.09473040103912345
1789688341.217387,5.0000,traffic cone,0.8209,148,84,50,29,3.3787,3.3697,1.0783854,0.076868296,3.2010489,1.0420113,0.1400244,3.2014756,0.12600336074829088,0.38237674050033094,0.07220849990844735,0.07017292976379386,0.2549705505371094,0.05731739997863805
1789688341.247412,5.0000,traffic cone,0.7098,221,118,99,54,3.1689,3.1667,-0.7632829,0.06536527,3.0749335,-0.7958001,0.06546101,3.0643868,0.16111353337764744,0.3653858616948128,0.08364506959915152,0.12288570404052723,0.24357787668704986,0.05220080614089939
1789688341.281201,5.0000,traffic cone,0.6631,231,29,130,30,4.0206,4.0208,0.13170652,0.35236996,4.0029707,0.13850781,0.35237992,4.002906,0.3432313233613968,0.0009108543395996427,0.0079107284545894,0.35550714731216426,0.0009005546569824108,0.00788569450378418
1789688341.329386,5.0000,traffic cone,0.5074,386,19,306,115,3.4542,4.7420,-0.43126833,0.35142154,3.4091082,-0.6332372,0.09605554,4.6985183,0.20246323347091677,0.014927887916564908,0.10021615028381348,0.3149533987045288,0.4455592520534992,0.2155448436737064
1789688341.378249,5.0000,traffic cone,0.2088,235,156,154,99,4.4120,4.4153,1.685822,-0.097615674,4.0760117,1.6970271,-0.18010011,4.07213,0.33168312907218933,0.696860209107399,0.5445263385772705,0.2376457691192626,0.6648935079574585,0.11526675224304217
1789688341.422010,5.0000,traffic cone,0.1842,79,30,276,135,3.1784,3.1771,-0.6569487,0.06537925,3.1090531,-0.7643854,0.004685402,3.0838244,0.07121104001998901,0.1833165068179369,0.04036339521408072,0.1666773140430451,0.4269444137811661,0.09293239116668683
1789688341.493463,5.0000,traffic cone,0.8209,148,84,52,31,3.3787,3.3703,1.0761931,0.07670802,3.201756,1.0414832,0.14007291,3.202273,0.12326947450637826,0.3825191754847765,0.06928042173385629,0.07089823484420776,0.2547992691397667,0.058771491050720215
1789688341.528910,5.0000,traffic cone,0.7112,221,117,97,54,3.1686,3.1678,-0.7609231,0.065357074,3.0751662,-0.79370475,0.06540508,3.0660522,0.15946594476699827,0.36532023549079895,0.0839801788330079,0.12187714278697959,0.24363831728696822,0.04957435131073007
1789688341.571126,5.0000,traffic cone,0.6640,231,29,131,30,4.0206,4.0205,0.13206409,0.35230094,4.002909,0.13883024,0.3523494,4.0026155,0.34304262697696686,0.0008848905563354492,0.009614181518554865,0.35534217804670326,0.0008807331323623657,0.009859609603882102
1789688341.616783,5.0000,traffic cone,0.5070,384,125,307,28,4.7408,4.0159,-0.62061304,0.09484193,4.69902,-0.52669054,0.352365,3.9655466,0.33268718719482426,0.4454995676875114,0.2159137725830078,0.2956558853387833,0.06359635591506962,0.15290076732635471
1789688341.661024,5.0000,traffic cone,0.2083,234,156,151,96,4.4111,4.4128,1.6847491,-0.09759897,4.0755415,1.6972513,-0.13933247,4.0709963,0.33036649227142334,0.6971907168626785,0.5541591644287109,0.22613394260406494,0.6655351743102074,0.12032389640808105
1789688341.705828,5.0000,traffic cone,0.1864,83,33,277,134,3.1764,3.1772,-0.6632938,0.0654854,3.1056595,-0.76055264,0.004612915,3.0848184,0.0774778842926025,0.18325140327215195,0.04512753486633292,0.16779620647430415,0.4270208403468132,0.09205329418182373
1789688341.776404,5.0000,traffic cone,0.8212,144,83,49,29,3.3789,3.3693,1.0792711,0.07675859,3.2009788,1.0423632,0.14012137,3.2009788,0.12243161201477037,0.3823077067732811,0.07632579803466788,0.07177658081054705,0.25491387844085694,0.05892801284790039
1789688341.824819,5.0000,traffic cone,0.7136,223,118,100,54,3.1720,3.1681,-0.76322836,0.065424584,3.078151,-0.7948427,0.06548931,3.0660424,0.15835746228694914,0.36546545624732973,0.0831796884536744,0.1247184216976166,0.24349321275949476,0.050782394409179865
1789688341.876057,5.0000,traffic cone,0.6673,231,29,131,30,4.0213,4.0214,0.13296255,0.3525404,4.0035653,0.13980478,0.35254297,4.00344,0.34315809160470956,0.0010617494583129439,0.011456394195556108,0.3555193901062011,0.0010546207427978294,0.011381816864013405
1789688341.925241,5.0000,traffic cone,0.5042,391,125,315,116,4.7425,4.7440,-0.62244016,0.09455612,4.7005253,-0.63556004,0.09666316,4.700283,0.33538902997970577,0.44576781094074247,0.21699438095092827,0.3169841319322586,0.44587691128253937,0.21934545040130615
1789688341.966503,5.0000,traffic cone,0.2085,232,153,153,98,4.4102,4.4145,1.6847264,-0.09698565,4.0745807,1.6969855,-0.18010005,4.071328,0.33231766223907466,0.6970701575279237,0.5531746864318845,0.24192154407501198,0.6655995160341264,0.1283630132675171
1789688341.997347,5.0000,traffic cone,0.1857,81,33,276,133,3.1781,3.1783,-0.66117054,0.06551285,3.1078453,-0.7633615,0.004641205,3.085297,0.07640696763992316,0.1834597408771515,0.04473953247070295,0.1652379751205444,0.4267017126083374,0.09247627258300772
1789688342.050087,5.0000,traffic cone,0.8202,147,86,51,30,3.3789,3.3705,1.0791438,0.076860264,3.2009902,1.0422682,0.1401466,3.2022512,0.13129714131355286,0.3822195325046778,0.07171165943145752,0.07000848650932312,0.2548740066587925,0.05696246623992929
1789688342.091785,5.0000,traffic cone,0.7129,219,117,96,54,3.1686,3.1673,-0.76202583,0.06542772,3.0748978,-0.7932776,0.06557166,3.0655997,0.15916802883148196,0.36532612442970275,0.08265924453735352,0.1215785771608352,0.24354106672108175,0.04804048538208017
1789688342.129698,5.0000,traffic cone,0.6650,231,29,130,29,4.0191,4.0191,0.13474844,0.3523143,4.001399,0.13474844,0.3523143,4.001399,0.3430870860815048,0.0010723710060119296,0.010513401031493785,0.3430870860815048,0.0010723710060119296,0.010513401031493785
1789688342.171462,5.0000,traffic cone,0.5091,389,19,307,28,3.4546,4.0106,-0.42883027,0.3509624,3.409892,-0.52695465,0.35215357,3.9602265,0.20084424912929538,0.01473788619041444,0.09588584899902353,0.2937857657670975,0.06320295184850694,0.15628557205200178
1789688342.215521,5.0000,traffic cone,0.2086,234,153,155,99,4.4132,4.4119,1.6883032,-0.09771893,4.0763245,1.697539,-0.098549284,4.071109,0.3291612386703491,0.697087860107422,0.5408387184143062,0.2404222369194029,0.6654531121253968,0.12014522552490181
1789688342.260354,5.0000,traffic cone,0.1864,77,29,275,134,3.1789,3.1771,-0.6560248,0.06532408,3.109816,-0.7620013,0.0047114193,3.084406,0.06632760763168333,0.18327185362577436,0.03864107131957972,0.16703151464462285,0.4268486574292183,0.09314441680908203
1789688342.331467,5.0000,traffic cone,0.8195,146,84,51,29,3.3791,3.3705,1.0788431,0.07682112,3.2012777,1.0426447,0.14009213,3.2021158,0.12768218517303453,0.3822161126881838,0.07567200660705531,0.07179422378540035,0.25483018457889556,0.05944147109985387
1789688342.378574,5.0000,traffic cone,0.7187,222,118,100,54,3.1723,3.1679,-0.7624715,0.06553017,3.0786505,-0.7938357,0.06565543,3.0661206,0.1612490713596344,0.3653285656124353,0.08475236892700178,0.12229100465774534,0.24359453916549684,0.052572786808013916
1789688342.427588,5.0000,traffic cone,0.6636,232,29,137,30,4.0201,4.0202,0.1323533,0.35230055,4.0024586,0.13912731,0.35231277,4.002351,0.34299440979957574,0.0010203599929810014,0.012987041473388583,0.3552196621894836,0.00101321339607241,0.012915802001953303
1789688342.473010,5.0000,traffic cone,0.5059,388,30,309,28,4.0143,4.0143,-0.52539706,0.3522433,3.9641428,-0.52539706,0.3522433,3.9641428,0.312599754333496,0.06521103978157039,0.1605112314224244,0.2941250175237656,0.06298334896564484,0.15589866638183558
1789688342.517968,5.0000,traffic cone,0.2093,234,155,152,97,4.4100,4.4144,1.6852965,-0.097558185,4.074126,1.6961455,-0.18009987,4.071593,0.32290093898773176,0.6974037647247315,0.552452945709228,0.23661122322082506,0.6658882319927215,0.1203062057495119
1789688342.562443,5.0000,traffic cone,0.1870,78,29,275,134,3.1793,3.1787,-0.65646386,0.06554742,3.1100643,-0.7631757,0.0047209933,3.085758,0.06611763238906865,0.18329468220472336,0.04228277206420872,0.16789931654930113,0.4268346518278122,0.09388575553894052
1789688342.634906,5.0000,traffic cone,0.8173,146,84,50,29,3.3793,3.3709,1.0777972,0.07685581,3.2019389,1.0423287,0.14014113,3.2026825,0.1266639947891235,0.3822825815528631,0.07714735269546491,0.07124955654144283,0.254853692650795,0.059917783737182706
1789688342.678517,5.0000,traffic cone,0.7115,228,124,100,54,3.1712,3.1682,-0.7572706,0.06539807,3.0787702,-0.7943664,0.065541424,3.0663064,0.16749904453754427,0.3653229992836714,0.08551167249679548,0.12114880979061127,0.24367699585855007,0.05245870351791382
1789688342.708858,5.0000,traffic cone,0.6606,233,29,137,30,4.0207,4.0207,0.13081783,0.35247236,4.003088,0.13764608,0.35246623,4.0028543,0.3433358654379844,0.0010194301605224165,0.011084032058715554,0.3555332019925117,0.0010170698165893333,0.011549472808838335
1789688342.741534,5.0000,traffic cone,0.5067,390,125,310,28,4.7432,4.0120,-0.6227139,0.09456542,4.701222,-0.5263412,0.3522628,3.9617107,0.335554176568985,0.4454380139708519,0.21765441894531268,0.29359848797321314,0.06355377882719038,0.1519177436828616
1789688342.784394,5.0000,traffic cone,0.2087,234,156,153,99,4.4122,4.4121,1.6860315,-0.09767469,4.0761976,1.6985393,-0.098546214,4.070816,0.32021015882492065,0.6974186077713966,0.5450875759124756,0.2535200238227844,0.6652144491672516,0.12059631347656286
1789688342.827936,5.0000,traffic cone,0.1873,76,29,275,133,3.1784,3.1795,-0.65676296,0.06529012,3.109082,-0.76408374,0.0047240555,3.0863175,0.06491565704345703,0.18329128324985505,0.04301509857177743,0.16466721296310427,0.4268670856952667,0.09460835456848171
1789688342.898244,5.0000,traffic cone,0.8198,149,86,53,31,3.3785,3.3708,1.0787225,0.076829836,3.2007759,1.042339,0.13989255,3.2025037,0.12837857007980347,0.38225781731307507,0.07332336902618408,0.06979244947433472,0.25469808280467987,0.06304359436035156
1789688342.947157,5.0000,traffic cone,0.7065,219,117,100,54,3.1706,3.1685,-0.7607783,0.06536536,3.0772338,-0.79383826,0.06554235,3.0667374,0.16040856838226314,0.36530086398124695,0.08398056030273438,0.12096675634384146,0.24365933649241922,0.04899840354919416
1789688342.996557,5.0000,traffic cone,0.6619,231,29,137,29,4.0223,4.0223,0.13384238,0.35248536,4.004581,0.13384238,0.35248536,4.004581,0.34327882081270217,0.0013244867324829213,0.009893989562987926,0.34327882081270217,0.0013244867324829213,0.009893989562987926
1789688343.045264,5.0000,traffic cone,0.5033,387,125,307,28,4.7424,4.0135,-0.6219705,0.0948953,4.700429,-0.52652407,0.35237762,3.96319,0.3347407817840576,0.445809443295002,0.21580524444580096,0.29436617940664295,0.06377596557140353,0.15296099185943568
1789688343.093040,5.0000,traffic cone,0.2102,238,158,157,102,4.4118,4.4113,1.6863347,-0.096831016,4.075638,1.6977003,-0.09841453,4.0703316,0.3260728418827057,0.697031880915165,0.5517687797546387,0.25206211805343615,0.656906656920908,0.11494157314300502
1789688343.140226,5.0000,traffic cone,0.1894,80,30,275,133,3.1785,3.1787,-0.6571336,0.035133623,3.1096063,-0.7634679,0.0046105683,3.0856147,0.06770061254501336,0.1832988005131483,0.04399051666259801,0.16776547431945799,0.4268730729818344,0.09505348205566388
1789688343.210671,5.0000,traffic cone,0.8201,147,85,51,31,3.3784,3.3690,1.0774674,0.07669127,3.2010455,1.0406878,0.1398454,3.2011888,0.12565846443176265,0.3823204696178436,0.07617440223693839,0.06998223066329956,0.25490744411945343,0.058576226234436035
1789688343.259873,5.0000,traffic cone,0.7082,227,123,99,53,3.1701,3.1679,-0.75857466,0.06543946,3.07731,-0.7920006,0.06548147,3.0665956,0.16764767169952388,0.36536444500088694,0.08729419708251918,0.11994805335998526,0.24364728033542635,0.04841561317443821
1789688343.309948,5.0000,traffic cone,0.6602,231,29,138,30,4.0206,4.0208,0.13128404,0.3524339,4.002962,0.13812338,0.35241053,4.0029287,0.3432506948709487,0.000986373424530007,0.010105991363525302,0.35544093698263163,0.0009798288345336803,0.01073942184448251
1789688343.360175,5.0000,traffic cone,0.5061,389,123,310,29,4.7396,4.0117,-0.62371385,0.093813986,4.6974654,-0.5191368,0.35229012,3.9623575,0.334112149477005,0.4455668665468693,0.21292629241943306,0.2993159055709839,0.06520603299140926,0.16249170303344673
1789688343.399688,5.0000,traffic cone,0.2096,232,154,152,99,4.4107,4.4129,1.6853151,-0.09760042,4.0748987,1.697652,-0.18009982,4.0693064,0.32066735029220594,0.6968564599752426,0.5498697280883786,0.2404170870780944,0.6656926453113556,0.12066154479980451
1789688343.429264,5.0000,traffic cone,0.1884,79,30,276,134,3.1802,3.1783,-0.659034,0.03511467,3.1109614,-0.76200306,0.004666619,3.0856237,0.06877915859222417,0.18325197957456113,0.0391249775886533,0.1674198269844055,0.42672723829746245,0.09625955820083654
1789688343.495242,5.0000,traffic cone,0.8206,148,85,51,31,3.3815,3.3741,1.0772058,0.076841146,3.2044432,1.0419934,0.1398705,3.2061615,0.12163157463073726,0.38229867070913315,0.07492060661315936,0.07269847393035889,0.2550484761595726,0.058623313903808594
1789688343.530931,5.0000,traffic cone,0.7112,221,118,99,54,3.1700,3.1693,-0.7635277,0.065383404,3.0760179,-0.7946557,0.06546134,3.0673606,0.16087326705455773,0.36538199633359913,0.08336955308914185,0.12145381867885585,0.2436615727841854,0.04993414878845215
1789688343.574864,5.0000,traffic cone,0.6573,233,29,137,29,4.0202,4.0203,0.13180643,0.3524111,4.0025516,0.14540139,0.35240698,4.002155,0.3431979551911354,0.0010112047195434126,0.010271072387694868,0.3431963458657264,0.0010112047195434126,0.01053266525268537
1789688343.620704,5.0000,traffic cone,0.5096,385,29,305,28,4.0114,4.0116,-0.5189429,0.35235608,3.9620657,-0.5257911,0.35237616,3.9613898,0.3010735213756561,0.06607973575592041,0.15140857696533194,0.2944820910692215,0.06339320987462999,0.15061831474304244
1789688343.666081,5.0000,traffic cone,0.2073,236,156,156,98,4.4114,4.4152,1.686147,-0.09719056,4.0752487,1.6982541,-0.13930568,4.0731735,0.3309788107872009,0.6972130089998245,0.5515645742416382,0.24134652018547031,0.6654718607664108,0.12240388393402046
1789688343.710504,5.0000,traffic cone,0.1845,77,29,274,134,3.1792,3.1794,-0.65810436,0.065379694,3.1096475,-0.764464,0.004662946,3.0860744,0.06607247591018672,0.1834904208779335,0.03880643844604492,0.16721942126750955,0.4270112216472626,0.09341477155685407
1789688343.780817,5.0000,traffic cone,0.8192,148,84,51,30,3.3786,3.3724,1.0787408,0.0767857,3.2008793,1.0434974,0.14001994,3.203816,0.12680263519287105,0.38249340504407886,0.07130908966064453,0.07165992259979248,0.25490775927901266,0.05618823766708392
1789688343.816424,5.0000,traffic cone,0.7150,218,118,97,54,3.1716,3.1674,-0.7629365,0.06536393,3.077795,-0.7939627,0.06554914,3.0656013,0.15951836407184605,0.3653863206505775,0.08633098602294931,0.1227068990468978,0.24345146156847475,0.05121359825134242
1789688343.858943,5.0000,traffic cone,0.6572,232,29,129,30,4.0221,4.0218,0.13222623,0.35248,4.0044093,0.13906556,0.35244808,4.0039616,0.34310770779848093,0.0011214733123779408,0.012714624404907227,0.35535489022731775,0.0011341601610183605,0.014534807205200728
1789688343.904315,5.0000,traffic cone,0.5093,387,124,309,28,4.7412,4.0114,-0.6220573,0.093820184,4.6992826,-0.52535474,0.35217875,3.9612544,0.33583526611328124,0.44553271494805813,0.22023270130157435,0.2938922315835953,0.06398588716983794,0.15208976268768293
1789688343.947558,5.0000,traffic cone,0.2061,236,156,156,99,4.4125,4.4128,1.6872746,-0.09761645,4.076026,1.6978304,-0.09853424,4.0719285,0.3304903507232666,0.6971983313560486,0.5462628602981567,0.23913892507553092,0.6656456679105759,0.11969075202941948
1789688343.996023,5.0000,traffic cone,0.1859,81,30,271,132,3.1777,3.1786,-0.6577678,0.03507331,3.108664,-0.76500285,0.0046700537,3.0851412,0.06879377663135533,0.1832398559898138,0.039998281002044944,0.16865395307540898,0.42675947993993757,0.09360005855560294
1789688344.066685,5.0000,traffic cone,0.8186,147,85,53,30,3.3783,3.3700,1.0792445,0.07675624,3.2003047,1.0431728,0.13994806,3.2014098,0.12877457141876203,0.3824502497911453,0.07479372024536168,0.07093373537063608,0.25475959926843644,0.06294982433319074
1789688344.097575,5.0000,traffic cone,0.7135,220,116,99,53,3.1686,3.1696,-0.7609608,0.06537269,3.0751865,-0.79195285,0.06547487,3.0683987,0.15819615125656128,0.3651643544435501,0.08114129304885864,0.10959491729736326,0.243693807721138,0.05088839530944833
1789688344.128501,5.0000,traffic cone,0.6560,231,29,130,30,4.0202,4.0203,0.1316416,0.35234398,4.002555,0.13842869,0.3523574,4.0023894,0.34326426386833186,0.001114964485168457,0.010993289947509588,0.3553909972310066,0.001110762357711792,0.011133742332458674
1789688344.174335,5.0000,traffic cone,0.5093,390,29,314,28,4.0096,4.0099,-0.52018,0.3523594,3.9600601,-0.52695364,0.35236782,3.9594274,0.30212970972061154,0.06589819788932799,0.1573564529418947,0.29658650010824206,0.06383171975612639,0.15526769161224419
1789688344.204502,5.0000,traffic cone,0.2028,233,155,149,96,4.4106,4.4126,1.6860379,-0.09749876,4.074456,1.6966109,-0.13932872,4.0710526,0.3212716102600095,0.6972256243228911,0.5562191963195806,0.22177132964134216,0.6650387346744537,0.11415576934814453
1789688344.250615,5.0000,traffic cone,0.1895,79,29,272,131,3.1779,3.1795,-0.6580554,0.065446064,3.1083798,-0.76418245,0.0046048164,3.0863433,0.06637420654296877,0.18344084918498993,0.03973932266235325,0.16535037755966187,0.42676617205142975,0.09286797046661377
1789688344.296175,5.0000,truck,0.1540,2981,2303,89,21,4.4525,12.0180,1.6396549,-0.444229,4.115642,0.9493495,-2.8919425,11.626146,1.792737185955048,1.439377409219742,3.286621570587159,0.27278923988342285,0.5395345687866211,0.9982442855834961
1789688344.366176,5.0000,traffic cone,0.8195,146,85,52,30,3.3786,3.3704,1.0783962,0.076729044,3.2009647,1.0409213,0.13994135,3.2025702,0.12551298141479483,0.382269336283207,0.07349267005920401,0.06955449581146245,0.2546715959906578,0.06317481994628915
1789688344.412128,5.0000,traffic cone,0.7101,220,116,96,53,3.1689,3.1689,-0.76038164,0.065455616,3.075583,-0.79319215,0.06551805,3.067291,0.15829044580459595,0.36528304778039455,0.08304250240325928,0.12065088748931885,0.2437080204486847,0.048219966888428
1789688344.462877,5.0000,traffic cone,0.6603,231,29,131,30,4.0206,4.0204,0.13212572,0.35239398,4.002919,0.13894431,0.3524,4.0025616,0.34318875968456264,0.0009013295173644909,0.010368394851684393,0.3554977104067802,0.000919350981712308,0.010224366188049672
1789688344.511813,5.0000,traffic cone,0.5092,388,19,312,115,3.4540,4.7428,-0.43076262,0.35126674,3.408935,-0.6357018,0.095679566,4.6990767,0.20114426016807557,0.014907073974609386,0.09887497425079328,0.31154568195343013,0.4456362217664719,0.2205062866210934
1789688344.559987,5.0000,traffic cone,0.2031,237,157,154,99,4.4107,4.4129,1.6866124,-0.09752651,4.0743704,1.6973447,-0.09852534,4.072185,0.3302009105682373,0.6973326802253723,0.5500984668731692,0.23719110488891593,0.6654987275600434,0.11973323822021431
1789688344.607361,5.0000,traffic cone,0.1871,80,29,274,131,3.1785,3.1804,-0.65671074,0.06550209,3.1092417,-0.76199543,0.0046174824,3.087758,0.06705026626586919,0.1834184929728508,0.038452434539794744,0.16494959592819214,0.42676587402820587,0.09193968772888184
1789688344.656802,5.0000,truck,0.1529,2980,2304,90,22,4.4533,12.0162,1.6399598,-0.44416443,4.1164794,0.9445381,-2.873177,11.629374,1.7877026677131649,1.4387807220220565,3.2867437481880177,0.27478107810020447,0.557890772819519,0.997785758972169
1789688344.717648,5.0000,traffic cone,0.8194,146,86,50,31,3.3795,3.3701,1.0777105,0.0767743,3.2021666,1.0407523,0.13992625,3.202288,0.1258203387260437,0.38222748041152954,0.07292455434799194,0.07218724489212036,0.25502803921699524,0.058739662170410156
1789688344.757959,5.0000,traffic cone,0.7102,231,126,100,55,3.1699,3.1692,-0.7571988,0.065477684,3.0774488,-0.79455984,0.06547867,3.067236,0.17213371396064758,0.36541623808443546,0.08410143852233887,0.12244557142257695,0.2435766622424126,0.047020792961120605
1789688344.809148,5.0000,traffic cone,0.6630,232,29,131,29,4.0218,4.0218,0.1340926,0.35231274,4.0040727,0.1340926,0.35231274,4.0040727,0.34325782805681226,0.0011371374130249023,0.014118719100952415,0.34325782805681226,0.0011371374130249023,0.014118719100952415
1789688344.855195,5.0000,traffic cone,0.5135,388,123,311,115,4.7399,4.7414,-0.6240028,0.093705505,4.697663,-0.63699174,0.09570137,4.6974535,0.3316852629184723,0.4456092394888401,0.21355552673339773,0.31137413382530216,0.4456295721232891,0.21523818969726527
1789688344.895328,5.0000,traffic cone,0.2024,234,155,155,99,4.4130,4.4118,1.687949,-0.09776247,4.076276,1.698125,-0.09849751,4.0707064,0.32995854616165166,0.6972115963697434,0.539081954956055,0.242106783390045,0.6653324216604233,0.11909241676330584
1789688344.927122,5.0000,traffic cone,0.1916,79,29,275,133,3.1781,3.1785,-0.65618324,0.06556508,3.108898,-0.7653812,0.0046555847,3.0849338,0.06716620922088623,0.18327943682670592,0.04339323043823251,0.1698723077774048,0.4268078327178955,0.09569973945617649
1789688344.971780,5.0000,truck,0.1558,2979,2300,91,17,4.4519,11.8419,1.6407357,-0.44332063,4.1147127,0.9738126,-2.7822442,11.469131,1.785744732618331,1.4344020888209341,3.2792415142059324,0.26787829399108887,0.40635957717895543,0.5737518310546861
1789688345.042563,5.0000,traffic cone,0.8190,145,86,53,31,3.3787,3.3718,1.0797899,0.07676175,3.200539,1.042529,0.14028338,3.2035196,0.12663105130195618,0.3822727855294943,0.07518112659454346,0.07215535640716553,0.2548571601510048,0.059569358825683594
1789688345.088540,5.0000,traffic cone,0.7131,219,117,98,54,3.1695,3.1697,-0.762307,0.06541869,3.0757797,-0.79436064,0.06554185,3.0678205,0.15778989791870113,0.36535957604646685,0.08390030860900843,0.1212313026189803,0.243640610575676,0.05140571594238308
1789688345.138944,5.0000,traffic cone,0.6571,232,29,131,30,4.0209,4.0210,0.13279241,0.35241854,4.003199,0.13955311,0.35238603,4.0030737,0.3430524587631225,0.001018261909484841,0.012755107879638405,0.3554041609168052,0.0010158747434615978,0.013628840446472168
1789688345.187954,5.0000,traffic cone,0.5091,388,125,313,116,4.7429,4.7433,-0.6235029,0.09459132,4.7007413,-0.6369221,0.09667067,4.6993628,0.3354403257369995,0.44564730674028397,0.2175154685974121,0.3188367784023285,0.4457458946853876,0.21979248523712158
1789688345.235953,5.0000,traffic cone,0.2019,234,155,155,99,4.4115,4.4162,1.6841302,-0.09781659,4.0762324,1.6973076,-0.1801003,4.0730677,0.3231395721435546,0.6973113298416138,0.5518801212310795,0.2378105282783507,0.6653525233268738,0.12490582466125488
1789688345.283360,5.0000,traffic cone,0.1918,74,29,270,132,3.1815,3.1800,-0.6573802,0.06521273,3.1121364,-0.7624608,0.0046396255,3.0872252,0.06560664176940922,0.18331667333841323,0.04207444190979004,0.1663397222757339,0.4270050868391991,0.09467206001281747
1789688345.332791,5.0000,truck,0.1524,2986,2304,90,22,4.4538,12.0106,1.6400877,-0.44349247,4.1169662,0.9396696,-2.8719697,11.624291,1.7913334399461747,1.4387823984026906,3.2815314769744877,0.26859457492828365,0.5626262903213504,0.9907258987426761
1789688345.402984,5.0000,traffic cone,0.8186,146,84,49,29,3.3780,3.3685,1.0791345,0.07687071,3.2000446,1.0421087,0.14007902,3.200152,0.1282002449035644,0.3823541078716517,0.07326854467391941,0.07147715091705331,0.25509504973888397,0.05406594276428223
1789688345.452266,5.0000,traffic cone,0.7068,225,118,103,54,3.1702,3.1683,-0.7636058,0.065458395,3.0761333,-0.79407775,0.0656744,3.0664487,0.1591828465461731,0.36529242508113385,0.0849519491195676,0.1228964895009994,0.24367413967847823,0.0514012217521671
1789688345.502512,5.0000,traffic cone,0.6637,231,29,131,30,4.0212,4.0213,0.13188916,0.35243174,4.003554,0.13870765,0.3523959,4.0034127,0.3430811449885368,0.001360344886779774,0.014352178573608043,0.35542169362306586,0.001349592208862327,0.014741873741150435
1789688345.551668,5.0000,traffic cone,0.5135,390,125,315,117,4.7433,4.7446,-0.62486047,0.094552904,4.701037,-0.6344781,0.096117795,4.701037,0.33718649744987483,0.4458125740289688,0.21642751693725604,0.324776154756546,0.44592555910348897,0.21900606155395508
1789688345.597349,5.0000,traffic cone,0.2021,234,156,152,97,4.4116,4.4130,1.6845188,-0.09762992,4.0761952,1.6977788,-0.1801004,4.0693617,0.3244761824607849,0.6973093077540398,0.5526828765869141,0.24415919780731188,0.6653595507144928,0.11680288314819354
1789688345.628696,5.0000,traffic cone,0.1894,77,29,276,133,3.1790,3.1786,-0.6566668,0.06534575,3.109764,-0.76439273,0.0046497285,3.085325,0.06666486263275151,0.1832984209060669,0.04154615402221706,0.1646915078163147,0.42696627974510193,0.09437689781188974
1789688345.675487,5.0000,truck,0.1549,2971,2290,90,22,4.4536,12.0083,1.6390889,-0.44916356,4.1166205,0.9400415,-2.86397,11.623869,1.7935345649719239,1.427527575194835,3.2881569862365714,0.2765649616718293,0.5630324959754942,0.9769227981567372
1789688345.745903,5.0000,traffic cone,0.8186,150,86,50,30,3.3786,3.3705,1.0791333,0.076713815,3.200704,1.0404425,0.14009467,3.202804,0.12798434495925903,0.38226751051843166,0.07345503568649292,0.07136469483375563,0.2549356773495674,0.05970001220703125
1789688345.794821,5.0000,traffic cone,0.7041,222,118,99,54,3.1696,3.1682,-0.7619544,0.06539493,3.075933,-0.7948371,0.065596774,3.066125,0.1610122591257095,0.36542162857949734,0.08353612422943124,0.12124192714691151,0.2438533786684275,0.04625977277755711
1789688345.844675,5.0000,traffic cone,0.6621,231,29,130,30,4.0201,4.0200,0.1306112,0.35226429,4.002497,0.13741234,0.35228187,4.002162,0.3430877715349197,0.0010922193527221902,0.00947499275207564,0.3554118856787681,0.0010833859443664662,0.00942850112915039
1789688345.894581,5.0000,traffic cone,0.5135,389,19,309,116,3.4502,4.7441,-0.43164843,0.35120547,3.405037,-0.6362598,0.09645167,4.70028,0.20143406391143798,0.014670258760452248,0.09568421840667707,0.3174657076597214,0.4456659369170666,0.22134709358215332
1789688345.942887,5.0000,traffic cone,0.2004,232,153,152,98,4.4115,4.4137,1.6867985,-0.09774515,4.0750575,1.6974943,-0.13932356,4.071869,0.32116742134094234,0.6972217082977294,0.5404176235198976,0.24054890871047951,0.6660206854343413,0.12331187725067139
1789688345.991527,5.0000,traffic cone,0.1859,79,29,275,133,3.1794,3.1783,-0.6576663,0.06543608,3.109986,-0.76353407,0.0046749115,3.0851805,0.06561119556426998,0.1834624394774437,0.04129781723022452,0.1681333661079406,0.426991006731987,0.09175834655761728
1789688346.038761,5.0000,truck,0.1582,2975,2297,90,22,4.4547,12.0113,1.6408947,-0.44737077,4.1172047,0.9384091,-2.8668864,11.62636,1.7956288814544674,1.4263974010944365,3.283200502395629,0.2756897091865539,0.5656534790992738,0.9883395671844486
1789688346.108860,5.0000,traffic cone,0.8175,149,84,53,30,3.3779,3.3729,1.077454,0.07690787,3.200581,1.0427158,0.14008923,3.204619,0.12456369996070848,0.38235837556421753,0.07246136665344238,0.07344860434532174,0.2549688033759594,0.056508016586303444
1789688346.157935,5.0000,traffic cone,0.7095,220,118,98,54,3.1705,3.1678,-0.7619363,0.065432675,3.07693,-0.79417425,0.06551394,3.0659575,0.15944598317146297,0.36538972407579423,0.08090116977691642,0.12229231595993029,0.243767261877656,0.04808199405670166
1789688346.208066,5.0000,traffic cone,0.6587,232,29,139,30,4.0219,4.0220,0.13226211,0.35244623,4.0042305,0.1390951,0.35244495,4.004114,0.3432870313525199,0.0010496139526366965,0.009217453002929865,0.3553798913955688,0.0010453641414642223,0.010932922363280806
1789688346.256965,5.0000,traffic cone,0.5121,388,125,308,116,4.7415,4.7422,-0.621239,0.09485319,4.6996517,-0.63574135,0.096493006,4.6983814,0.33489436507225034,0.44554433077573774,0.2148180961608892,0.3157796263694763,0.4456365555524826,0.21716642379760742
1789688346.302047,5.0000,traffic cone,0.2100,238,157,158,99,4.4141,4.4144,1.6861026,-0.09751099,4.0782447,1.6994053,-0.09834664,4.0729647,0.31845889091491686,0.6972731947898865,0.5535659790039062,0.24429486989974958,0.6652596116065979,0.12097315788269025
1789688346.332524,5.0000,traffic cone,0.1835,77,30,273,133,3.1795,3.1789,-0.6562232,0.03522732,3.1108356,-0.7641626,0.004746467,3.0857062,0.06831007897853858,0.18314439058303833,0.04410852193832371,0.1671605110168457,0.42692584693431856,0.09528460502624503
1789688346.381708,5.0000,truck,0.1600,2977,2301,89,21,4.4541,12.0089,1.6401806,-0.44744682,4.1169047,0.93657804,-2.8517897,11.6276865,1.7881192564964294,1.4294359982013702,3.2786624431610107,0.2693174481391907,0.5674374103546143,0.9983692169189453
1789688346.452350,5.0000,traffic cone,0.8166,148,85,52,30,3.3788,3.3725,1.077465,0.076753125,3.2014265,1.0410516,0.13995948,3.20475,0.1260346651077271,0.38224279284477236,0.07709608078002939,0.07108129262924212,0.2549311242997646,0.058985543251037775
1789688346.498827,5.0000,traffic cone,0.7108,220,117,99,54,3.1711,3.1693,-0.7618375,0.06547761,3.0775008,-0.79544044,0.065825425,3.0671844,0.15963180065155025,0.36525886952877046,0.0836083412170412,0.12193730771541589,0.2435210641473532,0.04822375774383536
1789688346.548137,5.0000,traffic cone,0.6647,232,29,132,30,4.0206,4.0208,0.13372271,0.3523227,4.0028677,0.14049304,0.35229826,4.00284,0.3431590288877487,0.000838494300842263,0.010741043090820579,0.35532716959714883,0.0008342146873474565,0.01165573596954328
1789688346.598983,5.0000,traffic cone,0.5157,389,125,313,28,4.7454,4.0134,-0.6216765,0.09488614,4.703541,-0.52662504,0.3523768,3.9630961,0.33455431461334223,0.44566067010164256,0.2139922142028805,0.29322932362556453,0.06329504549503329,0.15949561595916695
1789688346.644525,5.0000,traffic cone,0.2114,234,154,151,96,4.4105,4.4119,1.684116,-0.097653046,4.0751657,1.6966163,-0.18010037,4.0686336,0.3189160764217376,0.6975039198994637,0.5550956964492793,0.23661741614341736,0.665768451988697,0.12011730670928955
1789688346.689155,5.0000,traffic cone,0.1871,76,29,272,132,3.1772,3.1798,-0.6583164,0.06545572,3.1075525,-0.76458925,0.0045884773,3.0865142,0.06732864379882808,0.18325021415948867,0.03711385726928684,0.16690496504306784,0.42687300518155097,0.09175593852996844
1789688346.735824,5.0000,truck,0.1646,2975,2297,89,16,4.4550,11.8510,1.6395516,-0.4471503,4.1181574,0.98606765,-2.8041644,11.472198,1.7993956089019774,1.4308947056531904,3.2954111099243164,0.2909753918647766,0.3933480978012085,0.6610136032104492
1789688346.807984,5.0000,traffic cone,0.8167,148,84,50,29,3.3787,3.3700,1.0783652,0.07672411,3.2010517,1.0425732,0.13992132,3.201582,0.12717833518981947,0.38245693407952785,0.0757092833518982,0.07234535217285165,0.25478585958480837,0.0626117229461669
1789688346.856799,5.0000,traffic cone,0.7159,221,118,98,54,3.1710,3.1681,-0.76216865,0.06539346,3.0773396,-0.79369885,0.06551532,3.0663428,0.16188169419765475,0.3653676681220531,0.08227388858795193,0.122795334458351,0.24364260062575338,0.05217789411544782
1789688346.900774,5.0000,traffic cone,0.6635,231,29,130,30,4.0200,4.0202,0.1309729,0.3522668,4.0023975,0.13776164,0.35225627,4.00239,0.3432362824678421,0.0008262038230896218,0.007934093475341797,0.35547368377447125,0.0008288741111755482,0.008414888381957475
1789688346.936817,5.0000,traffic cone,0.5176,389,19,308,116,3.4540,4.7439,-0.42965037,0.351377,3.409102,-0.63607466,0.096556515,4.700042,0.20340138673782343,0.014926940202713013,0.09926464557647696,0.3156365007162094,0.445454653352499,0.22172629833221436
1789688346.981559,5.0000,traffic cone,0.2135,232,153,154,99,4.4117,4.4158,1.6867504,-0.09749111,4.075354,1.698528,-0.18010013,4.072124,0.331978130340576,0.6973452150821686,0.5470260620117187,0.23741524219512922,0.6654613137245178,0.12062368392944389
1789688347.021319,5.0000,traffic cone,0.1850,78,29,271,132,3.1793,3.1792,-0.6564444,0.065161005,3.110093,-0.76376754,0.0046985745,3.0861347,0.06728023290634155,0.18329578638076782,0.04313416481018084,0.16818291544914243,0.42678959518671034,0.09585258960723886
1789688347.056037,5.0000,truck,0.1576,2978,2300,90,22,4.4547,12.0164,1.6397035,-0.4464833,4.117859,0.9438629,-2.8705938,11.630228,1.799664461612701,1.4297854155302048,3.291544055938721,0.27264677286148065,0.5595840811729431,0.9916531562805186
1789688347.109125,5.0000,traffic cone,0.8188,147,84,51,30,3.3805,3.3714,1.0787201,0.0768823,3.2028453,1.0420523,0.1402532,3.2032785,0.12187755703926095,0.3822984840720892,0.07341344356536883,0.07092177867889404,0.254909610748291,0.05735137462615958
1789688347.150214,5.0000,traffic cone,0.7160,222,117,98,54,3.1696,3.1670,-0.7628613,0.065372944,3.0757766,-0.79200685,0.06551594,3.0657148,0.15639282464981075,0.36537711024284364,0.08526058197021502,0.11937732100486753,0.24357738606631757,0.05122001171112078
1789688347.185653,5.0000,traffic cone,0.6664,232,29,131,30,4.0207,4.0209,0.13194083,0.35240838,4.0030165,0.13874444,0.3523889,4.003001,0.34322310388088223,0.0009761571884155384,0.009702110290527255,0.3554460078477859,0.000970831513404824,0.010197997093201128
1789688347.230245,5.0000,traffic cone,0.5126,390,124,311,28,4.7435,4.0127,-0.6251251,0.094305664,4.7011795,-0.5255979,0.35237756,3.9624636,0.3352529227733613,0.44562914557754996,0.2154577016830448,0.292396704852581,0.06276069581508636,0.15725047588348406
1789688347.276146,5.0000,traffic cone,0.2086,233,154,152,98,4.4134,4.4141,1.6870377,-0.09763405,4.0770836,1.6983607,-0.13931772,4.0719,0.33324156999588017,0.6973664119839669,0.546482729911804,0.23697054386138916,0.6656831547617912,0.11807086467742955
1789688347.321259,5.0000,traffic cone,0.1882,75,29,273,131,3.1824,3.1796,-0.6568653,0.06540145,3.1131396,-0.76397234,0.004691273,3.086475,0.0662966728210449,0.1831807717680931,0.042868518829345614,0.16585034132003784,0.4267301708459854,0.09291267395019531
1789688347.369656,5.0000,truck,0.1530,2980,2300,89,21,4.4551,12.0099,1.6408097,-0.44781193,4.117704,0.9495863,-2.8911352,11.618013,1.7928509294986723,1.4272293314337725,3.28047182559967,0.276080846786499,0.5395729541778564,0.9899787902832031
1789688347.437862,5.0000,traffic cone,0.8194,146,84,52,30,3.3809,3.3727,1.0799363,0.0768861,3.202829,1.0419556,0.14019509,3.204646,0.12257648706436175,0.3822920106351375,0.07398083209991446,0.06937998533248901,0.25482620447874066,0.06036287546157837
1789688347.486696,5.0000,traffic cone,0.7115,221,118,99,54,3.1719,3.1686,-0.76294947,0.06545421,3.0780413,-0.7951042,0.06562621,3.0665102,0.1601418912410736,0.3652953453361988,0.08622659444808933,0.12237793505191796,0.24350152127444744,0.05028306245803815
1789688347.534800,5.0000,traffic cone,0.6661,232,29,138,30,4.0199,4.0201,0.13142313,0.35223883,4.0023046,0.13822794,0.35223335,4.0022974,0.3430481165647506,0.0008342623710632102,0.010173368453979759,0.35539815276861186,0.000825512409210194,0.011202049255370827
1789688347.584840,5.0000,traffic cone,0.5119,388,19,308,118,3.4546,4.7440,-0.4308114,0.35128218,3.4095461,-0.6362715,0.09528524,4.7002215,0.20183486938476558,0.014884001016616799,0.09851911067962638,0.3261529624462127,0.44549384601414205,0.2247077941894533
1789688347.633818,5.0000,traffic cone,0.2061,236,154,157,99,4.4122,4.4142,1.6853484,-0.097660705,4.0764685,1.6952573,-0.18010016,4.0716677,0.33199995160102835,0.6970939248800277,0.552512216567993,0.25638365745544434,0.6655527055263519,0.12076106071472203
1789688347.682512,5.0000,traffic cone,0.1852,78,29,275,133,3.1804,3.1791,-0.6571348,0.065513656,3.111033,-0.76488715,0.004676461,3.085718,0.06651879549026496,0.18334253430366515,0.03664155006408709,0.16707918643951414,0.4268907576799393,0.09307432174682617
1789688347.733113,5.0000,truck,0.1573,2970,2289,88,20,4.4539,12.0546,1.6379613,-0.44924283,4.1173644,0.9395352,-2.8679838,11.670654,1.7940642118453978,1.4266343683004379,3.278197717666626,0.27100463509559636,0.5485775113105773,0.9967599868774428
1789688347.784871,5.0000,traffic cone,0.8201,148,84,53,31,3.3801,3.3731,1.0774463,0.07683964,3.202853,1.0416659,0.14003555,3.2051249,0.123955887556076,0.38246583826839925,0.07573926448822021,0.07055085897445679,0.2547473907470703,0.058686017990112305
1789688347.814657,5.0000,traffic cone,0.7106,220,117,97,54,3.1710,3.1671,-0.76111746,0.06543203,3.0776448,-0.7947755,0.065541275,3.0650532,0.1578330278396607,0.36553155779838564,0.08110828399658221,0.123723804950714,0.24344981014728545,0.05064015388488796
1789688347.849097,5.0000,traffic cone,0.6677,231,29,138,30,4.0220,4.0221,0.1334841,0.3524791,4.0043206,0.14027971,0.35244012,4.004185,0.34321368783712386,0.0012071847915649525,0.01239280700683576,0.3554128050804138,0.0012545049190521573,0.013259387016296031
1789688347.893140,5.0000,traffic cone,0.5126,389,126,309,116,4.7438,4.7433,-0.6223374,0.09415057,4.7018747,-0.6353415,0.096639305,4.699611,0.34476587176322937,0.4455553628504276,0.22182512283325195,0.3165350407361984,0.4456582833081484,0.21992230415344238
1789688347.938023,5.0000,traffic cone,0.2103,232,155,151,98,4.4121,4.4127,1.6876043,-0.09775714,4.075401,1.6962566,-0.13935535,4.0712547,0.3335881233215332,0.6969751060009002,0.5489092826843263,0.24296851158142085,0.6655809417366982,0.1243646383285526
1789688347.983357,5.0000,traffic cone,0.1880,79,29,274,132,3.1788,3.1801,-0.6580056,0.06533897,3.1092396,-0.7635777,0.004595503,3.087051,0.06604745388031008,0.1832696959376335,0.04055919647216788,0.16497701108455654,0.42693057656288147,0.09211270809173566
1789688348.029578,5.0000,truck,0.1524,2975,2299,89,21,4.4545,12.0080,1.6408558,-0.4480279,4.116997,0.9382172,-2.8484695,11.627423,1.7881505131721496,1.4268255442380906,3.2756865978240963,0.27332115173339844,0.5682194232940674,0.9843358993530273
1789688348.099835,5.0000,traffic cone,0.8218,146,85,50,30,3.3803,3.3719,1.07933,0.076842815,3.2024262,1.0421689,0.14004353,3.2037807,0.12735781669616686,0.38248696774244306,0.07230873107910174,0.07203114628791818,0.25501115545630454,0.05746825933456412
1789688348.148023,5.0000,traffic cone,0.7105,220,118,98,54,3.1699,3.1706,-0.76207566,0.06551092,3.0762062,-0.79455173,0.06564579,3.0686798,0.1606821358203887,0.3654663596302271,0.08364450931549072,0.12233364582061756,0.24352017752826216,0.048570001125335605
1789688348.199661,5.0000,traffic cone,0.6687,233,29,139,30,4.0209,4.0211,0.13197944,0.35244074,4.0032744,0.13876745,0.35243893,4.0032206,0.3430991470813751,0.0010290980339050515,0.011056137084961115,0.35540187060832973,0.0010169267654419056,0.012059640884399592
1789688348.246030,5.0000,traffic cone,0.5090,388,125,307,28,4.7406,4.0113,-0.62015116,0.094620496,4.698869,-0.52559835,0.35232517,3.961084,0.33470555543899533,0.4454917728900909,0.21597394943237358,0.2943987503647804,0.06345006227493288,0.15590283870697075
1789688348.290829,5.0000,traffic cone,0.2101,235,156,162,101,4.4119,4.4130,1.6852087,-0.097313836,4.076234,1.696763,-0.09834235,4.072605,0.33191388845443726,0.697160579264164,0.555945873260498,0.2577517032623291,0.6654751300811768,0.1272749900817871
1789688348.336350,5.0000,traffic cone,0.1897,78,29,274,133,3.1801,3.1793,-0.65656954,0.065470874,3.1108549,-0.763538,0.0046703964,3.0862513,0.06632050275802603,0.1834315478801727,0.04011940956115723,0.16760489940643308,0.4271163910627365,0.09269452095031738
1789688348.382915,5.0000,truck,0.1561,2967,2287,88,17,4.4549,11.8652,1.6404035,-0.44935971,4.117425,0.9712564,-2.8218102,11.483741,1.7969278693199153,1.4281182646751402,3.2851337432861323,0.2784307837486266,0.4162718772888181,0.777240371704103
1789688348.448711,5.0000,traffic cone,0.8196,149,84,52,29,3.3796,3.3722,1.0788014,0.076819435,3.2019193,1.0432681,0.14027382,3.2037356,0.12670603394508362,0.3824195146560669,0.0723659276962283,0.07182617187499996,0.2548942446708679,0.059345674514770685
1789688348.481299,5.0000,traffic cone,0.7117,228,124,99,54,3.1720,3.1699,-0.7575122,0.06557041,3.0795197,-0.7941499,0.065722324,3.0681257,0.16783874332904813,0.3653429299592972,0.0870211124420166,0.12302904129028314,0.24355425536632538,0.05078781843185398
1789688348.521519,5.0000,traffic cone,0.6692,231,29,137,30,4.0196,4.0197,0.13166106,0.35234088,4.0019474,0.13846025,0.3523341,4.001855,0.3433159157633781,0.0009024262428283802,0.008210897445679155,0.355401362478733,0.0008900076150894498,0.010426259040832608
1789688348.553874,5.0000,traffic cone,0.5042,387,19,305,114,3.4530,4.7421,-0.43052247,0.35125107,3.4079866,-0.63730466,0.09642312,4.6981244,0.20213136970996853,0.015191578865051292,0.09758927822113028,0.30666731595993035,0.44565825946629045,0.21607198715209996
1789688348.601877,5.0000,traffic cone,0.2085,233,155,161,100,4.4121,4.4120,1.6868341,-0.097706035,4.0757923,1.6921065,-0.13929853,4.0722537,0.32354940176010105,0.6972681105136871,0.5459940433502197,0.23795445561409,0.6652838796377182,0.14327154159545863
1789688348.649752,5.0000,traffic cone,0.1887,77,29,275,133,3.1799,3.1790,-0.65723515,0.06566867,3.1105707,-0.7644509,0.0046635717,3.0857396,0.06610212326049814,0.18334225118160247,0.04396204948425275,0.16623685359954832,0.42676992416381837,0.09602217674255398
1789688348.700553,5.0000,truck,0.1532,2972,2295,89,22,4.4548,12.0690,1.6381382,-0.44919848,4.118206,0.9229503,-2.8689566,11.68671,1.798261559009552,1.4325853228569025,3.302950072288507,0.2667375326156616,0.55993959903717,1.1781365394592278
1789688348.771291,5.0000,traffic cone,0.8198,148,84,51,30,3.3806,3.3722,1.0794764,0.07685867,3.2026887,1.0429177,0.14008528,3.2038407,0.12545141577720642,0.38257874362170696,0.07458759546279925,0.07140100002288818,0.2550703451037407,0.05774343013763428
1789688348.808937,5.0000,traffic cone,0.7135,228,125,99,54,3.1702,3.1678,-0.7572191,0.0655071,3.0777297,-0.79422086,0.065586574,3.065894,0.16956248283386233,0.36552716195583346,0.08712677955627468,0.12119984924793237,0.24373126104474066,0.049214649200439275
1789688348.857059,5.0000,traffic cone,0.6698,231,29,130,30,4.0213,4.0212,0.1323579,0.35249263,4.0036416,0.13916875,0.3524865,4.003305,0.34331395179033275,0.000996232032775879,0.008580112457275302,0.35557889640331264,0.0009828656911849976,0.01000192165374747
1789688348.902453,5.0000,traffic cone,0.5052,386,124,308,28,4.7424,4.0116,-0.6228254,0.09423667,4.7004204,-0.5235819,0.3523673,3.9616423,0.33255180418491365,0.4456597238779068,0.21566219329834002,0.2930441662669182,0.06335847675800321,0.15498473644256627
1789688348.948545,5.0000,traffic cone,0.2097,234,155,152,97,4.4128,4.4139,1.6867805,-0.09760454,4.0765676,1.6978388,-0.098464884,4.073139,0.3224365472793578,0.6969683110713959,0.5484623908996582,0.23098361492156982,0.6654121994972229,0.11939477920532227
1789688348.993456,5.0000,traffic cone,0.1930,77,29,272,132,3.1786,3.1779,-0.6575141,0.06540868,3.1091154,-0.7650404,0.0046690777,3.084446,0.06808393001556401,0.18344000726938248,0.03755741119384748,0.1676603049039841,0.4270108535885811,0.09496337175369263
1789688349.047371,5.0000,truck,0.1553,2968,2289,91,24,4.4549,12.0724,1.6407334,-0.44906813,4.1173034,0.9288138,-2.8685808,11.689791,1.7880388021469118,1.4282459944486618,3.284721708297729,0.2653821349143981,0.5636408448219301,1.1415660381317139
1789688349.114231,5.0000,traffic cone,0.8199,147,85,50,30,3.3805,3.3728,1.0779665,0.076930106,3.2030792,1.0415981,0.1402138,3.2048602,0.12751348018646236,0.38237273395061494,0.07133722305297852,0.07171804308891305,0.2547048106789589,0.05716787576675442
1789688349.147254,5.0000,traffic cone,0.7148,227,124,98,53,3.1706,3.1691,-0.75729394,0.06546617,3.0780976,-0.7946997,0.065721154,3.0671034,0.16745096445083618,0.3653375316411257,0.08829815387725848,0.1142643809318542,0.24356190711259842,0.05245637893676758
1789688349.191499,5.0000,traffic cone,0.6716,231,29,132,30,4.0202,4.0202,0.13241097,0.3523621,4.0025063,0.13922517,0.35235706,4.0023255,0.3431218937039375,0.0011793613433838113,0.01272015571594265,0.35551092922687527,0.0011756092309951893,0.012586736679076616
1789688349.238343,5.0000,traffic cone,0.5060,389,124,312,117,4.7424,4.7443,-0.6229079,0.09416634,4.7003307,-0.641196,0.0957959,4.6998277,0.3358547210693359,0.44567636847496034,0.21892900466918874,0.3256389737129211,0.4457825258374214,0.23105611801147408
1789688349.278777,5.0000,traffic cone,0.2140,237,156,155,101,4.4147,4.4156,1.6870904,-0.09764356,4.0784836,1.6996565,-0.09850961,4.074142,0.33101773262023926,0.6971014589071274,0.541124701499939,0.24361062049865723,0.6654768288135529,0.11676502227783203
1789688349.311470,5.0000,traffic cone,0.1885,77,29,267,133,3.1804,3.1786,-0.6558288,0.06544155,3.1113968,-0.76495206,0.0047619045,3.085144,0.06639639139175413,0.1831393525004387,0.04317469596862811,0.16650092601776123,0.42695493102073667,0.09460411071777308
1789688349.356950,5.0000,truck,0.1578,2981,2299,89,21,4.4537,12.0237,1.6399847,-0.44587877,4.116735,0.95087284,-2.8909736,11.632213,1.801670479774475,1.4277164578437804,3.2839998483657826,0.2761157155036926,0.5345215797424316,0.9924459457397461
1789688349.412331,5.0000,traffic cone,0.8188,151,84,52,30,3.3803,3.3725,1.0781686,0.07679553,3.2028108,1.0405078,0.14009298,3.2048972,0.12419695854187007,0.38251708187162875,0.07278515100479144,0.07026299834251404,0.2549734510481358,0.0545348286628724
1789688349.453590,5.0000,traffic cone,0.7169,228,124,97,54,3.1709,3.1687,-0.7585707,0.06551145,3.0780962,-0.7957448,0.06554947,3.0664997,0.16987078189849858,0.3655376810580492,0.08237699270248422,0.12254796326160422,0.24371660128235817,0.04874861240386963
1789688349.503486,5.0000,traffic cone,0.6725,232,29,132,30,4.0208,4.0207,0.13221931,0.35243857,4.0031095,0.13898039,0.3524285,4.0028324,0.3433759465813636,0.0009151101112365723,0.01012287139892587,0.3555698722600936,0.0009620845317840354,0.010566020011901767
1789688349.555051,5.0000,traffic cone,0.5052,391,124,309,28,4.7387,4.0131,-0.6211506,0.09419739,4.6969113,-0.5233513,0.35221043,3.963226,0.33494565188884734,0.44558754451572896,0.21776654720306432,0.2920753985643387,0.06339700818061833,0.15427176952362087
1789688349.604967,5.0000,traffic cone,0.2089,233,153,152,96,4.4122,4.4142,1.6844404,-0.09772925,4.076804,1.6981803,-0.18010016,4.0704393,0.3273407936096193,0.6969270944595337,0.5475586891174311,0.23562639951705933,0.6653802394866943,0.11963784694671631
1789688349.649410,5.0000,traffic cone,0.1915,79,31,273,133,3.1814,3.1786,-0.65595585,0.00506939,3.1130097,-0.76401526,0.004662201,3.0853777,0.06610444188117981,0.21404341608285904,0.051753997802734375,0.1681078910827637,0.4270195096731186,0.09223508834838867
1789688349.696351,5.0000,truck,0.1531,2969,2294,90,22,4.4554,12.0134,1.6400852,-0.44917607,4.118074,0.9428866,-2.868156,11.62784,1.792596611380577,1.427170568704605,3.287630665302277,0.2669378459453583,0.5603059411048887,0.9833501338958737
1789688349.753274,5.0000,traffic cone,0.8185,147,85,50,29,3.3801,3.3732,1.0809304,0.076844454,3.2016883,1.0409462,0.14021549,3.2054915,0.1288224458694458,0.3823737442493439,0.07156219482421866,0.07259302139282231,0.254746150970459,0.058981227874756126
1789688349.793905,5.0000,traffic cone,0.7211,229,124,99,54,3.1711,3.1685,-0.75757456,0.065489806,3.078537,-0.79305744,0.065622814,3.0669334,0.16973009705543518,0.36550895385444165,0.08380296230316153,0.11913359165191639,0.2435970764607191,0.04780449867248526
1789688349.842602,5.0000,traffic cone,0.6737,231,29,131,30,4.0203,4.0202,0.13233584,0.35235533,4.002604,0.13916048,0.35232407,4.0022993,0.3433029279112816,0.0012333631515503152,0.011783981323241655,0.3554249390959739,0.0012291193008422407,0.01346678733825657
1789688349.888749,5.0000,traffic cone,0.5024,387,125,307,28,4.7430,4.0116,-0.62254757,0.09535089,4.701008,-0.5256356,0.35221723,3.9613857,0.33548119068145754,0.4457516267895698,0.21673688888549858,0.29303778558969495,0.06329854130744933,0.15439202785491934
1789688349.934087,5.0000,traffic cone,0.2099,234,156,163,101,4.4123,4.4124,1.685031,-0.09667906,4.0767784,1.6988263,-0.09849457,4.0711017,0.321537584066391,0.6971723139286041,0.5543798208236694,0.24142241477966309,0.6654655933380127,0.1250910758972168
1789688349.979065,5.0000,traffic cone,0.1903,76,29,268,132,3.1790,3.1788,-0.65732765,0.06547938,3.109589,-0.763181,0.004811488,3.085813,0.06685830354690547,0.18331395387649535,0.04178009033203134,0.16657065749168387,0.42693605870008466,0.09497883319854727
1789688350.022293,5.0000,truck,0.1538,2975,2296,91,22,4.4562,12.0096,1.6405001,-0.44770423,4.1189766,0.9391283,-2.83299,11.632836,1.7920925915241241,1.4288431853055954,3.294297695159912,0.26709577441215526,0.562243711948395,0.9634290218353279
1789688350.083205,5.0000,traffic cone,0.8187,145,85,50,30,3.3799,3.3718,1.0787331,0.07688749,3.2022529,1.0419838,0.1400676,3.2036934,0.12565610408782946,0.38220532387495043,0.07638630867004403,0.07095414400100708,0.25494720563292506,0.060572266578674316
1789688350.115479,5.0000,traffic cone,0.7224,221,117,100,54,3.1696,3.1683,-0.7610965,0.06547542,3.0761638,-0.79210687,0.065728575,3.0669498,0.1589064478874207,0.3653646558523178,0.0843421936035158,0.12037245035171495,0.2437328316271305,0.04914031028747523
1789688350.147524,5.0000,traffic cone,0.6758,232,29,132,30,4.0207,4.0208,0.13246278,0.35241058,4.003019,0.13932443,0.35241747,4.0029182,0.34308193027973166,0.000917637348175071,0.01206517219543457,0.35531207770109174,0.0009079098701477162,0.011967301368713379
1789688350.179311,5.0000,traffic cone,0.4956,388,19,307,28,3.4543,4.0098,-0.43269444,0.35138974,3.4090202,-0.5245447,0.35214183,3.9597046,0.20174848735332485,0.014670789241790771,0.0959024429321289,0.2927505105733872,0.06368127614259722,0.15473721027374276
1789688350.223149,5.0000,traffic cone,0.2134,233,152,161,99,4.4124,4.4140,1.6844839,-0.09787503,4.0770144,1.6963171,-0.18010028,4.0710583,0.3264083206653594,0.6972309261560441,0.5460606575012203,0.23970409631729117,0.6653292804956437,0.12764191627502441
1789688350.267459,5.0000,traffic cone,0.1857,77,29,271,131,3.1815,3.1805,-0.6568719,0.06535365,3.1122994,-0.76361585,0.0047395974,3.0875127,0.06781241893768308,0.1834709793329239,0.039812850952148704,0.16700631380081177,0.4269087463617325,0.09538865089416504
1789688350.314372,5.0000,truck,0.1560,2973,2300,90,21,4.4548,12.0031,1.6402223,-0.4494575,4.1174383,0.95053834,-2.8500733,11.620963,1.8029795348644255,1.431729532778263,3.2959203958511343,0.28040462732315063,0.5633819103240967,0.9715280532836914
1789688350.384489,5.0000,traffic cone,0.8192,148,85,52,30,3.3810,3.3731,1.0774782,0.07690436,3.203744,1.0413876,0.14018759,3.2052035,0.12473495006561275,0.382273343205452,0.07615890502929679,0.07183111906051631,0.2547151029109955,0.061614990234375
1789688350.433756,5.0000,traffic cone,0.7213,223,120,100,55,3.1687,3.1699,-0.7641198,0.065578714,3.0744972,-0.79878783,0.065722525,3.0669217,0.1644228994846344,0.3654166005551815,0.0855065345764161,0.1184979856014251,0.24359479025006295,0.05096368789672878
1789688350.485066,5.0000,traffic cone,0.6726,236,30,130,30,4.0221,4.0221,0.13750188,0.35251126,4.004269,0.13750188,0.35251126,4.004269,0.3551907628774642,0.0010731905698775912,0.013881969451904563,0.3551907628774642,0.0010731905698775912,0.013881969451904563
1789688350.536835,5.0000,traffic cone,0.4982,393,124,311,115,4.7445,4.7453,-0.62687343,0.093158275,4.701955,-0.641194,0.09491956,4.700779,0.34462667703628536,0.44552262648940083,0.22058484554290825,0.32225124239921565,0.44561333432793615,0.2199276447296139
1789688350.582129,5.0000,traffic cone,0.2090,231,150,160,99,4.4142,4.4127,1.688662,-0.09787519,4.0772524,1.6894217,-0.18009979,4.0725603,0.30940263867378226,0.6896278828382489,0.43066449165344256,0.22744456529617318,0.6655658870935439,0.13302631378173846
1789688350.626833,5.0000,traffic cone,0.1862,80,30,275,134,3.1800,3.1796,-0.6553938,0.03524039,3.111522,-0.76481444,0.0047531053,3.0862875,0.06674644947052,0.18342161476612093,0.04913783073425293,0.1713970631361008,0.426985040307045,0.09293553829193124
1789688350.673173,5.0000,truck,0.1519,2982,2304,89,21,4.4542,12.0062,1.6393485,-0.44621807,4.1174917,0.94069725,-2.8489654,11.625281,1.8000150740146637,1.4286304488778114,3.2746472835540765,0.272621750831604,0.5694515705108643,0.9997377395629883
1789688350.744933,5.0000,traffic cone,0.8197,150,85,52,31,3.3815,3.3741,1.0788783,0.07682614,3.2038083,1.0415889,0.140004,3.2062454,0.1275554180145264,0.38231679052114487,0.07110557556152353,0.07053631544113159,0.25495168566703796,0.05605971813201904
1789688350.791454,5.0000,traffic cone,0.7239,218,116,99,54,3.1709,3.1694,-0.7605423,0.06550259,3.0776198,-0.79138356,0.06558926,3.068343,0.15846244990825653,0.36554891243577003,0.08223873376846313,0.12057603299617758,0.24377375952899455,0.047713708877563654
1789688350.828742,5.0000,traffic cone,0.6777,232,29,130,30,4.0195,4.0193,0.13026933,0.352157,4.0018854,0.13706551,0.35220432,4.0015297,0.3431678086519241,0.000897526741027832,0.00963592529296875,0.35529377460479733,0.0008916258811950684,0.009599924087524414
1789688350.880328,5.0000,traffic cone,0.4973,384,124,304,28,4.7413,4.0138,-0.6219037,0.09450142,4.699387,-0.5270909,0.3523157,3.963388,0.33291603028774264,0.44560553692281246,0.21730763912200945,0.29467524886131286,0.06344646513462066,0.15691976547241238
1789688350.929670,5.0000,traffic cone,0.2095,232,150,154,100,4.4171,4.4109,1.6967664,-0.09774346,4.0770483,1.6970336,-0.09847434,4.0702085,0.2771278142929079,0.6712809681892394,0.28699655532836843,0.2412075817584991,0.6660268098115921,0.12096583843231201
1789688350.975956,5.0000,traffic cone,0.1890,78,30,269,130,3.1797,3.1786,-0.65609103,0.035128616,3.1110985,-0.7631602,0.004807323,3.0856428,0.06743558645248404,0.18340336605906485,0.047365009784698486,0.16761844754219057,0.42698097676038743,0.09091746807098389
1789688351.023446,5.0000,truck,0.1612,2978,2301,90,18,4.4548,11.8915,1.6416644,-0.44754905,4.1170077,0.9741496,-2.8336115,11.507841,1.7990052103996277,1.4280511885881424,3.28537917137146,0.26360736489295955,0.44380139112472516,0.7818676948547356
1789688351.092323,5.0000,traffic cone,0.8202,147,84,50,30,3.3809,3.3717,1.0789096,0.07684891,3.2031834,1.0414695,0.14011733,3.2037988,0.12354942560195914,0.3824436627328396,0.07347396612167323,0.07079986929893489,0.25484790429472925,0.05931030511856061
1789688351.127094,5.0000,traffic cone,0.7225,226,124,99,54,3.1725,3.1682,-0.75760317,0.06554163,3.0800438,-0.79102063,0.065657325,3.0671952,0.16738938689231864,0.36566148735582826,0.08453494310379028,0.121585202217102,0.24349205419421197,0.050635385513305486
1789688351.172112,5.0000,traffic cone,0.6807,232,29,131,30,4.0211,4.0211,0.13183609,0.3523661,4.003413,0.13866879,0.35237283,4.003274,0.34309288710355756,0.0010310173034668302,0.010393953323364347,0.35555195510387416,0.0010135650634765514,0.010245609283447088
1789688351.217003,5.0000,traffic cone,0.4967,388,30,307,28,4.0144,4.0144,-0.5248604,0.35223678,3.9643295,-0.5248604,0.35224053,3.9643295,0.31201010495424264,0.06541098058223721,0.15557394027709925,0.2925276905298233,0.06320288479328157,0.15443518161773673
1789688351.265203,5.0000,traffic cone,0.2188,234,154,154,98,4.4132,4.4146,1.6874323,-0.09737177,4.076742,1.6986685,-0.13929497,4.072317,0.3262774467468261,0.697274711728096,0.5454478025436398,0.24341727495193455,0.6657488942146301,0.12008702754974365
1789688351.312707,5.0000,traffic cone,0.1911,79,31,265,132,3.1809,3.1786,-0.65461004,0.0048119277,3.1128213,-0.76438224,0.0048373714,3.085362,0.06482622027397156,0.21405037865042686,0.048069119453430176,0.1672286361455917,0.42718017995357516,0.09368941783905038
1789688351.367219,5.0000,truck,0.1563,2978,2301,89,16,4.4555,11.8535,1.6400884,-0.4472353,4.1184883,0.9895427,-2.8028786,11.474718,1.7944746017456055,1.42827607691288,3.279907464981079,0.2982485294342041,0.38822054862976074,0.665449857711792
1789688351.425330,5.0000,traffic cone,0.8195,145,83,53,30,3.3805,3.3739,1.077171,0.07692227,3.2034087,1.0413651,0.14007145,3.2061546,0.12013020515441886,0.3822734251618385,0.0746125221252445,0.07122326493263254,0.25501359179615973,0.056167209148406894
1789688351.474863,5.0000,traffic cone,0.7182,219,118,99,55,3.1716,3.1693,-0.76277167,0.06551125,3.0778503,-0.7915604,0.06567001,3.0681045,0.16139551401138308,0.3655020609498024,0.08403100967407218,0.12086582779884336,0.24373045787215233,0.0477339267730712
1789688351.517734,5.0000,traffic cone,0.6799,231,29,131,30,4.0204,4.0206,0.13018177,0.35239175,4.002772,0.1370405,0.35238972,4.0027666,0.3431155294179916,0.0010987758636474831,0.0117470264434818,0.35536413937807076,0.0010861277580261341,0.01229159832000759
1789688351.549897,5.0000,traffic cone,0.4994,389,124,309,28,4.7433,4.0112,-0.6235784,0.0939212,4.7012386,-0.5225115,0.35230047,3.96138,0.33302638530731193,0.44561133831739425,0.21302433013916033,0.2915996551513672,0.06311023980379105,0.15506119728088397
1789688351.596884,5.0000,traffic cone,0.2172,235,154,166,100,4.4109,4.4111,1.6854799,-0.0973552,4.0749626,1.6922371,-0.13932785,4.0712137,0.3167915940284729,0.6971374526619911,0.5505092620849608,0.242822277545929,0.6649911001324653,0.12803409099578822
1789688351.641658,5.0000,traffic cone,0.1926,78,29,270,132,3.1817,3.1792,-0.65829384,0.065241516,3.1121733,-0.7639468,0.004695818,3.0860765,0.06748816967010496,0.18335979729890822,0.03787941932678196,0.16866466999053953,0.4269112542271614,0.09330865144729605
1789688351.688407,5.0000,truck,0.1600,2981,2298,90,22,4.4552,12.0666,1.6405866,-0.44762796,4.117855,0.9388218,-2.8722672,11.682115,1.789612391591072,1.4270386561751365,3.2900829315185556,0.26911372542381296,0.5688761949539187,1.0165643692016602
1789688351.759914,5.0000,traffic cone,0.8179,146,86,50,30,3.3815,3.3717,1.0797403,0.07698077,3.2036052,1.0409664,0.13993268,3.2039185,0.12675070762634277,0.3822953160852194,0.07420092821121216,0.07226127982139574,0.2550789102911949,0.05540456771850577
1789688351.806904,5.0000,traffic cone,0.7229,220,116,100,53,3.1700,3.1677,-0.7604114,0.065382935,3.0767362,-0.7928298,0.065557644,3.066211,0.15602906048297882,0.3654881492257118,0.0852096676826477,0.12151671648025508,0.24376529008150102,0.04772872924804661
1789688351.856628,5.0000,traffic cone,0.6798,231,29,129,30,4.0211,4.0209,0.13137515,0.352327,4.00352,0.13817245,0.35232383,4.003075,0.34290855377912516,0.0010971188545226829,0.012271595001220437,0.3552038446068763,0.0010963410139084306,0.012909412384033647
1789688351.903347,5.0000,traffic cone,0.4982,387,19,306,28,3.4505,4.0139,-0.43198735,0.35125393,3.4053218,-0.52818656,0.352371,3.963334,0.201410561800003,0.014746272563934348,0.09478509426116943,0.2933160662651062,0.06329028308391571,0.1605239391326907
1789688351.948544,5.0000,traffic cone,0.2159,233,156,160,100,4.4116,4.4140,1.6844769,-0.09763953,4.076164,1.6957843,-0.13931988,4.07286,0.3157549202442169,0.6971918120980263,0.5542244911193848,0.25457430481910714,0.6654201164841652,0.12209076881408709
1789688351.993554,5.0000,traffic cone,0.1910,77,30,272,131,3.1794,3.1776,-0.6556865,0.035147533,3.1108527,-0.763805,0.004639998,3.0844653,0.06896167397499087,0.18333729989826678,0.04252980947494489,0.1666157841682434,0.42698250710964203,0.09396088123321533
1789688352.040493,5.0000,truck,0.1577,2972,2291,91,22,4.4559,12.0049,1.6402174,-0.44897926,4.118595,0.94014364,-2.8353846,11.627329,1.788670539855957,1.4274421632289886,3.281235456466675,0.2761396527290343,0.56532541513443,0.95291314125061
1789688352.109812,5.0000,traffic cone,0.8179,145,84,50,30,3.3793,3.3707,1.0776479,0.07677078,3.2019067,1.0416794,0.14011854,3.202641,0.12118673920631395,0.38251191191375256,0.07205226421356192,0.07089713811874376,0.25478358641266824,0.06043374538421631
1789688352.159823,5.0000,traffic cone,0.7181,224,118,101,54,3.1701,3.1703,-0.76301557,0.06547023,3.0762525,-0.7949151,0.06570017,3.0683699,0.1601927757263183,0.36539574414491655,0.08421528339385986,0.12196956872940057,0.24360969699919224,0.045412766933440984
1789688352.208485,5.0000,traffic cone,0.6786,231,29,129,30,4.0206,4.0207,0.13237306,0.3524055,4.0029154,0.13919286,0.35237178,4.0028334,0.3432167053222656,0.0009916543960570845,0.00879945755004874,0.35555277019739145,0.0010008066892623901,0.00941045284271258
1789688352.240657,5.0000,traffic cone,0.4958,390,29,310,28,4.0141,4.0147,-0.5189462,0.35221213,3.9647846,-0.52591676,0.35221514,3.9644475,0.30043776035308833,0.06583049893379211,0.15233821868896502,0.29325235784053805,0.06357048451900482,0.1535721302032469
1789688352.290449,5.0000,traffic cone,0.2124,231,154,160,100,4.4117,4.4113,1.6858132,-0.09782745,4.0757265,1.6958861,-0.098530486,4.071143,0.3250527203083038,0.696963869035244,0.5447278499603274,0.2386829197406768,0.665531624853611,0.12837090492248482
1789688352.331733,5.0000,traffic cone,0.1953,80,31,276,133,3.1800,3.1785,-0.65590656,0.004846573,3.1115823,-0.7650415,0.0046619624,3.0850263,0.06679219007492065,0.21416419744491577,0.04948782920837402,0.16727337837219236,0.42712988555431364,0.09205598831176776
1789688352.378136,5.0000,truck,0.1533,2963,2289,91,22,4.4554,11.9970,1.6408887,-0.44904125,4.1178007,0.9400369,-2.8343225,11.61943,1.7913105249404908,1.4290612936019897,3.279813814163208,0.2677084922790528,0.559941017627716,0.9540948390960704
1789688352.430952,5.0000,traffic cone,0.8170,148,85,50,30,3.3802,3.3710,1.0783074,0.076826096,3.2026694,1.0408359,0.13999653,3.2032614,0.1270591259002687,0.3824095517396927,0.07343282699584952,0.07278795242309566,0.2548792272806168,0.060539591312408714
1789688352.461069,5.0000,traffic cone,0.7198,222,118,101,54,3.1712,3.1701,-0.76226616,0.06556389,3.0775437,-0.79430735,0.06569478,3.0682578,0.16082663536071773,0.3655094776302576,0.08653448820114118,0.12051959037780757,0.24371784068644048,0.04713150262832633
1789688352.495173,5.0000,traffic cone,0.6794,231,29,128,30,4.0214,4.0215,0.13235721,0.35243264,4.0037823,0.13913094,0.35245872,4.0035915,0.34322223067283625,0.0013769865036010742,0.014685726165771573,0.3554589077830314,0.0013696104288101196,0.014555382728576483
1789688352.539234,5.0000,traffic cone,0.5002,389,19,307,116,3.4554,4.7436,-0.43253398,0.35134223,3.4101968,-0.6383262,0.09649649,4.6994705,0.20258706808090204,0.015178996324539173,0.09856238365173331,0.3184811919927597,0.4456875380128622,0.21911728382110596
1789688352.584748,5.0000,traffic cone,0.2104,234,156,163,101,4.4137,4.4117,1.68727,-0.09766252,4.077254,1.6964722,-0.09861655,4.071234,0.3336305022239685,0.6969025433063507,0.5450279712677002,0.2544732093811035,0.6659088134765625,0.12324047088623047
1789688352.629122,5.0000,traffic cone,0.1995,79,30,55,17,3.1793,3.1808,-0.6558186,0.03514403,3.1106873,-0.64125925,0.0655036,3.114762,0.06674260795116427,0.18340512029826642,0.04677965641021764,0.04195699691772459,0.1834339529275894,0.03939976692199698
1789688352.676062,5.0000,truck,0.1507,2974,2296,91,16,4.4563,11.8472,1.6408111,-0.44879305,4.118881,0.9863248,-2.7706466,11.476325,1.7991755306720734,1.427014298737049,3.282183587551117,0.26946157217025757,0.4107227921485901,0.498898983001709
1789688352.745559,5.0000,traffic cone,0.8176,146,83,52,30,3.3829,3.3748,1.0805312,0.0768998,3.204803,1.0409925,0.14021921,3.2071369,0.12036966085433964,0.3823818787932396,0.07219071388244602,0.0704849779605865,0.25487404838204386,0.054734301567077814
1789688352.795355,5.0000,traffic cone,0.7195,229,124,100,54,3.1717,3.1672,-0.75770575,0.065539524,3.079191,-0.7951336,0.06568479,3.0650802,0.16779018342494956,0.3655245166271925,0.08354976177215567,0.12245613634586328,0.24371613413095475,0.050341820716858
1789688352.845960,5.0000,traffic cone,0.6774,236,30,130,30,4.0205,4.0205,0.13882573,0.35238796,4.002594,0.13882573,0.35238796,4.002594,0.35544795840978616,0.0009677857160568237,0.011141467094421209,0.35544795840978616,0.0009677857160568237,0.011141467094421209
1789688352.895704,5.0000,traffic cone,0.4981,389,19,307,28,3.4508,4.0119,-0.43237853,0.3511246,3.405542,-0.5266699,0.35231888,3.961524,0.20206290483474731,0.014740461111068748,0.09455742835998526,0.2938839435577393,0.06314818114042281,0.15698132514953622
1789688352.945139,5.0000,traffic cone,0.2085,234,152,166,103,4.4144,4.4151,1.6879331,-0.09737487,4.077754,1.6949465,-0.0984803,4.0756106,0.32755987048149104,0.6964924335479736,0.5411967515945437,0.25784963369369507,0.6487498611211763,0.13280935287475604
1789688352.987344,5.0000,traffic cone,0.2025,77,30,268,132,3.1799,3.1799,-0.6560903,0.03521806,3.1113012,-0.7637348,0.0047509,3.0868654,0.06587141454219814,0.18336856737732887,0.04467906951904288,0.16661104559898365,0.42702078968286517,0.09189434051513645
1789688353.035693,5.0000,traffic cone,0.8170,146,84,53,30,3.3819,3.3736,1.077785,0.07681008,3.204661,1.042435,0.14017124,3.2054622,0.12301143407821646,0.3824826180934906,0.07337007522583017,0.0707390427589416,0.2551754333078861,0.056255471706390114
1789688353.075694,5.0000,traffic cone,0.7239,229,124,100,54,3.1712,3.1690,-0.7570872,0.06543704,3.078854,-0.7950157,0.06567765,3.066955,0.16875773370265956,0.3655348628759384,0.08813266754150417,0.12110613882541654,0.2435551505535841,0.05213619470596331
1789688353.121606,5.0000,traffic cone,0.6754,239,30,131,30,4.0199,4.0199,0.13910633,0.3523294,4.0020466,0.13910633,0.3523294,4.0020466,0.3552967473864555,0.0010208100080490445,0.010045385360717418,0.3552967473864555,0.0010208100080490445,0.010045385360717418
1789688353.166799,5.0000,traffic cone,0.5005,392,126,312,28,4.7437,4.0140,-0.62398624,0.09414522,4.7015643,-0.52701604,0.35231078,3.9636374,0.34626150131225586,0.4456330295652151,0.21726775169372559,0.292304952442646,0.0633865535259247,0.1578407764434817
1789688353.211235,5.0000,traffic cone,0.2122,237,157,165,102,4.4138,4.4134,1.6853209,-0.0975561,4.0781817,1.6977365,-0.09837629,4.0725803,0.32980823516845703,0.6972515761852265,0.547113800048828,0.2549123883247375,0.6572870150208454,0.12180180549621511
1789688353.255334,5.0000,traffic cone,0.1975,80,30,268,132,3.1813,3.1799,-0.65577364,0.035211906,3.1127462,-0.7636954,0.004729025,3.0867848,0.06693291366100318,0.18327065669000148,0.04954761266708374,0.1667616486549378,0.4268544018268585,0.09182566404342651
1789688353.326085,5.0000,traffic cone,0.8168,144,85,51,31,3.3799,3.3708,1.0787024,0.07678722,3.2021751,1.0408667,0.13997166,3.2030227,0.1261084318161012,0.3823420882225037,0.07342472076416051,0.07091552019119263,0.2549785301089287,0.05765104293823242
1789688353.375929,5.0000,traffic cone,0.7256,226,123,100,54,3.1735,3.1684,-0.75731355,0.06549539,3.081155,-0.79212976,0.06585372,3.0670846,0.1679658174514771,0.36543862968683244,0.08666541576385489,0.12038514614105222,0.24360548853874206,0.0514234781265257
1789688353.426419,5.0000,traffic cone,0.6739,236,30,132,30,4.0195,4.0195,0.13948756,0.35223797,4.001646,0.13948756,0.35223797,4.001646,0.3553239181637764,0.0009156972169875877,0.009989047050475985,0.3553239181637764,0.0009156972169875877,0.009989047050475985
1789688353.475128,5.0000,traffic cone,0.5013,391,19,313,28,3.4501,4.0144,-0.4307449,0.35134566,3.4050372,-0.52755773,0.3523885,3.963961,0.2016162455081939,0.015058583021163918,0.09895136356353751,0.2941852807998657,0.06291103065013887,0.15952973365783674
1789688353.522748,5.0000,traffic cone,0.2118,238,157,169,107,4.4156,4.4146,1.6905843,-0.09696701,4.077977,1.69846,-0.09825308,4.073607,0.3213767290115357,0.6969077110290527,0.544067573547363,0.2537563800811766,0.6169263496994953,0.1363953590393061
1789688353.570021,5.0000,traffic cone,0.2028,80,31,265,131,3.1781,3.1805,-0.6558245,0.0048161,3.1097121,-0.76284355,0.00475125,3.087621,0.06643632054328918,0.21411055326461792,0.05040168762207031,0.16545924544334412,0.4270874857902527,0.09457814693450928
1789688353.625868,5.0000,traffic cone,0.8176,151,85,52,31,3.3811,3.3732,1.0779318,0.07685156,3.2037563,1.0434142,0.14021362,3.2047408,0.12304425239562988,0.38245694935321806,0.07602782249450657,0.07252919673919678,0.25492048263549805,0.059671640396118164
1789688353.672241,5.0000,traffic cone,0.7238,229,124,101,54,3.1717,3.1703,-0.75801086,0.06564496,3.0791292,-0.7939205,0.06572012,3.0685983,0.16835723519325263,0.3654148869216442,0.08604685068130502,0.12266352176666251,0.2436744377017021,0.04962227344512948
1789688353.719766,5.0000,traffic cone,0.6764,236,30,132,30,4.0211,4.0211,0.13961445,0.35234708,4.0031557,0.13961445,0.35234708,4.0031557,0.35534399151802054,0.0011913478374481201,0.01252262592315656,0.35534399151802054,0.0011913478374481201,0.01252262592315656
1789688353.751199,5.0000,traffic cone,0.4937,390,125,310,116,4.7416,4.7424,-0.6196635,0.09446664,4.6999536,-0.63559806,0.09642327,4.698644,0.33314787745475766,0.44541836977005006,0.21048650741577202,0.3176085203886032,0.4454473461955786,0.21217823028564453
