timestamp,class,confidence,bbox_raw_points,bbox_filtered_points,mask_raw_points,mask_filtered_points,bbox_distance_m,mask_distance_m,bbox_centroid_x,bbox_centroid_y,bbox_centroid_z,mask_centroid_x,mask_centroid_y,mask_centroid_z,bbox_extent_x,bbox_extent_y,bbox_extent_z,mask_extent_x,mask_extent_y,mask_extent_z
1789687747.087101,traffic cone,0.8399,133,65,54,7,5.4228,4.6240,3.4434955,0.13372518,4.186998,2.8943973,0.24304892,3.5978632,0.365163230895996,0.30199964046478267,0.36541481018066424,0.1750033617019655,0.016238002479076363,0.10286474227905273
1789687747.135699,traffic cone,0.8165,218,81,107,55,3.8475,3.8474,1.0345013,0.18266852,3.7013004,1.0345013,0.18059464,3.7013004,0.17221957445144653,0.43577902019023895,0.11109042167663574,0.14536748528480525,0.36292382404208184,0.08536386489868164
1789687747.191962,traffic cone,0.6388,132,95,68,55,4.7230,4.7234,2.2865853,0.080582336,4.131825,2.290276,0.16929652,4.1274843,0.2189698457717899,0.44570864737033844,0.2107669353485102,0.12458209991455105,0.44581413641572,0.16833386421203578
1789687747.236565,traffic cone,0.3931,154,56,132,51,5.4566,5.4867,3.7195468,0.13052581,3.99023,3.763385,0.13046138,3.990453,0.5142149329185486,0.340095940977335,0.40308117866516113,0.4996001720428467,0.34006813168525696,0.40923047065734863
1789687747.295181,traffic cone,0.2870,272,129,238,123,3.1854,3.1868,1.1942478,0.062302858,2.952365,1.1973712,0.062164903,2.9526796,0.14340372085571285,0.45762126147747006,0.09550414085388192,0.14142539501190177,0.42192010283470155,0.09619894027709952
1789687747.339891,cardboard box,0.1882,89,72,58,44,8.0964,8.1097,-4.149313,-0.031784244,6.9522796,-4.1490154,-0.032952875,6.9678593,0.3647971630096434,0.45463346838951113,0.6616297006607059,0.23467886447906494,0.296140530705452,0.27671442031860316
1789687747.400638,traffic cone,0.8435,131,65,52,6,5.4245,4.6410,3.442622,0.13361791,4.18997,2.9083605,0.24450989,3.6083868,0.36511583328247044,0.30174313783645634,0.3648739814758306,0.14053881168365479,0.012711845338344574,0.07789969444274902
1789687747.433641,traffic cone,0.8165,219,82,110,55,3.8477,3.8469,1.0311013,0.1825192,3.702436,1.0314429,0.18076825,3.7016306,0.18104028701782227,0.3655937060713768,0.12000741958618155,0.14581896662712102,0.3123677372932434,0.08838915824890137
1789687747.497730,traffic cone,0.6424,133,96,69,55,4.7258,4.7252,2.285379,0.08081356,4.135632,2.290126,0.17017394,4.1296644,0.2130504846572876,0.44570712000131607,0.21089935302734375,0.1245402812957761,0.4459657482802868,0.1742026329040529
1789687747.549945,traffic cone,0.3848,154,59,132,54,5.4928,5.5059,3.7689698,0.12938368,3.993639,3.785923,0.12918554,3.9956043,0.5092400074005123,0.3400599449872971,0.39929299354553205,0.4952286243438717,0.33999212011694907,0.40296118259429914
1789687747.611144,traffic cone,0.2876,269,129,235,123,3.1851,3.1872,1.1952294,0.062237784,2.951675,1.1998712,0.0024416298,2.952764,0.14469776153564462,0.45765898823738066,0.09342937469482449,0.14283163547515865,0.4219614893198013,0.09395952224731419
1789687747.668059,cardboard box,0.1764,86,66,58,45,8.0941,8.1182,-4.1535664,-0.032104775,6.947087,-4.1535482,-0.032933652,6.9751515,0.3415287733078003,0.4550020396709442,0.6128954887390137,0.24445676803588867,0.29608431458473206,0.29010810852050817
1789687747.720981,traffic cone,0.8433,131,65,50,6,5.4229,4.6412,3.4445767,0.13353676,4.186302,2.9079533,0.24453409,3.6090178,0.3602827548980714,0.30203323662281034,0.36661872863769585,0.14282357692718506,0.013052336871623993,0.08106261491775513
1789687747.754018,traffic cone,0.8221,219,81,108,55,3.8485,3.8497,1.0312834,0.1828267,3.7032187,1.0337795,0.18050706,3.7039325,0.18094944953918457,0.36587071418762207,0.13392066955566406,0.14356763362884528,0.3628289230167866,0.08462440967559814
1789687747.794806,traffic cone,0.6378,134,96,69,55,4.7272,4.7218,2.2854698,0.08077572,4.137186,2.2902026,0.17011446,4.1257544,0.2137410044670105,0.4454885870218277,0.22100496292114258,0.13676843643188485,0.4456779971718788,0.17020025253295845
1789687747.850253,traffic cone,0.3882,160,64,138,55,5.4415,5.4927,3.6963918,0.16692641,3.9898875,3.7699757,0.13000178,3.9925234,0.7384099960327144,0.33967315405607224,0.6163164019584655,0.5103888511657719,0.3396427005529404,0.38921756744384783
1789687747.908477,traffic cone,0.2855,269,128,234,124,3.1845,3.1870,1.1940951,0.062256016,2.9514942,1.1992406,0.032302193,2.9526093,0.14323810935020442,0.4605700433254237,0.0970462918281556,0.1457600653171538,0.42203746885061266,0.09746595621109
1789687747.970902,cardboard box,0.1791,87,70,58,44,8.1030,8.1088,-4.143633,-0.031738825,6.9633565,-4.1489115,-0.03297046,6.966947,0.32332332134246844,0.4555046983063221,0.6805518627166753,0.23971731662750262,0.2962816834449768,0.27157659530639666
1789687748.049916,traffic cone,0.8447,134,66,52,6,5.4258,4.6383,3.4466124,0.13378446,4.1883497,2.90393,0.24429567,3.6085544,0.3612251281738281,0.3017427735030651,0.3729567527770996,0.14440667629241943,0.013309240341186523,0.08359301090240479
1789687748.084890,traffic cone,0.8193,217,80,107,54,3.8478,3.8478,1.0327832,0.18264227,3.7020757,1.0331829,0.18069111,3.7020757,0.1829606860876084,0.36891317293047904,0.12302336692810067,0.14061567485332482,0.316334443539381,0.08584482669830296
1789687748.144453,traffic cone,0.6383,133,95,82,9,4.7243,3.3846,2.2857056,0.08122411,4.1337323,1.7913365,0.13762036,2.8683753,0.212127685546875,0.44524443745613096,0.2051416397094732,0.054650163650512784,0.08185154795646662,0.08822698593139622
1789687748.194963,traffic cone,0.3814,154,60,133,54,5.4887,5.5029,3.761812,0.13045126,3.9946911,3.776641,0.12969948,4.0002365,0.5345230460166928,0.3396544821560383,0.3978424310684199,0.5063418269157407,0.33966245502233505,0.3956962823867798
1789687748.258819,traffic cone,0.2865,271,129,234,122,3.1840,3.1857,1.192506,0.06207338,2.9515648,1.1973901,0.032236032,2.951947,0.1440441608428955,0.457399773597717,0.09323434829711941,0.1405385851860046,0.4218624636530876,0.09427843093872079
1789687748.309695,cardboard box,0.1789,87,66,59,46,8.0774,8.1105,-4.1614447,-0.032347426,6.9228125,-4.153959,-0.032847323,6.9658775,0.35890626907348633,0.451710045337677,0.5940564870834351,0.28105628490448,0.29608867317438126,0.2825247049331665
1789687748.376719,traffic cone,0.8434,132,66,51,6,5.4240,4.6462,3.4452791,0.13366963,4.1871557,2.9107904,0.24496505,3.6130476,0.36539918184280396,0.30140960216522217,0.3750741481781006,0.14506149291992188,0.01339072734117508,0.08421796560287476
1789687748.409140,traffic cone,0.8182,218,81,107,54,3.8475,3.8469,1.0320997,0.182619,3.7019417,1.0327222,0.18086064,3.7013192,0.1809200644493103,0.3659933805465698,0.13105154037475586,0.14476799666881546,0.3159915350377559,0.08114227056503287
1789687748.445411,traffic cone,0.6424,133,95,68,54,4.7253,4.7242,2.2850435,0.08112687,4.1352806,2.2897515,0.16986836,4.1287336,0.20652117729187003,0.4455444663763046,0.21650457382202148,0.12538937330245936,0.44566479325294495,0.17364945411682076
1789687748.505756,traffic cone,0.3725,159,63,136,55,5.4533,5.4938,3.7152793,0.13038835,3.9897702,3.7686353,0.12913206,3.9953077,0.5293254375457765,0.3397821307182312,0.39855122566223145,0.505738067626953,0.3397918879985809,0.38849916458129874
1789687748.558765,traffic cone,0.2815,267,129,229,123,3.1834,3.1857,1.1955546,0.062188014,2.949686,1.1987026,0.06190987,2.9509673,0.14414386749267583,0.4574963331222531,0.09386782646179181,0.14398083686828622,0.4218948006629944,0.09396488666534442
1789687748.618069,cardboard box,0.1844,84,66,58,46,8.0879,8.1168,-4.1572986,-0.032094605,6.9375677,-4.1533923,-0.032964826,6.973522,0.34104084968566895,0.4544384181499481,0.6054787635803223,0.2549954652786255,0.2961066886782646,0.2856302261352539
1789687748.698112,traffic cone,0.8409,132,65,54,6,5.4300,4.6427,3.4466367,0.1336843,4.1938024,2.909105,0.24465884,3.6099496,0.36395273208618173,0.30165318846702577,0.36957740783691406,0.14801138639450073,0.013822264969348907,0.08816462755203247
1789687748.750879,traffic cone,0.8191,217,81,107,56,3.8472,3.8476,1.0316675,0.18285781,3.7017941,1.0331438,0.18060233,3.7018535,0.18184930086135864,0.36556288599967957,0.12900304794311523,0.1439169943332672,0.363392673432827,0.08887982368469238
1789687748.804531,traffic cone,0.6369,133,97,68,54,4.7250,4.7238,2.285286,0.08110353,4.1347713,2.2895098,0.1698998,4.1283712,0.2151322364807129,0.44546745121479037,0.22027873992919922,0.12696031332016,0.4458167523145676,0.16694519519805961
1789687748.860824,traffic cone,0.3594,155,58,132,53,5.4905,5.4986,3.7643967,0.12971966,3.9947762,3.7695043,0.12953961,4.001095,0.5074029326438905,0.33964734673500063,0.3851157188415528,0.4975236415863038,0.33956947922706604,0.39056453704833993
1789687748.925008,traffic cone,0.2808,269,129,232,122,3.1840,3.1853,1.1945806,0.06212251,2.9507217,1.197768,0.032222874,2.9513931,0.14484088420867924,0.4572347462177273,0.09202060699462855,0.13989270925521846,0.4218538194894791,0.09396333694458026
1789687748.990265,cardboard box,0.1934,87,66,57,44,8.0828,8.1133,-4.1535654,-0.032107852,6.933814,-4.1501727,-0.032890074,6.971413,0.33445167541503906,0.45439670979976654,0.6215177774429321,0.2472861766815191,0.2961827427148819,0.29034283161163366
1789687749.045759,traffic cone,0.8450,133,65,53,7,5.4227,4.6296,3.445924,0.13375029,4.18493,2.8971956,0.24353963,3.6027594,0.36677050590515137,0.30126801729202274,0.3706541061401367,0.16993701457977295,0.015482491254806524,0.0958835601806638
1789687749.077691,traffic cone,0.8171,217,80,102,53,3.8479,3.8473,1.0328151,0.18250144,3.7022376,1.0319331,0.18081096,3.7019217,0.17271395027637493,0.3674545407295227,0.11054067611694363,0.1408809900283814,0.320199778676033,0.08858418464660645
1789687749.121881,traffic cone,0.6399,134,96,69,56,4.7271,4.7244,2.28642,0.08094342,4.136522,2.289164,0.17029676,4.1292644,0.21549713611602783,0.4453954119235277,0.21526455879211426,0.13857567310333252,0.4456971175968647,0.17603206634521484
1789687749.169241,traffic cone,0.3565,157,67,135,54,5.3870,5.4998,3.6223,0.20390269,3.9821622,3.7765915,0.12928738,3.9960744,0.7639048337936405,0.3399217754602432,0.7200917959213258,0.5051926255226133,0.34006831571459767,0.4184054613113406
1789687749.221319,traffic cone,0.2768,268,129,228,122,3.1854,3.1874,1.1953485,0.0621731,2.9519475,1.1986508,0.06204757,2.9527755,0.14350214004516615,0.4575188577175137,0.09803113937377894,0.13938168287277208,0.4218394935131073,0.1001163840293886
1789687749.282188,cardboard box,0.2080,88,74,57,43,8.1050,8.1138,-4.138443,-0.028404437,6.9687543,-4.147346,-0.032826528,6.9737005,0.3254707813262945,0.45600765645504,0.6884947299957274,0.2393938541412357,0.29636050164699557,0.2735198020935057
1789687749.353426,traffic cone,0.8457,134,65,53,7,5.4257,4.6348,3.4453723,0.13349602,4.1893,2.9010096,0.2439937,3.6064107,0.35991864204406765,0.3012749969959259,0.36649522781372035,0.1722846269607543,0.015829300880432134,0.09905753135681161
1789687749.388387,traffic cone,0.8128,218,82,101,55,3.8489,3.8485,1.0311451,0.1825668,3.7036927,1.0313654,0.18064925,3.7033353,0.18174396157264705,0.43399125002324584,0.1125428438186642,0.1404018461704254,0.363609553873539,0.09012532234191895
1789687749.447472,traffic cone,0.6356,134,96,69,55,4.7245,4.7231,2.2837825,0.08088063,4.135026,2.290433,0.1699101,4.1270995,0.21117407083511353,0.44575787149369717,0.21769499778747559,0.12392108440399152,0.4459212437272072,0.1737848281860348
1789687749.500038,traffic cone,0.3539,158,66,136,56,5.4040,5.5176,3.6400533,0.2042618,3.9889715,3.7921524,0.12858486,4.00587,0.7656502723693848,0.3398517966270447,0.7137045860290527,0.5259448289871216,0.3607570994645357,0.4778090715408325
1789687749.562771,traffic cone,0.2722,268,130,237,126,3.1850,3.1887,1.1951585,0.06229558,2.9516418,1.1990805,0.0023305044,2.9546762,0.1447758257389069,0.4547451004385947,0.0936972737312316,0.14334002137184143,0.4218799099326134,0.09509950876235962
1789687749.622456,cardboard box,0.2271,89,71,57,43,8.0951,8.1145,-4.1511946,-0.031921193,6.949596,-4.1489606,-0.03278929,6.973558,0.3619561195373535,0.45547011494636536,0.6534390449523926,0.23155217170715403,0.29625312685966493,0.2775912284851074
1789687749.690182,traffic cone,0.8449,132,65,52,7,5.4217,4.6259,3.4451444,0.13363707,4.184285,2.894058,0.24322566,3.6006043,0.36538681983947763,0.3014701843261719,0.3637088775634769,0.17146008014678937,0.015720432996749856,0.09816555976867658
1789687749.723702,traffic cone,0.8118,219,81,102,54,3.8503,3.8483,1.0328348,0.18307981,3.7046163,1.0329038,0.1809068,3.7027109,0.18006747961044312,0.3660195618867874,0.11954545974731445,0.1445157676935196,0.31622198037803173,0.08242107629776019
1789687749.771820,traffic cone,0.6389,134,96,71,57,4.7275,4.7301,2.2866497,0.08084005,4.136859,2.2895079,0.17076859,4.1355243,0.21635973453521729,0.4456992782652378,0.21056914329528809,0.14476785659790048,0.44591772705316546,0.18087415695190412
1789687749.822099,traffic cone,0.3548,155,62,134,53,5.4183,5.4935,3.6630712,0.16708057,3.9889283,3.7680223,0.12940407,3.9954116,0.7569215059280392,0.33979477882385256,0.6608523845672605,0.4966761112213134,0.339815029501915,0.40507969856262216
1789687749.874959,traffic cone,0.2685,262,129,235,126,3.1853,3.1890,1.1925168,0.062189102,2.9529822,1.2012972,0.0024008825,2.9540548,0.1444163799285889,0.457470482587814,0.09542412757873509,0.14662519097328186,0.42207910865545273,0.09641343355178833
1789687749.936750,cardboard box,0.2223,88,68,57,44,8.0782,8.1113,-4.159235,-0.031896032,6.925141,-4.1486125,-0.032715507,6.969999,0.3671027421951294,0.4543784067034721,0.6185191869735718,0.25195827484130806,0.2962475553154945,0.2843568086624151
1789687750.012072,traffic cone,0.8433,132,63,54,7,5.4175,4.6279,3.4431603,0.13356996,4.180464,2.8968284,0.2433936,3.600969,0.36537902355194074,0.301724436879158,0.3545402050018307,0.17560954093933123,0.01632806658744812,0.10369253158569336
1789687750.065174,traffic cone,0.8109,220,81,107,55,3.8474,3.8473,1.0346872,0.18260789,3.7011619,1.0346872,0.18069959,3.7011619,0.1717836856842041,0.36388571560382843,0.1148061752319336,0.14495583772659315,0.3127591148018837,0.08927967548370352
1789687750.114677,traffic cone,0.6398,134,95,70,56,4.7255,4.7255,2.2855887,0.08069065,4.135216,2.289897,0.17046723,4.1300545,0.21242804527282688,0.4455877788364887,0.21286759376525843,0.14372193813323975,0.4459384996443987,0.1814190149307251
1789687750.166196,traffic cone,0.3496,159,69,137,54,5.3871,5.4966,3.6225607,0.20386335,3.9820514,3.7776754,0.12979326,3.9906518,0.7554982662200924,0.33978058099746705,0.7244062900543211,0.5008370876312256,0.33984774947166446,0.40121746063232466
1789687750.223874,traffic cone,0.2682,269,129,233,126,3.1851,3.1868,1.194648,0.062311262,2.9519331,1.1996057,0.032226123,2.9522169,0.14377825260162358,0.45767138004302943,0.09648261070251474,0.14758533239364624,0.4218892380595207,0.09736806154251099
1789687750.281895,cardboard box,0.2220,89,68,59,46,8.0837,8.1124,-4.160473,-0.03214504,6.9307833,-4.153364,-0.032907926,6.9684134,0.37189705371856707,0.454173868894577,0.6207268238067627,0.28659117221832275,0.29621288925409317,0.28540468215942383
1789687750.347597,traffic cone,0.8413,126,60,53,7,5.4193,4.6297,3.4395814,0.1337589,4.185753,2.8966715,0.24355105,3.6032941,0.3560003638267517,0.30181124657392505,0.34938747882843035,0.17097394466400173,0.01565450429916382,0.09757473468780509
1789687750.377928,traffic cone,0.8128,220,82,104,54,3.8476,3.8454,1.0324222,0.18257222,3.7019565,1.0301207,0.18070999,3.7004395,0.1824588865041732,0.36500381901860235,0.12192788124084464,0.14045697450637817,0.31640615351498125,0.08995270729064897
1789687750.413300,traffic cone,0.6374,133,96,68,55,4.7257,4.7271,2.2845755,0.080900565,4.135956,2.291237,0.17060709,4.1311464,0.21447992324829102,0.4455069527029991,0.20968389511108398,0.12459158897399858,0.44576029404997825,0.1696560859680174
1789687750.465793,traffic cone,0.3373,155,59,133,53,5.4895,5.5089,3.765651,0.12979847,3.9921875,3.785697,0.12924036,3.9999046,0.5176214933395387,0.3397843912243843,0.4053173065185547,0.4989243030548094,0.3397716134786606,0.40357208251953125
1789687750.521851,traffic cone,0.2640,268,128,232,122,3.1830,3.1888,1.1942179,0.06217417,2.9497988,1.198963,0.0023902655,2.9548311,0.14455091953277566,0.460557515919208,0.08991973400115993,0.14244810342788705,0.422011199593544,0.09160473346710196
1789687750.575347,cardboard box,0.2203,89,67,59,46,8.0795,8.1143,-4.1662397,-0.03226836,6.922402,-4.1534076,-0.032977723,6.9706926,0.3647318840026852,0.44338764250278473,0.5106123924255375,0.27193260192871094,0.2963787242770195,0.298611044883728
1789687750.646676,traffic cone,0.8408,131,66,54,7,5.4274,4.6267,3.4445078,0.13366364,4.1921854,2.8941333,0.24329801,3.6015503,0.3647434711456299,0.3010804131627083,0.36996424198150635,0.17233986854553196,0.01586392670869824,0.0995623588562009
1789687750.698139,traffic cone,0.8101,220,83,103,55,3.8489,3.8488,1.033812,0.18239583,3.702972,1.033812,0.18069805,3.702972,0.1808749318122862,0.43026407659053795,0.12089943885803223,0.13974174261093142,0.3628070764243603,0.09086577892303449
1789687750.747220,traffic cone,0.6375,136,97,70,56,4.7245,4.7241,2.2885873,0.0807036,4.132399,2.2893994,0.16985717,4.128809,0.23044309616088832,0.4455125227570534,0.21643400192260742,0.12252908945083618,0.4456662852317095,0.17212939262390137
1789687750.817382,traffic cone,0.3351,157,65,137,54,5.4067,5.5083,3.6442266,0.2035241,3.9888144,3.7851262,0.12913308,3.999644,0.7615387916564944,0.3396732956171036,0.6979342460632321,0.49779042005538976,0.3398132652044296,0.415490674972534
1789687750.872050,traffic cone,0.2561,271,129,240,125,3.1847,3.1880,1.1941319,0.0623343,2.9516408,1.2013092,0.0024462044,2.9530425,0.14223999977111812,0.4577488750219342,0.09236478805541992,0.1439897537231445,0.42188716530799864,0.0930938720703125
1789687750.929790,cardboard box,0.2252,86,65,56,44,8.0774,8.1087,-4.1509085,-0.032031715,6.929208,-4.1488466,-0.032809675,6.966835,0.3580640792846683,0.4514164268970489,0.5677699089050288,0.25025162696838343,0.29618886262178423,0.2882211208343506
1789687750.990092,traffic cone,0.8405,133,64,53,7,5.4179,4.6309,3.4446034,0.13376749,4.1797924,2.8984585,0.24365562,3.6034842,0.36453537940978986,0.3010983899235725,0.3663582563400265,0.16954500675201434,0.015419015288352989,0.09525904655456552
1789687751.036093,traffic cone,0.8093,221,81,105,53,3.8455,3.8449,1.0319282,0.1823597,3.6999326,1.0319282,0.18077344,3.6994376,0.18207579851150513,0.3658251464366913,0.11011362075805664,0.14142221212387085,0.3197971761226654,0.08327155113220197
1789687751.067291,traffic cone,0.6377,134,95,99,14,4.7275,3.3755,2.2841492,0.0805763,4.1382527,1.8054321,0.13736324,2.8488352,0.21601047515869132,0.4458413675427437,0.2118185997009281,0.11219093799591073,0.13074777573347093,0.09011112451553327
1789687751.099497,traffic cone,0.3326,153,57,132,52,5.4868,5.4913,3.7616484,0.13010019,3.9922147,3.7678907,0.12973104,3.9926052,0.5104295730590818,0.3397209405899048,0.39944248199462873,0.4995426535606384,0.33968688175082207,0.40343098640441877
1789687751.146173,traffic cone,0.2625,268,129,237,124,3.1856,3.1875,1.196197,0.06231551,2.9518545,1.1997507,0.0023512617,2.953041,0.14442121982574463,0.45748686790466275,0.09419836997985831,0.1437167763710021,0.4219861164689064,0.095368468761444
1789687751.204149,cardboard box,0.2393,89,69,59,47,8.0807,8.1102,-4.166905,-0.032119304,6.9234157,-4.151451,-0.03278908,6.9670024,0.3816903114318846,0.44381572008132936,0.513557720184326,0.27948241233825666,0.29616686403751374,0.295215368270874
1789687751.262089,traffic cone,0.8415,127,60,54,7,5.4187,4.6290,3.4386768,0.13396391,4.1857376,2.8965652,0.24349521,3.6025798,0.35608893632888794,0.30154930502176286,0.3549220800399784,0.17760248184204075,0.016637377440929385,0.10663762092590323
1789687751.321543,traffic cone,0.8104,221,82,103,54,3.8501,3.8482,1.0324514,0.18233661,3.704611,1.0315766,0.18097502,3.7029765,0.18114748299121852,0.36559546962380407,0.11561903953552255,0.14034891128540028,0.31605788134038443,0.09068413972854605
1789687751.372680,traffic cone,0.6402,135,97,69,56,4.7255,4.7260,2.2859745,0.08072294,4.1349664,2.2892992,0.17041759,4.1309953,0.22249150276184038,0.44521383941173553,0.21325969696044922,0.1269925832748413,0.44614820182323456,0.17891919612884521
1789687751.432755,traffic cone,0.3340,155,61,132,53,5.4845,5.5032,3.760946,0.13071056,3.9897113,3.7830572,0.12945966,3.9946108,0.5257558822631836,0.3397158682346344,0.408048152923584,0.49813551902771014,0.3397380232810974,0.40490226745605495
1789687751.482103,traffic cone,0.2569,269,130,233,125,3.1843,3.1878,1.1948628,0.0623523,2.9509268,1.1994566,0.002476126,2.9534838,0.1453180849552156,0.454801010340452,0.09335261583328247,0.14414088726043683,0.4218280553817749,0.09536933898925781
1789687751.532772,cardboard box,0.2329,88,68,58,44,8.0827,8.1083,-4.1507154,-0.03199269,6.9354563,-4.146734,-0.03293088,6.9676332,0.37631781101226824,0.45420422554016116,0.6114803552627563,0.23678264617919886,0.2961085379123688,0.27593357563018817
1789687751.600078,traffic cone,0.8364,127,61,54,7,5.4241,4.6309,3.4390738,0.13368152,4.192399,2.8974812,0.24365593,3.6041844,0.34999752044677734,0.3014366030693054,0.3578615188598633,0.17322854995727566,0.0159795209765434,0.10052576065063512
1789687751.650169,traffic cone,0.8120,219,81,104,55,3.8469,3.8468,1.0324795,0.18305726,3.70126,1.0324795,0.180669,3.70126,0.183415949344635,0.36539173126220703,0.11773252487182617,0.13918991088867183,0.36360780373215673,0.08971006870269749
1789687751.694063,traffic cone,0.6370,133,96,69,56,4.7258,4.7216,2.2850432,0.08086094,4.135791,2.2904198,0.1695262,4.1253395,0.21415352821350098,0.4457146115601063,0.21754443645477295,0.12231075763702393,0.44620240665972233,0.17400646209716797
1789687751.726699,traffic cone,0.3263,156,61,133,53,5.4818,5.5071,3.757658,0.13024335,3.9891982,3.786262,0.12957369,3.996882,0.5245907306671143,0.33989448845386505,0.4185161590576172,0.4985057353973388,0.33990928530693054,0.401438331604004
1789687751.785825,traffic cone,0.2529,267,128,232,123,3.1852,3.1875,1.1949298,0.062310413,2.9518719,1.1998698,0.0023662746,2.953088,0.1428039491176607,0.46062633767723987,0.09597046375274632,0.14462000131607033,0.4219440370798111,0.09742732048034641
1789687751.836289,cardboard box,0.2206,87,68,58,46,8.0814,8.1089,-4.15846,-0.03199009,6.9293566,-4.151105,-0.033003308,6.965729,0.35715837478637713,0.45436468720436096,0.609272456169129,0.25086653232574463,0.29615645110607147,0.2899998426437378
1789687751.906101,traffic cone,0.8351,133,66,51,7,5.4236,4.6258,3.4456048,0.13365784,4.18629,2.8951528,0.24321367,3.5996363,0.3651125431060791,0.3014608360826969,0.3717838525772095,0.17434427738189706,0.0161430016160011,0.102009844779968
1789687751.955045,traffic cone,0.8151,219,82,102,55,3.8493,3.8458,1.0320828,0.18281347,3.7038717,1.0317764,0.1809379,3.7004285,0.18066234588623042,0.36614222601056096,0.12517879009246835,0.14032545089721682,0.3636935457587242,0.08903789520263672
1789687752.005209,traffic cone,0.6356,136,97,69,55,4.7276,4.7237,2.2873552,0.080705956,4.136653,2.289386,0.16941337,4.128352,0.23040761947631827,0.4457919970154762,0.21144714355468786,0.1227189302444458,0.44601647555828094,0.17333431243896502
1789687752.067377,traffic cone,0.3249,155,58,133,53,5.4915,5.5020,3.7684627,0.1297665,3.9923563,3.7832823,0.12931429,3.9927635,0.5089596271514893,0.3397425331175327,0.39055361747741735,0.4969391345977785,0.3397126942873001,0.39601840972900426
1789687752.117451,traffic cone,0.2511,260,129,230,121,3.1859,3.1876,1.1952895,0.062189087,2.952562,1.1977582,0.061934143,2.953392,0.14362151622772212,0.4575784415006634,0.09840183258056667,0.13868343830108643,0.42187198996543884,0.10229158401489258
1789687752.164391,cardboard box,0.2421,91,73,58,44,8.0910,8.1125,-4.151653,-0.031622514,6.944571,-4.150976,-0.03292785,6.9700556,0.3689668655395506,0.4554232597351074,0.6556673049926758,0.23603696823120046,0.2962390407919884,0.2779136657714849
1789687752.219830,traffic cone,0.8339,134,65,54,7,5.4265,4.6239,3.4435742,0.13406274,4.1917133,2.8934746,0.2430442,3.598459,0.3647984504699706,0.30120346844196316,0.36199588775634783,0.16778695583343506,0.015166154503822332,0.09298703670501718
1789687752.258601,traffic cone,0.8120,220,81,102,53,3.8475,3.8464,1.0326121,0.1827574,3.701853,1.0326121,0.1809274,3.700764,0.18172746896743774,0.365765705704689,0.11509895324707031,0.14239239692687988,0.3201012700796127,0.08128018379211444
1789687752.303266,traffic cone,0.6339,134,96,69,56,4.7277,4.7270,2.2867637,0.08079666,4.137048,2.2905734,0.17033616,4.131413,0.2145354151725769,0.44551999866962433,0.21145737171173096,0.13938862085342407,0.44568740762770176,0.167083740234375
1789687752.344229,traffic cone,0.3199,155,62,134,53,5.4174,5.4957,3.6614366,0.16690919,3.9893005,3.7728162,0.12923786,3.9940326,0.7599438309669488,0.340067307651043,0.6652191519737238,0.5014745712280271,0.3399615347385406,0.4079195499420165
1789687752.376642,traffic cone,0.2511,268,129,232,124,3.1850,3.1893,1.1954936,0.062331364,2.9514418,1.2004241,0.032282576,2.9546332,0.14352750778198242,0.45767349898815124,0.0990297794342041,0.14250150322914124,0.42190696895122526,0.10119014978408813
1789687752.421968,cardboard box,0.2436,87,66,58,45,8.0874,8.1114,-4.1601477,-0.032083713,6.935317,-4.151086,-0.032858312,6.968653,0.35879504680633545,0.45425932854413986,0.6013422012329102,0.24477033615112287,0.2964359223842621,0.2930180549621584
1789687752.491832,traffic cone,0.8329,133,66,51,6,5.4238,4.6395,3.444416,0.13373403,4.1876307,2.9061966,0.24439095,3.6082697,0.3667144775390625,0.3011420667171478,0.37190210819244385,0.14484572410583496,0.01336207240819931,0.08398652076721191
1789687752.523984,traffic cone,0.8094,218,80,103,52,3.8473,3.8453,1.0334797,0.18270409,3.7013812,1.0334797,0.18057778,3.6994088,0.18189425170421591,0.3699041489511728,0.10832242965698224,0.13809867501258855,0.3234400533139705,0.08072907924652117
1789687752.566838,traffic cone,0.6329,134,96,70,56,4.7271,4.7283,2.2870283,0.08088873,4.1362286,2.290165,0.17028406,4.133165,0.21456319093704224,0.44535841792821884,0.21310865879058838,0.14085257053375244,0.4456019289791584,0.17234408855438232
1789687752.615732,traffic cone,0.3244,155,60,134,55,5.4864,5.4994,3.760744,0.12982605,3.9926064,3.7777393,0.12937996,3.994381,0.5212436437606813,0.3395721323788166,0.3869365692138671,0.5079771280288696,0.33951893001794814,0.39298477172851554
1789687752.662239,traffic cone,0.2503,265,128,237,125,3.1832,3.1874,1.193609,0.062263183,2.9503298,1.2013216,0.002348289,2.9523926,0.14495421051979074,0.46056785732507655,0.09302085638046265,0.14500091075897203,0.4217666685581207,0.0945837974548338
1789687752.706383,cardboard box,0.2309,88,70,59,47,8.0820,8.1142,-4.16127,-0.031960383,6.9283257,-4.156198,-0.032722518,6.968914,0.375338387489319,0.45449232012033464,0.6082919836044312,0.27980995178222656,0.2961447149515152,0.2872193813323971
1789687752.777498,traffic cone,0.8286,133,64,55,7,5.4248,4.6309,3.444136,0.13371816,4.18904,2.8971956,0.24365796,3.6044235,0.3639175057411195,0.3017205081880093,0.35926320552825963,0.17393538951873788,0.016088651120662656,0.1015617847442627
1789687752.810325,traffic cone,0.8112,218,80,105,53,3.8463,3.8456,1.0322131,0.18302573,3.7006648,1.0319873,0.18090169,3.700152,0.18283638954162607,0.3691520497202873,0.11962082386016881,0.13983038663864122,0.31999815106391905,0.08367729187011719
1789687752.862720,traffic cone,0.6283,132,95,70,56,4.7276,4.7257,2.2857165,0.08136009,4.1375318,2.2897053,0.17028563,4.1304245,0.2077955961227418,0.44537862464785577,0.2111287593841551,0.1374409794807434,0.4458189271390438,0.17423546314239502
1789687752.903702,traffic cone,0.3207,156,59,134,52,5.4269,5.4932,3.6734927,0.20312892,3.989387,3.771447,0.16651212,3.9904752,0.5260531187057493,0.33973991870880127,0.4220188140869139,0.5010858654975889,0.3397515244781971,0.40838558673858616
1789687752.955798,traffic cone,0.2505,260,129,235,124,3.1847,3.1883,1.1923287,0.062151283,2.9523768,1.1994225,0.0024071634,2.9540784,0.1424022197723389,0.4575459927320477,0.09298601150512686,0.1438193917274475,0.4219700634479523,0.09319438934326163
1789687753.006931,cardboard box,0.2375,87,71,58,45,8.0962,8.1115,-4.150051,-0.031772166,6.95153,-4.1506777,-0.032854527,6.9689684,0.3354756832122803,0.4557989835739136,0.6747736930847168,0.2480478286743164,0.2961965471506119,0.2894681930541996
1789687753.060918,traffic cone,0.8295,131,64,53,7,5.4188,4.6277,3.4438586,0.13377754,4.1816044,2.8954353,0.24338225,3.6018085,0.3666775107383726,0.301518302410841,0.3632847547531135,0.1713544845581052,0.015707564353942882,0.09805078506469744
1789687753.090234,traffic cone,0.8122,220,81,103,54,3.8490,3.8487,1.031576,0.18253607,3.7037048,1.031257,0.1808014,3.7035878,0.18261539936065674,0.36514997482299805,0.11866474151611328,0.1402064710855483,0.36345397196710105,0.08315370082855233
1789687753.121429,traffic cone,0.6275,136,98,71,57,4.7273,4.7283,2.2850566,0.08123082,4.137602,2.2890887,0.17058939,4.1336823,0.22378880977630633,0.44543954804539676,0.20963261127471888,0.13980832099914542,0.4456125304102898,0.169962692260742
1789687753.165452,traffic cone,0.3167,159,69,138,55,5.3868,5.5060,3.620873,0.2037634,3.9831543,3.7852235,0.12903127,3.996399,0.7598841190338135,0.3398185074329376,0.7251460075378415,0.5031712770462033,0.34004804491996765,0.415332365036011
1789687753.210586,traffic cone,0.2470,261,128,235,124,3.1838,3.1886,1.1953717,0.062257618,2.9502676,1.2000773,0.0024908334,2.954184,0.14398032426834106,0.46040867567062327,0.09401859045028704,0.14590733051300053,0.4219917044043541,0.09469698667526227
1789687753.255125,cardboard box,0.2290,88,73,58,44,8.1087,8.1121,-4.147422,-0.03167279,6.9677067,-4.148983,-0.03299129,6.970773,0.36537008285522443,0.45566320419311523,0.6743615150451658,0.23729898929595894,0.29619563519954684,0.27154541015625
1789687753.324348,traffic cone,0.8285,131,64,51,7,5.4195,4.6233,3.4417202,0.13364202,4.1842546,2.8921947,0.24299923,3.5987473,0.36854914426803553,0.30195310488343235,0.3693809509277344,0.17151525020599356,0.015734553337097168,0.09833281040191633
1789687753.372736,traffic cone,0.8122,219,81,103,53,3.8473,3.8455,1.0312514,0.18285963,3.7019994,1.0312514,0.18067402,3.700196,0.18156969547271729,0.3662463426589966,0.11919331550598145,0.13840268850326543,0.31995791494846343,0.08400421142578107
1789687753.421198,traffic cone,0.6229,136,98,71,57,4.7271,4.7295,2.2858505,0.080995634,4.1369224,2.2885013,0.17036977,4.1354146,0.22364596128463754,0.4455577161163092,0.2134285211563105,0.13627829551696768,0.4459232300519943,0.17236347198486346
1789687753.469687,traffic cone,0.3106,159,62,136,55,5.4851,5.5034,3.7631583,0.13026008,3.9885118,3.7850862,0.12928125,3.9930398,0.5180538177490233,0.33981974646449087,0.4049114227294921,0.49534530639648455,0.3396992102265358,0.4011003017425536
1789687753.518409,traffic cone,0.2507,262,129,238,127,3.1850,3.1882,1.1946802,0.062314585,2.9517496,1.199892,0.062009484,2.953109,0.14420356750488295,0.4576821446418759,0.0966151714324952,0.1470337867736815,0.4220674067735672,0.09883327484130877
1789687753.564847,cardboard box,0.2265,76,60,59,47,8.0768,8.1137,-4.150892,-0.032776557,6.928421,-4.151623,-0.032780588,6.9709773,0.32396035194397044,0.42364098876714706,0.479111528396607,0.27903800010681135,0.29625592827796937,0.2924207210540768
1789687753.634438,traffic cone,0.8302,133,66,52,7,5.4230,4.6247,3.4443312,0.13385794,4.1865473,2.8923838,0.24312769,3.6004086,0.3644787073135376,0.3014893904328346,0.3748910427093506,0.17122073173522967,0.015698312222957617,0.09805078506469744
1789687753.666909,traffic cone,0.8095,220,82,104,54,3.8496,3.8469,1.0315102,0.1830061,3.704338,1.0312195,0.18073584,3.7017379,0.18111275136470795,0.3658527314662933,0.1288345456123352,0.13934651613235483,0.31630043089389803,0.08944556713104257
1789687753.709724,traffic cone,0.6251,133,95,69,55,4.7276,4.7253,2.2850385,0.081046864,4.1379013,2.2909842,0.17020358,4.1292715,0.20808277130126962,0.4455726727843285,0.2129388809204098,0.12110297679901105,0.44576568230986596,0.17245464324951243
1789687753.755330,traffic cone,0.3071,156,58,135,53,5.4880,5.4977,3.760601,0.13021162,3.994838,3.7695415,0.1300659,3.9997299,0.5236654996871946,0.3399506703019142,0.386458539962768,0.5109772682189941,0.3398413807153702,0.3901459217071528
1789687753.796734,traffic cone,0.2490,259,129,236,125,3.1853,3.1883,1.1945978,0.062329695,2.9521406,1.2009332,0.002458483,2.9534216,0.1445300817489623,0.4575604051351544,0.09087381362915048,0.14389088153839125,0.42202065587043763,0.0919248580932619
1789687753.828202,cardboard box,0.2399,76,58,57,44,8.0767,8.1152,-4.149293,-0.03287699,6.929281,-4.149293,-0.03287699,6.974206,0.31375923156738317,0.4238689258694649,0.4817907333374025,0.25115284919738734,0.2964491069316864,0.2868873596191399
1789687753.897516,traffic cone,0.8297,133,66,52,7,5.4245,4.6268,3.4468613,0.1339525,4.1864214,2.8951824,0.24330378,3.6008863,0.3678312301635742,0.3010614775121212,0.3704913854598999,0.1723752260208129,0.015852993726730324,0.09935750961303702
1789687753.945220,traffic cone,0.8049,221,81,104,53,3.8475,3.8442,1.0326207,0.18264604,3.70183,1.0326207,0.18076622,3.6985135,0.1818503737449646,0.3656878024339676,0.11762046813964844,0.14013092517852788,0.3197741836309433,0.0854056358337405
1789687753.993105,traffic cone,0.6249,134,95,69,55,4.7274,4.7266,2.2863824,0.08077675,4.1369004,2.2890568,0.17030638,4.1318245,0.21813414096832284,0.44575954899191855,0.2138865947723385,0.14258904457092303,0.4459514260292053,0.17465415000915563
1789687754.042144,traffic cone,0.3080,157,72,135,54,5.3856,5.5016,3.618216,0.20418034,3.9838543,3.7782252,0.12942742,3.9969764,0.7837873220443723,0.34004892185330393,0.7743550777435306,0.5167798638343815,0.3400769852101803,0.4292467594146725
1789687754.087464,traffic cone,0.2478,258,128,229,122,3.1841,3.1887,1.1942916,0.06230981,2.9509606,1.1984799,0.0023650154,2.9549124,0.1450324594974517,0.4604772850871081,0.08939423561096183,0.1414680778980255,0.4220007747411728,0.08989806175231951
1789687754.132524,cardboard box,0.2323,76,60,57,45,8.0784,8.1146,-4.144705,-0.03251002,6.9340024,-4.1512675,-0.032814458,6.9722414,0.30330786705017143,0.4250785753130913,0.5169563293457031,0.2526246070861813,0.2961259186267853,0.2895660400390625
1789687754.202957,traffic cone,0.8307,132,63,53,7,5.4265,4.6251,3.4424198,0.13352486,4.1927032,2.8913383,0.24316755,3.6017246,0.3688059091567992,0.30228607803583146,0.3573715209960939,0.17137188911438006,0.01573088765144348,0.09843442440032968
1789687754.248233,traffic cone,0.8041,219,82,105,55,3.8499,3.8498,1.0324677,0.18241747,3.7043524,1.0350208,0.18080407,3.7036414,0.17937689423561098,0.3660072445869446,0.12346462011337289,0.13549472689628606,0.3631224498152733,0.09832148551940945
1789687754.297900,traffic cone,0.6247,136,98,70,56,4.7272,4.7227,2.2869253,0.08092651,4.1363573,2.2884312,0.17019506,4.1277065,0.2300783395767212,0.44587273746728895,0.21229982376098633,0.1218525767326355,0.44598632864654064,0.16946077346801758
1789687754.347554,traffic cone,0.3016,160,65,138,56,5.4249,5.5118,3.6721349,0.20359847,3.98798,3.78608,0.12888773,4.0035563,0.771132850646973,0.3397876650094986,0.6823304176330569,0.5203255414962769,0.3400595337152481,0.4151231050491333
1789687754.395054,traffic cone,0.2495,263,130,236,124,3.1838,3.1869,1.1932681,0.062355243,2.9511065,1.1969483,0.06200117,2.9529762,0.144493854045868,0.45485716760158523,0.09504455327987671,0.142451000213623,0.4219240501523018,0.09611207246780396
1789687754.440197,cardboard box,0.2226,74,59,57,45,8.0726,8.1099,-4.1439624,-0.03304553,6.9277744,-4.149507,-0.03311895,6.967852,0.308406257629394,0.42468193769454954,0.5049079418182378,0.2521238327026367,0.29608163237571716,0.2857203483581543
1789687754.487221,traffic cone,0.8313,134,66,54,7,5.4249,4.6234,3.4475627,0.1338425,4.186335,2.8919787,0.2430082,3.5990257,0.36108481884002686,0.30153579264879227,0.3725426197052002,0.17257754802703884,0.015892511606216464,0.09979984760284388
1789687754.517761,traffic cone,0.8008,219,80,106,54,3.8462,3.8465,1.0308456,0.18329847,3.7009063,1.0326338,0.18051682,3.7009063,0.1822955578565597,0.36985430307686323,0.1261625409126279,0.13975991308689117,0.3637966819107532,0.08238025903701773
1789687754.564266,traffic cone,0.6243,134,97,71,57,4.7249,4.7210,2.2859664,0.08113006,4.1343307,2.2895296,0.17003125,4.125187,0.21292538642883274,0.4458913564682007,0.2183118820190426,0.13907985687255842,0.44603935033082964,0.17215480804443395
1789687754.612610,traffic cone,0.3050,155,60,133,54,5.4858,5.4985,3.760851,0.12966485,3.991615,3.7758863,0.12924577,3.9948711,0.5117684245109562,0.33970992639660835,0.4058487415313725,0.49428521394729596,0.3396446444094181,0.4016975879669187
1789687754.661138,traffic cone,0.2483,266,130,236,126,3.1849,3.1890,1.1939645,0.06230624,2.9520102,1.1994739,0.03231413,2.9546032,0.14385477900505061,0.45490486174821837,0.0969538688659668,0.14507517218589783,0.42200707644224167,0.0989985466003418
1789687754.711015,cardboard box,0.2199,75,58,58,46,8.0754,8.1148,-4.1504407,-0.032808617,6.9270644,-4.1526833,-0.0329758,6.9716935,0.30643949508666957,0.4245023787021637,0.4849569797515869,0.24615073204040527,0.29618220031261444,0.2963109016418457
1789687754.782322,traffic cone,0.8303,134,65,54,7,5.4250,4.6214,3.4444082,0.134009,4.18915,2.890761,0.24283683,3.5974894,0.3679750919342042,0.3014430105686188,0.3631542205810545,0.1730568885803221,0.015966048836708047,0.10049240589141828
1789687754.830852,traffic cone,0.8040,219,82,104,54,3.8486,3.8481,1.0312318,0.182588,3.7033422,1.0311887,0.18093291,3.7029161,0.18196235895156865,0.3660190671682358,0.12642911672592128,0.14034490585327153,0.3159597102552652,0.08784238100051889
1789687754.876515,traffic cone,0.6254,135,97,70,56,4.7288,4.7252,2.2883153,0.080895126,4.137491,2.2892914,0.1700407,4.1301193,0.22288599014282218,0.44555752426385875,0.21491394042968803,0.1225517988204956,0.445841396227479,0.17074298858642578
1789687754.921582,traffic cone,0.3015,157,63,135,55,5.4281,5.5123,3.6763334,0.20332626,3.988355,3.7881007,0.12875733,4.002365,0.7623816728591919,0.33970883339643476,0.6864213705062872,0.5133763551712036,0.3398725867271423,0.42349705696105966
1789687754.966843,traffic cone,0.2457,268,129,233,124,3.1851,3.1891,1.1941303,0.062366813,2.9521124,1.2001457,0.032240644,2.9544554,0.1430629253387452,0.45770446360111205,0.0977443218231202,0.1426471054553986,0.4220445901155472,0.0990984797477723
1789687755.011452,cardboard box,0.2172,76,58,57,44,8.0789,8.1147,-4.1492276,-0.032537676,6.931953,-4.1492276,-0.03266383,6.973614,0.312984442710877,0.42394342869520185,0.48918905258178746,0.24996044635772652,0.2963934376835823,0.284559345245361
1789687755.081856,traffic cone,0.8300,132,65,51,7,5.4258,4.6259,3.44636,0.13383591,4.188509,2.8927238,0.2432296,3.6016054,0.3630529880523685,0.3015822321176529,0.36581439971923846,0.1776336669921874,0.016657403111457803,0.10695073604583749
1789687755.129186,traffic cone,0.8064,219,82,105,55,3.8495,3.8480,1.0307131,0.18277088,3.7044349,1.0311636,0.18074009,3.7028768,0.18072260618209846,0.3658524185419083,0.13334245681762713,0.1384264290332794,0.36312808468937874,0.088429522514343
1789687755.174271,traffic cone,0.6243,135,97,69,55,4.7268,4.7224,2.2859204,0.08080745,4.1364555,2.289913,0.16997293,4.1265574,0.22238078117370597,0.44555978327989576,0.2150740623474121,0.12018303871154767,0.4457054905593395,0.17358345985412527
1789687755.206919,traffic cone,0.3008,157,60,135,55,5.4954,5.5081,3.7684107,0.1300249,3.9977255,3.7838752,0.12961674,4.0005784,0.5217732191085815,0.3396349735558033,0.38227829933166513,0.5059216499328612,0.33965455293655394,0.3872307300567628
1789687755.251626,traffic cone,0.2496,269,129,234,125,3.1848,3.1883,1.1937786,0.06221707,2.9519775,1.1996895,0.0024386197,2.9539657,0.1441380023956298,0.45765945911407435,0.0940640449523924,0.14524796009063712,0.42209509015083313,0.09522857666015616
1789687755.297060,cardboard box,0.2000,76,59,57,44,8.0748,8.1133,-4.147232,-0.03262423,6.928358,-4.14909,-0.032783017,6.9720488,0.313543510437011,0.42443632185459135,0.5030971527099615,0.24988884925842214,0.2962303265929222,0.290320491790772
1789687755.366649,traffic cone,0.8296,127,61,53,7,5.4199,4.6323,3.437961,0.13369116,4.1878505,2.8974006,0.24378413,3.6060514,0.3640604019165039,0.3015877455472946,0.34952259063720703,0.17490022182464626,0.01623730659484862,0.10297684669494611
1789687755.398396,traffic cone,0.8072,219,82,104,54,3.8486,3.8481,1.0307387,0.18285884,3.703526,1.0307387,0.18087992,3.7030354,0.1805361241102219,0.3655413180589676,0.12612696886062613,0.13923116624355303,0.3161490466445684,0.08880014419555637
1789687755.441761,traffic cone,0.6247,136,98,69,55,4.7278,4.7251,2.2867043,0.080570385,4.1372604,2.2880378,0.17028564,4.13065,0.23303656578063947,0.4451715566217899,0.211535787582398,0.1256089925765993,0.44576759487390516,0.17346038818359322
1789687755.488311,traffic cone,0.3046,155,61,134,53,5.4867,5.5043,3.7611032,0.13092569,3.9926658,3.7820835,0.12937689,3.997095,0.5196921825408936,0.33979204297065735,0.4143099784851074,0.49373598098754856,0.33985774517059325,0.39788169860839817
1789687755.532019,traffic cone,0.2493,265,129,234,124,3.1840,3.1901,1.1934822,0.062249884,2.9512208,1.1997306,0.0024885312,2.955947,0.14324829578399667,0.45762357711791957,0.09574790000915545,0.14376955628395094,0.4220575526356697,0.09643472433090228
1789687755.578296,cardboard box,0.1955,76,58,57,44,8.0724,8.1198,-4.145117,-0.032561734,6.926843,-4.153628,-0.032699235,6.9769783,0.3013290405273432,0.42466397434473035,0.50215744972229,0.24875535964965856,0.2962125360965729,0.2877870082855223
1789687755.622014,traffic cone,0.1501,28,16,25,14,8.4360,8.4287,-5.0697594,-0.02646117,6.742579,-5.0646563,0.04498157,6.737258,0.28302228450775146,0.3066012114286423,0.23724901676177979,0.29030888080596995,0.15376928746700289,0.20786833763122559
1789687755.682004,traffic cone,0.8320,128,63,53,7,5.4227,4.6231,3.445418,0.13369207,4.1853633,2.8921995,0.24298315,3.598521,0.3654491662979127,0.3013020053505897,0.3646669387817383,0.17267332077026376,0.015909837186336484,0.09996535778045645
1789687755.716500,traffic cone,0.8063,220,82,106,54,3.8486,3.8466,1.031868,0.1824744,3.7032032,1.0310755,0.1807263,3.701469,0.1820680648088454,0.36574585586786273,0.11944350004196203,0.13999866843223574,0.31609969101846214,0.08935728073120108
1789687755.763657,traffic cone,0.6253,133,95,68,54,4.7271,4.7251,2.285152,0.08075614,4.137276,2.287887,0.16971582,4.130826,0.2160004138946534,0.4455963142216206,0.2129427909851076,0.11672368049621618,0.4457707490772009,0.17577650547027623
1789687755.808759,traffic cone,0.2950,155,59,136,53,5.4863,5.5035,3.7632134,0.13011156,3.990036,3.7796862,0.12906452,3.9981923,0.5184160709381098,0.34039811342954635,0.4091339588165286,0.5004585266113284,0.3403748840093613,0.4096977233886716
1789687755.854330,traffic cone,0.2501,268,129,236,124,3.1843,3.1883,1.1935799,0.06228544,2.9515076,1.1997708,0.0023720935,2.953964,0.14242804050445534,0.45771263539791074,0.09561424255371076,0.1436572730541228,0.422117617726326,0.09732888936996442
1789687755.896853,cardboard box,0.1817,86,71,56,44,8.1099,8.1141,-4.145578,-0.031694025,6.9702177,-4.1510305,-0.032720953,6.971796,0.3223557472229004,0.4556300640106201,0.6732749938964844,0.24859392642974854,0.296271550655365,0.28736624717712367
1789687755.955311,traffic cone,0.8339,129,63,52,7,5.4258,4.6271,3.4429646,0.13371149,4.191376,2.8953822,0.24332967,3.6011066,0.365932822227478,0.30091974288225176,0.3609676837921141,0.17113380432128933,0.0156635403633118,0.0975826263427737
1789687755.986211,traffic cone,0.8061,218,81,103,54,3.8480,3.8470,1.0317445,0.1826145,3.7025669,1.0311475,0.18069252,3.701843,0.1822439432144165,0.3656613528728485,0.11731219291687012,0.14040066003799434,0.31632635481655597,0.09037379026412973
1789687756.027844,traffic cone,0.6229,133,94,69,55,4.7287,4.7272,2.2854688,0.08117542,4.138956,2.2902222,0.17018932,4.131906,0.2077232003211975,0.44544060379266737,0.21554763317108172,0.12852683067321768,0.44599370062351223,0.17694854736328125
1789687756.073693,traffic cone,0.2958,155,62,134,52,5.4188,5.5027,3.6637273,0.2037154,3.9873319,3.7797909,0.12975825,3.9969778,0.7659857273101807,0.33994383066892625,0.6885470867156984,0.5004047393798827,0.33989634066820146,0.4033262968063358
1789687756.119043,traffic cone,0.2505,270,129,234,124,3.1845,3.1902,1.1932048,0.062218085,2.9518416,1.198911,0.002460301,2.956376,0.14597847461700453,0.45777336955070463,0.09366426467895517,0.14377998113632207,0.42217694520950316,0.09670758247375488
1789687756.163660,cardboard box,0.1888,87,70,57,44,8.1050,8.1160,-4.1508465,-0.03175298,6.961321,-4.1508465,-0.032766744,6.974128,0.3381924629211426,0.4557088568806648,0.6523318052291867,0.24802343845367414,0.29634853899478913,0.287327075004578
1789687756.208350,traffic cone,0.1586,27,15,24,13,8.4347,8.4301,-5.067561,-0.026404843,6.7426844,-5.0655246,0.11578694,6.73746,0.28988618850708026,0.30680098533630373,0.2479217529296882,0.29549560546874964,0.15398255884647372,0.1983918190002445
1789687756.278020,traffic cone,0.8319,126,59,54,7,5.4145,4.6266,3.4374328,0.1338932,4.181325,2.8944273,0.24329154,3.6012483,0.3562679767608641,0.3014930635690689,0.34950938224792427,0.17273130416870153,0.01591323465108868,0.09996697902679452
1789687756.322433,traffic cone,0.8027,218,82,101,54,3.8513,3.8506,1.0325383,0.18264218,3.7057824,1.0316479,0.18096016,3.7053688,0.18165993094444277,0.36598866134881974,0.11911548376083392,0.14059584140777592,0.316114080697298,0.08462357521057129
1789687756.370569,traffic cone,0.6189,133,94,70,55,4.7272,4.7271,2.2851424,0.08101103,4.1373663,2.2887492,0.17022507,4.132565,0.207387351989746,0.44576594494283195,0.2165267705917353,0.130682611465454,0.4461772762238979,0.18087882995605487
1789687756.419465,traffic cone,0.2994,157,65,137,54,5.4058,5.5113,3.6436276,0.20360409,3.9881206,3.78567,0.1290778,4.0032864,0.764095973968506,0.3402449280023575,0.7019534587860106,0.5019663810729984,0.3404086589813233,0.419386315345764
1789687756.467682,traffic cone,0.2537,268,129,233,123,3.1853,3.1898,1.1944722,0.06233883,2.952182,1.1996642,0.0024348795,2.9556034,0.14665892124176017,0.4576596468687054,0.09519424438476554,0.14314359426498413,0.4220500200986862,0.09838757514953578
1789687756.516359,cardboard box,0.1892,89,68,58,45,8.0970,8.1126,-4.160756,-0.032205246,6.946146,-4.15107,-0.032834187,6.9700723,0.3585513591766354,0.45532050132751467,0.6264179229736335,0.2814484596252438,0.29631993770599363,0.29416027069091744
1789687756.564626,traffic cone,0.1594,26,14,22,12,8.4443,8.4334,-5.081623,0.045779087,6.7439246,-5.0714846,0.11732282,6.7371593,0.29663848876953125,0.3069969706237316,0.2432157516479494,0.30238914489746094,0.15406204313039779,0.2200206279754635
1789687756.616127,traffic cone,0.8316,128,58,51,7,5.4142,4.6314,3.437117,0.13335797,4.181177,2.8978965,0.2436978,3.6044843,0.35680958032608023,0.3018146052956581,0.33449451923370344,0.17283129692077637,0.01591837257146836,0.09994809627532986
1789687756.646523,traffic cone,0.8025,218,81,105,54,3.8485,3.8475,1.0302722,0.18324958,3.7034795,1.0297592,0.18110536,3.7026794,0.17992794513702393,0.3665127158164978,0.12120223045349121,0.1402584642171858,0.3161519441753626,0.08820186853408796
1789687756.676686,traffic cone,0.6153,133,95,68,54,4.7281,4.7266,2.285196,0.08146463,4.1383996,2.2903247,0.16965632,4.1311436,0.2075716257095337,0.44588206261396407,0.2191469669342041,0.12516435384750357,0.4460972890257835,0.17155268192291206
1789687756.720810,traffic cone,0.2986,156,63,134,54,5.4304,5.5090,3.6787648,0.20352249,3.989323,3.7858462,0.12909769,4.000013,0.7706660985946656,0.3399875894188881,0.6852050065994262,0.502637040615082,0.34003313556313514,0.41788337230682426
1789687756.765378,traffic cone,0.2503,271,129,237,125,3.1859,3.1881,1.196394,0.062132806,2.9520512,1.1992663,0.0024146885,2.953989,0.14221944808959952,0.42240625321865083,0.09675774574279794,0.14208822250366215,0.4218926042318344,0.09739022254943874
1789687756.810953,cardboard box,0.1956,87,69,56,43,8.1045,8.1079,-4.145186,-0.03190452,6.9641085,-4.143595,-0.032814667,6.9689884,0.3397974967956543,0.45562787055969234,0.6581715583801273,0.23676500320434624,0.29636325389146806,0.2723596572875975
1789687756.856855,traffic cone,0.1662,28,16,25,14,8.4425,8.4317,-5.0729876,-0.026387773,6.7482643,-5.066374,0.045089312,6.739704,0.2923086881637573,0.30681730806827545,0.22995173931121826,0.29754106998443586,0.1540360353887081,0.20964655876159632
1789687756.917087,traffic cone,0.8322,130,60,54,7,5.4183,4.6305,3.4377537,0.13391425,4.185869,2.8969076,0.24362399,3.60415,0.36523640155792236,0.3016896270215511,0.3460800170898439,0.1697499990463256,0.015461684763431544,0.09574658870696995
1789687756.952859,traffic cone,0.8055,217,80,104,54,3.8490,3.8488,1.0316393,0.18280743,3.7036898,1.0312603,0.18095082,3.7036898,0.17180214822292328,0.3674642443656921,0.1158334255218505,0.14093276262283316,0.3163478314876556,0.09313063621520978
1789687756.995987,traffic cone,0.6171,133,96,72,57,4.7250,4.7246,2.285336,0.081007645,4.1347694,2.2900124,0.17050551,4.128959,0.21293264627456665,0.4457139614969492,0.21644747257232666,0.140797805786133,0.44591946303844454,0.1737015724182136
1789687757.041207,traffic cone,0.3025,156,65,135,52,5.3892,5.4949,3.6207292,0.2039728,3.9865012,3.77087,0.12943548,3.994658,0.7613833904266354,0.3399170011281967,0.7114466190338131,0.500821018218994,0.3398361310362816,0.4085413217544551
1789687757.086594,traffic cone,0.2522,265,130,232,126,3.1852,3.1880,1.1936064,0.062149093,2.952499,1.1966233,0.032125644,2.9546807,0.14374544620513907,0.4547177352011202,0.0946512222290039,0.14272251725196838,0.4220517575740814,0.09621202945709229
1789687757.130811,cardboard box,0.1945,86,71,56,43,8.1059,8.1132,-4.1381226,-0.031633824,6.969948,-4.150081,-0.03278458,6.9713364,0.31978273391723633,0.45543356984853745,0.6812050342559814,0.23643002510070854,0.2962760031223297,0.27332577705383265
1789687757.175170,traffic cone,0.1682,28,16,25,14,8.4396,8.4294,-5.0726047,-0.026405647,6.7449636,-5.0646772,0.044906482,6.738099,0.2856907844543457,0.30663079768419266,0.23575842380523682,0.29234972000122106,0.1538224622607231,0.2109521150588991
1789687757.245542,traffic cone,0.8295,127,61,53,7,5.4226,4.6250,3.4405062,0.13409841,4.1891804,2.893477,0.24314362,3.5998561,0.3670933246612549,0.30125726759433746,0.35151100158691406,0.17283570766448975,0.015925630927085876,0.10006527900695783
1789687757.277298,traffic cone,0.8032,220,83,104,54,3.8493,3.8462,1.0311937,0.18276146,3.7040913,1.0301169,0.18103707,3.701232,0.18084886074066153,0.43045754656195634,0.11993911266326895,0.1397777915000914,0.3161803800612688,0.09810141324996957
1789687757.320146,traffic cone,0.6217,134,94,70,55,4.7255,4.7213,2.2847385,0.08085579,4.1356354,2.2902064,0.16949123,4.1251764,0.21057209968566903,0.44545341804623606,0.21579637527465856,0.12094988822937003,0.4457497924566269,0.17621707916259766
1789687757.360044,traffic cone,0.2996,158,64,137,55,5.4195,5.5130,3.664688,0.20385318,3.9874008,3.7869503,0.12883246,4.0044174,0.7635712981224061,0.33985584080219267,0.6942345738410949,0.5112771749496456,0.33994516134262087,0.4234383583068846
1789687757.391159,traffic cone,0.2479,265,129,231,123,3.1841,3.1887,1.194822,0.06231028,2.9507148,1.1984565,0.0023839623,2.9549153,0.14374644756317134,0.45768618583679166,0.0954450130462643,0.14107413291931148,0.4219680160284042,0.09616985321044957
1789687757.435533,cardboard box,0.1910,88,70,57,44,8.1074,8.1097,-4.149612,-0.031843007,6.96494,-4.146443,-0.0327468,6.9694386,0.3397640943527227,0.45560847222805023,0.6579317092895511,0.2507065296173101,0.29650674015283585,0.2838418483734131
1789687757.482475,traffic cone,0.1543,27,15,24,13,8.4311,8.4296,-5.0644546,-0.026690349,6.740492,-5.0633726,-0.0264287,6.739394,0.2310549736022951,0.30662341713905333,0.21163415908813477,0.23736391067504936,0.15385739505290985,0.1883697509765625
1789687757.549984,traffic cone,0.8310,126,61,52,7,5.4218,4.6315,3.4406009,0.13363111,4.1880665,2.8979826,0.24370837,3.6045687,0.36603522300720215,0.30203011631965637,0.34391164779663086,0.17325630187988317,0.015985485911369335,0.10058598518371609
1789687757.597552,traffic cone,0.8028,218,80,103,53,3.8455,3.8450,1.0332308,0.18275456,3.6995535,1.0330507,0.18106791,3.6991885,0.17120468616485585,0.3679100215435028,0.11121157407760585,0.13959432840347286,0.3199372738599777,0.08904528617858887
1789687757.644059,traffic cone,0.6186,134,97,70,56,4.7288,4.7284,2.285318,0.081498325,4.1390686,2.2896452,0.17040244,4.1335597,0.2163073539733884,0.44559286236763,0.21947145462036133,0.13940608501434326,0.44583503529429436,0.17507648468017578
1789687757.693579,traffic cone,0.3021,155,64,133,53,5.4002,5.4983,3.637333,0.20369567,3.9862468,3.7712157,0.12928915,3.99906,0.7626273512840269,0.3398520641028881,0.6847189903259276,0.5011123657226562,0.33991228938102724,0.40413098335266096
1789687757.754401,traffic cone,0.2527,272,129,238,126,3.1849,3.1883,1.194764,0.06220694,2.951682,1.2014863,0.03228735,2.9531002,0.14286925792694083,0.45786612927913634,0.0940507411956788,0.14623790979385376,0.4221237450838089,0.09619486331939697
1789687757.802904,cardboard box,0.1923,88,71,57,43,8.1077,8.1121,-4.1492805,-0.031864136,6.9653773,-4.1492805,-0.032907203,6.97055,0.34012699127197266,0.45549024641513824,0.6718833446502686,0.23901963233947754,0.29628134071826934,0.26919622421264666
1789687757.857009,traffic cone,0.8305,130,62,52,7,5.4269,4.6334,3.4410524,0.13372888,4.1943846,2.8997297,0.2438682,3.6055624,0.36370015144348145,0.3016984470188617,0.35457301139831543,0.1749863862991332,0.016230785846710227,0.10277783870697021
1789687757.904124,traffic cone,0.8031,220,80,102,53,3.8491,3.8481,1.0323082,0.18262528,3.7035935,1.0307864,0.18113214,3.7030864,0.17324623167514808,0.3676654268056154,0.11216980218887329,0.14130773544311526,0.3195175945758819,0.08814215660095215
1789687757.935064,traffic cone,0.6197,137,97,71,57,4.7261,4.7258,2.2885125,0.080681264,4.134326,2.290467,0.17062607,4.130162,0.23093352317810067,0.4457451194524765,0.2138553619384762,0.14238495826721165,0.44593460857868195,0.1719611167907713
1789687757.978454,traffic cone,0.2944,158,66,136,54,5.4025,5.5022,3.6401746,0.20353743,3.9867945,3.7775388,0.12913978,3.998476,0.7602629661560059,0.3396633565425873,0.696800708770752,0.49910781383514413,0.33970394432544704,0.40504779815673864
1789687758.022640,traffic cone,0.2512,265,129,235,125,3.1864,3.1895,1.1959205,0.062317654,2.9527776,1.2014793,0.002410248,2.9545484,0.1432662725448608,0.4578429758548733,0.09576525688171378,0.14437253475189227,0.4220035195350647,0.09613294601440447
1789687758.061867,cardboard box,0.1825,88,66,58,45,8.0890,8.1129,-4.1614003,-0.032082483,6.9364243,-4.151677,-0.03281316,6.9700546,0.34349358081817627,0.45424042642116547,0.5979593992233276,0.27869462966918945,0.2962765574455261,0.2933882713317866
1789687758.106302,traffic cone,0.8314,128,63,54,7,5.4284,4.6365,3.4428172,0.1339069,4.1948347,2.90033,0.24415419,3.6091585,0.36221394538879403,0.3009331434965134,0.35040717124939036,0.17464520931243888,0.01620059907436372,0.10263195037841788
1789687758.147915,traffic cone,0.8047,218,81,99,53,3.8500,3.8477,1.033078,0.18305573,3.7042575,1.0301529,0.18106854,3.7028017,0.18166279792785645,0.3654225766658783,0.10996246337890625,0.14152128696441646,0.3200832009315491,0.08237085342407235
1789687758.192971,traffic cone,0.6222,135,96,70,55,4.7267,4.7253,2.285718,0.08085224,4.1365147,2.2892485,0.17020437,4.1302624,0.2129088044166565,0.4452084321528673,0.2150869369506836,0.14193327426910418,0.4453237719833851,0.16998867988586408
1789687758.237952,traffic cone,0.2986,156,57,135,52,5.4831,5.4889,3.7586412,0.12971044,3.989953,3.7651825,0.12968759,3.991841,0.5122363567352295,0.33966676890850067,0.3995025634765623,0.5026557445526123,0.3396194361150265,0.4039988994598387
1789687758.282977,traffic cone,0.2503,267,129,234,124,3.1870,3.1890,1.1950184,0.06227766,2.9538271,1.1983747,0.032231346,2.9550996,0.14464786052703849,0.4577529728412625,0.09098343849182156,0.14393689036369328,0.4220100477337837,0.0916535139083865
1789687758.327505,cardboard box,0.1883,86,68,56,42,8.1060,8.1189,-4.1421766,-0.03175483,6.9676695,-4.1436777,-0.032750756,6.9818163,0.3105455160140984,0.45541637390851974,0.6698321580886839,0.23311073780059743,0.2960848152637482,0.2685554742813103
1789687758.396790,traffic cone,0.8317,125,61,53,7,5.4207,4.6240,3.4382796,0.13386105,4.188582,2.8930016,0.24305911,3.599007,0.3624444007873535,0.3014161139726639,0.3540492057800293,0.16826653480529785,0.01524746567010879,0.09380171298980722
1789687758.442922,traffic cone,0.8042,218,81,102,54,3.8485,3.8464,1.0304029,0.1820725,3.7034779,1.0298839,0.18069935,3.7015963,0.17465150356292725,0.36547525227069855,0.11671638488769531,0.1400348484516143,0.3162036821246147,0.09386968612670898
1789687758.491236,traffic cone,0.6212,135,97,69,54,4.7297,4.7258,2.2875907,0.080513194,4.138855,2.290492,0.17003253,4.1301317,0.2331774711608885,0.4454058021306992,0.2147655487060547,0.12382404804229763,0.44569611288607125,0.17469720840454084
1789687758.540389,traffic cone,0.3052,158,63,135,54,5.4810,5.5079,3.755509,0.1307394,3.9900603,3.7854042,0.12932199,3.9989076,0.7412142753601074,0.3396200895309448,0.6423008203506466,0.4975319385528567,0.33965089023113254,0.3991152048110962
1789687758.586306,traffic cone,0.2534,266,128,232,122,3.1853,3.1888,1.194554,0.06236572,2.9521444,1.1997498,0.0023537874,2.9544635,0.14382336139678942,0.4608109213411803,0.09566818475723293,0.1422118008136748,0.42188412696123123,0.0959480643272399
1789687758.631187,cardboard box,0.1834,88,69,57,45,8.0935,8.1136,-4.1524954,-0.03173709,6.9470153,-4.150465,-0.032761037,6.971563,0.3357773780822759,0.45481117367744445,0.639362239837646,0.24707336425781268,0.29623551666736603,0.29059648513793945
1789687758.684062,traffic cone,0.8314,126,60,52,7,5.4246,4.6350,3.4395523,0.13391759,4.192621,2.9011698,0.24400544,3.6064615,0.35439133644104004,0.3013290323317051,0.35367672443389875,0.17142462730407715,0.0156983882188797,0.09783101081848145
1789687758.724709,traffic cone,0.8084,220,82,103,54,3.8507,3.8492,1.0321443,0.18307628,3.70527,1.0311022,0.18092874,3.7041306,0.1827748149633408,0.3649950601160526,0.1197244882583619,0.1409853279590605,0.316108601540327,0.08887548446655291
1789687758.767935,traffic cone,0.6219,135,97,71,57,4.7301,4.7303,2.2862134,0.08105165,4.1401176,2.290244,0.17034292,4.1353946,0.21504325866699192,0.44565921276807785,0.2154447555541994,0.1382843017578126,0.4459351673722267,0.17140264511108416
1789687758.798666,traffic cone,0.3113,160,64,138,64,5.4234,5.5583,3.6679854,0.20338373,3.9896865,3.8126373,0.1292674,4.042527,0.7686284422874454,0.3398092158138752,0.6916149616241456,0.6524509191513062,0.4216631282120943,0.6747720718383792
1789687758.846442,traffic cone,0.2541,268,128,232,123,3.1849,3.1901,1.19542,0.062353,2.9513426,1.1998935,0.0024000406,2.9558473,0.14397940039634705,0.4605156883597369,0.09800457954406738,0.14442130327224723,0.42198062837123873,0.09872579574584961
1789687758.894688,cardboard box,0.1785,88,70,57,44,8.0984,8.1117,-4.150497,-0.031877108,6.953896,-4.1476464,-0.03290671,6.9710703,0.3317100763320928,0.45579742193222045,0.6567517042160036,0.24738433361053414,0.2960885286331177,0.28678553104400617
1789687758.948322,traffic cone,0.8319,126,59,52,7,5.4182,4.6303,3.4375126,0.13346197,4.1859655,2.896897,0.24360324,3.6038694,0.36035983562469465,0.30196169912815096,0.3487554550170895,0.17183568477630606,0.015777586400508914,0.09869151115417463
1789687758.980796,traffic cone,0.8076,220,82,102,54,3.8498,3.8494,1.0320605,0.18294598,3.704334,1.0314875,0.1807864,3.7042124,0.1817844092845916,0.36562272608280183,0.1222741127014162,0.13932117819786072,0.3161419425159693,0.08899142742156974
1789687759.022287,traffic cone,0.6182,134,96,70,55,4.7300,4.7265,2.2850037,0.081039146,4.140707,2.2887626,0.16955198,4.131958,0.2139109969139099,0.445167088881135,0.21672534942626953,0.12617788314819345,0.44535690918564796,0.1729763507843014
1789687759.067604,traffic cone,0.3095,154,58,132,51,5.4559,5.4986,3.7180886,0.16686061,3.9893823,3.7769773,0.1301045,3.9940543,0.5220962047576903,0.3397996462881565,0.40721039772033674,0.4955383539199829,0.33977990597486496,0.4044313430786133
1789687759.113635,traffic cone,0.2525,272,129,235,124,3.1859,3.1890,1.1961801,0.06232874,2.9521518,1.2006178,0.0024833977,2.9543314,0.1440134048461914,0.45789179205894437,0.09343290328979492,0.14364083409309392,0.42195640206336976,0.09471142292022705
1789687759.158632,cardboard box,0.1860,88,65,57,43,8.0920,8.1115,-4.1542006,-0.03215584,6.944238,-4.1482453,-0.032813087,6.9704843,0.3436688423156742,0.4550404816865921,0.6183481216430664,0.2362815380096439,0.29606680274009706,0.2769066810607912
1789687759.231452,traffic cone,0.8327,131,63,54,7,5.4176,4.6345,3.4436748,0.13375533,4.1801877,2.8997588,0.24396995,3.606975,0.3617316246032716,0.30139054656028746,0.3576447486877443,0.1792285442352295,0.0168734133243561,0.10879092216491681
1789687759.273620,traffic cone,0.8065,218,82,103,53,3.8500,3.8475,1.0320368,0.1827155,3.7045925,1.0313653,0.18093163,3.7023087,0.1805815488100052,0.36621217131614686,0.11555898189544678,0.14067138433456428,0.29131297767162323,0.08347339630126971
1789687759.321446,traffic cone,0.6160,133,95,69,55,4.7274,4.7287,2.2850335,0.08122143,4.1376643,2.2883792,0.16996515,4.134578,0.21120436191558856,0.4455772824585438,0.21652722358703613,0.1276078224182129,0.44615436866879465,0.1805978298187254
1789687759.366536,traffic cone,0.3199,154,59,133,53,5.4919,5.5083,3.7677736,0.12969238,3.9935117,3.785754,0.12967348,3.999136,0.5125854730606076,0.33991920053958896,0.3990730285644535,0.5003710269927981,0.3399111151695251,0.4003935813903805
1789687759.412765,traffic cone,0.2559,269,128,237,123,3.1859,3.1890,1.195133,0.062310934,2.9525614,1.201171,0.002323106,2.9541335,0.14286392331123343,0.46046995669603297,0.09859471321105984,0.14255990982055677,0.42207874059677125,0.10039167404174831
1789687759.457827,cardboard box,0.1923,87,71,57,44,8.1064,8.1180,-4.1476564,-0.031861603,6.964831,-4.1510854,-0.032877617,6.976348,0.31519603729248047,0.4555225968360901,0.6767449378967285,0.2484607696533203,0.296075539290905,0.2912572145462038
1789687759.504665,traffic cone,0.8330,133,65,51,7,5.4226,4.6404,3.4453325,0.13398412,4.1853,2.904028,0.24447936,3.611079,0.364066982269287,0.30113359689712527,0.36863784790039045,0.1696789264678955,0.015435329079627969,0.09539048671722394
1789687759.535396,traffic cone,0.8070,219,80,101,53,3.8492,3.8487,1.0338775,0.18287106,3.7032135,1.0327048,0.18083915,3.7031035,0.17400055825710292,0.36705421172082425,0.105153465270996,0.14163907766342176,0.3202116876840591,0.08455719947814933
1789687759.582944,traffic cone,0.6193,136,97,72,58,4.7286,4.7290,2.2859607,0.08092451,4.138545,2.2907057,0.17039503,4.133637,0.22074337005615252,0.44538269639015193,0.2113121032714842,0.1451768636703492,0.4456801488995552,0.17787437438964915
1789687759.632371,traffic cone,0.3214,156,60,134,53,5.4874,5.5047,3.763744,0.13057725,3.991074,3.7812562,0.12967113,3.9983716,0.5216523647308353,0.3395589455962181,0.40748720169067365,0.4961933135986323,0.33953987360000615,0.39538412094116193
1789687759.678284,traffic cone,0.2567,265,129,233,126,3.1844,3.1891,1.1939844,0.062270045,2.95148,1.2002232,0.0323082,2.9544241,0.14414367675781237,0.45754187107086147,0.09460344314575186,0.1456144154071808,0.42218442261219025,0.09842061996459961
1789687759.722797,cardboard box,0.1947,87,67,56,43,8.0965,8.1117,-4.1492295,-0.031944916,6.952433,-4.147729,-0.0325976,6.9710126,0.33884501457214355,0.4547278255224228,0.636677169799805,0.23486394882202166,0.296225306391716,0.27644968032836914
1789687759.792460,traffic cone,0.8331,134,66,52,7,5.4232,4.6303,3.446224,0.13373661,4.185249,2.8979414,0.24360101,3.6030827,0.3694402575492859,0.30092138797044754,0.3799968957901001,0.16766598224639884,0.015134163200855227,0.09260358810424796
1789687759.839915,traffic cone,0.8074,218,81,100,54,3.8475,3.8478,1.0307211,0.18314393,3.7023125,1.0308754,0.18085125,3.7027595,0.18247514963150024,0.3662489205598831,0.12261652946472168,0.14157369434833533,0.3161442179232835,0.08772898912429827
1789687759.888210,traffic cone,0.6177,135,97,71,57,4.7269,4.7300,2.2861066,0.080998704,4.136488,2.291293,0.17022105,4.134513,0.2099905014038086,0.4454532533884048,0.21647663116455007,0.13953199386596715,0.44601296335458757,0.17812852859497053
1789687759.937624,traffic cone,0.3204,158,64,138,54,5.4558,5.5094,3.7195435,0.16691157,3.98786,3.7899222,0.12931947,3.996601,0.7620265483856201,0.3398521855473518,0.6802649974822996,0.5001821756362914,0.3398410096764564,0.40534377098083496
1789687759.983383,traffic cone,0.2548,270,131,235,126,3.1883,3.1906,1.1964647,0.062326938,2.9546847,1.1985831,0.002488166,2.9569473,0.14557421207427979,0.4520203247666359,0.09439623355865479,0.1458052694797516,0.4220491647720337,0.0954086184501648
1789687760.027913,cardboard box,0.1941,87,69,56,42,8.1116,8.1152,-4.1503496,-0.031530827,6.969378,-4.14117,-0.032801747,6.9789324,0.33015556335449237,0.4556003987789154,0.6613320350646967,0.23088932037353516,0.29603282660245894,0.2770750999450682
1789687760.097587,traffic cone,0.8328,133,67,52,7,5.4274,4.6282,3.445194,0.13377383,4.1916018,2.8952622,0.24342331,3.60251,0.36468586921691903,0.30136775374412533,0.3801140785217285,0.1706935167312622,0.015599027276039124,0.09701020717620867
1789687760.145800,traffic cone,0.8063,219,82,101,54,3.8462,3.8454,1.0317096,0.18258381,3.7007794,1.0305442,0.18093917,3.7003465,0.18195579051971444,0.36574149280786517,0.1287773847579956,0.13941602110862739,0.3160136196762323,0.08972190618514997
1789687760.191743,traffic cone,0.6173,135,97,70,55,4.7306,4.7322,2.2867322,0.08099586,4.1403484,2.2893534,0.17001638,4.1381288,0.21935214996337882,0.44556756913661955,0.21890764236450178,0.14451050758361772,0.44589896202087403,0.17509040832519496
1789687760.224241,traffic cone,0.3180,158,63,136,56,5.4293,5.5195,3.676285,0.2034308,3.99006,3.7941625,0.12838598,4.006543,0.7630099773406984,0.33998675197362904,0.6816578626632688,0.5244893431663513,0.3608162999153137,0.48380231857299805
1789687760.270799,traffic cone,0.2550,266,129,235,124,3.1855,3.1883,1.1946133,0.06241478,2.952324,1.200692,0.002467528,2.9536042,0.14408659934997559,0.4575839698314663,0.09353804588317827,0.14413100481033325,0.4221268966794014,0.09567219018936113
1789687760.317970,cardboard box,0.1897,87,71,57,44,8.1077,8.1135,-4.1476207,-0.031708717,6.966452,-4.1499977,-0.032812327,6.971739,0.3201594352722168,0.45536473393440247,0.6736516952514648,0.2471729755401606,0.29624153971672057,0.2906482219696045
1789687760.370035,traffic cone,0.8323,131,66,53,7,5.4273,4.6308,3.4478498,0.1339219,4.189289,2.897319,0.24364664,3.6041713,0.3653191328048706,0.3014717884361744,0.3701636791229248,0.171578359603882,0.015731006860733032,0.09821681976318386
1789687760.412142,traffic cone,0.8069,218,81,99,53,3.8499,3.8485,1.0325863,0.18309884,3.7043073,1.0325863,0.1810412,3.7029922,0.18046677112579346,0.3664708882570267,0.11311745643615723,0.1397069454193114,0.31962068378925323,0.08246450424194363
1789687760.457582,traffic cone,0.6144,135,96,71,57,4.7285,4.7273,2.2870727,0.08083731,4.137829,2.2896268,0.1705515,4.132347,0.2215343713760376,0.4453877694904804,0.2177518606185913,0.1399188995361329,0.445535346865654,0.1754992485046385
1789687760.502043,traffic cone,0.3129,157,64,135,53,5.4024,5.4944,3.6374207,0.20374152,3.98921,3.7690015,0.12977831,3.9958346,0.7648863673210142,0.3396394237875939,0.6874090671539306,0.49814567565917933,0.339615324139595,0.4042272090911867
1789687760.546061,traffic cone,0.2578,267,129,232,124,3.1864,3.1898,1.1951916,0.062283784,2.9531438,1.2005907,0.032292716,2.95506,0.1430083990097044,0.4576300144195553,0.09480581283569345,0.14393958449363708,0.4222141891717911,0.09522596597671518
1789687760.591433,cardboard box,0.1899,87,69,56,43,8.0964,8.1127,-4.148691,-0.02847758,6.95265,-4.1486235,-0.03261,6.971592,0.3349546432495112,0.455172199010849,0.6569195747375485,0.23185486793518084,0.2962033420801163,0.28129868507385236
1789687760.662743,traffic cone,0.8325,134,65,54,7,5.4251,4.6303,3.4431489,0.13394505,4.1902995,2.8975098,0.24360225,3.6034148,0.36873717308044407,0.3012286156415939,0.36782312393188477,0.17326536178588858,0.01597662568092345,0.10044941902160609
1789687760.711183,traffic cone,0.8083,219,80,104,53,3.8487,3.8480,1.032086,0.18337277,3.7032268,1.0330647,0.1808429,3.7022698,0.182192286849022,0.3698884446173906,0.11578502655029288,0.1424827814102172,0.32038429677486424,0.08254289627075195
1789687760.759237,traffic cone,0.6167,134,95,70,56,4.7285,4.7287,2.2857413,0.08106971,4.1385946,2.289922,0.17042178,4.1337605,0.20461223125457773,0.44542009979486463,0.2124766349792484,0.14255744218826294,0.4455787315964699,0.17178618907928467
1789687760.808945,traffic cone,0.3159,156,67,134,52,5.3855,5.4910,3.6189861,0.2040934,3.9830506,3.7666378,0.12962006,3.9933589,0.7631112337112422,0.3397553369402886,0.7253866910934446,0.5006375789642337,0.3398128278553486,0.4046237945556639
1789687760.854866,traffic cone,0.2563,270,130,235,126,3.1856,3.1891,1.195226,0.062270567,2.9522686,1.1992627,0.0025396496,2.9549947,0.14178988337516785,0.4549035802483557,0.09545464515686009,0.14616012573242188,0.42209533601999283,0.09643769264221191
1789687760.897432,cardboard box,0.1974,88,67,57,44,8.0905,8.1160,-4.152576,-0.03200698,6.943486,-4.149517,-0.0328288,6.975003,0.344531393051148,0.4550507515668869,0.6344012260437015,0.245908880233765,0.29581612795591355,0.2875800848007195
1789687760.956302,traffic cone,0.8300,132,66,53,7,5.4233,4.6277,3.4448419,0.13379784,4.186514,2.8946748,0.24338536,3.6023936,0.3686714172363281,0.30134422332048416,0.3709564208984375,0.17431750297546422,0.016149036586284637,0.10215499401092565
1789687760.988131,traffic cone,0.8140,220,82,102,54,3.8478,3.8468,1.0310293,0.18306793,3.702524,1.0303149,0.18092422,3.701861,0.18062921762466433,0.3664591640233994,0.1269988536834714,0.13966058790683744,0.3165351081639528,0.09248490333557102
1789687761.031059,traffic cone,0.6190,136,97,71,56,4.7285,4.7308,2.285498,0.0806738,4.138713,2.289547,0.16973308,4.136403,0.2229948997497555,0.4455900087952614,0.2147556304931646,0.12419718503952026,0.44582488387823105,0.1734452247619629
1789687761.076392,traffic cone,0.3131,156,62,133,53,5.4554,5.5068,3.7156565,0.16695134,3.9909794,3.7852955,0.12970902,3.997424,0.75865284204483,0.34017037972807884,0.6658364534378056,0.5020314216613766,0.34009899497032164,0.4060806751251218
1789687761.121893,traffic cone,0.2571,267,129,234,125,3.1854,3.1889,1.1951358,0.062285423,2.9520879,1.2010896,0.0024559796,2.9540708,0.14370589256286626,0.45790893435478175,0.09288063049316397,0.14582233428955083,0.42218988239765165,0.09494743347167933
1789687761.166776,cardboard box,0.1970,89,70,57,43,8.0995,8.1175,-4.1508894,-0.031818435,6.9549427,-4.150323,-0.032878622,6.9762607,0.3584974288940428,0.45551379323005675,0.655474066734314,0.23610625267028773,0.2963131994009018,0.273993587493897
1789687761.235695,traffic cone,0.8306,132,65,53,7,5.4265,4.6300,3.445376,0.13385154,4.1902375,2.896356,0.24358495,3.603996,0.36440157890319824,0.30162857174873353,0.37360439300537074,0.1771040201187133,0.01656379848718645,0.10598168373107919
1789687761.283450,traffic cone,0.8150,218,80,104,53,3.8489,3.8489,1.0309815,0.18356405,3.7036965,1.0321524,0.18103944,3.7035382,0.18148344457149512,0.36990360170602793,0.11922125816345197,0.14049710035324092,0.31973472237586975,0.0817777633666994
1789687761.331930,traffic cone,0.6201,133,94,70,55,4.7307,4.7280,2.2858138,0.080939874,4.1410255,2.2906158,0.17062433,4.132598,0.20670636892318717,0.4453455697745085,0.20910775661468506,0.14151022434234628,0.4455062337219715,0.16723279953002912
1789687761.381147,traffic cone,0.3150,157,65,135,57,5.3947,5.5295,3.6288104,0.20422484,3.9866087,3.8035765,0.12881787,4.011475,0.7605241298675534,0.3397430539131165,0.7060823440551753,0.5500246524810786,0.4218442186713218,0.639433431625366
1789687761.426495,traffic cone,0.2552,271,130,228,122,3.1874,3.1889,1.1959641,0.062213905,2.9539022,1.198647,0.062180728,2.9543796,0.14570131301879874,0.45510798171162586,0.09548963308334368,0.13908153772354126,0.4221864968538284,0.0975077033042906
1789687761.471683,cardboard box,0.1957,89,68,58,45,8.0885,8.1178,-4.155405,-0.032093138,6.939364,-4.155343,-0.032861352,6.973616,0.35655713081359863,0.45425892770290377,0.6245805501937873,0.2886007308959959,0.2960932970046997,0.2897111892700197
1789687761.544383,traffic cone,0.8319,127,61,54,7,5.4200,4.6301,3.4376016,0.13405064,4.1882267,2.89535,0.24359807,3.6049037,0.3643016815185547,0.3016936033964157,0.34902095794677734,0.17186169624328596,0.0157858908176422,0.09882757663726816
1789687761.575787,traffic cone,0.8153,220,82,101,53,3.8512,3.8486,1.032824,0.18273634,3.7055933,1.03014,0.18089086,3.703709,0.18279646635055535,0.36535354033112527,0.1272155284881591,0.1391110658645629,0.2911231487989426,0.09248828887939453
1789687761.614156,traffic cone,0.6206,133,94,70,55,4.7265,4.7309,2.283868,0.08093703,4.1373043,2.290204,0.17016897,4.1360893,0.20941108465194702,0.4455700229853392,0.21296422481536936,0.14135317802429181,0.4456786476075649,0.17204585075378453
1789687761.647835,traffic cone,0.3264,158,71,136,55,5.3876,5.5101,3.6203125,0.20433474,3.9846842,3.7859964,0.12932432,4.0012755,0.7752571105957031,0.3395945429801941,0.7575243711471558,0.5239379405975342,0.339744009077549,0.42313518524169913
1789687761.693249,traffic cone,0.2557,267,128,226,120,3.1866,3.1883,1.1945181,0.062298007,2.9535453,1.1987369,0.062207893,2.95367,0.1433480560779572,0.46091565787792155,0.09411365985870379,0.13654285669326782,0.42210826128721235,0.09626183509826669
1789687761.738451,cardboard box,0.1927,89,72,57,43,8.1082,8.1200,-4.1444254,-0.030029573,6.968963,-4.150513,-0.032785624,6.979042,0.33552162647247297,0.45586546659469607,0.661451745033264,0.2337295055389399,0.29640323519706724,0.2775712966918942
1789687761.807730,traffic cone,0.8293,134,66,52,7,5.4226,4.6341,3.446056,0.13384502,4.184679,2.899354,0.24393748,3.6068134,0.3678674101829529,0.3016938306391239,0.370932936668396,0.17471168041229257,0.016202925145626046,0.10260550975799587
1789687761.839610,traffic cone,0.8175,220,81,103,54,3.8485,3.8485,1.0303539,0.18270989,3.703484,1.0309772,0.18087168,3.7034247,0.18316727876663208,0.3651774674654007,0.12101411819458008,0.14096862971782675,0.3163424082100391,0.08975684642791748
1789687761.883050,traffic cone,0.6236,135,96,71,57,4.7284,4.7273,2.287449,0.08100793,4.1375165,2.2899182,0.1704572,4.132093,0.21353328227996826,0.4456483814865351,0.21406519412994385,0.13736500740051305,0.4457570925354958,0.17645635604858345
1789687761.928188,traffic cone,0.3274,154,59,134,54,5.4993,5.5087,3.7732239,0.12950157,3.998601,3.7859712,0.1292092,3.9994485,0.5067784070968631,0.33966375738382343,0.3966016769409184,0.4945243954658509,0.3396591812372208,0.3999681472778325
1789687761.973193,traffic cone,0.2558,267,131,228,122,3.1879,3.1897,1.1942174,0.06238094,2.9550855,1.1969889,0.062189057,2.9559329,0.14584553241729736,0.4518047049641609,0.09356331825256348,0.13803722858428946,0.4221069797873497,0.09531168937683088
1789687762.019016,cardboard box,0.1945,89,68,58,46,8.0858,8.1112,-4.1583395,-0.032078475,6.934512,-4.1507907,-0.032709964,6.9686174,0.3559297084808355,0.45437359511852266,0.6168298482894894,0.2851923704147339,0.2961084097623825,0.29643189907073975
1789687762.087754,traffic cone,0.8285,134,65,54,7,5.4294,4.6318,3.4464357,0.13410534,4.1930933,2.8980439,0.24373956,3.604969,0.3685196399688717,0.3014078944921494,0.36409168243408185,0.17143175601959237,0.015707178413867956,0.09798436164855939
1789687762.135155,traffic cone,0.8147,219,81,102,54,3.8481,3.8472,1.031515,0.18275096,3.7027361,1.0310669,0.18094794,3.7020724,0.18350762128829956,0.3656654506921768,0.1172797679901123,0.1404133707284928,0.3164624948054552,0.09129083156585693
1789687762.182532,traffic cone,0.6224,135,96,72,58,4.7283,4.7295,2.2863617,0.08113895,4.138016,2.2914224,0.17031041,4.133817,0.2124866247177124,0.44560795463621616,0.21813488006591797,0.14084699153900138,0.4458384618163109,0.18008460998535192
1789687762.230598,traffic cone,0.3218,156,64,133,51,5.3951,5.4961,3.6274614,0.20446886,3.988296,3.7722323,0.12999023,3.9951036,0.7653343319892882,0.33965116292238234,0.7105307698249819,0.4982171058654785,0.33961325883865356,0.4038372039794922
1789687762.278579,traffic cone,0.2554,270,130,234,124,3.1866,3.1909,1.1952604,0.06243027,2.9532673,1.2001749,0.0024504736,2.9566245,0.14480307698249817,0.45513026639819126,0.09416525363922146,0.13992991447448744,0.42231269776821134,0.09565827846527108
1789687762.323829,cardboard box,0.1983,90,72,58,44,8.0995,8.1081,-4.1465364,-0.03171175,6.957573,-4.1465364,-0.032799765,6.9675612,0.3596101284027098,0.45538983047008513,0.6613820075988768,0.2844537734985355,0.29608056247234343,0.2788403034210205
1789687762.384050,traffic cone,0.8291,133,64,53,7,5.4193,4.6324,3.443721,0.13359833,4.1822968,2.8985353,0.24378735,3.6052823,0.3677794218063357,0.3017979085445404,0.36293921470642054,0.1714780330657959,0.015713077783584606,0.09802918434143049
1789687762.431509,traffic cone,0.8146,219,80,103,53,3.8485,3.8475,1.0306377,0.18351898,3.7033951,1.0309834,0.18097019,3.7023613,0.18047337532043461,0.3701263558119535,0.12031149864196777,0.14075454473495497,0.3200499415397644,0.0822333335876464
1789687762.479328,traffic cone,0.6233,136,100,72,58,4.7274,4.7302,2.2842376,0.081410244,4.138129,2.2889795,0.17110917,4.1359735,0.21372668743133527,0.44552238918840886,0.22106561660766655,0.14215165376663208,0.445726140961051,0.17823338508605957
1789687762.527664,traffic cone,0.3126,155,57,133,52,5.4893,5.4993,3.7656913,0.12995842,3.9919393,3.7769623,0.1296477,3.994955,0.513144159317017,0.33966572880744933,0.39399991035461435,0.5009379863739016,0.3396338768303394,0.3973504066467286
1789687762.574485,traffic cone,0.2559,272,130,240,126,3.1846,3.1870,1.1963415,0.062337093,2.950737,1.1993935,0.0024710447,2.952746,0.14377365112304696,0.45483264178037625,0.09569199085235613,0.1432482898235321,0.42204999923706055,0.09674036502838135
1789687762.619656,cardboard box,0.1994,88,70,57,43,8.1071,8.1085,-4.14867,-0.031871557,6.9650574,-4.1485877,-0.0329002,6.966716,0.3386170625686651,0.4555914983153343,0.6492373466491692,0.24549589157104457,0.29623874425888064,0.2643789768218996
1789687762.668677,traffic cone,0.8266,133,66,52,7,5.4236,4.6343,3.4463997,0.13372345,4.1856623,2.8994157,0.24395417,3.6069884,0.36348748207092285,0.3013453334569931,0.3675194978713989,0.17335903644561768,0.016004596650600444,0.10078616142272923
1789687762.696404,traffic cone,0.8145,219,82,100,54,3.8491,3.8465,1.0315952,0.18259569,3.7037523,1.0297891,0.18099798,3.70164,0.1817882269620894,0.3656539522111416,0.12443125247955322,0.1400465548038481,0.3161642495542764,0.09216990470886222
1789687762.727395,traffic cone,0.6210,138,99,72,58,4.7275,4.7294,2.2858377,0.08082579,4.1373906,2.2893238,0.17088592,4.1349106,0.2305250406265258,0.4456105649471283,0.21415076255798304,0.1426895260810852,0.4458021506667137,0.18110163211822528
1789687762.770766,traffic cone,0.3062,158,64,136,54,5.4028,5.5100,3.636128,0.20404427,3.9908738,3.7848177,0.12899373,4.002266,0.7648862957954403,0.34004725962877275,0.6995568990707399,0.5156405448913577,0.34015830531716346,0.427399182319641
1789687762.816204,traffic cone,0.2576,265,128,235,125,3.1872,3.1892,1.195673,0.06230908,2.9537964,1.2007885,0.002555415,2.9545007,0.1423348546028138,0.4223716288805008,0.09657933712005651,0.14411346912384038,0.42220050394535064,0.09761266708374006
1789687762.862123,cardboard box,0.2043,87,69,57,43,8.1058,8.1066,-4.149357,-0.031847075,6.963152,-4.1471066,-0.03286022,6.965423,0.35523138046264613,0.4560249626636505,0.6617618560791012,0.23507895469665563,0.29626525938510895,0.27525062561035085
1789687762.929804,traffic cone,0.8263,133,65,53,7,5.4255,4.6342,3.444686,0.13378452,4.1894855,2.8998535,0.24394469,3.6065495,0.36948404312133754,0.30137603282928466,0.36362743377685547,0.1695678949356081,0.01542283743619921,0.09531056880950928
1789687762.961179,traffic cone,0.8138,219,82,100,54,3.8513,3.8495,1.0327477,0.18237871,3.705736,1.0319555,0.18088539,3.704213,0.18216772675514226,0.3658216990530491,0.1178851246833803,0.13936910033226013,0.3161972679197788,0.08739348649978673
1789687763.003646,traffic cone,0.6204,134,98,71,57,4.7288,4.7278,2.2858706,0.08158903,4.1388083,2.2901852,0.1707197,4.132584,0.20394413471221906,0.4455936014652252,0.22024102210998464,0.14188146591186523,0.44593913406133656,0.1789994239807129
1789687763.048991,traffic cone,0.3019,156,63,135,53,5.4108,5.5076,3.6505113,0.20412667,3.9886239,3.786822,0.12926574,3.9971192,0.7669936895370486,0.3394533574581146,0.6873601675033569,0.5009824275970463,0.3395784437656403,0.41385560035705593
1789687763.090237,traffic cone,0.2519,270,128,236,122,3.1860,3.1879,1.1960629,0.062302873,2.9523354,1.1990304,0.0024277344,2.9537816,0.14268890619277963,0.4609292410314078,0.09620864391326922,0.13962414264678968,0.42191669195890424,0.09740326404571542
1789687763.121898,cardboard box,0.2076,88,65,58,45,8.0996,8.1187,-4.154793,-0.032040626,6.952716,-4.1514006,-0.03280182,6.9769216,0.3476297378540041,0.45464715361595154,0.6119851112365717,0.24567317962646484,0.29608291685581206,0.291546726226807
1789687763.190621,traffic cone,0.8274,128,62,53,7,5.4262,4.6375,3.442614,0.1340326,4.192093,2.9014182,0.24423237,3.60947,0.3651365637779236,0.30131717994809154,0.35846614837646484,0.173614811897278,0.016037197411060328,0.10105698108673078
1789687763.227316,traffic cone,0.8157,219,81,102,54,3.8485,3.8472,1.0315739,0.18258105,3.7031593,1.0309826,0.18093933,3.7020524,0.18320578336715698,0.36563830077648163,0.12429094314575195,0.14108212888240823,0.3159196835011243,0.0894659161567688
1789687763.264697,traffic cone,0.6191,136,98,72,58,4.7277,4.7298,2.2851963,0.08165111,4.1379285,2.2897992,0.1709928,4.135024,0.21019762754440308,0.44570931047201157,0.21557745933532768,0.14398986101150513,0.4458609201014042,0.17435421943664586
1789687763.308936,traffic cone,0.3072,156,61,134,54,5.4860,5.5128,3.762164,0.13055174,3.990676,3.791099,0.12925312,4.0002775,0.524085283279419,0.33963286876678467,0.41593313217163086,0.499720883369446,0.339728357642889,0.4129092454910279
1789687763.355060,traffic cone,0.2528,267,130,229,121,3.1869,3.1884,1.1949441,0.062222034,2.9537685,1.197535,0.061898857,2.9542923,0.14390428662300114,0.45470781549811345,0.09456776380538923,0.13692843914031982,0.4219774901866913,0.09646987915039062
1789687763.401247,cardboard box,0.1982,90,69,59,45,8.0962,8.1188,-4.1578774,-0.032024324,6.9469466,-4.1549635,-0.033027828,6.974945,0.35840415954589844,0.45563952922821044,0.6214592933654783,0.27425422668457067,0.2963168084621429,0.285169696807861
1789687763.469698,traffic cone,0.8265,126,61,53,7,5.4243,4.6279,3.4416094,0.13377437,4.190567,2.89555,0.2433995,3.6019688,0.36690664291381836,0.30128879845142365,0.35149240493774414,0.17032220363616934,0.015542528033256564,0.09647064208984357
1789687763.516058,traffic cone,0.8180,219,82,100,54,3.8502,3.8493,1.0319455,0.18298544,3.704812,1.0306325,0.18090928,3.7043016,0.1820414662361145,0.3654198177158833,0.11671721935272217,0.14023194015026097,0.3158497646450996,0.08726164102554312
1789687763.563397,traffic cone,0.6198,134,97,73,58,4.7286,4.7304,2.2854679,0.081127316,4.138852,2.289641,0.17039874,4.135831,0.21261758804321307,0.44533310979604723,0.21499834060668999,0.1452008366584776,0.44549364782869816,0.17668914794921875
1789687763.612912,traffic cone,0.3091,158,65,136,54,5.4294,5.5052,3.67556,0.2032663,3.990913,3.7863321,0.12925497,3.9942768,0.7616133689880371,0.3397273004055023,0.6869287967681883,0.49634217023849514,0.3395921662449837,0.4004998683929446
1789687763.658523,traffic cone,0.2555,267,128,229,119,3.1855,3.1873,1.1946282,0.06232083,2.9523091,1.1988524,0.062208056,2.9525669,0.14503087997436515,0.46105495691299386,0.0894751429557803,0.13683624267578143,0.42222997844219207,0.09136028289794895
1789687763.703521,cardboard box,0.2110,88,69,57,43,8.1057,8.1095,-4.1501865,-0.031902418,6.962592,-4.147537,-0.03285794,6.968576,0.3582749366760254,0.4555897831916809,0.6583216667175291,0.236462497711182,0.2964043617248535,0.2745437145233156
1789687763.769789,traffic cone,0.8287,128,63,55,7,5.4253,4.6317,3.4426088,0.13388689,4.1909924,2.8970268,0.24373324,3.605597,0.36009480953216544,0.3018843799829483,0.36141166687011683,0.17258639335632298,0.015894271433353424,0.09981150627136248
1789687763.798030,traffic cone,0.8148,219,81,100,53,3.8506,3.8502,1.0334178,0.18265082,3.7047935,1.0334178,0.18096639,3.7044806,0.1828421950340271,0.3655920922756195,0.11740255355834961,0.14079234600067148,0.32003748118877406,0.0838327407836914
1789687763.829336,traffic cone,0.6218,135,96,73,58,4.7283,4.7317,2.2853436,0.08078803,4.1385593,2.28877,0.17026094,4.13776,0.2228856086730957,0.4452203307300806,0.21527349948883057,0.14068039655685416,0.44575543254613875,0.17795236110687274
1789687763.875985,traffic cone,0.3179,155,56,134,51,5.4564,5.4879,3.7187743,0.13031021,3.9907582,3.7641609,0.13005303,3.9913716,0.5123721957206726,0.34003856405615807,0.40631258487701416,0.5006886720657349,0.3399830460548401,0.4121401309967041
1789687763.921401,traffic cone,0.2566,261,128,231,125,3.1862,3.1892,1.1941427,0.062378995,2.9533403,1.1990978,0.062199682,2.9545631,0.14586275219917288,0.46067576482891986,0.09206082820892325,0.14729156494140638,0.4219708740711212,0.0936294555664059
1789687763.966435,cardboard box,0.2106,89,70,58,44,8.1016,8.1140,-4.150774,-0.03169027,6.9574337,-4.150774,-0.033007592,6.97184,0.33996970653533953,0.45598607063293456,0.6622719764709473,0.23456487655639613,0.29637984931468964,0.2676691293716429
1789687764.035674,traffic cone,0.8293,126,59,53,7,5.4191,4.6300,3.4396007,0.13401714,4.1853776,2.8965607,0.24358022,3.603786,0.36027925014495876,0.30175131261348725,0.3450150489807129,0.17136359214782715,0.015696555376052856,0.09789447784423855
1789687764.081925,traffic cone,0.8158,219,82,100,54,3.8480,3.8470,1.0315216,0.18297397,3.7026238,1.0315216,0.1808087,3.7016702,0.18197656571865073,0.36582648903131487,0.11863975524902326,0.1397335052490234,0.31653646640479566,0.09393963813781747
1789687764.129602,traffic cone,0.6220,135,96,72,57,4.7293,4.7286,2.2859445,0.080944136,4.1392946,2.2907844,0.17042851,4.133138,0.21638721227645874,0.4454480092972517,0.21325385570526123,0.1373098850250245,0.44573539942502977,0.17805013656616264
1789687764.177389,traffic cone,0.3190,155,60,133,52,5.4585,5.5039,3.7205539,0.16710836,3.9905884,3.779715,0.12971815,3.9987128,0.5409882545471194,0.3399895392358303,0.42656943798065194,0.49915381669998116,0.33994309678673745,0.40516693592071507
1789687764.225502,traffic cone,0.2531,271,130,230,121,3.1864,3.1883,1.1947606,0.062326998,2.9532247,1.1973338,0.062188,2.9542594,0.14354456663131732,0.455107234418392,0.09367256164550808,0.13671541213989258,0.42227497696876526,0.09795379638671875
1789687764.275347,cardboard box,0.2094,87,70,57,43,8.1075,8.1104,-4.1424494,-0.029998586,6.9692574,-4.1476626,-0.032831118,6.969568,0.3354326248168942,0.4553856685757637,0.6559620857238775,0.23971319198608398,0.29616792798042296,0.26449651718139666
1789687764.328406,traffic cone,0.8295,128,59,54,7,5.4175,4.6308,3.4388928,0.133952,4.183958,2.897772,0.2436495,3.6038902,0.3602975368499757,0.3010732144117355,0.3478419780731201,0.17262163162231436,0.015879057347774478,0.09953930377960196
1789687764.368073,traffic cone,0.8156,218,82,100,53,3.8480,3.8466,1.0323975,0.18294896,3.7024124,1.0301242,0.18099861,3.701689,0.18184661865234375,0.3658453918993473,0.12189801931381217,0.1417912244796753,0.2908206671476364,0.08749084472656277
1789687764.398387,traffic cone,0.6215,135,96,70,56,4.7268,4.7301,2.2864714,0.08103876,4.136182,2.2897334,0.17024183,4.1354203,0.21866679191589355,0.44584549590945244,0.20851922035217285,0.13780838251113892,0.44594899006187916,0.17787325382232666
1789687764.444256,traffic cone,0.3075,154,59,132,52,5.4854,5.5044,3.7609236,0.13049044,3.9910042,3.7771485,0.12966646,4.0018506,0.5161890268325808,0.3397813528776169,0.40226373672485316,0.49608634710311916,0.33972440734505654,0.39521770477294904
1789687764.490080,traffic cone,0.2515,266,129,228,121,3.1877,3.1896,1.1948035,0.062469557,2.954631,1.199666,0.062334016,2.954765,0.14377198219299325,0.45769253671169247,0.09058017730712908,0.13746976852416992,0.42232146859169006,0.09096908569335938
1789687764.528896,cardboard box,0.2041,87,72,57,43,8.1053,8.1102,-4.138991,-0.0300484,6.9687214,-4.1476398,-0.032841787,6.96927,0.3298261642456062,0.4554327666759491,0.6805494308471687,0.23197288513183612,0.2964615672826767,0.275319290161133
1789687764.588210,traffic cone,0.8303,128,65,52,7,5.4307,4.6344,3.4436843,0.13373944,4.197046,2.8988602,0.24396908,3.6076057,0.3676699161529542,0.30164290070533756,0.3659185409545893,0.17486851215362575,0.016232252120971707,0.10292279720306396
1789687764.619833,traffic cone,0.8146,221,81,104,53,3.8502,3.8479,1.0315337,0.18311,3.704871,1.0315337,0.18095669,3.7026098,0.18329739570617676,0.36572225391864777,0.12328553199768066,0.14004008769989018,0.32009559869766235,0.08670282363891602
1789687764.659813,traffic cone,0.6198,136,96,72,57,4.7280,4.7319,2.2852619,0.08096446,4.1382456,2.2884252,0.17052075,4.138179,0.22025710344314575,0.44583241268992424,0.20731902122497559,0.13907833099365208,0.44594228863716123,0.18197450637817347
1789687764.704695,traffic cone,0.3075,156,66,133,52,5.3899,5.4995,3.622241,0.20435585,3.9860644,3.7760558,0.12968935,3.9961534,0.7638412714004517,0.3399210423231125,0.7183483242988586,0.49868773221969587,0.33993993401527406,0.4049652814865108
1789687764.750061,traffic cone,0.2522,268,129,236,126,3.1844,3.1889,1.1947355,0.06229748,2.9511,1.200949,0.032304645,2.9539323,0.1428011417388917,0.4576323866844174,0.08936438560485849,0.1467573046684265,0.42204684019088745,0.09474658966064453
1789687764.795258,cardboard box,0.2067,88,70,56,43,8.0945,8.1127,-4.1503124,-0.031797417,6.9493995,-4.1491156,-0.032776162,6.971324,0.3582577466964718,0.4555417776107788,0.6637329339981077,0.24139208793640154,0.2964450865983963,0.27045383453369176
1789687764.858032,traffic cone,0.8306,128,59,54,7,5.4175,4.6372,3.438847,0.13385114,4.1839848,2.9012015,0.24420592,3.609252,0.3662391662597657,0.3018922358751297,0.3438302040100103,0.17369911670684823,0.016043096780776978,0.10108134746551523
1789687764.888165,traffic cone,0.8153,219,81,102,54,3.8479,3.8480,1.0313764,0.18315792,3.7025807,1.0313442,0.1809427,3.7027857,0.18297046422958374,0.3656858205795288,0.11511945724487305,0.1399860799312591,0.31597508676350117,0.09155995845794651
1789687764.931060,traffic cone,0.6206,135,96,72,57,4.7295,4.7308,2.2854948,0.08124684,4.1397676,2.289052,0.17068407,4.136574,0.20836395025253296,0.44571930170059204,0.20994770526885986,0.14096179008483878,0.44591627568006514,0.1787537574768061
1789687764.976799,traffic cone,0.3091,160,78,136,54,5.4179,5.5082,3.6639433,0.20398255,3.9859536,3.7862453,0.12833996,3.9985347,0.8850490331649778,0.42065202444791794,1.0228691339492797,0.5090704321861268,0.3399523124098778,0.4238334178924559
1789687765.022467,traffic cone,0.2500,268,130,230,122,3.1849,3.1873,1.1956024,0.062438935,2.9512596,1.1989893,0.062307127,2.9525437,0.1453390657901763,0.4549122899770735,0.0943513631820676,0.13970625400543213,0.42202909737825395,0.09969780445098886
1789687765.067029,cardboard box,0.2104,88,69,57,43,8.1065,8.1140,-4.151988,-0.031900436,6.9623933,-4.1492367,-0.03279309,6.972803,0.35982427597045863,0.45552772283554077,0.6595141410827638,0.23821859359741193,0.29628604352474214,0.26993536949157715
1789687765.120351,traffic cone,0.8312,130,64,54,7,5.4321,4.6359,3.4456854,0.13384883,4.197299,2.9008465,0.24409184,3.6079068,0.36626909971237165,0.3006656154990196,0.36337490081787127,0.17519848346710232,0.016266900300979603,0.10314390659332284
1789687765.159494,traffic cone,0.8150,219,80,102,53,3.8503,3.8493,1.0327284,0.18296118,3.7047362,1.0329033,0.18119746,3.7037122,0.17718313038349143,0.36979714371263983,0.11080440282821646,0.14192743301391597,0.3199126899242401,0.08201780319213903
1789687765.206589,traffic cone,0.6187,135,96,72,58,4.7275,4.7312,2.2857063,0.08102712,4.1374617,2.290777,0.17087491,4.136088,0.21443182229995728,0.4451330937445164,0.21048080921173096,0.14567843675613412,0.44610113017261027,0.18089001178741437
1789687765.251840,traffic cone,0.3088,158,68,137,54,5.3922,5.4989,3.6250257,0.20412137,3.9866004,3.7764406,0.1297224,3.9949143,0.7588671684265136,0.33978116065263747,0.7174389004707331,0.4990156054496766,0.33981171399354937,0.40712890624999964
1789687765.284312,traffic cone,0.2486,262,130,232,126,3.1865,3.1895,1.1953682,0.062404186,2.9531298,1.2004571,0.03244684,2.9547367,0.14490542411804208,0.4546378478407858,0.09556093215942374,0.14623939990997314,0.4220116287469864,0.09599447250366211
1789687765.329762,cardboard box,0.2142,87,70,57,45,8.1088,8.1189,-4.1526966,-0.031851172,6.964686,-4.1529603,-0.03306839,6.9763207,0.3400364398956297,0.4556637182831764,0.652081775665283,0.25193767547607404,0.29627761244773865,0.2783527374267578
1789687765.397706,traffic cone,0.8299,130,63,55,6,5.4346,4.6193,3.4420319,0.13374764,4.2034674,2.886754,0.24267197,3.598032,0.36327404975891087,0.3026744365692139,0.3502154827117927,0.14216238260269165,0.013012997806072235,0.0811719298362732
1789687765.441053,traffic cone,0.8155,218,80,102,51,3.8473,3.8465,1.0306529,0.18330514,3.702165,1.0288777,0.18081981,3.701879,0.18212031126022343,0.3698357883840799,0.10681972503662118,0.13554275035858154,0.29119972884655,0.07974708080291748
1789687765.480059,traffic cone,0.6196,134,95,73,59,4.7268,4.7273,2.285467,0.081392646,4.1366973,2.2884977,0.17073926,4.132906,0.2073878288269042,0.44562966823577876,0.20908174514770472,0.14459941387176523,0.44604286178946495,0.18394117355346662
1789687765.517907,traffic cone,0.3060,161,66,141,55,5.4230,5.5030,3.6689372,0.20337646,3.9883173,3.7859035,0.12963638,3.9915986,0.7596594095230103,0.33950943499803543,0.6813004016876221,0.4978039741516116,0.339419162273407,0.39949836730957067
1789687765.562663,traffic cone,0.2471,267,129,234,123,3.1879,3.1897,1.193765,0.06240602,2.9552414,1.1972957,0.062335685,2.955778,0.14457681179046644,0.45770676136016814,0.09454832077026376,0.14138296842575082,0.42220676839351656,0.09818110466003427
1789687765.621260,cardboard box,0.2009,89,71,59,46,8.0925,8.1070,-4.150737,-0.031878665,6.946811,-4.149912,-0.03300213,6.964207,0.33127284049987793,0.45552143454551697,0.6541261672973633,0.26778924465179443,0.2961132898926735,0.30270564556121826
1789687765.678385,traffic cone,0.8333,127,59,52,7,5.4164,4.6294,3.4386714,0.1335296,4.1827226,2.8961773,0.24353465,3.6034195,0.36418464183807364,0.30141317546367646,0.33916258811950684,0.17323040962219238,0.01598184704780581,0.10057015419006365
1789687765.721939,traffic cone,0.8165,218,81,102,54,3.8506,3.8481,1.0300964,0.18346119,3.7057488,1.0302542,0.18095382,3.70319,0.18319272994995117,0.3657948225736618,0.12058186531066895,0.1413493216037751,0.3160717513412237,0.09385973215103105
1789687765.765258,traffic cone,0.6174,135,96,72,57,4.7274,4.7291,2.2852726,0.08125575,4.1375546,2.2888572,0.17017347,4.1347556,0.21315675973892212,0.4455580338835716,0.21090281009674072,0.13539929389953587,0.44583113491535187,0.17566080093383807
1789687765.810057,traffic cone,0.3077,157,67,135,54,5.3927,5.5160,3.6252327,0.2043809,3.9871294,3.79254,0.12929204,4.00322,0.7601877689361571,0.3395242512226105,0.7286303520202635,0.5076826691627501,0.3397989556193352,0.426196813583374
1789687765.855351,traffic cone,0.2468,266,130,230,121,3.1878,3.1900,1.195605,0.062331714,2.9544208,1.1983924,0.06207958,2.9556863,0.1440598011016847,0.4550201073288916,0.09789375066757167,0.13515400886535645,0.42203906178474426,0.09863972663879395
1789687765.900627,cardboard box,0.2144,88,68,59,46,8.0918,8.1120,-4.147566,-0.032138757,6.947999,-4.151863,-0.0329056,6.9689226,0.3274658441543581,0.4540842279791832,0.6219642400741581,0.2706977128982544,0.2963087782263756,0.2999933958053589
1789687765.946801,traffic cone,0.8341,127,61,52,6,5.4325,4.6200,3.443208,0.13357404,4.1998377,2.886712,0.24273162,3.5989008,0.3599824905395508,0.30134741961956024,0.3553323745727539,0.14475148916244507,0.013410188257694244,0.08491122722625732
1789687765.977335,traffic cone,0.8176,216,80,103,54,3.8494,3.8492,1.031955,0.1827288,3.703974,1.0315135,0.18104717,3.703974,0.17401363551616666,0.3675462447106838,0.10978593826293936,0.1411815464496613,0.31618315950036047,0.08863888978958112
1789687766.022981,traffic cone,0.6168,133,96,70,56,4.7279,4.7310,2.284369,0.08143474,4.1385922,2.291183,0.17045277,4.135724,0.20943719148635864,0.4455681499093771,0.22049379348754883,0.14185315370559692,0.4457173105329275,0.17493045330047607
1789687766.070482,traffic cone,0.3116,156,61,134,54,5.4921,5.5100,3.7657533,0.12972471,3.995653,3.788249,0.1291921,3.9990458,0.5220060348510742,0.33976417779922485,0.4087703227996826,0.5007296323776247,0.33979652151465417,0.39895119667053214
1789687766.115601,traffic cone,0.2489,269,130,229,121,3.1864,3.1884,1.1960307,0.06245687,2.9527206,1.1990843,0.062353045,2.9537199,0.14245648384094234,0.4549128144979475,0.0948920488357543,0.1394333839416504,0.42219287157058716,0.09642863273620605
1789687766.161534,cardboard box,0.2224,89,66,58,44,8.0956,8.1204,-4.161541,-0.03197457,6.9440517,-4.1542583,-0.032878406,6.977274,0.35646724700927734,0.4550858214497566,0.6150904893875122,0.23593661785125786,0.2961700737476349,0.2720695495605474
1789687766.230517,traffic cone,0.8343,128,60,53,7,5.4188,4.6361,3.4380093,0.13337629,4.186322,2.9011447,0.24410886,3.6079326,0.35535272359848014,0.30207404121756554,0.3504340171813958,0.16922783851623535,0.015370666980743408,0.09481451511383021
1789687766.266842,traffic cone,0.8168,218,81,99,54,3.8478,3.8467,1.0328621,0.18268758,3.7021267,1.0309145,0.18088181,3.7015195,0.17314225435256958,0.363654300570488,0.10903477668762207,0.13972370326519012,0.31615304350852963,0.09037286043167114
1789687766.305491,traffic cone,0.6138,135,99,72,58,4.7289,4.7329,2.2852974,0.081403434,4.139263,2.2900476,0.17093532,4.1384807,0.2206806898117062,0.44528687074780465,0.22028803825378418,0.14643505811691293,0.445727414265275,0.17881288528442418
1789687766.347800,traffic cone,0.3048,154,59,132,53,5.4923,5.5126,3.7661452,0.13025045,3.9955518,3.7867506,0.12921602,4.0040126,0.5141678810119625,0.33974451571702957,0.40032854080200186,0.49888863563537633,0.339723327755928,0.3991090297698978
1789687766.393272,traffic cone,0.2530,265,130,225,121,3.1870,3.1889,1.1954632,0.06231574,2.9536343,1.19713,0.0622942,2.9549887,0.14578012228012094,0.4551373161375521,0.09657983779907209,0.13966453075408936,0.4221552163362503,0.09708237648010254
1789687766.439093,cardboard box,0.2123,89,71,58,44,8.0968,8.1168,-4.1454067,-0.031710207,6.9550176,-4.1486173,-0.033016108,6.9764385,0.33533358573913574,0.4557463675737381,0.6599254608154297,0.232715058326721,0.2964786022901535,0.27569799423217756
1789687766.491125,traffic cone,0.8347,126,58,53,7,5.4160,4.6359,3.4389105,0.13350749,4.1820383,2.9002793,0.244097,3.6083882,0.35410239696502677,0.30134518891572953,0.3398928642272949,0.17286908626556396,0.01592287719249727,0.0999910831451416
1789687766.531900,traffic cone,0.8168,219,81,100,54,3.8492,3.8480,1.034049,0.1826882,3.7031784,1.0312124,0.18108472,3.702865,0.17403918504714966,0.3634820729494095,0.11242318153381348,0.14040828049182885,0.3163094814866781,0.08900110721588117
1789687766.579465,traffic cone,0.6121,136,97,72,58,4.7283,4.7311,2.2857044,0.08077228,4.138283,2.2899404,0.17023005,4.136503,0.22499866485595676,0.44541291147470474,0.21474065780639684,0.14313062429428092,0.4456061363220215,0.17285549640655518
1789687766.627001,traffic cone,0.3078,155,60,132,53,5.4894,5.5084,3.7620049,0.13032132,3.9954531,3.7840734,0.12953001,4.0007515,0.5198017716407781,0.3395014747977257,0.4009406805038447,0.49532909393310565,0.3394640386104584,0.39864673614501944
1789687766.672452,traffic cone,0.2484,267,129,225,120,3.1859,3.1881,1.195276,0.062269762,2.9525359,1.1975557,0.062177755,2.953976,0.14281907081604017,0.45794031023979154,0.09304709434509295,0.13610799908638005,0.4222092002630234,0.09571242332458496
1789687766.704622,cardboard box,0.2189,87,69,57,44,8.1134,8.1165,-4.151078,-0.031743184,6.970947,-4.151611,-0.032743447,6.97426,0.33873748779296875,0.45564271211624147,0.6536757469177248,0.2361459016799925,0.29620078951120377,0.27602648735046387
1789687766.754204,traffic cone,0.8342,126,61,53,6,5.4212,4.6192,3.4379716,0.13367781,4.189495,2.8860624,0.2426693,3.5984893,0.35590481758117676,0.30159714818000793,0.3649778366088867,0.14223170280456543,0.013029806315898895,0.08137333393096924
1789687766.781699,traffic cone,0.8150,219,82,99,54,3.8486,3.8465,1.0325328,0.1826428,3.7029886,1.0312409,0.18101653,3.7012322,0.1822734236717224,0.36533489897847177,0.11877810955047607,0.14049901962280265,0.3163470461964607,0.09180788993835476
1789687766.811973,traffic cone,0.6133,136,97,71,57,4.7300,4.7286,2.2870216,0.08074686,4.1396103,2.2906125,0.1701203,4.133247,0.2317227363586425,0.4453867763280869,0.2105255126953125,0.13918313980102548,0.44554324448108673,0.17499008178710884
1789687766.857274,traffic cone,0.3066,156,61,134,53,5.4882,5.5044,3.76333,0.13073662,3.992511,3.7822037,0.12955323,3.9970677,0.5287802219390869,0.3399849236011505,0.4185936450958252,0.49859619140625,0.3397930353879928,0.40308156013488716
1789687766.903029,traffic cone,0.2470,268,129,235,123,3.1870,3.1895,1.1945211,0.062399402,2.9540184,1.1984394,0.0025175065,2.9557972,0.14351177215576172,0.45826206803321806,0.09542140960693324,0.14047498703002925,0.42225489020347595,0.09657754898071325
1789687766.947338,cardboard box,0.2177,89,67,59,45,8.0894,8.1084,-4.1500664,-0.03212072,6.9437056,-4.1500664,-0.032956973,6.965764,0.34187216758728045,0.4544117361307144,0.6186597347259521,0.27088651657104457,0.2959919452667236,0.2958564758300781
1789687767.016694,traffic cone,0.8314,128,64,53,7,5.4296,4.6319,3.4423645,0.13371475,4.196778,2.8969057,0.24375404,3.6059768,0.3654065608978274,0.30186572670936584,0.3661985397338867,0.17225825786590576,0.015837819874286674,0.0992604970932005
1789687767.062969,traffic cone,0.8147,220,81,102,53,3.8475,3.8474,1.0315186,0.18291603,3.7021039,1.0315186,0.18068738,3.702101,0.1823866367340088,0.3655446767807007,0.11968779563903809,0.13949928283691415,0.32007160782814026,0.08534812927246094
1789687767.110967,traffic cone,0.6090,138,99,74,59,4.7284,4.7304,2.287116,0.08091076,4.1376576,2.288212,0.17087711,4.1366544,0.23420693874359122,0.445440036803484,0.21426997184753382,0.14148144721984846,0.44583908170461656,0.17836761474609375
1789687767.159134,traffic cone,0.3051,160,71,137,54,5.3841,5.4986,3.6150777,0.20457397,3.9846466,3.7747502,0.1298409,3.996158,0.7539486885070801,0.3394335210323334,0.7417341470718384,0.49363445043563825,0.3395365849137306,0.3991509675979614
1789687767.208413,traffic cone,0.2408,269,129,237,127,3.1881,3.1920,1.1948335,0.062391475,2.9551132,1.2026397,0.06219907,2.9561021,0.14319541454315177,0.45802622735500303,0.09337596893310529,0.1460980772972107,0.42218606173992157,0.09689269065856942
1789687767.254133,cardboard box,0.2207,88,68,58,45,8.0939,8.1097,-4.1526203,-0.031786315,6.9473314,-4.150328,-0.03292972,6.9671826,0.3372008562088018,0.45570152401924136,0.6305046796798708,0.24449090957641584,0.2962135910987854,0.29031839370727486
1789687767.323362,traffic cone,0.8334,125,59,53,7,5.4196,4.6312,3.4382958,0.13389538,4.187091,2.8973746,0.24369128,3.6047578,0.36569273471832275,0.3011662036180496,0.3482008457183845,0.1747241258621215,0.016199864447116824,0.102561354637146
1789687767.354255,traffic cone,0.8165,218,82,101,55,3.8530,3.8523,1.0305061,0.18275128,3.7081397,1.0300188,0.18091096,3.7076545,0.18129029273986808,0.3658558249473572,0.11846711635589591,0.14015871286392212,0.3123366206884384,0.0968979835510253
1789687767.398896,traffic cone,0.6128,134,95,72,57,4.7291,4.7320,2.2853906,0.08090623,4.1394515,2.289456,0.17085381,4.137766,0.20734105110168466,0.44562366008758547,0.21789097785949707,0.14429464340209952,0.44582813382148745,0.18375482559204048
1789687767.439462,traffic cone,0.3079,155,60,133,52,5.4587,5.5023,3.7196388,0.16703975,3.991688,3.7772183,0.12978415,3.9989333,0.5357089757919309,0.33993965908885004,0.43217988014221165,0.4957448601722718,0.3399539917707443,0.40325341224670463
1789687767.470249,traffic cone,0.2436,266,129,225,119,3.1862,3.1889,1.1949408,0.062371746,2.952929,1.1975013,0.062139258,2.9548483,0.144275712966919,0.45778857767581904,0.0936126708984375,0.13731790781021114,0.4221463769674301,0.09526863098144522
1789687767.515110,cardboard box,0.2209,88,69,58,45,8.0951,8.1113,-4.149496,-0.031718805,6.950634,-4.1492496,-0.032883674,6.9696627,0.34116277694702113,0.4549527704715729,0.6423706054687495,0.2488309860229494,0.2963091194629669,0.2824765205383306
1789687767.583686,traffic cone,0.8338,127,60,53,7,5.4219,4.6316,3.4381616,0.13364519,4.1902323,2.898467,0.24371414,3.6043057,0.3542951822280882,0.30079557895660397,0.3577553510665892,0.1704858064651491,0.015550261735916143,0.09644026756286594
1789687767.630887,traffic cone,0.8143,219,82,99,54,3.8517,3.8508,1.0316614,0.18281604,3.7064493,1.0316614,0.18105787,3.7055745,0.1801666855812073,0.3659373573958874,0.12099299430847177,0.14029495120048519,0.31639155261218543,0.09339625835418719
1789687767.677942,traffic cone,0.6122,133,96,71,57,4.7307,4.7314,2.2875257,0.08173472,4.140112,2.2894533,0.17090936,4.137019,0.2073974609375,0.4456751774996519,0.21712136268615723,0.14461760520935085,0.44585296809673314,0.1769034385681154
1789687767.725780,traffic cone,0.3056,158,65,135,54,5.4127,5.5115,3.651294,0.20388715,3.99051,3.7871222,0.12926845,4.0021906,0.7596894264221188,0.33973218202590943,0.6928228378295902,0.5033591747283936,0.34000133946537975,0.4144296884536738
1789687767.774917,traffic cone,0.2482,269,129,232,123,3.1860,3.1890,1.1956173,0.062395677,2.9525146,1.199714,0.0024821311,2.954689,0.1444200992584228,0.45802472233772246,0.09610691070556632,0.14234778881073007,0.42210163474082946,0.09689269065856942
1789687767.821377,cardboard box,0.2157,89,70,59,45,8.1059,8.1167,-4.1514816,-0.031894505,6.9620094,-4.152505,-0.032770887,6.9740386,0.35512790679931605,0.4557681940495968,0.6487470388412477,0.2842893600463867,0.2961930751800537,0.28626995086669904
1789687767.889725,traffic cone,0.8349,126,58,54,7,5.4199,4.6317,3.4396634,0.13377944,4.186405,2.8987072,0.24372366,3.6042647,0.361462068557739,0.30139447897672655,0.34937517642974836,0.17322216033935556,0.015964692831039434,0.10030214786529523
1789687767.936113,traffic cone,0.8153,216,82,100,55,3.8482,3.8471,1.0305744,0.18309389,3.7031329,1.0299346,0.18082273,3.7022498,0.18134796023368827,0.3654285870492458,0.11612709760665885,0.1415322184562683,0.3126237206161022,0.10034186840057346
1789687767.983129,traffic cone,0.6124,136,97,72,58,4.7287,4.7316,2.286293,0.08089012,4.138439,2.2893143,0.17034121,4.1373925,0.22075471878051722,0.4456753939390182,0.21450138092041016,0.1429664254188534,0.4460690952837467,0.18034062385559047
1789687768.032671,traffic cone,0.3117,153,56,130,51,5.4905,5.4969,3.7634392,0.13039063,3.9955823,3.7728643,0.13002056,3.9956234,0.5113912224769592,0.3399052061140537,0.4031064510345459,0.4990665912628174,0.3397684767842293,0.40653491020202637
1789687768.078282,traffic cone,0.2508,269,129,226,119,3.1862,3.1895,1.1955608,0.062253833,2.952769,1.1984891,0.062162176,2.955156,0.14364657402038583,0.4578252792358395,0.0965376853942872,0.13547142744064344,0.4222582131624222,0.09682903289794931
1789687768.117616,cardboard box,0.2163,88,67,57,43,8.0966,8.1185,-4.1527,-0.032137617,6.950415,-4.1527,-0.03273426,6.9760027,0.35778331756591797,0.4544321119785309,0.6290369510650633,0.23665347099304235,0.29610417783260345,0.26379580497741717
1789687768.161181,traffic cone,0.8344,127,61,53,7,5.4251,4.6281,3.4408708,0.13367778,4.192148,2.8941722,0.2434245,3.6033084,0.36081433296203613,0.3017343282699585,0.3462543487548828,0.17623801231384295,0.01644189059734344,0.10491676330566424
1789687768.201551,traffic cone,0.8176,220,81,103,54,3.8521,3.8505,1.0317096,0.18325326,3.706813,1.0304899,0.18092541,3.705682,0.18244940042495728,0.3654989153146744,0.12572526931762695,0.14068740010261538,0.3163181021809578,0.08896272182464582
1789687768.245336,traffic cone,0.6113,135,96,73,58,4.7282,4.7308,2.2846289,0.08105603,4.138799,2.2909045,0.17016914,4.1356096,0.21263623237609863,0.4451911561191082,0.21695804595947266,0.1417184114456176,0.44522413834929464,0.17205085754394478
1789687768.290725,traffic cone,0.3124,159,64,137,56,5.4889,5.5183,3.7639685,0.16690885,3.9915888,3.7959843,0.12909454,4.003206,0.7387621879577635,0.33962837159633635,0.6356055259704583,0.5073650479316711,0.33973684161901474,0.41223466396331787
1789687768.335934,traffic cone,0.2531,269,130,231,123,3.1875,3.1896,1.1949198,0.06236963,2.9543731,1.1980387,0.062290728,2.9554017,0.14502654671669002,0.4549277395009993,0.09482605457305926,0.1411576390266418,0.42221943140029905,0.09642872810363734
1789687768.381153,cardboard box,0.2150,87,71,57,43,8.1128,8.1192,-4.147512,-0.03151861,6.9723654,-4.150227,-0.03277436,6.978262,0.3270542621612549,0.45583871006965637,0.6870884895324707,0.23249349594116175,0.2963324159383774,0.27861204147338814
1789687768.449992,traffic cone,0.8335,130,64,55,7,5.4327,4.6332,3.4465988,0.13405272,4.1973433,2.8988564,0.24386404,3.606125,0.36794761419296274,0.30092356204986576,0.36242313385009783,0.17772629261016837,0.016658282279968267,0.10684740543365479
1789687768.496826,traffic cone,0.8175,218,81,101,53,3.8507,3.8497,1.0313044,0.18274944,3.705491,1.0313044,0.18099879,3.704564,0.1818687915802002,0.3656443655490875,0.11487960815429688,0.13903623819351207,0.32027446329593656,0.08364858627319327
1789687768.544027,traffic cone,0.6111,135,96,71,57,4.7286,4.7308,2.2857127,0.080565795,4.138646,2.2901053,0.17055939,4.1360583,0.22550374269485474,0.44547560438513756,0.21468043327331543,0.13760199546813956,0.44556692689657207,0.1797820091247555
1789687768.592212,traffic cone,0.3136,159,64,137,54,5.4213,5.5005,3.665752,0.16684233,3.9906278,3.7795038,0.1291713,3.9942462,0.765691566467285,0.3397147089242935,0.6775523662567138,0.4930427789688112,0.3396278917789459,0.40569560527801496
1789687768.641058,traffic cone,0.2528,269,129,232,121,3.1870,3.1881,1.1951549,0.062351108,2.953712,1.197434,0.062305644,2.9540122,0.1428112030029296,0.4576213568449017,0.09171924591064418,0.1382538080215454,0.42220908403396606,0.09353828430175781
1789687768.686617,cardboard box,0.2165,90,72,59,45,8.0923,8.1149,-4.152732,-0.031862102,6.94549,-4.1529617,-0.033035308,6.971558,0.35532059669494576,0.45579458177089693,0.6808174848556519,0.2701932907104494,0.29624235033988955,0.2954966545104982
1789687768.755909,traffic cone,0.8330,129,63,54,7,5.4294,4.6315,3.443868,0.13405874,4.195227,2.897302,0.24371237,3.605115,0.36577820777893066,0.30115918666124347,0.3548408031463621,0.17420291900634766,0.016116428375244157,0.10176811218261728
1789687768.793474,traffic cone,0.8159,219,81,102,53,3.8510,3.8491,1.031574,0.18313333,3.7057061,1.031574,0.18115002,3.7039042,0.18230712413787842,0.3656952232122421,0.114776611328125,0.1414160013198852,0.319976207613945,0.08584251403808585
1789687768.823380,traffic cone,0.6150,135,96,73,58,4.7304,4.7313,2.287039,0.08094844,4.139955,2.2891867,0.170653,4.1371193,0.21296483278274536,0.44573327526450157,0.21154344081878662,0.1424771070480344,0.44592911675572394,0.18106570243835485
1789687768.855321,traffic cone,0.3135,161,70,140,55,5.3889,5.5064,3.623403,0.20416825,3.9836538,3.7876217,0.12961492,3.9946256,0.755095744132996,0.33964776173233985,0.7210044860839844,0.4947357177734375,0.33964814692735673,0.40352406501770055
1789687768.900216,traffic cone,0.2527,265,129,228,121,3.1868,3.1888,1.195205,0.062393457,2.9535284,1.198642,0.062234163,2.9542446,0.14329664707183842,0.45787496268749206,0.09531068801879883,0.13714265823364258,0.42221473157405853,0.09612894058227539
1789687768.945082,cardboard box,0.2166,87,72,57,44,8.1077,8.1114,-4.141595,-0.030052185,6.969956,-4.1489286,-0.03284259,6.969956,0.3304022550582886,0.45552311688661573,0.6635000705718994,0.23800988197326678,0.29642538726329803,0.2746764183044439
1789687769.014964,traffic cone,0.8323,128,63,56,7,5.4307,4.6285,3.4442806,0.13382074,4.1966667,2.8949912,0.24345222,3.6031098,0.368111443519592,0.3013877376914025,0.35335812568664515,0.17186334133148184,0.015774419903755194,0.09864974021911621
1789687769.062430,traffic cone,0.8153,217,80,100,53,3.8501,3.8486,1.0337782,0.18279512,3.7042382,1.0321933,0.18122774,3.7031627,0.17296062707900994,0.3675198573619127,0.10444797277450579,0.14159803390502934,0.32002535462379456,0.08246307373046902
1789687769.110413,traffic cone,0.6158,134,96,73,58,4.7298,4.7303,2.286105,0.0815012,4.1398077,2.289517,0.170966,4.1357603,0.20407319068908691,0.4456094838678837,0.2202063798904419,0.14380420446395847,0.44602837339043616,0.18799924850463867
1789687769.157867,traffic cone,0.3116,157,57,135,52,5.4834,5.4925,3.75861,0.13063034,3.990428,3.7695172,0.16694888,3.9913359,0.5125248432159424,0.3399431973695755,0.40367298126220685,0.49861782789230347,0.3397756487131119,0.4066344976425169
1789687769.205445,traffic cone,0.2539,265,129,230,123,3.1872,3.1891,1.1944088,0.062372535,2.9542615,1.1982932,0.06233728,2.9547238,0.14488532543182386,0.4579214453697201,0.09361038208007821,0.1410750269889831,0.42217678725719454,0.09572534561157253
1789687769.252740,cardboard box,0.2142,88,69,58,44,8.1141,8.1161,-4.1513205,-0.031677797,6.971704,-4.15211,-0.03284985,6.973565,0.3394291877746589,0.4558553397655487,0.6575138092041017,0.23737969398498482,0.29612973481416704,0.2716968059539795
1789687769.321541,traffic cone,0.8348,125,60,52,7,5.4201,4.6300,3.4399824,0.13380496,4.1864004,2.8961174,0.24358577,3.6041813,0.36235594749450684,0.3014206103980541,0.347277975082398,0.17402060031890842,0.016100928187370273,0.101688838005066
1789687769.368918,traffic cone,0.8120,219,81,101,54,3.8524,3.8506,1.0304445,0.18263012,3.7075436,1.0297885,0.1810308,3.7059698,0.17666220664978027,0.3654942065477371,0.1211545467376709,0.14015184640884393,0.3165119979530573,0.09424709081649763
1789687769.416561,traffic cone,0.6156,136,97,74,59,4.7288,4.7298,2.2847981,0.08127624,4.139408,2.2897904,0.17041087,4.13513,0.21372189521789542,0.4456326022744179,0.21977615356445312,0.14145350456237793,0.445792992413044,0.17951545715331996
1789687769.464408,traffic cone,0.3151,155,58,133,53,5.4948,5.5100,3.768435,0.12982972,3.9967885,3.7846274,0.12958297,4.0024805,0.5048893690109257,0.33970666825771334,0.3904695510864258,0.49455690383911177,0.3396012604236603,0.39491724967956543
1789687769.510382,traffic cone,0.2536,267,128,234,123,3.1864,3.1897,1.19378,0.06236571,2.95365,1.1991434,0.002427131,2.9557505,0.1441112220287324,0.4607337616384024,0.09399404525756871,0.14332679510116564,0.42210846245288847,0.09547843933105504
1789687769.542978,cardboard box,0.2087,89,70,58,45,8.1014,8.1135,-4.1532907,-0.03166376,6.9556684,-4.1527715,-0.032810465,6.9700556,0.3563429594039915,0.45539101809263227,0.6473010063171385,0.24885187149047816,0.2963417708873749,0.28108386993408185
1789687769.587474,traffic cone,0.1508,28,16,25,14,8.4414,8.4311,-5.0720487,-0.026402853,6.7476645,-5.0631266,0.045017406,6.741356,0.28745996952056885,0.306889571249485,0.2340836524963379,0.2934134244918818,0.15411193668842316,0.2141229152679447
1789687769.656286,traffic cone,0.8334,128,61,55,7,5.4265,4.6386,3.439253,0.13382035,4.1952443,2.9024892,0.24433088,3.6100917,0.36377549171447754,0.3014516830444336,0.3494691848754883,0.17113463878631574,0.015652680397033714,0.09741802215576145
1789687769.702747,traffic cone,0.8126,217,80,102,53,3.8504,3.8464,1.0313693,0.18301989,3.7051654,1.0308174,0.18110687,3.701271,0.17740708589553833,0.3693285051733255,0.11971120834350568,0.1405131340026856,0.29056436419487003,0.08781285285949725
1789687769.749527,traffic cone,0.6137,132,95,70,57,4.7296,4.7280,2.2854085,0.0815649,4.1399617,2.288928,0.17058453,4.1334343,0.21101598739624006,0.4452862605452538,0.21727590560913157,0.1439745903015135,0.44550902098417283,0.18430166244506818
1789687769.797315,traffic cone,0.3058,155,65,133,51,5.3925,5.5005,3.6246185,0.20444503,3.987341,3.774571,0.12981388,3.9988956,0.7622495174407957,0.3399044871330261,0.7188736915588381,0.5033396482467651,0.339844785630703,0.4010043144226074
1789687769.845306,traffic cone,0.2518,268,129,237,124,3.1874,3.1918,1.1949478,0.06234941,2.9542422,1.2007298,0.0024114922,2.9573,0.14395105838775635,0.4579598665237423,0.09331359863281241,0.14259774684906024,0.4222680389881134,0.0950126886367797
1789687769.893824,cardboard box,0.2067,89,70,59,46,8.0938,8.1112,-4.150453,-0.032099374,6.948579,-4.1503267,-0.032907814,6.968873,0.3565554141998293,0.45496796518564225,0.6525156021118157,0.2876046895980835,0.2961117625236511,0.2839193344116211
1789687769.961354,traffic cone,0.8343,128,63,53,7,5.4315,4.6326,3.4435308,0.13372819,4.198312,2.8993816,0.2438065,3.6049397,0.3628122329711916,0.30119969993829726,0.36125211715698224,0.1702586174011227,0.015516105294227589,0.09611465930938712
1789687769.996903,traffic cone,0.8136,219,81,100,53,3.8486,3.8465,1.0316666,0.18301032,3.7032664,1.0316666,0.18107052,3.701125,0.1827492117881775,0.3657722771167755,0.10830378532409668,0.14105426073074334,0.3202290654182434,0.08416171073913592
1789687770.039371,traffic cone,0.6151,135,96,70,56,4.7282,4.7311,2.2852,0.08086778,4.138493,2.2897825,0.17040618,4.1365566,0.2237149477005005,0.4454046692699194,0.21559882164001465,0.1395958662033081,0.44561128690838814,0.17737305164337158
1789687770.084152,traffic cone,0.3129,157,61,135,53,5.4844,5.5075,3.7581456,0.13066833,3.992277,3.7855694,0.12957074,3.998194,0.5258052349090576,0.33946022391319275,0.41240429878234863,0.498435688018799,0.33941655457019804,0.3991286754608159
1789687770.129565,traffic cone,0.2490,265,129,232,125,3.1861,3.1903,1.1963931,0.06237851,2.9522634,1.2005756,0.002636984,2.955791,0.14540071487426753,0.45772213041782345,0.09562921524047852,0.14439985752105722,0.4221287131309509,0.0968472957611084
1789687770.173862,cardboard box,0.1995,86,71,57,43,8.1081,8.1156,-4.134633,-0.031646132,6.9746413,-4.1492324,-0.032730803,6.9746413,0.3052234649658203,0.45575135946273804,0.679640531539917,0.2310781478881836,0.2962284952402115,0.27663798332214373
1789687770.222047,traffic cone,0.8352,126,62,54,7,5.4256,4.6313,3.442183,0.13396242,4.1917133,2.8973427,0.24369422,3.604828,0.36220042705535915,0.3012686990201473,0.35745356082916224,0.16909720897674552,0.015353226661682096,0.09469046592712393
1789687770.253236,traffic cone,0.8137,218,82,99,54,3.8524,3.8513,1.0333712,0.18287067,3.7067413,1.0308154,0.18091267,3.7063673,0.18303279280662543,0.365114476531744,0.12677160501480111,0.14165663421154018,0.3163162939250469,0.08765509128570548
1789687770.302343,traffic cone,0.6159,134,95,72,57,4.7301,4.7283,2.285454,0.08075243,4.140547,2.2881372,0.17026436,4.134261,0.21496708393096897,0.44577013030648227,0.2084367275238037,0.134985399246216,0.4459579631686211,0.17398529052734357
1789687770.347752,traffic cone,0.3083,155,58,133,51,5.4581,5.4995,3.7201781,0.16700809,3.990451,3.770892,0.12954062,4.0010552,0.5263327360153198,0.3400611877441406,0.4110982179641729,0.5019264221191406,0.34006868302822113,0.4072589874267578
1789687770.396734,traffic cone,0.2525,267,128,234,123,3.1866,3.1901,1.1952374,0.062342487,2.9532568,1.2004699,0.002439171,2.9556353,0.14440825581550598,0.4609636336565013,0.09487572908401498,0.1435429811477662,0.4223222315311432,0.09626815319061288
1789687770.445315,cardboard box,0.2050,88,72,58,44,8.1091,8.1128,-4.145695,-0.030053474,6.969232,-4.1509123,-0.03292939,6.970405,0.334081768989563,0.4557069823145866,0.6766160964965815,0.23411412239074725,0.29624442756175995,0.26964430809021067
1789687770.500882,traffic cone,0.8350,127,60,55,7,5.4217,4.6290,3.4410415,0.1338751,4.187678,2.8956282,0.24349453,3.603254,0.3574535727500914,0.30183966308832166,0.3559967517852778,0.17614612579345712,0.016421766579151176,0.1046750545501709
1789687770.543735,traffic cone,0.8143,219,82,101,54,3.8515,3.8496,1.032438,0.1828847,3.7060125,1.0314801,0.18111575,3.704432,0.17983056902885441,0.3663201034069062,0.1159723520278928,0.14100458621978762,0.3165868032723665,0.08948185443878165
1789687770.575537,traffic cone,0.6129,135,98,72,57,4.7303,4.7314,2.2854843,0.08142029,4.140707,2.2906363,0.17033188,4.136455,0.2124977588653567,0.44571048952639103,0.2172008037567137,0.1442147731781005,0.4458401560783386,0.1705227851867681
1789687770.618731,traffic cone,0.3081,154,60,134,53,5.4888,5.5102,3.7614827,0.13068826,3.9951053,3.785963,0.1296648,4.0014973,0.5175111651420594,0.33963672891259195,0.41033537387847874,0.4939160346984859,0.3394175976514816,0.40092034339904803
1789687770.663642,traffic cone,0.2533,266,130,233,124,3.1868,3.1917,1.1955056,0.06253301,2.953408,1.2005382,0.032364167,2.9571593,0.14607010483741778,0.4550630576908587,0.09324762821197474,0.14364422559738155,0.42224345803260804,0.09387404918670672
1789687770.708054,cardboard box,0.2055,88,70,58,45,8.1032,8.1107,-4.1516953,-0.031673,6.95872,-4.1526475,-0.03294167,6.9668603,0.3369595289230345,0.4556401759386063,0.6589145183563234,0.24844713211059588,0.29639669954776765,0.2846812248229975
1789687770.761262,traffic cone,0.8345,130,63,54,7,5.4325,4.6348,3.4441214,0.13377063,4.1990685,2.8990858,0.24400268,3.607919,0.36588857173919687,0.30129746496677395,0.35357589721679705,0.1699432849884035,0.01548007279634478,0.0958757638931278
1789687770.801597,traffic cone,0.8154,218,80,102,53,3.8501,3.8500,1.0329819,0.18359756,3.704421,1.0330117,0.18126462,3.704391,0.18212162852287284,0.3693883910775185,0.1196620225906373,0.1413879513740539,0.32022037804126735,0.0808095932006836
1789687770.847318,traffic cone,0.6111,134,95,72,57,4.7301,4.7330,2.285389,0.08112042,4.1405654,2.2911732,0.17050348,4.137931,0.20371034145355216,0.44516377672553065,0.20641603469848668,0.1417913913726805,0.445258392393589,0.1782374382019043
1789687770.874538,traffic cone,0.3040,157,60,135,54,5.4871,5.5008,3.7606478,0.13046731,3.993542,3.7791972,0.12985456,3.9949186,0.5087472915649416,0.339559880644083,0.4038954496383669,0.49637317657470703,0.3395817719399929,0.403844952583313
1789687770.913251,traffic cone,0.2548,269,130,231,123,3.1876,3.1902,1.1950946,0.06246435,2.954424,1.1980543,0.062345013,2.9560783,0.14437656402587895,0.42249649465084077,0.09591097831726092,0.13842397928237915,0.42221996784210203,0.09641132354736293
1789687770.949855,cardboard box,0.1944,87,65,57,44,8.0963,8.1081,-4.149106,-0.03179343,6.952313,-4.147526,-0.032751605,6.9669924,0.3443550109863285,0.4551983803510666,0.6110488891601564,0.2342672348022461,0.29606416150927545,0.2798835754394533
1789687771.017982,traffic cone,0.8356,129,62,54,7,5.4255,4.6379,3.441538,0.13390216,4.192158,2.9018853,0.24426845,3.609648,0.3651078939437866,0.3009967409074306,0.3540524721145628,0.17416300773620597,0.01611008048057555,0.10168406963348353
1789687771.046659,traffic cone,0.8161,218,81,100,54,3.8531,3.8485,1.0324085,0.18257967,3.7077582,1.0312349,0.18109484,3.7033825,0.17785286903381348,0.3658236265182495,0.11610603332519531,0.14143387973308563,0.3162581332027912,0.08693549633026132
1789687771.074468,traffic cone,0.6148,135,97,72,58,4.7297,4.7335,2.2855177,0.08141443,4.140025,2.2896678,0.1710621,4.139309,0.21361923217773438,0.445239619910717,0.2170956611633299,0.14645816087722796,0.4457540776580572,0.17786717414855957
1789687771.105476,traffic cone,0.3079,153,57,133,51,5.4853,5.4986,3.7590241,0.13045856,3.9926522,3.7730415,0.13014194,3.9977353,0.5158489704132081,0.3396409898996353,0.3987449169158932,0.4999392032623291,0.3395475298166275,0.39890313148498535
1789687771.150156,traffic cone,0.2555,269,131,231,122,3.1882,3.1890,1.1951579,0.06223607,2.9550414,1.1970509,0.062190734,2.9551644,0.14480209350585938,0.4522092789411545,0.09360885620117188,0.13814241290092477,0.42234077751636506,0.0953655958175661
1789687771.195342,cardboard box,0.1970,87,67,57,43,8.1068,8.1142,-4.148025,-0.031744137,6.9651194,-4.148025,-0.032776162,6.97371,0.33892641067504936,0.4560122489929199,0.657850360870361,0.23416638374328613,0.29614152312278746,0.27419600486755424
1789687771.264466,traffic cone,0.8329,127,60,53,7,5.4204,4.6307,3.4383147,0.13364434,4.188239,2.895654,0.24364975,3.6054127,0.3635682225227357,0.3012858420610428,0.34741365909576416,0.17266905307769775,0.015905269980430625,0.09992871284484872
1789687771.311858,traffic cone,0.8153,219,81,100,54,3.8510,3.8488,1.0314775,0.1827237,3.7057464,1.0307872,0.18136622,3.7037091,0.17455661296844482,0.36583463847637177,0.1244819164276123,0.13933327496051784,0.31636677533388136,0.08612506389617947
1789687771.354184,traffic cone,0.6096,135,97,74,59,4.7303,4.7328,2.2855515,0.08137822,4.140663,2.288927,0.17089546,4.138984,0.2098674774169922,0.4451190128922462,0.21705856323242134,0.1406435728073121,0.4455465249717236,0.1793104171752926
1789687771.385865,traffic cone,0.2992,156,63,134,54,5.4913,5.5127,3.760355,0.20337,3.9965646,3.785817,0.12991491,4.0050335,0.7546051502227784,0.33984060287475587,0.6488224029541012,0.5095983982086185,0.33990432769060136,0.40138568878173864
1789687771.430058,traffic cone,0.2582,264,128,228,122,3.1867,3.1898,1.1944877,0.062448747,2.9537268,1.1979585,0.062423013,2.95564,0.14440528750419612,0.4226414948701859,0.09291163682937631,0.13783196210861215,0.4223696753382683,0.09623212814331072
1789687771.476016,cardboard box,0.2061,87,66,57,44,8.0964,8.1132,-4.1512156,-0.031908497,6.9511385,-4.1498675,-0.032908864,6.97153,0.34546375274658203,0.4558269679546356,0.6299265623092651,0.23737499713897758,0.2962951689958572,0.27394444942474383
1789687771.546131,traffic cone,0.8361,129,61,53,7,5.4226,4.6353,3.4414341,0.13377011,4.1884584,2.9000704,0.24404484,3.6078038,0.35787057876586914,0.30154310166835785,0.36107826232910156,0.17299754619598406,0.015941020846366893,0.10015015602111799
1789687771.581757,traffic cone,0.8147,220,83,101,55,3.8522,3.8512,1.0314647,0.18280905,3.7069926,1.0282718,0.18118659,3.7069926,0.18179876804351813,0.3654897034168243,0.12486019134521475,0.14067021012306213,0.3126915745437145,0.094903516769409
1789687771.622032,traffic cone,0.6120,135,97,72,58,4.7301,4.7321,2.2854526,0.08134684,4.140556,2.290498,0.17051335,4.1372538,0.21420946121215811,0.4456430658698082,0.21802759170532227,0.14238430261611912,0.4457464147359133,0.17569947242736816
1789687771.665821,traffic cone,0.3111,154,59,132,52,5.4867,5.5038,3.7581894,0.13065886,3.995285,3.7781634,0.12978049,4.000105,0.5188972234725955,0.34006370306015016,0.40593385696411133,0.49624428749084437,0.33991069048643113,0.4053977251052858
1789687771.711749,traffic cone,0.2564,268,130,232,125,3.1872,3.1915,1.1956255,0.06251598,2.9538028,1.1989142,0.062090725,2.9570746,0.14510141611099248,0.4550347015261648,0.0945965051651001,0.14496088027954102,0.42221078276634216,0.09535884857177734
1789687771.755484,cardboard box,0.2118,89,70,58,44,8.1025,8.1114,-4.149544,-0.03179685,6.959192,-4.149544,-0.032850288,6.9696035,0.33670806884765625,0.4561542943120003,0.659902882575989,0.23994059562683034,0.29596049934625623,0.2709366559982298
1789687771.802283,traffic cone,0.8358,127,61,54,7,5.4254,4.6302,3.4410393,0.13398136,4.192377,2.8950477,0.24361281,3.605328,0.3593149185180664,0.3019798994064331,0.3498659133911133,0.17322869300842303,0.01599057763814926,0.10073709487915039
1789687771.834242,traffic cone,0.8122,219,82,104,54,3.8538,3.8519,1.0337023,0.18304741,3.708053,1.0309787,0.18095651,3.706937,0.18042956292629242,0.4343364667147398,0.12896728515625,0.14001621603965764,0.316601126641035,0.09311534166336033
1789687771.876539,traffic cone,0.6093,135,96,73,58,4.7284,4.7279,2.2859645,0.08100468,4.138319,2.2904086,0.17036408,4.1325083,0.21250462532043457,0.4455130398273468,0.21464240550994873,0.14009746313095084,0.4455134645104408,0.18481755256652832
1789687771.920258,traffic cone,0.3039,160,69,139,55,5.3916,5.5081,3.6254187,0.20414047,3.9854417,3.78387,0.13004623,4.000624,0.7693565368652346,0.3396904438734054,0.7172052860260014,0.5061681985855104,0.3396908476948738,0.40908079147338894
1789687771.968357,traffic cone,0.2514,263,128,233,124,3.1871,3.1910,1.194747,0.062472165,2.9540453,1.2011313,0.032358855,2.9561071,0.14356321096420288,0.4609233066439624,0.0952304959297181,0.14591361284255977,0.42220057770609853,0.0957426667213439
1789687772.010304,cardboard box,0.2107,88,72,58,44,8.1111,8.1158,-4.140107,-0.03160222,6.974889,-4.1491756,-0.03298822,6.974889,0.3298913478851322,0.4556353658437729,0.6606593132019043,0.23628201484680122,0.29632794559001924,0.2725960969924923
1789687772.080005,traffic cone,0.8333,130,64,53,7,5.4341,4.6304,3.446738,0.13405381,4.1989822,2.8975859,0.24360894,3.6034493,0.36891328096389797,0.3011969462037086,0.36738860607147217,0.17245664596557653,0.015854610502719885,0.09931182861328125
1789687772.126444,traffic cone,0.8103,220,81,104,54,3.8500,3.8491,1.0315288,0.18279485,3.7047496,1.0306714,0.18103455,3.7040842,0.1822720766067505,0.3657796084880829,0.1313776969909668,0.14084115624427784,0.31637803539633746,0.09345707893371591
1789687772.173915,traffic cone,0.6099,135,97,72,58,4.7304,4.7299,2.2854068,0.08146311,4.140879,2.2910836,0.17055134,4.1344976,0.21261115074157688,0.44584752023220064,0.21855487823486364,0.14330149888992283,0.4460255056619644,0.17638471126556432
1789687772.222834,traffic cone,0.3026,158,65,137,55,5.4157,5.5168,3.6538792,0.20404981,3.9921556,3.7934966,0.12891398,4.0034757,0.7636304378509524,0.3396867781877518,0.6972910881042482,0.5132398366928097,0.3399802058935165,0.4270111083984376
1789687772.268705,traffic cone,0.2527,268,130,238,126,3.1890,3.1912,1.1958077,0.062447645,2.9556022,1.2008085,0.0024955124,2.9566574,0.14381887912750235,0.4549843199551104,0.09303522109985352,0.14471325278282166,0.4222835823893547,0.09347963333129883
1789687772.313749,cardboard box,0.2137,88,72,58,44,8.1034,8.1128,-4.145134,-0.031697363,6.962871,-4.15108,-0.03291957,6.970297,0.3324715137481684,0.4556685209274292,0.6749803066253666,0.23793075084686333,0.2963485077023506,0.2851545810699463
1789687772.382462,traffic cone,0.8352,129,62,54,7,5.4253,4.6319,3.4425545,0.13382404,4.191054,2.897982,0.24374522,3.6050858,0.37090531587600717,0.30108872950077054,0.356834959983825,0.1750349760055543,0.016242158412933333,0.10292682647705087
1789687772.415723,traffic cone,0.8097,217,81,101,54,3.8499,3.8492,1.0308181,0.18283693,3.7048542,1.0313971,0.18113004,3.7039905,0.1819111704826355,0.365678146481514,0.11864233016967773,0.1405573546886444,0.3165926285088062,0.0929466724395751
1789687772.460971,traffic cone,0.6092,135,98,74,59,4.7268,4.7312,2.2845204,0.08135632,4.1372275,2.290587,0.17038794,4.1362047,0.21280111074447605,0.4455681025981903,0.21612601280212385,0.14424021244049046,0.4459746591746807,0.17510261535644567
1789687772.497319,traffic cone,0.3096,155,58,134,52,5.4942,5.5052,3.7666223,0.13027357,3.997666,3.7790773,0.12989068,4.0010715,0.5101528167724609,0.3397693529725075,0.39944136142730713,0.4945766091346737,0.3397721491754055,0.40340211391448966
1789687772.527411,traffic cone,0.2497,265,130,230,125,3.1871,3.1897,1.1945543,0.06238305,2.9540794,1.1985562,0.062168166,2.9552493,0.144635409116745,0.45513359978795037,0.09255990982055673,0.14698698520660392,0.42217357754707335,0.0937453269958497
1789687772.571862,cardboard box,0.2063,87,71,55,43,8.1060,8.1155,-4.146737,-0.031601578,6.964993,-4.146737,-0.032875612,6.9760523,0.3614997863769531,0.456515908241272,0.6655316352844238,0.23011450767517072,0.29622034132480624,0.27375764846801687
1789687772.640863,traffic cone,0.8363,130,64,55,7,5.4293,4.6380,3.4432383,0.13410094,4.1956296,2.9020214,0.24428006,3.6097186,0.3667639136314391,0.3011583752930164,0.3586476802825933,0.17053179740905788,0.01556137651205064,0.09656977653503418
1789687772.677752,traffic cone,0.8122,218,80,102,53,3.8500,3.8497,1.0326002,0.18351442,3.7044358,1.0318934,0.18115939,3.7044446,0.18368275761604314,0.3691033713519573,0.1111214160919185,0.14152399301528928,0.32003314793109894,0.07816729545593226
1789687772.715007,traffic cone,0.6120,134,96,71,57,4.7294,4.7321,2.2851746,0.08143273,4.139858,2.2908552,0.17047025,4.1370797,0.20430272817611694,0.44555918499827385,0.22255241870880127,0.14159278869628888,0.44568132758140566,0.18153438568115288
1789687772.759644,traffic cone,0.3109,157,63,135,54,5.4124,5.5136,3.6508725,0.20423605,3.9904392,3.7893238,0.129011,4.0030823,0.7639372825622561,0.3398377686738968,0.6894501447677617,0.5142298460006716,0.34008434489369394,0.4247043609619139
1789687772.804418,traffic cone,0.2537,264,129,233,125,3.1876,3.1908,1.1958367,0.06240429,2.954124,1.2003158,0.0025838166,2.956439,0.1424177169799805,0.4579877346754071,0.0959871292114256,0.1437865734100341,0.42222031354904177,0.09681954383850089
1789687772.847886,cardboard box,0.2045,87,72,58,46,8.1061,8.1160,-4.1497,-0.031813264,6.963329,-4.1505594,-0.032855272,6.974269,0.3173835992813112,0.4557834595441818,0.6723283767700199,0.25326240062713623,0.29621492326259613,0.2861816883087158
1789687772.915711,traffic cone,0.8351,129,60,53,7,5.4206,4.6317,3.4409394,0.13399579,4.186315,2.897742,0.24372712,3.6050038,0.3563309431076047,0.30149801969528195,0.3513988971710207,0.1709346294403078,0.015633529424667336,0.09731087684631312
1789687772.948076,traffic cone,0.8113,218,82,100,54,3.8508,3.8502,1.0318863,0.18313214,3.705427,1.0318863,0.18116452,3.7049336,0.18144708573818213,0.36639767959713937,0.11332831382751474,0.14144122004508963,0.31673155538737774,0.0925606966018675
1789687772.989640,traffic cone,0.6152,134,95,72,57,4.7304,4.7335,2.286727,0.08121675,4.14017,2.2915034,0.1707826,4.138391,0.20720648765563965,0.4454666756093502,0.21404690742492694,0.14306011199951163,0.4458217516541481,0.17863492965698224
1789687773.034736,traffic cone,0.3142,157,64,135,54,5.4191,5.5110,3.6623783,0.20362179,3.9889631,3.784205,0.12928882,4.004304,0.766679894924164,0.3397586025297642,0.6853255271911625,0.5034634351730345,0.33985449299216275,0.4146921157836916
1789687773.079986,traffic cone,0.2527,269,130,231,125,3.1884,3.1918,1.1944978,0.062510125,2.9555311,1.199429,0.0025438666,2.95784,0.14628653526306157,0.45490757003426535,0.09639649391174299,0.14575467109680162,0.4221767485141754,0.09715490341186506
1789687773.125186,cardboard box,0.2014,88,67,58,45,8.1021,8.1199,-4.153691,-0.031808704,6.9562387,-4.1526966,-0.032700375,6.977562,0.341825008392334,0.45556293725967406,0.6295753002166746,0.24646921157836843,0.2962802529335022,0.28802766799926793
1789687773.191824,traffic cone,0.8359,126,59,55,7,5.4191,4.6358,3.437316,0.13348918,4.187316,2.9003372,0.24408881,3.6082373,0.35463302135467556,0.30180277973413466,0.34707741737365705,0.173302984237671,0.015984895825386036,0.10054912567138663
1789687773.220226,traffic cone,0.8113,220,82,102,54,3.8519,3.8500,1.0316551,0.1827109,3.7066436,1.0302318,0.18095656,3.7051914,0.18129505515098565,0.3655755139887333,0.11306425333023062,0.14037733674049369,0.3167896270751953,0.08935530185699436
1789687773.252105,traffic cone,0.6178,136,97,72,58,4.7287,4.7316,2.2866483,0.081082866,4.1382756,2.2891233,0.17105319,4.1375017,0.21519970893859863,0.44574408531188964,0.21177158355712855,0.14359370470047006,0.44594500288367267,0.17808537483215314
1789687773.297923,traffic cone,0.3027,155,59,133,54,5.4968,5.5096,3.7702618,0.12934779,3.9978375,3.787796,0.12917848,3.998979,0.5065445423126218,0.3398614853620529,0.39583520889282253,0.4959543943405147,0.3398416258394718,0.3993549823760989
1789687773.345514,traffic cone,0.2513,266,128,233,123,3.1861,3.1911,1.1953065,0.062401988,2.9526935,1.2005267,0.002417311,2.9566815,0.14462351799011208,0.46078274473547887,0.09427077770233172,0.14447571039199847,0.4222370207309723,0.09546895027160662
1789687773.399488,cardboard box,0.2001,87,66,57,45,8.0983,8.1100,-4.1512356,-0.032067217,6.953327,-4.148481,-0.03287144,6.9686217,0.34345006942749023,0.45463311672210693,0.6097277402877808,0.2467760086059565,0.29613862931728363,0.28522939682006854
1789687773.457874,traffic cone,0.8351,129,63,54,7,5.4344,4.6342,3.4489946,0.13369516,4.1975136,2.8989358,0.24395257,3.6073117,0.3636305332183838,0.3013777822256088,0.3688251495361321,0.17095317840576163,0.01563529372215272,0.09732949733734131
1789687773.502565,traffic cone,0.8115,213,82,100,54,3.8498,3.8484,1.0320165,0.18283671,3.7044053,1.0320165,0.18097611,3.7030377,0.18058787286281586,0.36626643836498257,0.11793860197067252,0.14038583636283875,0.3168471902608871,0.08917492628097534
1789687773.544404,traffic cone,0.6188,134,96,73,58,4.7292,4.7312,2.2857678,0.08139545,4.1392946,2.290666,0.17107339,4.1361303,0.20800888538360596,0.4453166127204895,0.21671533584594727,0.1443750381469724,0.44578916281461717,0.17455396652221733
1789687773.588948,traffic cone,0.3014,158,66,137,54,5.4005,5.5129,3.6376348,0.20418723,3.9864473,3.789351,0.12933157,4.00206,0.7645003795623779,0.33989784121513367,0.7109087109565735,0.5008215188980101,0.3400016412138939,0.41803002357482866
1789687773.634217,traffic cone,0.2496,272,130,233,125,3.1878,3.1901,1.1951387,0.062408462,2.9546027,1.2005291,0.0025260597,2.9555547,0.14606755375862135,0.4550005480647085,0.09532501697540274,0.14490435123443612,0.42242726385593415,0.09670438766479483
1789687773.678855,cardboard box,0.2048,89,69,58,46,8.0920,8.1138,-4.154387,-0.031829298,6.944064,-4.152386,-0.032818176,6.970733,0.342078304290772,0.4549188643693924,0.6252440452575687,0.2531224489212036,0.2961761951446533,0.2864670753479004
1789687773.748274,traffic cone,0.8345,130,60,54,7,5.4164,4.6356,3.4383469,0.13333467,4.1829305,2.900246,0.24407099,3.6080477,0.36404978036880475,0.30149924010038376,0.3402544736862181,0.1732698678970337,0.015976837277412392,0.10045943260192836
1789687773.792448,traffic cone,0.8147,219,82,103,54,3.8531,3.8520,1.0321021,0.18270707,3.7078424,1.0321021,0.18115819,3.7067547,0.18004862368106844,0.36647354140877725,0.11213998794555691,0.14118251800537096,0.31623863689601417,0.08761351108551008
1789687773.833711,traffic cone,0.6216,135,98,72,57,4.7297,4.7269,2.2874045,0.08109857,4.1390257,2.2885463,0.1705737,4.132428,0.2212121367454527,0.44555408582091327,0.21616547107696515,0.13941855430603045,0.4460461094975472,0.17662172317504865
1789687773.882518,traffic cone,0.2967,157,59,136,53,5.4924,5.5086,3.7665632,0.12984206,3.9953325,3.7826774,0.12957121,4.002468,0.5120582818984984,0.33988299667835237,0.39841537475585964,0.4995455741882324,0.33980461359024045,0.3983587741851804
1789687773.913482,traffic cone,0.2495,266,130,233,125,3.1870,3.1900,1.1947298,0.062435262,2.9539566,1.2011157,0.002606377,2.9552329,0.14598675370216374,0.455243159085512,0.09568547010421735,0.14322998523712172,0.4222375899553299,0.09654550552368146
1789687773.961411,cardboard box,0.2002,87,67,56,43,8.0942,8.1120,-4.1506286,-0.03179829,6.94895,-4.1483583,-0.03289415,6.971032,0.34175386428833043,0.4551242619752884,0.626561784744263,0.22770137786865252,0.2963911220431328,0.2742068290710451
1789687774.030573,traffic cone,0.8344,127,59,53,7,5.4162,4.6287,3.437152,0.13357352,4.183722,2.894753,0.24347155,3.6035485,0.3695624828338624,0.30206329226493833,0.33661851882934624,0.17510297298431388,0.016263203322887415,0.10321042537689218
1789687774.077312,traffic cone,0.8120,219,81,102,54,3.8478,3.8501,1.0307313,0.18334262,3.7026532,1.0313704,0.18106717,3.7049534,0.18141746520996094,0.36597372591495514,0.1198122501373291,0.14143234491348267,0.31638614796102044,0.08608100414276088
1789687774.124698,traffic cone,0.6215,134,96,72,57,4.7290,4.7316,2.2865505,0.08148186,4.1386127,2.2893734,0.17046343,4.1373467,0.2089235782623291,0.44488109834492207,0.2150115966796875,0.1411509037017824,0.44545728713274,0.17623548507690412
1789687774.174142,traffic cone,0.2922,156,70,134,52,5.3897,5.5066,3.619628,0.20465313,3.9881709,3.7790604,0.12991802,4.002995,0.7728424906730651,0.3398805074393749,0.7712668299674985,0.5008271574974059,0.33988495245575906,0.4159105539321901
1789687774.219759,traffic cone,0.2495,268,130,236,127,3.1865,3.1900,1.1948504,0.062490433,2.953294,1.2012091,0.0025840998,2.9551702,0.14620664715766907,0.45516401603817924,0.09341744184493983,0.1444757580757141,0.422088959813118,0.09508097171783447
1789687774.265589,cardboard box,0.2033,89,70,58,44,8.1069,8.1125,-4.151703,-0.031922802,6.963043,-4.1495333,-0.032860167,6.9708652,0.35627727508544904,0.4557493835687637,0.6613016366958622,0.23865642547607369,0.2963956132531166,0.2692195177078247
1789687774.317730,traffic cone,0.8340,128,61,55,6,5.4268,4.6187,3.4407516,0.13390747,4.1945066,2.885116,0.2426268,3.5985732,0.3615260124206543,0.30160871148109436,0.36247920989990234,0.13988012075424194,0.012682005763053894,0.07818180322647095
1789687774.360545,traffic cone,0.8099,217,81,100,54,3.8494,3.8485,1.0312803,0.18265614,3.7041793,1.0318763,0.1810653,3.7031155,0.1791108250617981,0.36559247970581055,0.116607666015625,0.14042198061943045,0.3166862566024065,0.08811417818069422
1789687774.403376,traffic cone,0.6198,140,98,72,58,4.7284,4.7338,2.283426,0.08136897,4.139733,2.2912323,0.1710342,4.1388197,0.20840708017349252,0.44513822756707666,0.2196739912033081,0.14641873836517316,0.44591530226171017,0.1754652023315426
1789687774.447571,traffic cone,0.2880,156,60,132,53,5.4870,5.5071,3.7616184,0.13035789,3.9924912,3.7860906,0.12935156,3.9971495,0.5264568805694578,0.33975281342864033,0.4095380783081053,0.5001841068267825,0.33977025151252743,0.40214443206787154
1789687774.492114,traffic cone,0.2488,267,129,235,125,3.1868,3.1904,1.1963364,0.062366813,2.9531066,1.200535,0.002656281,2.9559495,0.14328782558441144,0.458146387338638,0.09481234550476092,0.14432516098022452,0.4222760260105133,0.09808125495910636
1789687774.537460,cardboard box,0.2030,88,70,57,43,8.1078,8.1157,-4.144249,-0.02996388,6.968525,-4.150504,-0.0327494,6.974033,0.3384990453720089,0.45561560690402986,0.6656211614608765,0.23517971038818342,0.296169638633728,0.2730722427368164
1789687774.583875,traffic cone,0.8345,127,62,55,7,5.4274,4.6309,3.4406195,0.13391152,4.1953526,2.8954716,0.2436718,3.605853,0.3654680252075191,0.3018795050680637,0.3597529411315925,0.17115662097930917,0.01567753255367277,0.09781923294067374
1789687774.614646,traffic cone,0.8081,213,81,103,54,3.8532,3.8502,1.0315233,0.1827125,3.7080712,1.0313926,0.18086006,3.7050836,0.17677700519561768,0.3651830554008484,0.12922239303588867,0.1406927436590194,0.3165670964866876,0.08861739635467547
1789687774.662108,traffic cone,0.6254,134,95,72,57,4.7287,4.7324,2.2866461,0.081513286,4.138252,2.289702,0.17048398,4.1380663,0.20928070545196542,0.4452721938490868,0.21104469299316442,0.14289569854736328,0.4453843891620636,0.17340192794799858
1789687774.706785,traffic cone,0.2965,160,67,138,56,5.4274,5.5166,3.6745267,0.20385051,3.9891305,3.7944157,0.12920892,4.0023346,0.7715468645095824,0.3396564617753029,0.699212598800659,0.508022665977478,0.33979329839348793,0.41431450843811035
1789687774.750731,traffic cone,0.2509,268,129,234,125,3.1883,3.1912,1.1944133,0.062488317,2.9554148,1.2025658,0.002569273,2.9559293,0.14449372291564933,0.45822926163673366,0.09510498046874982,0.14545340538024898,0.4223325550556183,0.09554519653320304
1789687774.795970,cardboard box,0.2024,88,69,57,43,8.1118,8.1183,-4.1515822,-0.03156182,6.96882,-4.1515822,-0.03271395,6.97637,0.33609037399292063,0.45601776242256165,0.6626953125000004,0.2359887599945063,0.2962320774793625,0.269354295730591
1789687774.867520,traffic cone,0.8337,130,63,55,7,5.4280,4.6397,3.4444084,0.13391653,4.192956,2.902675,0.24442744,3.6113167,0.36405110359191895,0.3014586627483368,0.35309033393859846,0.17321975231170672,0.015965694189071677,0.10033700466156015
1789687774.897801,traffic cone,0.8100,213,80,103,54,3.8490,3.8487,1.0305037,0.18282935,3.7039938,1.0310396,0.18101534,3.7036185,0.17842030823230748,0.3690629415214062,0.125916683673859,0.1409071564674378,0.316252950578928,0.09034655094146737
1789687774.940745,traffic cone,0.6260,134,95,72,58,4.7291,4.7312,2.2864602,0.08152619,4.138781,2.289307,0.17063048,4.136944,0.20616917610168484,0.4457371667027474,0.20922341346740758,0.141138684749603,0.4461056713014841,0.180633234977722
1789687774.984338,traffic cone,0.3046,155,61,133,53,5.4862,5.5096,3.7579918,0.13089153,3.9948943,3.7847052,0.12957254,4.001842,0.5230793952941895,0.3399885296821594,0.4126718044281006,0.4962781429290768,0.33980797529220585,0.3993843555450445
1789687775.029875,traffic cone,0.2525,273,131,237,127,3.1890,3.1913,1.1959105,0.062458843,2.9556568,1.2001129,0.0025004,2.957071,0.14630359411239624,0.4522034227848053,0.09476029872894287,0.14559947252273564,0.4224294155836105,0.09531900882720956
1789687775.075454,cardboard box,0.2168,87,71,57,45,8.0970,8.1150,-4.14946,-0.031695947,6.9528623,-4.1507444,-0.032787547,6.973001,0.3386836051940918,0.45601804554462433,0.6657378673553467,0.2487291336059574,0.2963836967945099,0.28485918045043945
1789687775.127996,traffic cone,0.8338,126,59,54,7,5.4180,4.6280,3.438472,0.1338353,4.1849465,2.8948717,0.24341317,3.602647,0.3660065412521365,0.30205611139535904,0.34521441459655744,0.17293002605438224,0.015930213034152985,0.10007257461547825
1789687775.168974,traffic cone,0.8129,214,82,101,54,3.8518,3.8500,1.0321712,0.18274058,3.706476,1.0311434,0.18125993,3.7049162,0.18045742809772491,0.3659961111843586,0.11652966737747184,0.13944530189037319,0.31657519266009326,0.08670182228088352
1789687775.217433,traffic cone,0.6207,135,98,73,58,4.7301,4.7321,2.2850728,0.081570506,4.1407723,2.2897525,0.17065272,4.137762,0.2138961434364317,0.44559466764330863,0.21970384120941233,0.14307581186294538,0.4458410710096359,0.17371413707733208
1789687775.264521,traffic cone,0.3033,152,56,133,52,5.4927,5.5042,3.763978,0.13027439,3.9981005,3.7807603,0.12970056,3.9981005,0.5077415108680725,0.34001072496175766,0.40045928955078125,0.4996299028396609,0.3399257674813271,0.4035068511962887
1789687775.310347,traffic cone,0.2545,270,129,237,125,3.1878,3.1906,1.1965158,0.062385872,2.954107,1.1998839,0.0025929809,2.9563756,0.14400925636291495,0.45795441567897766,0.09767999649047843,0.14546341896057124,0.42246184349060056,0.09948530197143546
1789687775.342351,cardboard box,0.2109,88,69,58,44,8.1107,8.1160,-4.1508408,-0.031701863,6.967945,-4.1502347,-0.032824777,6.974538,0.3348225593566898,0.4558103382587433,0.6560859680175781,0.23489263057708776,0.2964168906211853,0.2748683929443363
1789687775.407694,traffic cone,0.8319,127,65,55,6,5.4340,4.6207,3.4462502,0.1338518,4.1992197,2.886261,0.24279971,3.6001725,0.35697150230407715,0.3026963651180267,0.3904000282287603,0.14070361852645874,0.0128074511885643,0.07935500144958496
1789687775.439263,traffic cone,0.8098,215,82,102,55,3.8535,3.8511,1.0329747,0.18266678,3.7079644,1.0298891,0.18099967,3.7063708,0.17189295887947076,0.3637242332100868,0.11527423858642605,0.1412230670452117,0.31296076700091363,0.09508557319641087
1789687775.482234,traffic cone,0.6211,135,96,73,59,4.7295,4.7321,2.2872617,0.08136061,4.1388593,2.2902775,0.17058986,4.137441,0.21542972326278687,0.4456409029662609,0.21001505851745605,0.14494335651397705,0.44602582082152364,0.1831731319427492
1789687775.527222,traffic cone,0.3084,150,56,129,51,5.4947,5.4993,3.766474,0.13021442,3.9986022,3.7702134,0.13013089,4.001395,0.5087998509407043,0.3398084305226803,0.3956254720687866,0.4966886043548584,0.33974839001893997,0.40128302574157715
1789687775.572096,traffic cone,0.2579,265,129,233,125,3.1894,3.1917,1.1964576,0.062488124,2.9557981,1.200211,0.062224463,2.95676,0.14596586227416997,0.45792891085147824,0.0954174041748046,0.14435853958129874,0.4223803669214249,0.09865579605102504
1789687775.617674,cardboard box,0.2058,90,69,59,46,8.0918,8.1136,-4.1538644,-0.03211017,6.944133,-4.153838,-0.03294196,6.9695997,0.3647078514099116,0.45495629906654356,0.6232149124145501,0.28115618228912354,0.2961992137134075,0.28459179401397705
1789687775.686253,traffic cone,0.8306,129,62,54,7,5.4257,4.6340,3.442223,0.13410304,4.1918287,2.8984854,0.24393576,3.6074064,0.3657675862312315,0.3006040550768376,0.3582910060882565,0.1747218847274783,0.01619765758514405,0.10254540443420401
1789687775.732968,traffic cone,0.8150,212,80,102,54,3.8519,3.8516,1.0320102,0.18277442,3.7066233,1.0310266,0.18132909,3.7066233,0.1733109384775161,0.3678212776780128,0.12286204099655151,0.1401697039604186,0.316329350695014,0.0892743468284607
1789687775.781178,traffic cone,0.6178,140,96,73,58,4.7326,4.7323,2.286913,0.08150986,4.14259,2.290316,0.17068936,4.1376653,0.20830142498016357,0.44559187069535255,0.214530348777771,0.14333757162094107,0.445903055369854,0.17504167556762695
1789687775.825370,traffic cone,0.3050,151,56,131,51,5.4928,5.4994,3.764711,0.1304092,3.997575,3.7733178,0.13005337,3.99854,0.5119405388832092,0.3401223346590996,0.4065265655517578,0.4992486238479614,0.3400239199399948,0.4090862274169922
1789687775.869689,traffic cone,0.2566,266,131,235,126,3.1892,3.1920,1.1951874,0.062422797,2.956102,1.20018,0.032420956,2.957572,0.14533168077468872,0.45213402807712555,0.09774482250213623,0.14615187048912048,0.42234865576028824,0.09914904832839966
1789687775.914614,cardboard box,0.2037,88,69,58,44,8.1166,8.1178,-4.152889,-0.031781882,6.9735956,-4.152786,-0.03279966,6.975089,0.334889602661133,0.455933278799057,0.6528520584106445,0.23809907436370814,0.2960853263735771,0.27011137008666974
1789687775.967184,traffic cone,0.8309,127,59,56,7,5.4170,4.6336,3.4404893,0.13388279,4.1819577,2.8971603,0.2439076,3.607954,0.36171743869781503,0.3012781798839569,0.34755330085754466,0.17242536544799814,0.01586915850639342,0.09960079193115234
1789687776.004667,traffic cone,0.8129,212,82,101,56,3.8514,3.8513,1.0284832,0.1824491,3.7070029,1.0284832,0.18112737,3.7070029,0.1756840556859971,0.36493684723973274,0.12287330627441406,0.13965290784835815,0.3089786730706692,0.10939347743988037
1789687776.032791,traffic cone,0.6236,134,97,74,60,4.7326,4.7319,2.287132,0.081139356,4.1424584,2.2896802,0.17046219,4.1375113,0.20959243774414027,0.44580480009317397,0.21547880172729528,0.138390147686005,0.44615983180701735,0.173142671585083
1789687776.062913,traffic cone,0.3039,158,64,137,59,5.4208,5.5418,3.6601439,0.20403227,3.9932888,3.8043458,0.12923813,4.027564,0.7722419023513787,0.33941286653280256,0.6897890090942385,0.5736345529556277,0.42152178958058356,0.6503866195678714
1789687776.110667,traffic cone,0.2582,265,129,236,126,3.1879,3.1912,1.1938525,0.06250082,2.955296,1.1998037,0.032459944,2.9569259,0.14671239852905282,0.457804852724075,0.0948922157287595,0.14618074893951416,0.4223180562257767,0.09680002927780151
1789687776.156185,cardboard box,0.2043,88,71,58,44,8.1039,8.1127,-4.144808,-0.03167452,6.963641,-4.1507716,-0.03292495,6.9703903,0.3321833610534668,0.4554283171892166,0.6777715682983398,0.2338155269622808,0.29654051512479784,0.27424833774566615
1789687776.222951,traffic cone,0.8290,128,61,54,7,5.4274,4.6406,3.4402287,0.13394809,4.1956205,2.902707,0.2445058,3.6123953,0.3655068874359131,0.30198219418525696,0.34749889373779297,0.16929752826690692,0.01538569331169129,0.09500408172607422
1789687776.253259,traffic cone,0.8122,214,80,101,54,3.8525,3.8489,1.0311549,0.18287261,3.7074656,1.0315237,0.18085122,3.7037323,0.17675227820873263,0.3698157656937837,0.11801010370254517,0.14019624292850497,0.31663404218852514,0.09099618196487436
1789687776.296014,traffic cone,0.6242,136,98,73,58,4.7304,4.7328,2.28519,0.081456065,4.141005,2.2874484,0.171056,4.139823,0.2160563111305236,0.4456718750298023,0.2135461091995241,0.14297566413879403,0.446153961494565,0.1754231929779051
1789687776.340253,traffic cone,0.3005,158,68,135,53,5.3959,5.5103,3.6271038,0.20449589,3.9897316,3.7871873,0.129381,4.0005155,0.7634673953056339,0.3395812764763832,0.7204290151596071,0.49582142829894993,0.3396736174821854,0.39881758689880353
1789687776.384676,traffic cone,0.2571,265,130,235,126,3.1868,3.1893,1.1955934,0.062504046,2.9533596,1.1994783,0.002528824,2.9551299,0.1447465598583222,0.45496288463473306,0.09254425764083862,0.14388048648834229,0.4222480207681656,0.09410613775253296
1789687776.429505,cardboard box,0.2022,88,66,58,46,8.0935,8.1155,-4.1580286,-0.03207072,6.9436474,-4.1511497,-0.032927275,6.9734325,0.34237170219421387,0.4543784633278847,0.6033419370651245,0.25310683250427246,0.29638687521219254,0.2898979187011719
1789687776.498036,traffic cone,0.8304,126,57,55,7,5.4100,4.6351,3.434904,0.13301913,4.177535,2.898284,0.24403273,3.60891,0.36294488906860334,0.3019860655069351,0.3123266220092775,0.17032623291015625,0.015553204715251928,0.09665513038635254
1789687776.544310,traffic cone,0.8127,214,82,101,54,3.8517,3.8497,1.0319295,0.18296781,3.706344,1.031493,0.18099765,3.7045639,0.18043965101242077,0.3663048885762692,0.12753907442092904,0.1389360457658766,0.31693578660488125,0.09324369430542001
1789687776.573982,traffic cone,0.6229,134,95,73,58,4.7294,4.7331,2.2852147,0.081411734,4.139858,2.2892094,0.1708975,4.139119,0.2071089506149293,0.445464538782835,0.20903348922729492,0.14196994304656974,0.4456107787787914,0.17326774597167915
1789687776.617128,traffic cone,0.3037,158,66,137,55,5.4210,5.5184,3.6610732,0.20428425,3.9928036,3.7917492,0.12966265,4.00732,0.7748863697052002,0.3397980071604252,0.6996493935585022,0.5101321220397947,0.33993523716926577,0.40817313194274885
1789687776.662221,traffic cone,0.2559,267,129,237,125,3.1873,3.1920,1.1955107,0.062468782,2.9539142,1.201558,0.062405005,2.9565291,0.1426108598709106,0.45804000496864283,0.09473495483398464,0.1447593450546265,0.4222331792116165,0.09685282707214338
1789687776.707084,cardboard box,0.2055,88,69,58,44,8.1156,8.1203,-4.151351,-0.03169924,6.9734435,-4.1520276,-0.03280195,6.978425,0.33780183792114205,0.45588110387325287,0.6646957397460938,0.2371528148651123,0.29633029401302335,0.27022161483764595
1789687776.757246,traffic cone,0.8302,130,62,55,6,5.4281,4.6214,3.4409792,0.1337961,4.1959057,2.886559,0.242864,3.6008763,0.3635723352432252,0.30149982422590255,0.3485095500946045,0.14421701431274414,0.01333446055650711,0.08425140380859375
1789687776.784869,traffic cone,0.8154,213,82,101,55,3.8488,3.8474,1.0303848,0.18307248,3.7038255,1.0293548,0.18099648,3.702728,0.18080820739269265,0.3658089183270931,0.12448306083679173,0.14063517451286311,0.3128800064325333,0.09851796627044695
1789687776.816126,traffic cone,0.6210,135,98,73,58,4.7320,4.7347,2.2868304,0.08144103,4.1419806,2.291874,0.1703078,4.139529,0.2102668285369873,0.4453716322779655,0.21363306045532227,0.14424661397933924,0.4456372894346714,0.17211089134216273
1789687776.845971,traffic cone,0.3065,157,63,135,53,5.4360,5.5083,3.6836264,0.20375654,3.992366,3.7840266,0.12957415,4.0007324,0.7682624816894537,0.3396458297967911,0.6864075183868406,0.5005913734436032,0.33971759378910066,0.40196089744567853
1789687776.889674,traffic cone,0.2571,268,131,227,122,3.1884,3.1895,1.1958976,0.062493697,2.954981,1.1982417,0.062370367,2.955196,0.1451413631439209,0.4522752910852432,0.09428071975708008,0.14041924476623535,0.4224520578980446,0.09535124301910436
1789687776.935746,cardboard box,0.2002,89,70,58,44,8.0972,8.1184,-4.1526604,-0.03167928,6.951177,-4.1526604,-0.03293223,6.975894,0.351340961456299,0.45579993724823,0.6626558780670164,0.2355254650115972,0.29637033939361573,0.27873091697692853
1789687777.005061,traffic cone,0.8288,126,59,54,7,5.4201,4.6338,3.4386542,0.13371155,4.1875215,2.8990808,0.24390829,3.6065924,0.36000411510467556,0.3019524186849594,0.35066227912902814,0.17300915718078613,0.01593311131000516,0.10003297328948957
1789687777.051383,traffic cone,0.8154,212,81,103,55,3.8496,3.8495,1.0301852,0.18265149,3.704695,1.0301852,0.18122402,3.704695,0.1707857847213745,0.3646002411842346,0.11614084243774414,0.1399536848068238,0.31256027072668074,0.0958072185516361
1789687777.096835,traffic cone,0.6225,133,95,72,57,4.7284,4.7317,2.2856145,0.08110577,4.1384573,2.2914934,0.1705299,4.136312,0.21088812351226816,0.44558956623077395,0.21238017082214355,0.13957877159118626,0.44583127498626707,0.18283948898315483
1789687777.141307,traffic cone,0.3049,157,67,135,52,5.3892,5.5034,3.6206222,0.20479903,3.9865668,3.7790074,0.12996928,3.9986773,0.7578927040100099,0.3395095705986023,0.7267890453338626,0.49615615606307983,0.3394840702414513,0.3978616714477541
1789687777.186542,traffic cone,0.2542,266,129,224,120,3.1874,3.1895,1.1953442,0.06252763,2.954074,1.1981938,0.062499017,2.9552035,0.14609758853912336,0.4228632152080536,0.09631533622741717,0.13872988820075993,0.42227013409137726,0.0972768902778629
1789687777.230536,cardboard box,0.1974,89,72,59,45,8.1100,8.1129,-4.1499166,-0.031882733,6.9677296,-4.1500225,-0.033076257,6.971011,0.33687038421630877,0.4560494214296341,0.6571818113327019,0.27065715789794975,0.29644094705581664,0.29436693191528285
1789687777.286645,traffic cone,0.8280,131,63,55,7,5.4267,4.6310,3.4431276,0.13392112,4.192359,2.897492,0.24366668,3.6043358,0.3639132738113404,0.3011831879615784,0.3554759502410887,0.17384309768676776,0.016063368320465066,0.1012664318084715
1789687777.324834,traffic cone,0.8145,214,80,101,53,3.8518,3.8512,1.0315279,0.1834461,3.7065494,1.0308733,0.18116972,3.706221,0.18382091522216804,0.36940675154328345,0.11141040325164786,0.14171326160430908,0.32004624903202056,0.08282222747802725
1789687777.353512,traffic cone,0.6221,134,95,73,58,4.7334,4.7312,2.2868934,0.08145371,4.143452,2.2911282,0.17035004,4.135895,0.20772418975830087,0.44541240185499187,0.21334924697876012,0.14075534343719465,0.4455566853284836,0.1770634651184082
1789687777.382221,traffic cone,0.3033,160,63,139,55,5.4895,5.5218,3.760949,0.20358306,3.9935646,3.8029737,0.12947512,4.0014205,0.745246171951294,0.3394659847021103,0.6476535797119141,0.5032624006271362,0.33977518081665037,0.4096912860870363
1789687777.430946,traffic cone,0.2551,266,131,235,127,3.1884,3.1921,1.1959361,0.062409863,2.9549809,1.200361,0.0025339127,2.9577622,0.14464473724365234,0.45221465826034546,0.09450006484985352,0.14569302797317496,0.4223116099834442,0.09511938095092765
1789687777.475947,cardboard box,0.1986,88,72,58,44,8.1167,8.1217,-4.143533,-0.031719454,6.979326,-4.153391,-0.032839045,6.979326,0.33122184276580846,0.45569212585687635,0.6688700675964352,0.23632793426513654,0.2963955834507942,0.2759228467941286
1789687777.542721,traffic cone,0.8278,127,62,54,6,5.4301,4.6221,3.4420447,0.13380957,4.1976132,2.8874235,0.24292113,3.6010518,0.3684924840927124,0.3010439775884151,0.35311932563781756,0.1448308229446411,0.013422496616840363,0.08503884077072144
1789687777.571529,traffic cone,0.8146,214,80,105,53,3.8478,3.8475,1.0323977,0.18360154,3.7021909,1.0332125,0.18108466,3.7017815,0.18320356011390693,0.36933801658451554,0.11331669092178354,0.14173797369003294,0.32013792991638185,0.08029727935790998
1789687777.604498,traffic cone,0.6233,135,97,73,59,4.7314,4.7325,2.285667,0.081611544,4.1419134,2.290263,0.17071924,4.1379337,0.20386242866516113,0.4458964169025421,0.21670322418212873,0.14238743782043484,0.44598786085844044,0.1763891220092777
1789687777.649357,traffic cone,0.3055,155,58,133,52,5.4603,5.4974,3.720224,0.16695032,3.993382,3.7711792,0.16676636,3.9964542,0.5226129055023199,0.33971361741423606,0.40908660888671866,0.5029941320419313,0.3397052273154259,0.4054162740707401
1789687777.694749,traffic cone,0.2514,268,130,238,126,3.1879,3.1909,1.1961472,0.06250479,2.9542713,1.1998897,0.0025538728,2.9567435,0.1450235307216643,0.4552246078848837,0.09303811788558969,0.14403924345970154,0.42238274216651917,0.09453123807907104
1789687777.740387,cardboard box,0.1944,88,71,57,44,8.1112,8.1152,-4.14826,-0.03161414,6.970128,-4.149256,-0.032686785,6.9741673,0.3350999355316162,0.455806165933609,0.6570601463317871,0.23872914314270055,0.2964795634150505,0.2752746105194097
1789687777.809424,traffic cone,0.8267,130,62,55,7,5.4275,4.6384,3.4435058,0.13408072,4.1930513,2.9010837,0.24431679,3.610902,0.37056390047073373,0.30112212151288986,0.35139102935791033,0.17452192306518555,0.01616680026054379,0.10225334167480504
1789687777.840268,traffic cone,0.8134,214,81,102,54,3.8518,3.8517,1.0300763,0.18329394,3.7070308,1.031003,0.18123549,3.7066722,0.18153202533721924,0.3667299300432205,0.12690949440002441,0.1411386460065842,0.3168057285249233,0.08822579383850071
1789687777.882472,traffic cone,0.6261,134,95,74,59,4.7298,4.7324,2.2864928,0.081549734,4.1396394,2.2903464,0.1704826,4.137709,0.20462157726287833,0.44519721940159795,0.20938911437988228,0.1431372642517088,0.4460142068564892,0.1788965225219732
1789687777.926253,traffic cone,0.3040,158,64,136,59,5.4219,5.5290,3.6631405,0.20368749,3.9921417,3.8048582,0.12902275,4.009531,0.7631556272506717,0.33995290845632553,0.6927284359931947,0.5898093461990355,0.4221222043037415,0.6550415515899659
1789687777.970992,traffic cone,0.2541,266,131,234,127,3.1872,3.1904,1.1933141,0.062506855,2.9546964,1.1993635,0.002783984,2.9563596,0.1443156599998474,0.4520948529243469,0.09625327587127686,0.14634029865264897,0.4224854201078415,0.0976165056228635
1789687778.015230,cardboard box,0.1977,89,69,57,43,8.0953,8.1122,-4.151981,-0.031800196,6.9493833,-4.1488476,-0.03281875,6.970936,0.35471057891845703,0.45593343377113343,0.6516439437866213,0.23634886741638184,0.29620779156684873,0.27558302879333496
1789687778.084905,traffic cone,0.8285,127,59,54,7,5.4153,4.6351,3.4399197,0.13369717,4.1803107,2.899309,0.24402545,3.608072,0.35920228958129874,0.3010732740163803,0.34781436920166,0.170874071121216,0.015619195997714996,0.0971625328063963
1789687778.118961,traffic cone,0.8176,213,82,102,55,3.8497,3.8492,1.0299885,0.18284746,3.704887,1.0286169,0.18073888,3.7048078,0.1807295590639113,0.36620501205325123,0.12002180814743024,0.13957169651985157,0.3128654360771179,0.09548721313476527
1789687778.161450,traffic cone,0.6292,135,97,74,58,4.7325,4.7308,2.2866342,0.08150335,4.1426134,2.2907817,0.1708302,4.1356726,0.21491546630859393,0.4456332802772522,0.21018209457397408,0.1443864822387697,0.44604319110512736,0.17325520515441895
1789687778.203747,traffic cone,0.3095,157,72,136,53,5.3918,5.5105,3.6244771,0.2045186,3.9865263,3.7862337,0.12983592,4.001668,0.8011877894401551,0.3401859007775783,0.8725472450256353,0.5138076305389405,0.3402122050523758,0.4299816131591796
1789687778.247680,traffic cone,0.2530,272,130,234,123,3.1876,3.1917,1.1958983,0.06247987,2.9540668,1.1997821,0.06246923,2.9569643,0.14322005510330205,0.4552946858108042,0.09299010038375854,0.13892358541488647,0.42246089577674867,0.09341442584991455
1789687778.288550,cardboard box,0.1968,88,71,57,44,8.0987,8.1125,-4.1507583,-0.031850606,6.9540424,-4.150197,-0.032944843,6.9705257,0.33608484268188477,0.4556185007095337,0.663912296295166,0.2471551656723019,0.2961996033787727,0.2877694845199583
1789687778.319891,traffic cone,0.1570,27,15,25,13,8.4467,8.4365,-5.0808764,-0.026281714,6.7476225,-5.064433,0.11626823,6.746346,0.282796716690064,0.306854659318924,0.23511490821838343,0.2894256591796873,0.15411177575588228,0.19244346618652308
1789687778.386886,traffic cone,0.8287,127,60,55,7,5.4211,4.6321,3.441959,0.13397874,4.1861057,2.8980215,0.2437687,3.605389,0.35809141397476196,0.3017586819827557,0.3544352054595947,0.17288439273834255,0.01591507047414778,0.09987175464630127
1789687778.418241,traffic cone,0.8204,215,82,102,55,3.8517,3.8483,1.0300671,0.18332998,3.7068677,1.029267,0.18093623,3.703684,0.18184152543544774,0.3658576987683773,0.1221348285675048,0.14013172984123234,0.31272218376398087,0.09610261917114249
1789687778.461608,traffic cone,0.6238,136,99,75,60,4.7308,4.7323,2.285834,0.08192755,4.1411285,2.2906342,0.17087515,4.137499,0.21413424015045157,0.44552628993988036,0.21751680374145543,0.14228525161743155,0.4457048136740923,0.1726762771606447
1789687778.506338,traffic cone,0.3091,154,56,132,50,5.4582,5.4942,3.7191534,0.16721937,3.991479,3.7677414,0.16675499,3.9952881,0.5120857954025269,0.3397221267223358,0.4009695053100586,0.5011439561843876,0.3397088184952736,0.4037539482116701
1789687778.551184,traffic cone,0.2506,268,130,231,120,3.1882,3.1909,1.1961606,0.06246998,2.9546647,1.1970118,0.062367015,2.9572198,0.1438246130943297,0.4551912881433962,0.09456688165664673,0.13665537238121028,0.422349813580513,0.09833010435104361
1789687778.596185,cardboard box,0.1953,88,69,57,44,8.0962,8.1126,-4.151348,-0.032017007,6.950803,-4.148999,-0.032920867,6.971333,0.3376913070678711,0.45519354939460754,0.645884704589843,0.2503060340881351,0.2964547723531723,0.27614817619323784
1789687778.655195,traffic cone,0.8287,127,62,54,7,5.4250,4.6259,3.4424455,0.13392615,4.1906815,2.8929398,0.24322957,3.6014507,0.364484119415283,0.30183815434575084,0.3591868638992315,0.17204394340515128,0.01580590903759005,0.09897797107696515
1789687778.691718,traffic cone,0.8162,213,82,100,54,3.8523,3.8517,1.0334303,0.18297373,3.7065883,1.0315138,0.18101248,3.7065883,0.18142551183700573,0.3659654945135116,0.12082629203796413,0.1402848601341249,0.3171259969472885,0.0932446718215938
1789687778.740412,traffic cone,0.6222,136,98,75,59,4.7293,4.7296,2.2853267,0.08135618,4.1396446,2.2885292,0.17028114,4.135507,0.21384310722351074,0.44552461951971056,0.21428918838500977,0.13794310092926,0.44584297537803647,0.1731791973114012
1789687778.788117,traffic cone,0.3088,155,59,134,54,5.5035,5.5152,3.7725563,0.13004658,4.004942,3.788853,0.12977903,4.005649,0.5170977830886843,0.33957456350326537,0.3942385196685789,0.5068779230117801,0.3395883500576019,0.39770584106445295
1789687778.830992,traffic cone,0.2517,266,129,228,121,3.1877,3.1896,1.1950161,0.06244397,2.9545732,1.1991459,0.06237814,2.9549575,0.14354960918426518,0.4582519799470898,0.09264578819274938,0.13576114177703857,0.4223550111055374,0.09397363662719727
1789687778.876106,cardboard box,0.1926,88,70,57,44,8.1050,8.1157,-4.150916,-0.031907327,6.9612827,-4.1489677,-0.032884672,6.974904,0.3370902299880987,0.45599200427532194,0.6606593132019043,0.2500357866287235,0.29636399894952775,0.28868465423583967
1789687778.946194,traffic cone,0.8273,129,63,56,7,5.4292,4.6386,3.4449313,0.13404566,4.194168,2.9016604,0.24433681,3.6107664,0.37122416496276855,0.30172593146562576,0.35755119323730433,0.17056207656860378,0.015567079186439514,0.09664673805236834
1789687778.991760,traffic cone,0.8120,214,81,100,53,3.8521,3.8510,1.0325063,0.18314362,3.7066405,1.0319577,0.18114027,3.705683,0.18293821811676025,0.36555345356464386,0.11313366889953613,0.1401142001152038,0.32023015022277834,0.08605298995971689
1789687779.021740,traffic cone,0.6274,135,96,74,59,4.7298,4.7322,2.2864983,0.081061706,4.139606,2.290221,0.17051339,4.1375904,0.21332931518554688,0.4456089846789837,0.2123098373413086,0.14355454444885263,0.445992311835289,0.1767045974731447
1789687779.052054,traffic cone,0.3033,154,59,133,53,5.4927,5.5065,3.7644966,0.13004056,3.9976666,3.7815204,0.12978727,4.0005674,0.5091197013854978,0.3394801363348961,0.39857821464538556,0.4966142654418948,0.3396041840314865,0.40064663887023944
1789687779.095159,traffic cone,0.2479,266,129,237,125,3.1881,3.1899,1.1965417,0.06253983,2.9544291,1.2009201,0.0025310516,2.9552495,0.1446951389312745,0.45814383625984156,0.09529194831848153,0.14510834217071533,0.4223157227039337,0.09570794105529767
1789687779.140297,cardboard box,0.1922,88,67,57,43,8.0973,8.1165,-4.153675,-0.031931132,6.9506655,-4.151622,-0.03275858,6.974243,0.3395020008087162,0.4555166155099869,0.6526261329650884,0.23461923599243129,0.2961705535650253,0.28134174346923757
1789687779.199532,traffic cone,0.8258,129,65,57,7,5.4302,4.6323,3.4454832,0.13398923,4.194992,2.8967543,0.2437924,3.6066332,0.3684657573699952,0.3016952574253082,0.3671008110046383,0.1734281301498415,0.016008187830448134,0.10082821846008327
1789687779.236602,traffic cone,0.8155,214,81,102,53,3.8525,3.8502,1.0324798,0.1827601,3.7070422,1.0309644,0.18106125,3.7052279,0.1832561492919922,0.36522503197193146,0.11976957321166992,0.1406785368919372,0.3204743564128876,0.08412971496582022
1789687779.280040,traffic cone,0.6260,136,98,75,59,4.7311,4.7307,2.2852497,0.08110824,4.141818,2.2895498,0.17030852,4.1362214,0.2199121952056884,0.44554659128189084,0.219745326042176,0.14047832489013645,0.44583581760525703,0.17613434791564941
1789687779.327588,traffic cone,0.3032,158,59,137,54,5.4977,5.5074,3.7752564,0.13055862,3.9943542,3.7853103,0.16678028,3.99695,0.5246762752532961,0.33977819681167604,0.3940882682800293,0.5088173151016235,0.3398305855691433,0.3969719409942627
1789687779.371945,traffic cone,0.2478,266,130,232,123,3.1895,3.1912,1.1943206,0.06245075,2.956831,1.197825,0.0624063,2.9572198,0.1453031301498413,0.4552428729832171,0.09355105161666888,0.14100248813629146,0.4224213033914566,0.09437224864959681
1789687779.419953,cardboard box,0.1872,88,65,57,45,8.1032,8.1213,-4.1675925,-0.032301813,6.94927,-4.1539183,-0.03277667,6.978501,0.3607876777648933,0.4545050173997879,0.5779934883117681,0.2867195129394533,0.29608067870140076,0.29060535430908274
1789687779.488308,traffic cone,0.8252,127,58,54,7,5.4174,4.6329,3.4385257,0.13377388,4.1840973,2.8960505,0.24384786,3.6079197,0.35536800622940046,0.30200453400611876,0.3413757801055901,0.1709110260009763,0.015640856325626395,0.09749476909637433
1789687779.536092,traffic cone,0.8148,210,80,100,54,3.8494,3.8500,1.030153,0.1829811,3.704437,1.0328155,0.18099892,3.704437,0.1821829378604889,0.37003804221749304,0.12386699914932242,0.13673648834228502,0.3167919985949993,0.09096310138702357
1789687779.583929,traffic cone,0.6273,136,99,75,60,4.7316,4.7332,2.2851772,0.08143355,4.142423,2.2893443,0.17070737,4.1391454,0.21312503814697248,0.4457522727549076,0.21989450454711967,0.1443722367286684,0.446026499196887,0.17915215492248482
1789687779.633273,traffic cone,0.2995,158,66,136,56,5.4188,5.5204,3.6595488,0.20403895,3.991121,3.7964628,0.1294168,4.005559,0.7763691544532776,0.3398771099746227,0.7038266062736511,0.5171739459037781,0.34002839773893356,0.4258161783218384
1789687779.678884,traffic cone,0.2486,268,130,237,125,3.1887,3.1908,1.1960727,0.062417388,2.955202,1.198967,0.0026759207,2.9569235,0.14282105565071124,0.4551236040890215,0.09711489677429208,0.14195621013641357,0.42209237813949585,0.09882397651672381
1789687779.718967,cardboard box,0.1875,89,70,57,44,8.0991,8.1153,-4.150298,-0.031724907,6.954857,-4.1495705,-0.03279104,6.974105,0.3395178794860847,0.4556245028972626,0.6527241468429565,0.24685380458831752,0.2962965086102486,0.28622479438781756
1789687779.763297,traffic cone,0.8241,127,60,55,6,5.4224,4.6266,3.4397202,0.13399842,4.1896205,2.8903832,0.24331143,3.604426,0.35718963146209726,0.302975070476532,0.3492195367813107,0.1372128129005432,0.012271534651517868,0.07430648803710938
1789687779.803388,traffic cone,0.8152,213,80,105,55,3.8503,3.8486,1.0285921,0.18321338,3.705841,1.0295488,0.1809734,3.7039607,0.1792728900909425,0.3704670175909996,0.12549383640289324,0.14093253612518297,0.31279165446758267,0.09892621040344274
1789687779.834921,traffic cone,0.6254,135,99,74,59,4.7309,4.7328,2.2856781,0.08140378,4.1412764,2.2912185,0.17022087,4.1376987,0.21017446517944327,0.44532223492860795,0.22510643005371023,0.1430037260055541,0.44561113715171813,0.18831505775451607
1789687779.879184,traffic cone,0.3016,159,61,137,64,5.4402,5.5702,3.6854303,0.20397733,3.996485,3.810629,0.1290907,4.060768,0.7677114009857178,0.3398522287607193,0.6755406856536865,0.6579517364501948,0.4218466509133577,0.6836833000183109
1789687779.924641,traffic cone,0.2474,269,130,228,121,3.1892,3.1906,1.196605,0.062469237,2.9555178,1.1981441,0.06242475,2.9563844,0.14384726285934435,0.45536478683352455,0.09631921052932757,0.1357254981994629,0.4223598390817642,0.09921073913574219
1789687779.969367,cardboard box,0.1793,88,71,56,44,8.1023,8.1195,-4.151626,-0.031674877,6.957797,-4.1518683,-0.0328155,6.97767,0.3382117748260498,0.4555564448237419,0.6544482707977295,0.24698536396026682,0.2962122358381748,0.2921087503433233
1789687780.038246,traffic cone,0.8261,130,61,55,7,5.4257,4.6337,3.4443078,0.13369747,4.190125,2.8990474,0.24390517,3.606568,0.3606884479522705,0.30183760821819305,0.3510293960571289,0.17448248863220206,0.016148239374160767,0.10200178623199463
1789687780.082671,traffic cone,0.8138,207,80,105,54,3.8539,3.8518,1.0321443,0.1834609,3.7085497,1.0321443,0.18122543,3.7064724,0.17705614864826202,0.3691399287432432,0.11198848485946655,0.1413176387548446,0.3169330287724733,0.08527574539184579
1789687780.123302,traffic cone,0.6270,133,98,72,58,4.7304,4.7324,2.2858505,0.08153379,4.1406565,2.2910056,0.1706749,4.1373854,0.208850312232971,0.44523485340178015,0.21958014965057426,0.14252941608428937,0.44544956125319,0.17721409797668475
1789687780.165614,traffic cone,0.3022,155,65,135,52,5.3950,5.5076,3.6268194,0.20448937,3.9887598,3.7783322,0.12971301,4.005089,0.7609879970550533,0.3398019909858704,0.7180935859680173,0.5045716404914855,0.33990277647972106,0.4128956556320196
1789687780.205570,traffic cone,0.2491,269,130,236,125,3.1898,3.1925,1.1946656,0.062563986,2.956994,1.2006907,0.0025166422,2.9581387,0.14651617407798767,0.4553049273788927,0.09357457160949689,0.14490778446197505,0.4221812665462494,0.09442596435546857
1789687780.263059,cardboard box,0.1790,90,71,58,44,8.0966,8.1177,-4.152806,-0.031924665,6.9503965,-4.151638,-0.032685086,6.9756136,0.35573577880859375,0.45584115386009216,0.6545240879058838,0.288489127159119,0.29620589017868043,0.27738125324249285
1789687780.320127,traffic cone,0.8263,128,62,54,6,5.4296,4.6236,3.4428902,0.13400522,4.196374,2.8885183,0.2430509,3.6020985,0.36294488906860334,0.30227569192647935,0.3595647573471066,0.14123469591140747,0.01287907361984253,0.07996970415115356
1789687780.363361,traffic cone,0.8126,208,80,103,54,3.8527,3.8521,1.0312414,0.18304712,3.707614,1.031522,0.18107803,3.706974,0.18104354441165926,0.36912917308509346,0.11785403490066537,0.14233961999416334,0.31627695150673385,0.08615838289260891
1789687780.408248,traffic cone,0.6259,134,96,72,58,4.7290,4.7307,2.285695,0.081657544,4.1391754,2.2892418,0.17060615,4.1364403,0.2090468406677246,0.4456620179116726,0.21826589107513428,0.14265499114990243,0.4457368735224009,0.1719284534454344
1789687780.450812,traffic cone,0.2961,156,58,135,53,5.4980,5.5097,3.7706857,0.12965299,3.9991407,3.7819245,0.12963077,4.0045753,0.5105002522468567,0.3398933231830597,0.39502685070037824,0.5010218143463137,0.33971330225467683,0.39808564186096174
1789687780.482008,traffic cone,0.2480,272,129,231,122,3.1901,3.1925,1.1962078,0.06259836,2.9566693,1.1999612,0.0025040656,2.9584033,0.1439073801040649,0.4582306981086728,0.09410452842712402,0.1418759524822233,0.4223086476325989,0.09550893306732178
1789687780.525388,cardboard box,0.1747,89,71,57,43,8.1009,8.1179,-4.1518173,-0.03180948,6.95598,-4.1518173,-0.032703355,6.9757338,0.35451316833496094,0.45587313175201416,0.6810362339019775,0.2418183326721186,0.2964100331068039,0.2676112174987795
1789687780.595257,traffic cone,0.8257,128,60,53,6,5.4249,4.6207,3.4403322,0.1338268,4.192407,2.88654,0.24279468,3.5999117,0.3650994300842285,0.30208735987544055,0.34838933944702166,0.1432700753211975,0.01318468526005745,0.08281397819519043
1789687780.638509,traffic cone,0.8155,212,80,101,54,3.8511,3.8491,1.0312629,0.18309619,3.7058997,1.0322018,0.18126366,3.7037168,0.1798182606697083,0.3700265880674124,0.11229059696197519,0.14165484607219692,0.31683852039277555,0.08583446741104117
1789687780.687757,traffic cone,0.6228,134,97,74,59,4.7304,4.7334,2.2855535,0.08154221,4.1408224,2.2894945,0.17085005,4.1393275,0.20917434692382786,0.44552252888679506,0.21564836502075213,0.14552080631256104,0.4458770260214806,0.18256235122680664
1789687780.736854,traffic cone,0.2949,161,72,139,66,5.4664,5.5697,3.7241948,0.20374882,3.9963515,3.8118305,0.12982969,4.0588903,0.8314347028732301,0.37653163112699983,0.9681551218032842,0.6930209398269653,0.42118732444942,0.6965354681015015
1789687780.784678,traffic cone,0.2480,270,131,234,122,3.1876,3.1903,1.1944045,0.06257595,2.9547083,1.1979575,0.062382385,2.9562335,0.14557510614395142,0.4522028788924217,0.10088801383972168,0.13983326554298392,0.4221913248300552,0.10141372680664062
1789687780.832067,cardboard box,0.1775,88,66,56,43,8.0974,8.1154,-4.1594424,-0.031869695,6.9473605,-4.14684,-0.032718733,6.9758677,0.3589683771133423,0.45554429292678833,0.6140154600143433,0.2378978729248047,0.29651455879211425,0.2686849117279051
1789687780.877749,traffic cone,0.1547,28,16,25,13,8.4379,8.4307,-5.0711517,-0.02640295,6.743926,-5.0674853,0.11619906,6.7367134,0.28687167167663574,0.30667436867952347,0.24757301807403564,0.29534187316894567,0.15385900139808653,0.20044412612914986
1789687780.945081,traffic cone,0.8258,127,62,55,6,5.4272,4.6199,3.4410434,0.13373053,4.1947765,2.8859982,0.24272858,3.599368,0.36351436376571655,0.3015978291630745,0.3643073558807375,0.14583635330200195,0.013571009039878845,0.08640974760055542
1789687780.975859,traffic cone,0.8163,218,83,99,54,3.8508,3.8502,1.0320549,0.18289703,3.7054374,1.0312297,0.18107408,3.7050993,0.18091126084327702,0.430933678895235,0.1212182521820071,0.1411016881465912,0.3167168702930212,0.09569889307022095
1789687781.019621,traffic cone,0.6259,138,98,74,60,4.7293,4.7312,2.2882018,0.081016645,4.1381416,2.2888362,0.17060286,4.1371417,0.23170000314712524,0.4459020964801311,0.21244969367980904,0.1406815648078914,0.44593479037284856,0.1747323036193844
1789687781.063330,traffic cone,0.2944,153,58,131,53,5.4926,5.5073,3.766565,0.12982388,3.9955924,3.785593,0.12956217,3.9979136,0.5077036380767819,0.3397022739052773,0.3865046977996829,0.4977162837982174,0.33968741297721866,0.3923178195953372
1789687781.107983,traffic cone,0.2496,264,129,227,121,3.1889,3.1909,1.1958182,0.062463567,2.9555228,1.1995559,0.062352628,2.956197,0.14217848777770992,0.4580103456974026,0.09925031661987305,0.1369384527206421,0.4224960654973984,0.10123109817504883
1789687781.148411,cardboard box,0.1818,90,70,58,44,8.0941,8.1149,-4.152729,-0.031744733,6.947501,-4.151744,-0.032983378,6.9723396,0.3455808877944939,0.45575186908245086,0.6518614053726193,0.2732741355895998,0.296112035214901,0.2965034246444702
1789687781.208766,traffic cone,0.8273,129,63,57,7,5.4324,4.6346,3.4464443,0.13403657,4.196978,2.8982751,0.24398604,3.6082635,0.36538283824920637,0.301068152487278,0.36137809753418004,0.17152259349823007,0.015724098682403542,0.0981932163238528
1789687781.239679,traffic cone,0.8121,220,81,104,54,3.8515,3.8519,1.030147,0.18366906,3.7066684,1.0294821,0.18111837,3.7073405,0.18263649940490723,0.36568331718444824,0.11863327026367188,0.14118762612342828,0.3166715361177921,0.08673927783966073
1789687781.282689,traffic cone,0.6280,138,95,73,59,4.7303,4.7321,2.284893,0.08133811,4.141048,2.2886102,0.17095941,4.1383147,0.20878286361694354,0.4456705801188946,0.2151101112365721,0.14058117866516096,0.4459594413638115,0.17940993309021014
1789687781.326890,traffic cone,0.2958,156,61,134,55,5.4966,5.5138,3.7717457,0.13018587,3.9961843,3.7939315,0.12939486,3.9989395,0.5222678184509277,0.3398827463388443,0.39734506607055664,0.5059230089187627,0.33973277211189273,0.40201640129089355
1789687781.371617,traffic cone,0.2499,268,129,237,127,3.1888,3.1930,1.1942055,0.06245157,2.956079,1.1998422,0.0026036352,2.9589987,0.14622550010681135,0.4580933511257168,0.09214582443237296,0.14927250146865845,0.4223931759595871,0.09459009170532218
1789687781.417240,cardboard box,0.1929,88,69,57,44,8.0990,8.1165,-4.1506405,-0.031828403,6.9545455,-4.1493278,-0.032817237,6.975692,0.3364937782287596,0.45603254437446594,0.6495654106140138,0.2435029506683346,0.2961392715573311,0.2899579048156742
1789687781.485760,traffic cone,0.8272,127,61,54,6,5.4283,4.6228,3.4396813,0.13366957,4.1972523,2.8873773,0.24298048,3.601921,0.36066627502441406,0.3014725148677826,0.35718631744384766,0.14475566148757935,0.013408485800027847,0.08490568399429321
1789687781.515251,traffic cone,0.8177,219,81,102,54,3.8530,3.8523,1.0309424,0.1829217,3.7080562,1.0313036,0.18118887,3.707295,0.1800391674041748,0.36585792899131775,0.12343597412109375,0.14166719317436216,0.31650561578571795,0.08688151836395264
1789687781.543862,traffic cone,0.6271,140,96,73,59,4.7300,4.7319,2.285747,0.08144876,4.1402254,2.2910054,0.17050855,4.136801,0.20976042747497559,0.44593678042292595,0.20948314666748047,0.14293041229248038,0.4462300665676594,0.1795374870300286
1789687781.571970,traffic cone,0.2915,157,69,136,54,5.3899,5.5118,3.6219175,0.20494469,3.9863222,3.7858438,0.12923934,4.003814,0.772856664657593,0.3398954480886459,0.7446387290954588,0.5124333024024961,0.34015156179666517,0.42751233577728254
1789687781.614802,traffic cone,0.2470,266,129,229,122,3.1890,3.1906,1.1952419,0.062482804,2.9558816,1.1989744,0.062367342,2.9561458,0.14479186534881583,0.45803364813327757,0.09679698944091797,0.14158110022544856,0.4223102778196335,0.09829883575439435
1789687781.662653,cardboard box,0.1901,88,68,57,43,8.1013,8.1149,-4.149987,-0.031916983,6.9576015,-4.147132,-0.032773137,6.975069,0.3556710243225094,0.4552247405052185,0.65206332206726,0.2347830772399906,0.2962395131587982,0.2729147911071772
1789687781.733830,traffic cone,0.8255,127,61,54,7,5.4196,4.6411,3.440369,0.13381115,4.1854315,2.902862,0.24455643,3.613001,0.35816287994384766,0.30284763872623444,0.3575410842895508,0.17391688823699925,0.016075766086578375,0.10140190124511728
1789687781.778427,traffic cone,0.8162,216,81,103,56,3.8525,3.8537,1.0320953,0.18275723,3.7071352,1.0329859,0.18078637,3.7082353,0.17615729570388794,0.3653486371040344,0.11898183822631836,0.14010047912597656,0.3091783691197634,0.09551721811294556
1789687781.826019,traffic cone,0.6268,140,98,72,58,4.7290,4.7316,2.2861118,0.08113848,4.138863,2.290716,0.17082204,4.1366487,0.2205352067947386,0.44561460874974723,0.22206835746765208,0.14184132814407358,0.44598415642976763,0.18003234863281303
1789687781.875360,traffic cone,0.3005,156,60,134,53,5.4924,5.5091,3.7662146,0.13038503,3.9956791,3.784072,0.12945914,4.001794,0.5170305371284489,0.3395574055612087,0.40724358558654794,0.4918609619140626,0.33955671191215514,0.39940929412841797
1789687781.915606,traffic cone,0.2494,267,128,225,118,3.1883,3.1908,1.1945691,0.06233175,2.9553802,1.1981485,0.062251464,2.9566724,0.14423624277114855,0.4609494909644122,0.09307044744491577,0.13658275008201604,0.4224193051457405,0.09619750976562491
1789687781.947423,cardboard box,0.1886,87,70,57,44,8.1143,8.1177,-4.1493344,-0.03181982,6.973027,-4.151225,-0.032781318,6.9758706,0.31380245685577446,0.4560591891407967,0.6554788827896116,0.2441237688064577,0.2963192820549011,0.29511940479278564
1789687782.011161,traffic cone,0.8265,129,62,55,7,5.4276,4.6356,3.4413652,0.13378115,4.195033,2.8994637,0.2440724,3.6086283,0.3630308032035825,0.30164765268564225,0.3554059743881224,0.17066531181335431,0.015583539009094233,0.09681563377380353
1789687782.044758,traffic cone,0.8131,219,81,102,54,3.8542,3.8537,1.0308721,0.18295003,3.7092514,1.0320482,0.18103398,3.7085278,0.18213653564453125,0.3659905642271042,0.11715316772460938,0.1406100630760193,0.31625368930399417,0.09068193435668936
1789687782.095730,traffic cone,0.6278,138,96,73,58,4.7330,4.7344,2.2867055,0.081623316,4.143092,2.2909482,0.17051323,4.1396856,0.20917439460754395,0.4455714821815491,0.21763229370117188,0.14341378211975098,0.44574423544108865,0.17739112377166677
1789687782.132218,traffic cone,0.3011,154,58,133,51,5.4582,5.5012,3.7164903,0.16686168,3.993957,3.7745793,0.13004486,3.9998403,0.5220504045486449,0.3396999008953571,0.4134884357452395,0.49670135974884033,0.33973007649183273,0.40160393714904785
1789687782.176489,traffic cone,0.2512,272,131,238,127,3.1883,3.1919,1.1949352,0.06258474,2.9552817,1.2006989,0.002734661,2.9574666,0.14566969871520996,0.4523690715432167,0.09497237205505371,0.14638825654983534,0.422359311580658,0.09539742469787615
1789687782.221841,cardboard box,0.1889,88,67,57,43,8.0995,8.1173,-4.1519194,-0.03165041,6.954288,-4.146817,-0.032896996,6.978087,0.3400061607360838,0.4559679597616196,0.6353744983673097,0.2331016540527342,0.2963479712605476,0.27395043373107875
1789687782.293123,traffic cone,0.8211,128,60,54,7,5.4261,4.6359,3.439917,0.13382486,4.1942124,2.8995976,0.24410465,3.6089842,0.36412699222564715,0.302022310346365,0.3469037771224981,0.17220797538757315,0.015820932388305675,0.0990502357482912
1789687782.334572,traffic cone,0.8133,214,81,100,53,3.8517,3.8503,1.0339764,0.18295157,3.7057714,1.0339764,0.18145376,3.7044568,0.17940068244934082,0.36550775170326233,0.11767864227294922,0.14039686918258665,0.32039168775081633,0.08272933959960938
1789687782.370802,traffic cone,0.6274,138,95,72,58,4.7319,4.7329,2.285425,0.081456244,4.1425977,2.2879677,0.17043763,4.1396494,0.20510878562927237,0.44603358805179594,0.2120370864868164,0.136991333961487,0.44635022766888144,0.18090224266052246
1789687782.424498,traffic cone,0.3000,154,63,135,54,5.4119,5.5024,3.6483629,0.20341104,3.9920235,3.7801135,0.12979877,3.996318,0.7656533002853396,0.33961912989616394,0.6760488986968998,0.4938982009887689,0.339610281586647,0.401159787178039
1789687782.470727,traffic cone,0.2530,270,128,236,124,3.1903,3.1937,1.1952868,0.062691584,2.9572506,1.2013013,0.0025655553,2.9591687,0.1433727204799653,0.46102130115032147,0.09529954195022539,0.14437894821166997,0.4224555119872093,0.096468985080719
1789687782.522412,cardboard box,0.1874,86,65,56,42,8.1018,8.1210,-4.154598,-0.03185287,6.9553647,-4.146291,-0.032807708,6.9826355,0.33646678924560547,0.4552734851837158,0.6305801391601564,0.23021531105041504,0.29635152220726013,0.2734784603118898
1789687782.593923,traffic cone,0.8239,127,62,54,6,5.4293,4.6244,3.4416337,0.1338764,4.1969967,2.889378,0.24311565,3.6023908,0.35829237699508676,0.3019278235733509,0.3538063287734987,0.14311128854751587,0.013154450803995132,0.0824880599975586
1789687782.622662,traffic cone,0.8150,213,81,101,53,3.8527,3.8502,1.0323002,0.18303637,3.707328,1.0301807,0.18123303,3.7053626,0.17915642261505127,0.3650945723056793,0.11569356918334961,0.14196283817291255,0.29106946289539337,0.08459978103637678
1789687782.653849,traffic cone,0.6288,138,97,72,59,4.7302,4.7325,2.2865732,0.08149381,4.139978,2.2905245,0.17049582,4.1377935,0.2078929424285887,0.44568886011838915,0.2141393661499018,0.14548127651214582,0.446211089938879,0.17852702140808052
1789687782.700648,traffic cone,0.3044,155,64,133,52,5.4057,5.5020,3.6419744,0.20428243,3.9894223,3.7790985,0.130118,3.9966762,0.7621933579444886,0.3396440215408802,0.6915362119674682,0.498047411441803,0.3395871736109257,0.39726929664611843
1789687782.748682,traffic cone,0.2530,268,127,235,123,3.1896,3.1928,1.1959211,0.06261934,2.956247,1.2010891,0.00275518,2.9582582,0.1440068364143372,0.42294265031814576,0.09262742996215811,0.14409328699111934,0.42249858379364014,0.09435729980468732
1789687782.796968,cardboard box,0.1869,89,69,57,44,8.0960,8.1135,-4.15138,-0.031848148,6.9505444,-4.148202,-0.03266397,6.972816,0.3406464576721193,0.4550124406814575,0.6356442451477049,0.2513077735900877,0.29649523347616197,0.2783817529678343
1789687782.853968,traffic cone,0.8253,128,62,55,7,5.4287,4.6385,3.4436665,0.1338305,4.194462,2.9004986,0.24432994,3.6115012,0.36133772134780884,0.30176621600985526,0.36099541187286377,0.17256262302398717,0.015887477993965116,0.09974679946899423
1789687782.895144,traffic cone,0.8148,213,81,99,54,3.8546,3.8538,1.032421,0.18302266,3.7092357,1.0306189,0.18124154,3.7089589,0.1768409013748169,0.36552979052066803,0.11624479293823242,0.14136273860931392,0.31694391295313834,0.09142234325408927
1789687782.925226,traffic cone,0.6269,140,98,74,59,4.7315,4.7322,2.285552,0.08155756,4.142049,2.290329,0.17035575,4.137572,0.21121057271957389,0.4455940410494804,0.2227383852005005,0.14236502647399885,0.4457295566797257,0.17713670730590803
1789687782.953345,traffic cone,0.3103,156,63,136,55,5.4301,5.5165,3.6756716,0.20294578,3.991829,3.7889771,0.1295733,4.0073404,0.7633518695831296,0.33948787748813625,0.6808891296386714,0.508563566207886,0.3397781044244766,0.4164128303527832
1789687782.997626,traffic cone,0.2557,267,131,237,126,3.1894,3.1921,1.1938913,0.06256774,2.9568443,1.1998324,0.062488966,2.9573588,0.1448962688446045,0.45200365036726,0.09611964225769043,0.14458537101745605,0.42232242971658707,0.09746754169464111
1789687783.042396,cardboard box,0.1857,87,69,57,43,8.1184,8.1200,-4.1527443,-0.031911775,6.975834,-4.1527443,-0.032752246,6.9777384,0.33696889877319336,0.4558584034442902,0.6560400962829593,0.23768005371093803,0.2961308628320694,0.2716762542724611
1789687783.087139,traffic cone,0.1558,27,15,25,13,8.4470,8.4362,-5.078395,-0.026178673,6.749873,-5.068457,0.116177574,6.7428713,0.28624711036682093,0.30696254074573515,0.2390699863433845,0.2922289848327635,0.15422827005386353,0.18912639617919957
1789687783.157165,traffic cone,0.8221,128,62,55,7,5.4263,4.6311,3.4432054,0.13378006,4.191742,2.8967195,0.2436856,3.6051545,0.36420456171035775,0.3017138116061687,0.35643007755279577,0.17195918560028112,0.015784621238708496,0.09872031211853027
1789687783.190933,traffic cone,0.8156,215,81,101,54,3.8524,3.8521,1.0316248,0.18347645,3.707128,1.031614,0.18120247,3.7069206,0.1839795708656311,0.36527015268802643,0.12309694290161133,0.1417915433645247,0.3167146492749452,0.08685132265090934
1789687783.234979,traffic cone,0.6243,140,97,75,60,4.7308,4.7345,2.2849712,0.08138582,4.1415644,2.2909808,0.17040326,4.139744,0.21052894592285165,0.4453366354107857,0.21512241363525408,0.14470459222793597,0.44578542523086073,0.17966325283050555
1789687783.277600,traffic cone,0.3007,156,64,136,54,5.4225,5.5117,3.6648827,0.20390016,3.9913077,3.7890704,0.12953955,4.0006504,0.763114333152771,0.33972220569849015,0.6890525817871094,0.49334963560104406,0.3397343888878822,0.3966662645339962
1789687783.323804,traffic cone,0.2564,268,131,231,123,3.1885,3.1916,1.1954397,0.06258975,2.955253,1.1982883,0.062449902,2.95749,0.14479923248291016,0.4522816836833954,0.09590804576873779,0.13969212770462014,0.4224098414182663,0.09646909236907986
1789687783.368880,cardboard box,0.1891,88,69,57,43,8.1079,8.1143,-4.1482463,-0.031878784,6.9662576,-4.1482463,-0.03275381,6.973741,0.3326613426208498,0.45569735765457153,0.6549399375915526,0.23645901679992676,0.29633505642414093,0.2758302688598633
1789687783.412699,traffic cone,0.1572,27,15,25,13,8.4423,8.4305,-5.0804014,-0.02625449,6.7425275,-5.065857,0.11704683,6.7377644,0.27965736389160156,0.3070887416601181,0.23300433158874512,0.28536081314086914,0.15432862043380738,0.1827816009521479
1789687783.473439,traffic cone,0.8213,129,66,55,6,5.4376,4.6229,3.4459982,0.1338869,4.2040925,2.8874426,0.24299371,3.6020658,0.3580043315887451,0.30198317021131516,0.38798999786376953,0.1441720724105835,0.013320710510015488,0.08408975601196289
1789687783.505068,traffic cone,0.8134,213,81,103,55,3.8532,3.8530,1.0326579,0.18295692,3.7077777,1.0326579,0.18115617,3.707641,0.1773393154144287,0.36569182574748993,0.12372946739196777,0.14049373865127568,0.31306459456682206,0.09270999431610116
1789687783.546430,traffic cone,0.6222,140,98,73,59,4.7291,4.7320,2.283822,0.08156632,4.140238,2.2889018,0.17065819,4.138109,0.2079627513885498,0.4456139151006937,0.21929254531860298,0.14409055709838858,0.4459129020571709,0.18380365371704155
1789687783.593927,traffic cone,0.2948,152,56,132,51,5.4925,5.4988,3.7632623,0.13027953,3.9985843,3.769604,0.12980853,4.0012484,0.5081132054328918,0.3396740071475506,0.39720678329467773,0.4991469383239746,0.339704193174839,0.40320849418640137
1789687783.638793,traffic cone,0.2567,263,128,233,123,3.1891,3.1935,1.1949526,0.062500216,2.9561415,1.2019563,0.0026800036,2.958676,0.1440557003021239,0.46073010042309714,0.0940437912940979,0.1453707337379455,0.42234435975551604,0.09464371204376221
1789687783.683882,cardboard box,0.1937,89,72,58,44,8.1129,8.1185,-4.1514497,-0.031734288,6.9702325,-4.1518126,-0.032745413,6.9765134,0.35163204669952375,0.4557579725980759,0.6614909172058105,0.2870194196701048,0.296403244137764,0.2769418239593513
1789687783.753221,traffic cone,0.8202,130,60,53,7,5.4238,4.6398,3.4393973,0.13364202,4.1916704,2.9024029,0.24443454,3.6116114,0.3628042817115782,0.3022418439388275,0.3480294227600096,0.17684650421142578,0.01650895178318021,0.10538492202758798
1789687783.800625,traffic cone,0.8153,217,80,103,54,3.8504,3.8489,1.0306675,0.18307377,3.705423,1.0310795,0.18108073,3.703783,0.17908645272254942,0.36949405223131176,0.11763414144515982,0.14163853526115422,0.3166024357080459,0.08958574533462516
1789687783.848615,traffic cone,0.6274,140,99,74,58,4.7335,4.7353,2.2872393,0.08188835,4.1434035,2.2920651,0.17040065,4.1400957,0.21527824401855478,0.4456841446459293,0.21789197921753,0.14198656082153338,0.44592249840497966,0.1744248867034912
1789687783.896748,traffic cone,0.3003,154,63,134,53,5.4138,5.5077,3.651662,0.20426115,3.991608,3.7806356,0.12984431,4.0031514,0.76635012626648,0.339911612868309,0.6942344903945923,0.49953470230102504,0.34002147018909457,0.4011555194854739
1789687783.944506,traffic cone,0.2564,270,131,231,123,3.1905,3.1922,1.1958575,0.06251541,2.9572,1.1986827,0.062483087,2.95794,0.14668864011764526,0.45225225389003754,0.0937039852142334,0.14112710952758767,0.4224011778831482,0.09463953971862793
1789687783.992878,cardboard box,0.1943,88,69,57,43,8.1144,8.1198,-4.151529,-0.031745493,6.971944,-4.150012,-0.032635942,6.9790325,0.3334184646606442,0.45575812458992004,0.6587041854858402,0.23469858169555646,0.2962875455617905,0.2750359058380134
1789687784.039583,traffic cone,0.1527,28,16,26,14,8.4482,8.4335,-5.076434,-0.026209384,6.7528324,-5.065414,0.045022897,6.7426667,0.2863255739212036,0.30687887221574783,0.24070215225219727,0.2928247213363644,0.1541037052869797,0.21718692779541016
1789687784.097683,traffic cone,0.8215,128,62,55,7,5.4266,4.6312,3.4417396,0.1339176,4.1934466,2.8964548,0.24369349,3.6054535,0.35877900123596174,0.301841638982296,0.35735762119293213,0.17127442359924316,0.01568592190742496,0.09783027172088632
1789687784.128352,traffic cone,0.8144,219,81,103,54,3.8531,3.8512,1.0311835,0.18292792,3.7080011,1.0299318,0.18121713,3.7064583,0.18242478370666504,0.3660288602113724,0.1155388355255127,0.1409786194562912,0.3166610177606344,0.08979108333587682
1789687784.165740,traffic cone,0.6247,140,97,74,59,4.7330,4.7337,2.2862053,0.08118339,4.143408,2.290363,0.17031188,4.1391926,0.2167175769805909,0.44529285877943037,0.22039022445678658,0.1401181459426879,0.4454823173582554,0.1749850749969486
1789687784.196681,traffic cone,0.3008,153,62,133,52,5.4009,5.5050,3.6349635,0.2041621,3.9894028,3.7772193,0.12985136,4.0026503,0.768092465400696,0.33987904787063594,0.6912548542022705,0.4982062101364133,0.3398514807224273,0.40414450168609584
1789687784.243956,traffic cone,0.2552,270,131,238,127,3.1891,3.1927,1.1954447,0.06272237,2.95594,1.2003226,0.0026946217,2.9584377,0.14610803127288818,0.4522344544529915,0.0957176685333252,0.14614353179931627,0.42237578332424164,0.09650654792785618
1789687784.289396,cardboard box,0.1921,86,66,55,42,8.1049,8.1169,-4.1502876,-0.031758986,6.9615617,-4.1408486,-0.032696813,6.9811196,0.3405956029891968,0.4551987200975418,0.6356788873672485,0.23662703037261945,0.29628577530384065,0.26966831684112513
1789687784.334980,traffic cone,0.1543,27,15,25,13,8.4441,8.4316,-5.0755577,-0.026295096,6.748411,-5.0677686,0.116397545,6.73767,0.2799729824066164,0.3068904966115952,0.23591399192810059,0.28647909164428764,0.15408537685871126,0.19637193679809517
1789687784.390374,traffic cone,0.8220,128,59,54,7,5.4194,4.6349,3.4382348,0.13391772,4.1869903,2.897746,0.244023,3.609162,0.36071171760559073,0.3013339132070541,0.3480739116668703,0.1699007749557495,0.015488678216934199,0.096065068244934
1789687784.432694,traffic cone,0.8144,216,81,105,54,3.8533,3.8516,1.0321015,0.18330926,3.7079415,1.0316007,0.18119323,3.7064874,0.18212324380874634,0.3663024604320526,0.1254901885986328,0.14049552381038677,0.316684878244996,0.08680237531662005
1789687784.476917,traffic cone,0.6241,139,96,74,59,4.7317,4.7336,2.2862458,0.08148301,4.141892,2.2891357,0.17085391,4.1397305,0.21042978763580322,0.44518966786563396,0.2194504737854004,0.1444835186004636,0.44559519216418264,0.18089122772216726
1789687784.521542,traffic cone,0.3001,153,68,132,51,5.3808,5.5043,3.6118405,0.21230017,3.9827232,3.7700357,0.2038235,4.0053377,0.7780824303627019,0.3397171564400196,0.7635716438293452,0.5050734281539917,0.33993036299943924,0.41568636894226074
1789687784.566103,traffic cone,0.2511,271,130,239,125,3.1891,3.1914,1.1950861,0.06250045,2.9560332,1.1987379,0.06219369,2.9570975,0.14672490358352674,0.4553074195981024,0.09449112415313721,0.1432729244232176,0.4223466694355011,0.09736614227294904
1789687784.611152,cardboard box,0.2037,89,70,57,43,8.1077,8.1219,-4.154146,-0.031864576,6.9624805,-4.1534495,-0.032744497,6.9795117,0.3558830499649046,0.45586327612400057,0.6646997928619385,0.23273186683654767,0.2964514493942261,0.27000088691711444
1789687784.655962,traffic cone,0.1560,28,16,26,14,8.4432,8.4354,-5.074518,-0.026303768,6.748024,-5.066034,0.045059912,6.744627,0.28865206241607666,0.30706799030303955,0.2349303960800171,0.2944096326828003,0.1542068101465702,0.2167923212051388
1789687784.710143,traffic cone,0.8219,127,56,54,7,5.4093,4.6349,3.4335413,0.12624158,4.1780014,2.8992395,0.24401088,3.6079168,0.35041195154190063,0.30218666419386864,0.3165550231933594,0.1714482307434082,0.015701121091842657,0.0979019165039059
1789687784.749715,traffic cone,0.8119,210,81,102,54,3.8511,3.8509,1.029784,0.18319656,3.7063518,1.031276,0.18140896,3.7058315,0.18035364151000977,0.3665269613265991,0.1180112361907959,0.14011510908603664,0.31640592552721497,0.08760406970977774
1789687784.798270,traffic cone,0.6264,140,99,76,60,4.7306,4.7330,2.285522,0.08157061,4.1410623,2.291335,0.17044938,4.1378508,0.2160050630569459,0.4455227270722389,0.2167326450347904,0.14184924364089957,0.4458830501884222,0.17292056083679164
1789687784.845040,traffic cone,0.2979,158,65,137,56,5.4145,5.5192,3.65122,0.204246,3.9929914,3.7942863,0.12855044,4.006033,0.7653986930847165,0.3396564155817032,0.7005804538726803,0.5185754299163818,0.36063632369041443,0.4836772680282593
1789687784.889993,traffic cone,0.2527,267,130,228,123,3.1892,3.1924,1.1962206,0.06245771,2.9557137,1.1992389,0.0025791228,2.958607,0.14473598003387456,0.4550052143633364,0.09384926557540885,0.141114068031311,0.4224165856838226,0.09628732204437274
1789687784.920347,cardboard box,0.1941,88,70,56,42,8.1103,8.1214,-4.143442,-0.03179948,6.9719286,-4.143911,-0.03259673,6.984522,0.33611624240875315,0.4557381123304367,0.6566996574401855,0.23540368080139107,0.2964190036058426,0.27035229206085276
1789687784.966930,traffic cone,0.1544,27,15,25,13,8.4449,8.4379,-5.073038,-0.02617909,6.751349,-5.0726175,0.11605902,6.7418656,0.2901972293853765,0.307052543759346,0.24257912635803258,0.29608135223388654,0.15412992238998413,0.19726257324218732
1789687785.023787,traffic cone,0.8248,130,61,53,6,5.4245,4.6230,3.4390628,0.13400042,4.192835,2.8870595,0.2430063,3.6025188,0.3660240173339844,0.30048732459545135,0.3545846939086914,0.14238226413726807,0.013051912188529968,0.08160340785980225
1789687785.065563,traffic cone,0.8134,208,81,104,54,3.8493,3.8489,1.0314074,0.18313575,3.7040524,1.0323557,0.18121916,3.703445,0.18202269077301025,0.36535677313804626,0.11407756805419922,0.14216404855251308,0.3168276451528072,0.09021912813186672
1789687785.110248,traffic cone,0.6253,139,95,73,58,4.7295,4.7337,2.2851508,0.0814105,4.1400576,2.2914135,0.17054221,4.138666,0.21128106117248535,0.4455660730600357,0.206795024871826,0.1455488324165346,0.44580320343375207,0.17160432338714582
1789687785.153280,traffic cone,0.2978,157,63,136,64,5.4149,5.5706,3.6527133,0.20381954,3.9921608,3.8112197,0.12925099,4.0606747,0.7644511699676513,0.33987960070371626,0.6876554250717168,0.6889505624771117,0.42162652090191843,0.6928487539291384
1789687785.198311,traffic cone,0.2496,269,130,233,124,3.1898,3.1932,1.1972947,0.06258308,2.9559424,1.1995609,0.032603197,2.959103,0.14560342431068407,0.4228843539953232,0.09560234546661395,0.14202481508255005,0.42235926240682603,0.09647967815399161
1789687785.243063,cardboard box,0.1831,89,70,58,45,8.0977,8.1137,-4.152811,-0.03191734,6.951702,-4.151838,-0.032523632,6.970943,0.3564913272857666,0.4558299362659454,0.6488229751586916,0.2920289993286129,0.29642256498336794,0.281941986083984
1789687785.286583,traffic cone,0.1528,26,14,24,12,8.4450,8.4356,-5.077672,-0.026536502,6.7479305,-5.069399,0.045884274,6.7422924,0.2373632431030277,0.30690504163503646,0.20884997844696063,0.24327259063720685,0.1541384994983673,0.16404893398284948
1789687785.356949,traffic cone,0.8264,130,64,55,6,5.4341,4.6226,3.445214,0.1338634,4.200281,2.8878365,0.2429606,3.6013188,0.3635170936584471,0.3027712516486644,0.3653743505477909,0.14518415927886963,0.013467911630868912,0.08542191982269287
1789687785.388437,traffic cone,0.8129,209,82,101,54,3.8523,3.8516,1.0321614,0.18284646,3.706925,1.0311761,0.18108746,3.7066038,0.18253912329673772,0.3656198173761368,0.11814749240875244,0.14226364493370058,0.31674841456115244,0.08412101268768302
1789687785.430226,traffic cone,0.6232,140,96,73,58,4.7299,4.7302,2.285297,0.081684306,4.14042,2.290731,0.17041086,4.135015,0.2129334807395935,0.4455586541444063,0.21018874645233154,0.14376715421676645,0.44575294852256775,0.1763873577117927
1789687785.474285,traffic cone,0.2889,150,56,133,52,5.4919,5.5034,3.7634625,0.13028844,3.9974852,3.7802382,0.12967715,3.9974852,0.514905571937561,0.33983248472213745,0.39491117000579834,0.5018795847892759,0.3397401958703995,0.3975313901901245
1789687785.518935,traffic cone,0.2483,266,129,237,126,3.1896,3.1923,1.197029,0.062623665,2.955768,1.2011065,0.032666795,2.9575067,0.14377145767211919,0.42285394072532656,0.0936695098876954,0.14693182706832886,0.4224523678421974,0.09415245056152344
1789687785.564214,cardboard box,0.1799,86,68,56,42,8.1108,8.1200,-4.1511483,-0.031691402,6.967874,-4.1425285,-0.032639757,6.983742,0.3364553451538086,0.45598402321338655,0.6562353849411018,0.23099398612976074,0.29607164263725283,0.2740845441818234
1789687785.611846,traffic cone,0.8250,128,59,54,7,5.4208,4.6362,3.4417665,0.13355075,4.185908,2.9002056,0.244126,3.608848,0.36503279209136963,0.3019054681062698,0.3401104450225825,0.17636089324951154,0.016438561677932756,0.10474686622619611
1789687785.643327,traffic cone,0.8110,211,81,104,54,3.8533,3.8532,1.0319688,0.18325071,3.7079759,1.0317487,0.18112293,3.708027,0.18286395072937012,0.36603495478630066,0.1172184944152832,0.14085104167461393,0.31700423993170257,0.08987793922424325
1789687785.686200,traffic cone,0.6217,140,97,73,58,4.7313,4.7331,2.2863383,0.08142628,4.14135,2.2905645,0.16978824,4.138478,0.215254545211792,0.4458518669009209,0.2181632041931154,0.1386989235877989,0.44610693901777265,0.1749003171920771
1789687785.731639,traffic cone,0.2857,152,61,135,53,5.4388,5.5068,3.6820242,0.20364313,3.9976616,3.7778733,0.12953131,4.004447,0.770789384841919,0.3395746201276779,0.6730589866638184,0.4929061889648434,0.3397178173065185,0.4028695106506346
1789687785.777150,traffic cone,0.2503,268,131,238,127,3.1898,3.1923,1.1965818,0.06244947,2.9561543,1.1992338,0.0027267188,2.9584785,0.14611703157424927,0.45232994109392166,0.09384322166442871,0.14732352495193468,0.42229007482528685,0.09424843788146964
1789687785.821561,cardboard box,0.1789,87,64,56,43,8.0984,8.1209,-4.1570826,-0.031997904,6.949945,-4.1486135,-0.032863513,6.981149,0.3449368953704832,0.45431062281131745,0.6082949876785273,0.23346900939941406,0.29620315730571745,0.27189264297485316
1789687785.884186,traffic cone,0.8243,129,63,55,7,5.4330,4.6325,3.4448218,0.13398829,4.1991124,2.896978,0.24380288,3.6066184,0.361355948448181,0.3013138949871063,0.36560244560241717,0.17402181625366175,0.016096264123916654,0.1016373157501218
1789687785.915924,traffic cone,0.8106,210,81,101,53,3.8536,3.8530,1.0317665,0.18342131,3.7083316,1.0305746,0.18102804,3.708209,0.1819678544998169,0.36595647037029266,0.12427926063537598,0.14153504371643066,0.29124749898910524,0.08690357208251953
1789687785.963630,traffic cone,0.6227,139,96,72,57,4.7324,4.7353,2.2861872,0.08153808,4.142706,2.289318,0.17066142,4.1416535,0.2093273401260376,0.4454391486942768,0.21212291717529297,0.14341917037963858,0.44568680971860886,0.17041473388671857
1789687786.010894,traffic cone,0.2841,155,63,135,53,5.4115,5.5113,3.6471877,0.20387954,3.9925675,3.78612,0.13008398,4.002858,0.7638438463211061,0.3399577498435974,0.6968453168869022,0.5104934215545649,0.33992737233638765,0.404253673553467
1789687786.058809,traffic cone,0.2473,267,131,239,128,3.1906,3.1939,1.196066,0.06265098,2.9572752,1.202106,0.032709166,2.9589045,0.14484310150146484,0.4525616317987442,0.09277510643005371,0.14759202599525456,0.42255955189466476,0.09299697875976598
1789687786.106591,cardboard box,0.1888,90,70,57,43,8.0967,8.1239,-4.1517477,-0.03193172,6.951188,-4.150437,-0.032853737,6.983625,0.3661149024963377,0.45491367429494856,0.656788086891174,0.24105572700500488,0.29608734846115115,0.2655695438385006
1789687786.159761,traffic cone,0.8255,127,61,54,6,5.4283,4.6258,3.4414237,0.13402312,4.1959057,2.889906,0.24324295,3.6038046,0.3660130500793457,0.302778035402298,0.3588066101074219,0.1437402367591858,0.013249251991510391,0.08337700366973877
1789687786.201803,traffic cone,0.8130,216,80,103,54,3.8534,3.8537,1.0311201,0.18280634,3.7083414,1.03129,0.18127309,3.7087665,0.17910890579223615,0.3699976086616516,0.11718612909317017,0.14040088653564453,0.3166956156492233,0.08589830398559561
1789687786.246819,traffic cone,0.6233,139,98,73,58,4.7307,4.7297,2.286311,0.08149555,4.140764,2.291147,0.17002615,4.1341677,0.21705808639526358,0.44532862938940526,0.21698217391967756,0.14336613416671762,0.44549269340932374,0.17116460800170863
1789687786.291206,traffic cone,0.2820,152,58,132,54,5.4999,5.5134,3.769299,0.12979707,4.003105,3.788949,0.1294382,4.003105,0.5046375513076784,0.3396910049021244,0.39342470169067356,0.49898816347122166,0.3396596938371658,0.39808111190795925
1789687786.333952,traffic cone,0.2490,268,131,234,126,3.1901,3.1930,1.1966213,0.06252712,2.9565587,1.2001479,0.0025707036,2.9588404,0.14528584480285645,0.4522083029150963,0.09438633918762207,0.14479467272758484,0.42239950597286224,0.09611845016479492
1789687786.365255,cardboard box,0.1905,89,72,57,43,8.1104,8.1170,-4.144177,-0.030019477,6.9716625,-4.150357,-0.032725573,6.9756093,0.33895049095153773,0.4557589329779148,0.6679030895233149,0.23041791915893572,0.29640015214681625,0.28292746543884295
1789687786.433681,traffic cone,0.8257,129,63,55,7,5.4285,4.6335,3.445079,0.1340145,4.193146,2.8978648,0.24388994,3.607209,0.3683211565017701,0.30172455310821533,0.359226179122925,0.17687299251556388,0.01651856899261475,0.10552461147308367
1789687786.464631,traffic cone,0.8157,216,81,101,54,3.8522,3.8517,1.0322151,0.18288688,3.7068613,1.0313118,0.18100552,3.706689,0.18302702903747559,0.3658021241426468,0.13182902336120605,0.13950498104095455,0.31646363288164137,0.08998345136642483
1789687786.508415,traffic cone,0.6195,139,96,74,57,4.7319,4.7318,2.2858248,0.081563815,4.142342,2.289757,0.17063992,4.1373754,0.20639503002166748,0.44529765099287033,0.21454918384552002,0.14317255020141628,0.44551041424274446,0.16955785751342844
1789687786.552573,traffic cone,0.2782,152,56,132,51,5.4914,5.5017,3.7611623,0.1304329,3.9990425,3.774478,0.13043503,4.000566,0.5089721083641052,0.3392198868095875,0.39510130882263184,0.49182748794555664,0.3392333537340164,0.39763569831848145
1789687786.597677,traffic cone,0.2491,266,130,230,123,3.1881,3.1883,1.1959606,0.06250193,2.954598,1.1972954,0.062488362,2.95427,0.14582562446594238,0.422837869822979,0.09377506971359262,0.13881405591964713,0.42249213457107543,0.097232961654663
1789687786.642021,cardboard box,0.1824,89,72,57,43,8.1086,8.1133,-4.145753,-0.029919162,6.968563,-4.150067,-0.032800987,6.9714627,0.3392641305923467,0.4559894360601902,0.6650382280349731,0.23840222358703667,0.29640029221773145,0.2757382869720466
1789687786.710860,traffic cone,0.8241,127,59,55,7,5.4228,4.6294,3.4370775,0.13412775,4.192344,2.8939712,0.24354227,3.605109,0.3683660745620725,0.30228491574525834,0.33493118286132795,0.1752296447753907,0.016286830604076374,0.10348365306854213
1789687786.751966,traffic cone,0.8177,213,83,99,55,3.8533,3.8514,1.03146,0.18286182,3.7081985,1.0283843,0.1810685,3.7071733,0.18090836405754085,0.36550112217664715,0.1324873208999633,0.1391731262207031,0.31283855885267253,0.10126829147338867
1789687786.787618,traffic cone,0.6205,141,99,76,60,4.7321,4.7333,2.2843435,0.081774846,4.1433654,2.2904637,0.17066404,4.138686,0.2126390695571896,0.4454187750816345,0.21589474678039533,0.14212746620178196,0.44562484100461003,0.16765778064727854
1789687786.831707,traffic cone,0.2838,154,61,135,54,5.4884,5.5131,3.7598622,0.13099973,3.9961386,3.7881122,0.12998265,4.0034704,0.5109026432037354,0.3396306186914444,0.4131770133972168,0.5092066407203668,0.33948455899953844,0.400018572807312
1789687786.876500,traffic cone,0.2485,264,129,230,121,3.1894,3.1904,1.1959076,0.06259598,2.9560342,1.1986406,0.06259403,2.9560342,0.14350798130035414,0.45824661850929227,0.09346828460693324,0.13766419887542725,0.4224582761526108,0.09392642974853516
1789687786.922560,cardboard box,0.1840,88,72,57,43,8.1091,8.1126,-4.14268,-0.031741023,6.9710193,-4.149085,-0.03283386,6.971285,0.3337687730789183,0.4556736409664154,0.6629158735275267,0.23786292076110893,0.2963519975543022,0.26882858276367205
1789687786.991726,traffic cone,0.8253,129,62,55,6,5.4261,4.6231,3.4420247,0.13400011,4.192482,2.8878694,0.24301162,3.6020079,0.3607557415962219,0.3023898154497146,0.3564750194549564,0.1404358148574829,0.012749455869197845,0.0787278413772583
1789687787.036206,traffic cone,0.8170,212,81,103,54,3.8531,3.8512,1.0319811,0.18333104,3.7078,1.0313334,0.18137144,3.7060852,0.1835079789161682,0.36548130214214325,0.10835695266723633,0.14220190942287447,0.31686761192977425,0.08767404556274405
1789687787.065963,traffic cone,0.6174,139,96,73,58,4.7321,4.7333,2.2869654,0.08164285,4.142004,2.2924843,0.17066182,4.137535,0.21056878566741943,0.4455428160727024,0.21203887462615967,0.14517134428024292,0.445678086951375,0.17571561336517316
1789687787.096256,traffic cone,0.2776,153,60,134,53,5.4672,5.5108,3.724133,0.16711828,3.9991896,3.7830133,0.12968221,4.005112,0.5329514980316161,0.3396737791597843,0.42970066070556623,0.5031559467315669,0.33976686894893643,0.41659269332885707
1789687787.139647,traffic cone,0.2464,269,130,230,121,3.1886,3.1915,1.1952566,0.06255685,2.9553864,1.198429,0.06247309,2.9572353,0.14592453241348258,0.45533478707075103,0.09496219158172625,0.14042532444000244,0.422279953956604,0.09681034088134766
1789687787.185367,cardboard box,0.1841,88,72,56,42,8.1080,8.1199,-4.1357565,-0.029924907,6.973775,-4.143231,-0.03270217,6.9832726,0.32920799255371147,0.45582300126552583,0.6638799190521238,0.2343376874923706,0.2962381839752197,0.2725589752197264
1789687787.255175,traffic cone,0.8242,129,63,55,7,5.4305,4.6350,3.4449277,0.13408425,4.1958246,2.8993235,0.2440185,3.6079676,0.3648144721984865,0.30118016600608827,0.3565931797027586,0.17364649772644025,0.01602895259857179,0.10093698501586923
1789687787.285506,traffic cone,0.8173,218,81,101,54,3.8530,3.8522,1.030443,0.18337908,3.708093,1.0304743,0.18125102,3.7074354,0.18051832914352417,0.36676254868507385,0.1286311149597168,0.14033223986625665,0.3164922200143337,0.09384543895721409
1789687787.328644,traffic cone,0.6203,140,97,76,60,4.7316,4.7340,2.2851245,0.08148298,4.1424346,2.2905338,0.17034018,4.1394577,0.21377134323120117,0.4454422160983086,0.2101307868957516,0.14345631599426278,0.4456135559827089,0.1766948699951172
1789687787.373637,traffic cone,0.2818,156,65,137,55,5.3976,5.5248,3.6252258,0.20441142,3.993728,3.8008404,0.12898359,4.0075874,0.762523889541626,0.3397813946008682,0.706873750686646,0.5128735303878784,0.340085868537426,0.42049169540405273
1789687787.418122,traffic cone,0.2452,265,130,229,123,3.1893,3.1897,1.1967657,0.06251877,2.955573,1.1978184,0.062399074,2.9555817,0.14562449455261217,0.45510493665933593,0.09609149694442776,0.1419800281524657,0.4224256455898285,0.09802694320678729
1789687787.463655,cardboard box,0.1838,89,70,57,43,8.1067,8.1172,-4.151901,-0.031866662,6.9626727,-4.151391,-0.03283219,6.9752483,0.35389881134033185,0.4560335695743561,0.65529534816742,0.2353197574615482,0.2963060736656189,0.2759104728698736
1789687787.528792,traffic cone,0.8230,131,63,54,6,5.4295,4.6213,3.4443812,0.13392153,4.1949954,2.8859472,0.24285683,3.6012073,0.36876742839813215,0.3018718346953392,0.35754222869873065,0.14216268062591553,0.013024672865867615,0.08137953281402588
1789687787.561038,traffic cone,0.8203,217,79,103,53,3.8546,3.8533,1.0316157,0.18311697,3.7094889,1.0316157,0.18130347,3.7082314,0.1784000754356383,0.3735655307769775,0.11370651721954328,0.1404025316238403,0.32007865309715267,0.08505907058715811
1789687787.603242,traffic cone,0.6200,140,96,75,59,4.7313,4.7341,2.288002,0.081168905,4.140505,2.2921534,0.17070249,4.138634,0.21619796752929688,0.44554824754595757,0.20912837982177734,0.14189257621765128,0.44568864777684214,0.17023644447326713
1789687787.647385,traffic cone,0.2739,153,63,134,52,5.3961,5.5053,3.6260006,0.2042546,3.9910188,3.7779102,0.1300363,4.0023394,0.7632241725921634,0.33971573263406757,0.6983393430709839,0.4967787146568301,0.33967659398913386,0.4003263235092165
1789687787.692549,traffic cone,0.2479,269,131,232,123,3.1892,3.1910,1.1958233,0.062614515,2.9558122,1.1984247,0.062437594,2.9567006,0.14505958557128906,0.452607199549675,0.09487271308898926,0.13930772542953496,0.4223951369524002,0.09868187904357928
1789687787.738306,cardboard box,0.1785,90,71,58,44,8.0997,8.1114,-4.1500096,-0.031845868,6.9557204,-4.149253,-0.032912098,6.9697666,0.3356163501739502,0.4557795524597168,0.6577301025390625,0.2737050294876102,0.2963874384760857,0.29280092716217077
1789687787.785563,traffic cone,0.8242,129,63,55,6,5.4300,4.6217,3.4463296,0.134141,4.1940503,2.886901,0.24288528,3.6009245,0.3634328842163086,0.30207784473896027,0.36682772636413574,0.14314424991607666,0.013159602880477905,0.08255702257156372
1789687787.816485,traffic cone,0.8174,217,79,104,54,3.8520,3.8517,1.0295374,0.18335015,3.7073703,1.0319029,0.18125717,3.706455,0.17922963500022893,0.3739113807678222,0.11501474380493182,0.14120302796363826,0.3168531611561775,0.08578464984893808
1789687787.863638,traffic cone,0.6181,139,96,73,58,4.7296,4.7333,2.285793,0.081565365,4.1397467,2.2915494,0.1706998,4.1380982,0.21054816246032715,0.4451902285218239,0.21088051795959473,0.14273437261581412,0.44533816538751125,0.17231392860412598
1789687787.911558,traffic cone,0.2800,155,63,136,53,5.4133,5.5073,3.6522093,0.20401618,3.9903994,3.7804656,0.13000217,4.0027475,0.7626979112625127,0.3395208016037941,0.6913354396820064,0.49734544754028365,0.3395818829536438,0.39701519012451136
1789687787.959432,traffic cone,0.2481,269,130,229,121,3.1892,3.1910,1.1965272,0.06252063,2.9555593,1.1978117,0.06250268,2.9570386,0.14413045644760114,0.42303956225514416,0.09545295238494855,0.13702023029327393,0.4224785715341568,0.09668612480163574
1789687788.007282,cardboard box,0.1886,88,70,57,44,8.0988,8.1127,-4.149515,-0.029932797,6.9549274,-4.1483016,-0.032514855,6.9718,0.3524685859680172,0.45529378652572633,0.6605415344238281,0.24521934986114502,0.29628847539424896,0.27680861949920654
1789687788.065214,traffic cone,0.8264,129,62,55,6,5.4259,4.6266,3.4421315,0.13380364,4.192109,2.8903036,0.24331115,3.6044755,0.35943355560302725,0.3026880197227001,0.3617803096771235,0.13771790266036987,0.012347385287284851,0.07501220703125
1789687788.105453,traffic cone,0.8191,215,83,101,55,3.8558,3.8543,1.032306,0.18309844,3.7104797,1.0304393,0.18125299,3.7095604,0.18159977197647093,0.365363734960556,0.12226381301879874,0.14092916846275316,0.313311667740345,0.09219508171081525
1789687788.149263,traffic cone,0.6189,139,97,72,57,4.7319,4.7336,2.287274,0.08139938,4.1415663,2.2918434,0.17076957,4.138283,0.21505284309387207,0.44527603834867474,0.21613082885742152,0.14912624359130877,0.4454622119665146,0.16636476516723597
1789687788.193684,traffic cone,0.2782,153,58,132,53,5.4991,5.5127,3.7704012,0.12987928,4.0009375,3.7862175,0.12980643,4.0047264,0.5047640681266787,0.3397897355258465,0.3900341510772707,0.49919943809509304,0.3397173792123795,0.39611692428588885
1789687788.238135,traffic cone,0.2470,268,129,229,120,3.1884,3.1910,1.1977553,0.062540054,2.954238,1.199029,0.06250598,2.9565086,0.14365816116333008,0.4226689338684082,0.09787545204162607,0.13765327930450422,0.42244039475917816,0.09927902221679696
1789687788.282733,cardboard box,0.1914,89,70,58,44,8.1080,8.1151,-4.152971,-0.031991698,6.9636397,-4.1510296,-0.032701388,6.973051,0.35940587520599365,0.45625181347131727,0.666770958900452,0.28480262756347674,0.29614813029766085,0.2736424922943117
1789687788.351167,traffic cone,0.8272,129,58,54,6,5.4185,4.6246,3.4384632,0.1341834,4.1856384,2.8881207,0.24314055,3.6036367,0.35959007740020743,0.30198592245578765,0.3434968233108524,0.14381611347198486,0.013272233307361603,0.08366990089416504
1789687788.394957,traffic cone,0.8181,193,61,101,55,3.8539,3.8520,1.0359474,0.11352959,3.7103229,1.02987,0.18125373,3.7072954,0.15162408351898193,0.3635381609201431,0.09036016464233398,0.14130388498306268,0.31295212805271144,0.09302263259887678
1789687788.442213,traffic cone,0.6191,140,98,74,59,4.7306,4.7314,2.2855935,0.08124398,4.1409817,2.2905717,0.17051542,4.136483,0.2178324341773985,0.4454549614340067,0.21496756076812762,0.14264132976531974,0.44562012925744054,0.17760896682739258
1789687788.486735,traffic cone,0.2867,156,65,136,54,5.4151,5.5131,3.6530437,0.20415726,3.9921699,3.7882442,0.12934722,4.0033326,0.7589393138885496,0.3395215570926666,0.6960607528686524,0.5017850756645204,0.33963027819991115,0.4067658662796023
1789687788.518780,traffic cone,0.2476,266,130,228,119,3.1900,3.1917,1.1945342,0.06257782,2.9572601,1.1960735,0.06237921,2.9584923,0.14478189945220965,0.455389356613159,0.09465020895004272,0.13557587862014775,0.4225195750594139,0.09614574909210205
1789687788.563665,cardboard box,0.1892,88,66,57,44,8.0967,8.1156,-4.1541424,-0.031882137,6.9497066,-4.1510754,-0.032685965,6.973606,0.34168124198913574,0.45444004982709885,0.6036956310272217,0.24650404453277552,0.29635711312294005,0.28785302639007515
1789687788.633013,traffic cone,0.8254,127,59,54,7,5.4225,4.6374,3.438402,0.13379465,4.1907616,2.90053,0.24422653,3.610032,0.3656153917312621,0.3017858788371086,0.337844038009643,0.1740468978881835,0.016092246770858798,0.10154378414154053
1789687788.680467,traffic cone,0.8197,193,62,101,54,3.8560,3.8492,1.0388663,0.112661764,3.7117155,1.031462,0.18101195,3.7039557,0.1502502918243408,0.35980239808559417,0.08476455211639422,0.14071522057056418,0.3167409565299749,0.09013526439666775
1789687788.727821,traffic cone,0.6144,139,95,74,58,4.7295,4.7320,2.2856863,0.08147775,4.139685,2.2883186,0.17079104,4.138435,0.20617141723632804,0.44584195762872697,0.2118013381958006,0.13605278730392456,0.4459912180900574,0.17825512886047346
1789687788.774831,traffic cone,0.2839,152,57,135,53,5.4938,5.5103,3.7617536,0.1301208,4.001814,3.7857594,0.1301208,4.001814,0.5068475723266603,0.33987750113010406,0.394686222076416,0.4957444190979001,0.33969915807247164,0.39923143386840865
1789687788.822164,traffic cone,0.2503,266,129,230,121,3.1891,3.1910,1.1959985,0.06254651,2.955729,1.1996443,0.062478557,2.956292,0.1439141035079956,0.4583503186702725,0.09400053024291966,0.13670766353607178,0.4224856346845627,0.0953221321105957
1789687788.871492,cardboard box,0.1782,89,70,57,43,8.1072,8.1213,-4.151119,-0.03168734,6.9637356,-4.149591,-0.032727942,6.9811187,0.337164354324341,0.4559340409934521,0.6571272134780886,0.2355280399322508,0.29621988385915754,0.27584929466247576
1789687788.918431,traffic cone,0.1581,27,15,24,13,8.4394,8.4332,-5.070552,-0.026268423,6.746295,-5.0691586,0.11627658,6.7386794,0.2840549945831299,0.30674428045749663,0.2430818557739256,0.2896437644958496,0.15388085842132568,0.19538898468017507
1789687788.986168,traffic cone,0.8240,130,63,54,6,5.4293,4.6196,3.4421034,0.13417447,4.196546,2.8851063,0.2427048,3.5996745,0.3647877454757693,0.3009060859680176,0.3568387508392332,0.14236176013946533,0.01304730772972107,0.08155173063278198
1789687789.030371,traffic cone,0.8197,188,60,101,53,3.8559,3.8531,1.039244,0.14686579,3.7103374,1.0314295,0.18139705,3.708,0.15057299733161922,0.36360677517950535,0.07856066226959246,0.1419132351875304,0.32042066454887386,0.08013830184936532
1789687789.078305,traffic cone,0.6151,148,98,73,58,4.7307,4.7324,2.2855458,0.08160502,4.1411734,2.288962,0.17118981,4.138488,0.21661909818649283,0.44544637240469453,0.21889841556549072,0.14441081285476676,0.4459874764084816,0.17705030441284197
1789687789.124874,traffic cone,0.2761,162,65,144,69,5.4871,5.5716,3.7585948,0.13118547,3.9955366,3.814017,0.1297321,4.0594077,0.7812148094177247,0.3398693650960922,0.7035260677337645,0.6900133132934569,0.4211444243788719,0.6895704746246336
1789687789.169777,traffic cone,0.2522,263,130,231,123,3.1918,3.1932,1.1958437,0.06260924,2.9586406,1.1994994,0.062462673,2.9586995,0.14403796792030343,0.45541291087865815,0.09604530334472638,0.13878607749938965,0.42265590131282804,0.09864094257354727
1789687789.200518,cardboard box,0.1856,88,69,57,43,8.1107,8.1155,-4.1510053,-0.031754985,6.967848,-4.1510053,-0.032778293,6.97349,0.33762445449829137,0.45602371394634245,0.659589862823486,0.2408073425292967,0.29644888639450073,0.26775026321411133
1789687789.245879,traffic cone,0.1561,27,15,24,13,8.4457,8.4335,-5.0827837,-0.026121467,6.744942,-5.0688896,0.11643249,6.739159,0.2835291385650631,0.306933319568634,0.2309656620025633,0.29014902114868146,0.15419821739196776,0.18968172073364276
1789687789.314974,traffic cone,0.8230,128,60,55,6,5.4215,4.6217,3.4401946,0.13385293,4.188055,2.8860195,0.2428896,3.6016154,0.3583175778388976,0.3018369130790234,0.3490389823913578,0.1421915888786316,0.0130239799618721,0.08135253190994263
1789687789.361676,traffic cone,0.8181,189,61,103,55,3.8566,3.8521,1.0367233,0.113806635,3.7128985,1.0297463,0.18104339,3.707493,0.15332317352294922,0.36355726420879364,0.0880441665649414,0.14060887694358826,0.31296039596199987,0.08996305465698251
1789687789.409502,traffic cone,0.6125,140,96,74,58,4.7333,4.7348,2.2889237,0.0810042,4.1422777,2.2908008,0.17075267,4.140225,0.21606987714767456,0.4454664774239063,0.2147350311279297,0.1423762202262875,0.44579460769891743,0.17396030426025355
1789687789.455998,traffic cone,0.2819,154,61,135,53,5.4885,5.5075,3.7592182,0.13036168,3.9968722,3.7830532,0.1295178,4.0005445,0.5177624225616455,0.3395850658416748,0.40915513038635254,0.49147701263427734,0.3395829200744629,0.3925364017486572
1789687789.502486,traffic cone,0.2518,264,131,231,122,3.1900,3.1917,1.1958964,0.062542185,2.9566433,1.1977358,0.062519036,2.9577303,0.14552092552185059,0.4525239020586014,0.09413719177246094,0.13801117539405827,0.4225951790809631,0.0956315040588378
1789687789.549476,cardboard box,0.1818,87,67,56,43,8.1039,8.1165,-4.148983,-0.03204955,6.96115,-4.1482525,-0.03279011,6.97631,0.33900246620178187,0.455750447511673,0.6284595489501958,0.23518257141113263,0.2964221179485321,0.279013919830323
1789687789.596496,traffic cone,0.1526,27,15,24,13,8.4465,8.4368,-5.0826793,-0.026367456,6.7460394,-5.0710692,0.11647999,6.741623,0.27301006317138654,0.30711557120084765,0.23398180007934588,0.2814578056335444,0.1542745977640152,0.18384418487548793
1789687789.661689,traffic cone,0.8230,128,62,56,7,5.4266,4.6363,3.4415908,0.13387115,4.1934996,2.8990707,0.24413878,3.609841,0.35839244127273595,0.3018809467554092,0.35410292148590106,0.17366349697113037,0.016038152575492848,0.10108082294464094
1789687789.694906,traffic cone,0.8188,194,62,99,54,3.8563,3.8525,1.039609,0.11337827,3.7118247,1.0308452,0.181336,3.7075849,0.1513281226158143,0.36039915718138216,0.0840420961380004,0.1409077048301698,0.31711390689015384,0.08429696559906041
1789687789.738157,traffic cone,0.6082,139,95,75,58,4.7302,4.7328,2.2848923,0.08155951,4.1409855,2.2906132,0.17075616,4.1380167,0.20757000446319562,0.4453407779335976,0.2109520435333252,0.1424072861671446,0.44543172121047975,0.1749838829040531
1789687789.782238,traffic cone,0.2753,152,59,135,54,5.4842,5.5092,3.7545552,0.13080814,3.9953368,3.7867227,0.12979859,3.9994564,0.52127935886383,0.3399192228913307,0.4094201564788822,0.5081123828887941,0.33991606906056404,0.39655950069427526
1789687789.826487,traffic cone,0.2531,266,131,233,123,3.1884,3.1907,1.1946201,0.06256561,2.9554505,1.1983267,0.06249857,2.956473,0.14642661809921265,0.4524105191230774,0.09476709365844727,0.1394358396530151,0.42272173464298246,0.09748287200927752
1789687789.870295,cardboard box,0.1836,88,70,57,43,8.1197,8.1220,-4.1506286,-0.031790257,6.9786215,-4.1530285,-0.032693654,6.9798937,0.3370248079299927,0.4558344602584839,0.6560734510421753,0.23499226570129395,0.2963932126760483,0.26513772010803294
1789687789.928674,traffic cone,0.8226,128,62,55,6,5.4330,4.6280,3.4423666,0.13396992,4.2011385,2.8920536,0.24342592,3.6048365,0.364866816997528,0.30258321315050124,0.35771470069885236,0.14243155717849731,0.013043597340583801,0.08140361309051514
1789687789.959553,traffic cone,0.8211,190,62,100,53,3.8574,3.8528,1.0413747,0.11370036,3.7124677,1.0307144,0.18149361,3.7079122,0.15283862352371202,0.35997801609337327,0.08698437213897714,0.13600662946701036,0.32031508088111876,0.08837223052978516
1789687790.001853,traffic cone,0.6119,137,97,73,58,4.7340,4.7334,2.2880805,0.0816713,4.1434736,2.2929952,0.17050663,4.137444,0.21019487380981428,0.44545519053936,0.21899232864379847,0.14814325571060216,0.4456412013620138,0.17079272270202672
1789687790.045399,traffic cone,0.2792,157,66,137,55,5.4110,5.5120,3.6468673,0.20428063,3.9921505,3.7874937,0.12910947,4.002589,0.764824628829956,0.3394868038594723,0.7070011496543884,0.5058752059936524,0.33963015526533125,0.4031447410583495
1789687790.089303,traffic cone,0.2517,268,130,229,122,3.1880,3.1913,1.1943638,0.062664784,2.9551497,1.1981796,0.06260681,2.9571557,0.1460348248481751,0.45536207109689697,0.09008718729019183,0.14014990925788884,0.4225048139691353,0.0918439269065856
1789687790.134002,cardboard box,0.1809,88,69,57,43,8.1117,8.1184,-4.151586,-0.03178303,6.9686885,-4.1477213,-0.03288494,6.9787703,0.34006538391113317,0.4561359703540802,0.654383659362793,0.2326953411102295,0.2963482290506363,0.2723178386688234
1789687790.179192,traffic cone,0.1508,27,15,24,13,8.4439,8.4361,-5.081017,-0.02628158,6.744018,-5.0734925,0.116752,6.738929,0.28195919990539586,0.3068610906600952,0.23702569007873553,0.288732719421386,0.1541317105293274,0.18832035064697283
1789687790.231979,traffic cone,0.8229,129,62,55,6,5.4290,4.6258,3.4433064,0.13387714,4.195258,2.8893225,0.24324244,3.6042128,0.3546173453330992,0.30194693729281424,0.36382613182067836,0.14249634742736816,0.013065770268440247,0.08170062303543091
1789687790.272886,traffic cone,0.8193,187,61,101,55,3.8565,3.8529,1.0374582,0.113956034,3.712534,1.0295547,0.18113786,3.7083468,0.15072518587112427,0.3637893572449684,0.08739233016967773,0.14211338758468617,0.3133602850139141,0.09064931869506854
1789687790.303010,traffic cone,0.6095,139,97,74,59,4.7310,4.7334,2.2857985,0.081367195,4.1413593,2.291582,0.17060402,4.138218,0.20632286071777362,0.44551985412836076,0.21769781112670916,0.14688849449157715,0.44605373516678815,0.17820506095886302
1789687790.345924,traffic cone,0.2697,153,67,134,52,5.3902,5.5065,3.6173527,0.20433155,3.99084,3.775982,0.12974593,4.0058107,0.7610354900360106,0.33948158919811244,0.7387909650802618,0.5055096507072445,0.3396493390202522,0.41467752456665075
1789687790.389925,traffic cone,0.2506,269,130,234,121,3.1911,3.1935,1.1961124,0.06246508,2.957819,1.1984538,0.06241229,2.959457,0.14658034443855272,0.45520774424076066,0.09204641580581674,0.13777625560760498,0.4227297902107239,0.09699511528015137
1789687790.434717,cardboard box,0.1753,89,65,58,44,8.0974,8.1150,-4.1550226,-0.032112032,6.9500074,-4.1523314,-0.032837622,6.9721365,0.34109621047973615,0.4545275330543518,0.6036859512329098,0.27234601974487305,0.2964052587747574,0.29759666919708216
1789687790.479426,traffic cone,0.1663,28,16,25,14,8.4443,8.4308,-5.0742064,-0.026248619,6.749605,-5.064847,0.045209356,6.739667,0.2863246202468872,0.306961327791214,0.23101544380187988,0.29318559169769287,0.15420354157686234,0.20508399009704625
1789687790.531559,traffic cone,0.8225,130,61,55,6,5.4231,4.6256,3.4408975,0.13404863,4.1896014,2.8883765,0.24322869,3.6046968,0.3586857318878174,0.3018683046102524,0.35814619064331055,0.14560097455978394,0.01353776827454567,0.08613133430480957
1789687790.571906,traffic cone,0.8179,190,62,103,55,3.8574,3.8505,1.0380003,0.11359838,3.713372,1.0306088,0.18117751,3.7055964,0.15239930748939512,0.3605770725756884,0.09034869670867929,0.1406331837177277,0.3136073477566242,0.09383888244628924
1789687790.616976,traffic cone,0.6142,139,96,73,57,4.7315,4.7346,2.28644,0.08155353,4.141528,2.28996,0.1707872,4.1404977,0.21112531423568726,0.44560033455491066,0.21194469928741455,0.1432478427886963,0.4458179473876953,0.17275972366333026
1789687790.645932,traffic cone,0.2700,156,66,135,55,5.3953,5.5238,3.623949,0.20438202,3.9917405,3.7994266,0.12895961,4.007446,0.7604657411575317,0.3395322374999523,0.7121530771255493,0.5221340656280513,0.3646935269236565,0.48838891983032173
1789687790.688652,traffic cone,0.2536,272,131,230,122,3.1906,3.1913,1.1972457,0.062631756,2.9567394,1.198783,0.0626158,2.9569376,0.14578068256378174,0.4521794840693474,0.09631180763244629,0.13966853618621822,0.4224728882312775,0.09802241325378436
1789687790.737224,cardboard box,0.1834,89,70,57,43,8.1021,8.1141,-4.148573,-0.031756513,6.959347,-4.1484923,-0.03290823,6.973376,0.3408453226089474,0.45568348169326783,0.6535863876342773,0.2337450027465824,0.2962021380662918,0.2714119911193853
1789687790.784350,traffic cone,0.1656,27,15,24,13,8.4402,8.4282,-5.080396,-0.026292711,6.739837,-5.063177,0.116422966,6.7369137,0.28016300201416033,0.3070454239845276,0.23863158226013148,0.2871299743652349,0.15437543690204622,0.17835922241210955
1789687790.844942,traffic cone,0.8220,128,63,55,7,5.4258,4.6380,3.442019,0.13379674,4.1921225,2.900889,0.24427913,3.6105065,0.36617324352264413,0.3023191750049591,0.3626554012298584,0.17281792163848886,0.015901705622673068,0.09974524974823007
1789687790.890863,traffic cone,0.8157,190,62,103,54,3.8588,3.8536,1.0389762,0.11352323,3.7145596,1.0318767,0.1813388,3.7084274,0.15149934291839595,0.36001550145447253,0.08340666294097909,0.14061733782291408,0.3168919894844293,0.08672001361846915
1789687790.933241,traffic cone,0.6144,140,99,73,57,4.7299,4.7329,2.2836292,0.08164476,4.141314,2.290539,0.1712337,4.138153,0.21519429683685276,0.44491920173168187,0.2234344482421875,0.14457502365112296,0.4452366754412651,0.16742172241210884
1789687790.976865,traffic cone,0.2622,159,68,137,56,5.3951,5.5203,3.6250281,0.20469733,3.990593,3.7944646,0.12878956,4.007389,0.7555383443832397,0.3394788756966591,0.7306447386741635,0.5195667743682861,0.36029367335140705,0.4749027490615845
1789687791.020456,traffic cone,0.2549,271,130,229,122,3.1888,3.1913,1.1942396,0.06261062,2.9560442,1.1989455,0.06245803,2.9568324,0.14606192708015442,0.4552818424999712,0.09320774078369132,0.13959776759147635,0.4227478072047234,0.0945993423461915
1789687791.064961,cardboard box,0.1801,88,69,56,42,8.1103,8.1219,-4.1501365,-0.031732842,6.9679356,-4.144698,-0.032706693,6.9847035,0.35592880249023473,0.4555427312850952,0.6529462814331053,0.23099336624145472,0.2964307084679604,0.27721877098083514
1789687791.109633,traffic cone,0.1658,28,16,25,14,8.4407,8.4292,-5.072505,-0.026215002,6.746392,-5.061866,0.045147672,6.739895,0.28355491161346436,0.3068121373653412,0.23523056507110596,0.2908590555191042,0.15406013131141663,0.21028316020965576
1789687791.165008,traffic cone,0.8198,128,62,55,7,5.4277,4.6362,3.4438376,0.13388692,4.193116,2.8987432,0.24413309,3.6099958,0.3645500063896181,0.3017264626920223,0.3616012573242182,0.17540063858032218,0.016300430893897988,0.10353147983551025
1789687791.202451,traffic cone,0.8155,188,61,101,54,3.8560,3.8535,1.0368406,0.11373684,3.7122002,1.031595,0.18129188,3.7083857,0.152718186378479,0.36362215876579285,0.08496952056884766,0.14011600613594055,0.3167462442070246,0.09009906053543082
1789687791.249425,traffic cone,0.6148,140,97,75,58,4.7335,4.7352,2.2854977,0.08167294,4.1443477,2.2900229,0.17132281,4.1410627,0.20821743011474592,0.44567225575447084,0.21841850280761665,0.14373865127563468,0.44586102552711965,0.17152655124664307
1789687791.294587,traffic cone,0.2652,153,61,132,53,5.4112,5.5127,3.6465163,0.20416331,3.9927735,3.782685,0.12996367,4.0079837,0.7682116031646729,0.339432492852211,0.6861422061920166,0.5116081237792969,0.3394824951887131,0.4118865013122557
1789687791.338214,traffic cone,0.2575,265,130,230,123,3.1891,3.1906,1.1960714,0.06248176,2.9556236,1.1986989,0.06247291,2.9562547,0.1452205896377563,0.4229715131223202,0.09254784584045384,0.14067991971969596,0.4225327491760254,0.09497001171112096
1789687791.369074,cardboard box,0.1854,90,71,58,44,8.0997,8.1173,-4.151021,-0.031862378,6.9550486,-4.150942,-0.032762825,6.9756093,0.3592092990875244,0.455968514084816,0.6606540679931641,0.2887135505676275,0.2963631570339203,0.2818517923355106
1789687791.415152,traffic cone,0.1580,27,15,24,13,8.4417,8.4362,-5.0733953,-0.02603127,6.747003,-5.0700297,0.11669925,6.741656,0.2874468803405765,0.3071942523121834,0.23868474960327113,0.29284162521362234,0.15438087582588195,0.18708639144897443
1789687791.483761,traffic cone,0.8210,131,63,55,7,5.4319,4.6352,3.4439616,0.1340888,4.1984043,2.8983476,0.24404718,3.609066,0.36563429832458505,0.3014142200350761,0.3555745124816898,0.172296404838562,0.015834720432758354,0.09920189380645761
1789687791.515952,traffic cone,0.8162,190,61,101,54,3.8566,3.8524,1.0371841,0.11475204,3.7127407,1.0307009,0.18115205,3.707495,0.15123629570007324,0.36333005130290985,0.08093118667602539,0.13996443152427673,0.3165495671331882,0.0878577470779418
1789687791.557666,traffic cone,0.6142,140,96,74,58,4.7322,4.7341,2.2854967,0.08171432,4.1428866,2.2881682,0.17124946,4.14087,0.20928585529327393,0.44557726569473743,0.2079143524169922,0.1422675132751463,0.445843218639493,0.16875233650207555
1789687791.600520,traffic cone,0.2638,152,61,134,54,5.4377,5.5195,3.678471,0.20352884,3.999551,3.7941608,0.12992318,4.00652,0.7725307941436768,0.33972543478012085,0.6764271259307861,0.512705230712891,0.33981726244091986,0.4160775423049925
1789687791.645915,traffic cone,0.2548,267,130,230,123,3.1893,3.1906,1.1961102,0.06263634,2.9558086,1.1995,0.06254271,2.955868,0.14399563670158377,0.45529424175620065,0.09754447937011745,0.14069930315017687,0.4225914657115936,0.10206198692321777
1789687791.689075,cardboard box,0.1816,88,69,57,43,8.1115,8.1206,-4.152111,-0.031588197,6.968135,-4.152111,-0.032762244,6.9787836,0.3348756790161129,0.45624291300773623,0.6526506423950202,0.24003963470459055,0.29640300273895265,0.26957731246948224
1789687791.757827,traffic cone,0.8191,129,62,55,6,5.4271,4.6213,3.440718,0.1340169,4.194874,2.8856354,0.24286184,3.6015024,0.36429786682128906,0.30128387808799745,0.35033791065216136,0.14162373542785645,0.012939702719449997,0.08057862520217896
1789687791.784081,traffic cone,0.8143,188,61,100,54,3.8571,3.8548,1.0382118,0.11376868,3.7130454,1.0311906,0.18139887,3.709877,0.15431565046310425,0.3637370094656944,0.08012723922729492,0.14127964675426474,0.316870953887701,0.08460214138030997
1789687791.811163,traffic cone,0.6145,139,97,74,57,4.7315,4.7323,2.2851658,0.08123867,4.14229,2.2855055,0.1706952,4.1402636,0.21633253097534144,0.44547353833913805,0.21448163986206037,0.14142937660217259,0.4458168148994446,0.17431478500366193
1789687791.838163,traffic cone,0.2622,153,62,132,52,5.4039,5.5088,3.6381032,0.2042015,3.990576,3.7790985,0.13000996,4.006012,0.7663791298866269,0.3395764231681824,0.6933154225349423,0.49514286518096906,0.33955843448638917,0.40267958641052237
1789687791.880978,traffic cone,0.2564,267,131,227,123,3.1905,3.1946,1.1959223,0.06257351,2.957183,1.1991192,0.062486514,2.9603217,0.14520496129989624,0.4525610879063606,0.09370386600494385,0.1421666264533996,0.42268497347831724,0.09448978900909433
1789687791.924476,cardboard box,0.1827,88,69,57,43,8.1108,8.1174,-4.1516395,-0.031703144,6.967608,-4.150323,-0.03271681,6.976075,0.34381475448608434,0.4561276853084564,0.655888557434082,0.2378903388977056,0.2960642948746681,0.27700252532959
1789687791.969096,traffic cone,0.1503,27,15,25,13,8.4467,8.4324,-5.0840487,-0.026166648,6.7452097,-5.066528,0.11647312,6.739634,0.2828326702117918,0.306904548406601,0.22782053947448677,0.2886036872863773,0.1541407585144043,0.1839550018310554
1789687792.036918,traffic cone,0.8166,129,63,55,7,5.4348,4.6353,3.4451602,0.13391088,4.2012143,2.89945,0.24404924,3.6083164,0.3665276288986208,0.30155219286680224,0.36124548912048393,0.1739069461822509,0.016068568825721746,0.10130882263183594
1789687792.081606,traffic cone,0.8140,191,62,102,53,3.8573,3.8529,1.039968,0.11369191,3.7127311,1.0311363,0.18129428,3.7079742,0.14941361546516418,0.35941481739282605,0.08777217864990217,0.14104406833648686,0.2910768538713455,0.0871599197387698
1789687792.110562,traffic cone,0.6159,139,96,73,58,4.7327,4.7337,2.2863367,0.08172521,4.142953,2.2891498,0.1708952,4.1399155,0.20821166038513184,0.4457225576043129,0.2091735601425171,0.14450883865356445,0.44592047780752186,0.16995635032653844
1789687792.141005,traffic cone,0.2635,153,58,131,52,5.4941,5.5057,3.7648892,0.13044044,3.999271,3.7775955,0.1298664,4.003234,0.5126364827156067,0.33978131115436555,0.4015898227691648,0.49582777023315483,0.3397245921194554,0.40348398685455367
1789687792.184123,traffic cone,0.2555,271,130,232,122,3.1893,3.1915,1.1940846,0.06258734,2.9566364,1.1973368,0.0026139766,2.958391,0.1447538137435913,0.4554364658892153,0.09385763406753522,0.1368923664093018,0.4225692808628082,0.09454036951065081
1789687792.225733,cardboard box,0.1863,88,71,57,43,8.1157,8.1193,-4.147813,-0.0317301,6.9755926,-4.1514006,-0.0327359,6.977716,0.33432984352111816,0.455725759267807,0.6582844257354736,0.24097986221313494,0.2962450534105301,0.26942887306213326
1789687792.293482,traffic cone,0.8180,129,63,55,6,5.4256,4.6240,3.4461296,0.1339856,4.1884713,2.8875585,0.24308886,3.6033177,0.36434192657470676,0.302121701836586,0.3616643905639654,0.14312052726745605,0.013160135596990585,0.08259707689285278
1789687792.340676,traffic cone,0.8124,189,62,100,54,3.8563,3.8502,1.0396754,0.11344676,3.7117467,1.032243,0.18129015,3.704843,0.15223544538021083,0.35982702821493145,0.08610517978668186,0.14124951064586622,0.31654265671968457,0.08963470458984357
1789687792.387749,traffic cone,0.6152,139,96,72,56,4.7301,4.7318,2.285704,0.08145499,4.1403475,2.2885733,0.17068769,4.1380086,0.20709121227264404,0.44534119591116905,0.21128809452056885,0.1415061354637146,0.4455131031572819,0.16826152801513672
1789687792.433594,traffic cone,0.2565,157,71,135,53,5.3935,5.5123,3.6255033,0.20428304,3.9879174,3.7870235,0.12950818,4.0034394,0.7754625082015991,0.33971210569143295,0.7687568664550781,0.5065361499786372,0.3397152364253998,0.41298666000366246
1789687792.480079,traffic cone,0.2512,268,129,228,122,3.1900,3.1924,1.1952505,0.062648356,2.9569051,1.1999282,0.06255672,2.9576645,0.14406623840332045,0.42286757528781893,0.09910478591918936,0.13815669417381304,0.42250196635723114,0.09920083284378078
1789687792.528388,cardboard box,0.1797,88,70,56,42,8.1106,8.1203,-4.145312,-0.029994585,6.9711676,-4.144964,-0.03261754,6.9826427,0.3363563537597658,0.45599707365036013,0.6654130697250364,0.23463420867919904,0.296161362528801,0.26807940006256104
1789687792.576652,traffic cone,0.1514,25,13,24,13,8.4304,8.4304,-5.0687428,0.11677559,6.735416,-5.0687428,0.11677559,6.735416,0.2901330947875973,0.15407559275627133,0.18683786392211843,0.2901330947875973,0.15407559275627133,0.18683786392211843
1789687792.628281,traffic cone,0.8180,130,63,55,7,5.4340,4.6367,3.4436302,0.13404585,4.2013993,2.8996704,0.24417298,3.6098921,0.3619757890701294,0.30127882510423665,0.36276998519897496,0.17547166347503662,0.016310006380081177,0.10359792709350613
1789687792.669395,traffic cone,0.8127,189,61,101,54,3.8541,3.8510,1.0381377,0.1142409,3.7099073,1.0310898,0.18120845,3.7059193,0.15188252925872803,0.36379627883434296,0.08393287658691406,0.14114313125610356,0.31671940833330153,0.08651254177093515
1789687792.717255,traffic cone,0.6188,139,95,74,57,4.7319,4.7353,2.2869356,0.08159436,4.1417494,2.2899718,0.1705647,4.141238,0.20607419013977069,0.4455656260251999,0.2134859561920166,0.1423219680786132,0.44585993438959126,0.17650699615478516
1789687792.760918,traffic cone,0.2667,158,64,139,57,5.4242,5.5249,3.6679854,0.2039203,3.9907603,3.7997625,0.12869741,4.0086884,0.7593146443367003,0.3394369624555111,0.6893625974655149,0.5215246200561521,0.35634006261825557,0.47137722969055096
1789687792.800721,traffic cone,0.2546,268,130,233,123,3.1898,3.1937,1.1959085,0.06258512,2.9564848,1.1992223,0.0623073,2.9593441,0.1432468712329864,0.4230674013495445,0.09325292110443106,0.13923686742782593,0.42269074320793154,0.09568305015563983
1789687792.830726,cardboard box,0.1834,89,72,58,44,8.1081,8.1206,-4.151157,-0.031775616,6.9648085,-4.15332,-0.032660045,6.9780025,0.35644135475158745,0.45609850585460665,0.6718357801437378,0.29005084037780726,0.2963797762989998,0.2790230989456175
1789687792.898965,traffic cone,0.8173,129,62,56,6,5.4294,4.6245,3.4429646,0.13406841,4.1959505,2.8877602,0.2431343,3.6038113,0.3647358775138856,0.3018825963139534,0.3589157104492191,0.14126724004745483,0.01288667693734169,0.08008134365081787
1789687792.943052,traffic cone,0.8112,189,61,102,54,3.8527,3.8496,1.0394844,0.11357479,3.7081237,1.0313973,0.18133147,3.7044666,0.15480834245681763,0.3633931651711464,0.08578062057495117,0.1421932309865952,0.3166132483631372,0.08948714733123797
1789687792.973186,traffic cone,0.6168,141,99,76,59,4.7315,4.7324,2.2846818,0.081776604,4.142593,2.2870178,0.17045821,4.1396003,0.21084177494049072,0.44546035081148144,0.21600880622863805,0.14559459686279297,0.4458284884691238,0.17903709411621094
1789687793.015630,traffic cone,0.2717,153,64,133,53,5.4051,5.5090,3.6392756,0.20421842,3.9910848,3.7787247,0.12954472,4.006674,0.7644460797309871,0.33977921828627583,0.6987365007400514,0.4961110115051266,0.3398388922214508,0.3996006011962896
1789687793.059473,traffic cone,0.2528,269,130,228,122,3.1899,3.1935,1.1967,0.06266268,2.9562767,1.1993256,0.032612942,2.9595506,0.14510540366172786,0.4554777495563029,0.09136908054351833,0.13984246850013737,0.422480534017086,0.09431536197662327
1789687793.104544,cardboard box,0.1843,88,69,57,43,8.1114,8.1184,-4.151999,-0.0316862,6.9681573,-4.1514244,-0.03281346,6.976637,0.3348835945129389,0.45598471760749815,0.6670042037963864,0.23636856079101598,0.29653882086277006,0.275622463226318
1789687793.149049,traffic cone,0.1623,27,15,25,13,8.4550,8.4350,-5.0851297,-0.026094675,6.754865,-5.073542,0.11627658,6.7375355,0.2850421428680425,0.3072468161582947,0.2335764408111567,0.29270963668823224,0.15442629456520082,0.18810024261474645
1789687793.218485,traffic cone,0.8197,128,61,54,6,5.4214,4.6304,3.4413443,0.13412878,4.1869993,2.8916821,0.2436472,3.6082125,0.35684943199157715,0.30274172127246857,0.358518123626709,0.14339041709899902,0.013202764093875885,0.08299374580383301
1789687793.264643,traffic cone,0.8135,188,62,100,55,3.8577,3.8511,1.0380149,0.11379774,3.713701,1.0301967,0.18110314,3.7063513,0.15067542195320127,0.3599743638187647,0.08743915557861337,0.1423126459121703,0.3131169877946377,0.08968510627746573
1789687793.310661,traffic cone,0.6220,139,97,74,58,4.7302,4.7320,2.284745,0.08162385,4.1410217,2.2879438,0.17141046,4.138605,0.2089760780334471,0.4447847172617912,0.21182765960693395,0.14699168205261204,0.4458759751170874,0.16571776866912824
1789687793.357805,traffic cone,0.2631,151,57,130,50,5.4401,5.5006,3.687243,0.20393854,3.9945998,3.7681556,0.16696626,4.0036526,0.5188889503479004,0.33967798948287964,0.40191411972045854,0.4947835564613343,0.33961897939443586,0.40212459564209
1789687793.406137,traffic cone,0.2485,270,131,228,123,3.1909,3.1932,1.1957673,0.062637046,2.9577124,1.1999532,0.06247957,2.9585037,0.1456882357597351,0.4525667130947113,0.0946962833404541,0.13926936388015743,0.42252843379974364,0.0951939105987547
1789687793.453008,cardboard box,0.1847,89,70,57,43,8.1026,8.1124,-4.1497116,-0.03170584,6.9592943,-4.1497,-0.032865375,6.970677,0.3432256937026974,0.4557505488395691,0.6613436460494997,0.23983454704284668,0.29621398746967315,0.2658021926879881
1789687793.499402,traffic cone,0.8190,130,66,54,6,5.4356,4.6219,3.4458807,0.13413562,4.2015824,2.8860908,0.24291094,3.6018627,0.36619681119918823,0.3020991384983063,0.3889026641845703,0.14053446054458618,0.012775816023349762,0.07905125617980957
1789687793.528224,traffic cone,0.8129,188,61,100,54,3.8559,3.8522,1.0395032,0.11463392,3.7113996,1.0312638,0.18149832,3.7071705,0.15029609203338623,0.36335864663124084,0.08139371871948242,0.14205395877361293,0.31648144870996475,0.08223869800567618
1789687793.562191,traffic cone,0.6220,140,98,77,60,4.7321,4.7342,2.2867613,0.0813968,4.142048,2.2885382,0.17074548,4.140832,0.21318156719207737,0.44536737613379956,0.2144612312316898,0.1495359778404235,0.4457127623260021,0.17582170963287336
1789687793.607884,traffic cone,0.2610,154,64,133,51,5.3918,5.5014,3.6227536,0.20476739,3.988186,3.7749074,0.12992525,3.9997869,0.7624964356422423,0.3396258637309074,0.7238999128341672,0.5003223419189453,0.3396417200565338,0.401355504989624
1789687793.650229,traffic cone,0.2529,264,129,228,122,3.1914,3.1938,1.1955464,0.06273691,2.9583879,1.1983347,0.032619737,2.9602697,0.14633283615112314,0.42294026613235475,0.09318952560424831,0.1414097666740417,0.4224008977413177,0.09387478828430185
1789687793.693252,cardboard box,0.1884,88,72,57,44,8.1179,8.1198,-4.1514616,-0.031803638,6.9760485,-4.1521525,-0.032801814,6.977769,0.3303983211517334,0.4555656686425209,0.6560604810714716,0.24740614891052193,0.2966590508818626,0.28343837261199933
1789687793.760602,traffic cone,0.8174,129,66,54,6,5.4390,4.6257,3.4450188,0.13433135,4.206724,2.888247,0.24323988,3.6049447,0.3629941940307617,0.3022924177348614,0.38934242725372314,0.14304858446121216,0.01315678283572197,0.0826074481010437
1789687793.808270,traffic cone,0.8124,190,62,102,54,3.8556,3.8516,1.0398932,0.113663465,3.7109535,1.0317935,0.18136773,3.7063568,0.15229779481887817,0.3596630547195673,0.08516004085540763,0.14138429164886457,0.3163980592042207,0.08696906566619855
1789687793.854995,traffic cone,0.6182,139,95,73,56,4.7325,4.7301,2.285931,0.08088578,4.1429696,2.2888067,0.1703318,4.1359224,0.21748728752136204,0.44509641230106356,0.20958938598632848,0.12383192777633667,0.4453913997858763,0.17309784889221191
1789687793.901274,traffic cone,0.2605,156,72,138,54,5.3971,5.5134,3.6260345,0.20456116,3.9922864,3.7891393,0.12963027,4.002845,0.7817029714584356,0.3399477392435074,0.7792918086051936,0.5033462047576904,0.33987025171518326,0.4096560716629032
1789687793.949878,traffic cone,0.2490,268,131,230,123,3.1903,3.1942,1.1967449,0.06267528,2.9566941,1.197917,0.06238997,2.9604368,0.14546531438827515,0.4525885507464409,0.092742919921875,0.13967548608779912,0.42263194024562833,0.09399070739746085
1789687793.995632,cardboard box,0.1907,88,66,58,44,8.0956,8.1138,-4.151903,-0.032137282,6.9497967,-4.150467,-0.032772288,6.9718366,0.358487606048584,0.4540705680847168,0.6129374504089355,0.2872683763504025,0.2960984826087952,0.2917005777359005
1789687794.046945,traffic cone,0.8205,129,62,54,7,5.4287,4.6347,3.4430552,0.13388169,4.195078,2.8987432,0.24399716,3.608084,0.3642140507698062,0.3016315348446369,0.35641243457794225,0.17138462066650417,0.01568408906459806,0.09771964550018275
1789687794.088676,traffic cone,0.8116,186,61,102,54,3.8569,3.8554,1.0388504,0.113859236,3.7125664,1.032448,0.18114859,3.710219,0.15518927574157715,0.3639737665653229,0.08451032638549805,0.14128092229366307,0.316986709088087,0.0882664203643797
1789687794.133014,traffic cone,0.6198,140,99,74,57,4.7336,4.7357,2.28675,0.08172232,4.14382,2.2921379,0.1702621,4.140552,0.21352403163909894,0.4454997040331364,0.22042355537414515,0.13828573226928675,0.44577030688524244,0.17508144378662127
1789687794.176718,traffic cone,0.2747,159,67,137,65,5.4166,5.5725,3.65268,0.20444286,3.9945078,3.81371,0.13013506,4.061027,0.7876918792724608,0.3395027995109558,0.7421151399612427,0.7187943458557129,0.4211465880274773,0.7006719589233397
1789687794.216757,traffic cone,0.2486,272,131,233,123,3.1892,3.1945,1.1964242,0.06261368,2.9556623,1.199383,0.062450737,2.9601245,0.14594322443008423,0.4525533616542816,0.09863674640655518,0.1389545917510986,0.4224823325872421,0.10079500675201425
1789687794.246898,cardboard box,0.1858,88,66,57,43,8.0975,8.1134,-4.151662,-0.031774126,6.9520845,-4.1472573,-0.032894,6.97322,0.34092533588409424,0.4553155153989792,0.6235665082931519,0.2322711944580078,0.2961679220199585,0.2743032455444334
1789687794.298661,traffic cone,0.8203,129,60,55,6,5.4219,4.6233,3.4393897,0.13382907,4.1892776,2.8870165,0.24303693,3.6029687,0.3647013425827028,0.3018457680940628,0.34861760139465314,0.14337950944900513,0.013206060975790024,0.08306026458740234
1789687794.339040,traffic cone,0.8134,205,80,101,54,3.8532,3.8520,1.0306684,0.18311168,3.708266,1.0308678,0.18105839,3.7070289,0.17891477048397053,0.3701115526258945,0.11711140871047965,0.1406400471925734,0.31716241165995596,0.09135525226593
1789687794.386326,traffic cone,0.6181,138,97,71,55,4.7312,4.7320,2.2855413,0.08142479,4.1417727,2.2882597,0.17037325,4.1384816,0.20787858963012695,0.4453035071492195,0.22322072982788033,0.12431411743164045,0.44567618221044536,0.17668275833129865
1789687794.430873,traffic cone,0.2646,155,63,134,53,5.4181,5.5108,3.6544895,0.20431517,3.9948368,3.7812912,0.12991284,4.0067954,0.7649767637252811,0.33973832577466967,0.6890738964080811,0.507047986984253,0.3398192822933197,0.4136505126953125
1789687794.475864,traffic cone,0.2501,266,130,227,123,3.1907,3.1950,1.1955401,0.06263002,2.9575965,1.1978906,0.062453717,2.961298,0.1452925205230713,0.42301044911146163,0.09620811939239493,0.1415998220443726,0.42247994244098663,0.09650034904479954
1789687794.521008,cardboard box,0.1813,89,71,57,43,8.1137,8.1199,-4.1504188,-0.03183329,6.9717293,-4.1511893,-0.03280826,6.978454,0.3400101661682129,0.45562541484832764,0.6601929664611816,0.23378410339355504,0.2965592324733734,0.27483129501342773
1789687794.590810,traffic cone,0.8223,130,62,56,7,5.4263,4.6422,3.4407067,0.13400558,4.1938334,2.9029446,0.2446521,3.6142845,0.36737419366836566,0.30188836678862574,0.3522513866424566,0.172049570083618,0.015787488222122198,0.09870042800903311
1789687794.621280,traffic cone,0.8112,191,62,101,53,3.8551,3.8522,1.0394337,0.11380914,3.710533,1.0289867,0.18149625,3.7077804,0.1507077306509017,0.35985546112060546,0.08684031963348371,0.143343436717987,0.3200650095939636,0.0863435745239256
1789687794.663343,traffic cone,0.6172,141,97,75,58,4.7324,4.7317,2.2867203,0.081746265,4.142496,2.2904248,0.17084901,4.136916,0.21592187881469682,0.44511303752660747,0.2122173309326163,0.1395595669746399,0.4453704316169024,0.16636891365051198
1789687794.710347,traffic cone,0.2752,154,62,136,55,5.4642,5.5138,3.7221994,0.16692401,3.9969206,3.790473,0.1298437,4.002159,0.7514449477195737,0.33968642130494114,0.660545706748962,0.49501826763153023,0.33965614289045337,0.3970258712768553
1789687794.752293,traffic cone,0.2528,265,130,232,123,3.1913,3.1945,1.1951381,0.06276134,2.9584482,1.1994042,0.062530145,2.9601426,0.14570047259330754,0.4228306129574776,0.0985133409500123,0.13989435434341435,0.4223825514316559,0.10058932304382351
1789687794.796301,cardboard box,0.1777,88,67,57,43,8.0989,8.1200,-4.1543093,-0.03197263,6.9521685,-4.1536837,-0.032663926,6.9770894,0.3554780960083006,0.45482826232910156,0.630000495910644,0.23124270439147931,0.296249258518219,0.27949686050415057
1789687794.865754,traffic cone,0.8227,128,59,55,7,5.4194,4.6428,3.4381351,0.13399364,4.186972,2.9036925,0.24469836,3.6143942,0.35693392753601083,0.30187916755676264,0.3487504005432127,0.17184538841247576,0.015753743052482616,0.09836108684539813
1789687794.910877,traffic cone,0.8117,208,81,100,54,3.8537,3.8497,1.0293447,0.18314634,3.7091563,1.0289168,0.18137792,3.7052104,0.17743444442749023,0.3651096224784851,0.12065410614013672,0.14071045517921443,0.316788762062788,0.10080113410949698
1789687794.940106,traffic cone,0.6187,139,98,74,58,4.7329,4.7352,2.2863948,0.08171722,4.1432123,2.2912421,0.1704985,4.1404366,0.21374661922454807,0.4454248022288084,0.2160932779312139,0.14521243572235099,0.4458685420453548,0.17128250598907435
1789687794.969694,traffic cone,0.2753,153,56,131,51,5.4925,5.5040,3.7623916,0.13032739,3.9993587,3.7748835,0.13010137,4.003349,0.5061545968055725,0.3395259864628315,0.39295482635498047,0.4929630756378174,0.3395323157310486,0.39926600456237793
1789687795.013209,traffic cone,0.2523,266,129,229,122,3.1916,3.1943,1.1963638,0.06263867,2.9582675,1.1977677,0.032591805,2.96107,0.14557576179504395,0.4232135504484177,0.09254565238952628,0.1397615373134613,0.42266785800457,0.09375821352004987
1789687795.057540,cardboard box,0.1751,87,71,56,42,8.1119,8.1190,-4.1364083,-0.031631112,6.977933,-4.141465,-0.032728225,6.9832363,0.3296651840209961,0.4559265375137329,0.6630337238311768,0.23368530273437482,0.2964345470070839,0.2694591045379644
1789687795.122527,traffic cone,0.8224,129,63,55,6,5.4310,4.6266,3.445337,0.13381729,4.196192,2.8898363,0.24331832,3.60491,0.3658740520477295,0.30287154465913774,0.3629072189331053,0.14244914054870605,0.013052195310592651,0.08154362440109253
1789687795.153253,traffic cone,0.8081,216,82,101,54,3.8522,3.8508,1.0323886,0.18320234,3.7067735,1.0311797,0.18122828,3.705692,0.1817383289337159,0.36591642498970034,0.12032203674316388,0.1399799317121504,0.31673412099480625,0.08843271732330305
1789687795.196965,traffic cone,0.6186,140,99,74,58,4.7312,4.7316,2.2853935,0.08175352,4.141802,2.2876468,0.17072462,4.138281,0.21296017169952375,0.44552427530288696,0.21601438522338867,0.1407099246978758,0.44593807123601437,0.17148823738098073
1789687795.240982,traffic cone,0.2700,151,57,130,53,5.4966,5.5129,3.7640958,0.13027114,4.003457,3.7878826,0.12953168,4.003457,0.5066780567169187,0.3396283000707626,0.39289984703063974,0.49348158836364764,0.33963808715343474,0.39628357887268084
1789687795.285720,traffic cone,0.2525,265,129,234,124,3.1912,3.1948,1.197404,0.06270158,2.9574142,1.2011563,0.03259775,2.9602208,0.14357786178588872,0.4584044516086575,0.09321112632751483,0.142346841096878,0.42269069626927375,0.09512615203857422
1789687795.330239,cardboard box,0.1799,91,68,58,44,8.0964,8.1193,-4.1674643,-0.032008275,6.9413514,-4.1520357,-0.03287311,6.9773273,0.37710869312286377,0.45528748631477356,0.613204383850098,0.2755336046218879,0.29652599096298216,0.29009213447570836
1789687795.388223,traffic cone,0.8229,130,62,55,6,5.4290,4.6315,3.4424841,0.133892,4.1959076,2.8946183,0.24373212,3.6073048,0.36606998443603533,0.30312116816639895,0.35775415897369456,0.147183358669281,0.013748746365308762,0.08790254592895508
1789687795.425855,traffic cone,0.8062,211,80,99,52,3.8538,3.8514,1.0317779,0.1829452,3.7086027,1.0292704,0.18137258,3.70693,0.1823595821857451,0.36946571171283715,0.11892486810684222,0.1358542054891586,0.3241181019693613,0.08369514942169198
1789687795.470267,traffic cone,0.6204,138,97,72,57,4.7321,4.7355,2.2854228,0.08170374,4.1427684,2.290738,0.17053731,4.141073,0.20514235496521005,0.44520304501056673,0.21660118103027326,0.1455612659454344,0.44544133692979815,0.17618083953857422
1789687795.514448,traffic cone,0.2733,155,64,133,52,5.3977,5.5058,3.629423,0.20449865,3.9900665,3.7788363,0.12969865,4.002122,0.7677487492561341,0.33955423459410666,0.7102990746498108,0.506212365627289,0.3396998651325703,0.4093865633010867
1789687795.559608,traffic cone,0.2513,268,130,228,122,3.1917,3.1934,1.1936278,0.062580794,2.9594789,1.1981242,0.032559693,2.9599233,0.14697870016098014,0.455441691726446,0.0925711154937745,0.14080381989479074,0.42240910679101945,0.09403481483459464
1789687795.604321,cardboard box,0.1760,88,68,56,43,8.1038,8.1197,-4.1542325,-0.032056697,6.957963,-4.1538506,-0.03280045,6.976677,0.34079008102416974,0.45519119799137114,0.6402363538742071,0.237846088409424,0.29663877189159393,0.2708461284637451
1789687795.643596,traffic cone,0.1506,28,16,25,14,8.4514,8.4402,-5.0780487,-0.026093952,6.7556067,-5.0695686,0.045323834,6.7479215,0.2892916202545166,0.30716338753700256,0.23381733894348145,0.296339750289917,0.15428321734070777,0.2085496187210083
1789687795.684888,traffic cone,0.8239,130,66,55,6,5.4355,4.6228,3.44877,0.13404405,4.199084,2.8864634,0.24299146,3.602723,0.36041516065597534,0.3012772761285305,0.37870144844055176,0.1419087052345276,0.012983370572328568,0.0809893012046814
1789687795.731119,traffic cone,0.8095,213,81,101,54,3.8556,3.8550,1.0336422,0.18323521,3.7099764,1.0323856,0.18120551,3.7097197,0.1763148307800293,0.3647353798151016,0.11697578430175781,0.14158716499805457,0.3166427757591009,0.08604440689086923
1789687795.762295,traffic cone,0.6264,137,94,71,56,4.7332,4.7327,2.286769,0.08132845,4.143317,2.2893517,0.17053066,4.1386003,0.21128224134445173,0.4452727235853672,0.2071446895599367,0.13812285661697388,0.44540642388164997,0.16940903663635254
1789687795.804153,traffic cone,0.2686,158,72,136,57,5.3933,5.5275,3.6251624,0.20460814,3.9879675,3.8013248,0.12887909,4.010783,0.7843760609626766,0.3394917897880077,0.7762284159660338,0.550469923019409,0.4213469043374061,0.6393999576568601
1789687795.849231,traffic cone,0.2515,268,128,228,121,3.1910,3.1938,1.1953528,0.06269282,2.95803,1.1997582,0.06258881,2.9592104,0.14580588340759282,0.42314233332872386,0.08999668359756496,0.13812625408172607,0.42273011803627014,0.09042000770568848
1789687795.893710,cardboard box,0.1765,91,77,57,43,8.0942,8.1224,-4.13966,-0.031691834,6.9554143,-4.152512,-0.032758683,6.9806514,0.3642858505249027,0.45636704564094543,0.70557746887207,0.23388147354125977,0.2963287144899368,0.27535901069641167
1789687795.962816,traffic cone,0.8242,128,62,56,6,5.4339,4.6312,3.44379,0.13404936,4.201092,2.8934035,0.24371137,3.6078835,0.36121383905410775,0.30197549760341647,0.3577181100845337,0.1407577395439148,0.012793898582458496,0.07910382747650146
1789687795.995189,traffic cone,0.8102,194,62,99,54,3.8584,3.8525,1.041054,0.1138397,3.7135386,1.0312049,0.18150236,3.7074919,0.15342070162296284,0.3603911109268665,0.0844562768936159,0.14098707437515257,0.3171017818152904,0.0869518518447876
1789687796.038303,traffic cone,0.6241,140,98,73,58,4.7322,4.7342,2.2854836,0.08153704,4.142948,2.289276,0.17116484,4.1403885,0.22009496688842756,0.4456335797905922,0.21495957374572772,0.1470181107521058,0.44591488540172575,0.172522020339966
1789687796.081070,traffic cone,0.2699,153,59,132,54,5.4935,5.5149,3.7625606,0.13030148,4.0005236,3.7894478,0.12931935,4.004668,0.517912888526916,0.3396780729293823,0.3975029468536375,0.49871051311492876,0.33966507762670517,0.3990536451339719
1789687796.125546,traffic cone,0.2508,268,129,228,122,3.1908,3.1933,1.1964369,0.06264436,2.9573572,1.1992736,0.032648616,2.9593973,0.143989062309265,0.4228870004415512,0.09561800956726074,0.13929821848869328,0.42259058356285095,0.09677749872207642
1789687796.169476,cardboard box,0.1767,91,68,58,44,8.0844,8.1207,-4.161499,-0.032103762,6.93102,-4.1527147,-0.032598943,6.97851,0.3801352739334112,0.4546957090497017,0.6130028009414668,0.2877853870391851,0.2964524671435356,0.27355298995971733
1789687796.238983,traffic cone,0.8245,128,59,55,7,5.4174,4.6357,3.4379253,0.13373177,4.1846666,2.8991117,0.24408521,3.6090548,0.3600252628326417,0.30188407897949215,0.3495689392089849,0.1735533952713011,0.016015622019767778,0.10083203315734846
1789687796.285977,traffic cone,0.8072,194,63,99,55,3.8587,3.8531,1.0382066,0.11308472,3.7147305,1.0309626,0.1814761,3.7081573,0.1494178116321564,0.3563729949295521,0.0890040397644043,0.1396486639976502,0.31299404725432395,0.09423365592956534
1789687796.328751,traffic cone,0.6209,140,97,73,57,4.7294,4.7343,2.284703,0.08127807,4.140104,2.2917385,0.17078201,4.1390896,0.21644511222839347,0.44541843235492706,0.21046772003173864,0.1434276580810545,0.4458847939968109,0.17138652801513743
1789687796.363325,traffic cone,0.2643,158,66,138,59,5.4065,5.5312,3.640522,0.20433183,3.991866,3.8066719,0.12867378,4.010912,0.75862056016922,0.33944907784461975,0.7083477973937988,0.5492469787597654,0.4216846503317356,0.640847969055176
1789687796.400734,traffic cone,0.2484,265,130,235,126,3.1909,3.1920,1.1960932,0.062553205,2.957601,1.1998475,0.032559335,2.957718,0.14586998224258418,0.4232157602906227,0.09696811437606812,0.14523470401763916,0.42251527309417725,0.09809368848800659
1789687796.430906,cardboard box,0.1759,89,66,58,44,8.0961,8.1177,-4.1559253,-0.032258995,6.9479094,-4.152632,-0.032894462,6.9750195,0.342296838760376,0.4547185003757477,0.6124511957168579,0.2782677412033081,0.29618173837661743,0.2845276117324831
1789687796.502004,traffic cone,0.8228,127,57,54,6,5.4136,4.6182,3.4384499,0.13361527,4.179237,2.8836122,0.24259411,3.5991867,0.35652947425842285,0.30168592631816865,0.33321294784545863,0.14545327425003052,0.01351642981171608,0.08594852685928345
1789687796.546056,traffic cone,0.8079,194,61,102,55,3.8574,3.8537,1.037981,0.11387466,3.7134187,1.0307171,0.18134461,3.7089074,0.15043652057647705,0.3641868755221367,0.0898275375366211,0.13998985290527355,0.31358916535973547,0.09239802360534632
1789687796.595166,traffic cone,0.6240,140,98,76,59,4.7326,4.7356,2.2861426,0.08125906,4.1429505,2.2910264,0.17070995,4.141025,0.21187559366226205,0.4455235444009304,0.2180236577987671,0.1429221391677853,0.445839674025774,0.1750909328460697
1789687796.643722,traffic cone,0.2591,154,62,134,54,5.4262,5.5185,3.668096,0.20385337,3.993403,3.7920618,0.1292194,4.007135,0.7676321864128113,0.33986611664295197,0.6862454056739806,0.5099011301994318,0.34017831459641457,0.4254106521606449
1789687796.689165,traffic cone,0.2469,268,130,237,126,3.1912,3.1938,1.1947992,0.06269239,2.958461,1.1999888,0.06266523,2.959159,0.14545079469680777,0.45516133531928044,0.09534412622451782,0.14576411247253418,0.42253710329532623,0.10006451606750488
1789687796.733433,cardboard box,0.1746,90,67,58,44,8.1008,8.1195,-4.157291,-0.032128915,6.9525943,-4.153202,-0.032774083,6.976837,0.35900316238403285,0.45561440736055375,0.6094626426696772,0.27576398849487305,0.2965140715241432,0.29243903160095197
1789687796.802159,traffic cone,0.8255,129,61,55,7,5.4258,4.6346,3.442116,0.13402508,4.1920414,2.8986182,0.24399145,3.608096,0.3663032054901123,0.3013092875480652,0.3536562919616699,0.1720489501953124,0.01579069346189499,0.09874446392059344
1789687796.832332,traffic cone,0.8103,219,81,99,53,3.8540,3.8536,1.031514,0.18347873,3.7088957,1.0300965,0.18137605,3.7088957,0.1826469898223877,0.3658781051635742,0.11731553077697754,0.14180678129196156,0.3203960984945297,0.08896579742431632
1789687796.875116,traffic cone,0.6233,140,97,74,57,4.7319,4.7329,2.2868962,0.08139829,4.141815,2.2900586,0.1703717,4.138452,0.21494355201721183,0.4453587934374809,0.21342058181762624,0.13827686309814435,0.4458081886172295,0.16995697021484357
1789687796.918987,traffic cone,0.2563,159,65,138,64,5.4353,5.5707,3.680706,0.20390464,3.9941778,3.812971,0.1299241,4.059227,0.7813035488128661,0.33994104564189914,0.7181359767913817,0.6837175965309141,0.4217694062739611,0.6904305696487425
1789687796.963472,traffic cone,0.2501,265,130,237,126,3.1902,3.1934,1.195123,0.062521145,2.9571686,1.2002294,0.062469184,2.9585557,0.14445328116416944,0.4232222005724907,0.09402539730072013,0.14526128768920898,0.4227228984236717,0.09409511089324951
1789687797.006965,cardboard box,0.1763,91,66,58,44,8.0821,8.1129,-4.160592,-0.032196835,6.9287925,-4.1485796,-0.03268598,6.9719152,0.37971627712249756,0.4518361836671829,0.5661293268203735,0.28950159549713117,0.2962852090597153,0.27739701271057093
1789687797.051486,traffic cone,0.1518,27,15,25,13,8.4484,8.4390,-5.0810084,-0.026012793,6.749657,-5.0684385,0.116825804,6.7464514,0.28376340866088867,0.3069437652826309,0.2311337471008308,0.2891845703125,0.15421468317508696,0.17804899215698278
1789687797.097621,traffic cone,0.8223,130,63,56,7,5.4306,4.6379,3.4421735,0.13412844,4.1981516,2.900252,0.24427696,3.6109393,0.3675080060958864,0.3014711931347847,0.35859842300415057,0.1726208448410036,0.01587591618299483,0.09953975677490234
1789687797.127916,traffic cone,0.8097,219,80,101,54,3.8540,3.8519,1.0300859,0.18323581,3.7092924,1.0304472,0.18126273,3.7070792,0.17725867331027967,0.3696699067950248,0.1232826232910158,0.14029695391654973,0.3169468984007835,0.0852015972137452
1789687797.175624,traffic cone,0.6203,140,98,76,59,4.7337,4.7355,2.2862425,0.0817582,4.144207,2.290733,0.17064501,4.1410046,0.20946089029312098,0.44529084935784335,0.21969530582428032,0.1448222875595091,0.44569392427802085,0.16802620887756348
1789687797.222905,traffic cone,0.2532,265,129,235,126,3.1916,3.1932,1.1966902,0.06258419,2.9581413,1.2004399,0.062528335,2.9583516,0.14577317237854004,0.42317617535591123,0.09247546195983913,0.1453147530555725,0.42281395196914673,0.09370219707489014
1789687797.270259,traffic cone,0.2501,155,63,136,55,5.4170,5.5243,3.6521862,0.20419304,3.9955277,3.8032942,0.13027726,4.0045443,0.7649001359939578,0.339858902990818,0.6967629194259639,0.5112235307693482,0.33988312929868697,0.3984646320343015
1789687797.317372,cardboard box,0.1841,91,77,59,45,8.0881,8.1178,-4.136561,-0.031566992,6.950208,-4.152571,-0.032822832,6.975167,0.3706172943115238,0.4563718855381012,0.7105298042297363,0.2821665763854986,0.29623620212078094,0.27915630340576225
1789687797.371884,traffic cone,0.8222,131,63,55,6,5.4304,4.6330,3.441424,0.13389803,4.198622,2.8938737,0.24387574,3.609859,0.36352043151855495,0.30248429477214817,0.3624357700347902,0.14313018321990967,0.01315777376294136,0.08253270387649536
1789687797.414513,traffic cone,0.8080,220,82,100,54,3.8558,3.8547,1.03238,0.18335831,3.71053,1.0317562,0.18118377,3.7096267,0.18234699070453653,0.3654299557209015,0.12176475524902353,0.1438099324703217,0.316494857519865,0.08866922855377224
1789687797.462308,traffic cone,0.6206,139,96,74,58,4.7307,4.7328,2.2860508,0.08136152,4.1409316,2.289723,0.17093477,4.138487,0.21519410610198975,0.44550611078739166,0.21406805515289307,0.14425085783004743,0.44640179760754106,0.17116930484771675
1789687797.510433,traffic cone,0.2531,154,60,133,53,5.4666,5.5119,3.7260299,0.16693057,3.9965522,3.7884312,0.12982439,4.0015607,0.538738036155701,0.339783189445734,0.4308275103569028,0.4944518089294436,0.339783650636673,0.39876880645751944
1789687797.558168,traffic cone,0.2514,265,130,234,125,3.1907,3.1931,1.1965842,0.0626063,2.95716,1.1995667,0.06238772,2.9586015,0.14481565952301034,0.4233846440911293,0.09485299587249774,0.1433027029037477,0.42264350354671476,0.09497256278991717
1789687797.606133,cardboard box,0.1826,91,72,57,43,8.0989,8.1171,-4.1512623,-0.031636283,6.9540358,-4.148666,-0.03283772,6.9767227,0.3719161510467526,0.4560325086116791,0.6501164913177488,0.24006218910217303,0.2962434530258179,0.27858495712280273
1789687797.659913,traffic cone,0.8226,130,64,53,6,5.4321,4.6178,3.4462295,0.13407739,4.1968603,2.8834727,0.24255218,3.5987012,0.3726640462875368,0.3011529952287674,0.36092529296875053,0.1430646777153015,0.0131564661860466,0.08259624242782593
1789687797.699796,traffic cone,0.8088,218,81,102,54,3.8546,3.8538,1.0308512,0.18322864,3.7096765,1.0305053,0.18149777,3.709017,0.17757058143615723,0.3661450892686844,0.12630176544189453,0.1413973331451417,0.31698474772274493,0.09362554550170898
1789687797.744627,traffic cone,0.6213,139,96,74,57,4.7298,4.7328,2.284949,0.081388324,4.1405096,2.2902234,0.17089534,4.1382465,0.2081126570701599,0.4457320049405098,0.21101748943328857,0.1440818786621092,0.44609480649232863,0.17494287490844762
1789687797.788740,traffic cone,0.2552,270,130,238,125,3.1905,3.1931,1.1964765,0.062710285,2.9569945,1.1999077,0.062455192,2.9583716,0.14498912096023564,0.4231961026787758,0.09610882997512826,0.14324235916137695,0.4225795865058899,0.09790787696838388
1789687797.831060,traffic cone,0.2543,151,60,131,52,5.4675,5.5078,3.7230773,0.16699667,4.000481,3.7759213,0.12988518,4.0077286,0.534483170509338,0.3396292351186275,0.4340364575386042,0.4945478320121768,0.3396780751645565,0.4054331779479985
1789687797.861756,cardboard box,0.1830,88,66,56,43,8.1013,8.1197,-4.160321,-0.031872123,6.9513845,-4.150501,-0.032661334,6.9786654,0.35870420932769775,0.45582158863544464,0.6181609630584717,0.23694338798522985,0.2963633358478546,0.27207655906677264
1789687797.904319,traffic cone,0.1512,26,14,24,12,8.4489,8.4411,-5.0793114,-0.026453175,6.75152,-5.073992,0.046040796,6.7456713,0.23160889148712194,0.3069994390010834,0.20766446590423637,0.23785083293914777,0.15410140976309775,0.16050326824188232
1789687797.973529,traffic cone,0.8216,131,65,54,6,5.4373,4.6262,3.447261,0.13417974,4.2026954,2.8895006,0.24327989,3.6046119,0.36718573570251456,0.30216550827026367,0.368397903442383,0.14261215925216675,0.013082772493362427,0.08185815811157227
1789687798.005229,traffic cone,0.8133,217,79,102,52,3.8534,3.8508,1.0315614,0.18316206,3.708287,1.0310817,0.18148887,3.7057993,0.17935754060745235,0.3732894271612167,0.10893182754516584,0.14255906939506535,0.32425780445337293,0.08031764030456534
1789687798.047726,traffic cone,0.6248,137,97,72,57,4.7325,4.7328,2.2858253,0.08179104,4.1429996,2.2900937,0.17128238,4.1383123,0.20678944587707537,0.4456126019358635,0.21652145385742205,0.14318251609802202,0.4460821747779846,0.16911287307739276
1789687798.092353,traffic cone,0.2604,155,72,140,55,5.3989,5.5241,3.6273575,0.20460697,3.9936268,3.7988765,0.12966701,4.008434,0.8134112834930418,0.3765601243823766,0.9880387663841246,0.5268012523651122,0.364774677157402,0.48790149688720597
1789687798.137511,traffic cone,0.2558,266,129,233,124,3.1903,3.1928,1.1977254,0.062594965,2.9562526,1.2005674,0.03257432,2.9583018,0.14457848072051993,0.4230607062578201,0.09395041465759268,0.14350384473800637,0.42253527939319613,0.09482994079589835
1789687798.183517,cardboard box,0.1846,90,72,58,44,8.1076,8.1179,-4.152862,-0.031732857,6.963125,-4.152862,-0.032889284,6.9752026,0.3429097175598139,0.4557542040944099,0.6605678796768188,0.2794986724853512,0.29618922173976897,0.28889563083648717
1789687798.225558,traffic cone,0.1566,28,16,26,14,8.4456,8.4334,-5.0738974,-0.02630853,6.751487,-5.0655565,0.04513795,6.742415,0.2828330993652344,0.30698050558567047,0.23277151584625244,0.28925952911377006,0.15413998439908028,0.2100602388381958
1789687798.294903,traffic cone,0.8195,128,61,54,6,5.4250,4.6249,3.4422216,0.1339087,4.190858,2.888277,0.24317238,3.6039696,0.36943769454956055,0.3013693690299988,0.3599662780761719,0.14374369382858276,0.013248886913061142,0.08339393138885498
1789687798.334448,traffic cone,0.8123,220,81,102,53,3.8528,3.8519,1.0332788,0.18281351,3.7072048,1.0309083,0.18144162,3.7068958,0.18239521980285645,0.3659633845090866,0.11298179626464844,0.14193303585052486,0.32017352581024167,0.08865470886230487
1789687798.372512,traffic cone,0.6167,142,101,74,58,4.7331,4.7342,2.285518,0.0820566,4.143914,2.289185,0.17070362,4.140462,0.22576546669006348,0.44536784291267395,0.21581459045410156,0.13716230392456064,0.4457049395889044,0.17332355976104719
1789687798.424924,traffic cone,0.2539,158,61,136,61,5.4426,5.5468,3.6883843,0.20355608,3.9971018,3.8092487,0.12873982,4.0299444,0.7697534561157227,0.3396597355604172,0.6651325225830078,0.6208205223083496,0.4214925542473793,0.6739182472229004
1789687798.469627,traffic cone,0.2526,270,130,231,123,3.1910,3.1945,1.1976581,0.06261826,2.9570508,1.1984209,0.062453434,2.9604738,0.14656342864036564,0.4229040935635567,0.09437299966812152,0.14115397930145268,0.4226146131753922,0.09625480175018275
1789687798.508707,cardboard box,0.1839,89,70,57,43,8.1048,8.1158,-4.148982,-0.03165383,6.9622855,-4.1475596,-0.032732427,6.97592,0.3387453317642217,0.4560443788766861,0.6635171890258791,0.23889222145080602,0.29650983214378357,0.2754921436309816
1789687798.548516,traffic cone,0.1572,27,15,25,13,8.4454,8.4354,-5.076293,-0.026273698,6.7494497,-5.0711155,0.11640988,6.739949,0.2830622673034666,0.3069628566503525,0.24465889930725115,0.2885207176208491,0.15400962829589845,0.19494562149047834
1789687798.592053,traffic cone,0.8219,130,61,53,6,5.4272,4.6245,3.4436622,0.13400456,4.1925316,2.8880086,0.24313569,3.603652,0.36318254470825195,0.3015480637550354,0.3548703193664551,0.1448308229446411,0.013417422771453857,0.08498525619506836
1789687798.631759,traffic cone,0.8122,217,80,97,53,3.8522,3.8510,1.0303521,0.18294,3.7073505,1.0286249,0.18145612,3.706668,0.18017058372497563,0.36908165141940114,0.1177169680595398,0.1420604228973389,0.3206251382827759,0.09114418029785121
1789687798.679341,traffic cone,0.6218,139,99,74,59,4.7316,4.7342,2.2850235,0.08150181,4.1424704,2.289662,0.17078063,4.1401424,0.21414046287536603,0.44550464674830437,0.22056145668029803,0.14382307529449445,0.4462988622486591,0.1774766445159912
1789687798.726680,traffic cone,0.2580,153,59,132,54,5.4976,5.5147,3.7656043,0.13006479,4.0033803,3.7903466,0.12948065,4.003524,0.513976669311524,0.3395496875047684,0.39498376846313477,0.49454915523529097,0.3394082896411419,0.39555823802948
1789687798.775710,traffic cone,0.2502,263,129,233,124,3.1906,3.1937,1.1956156,0.06256281,2.9574409,1.198761,0.032623924,2.9599648,0.14444582462310795,0.4231095194816589,0.09402589797973615,0.1416965544223785,0.42260119318962097,0.09586809873580915
1789687798.820212,cardboard box,0.1915,87,68,56,42,8.1142,8.1212,-4.1502705,-0.031672895,6.972455,-4.1437054,-0.032692224,6.984468,0.33567016124725324,0.45612665861845014,0.6626195192337034,0.2357537269592278,0.2963158115744591,0.2701128244400026
1789687798.864721,traffic cone,0.1620,27,15,25,13,8.4450,8.4314,-5.0803313,-0.026182443,6.7459407,-5.067416,0.11637196,6.7376633,0.2844885349273687,0.3069238930940628,0.23937282562255913,0.2909615516662596,0.1541795611381531,0.18647537231445366
1789687798.935068,traffic cone,0.8232,130,62,52,6,5.4264,4.6256,3.4431548,0.13396871,4.1919804,2.888491,0.24322984,3.604629,0.3630865216255188,0.3016169063746929,0.3583564758300781,0.14216864109039307,0.01301572471857071,0.08124744892120361
1789687798.978365,traffic cone,0.8140,219,80,103,54,3.8544,3.8536,1.0319929,0.1832216,3.7091918,1.0319929,0.18133478,3.7084272,0.17906805574893947,0.3691774789243936,0.11464129686355617,0.1413946747779845,0.3162326883524656,0.09289464950561532
1789687799.021586,traffic cone,0.6210,141,99,74,58,4.7326,4.7318,2.2865765,0.08177343,4.142804,2.289012,0.1708243,4.13774,0.21631896495819092,0.44546791911125183,0.21875653266906703,0.13916664123535183,0.4458498388528824,0.17232704162597656
1789687799.071370,traffic cone,0.2540,156,66,136,55,5.3987,5.5254,3.6275043,0.20454682,3.9931016,3.8014004,0.1291562,4.007869,0.7631657123565674,0.33954448997974396,0.7186614871025085,0.5124906301498413,0.33994448482990264,0.42380309104919434
1789687799.119534,traffic cone,0.2509,269,131,235,124,3.1908,3.1927,1.195863,0.062745765,2.957539,1.1992832,0.032713518,2.9587255,0.14714962244033813,0.45250172913074493,0.09627366065979004,0.14201615452766436,0.4227162808179855,0.09781491756439209
1789687799.166453,cardboard box,0.1840,89,69,57,43,8.0982,8.1161,-4.15286,-0.031760633,6.952257,-4.149496,-0.032594264,6.9750385,0.3687689781188963,0.4558534502983093,0.6528141021728517,0.23381686210632324,0.2962946206331253,0.271449708938599
1789687799.214468,traffic cone,0.1651,28,16,24,13,8.4497,8.4314,-5.08152,-0.026394911,6.75086,-5.066057,0.11645496,6.738704,0.28305792808532715,0.306964211165905,0.22918331623077393,0.29179105758667045,0.154184028506279,0.19081335067749006
1789687799.266289,traffic cone,0.8290,125,56,52,7,5.4157,4.6396,3.4373276,0.12651713,4.1831446,2.9014897,0.24442583,3.6121433,0.36272716522216797,0.30201976001262665,0.3393261432647705,0.1724065303802491,0.015842822194099437,0.09922230243682861
1789687799.294673,traffic cone,0.8162,219,82,99,54,3.8550,3.8531,1.0318251,0.18339217,3.7098262,1.0307844,0.18132365,3.7082202,0.1805871367454529,0.36644982621073724,0.11947914361953726,0.14232214391231524,0.31679312288761136,0.09079475402832005
1789687799.322975,traffic cone,0.6217,146,96,74,57,4.7315,4.7326,2.2858176,0.08127484,4.141912,2.2865129,0.1710917,4.140046,0.21106994152069092,0.4453034531325102,0.21810364723205566,0.14418516159057626,0.4457095101475716,0.17679634094238317
1789687799.353196,traffic cone,0.2628,155,66,137,60,5.3983,5.5438,3.627204,0.20443714,3.9929304,3.810134,0.12943856,4.024937,0.7615342140197754,0.3395632170140743,0.7271180152893066,0.6188994169235231,0.42140578888356683,0.6709935665130615
1789687799.400763,traffic cone,0.2518,272,130,228,121,3.1909,3.1922,1.195322,0.06263497,2.9579139,1.1973996,0.06262493,2.958422,0.1464693665504455,0.45538558959960923,0.09210487604141271,0.13689064979553223,0.4225560426712036,0.0959615707397461
1789687799.445775,cardboard box,0.1844,88,69,57,43,8.1157,8.1181,-4.149888,-0.03189458,6.974328,-4.149888,-0.032700777,6.9772215,0.33132381439209,0.45593635439872743,0.6680770874023434,0.23572373390197754,0.29651103019714353,0.28218307495117134
1789687799.491007,traffic cone,0.1644,27,15,25,13,8.4484,8.4412,-5.075952,-0.026135772,6.7534695,-5.0716124,0.11598891,6.746806,0.28871078491210955,0.30718967616558074,0.23617820739746076,0.29525718688964897,0.15422158241271972,0.19512672424316424
1789687799.560057,traffic cone,0.8270,127,58,54,7,5.4203,4.6334,3.4385884,0.1338259,4.1878624,2.897991,0.24388044,3.6069813,0.36001607179641715,0.3017203539609909,0.34925086498260516,0.16951451301574716,0.015407165884971624,0.09516489505767822
1789687799.591283,traffic cone,0.8177,220,81,100,53,3.8538,3.8540,1.0312312,0.18358381,3.7087617,1.0312312,0.18132822,3.7090306,0.18180757761001587,0.3661581426858902,0.11521124839782715,0.14034076929092398,0.32065344452857975,0.08768491744995144
1789687799.634030,traffic cone,0.6239,148,99,74,57,4.7330,4.7352,2.285287,0.08180539,4.1439157,2.288862,0.17101882,4.141737,0.21496255397796604,0.4459617145359516,0.21129055023193377,0.13911571502685538,0.446225856244564,0.17449235916137695
1789687799.680873,traffic cone,0.2537,154,61,133,53,5.4355,5.5097,3.6790407,0.20339258,3.9960213,3.7806761,0.12969236,4.0057864,0.7630889415740967,0.339708536863327,0.6691575050354004,0.4918807029724124,0.3396155029535294,0.3986357688903812
1789687799.729790,traffic cone,0.2523,270,130,228,123,3.1912,3.1916,1.1967406,0.0626065,2.957679,1.1976821,0.06250888,2.9576955,0.14600508809089652,0.4231853663921356,0.09347642660141009,0.13997658491134635,0.42284089922904966,0.09568951129913339
1789687799.778714,cardboard box,0.1810,89,66,57,43,8.1008,8.1179,-4.161774,-0.032090135,6.9499216,-4.150371,-0.032739714,6.976643,0.35744524002075195,0.4555889517068863,0.6092718839645386,0.2400681972503662,0.2962739825248718,0.2687959671020508
1789687799.826166,traffic cone,0.1614,28,16,26,14,8.4515,8.4314,-5.079513,-0.02616635,6.7547255,-5.0646276,0.045375347,6.740638,0.2846487760543823,0.30677440017461777,0.23361217975616455,0.2904510736465449,0.15404590591788292,0.2081273317337038
1789687799.883030,traffic cone,0.8284,129,61,54,6,5.4304,4.6349,3.44277,0.13421074,4.1974716,2.8949342,0.24403928,3.6114006,0.363116979598999,0.30237123370170593,0.35717058181762695,0.14673691987991333,0.013698630034923553,0.08755481243133545
1789687799.928690,traffic cone,0.8185,217,82,99,55,3.8531,3.8519,1.0315881,0.18318765,3.7079084,1.0310498,0.18127006,3.7068872,0.1822695612907409,0.365321334451437,0.11457850933074942,0.1414164900779724,0.31323149651288984,0.0904811382293702
1789687799.975994,traffic cone,0.6225,143,98,73,57,4.7338,4.7332,2.285294,0.0816309,4.1447854,2.2910175,0.17046869,4.1382823,0.21060526371002197,0.44546383731067185,0.2175459146499632,0.1394422531127928,0.4456367403268814,0.17214603424072283
1789687800.015404,traffic cone,0.2554,155,63,133,52,5.4159,5.5082,3.654405,0.20423219,3.9919448,3.780671,0.12987684,4.0038013,0.7632317066192624,0.33968252092599865,0.6928151845932011,0.49509416818618757,0.3396613441407681,0.40106742382049587
1789687800.045925,traffic cone,0.2491,267,130,226,121,3.1913,3.1918,1.1976154,0.06275745,2.9573493,1.1978655,0.06256682,2.957838,0.14396337866783138,0.423022648692131,0.09652432203292838,0.13849639892578125,0.42279842495918274,0.09766554832458496
1789687800.090240,cardboard box,0.1833,89,71,57,43,8.1095,8.1153,-4.149827,-0.031676054,6.9671936,-4.149827,-0.032889545,6.9739146,0.34014058113098145,0.45578958094120026,0.6682183742523193,0.23635206222534144,0.29634106159210205,0.2792080402374264
1789687800.135354,traffic cone,0.1575,27,15,24,13,8.4467,8.4408,-5.0782957,-0.026031539,6.749532,-5.0729585,0.11601734,6.7452273,0.28832764625549334,0.3071005195379257,0.2423583030700689,0.2954269409179684,0.15419001877307892,0.19193859100341726
1789687800.205638,traffic cone,0.8274,127,59,54,6,5.4239,4.6227,3.4395976,0.13393879,4.1917114,2.886358,0.24298465,3.6027095,0.3585395574569703,0.30149655044078827,0.3523133754730221,0.14352500438690186,0.01322125643491745,0.08317720890045166
1789687800.237545,traffic cone,0.8182,217,80,100,55,3.8538,3.8539,1.0304563,0.1828955,3.7089493,1.0306106,0.18116695,3.7091446,0.17792081832885742,0.37012602537870404,0.11845951080322248,0.14116166234016414,0.3135425388813019,0.09083914756774902
1789687800.278231,traffic cone,0.6281,144,96,74,57,4.7312,4.7325,2.2864842,0.08135599,4.1411934,2.2883782,0.17072257,4.1389437,0.20972025394439697,0.44532933086156845,0.21618127822875977,0.14381952285766575,0.44570691734552387,0.1793119430541994
1789687800.321878,traffic cone,0.2624,154,67,132,51,5.3888,5.5035,3.6194885,0.20491219,3.9869723,3.7751935,0.13017312,4.002454,0.7555798768997191,0.33956419527530673,0.733987760543823,0.4941141605377197,0.3397357165813446,0.3980419635772705
1789687800.366539,traffic cone,0.2525,269,130,225,121,3.1920,3.1929,1.1966064,0.062609576,2.9585905,1.1971765,0.06253317,2.959309,0.14593720436096191,0.4552588686347006,0.0926124572753908,0.13587689399719238,0.4226284325122833,0.09610795974731445
1789687800.411333,cardboard box,0.1810,88,70,57,44,8.1121,8.1245,-4.1537056,-0.031856872,6.9679565,-4.1537056,-0.032762177,6.982317,0.33395838737487793,0.4557494893670082,0.6527469396591181,0.24948554039001536,0.2965789034962654,0.28716318607330305
1789687800.456234,traffic cone,0.1526,27,15,23,13,8.4524,8.4346,-5.0830092,-0.026231378,6.753234,-5.06757,0.11641705,6.7415214,0.2843274593353273,0.3070202648639679,0.24472904205322266,0.2910462379455572,0.1541583776473999,0.1925856590270998
1789687800.526194,traffic cone,0.8295,128,59,55,7,5.4228,4.6459,3.4399195,0.13420692,4.189927,2.9050956,0.24497104,3.6172323,0.35791218280792236,0.30194827616214753,0.3615874290466303,0.1729252576828002,0.015914887189865112,0.09986431598663348
1789687800.556716,traffic cone,0.8154,200,62,103,54,3.8579,3.8519,1.0379894,0.113928154,3.7138648,1.0301554,0.1812162,3.7072096,0.15307802557945238,0.3605189811438322,0.09276087284088153,0.14157768189907072,0.31721000783145425,0.09560327529907253
1789687800.599632,traffic cone,0.6236,146,96,73,56,4.7343,4.7340,2.2859447,0.081770554,4.145053,2.287344,0.17091595,4.141204,0.2100609540939331,0.4448777213692665,0.2188701629638672,0.13884663581848145,0.44504792243242264,0.17324423789978027
1789687800.644062,traffic cone,0.2639,157,73,136,53,5.4013,5.5052,3.6319509,0.20491084,3.9926713,3.7772753,0.12991676,4.002877,0.8043430805206295,0.37223016023635863,0.9870880603790284,0.5069154262542721,0.3395118087530136,0.4107067584991455
1789687800.688285,traffic cone,0.2486,270,130,227,122,3.1914,3.1929,1.1970437,0.06264837,2.9577198,1.2003863,0.06261834,2.9580054,0.14611099362373348,0.423005311191082,0.0952873468399047,0.13857253789901747,0.42263185381889345,0.09653917551040658
1789687800.728527,cardboard box,0.1834,91,78,59,45,8.0925,8.1164,-4.13612,-0.031641148,6.9556174,-4.1503763,-0.03276825,6.97491,0.36837596893310476,0.4552746325731277,0.7194424152374266,0.2883124351501465,0.29631824493408204,0.27909641265869123
1789687800.759164,traffic cone,0.1514,27,15,24,13,8.4438,8.4374,-5.0802317,-0.026402012,6.7444773,-5.069107,0.11658543,6.743849,0.2739119529724121,0.30711114704608916,0.22995853424072266,0.2810354232788086,0.15425430834293366,0.18670616149902308
1789687800.825699,traffic cone,0.8273,126,61,54,6,5.4302,4.6295,3.4412925,0.13402894,4.1984577,2.8914466,0.24357122,3.6073127,0.3625316619873047,0.30265389382839203,0.35679149627685547,0.14293944835662842,0.013128519058227539,0.0822674036026001
1789687800.855141,traffic cone,0.8169,199,61,98,53,3.8554,3.8535,1.0386443,0.11394414,3.7111394,1.0310458,0.18138611,3.7085474,0.15392476320266724,0.36370643973350525,0.08248090744018555,0.1443586707115173,0.3205417424440384,0.08430128097534206
1789687800.902442,traffic cone,0.6222,143,97,74,58,4.7332,4.7324,2.2859092,0.08168894,4.1438427,2.2895737,0.17086323,4.138108,0.20815505981445304,0.445747971534729,0.21402845382690394,0.14530069828033465,0.4459168806672096,0.17740039825439524
1789687800.948808,traffic cone,0.2607,153,62,133,52,5.4306,5.5116,3.672822,0.20384178,3.9950204,3.7816343,0.12980102,4.00751,0.7701554894447327,0.33939359933137897,0.688624536991119,0.5032103657722473,0.33940353840589527,0.40268468856811523
1789687800.997272,traffic cone,0.2492,266,129,229,121,3.1918,3.1927,1.1968801,0.06263001,2.958189,1.1976478,0.06250289,2.9589083,0.14340453147888188,0.4230707049369812,0.09386239051818857,0.13575327396392822,0.4225773811340332,0.09967374801635742
1789687801.044654,cardboard box,0.1816,92,67,59,45,8.0876,8.1149,-4.1670065,-0.032133892,6.9314246,-4.1511087,-0.032878146,6.9727197,0.3791062831878662,0.45057702660560606,0.5450903892517083,0.2668447494506836,0.29633902907371523,0.2990593910217285
1789687801.092615,traffic cone,0.1515,27,15,25,13,8.4439,8.4368,-5.0784373,-0.026137918,6.7459965,-5.0684934,0.11654213,6.7435737,0.2883750438690189,0.30721390843391416,0.23705778121948207,0.29386396408080984,0.15439293980598448,0.18880691528320348
1789687801.154876,traffic cone,0.8276,125,57,53,6,5.4160,4.6288,3.4380834,0.13351905,4.1827426,2.8914697,0.24350858,3.6064095,0.35900607109069815,0.3026703506708145,0.3325772285461426,0.1429864764213562,0.013127274811267853,0.08220571279525757
1789687801.190314,traffic cone,0.8160,200,63,100,54,3.8580,3.8500,1.0388647,0.11351979,3.713775,1.0297494,0.18125932,3.7052603,0.1536021173000336,0.35628491863608364,0.09328007698059082,0.14211546778678885,0.3167187310755253,0.09483566284179679
1789687801.232964,traffic cone,0.6214,144,99,74,58,4.7343,4.7357,2.2857184,0.08181059,4.145188,2.2904012,0.17084146,4.1414137,0.20961012840270987,0.4454054802656174,0.22113957405090368,0.14159227609634417,0.4456424359232187,0.17247934341430682
1789687801.276535,traffic cone,0.2538,154,61,132,53,5.4866,5.5078,3.7586858,0.13070121,3.9947617,3.782383,0.12976328,4.001621,0.5256357192993164,0.33983293175697327,0.4113481044769287,0.4932305812835689,0.33985445797443387,0.39640393257141104
1789687801.320896,traffic cone,0.2452,268,130,226,121,3.1912,3.1920,1.197129,0.06256148,2.9574752,1.198457,0.0625526,2.957805,0.14479944705963144,0.4231931298971176,0.09462383985519418,0.13682794570922852,0.4227791428565979,0.09970426559448242
1789687801.364012,cardboard box,0.1884,92,67,59,46,8.0864,8.1195,-4.1645536,-0.032168344,6.9314737,-4.153138,-0.03293945,6.9768558,0.38686881065368617,0.4436720609664917,0.5022375106811525,0.28016042709350586,0.29637452214956284,0.2946193218231201
1789687801.417085,traffic cone,0.8274,127,58,54,7,5.4239,4.6391,3.4394462,0.13373077,4.1917825,2.9011793,0.24437723,3.6116836,0.35808759927749634,0.3017236523330212,0.3497614860534668,0.17545435428619394,0.016297870874404874,0.10343582630157444
1789687801.453098,traffic cone,0.8177,195,61,103,53,3.8561,3.8527,1.0389329,0.114593446,3.7117498,1.0313928,0.18170008,3.7076108,0.1501840353012085,0.36330562084913254,0.08717679977416992,0.14233403205871575,0.2909790992736816,0.08969335556030256
1789687801.481514,traffic cone,0.6227,144,95,74,57,4.7316,4.7342,2.2867641,0.08160257,4.1414876,2.2922187,0.17114449,4.1387734,0.20601994991302508,0.44569369331002234,0.20714092254638672,0.14591574668884277,0.4459023788571358,0.17288684844970703
1789687801.510699,traffic cone,0.2557,153,62,135,54,5.4280,5.5142,3.6666658,0.20371726,3.9971852,3.7923121,0.12998219,4.001032,0.7691938042640682,0.33984008654952047,0.6837723612785336,0.49255071878433254,0.3398078165948391,0.39946670532226536
1789687801.557819,traffic cone,0.2451,263,130,225,123,3.1909,3.1915,1.196164,0.0626975,2.957598,1.1989366,0.06268613,2.9570248,0.145079529285431,0.4230998076498509,0.096337842941284,0.1406665921211243,0.4227922081947327,0.09852564334869385
1789687801.602187,cardboard box,0.1849,89,70,57,43,8.1112,8.1184,-4.1525044,-0.03166306,6.9676075,-4.151517,-0.03279829,6.9765077,0.34238491058349574,0.45583749413490293,0.6667885065078734,0.23412852287292463,0.29614230394363406,0.27237772941589355
1789687801.646100,traffic cone,0.1607,27,15,25,13,8.4515,8.4346,-5.0811563,-0.02614221,6.753437,-5.072025,0.11642143,6.7382703,0.28673257827758736,0.3069842517375946,0.23744611740112287,0.29310579299926776,0.1541189283132553,0.1918138504028315
1789687801.714510,traffic cone,0.8273,125,57,53,7,5.4207,4.6396,3.4369957,0.13398574,4.1897063,2.9011562,0.24442498,3.6123686,0.35771799087524414,0.301830118894577,0.34463071823120117,0.1693617820739748,0.015379658341407781,0.09489998817443857
1789687801.744163,traffic cone,0.8173,212,80,100,54,3.8549,3.8525,1.0304217,0.18331519,3.71008,1.0311269,0.18142933,3.707467,0.17781939506530764,0.3699649348855018,0.1217049837112425,0.14126536548137658,0.31709250248968596,0.09257063865661586
1789687801.788076,traffic cone,0.6242,144,96,74,57,4.7311,4.7351,2.285441,0.08161585,4.141666,2.2905536,0.17082201,4.1406593,0.21191644668579102,0.4454111885279417,0.21951758861541748,0.14291343688964853,0.44570169895887374,0.16853218078613263
1789687801.835380,traffic cone,0.2496,157,63,137,61,5.4140,5.5441,3.649919,0.20441477,3.9934552,3.8118913,0.12914808,4.023629,0.7634523630142214,0.33968148082494737,0.6968392372131342,0.6214702129364014,0.42157119512557983,0.6695678234100342
1789687801.880635,traffic cone,0.2472,268,130,229,123,3.1913,3.1928,1.1961648,0.06269479,2.9579391,1.1991515,0.06268805,2.9584014,0.14584687948226915,0.4230635970830917,0.09638930559158343,0.13971781730651833,0.42263645827770235,0.09871671199798593
1789687801.927498,cardboard box,0.1846,89,70,58,44,8.1093,8.1220,-4.1527514,-0.03187395,6.9652176,-4.1527514,-0.03279473,6.9799786,0.34003832340240514,0.4558423936367035,0.6535148382186895,0.2764329433441164,0.29625337570905685,0.2949593305587772
1789687801.978229,traffic cone,0.1730,27,15,25,13,8.4452,8.4379,-5.080479,-0.026181519,6.746058,-5.067989,0.11623703,6.7453933,0.28775858879089355,0.30728589594364164,0.2424867630004881,0.29427623748779297,0.1545342832803726,0.18363885879516673
1789687802.038562,traffic cone,0.8290,129,62,54,6,5.4279,4.6186,3.4423897,0.13410774,4.194476,2.8836641,0.24262665,3.5996094,0.3605211496353151,0.30158908218145375,0.3563906908035275,0.14301764965057373,0.01314946636557579,0.0825381875038147
1789687802.085208,traffic cone,0.8196,214,81,102,55,3.8546,3.8533,1.0308166,0.18315388,3.7096844,1.0309005,0.18125759,3.7084508,0.1791662573814392,0.36582766473293304,0.12085318565368652,0.1411187291145325,0.3127691067755222,0.09714760780334508
1789687802.133326,traffic cone,0.6244,147,97,75,58,4.7325,4.7346,2.2863407,0.08161549,4.142737,2.2887187,0.17110193,4.141078,0.21730022430419904,0.44572069793939595,0.21288499832153285,0.14530963897705051,0.44587357603013517,0.17137806415557844
1789687802.178627,traffic cone,0.2621,156,65,134,55,5.3970,5.5232,3.6289754,0.20444025,3.9895558,3.7977052,0.12869613,4.0083766,0.7632567405700681,0.33941365480422975,0.705738592147827,0.5174214839935303,0.3642885386943817,0.4921294689178466
1789687802.209105,traffic cone,0.2520,269,130,228,123,3.1912,3.1922,1.1969893,0.062641576,2.9575052,1.2000921,0.06261274,2.9573576,0.1448399066925048,0.45592110678553566,0.09373081922531146,0.14111799001693726,0.42283800840377805,0.09590690135955837
1789687802.255548,cardboard box,0.1829,88,70,56,42,8.1150,8.1217,-4.141984,-0.029896215,6.978215,-4.144803,-0.032642663,6.9844213,0.3351691961288452,0.45606973171234133,0.6646300554275513,0.2333867788314823,0.2964119851589203,0.27313628196716255
1789687802.300234,traffic cone,0.1735,28,16,26,14,8.4492,8.4305,-5.078229,-0.026228264,6.7527814,-5.064974,0.045296364,6.7392592,0.28952503204345703,0.3068969175219536,0.24294447898864746,0.29490184783935547,0.15412252992391587,0.21101164817810059
1789687802.370133,traffic cone,0.8276,130,61,54,6,5.4253,4.6218,3.44419,0.13399832,4.1897287,2.885798,0.24290268,3.6019578,0.3692176342010498,0.3012508153915405,0.35245656967163086,0.14351403713226318,0.013215597718954086,0.08310604095458984
1789687802.399773,traffic cone,0.8235,214,80,101,53,3.8562,3.8555,1.0318375,0.18324926,3.7110617,1.031314,0.18131287,3.7105815,0.1777976393699645,0.36961130909621714,0.11248652935028058,0.14261925220489513,0.32039189636707305,0.09279823303222656
1789687802.433024,traffic cone,0.6245,147,99,74,58,4.7322,4.7324,2.2857928,0.08172311,4.1427436,2.2875524,0.17086953,4.1392937,0.21315395832061723,0.44515692144632335,0.2128184795379644,0.14308542013168335,0.4456995118409395,0.17131853103637695
1789687802.476227,traffic cone,0.2585,157,65,135,56,5.4153,5.5231,3.652127,0.20447786,3.9931524,3.801474,0.12892355,4.0046034,0.7751942634582525,0.3398195952177048,0.7085800647735594,0.5130249857902527,0.36054347455501556,0.47546446323394775
1789687802.522814,traffic cone,0.2511,265,129,228,122,3.1910,3.1934,1.1956832,0.0626684,2.957816,1.1989431,0.06258297,2.9590802,0.14506707191467294,0.4228552967309952,0.09276580810546875,0.1380167007446289,0.422730828076601,0.09293228387832642
1789687802.564731,cardboard box,0.1817,89,70,57,43,8.1075,8.1202,-4.1512184,-0.031727813,6.964039,-4.1505675,-0.032607555,6.9792566,0.3570274591445921,0.4561931163072586,0.6682058334350591,0.23970794677734375,0.2964582145214081,0.27136292457580513
1789687802.610647,traffic cone,0.1643,25,13,25,13,8.4310,8.4310,-5.0673137,0.11662771,6.737263,-5.0673137,0.11662771,6.737263,0.29671487808227504,0.15438435077667234,0.18299283981323278,0.29671487808227504,0.15438435077667234,0.18299283981323278
1789687802.665333,traffic cone,0.8258,128,59,54,6,5.4187,4.6228,3.4376922,0.13411383,4.1864424,2.8860507,0.24299331,3.6030529,0.3609673023223876,0.30091150254011156,0.3492171287536623,0.1417555809020996,0.012960027903318405,0.0807795524597168
1789687802.704192,traffic cone,0.8208,212,80,102,54,3.8560,3.8550,1.0299232,0.18308131,3.711432,1.0299232,0.18134454,3.7104182,0.1784034043550491,0.37012795805931087,0.11831203699111903,0.14051665663719182,0.3170757118612528,0.0939482450485225
1789687802.751678,traffic cone,0.6218,146,96,74,57,4.7315,4.7342,2.2861552,0.08130884,4.141756,2.291255,0.17090999,4.1392603,0.2097523808479309,0.4452963788062334,0.21348190307617188,0.14586329460144043,0.4454322442412376,0.16622018814086914
1789687802.801666,traffic cone,0.2571,151,56,129,51,5.4973,5.5015,3.765246,0.13049078,4.0032806,3.7706673,0.130183,4.003966,0.5067815780639648,0.3395637199282646,0.3982952833175659,0.4952976703643799,0.3395717591047287,0.40341806411743164
1789687802.859502,traffic cone,0.2510,271,131,230,122,3.1913,3.1930,1.1959198,0.06270513,2.958051,1.1980544,0.06269896,2.959058,0.14669466018676758,0.4526507034897804,0.09329819679260254,0.14013609290122986,0.4226613849401474,0.09590243101119977
1789687802.905386,cardboard box,0.1802,89,70,57,43,8.1071,8.1204,-4.1507244,-0.0316175,6.963914,-4.1495824,-0.03280084,6.9800124,0.33455362319946325,0.45580697879195214,0.6631711483001714,0.2383400440216059,0.29637257307767867,0.2744600772857666
1789687802.935858,traffic cone,0.1585,25,13,25,13,8.4310,8.4310,-5.0706453,0.11640869,6.7347293,-5.0706453,0.11640869,6.7347293,0.29539909362792915,0.15403837561607361,0.19616050720214773,0.29539909362792915,0.15403837561607361,0.19616050720214773
1789687802.986697,traffic cone,0.8275,130,65,54,6,5.4356,4.6224,3.44659,0.13406499,4.201069,2.885878,0.24295865,3.602683,0.37067656517028835,0.3014985501766205,0.37081480026245117,0.1460050344467163,0.013597708195447922,0.08669924736022949
1789687803.031760,traffic cone,0.8202,214,80,100,52,3.8545,3.8514,1.0323246,0.18319309,3.7091608,1.0306313,0.18167645,3.7065237,0.17926511466503137,0.3700395245105028,0.11815361976623517,0.14079025685787194,0.32431970722973347,0.08351590633392325
1789687803.064038,traffic cone,0.6208,145,99,76,59,4.7321,4.7332,2.2843847,0.0819089,4.143387,2.290215,0.17087878,4.1387153,0.20470244884490985,0.44523547887802123,0.22114534378051776,0.1444135427474973,0.4455942913889885,0.16421265602111834
1789687803.106976,traffic cone,0.2645,155,64,134,53,5.3977,5.5055,3.6252723,0.20453312,3.993848,3.7833045,0.12997483,3.9975657,0.7669639706611635,0.33984520509839056,0.7086815118789671,0.4957412719726566,0.33986332416534426,0.40171413421630886
1789687803.151931,traffic cone,0.2477,264,129,227,122,3.1924,3.1930,1.196722,0.06273432,2.9589925,1.1998711,0.06268923,2.9583476,0.14458625316619877,0.4580866992473599,0.09811668395996076,0.14022604823112483,0.4226779952645302,0.0987840414047243
1789687803.196620,cardboard box,0.1782,90,75,58,44,8.1084,8.1172,-4.1385245,-0.031779796,6.972604,-4.15485,-0.03279353,6.973176,0.33684067726135236,0.4565081387758255,0.6664269924163815,0.2696667432785036,0.29648457616567614,0.29214227199554443
1789687803.266587,traffic cone,0.8285,128,61,54,6,5.4277,4.6277,3.4396598,0.1341039,4.196554,2.890791,0.24340916,3.6055021,0.36521291732788086,0.30298033356666565,0.36365652084350586,0.14124131202697754,0.012866437435150146,0.0797891616821289
1789687803.297660,traffic cone,0.8181,214,82,100,54,3.8555,3.8541,1.0313325,0.18308675,3.7104795,1.0299772,0.18127516,3.709511,0.1812063872814178,0.3656820707023144,0.11626055240631139,0.1422598659992218,0.31704918332397936,0.08731887340545663
1789687803.344049,traffic cone,0.6208,146,99,73,57,4.7323,4.7352,2.285846,0.0816122,4.1428127,2.2903545,0.17060745,4.1409745,0.21452698707580575,0.44530595317482946,0.22000780105590856,0.14130120277404767,0.4458651661872864,0.1685313224792484
1789687803.390391,traffic cone,0.2685,156,78,133,55,5.4711,5.5248,3.7297423,0.20450224,3.9975681,3.7954624,0.12969518,4.0125527,0.9203543305397033,0.42083279304206367,1.039884316921234,0.55375018119812,0.42160600051283836,0.6446454048156736
1789687803.434851,traffic cone,0.2504,267,131,225,121,3.1909,3.1933,1.1970217,0.062813744,2.9572296,1.1984675,0.062800854,2.9592,0.1455775499343872,0.45271922647953033,0.09314310550689697,0.13797855377197266,0.42257121205329895,0.09421825408935547
1789687803.478851,cardboard box,0.1839,89,77,57,44,8.0976,8.1146,-4.139501,-0.028080463,6.9594955,-4.150943,-0.032909743,6.9724298,0.3397233009338372,0.4562600374221802,0.7248048782348633,0.26972126960754395,0.29635167866945267,0.2943372488021847
1789687803.521791,traffic cone,0.1554,26,14,26,14,8.4357,8.4357,-5.0653863,0.045189075,6.7454705,-5.0653863,0.045189075,6.7454705,0.29676127433776855,0.15436492413282393,0.2124576330184933,0.29676127433776855,0.15436492413282393,0.2124576330184933
1789687803.591502,traffic cone,0.8282,128,60,54,6,5.4270,4.6212,3.4405935,0.13401891,4.1948166,2.8853612,0.24285613,3.601604,0.35815165042877206,0.3019387900829315,0.3649273633956911,0.1414128541946411,0.012909311801195145,0.0803067684173584
1789687803.636309,traffic cone,0.8179,193,62,100,53,3.8583,3.8519,1.0378048,0.113819,3.7143826,1.0307888,0.18147261,3.7069414,0.15514397621154774,0.36022470854222777,0.09262092113494846,0.1416031360626221,0.29143764078617096,0.09408273696899405
1789687803.665568,traffic cone,0.6199,147,98,74,57,4.7318,4.7321,2.2868733,0.0819259,4.1416626,2.2870364,0.17062165,4.13917,0.2188168168067932,0.4457120202481747,0.2167603731155392,0.1424272537231448,0.4458791971206665,0.17002553939819354
1789687803.695870,traffic cone,0.2648,155,64,133,55,5.4093,5.5291,3.6439562,0.2040813,3.9926074,3.8040555,0.12878405,4.010417,0.7637793540954583,0.3395806483924389,0.7027885913848877,0.5220151185989379,0.3647448129951954,0.4894583225250244
1789687803.739152,traffic cone,0.2482,266,131,226,124,3.1930,3.1949,1.1973581,0.062794805,2.959311,1.199285,0.06276168,2.9605565,0.14654535055160522,0.4232216775417328,0.09769332408905029,0.14062027931213383,0.42273944467306135,0.09908446073532096
1789687803.782982,cardboard box,0.1843,89,71,57,43,8.1087,8.1172,-4.146804,-0.031717584,6.968113,-4.146804,-0.03259678,6.977957,0.3591763973236084,0.4559762477874756,0.6584727764129639,0.23562316894531232,0.2964796036481857,0.2741865158081058
1789687803.828060,traffic cone,0.1619,25,13,25,13,8.4324,8.4324,-5.069221,0.116637126,6.7375746,-5.069221,0.116637126,6.7375746,0.284543514251709,0.1540553480386734,0.18609600067138654,0.284543514251709,0.1540553480386734,0.18609600067138654
1789687803.895710,traffic cone,0.8292,128,64,54,6,5.4377,4.6232,3.4445617,0.13389367,4.205448,2.886129,0.24302594,3.6034534,0.35145026445388794,0.3028184399008751,0.38470063209533745,0.14623045921325684,0.01362878829240799,0.08697950839996338
1789687803.929046,traffic cone,0.8161,194,61,100,53,3.8552,3.8538,1.0382177,0.11466092,3.710988,1.03055,0.1813511,3.7090445,0.15121757984161377,0.3636652082204819,0.08495569229125977,0.13992891311645494,0.32022063434123993,0.08517045974731463
1789687803.978071,traffic cone,0.6205,139,97,74,57,4.7315,4.7350,2.2852836,0.08167541,4.142227,2.291347,0.17098898,4.1401095,0.20639305114746076,0.44511654078960416,0.21539182662963885,0.1413412094116211,0.44537691622972486,0.17428264617919975
1789687804.016402,traffic cone,0.2690,151,57,133,52,5.4430,5.5051,3.683808,0.20315781,4.001821,3.776462,0.16668181,4.0020638,0.5213710784912111,0.33948836028575896,0.4106935501098632,0.49394615888595617,0.3394464738667011,0.39405345916748047
1789687804.059134,traffic cone,0.2496,263,130,228,123,3.1918,3.1928,1.1963298,0.062699005,2.958444,1.1996107,0.06261133,2.9582386,0.1467985332012176,0.42318554818630216,0.09426083564758292,0.14032934904098493,0.42275260090827943,0.09991345405578622
1789687804.102956,cardboard box,0.1881,87,65,56,42,8.1046,8.1225,-4.158171,-0.03171228,6.9565725,-4.1484222,-0.03257566,6.9832153,0.3448457717895508,0.45610378980636596,0.635218620300293,0.23672749996185338,0.296438156068325,0.2645214080810545
1789687804.147634,traffic cone,0.1607,26,14,26,14,8.4325,8.4325,-5.066761,0.045527898,6.7404037,-5.066761,0.045527898,6.7404037,0.2912848472595222,0.15419359505176544,0.20195448398590088,0.2912848472595222,0.15419359505176544,0.20195448398590088
1789687804.200218,traffic cone,0.8287,127,60,54,6,5.4248,4.6260,3.438464,0.13399334,4.1937346,2.8882265,0.2432698,3.6053834,0.36282453536987314,0.3017015837132931,0.36176493167877144,0.13923615217208862,0.012575097382068634,0.07716482877731323
1789687804.240799,traffic cone,0.8187,194,61,98,53,3.8592,3.8552,1.0387479,0.11395118,3.7149918,1.0303533,0.18129483,3.7105696,0.15246081352233887,0.3639708608388901,0.08841228485107422,0.14158561229705813,0.32053435146808623,0.08912792205810582
1789687804.288880,traffic cone,0.6189,139,98,73,57,4.7333,4.7324,2.2867594,0.08145137,4.1434755,2.2897286,0.1709244,4.1380677,0.21551448106765747,0.44537890814244746,0.21587452888488823,0.13964881896972692,0.4456254571676254,0.16835327148437518
1789687804.335716,traffic cone,0.2678,155,66,134,54,5.3971,5.5160,3.627333,0.2047123,3.991212,3.7883272,0.12943096,4.007188,0.759615421295166,0.3396011181175709,0.721172034740448,0.5028483748435972,0.33981797844171524,0.4127259492874149
1789687804.380406,traffic cone,0.2538,264,130,226,120,3.1924,3.1951,1.1958311,0.06267238,2.959342,1.198128,0.0626312,2.9612584,0.14566429257392888,0.45557625293731674,0.09321905374526951,0.13714458942413343,0.422839018702507,0.0938830137252804
1789687804.411981,cardboard box,0.1910,89,70,58,44,8.1052,8.1200,-4.1530995,-0.03184852,6.960285,-4.152012,-0.03287638,6.9781055,0.34613192081451416,0.45581345707178117,0.6625389337539671,0.27359635829925555,0.2963417932391167,0.2969906568527225
1789687804.454338,traffic cone,0.1634,26,14,26,14,8.4313,8.4313,-5.0631065,0.045254983,6.7416863,-5.0631065,0.045254983,6.7416863,0.2942782878875736,0.1542074032127857,0.21087520122528058,0.2942782878875736,0.1542074032127857,0.21087520122528058
1789687804.506044,traffic cone,0.8271,127,60,54,6,5.4279,4.6265,3.4417014,0.13419242,4.195134,2.88873,0.24331418,3.6056428,0.3597034215927124,0.3016033761203289,0.36287512779235875,0.14603596925735474,0.013595908880233765,0.08664238452911377
1789687804.546403,traffic cone,0.8185,213,81,103,54,3.8557,3.8546,1.0310819,0.1834619,3.7106977,1.0305967,0.18121196,3.7098362,0.18241292238235474,0.3657390922307968,0.11955809593200684,0.14121616780757906,0.31688099242746826,0.09747984409332267
1789687804.577333,traffic cone,0.6202,140,98,75,58,4.7330,4.7347,2.2861247,0.08132695,4.1434135,2.2882016,0.17141418,4.1414776,0.21354697942733747,0.44566780477762225,0.21429181098937988,0.14521476030349723,0.4459322236478329,0.17259147167205757
1789687804.620001,traffic cone,0.2709,152,63,131,50,5.3957,5.5045,3.625298,0.2047495,3.99115,3.773786,0.16690527,4.003714,0.7663096427917475,0.3393951073288918,0.7102655172348022,0.4932512640953064,0.33951233327388763,0.40092797279357884
1789687804.664164,traffic cone,0.2585,269,130,229,121,3.1903,3.1917,1.1972302,0.06274234,2.956502,1.1994787,0.062729925,2.9571111,0.14369490146636954,0.455474318563938,0.0907458543777464,0.1380528211593628,0.42268022894859314,0.09359550476074219
1789687804.707734,cardboard box,0.1952,89,70,57,43,8.1054,8.1131,-4.150816,-0.031629696,6.9618797,-4.149735,-0.0328705,6.9714537,0.33767147064209,0.45589164793491366,0.6603028059005736,0.23264470100402868,0.2962446689605713,0.2785418987274175
1789687804.753150,traffic cone,0.1590,28,16,26,14,8.4477,8.4349,-5.0757465,-0.026283026,6.752801,-5.066267,0.045124203,6.7437963,0.2862401008605957,0.3067508935928345,0.22703933715820312,0.29273614883422816,0.1539323039352894,0.2104902744293211
1789687804.820943,traffic cone,0.8276,127,61,54,6,5.4280,4.6323,3.4420977,0.13387145,4.194857,2.8926282,0.24381228,3.6098504,0.3602616786956787,0.3025050759315491,0.35839319229125977,0.13972985744476318,0.012646075338125229,0.07779198884963989
1789687804.852405,traffic cone,0.8225,217,80,102,54,3.8532,3.8526,1.0302162,0.18328233,3.7084332,1.0302162,0.18145889,3.7078736,0.17932563424110415,0.3688929658383131,0.11659299135208157,0.14298070371150962,0.3168248236179352,0.09177644252777073
1789687804.893280,traffic cone,0.6199,137,95,71,55,4.7322,4.7322,2.2872915,0.08141233,4.141952,2.2885904,0.17058958,4.138462,0.20905389785766637,0.44523769468069074,0.2166529178619383,0.12712182998657262,0.4454729974269867,0.17462544441223216
1789687804.938203,traffic cone,0.2704,152,55,128,50,5.4935,5.5015,3.7620485,0.13047536,4.001002,3.7686477,0.16666678,4.004545,0.5045438289642337,0.33982355147600174,0.3951518058776857,0.4935398936271671,0.3398148290812969,0.4016085386276247
1789687804.982379,traffic cone,0.2578,270,129,228,120,3.1929,3.1938,1.1961982,0.062715694,2.9597456,1.1971946,0.0625901,2.960284,0.14721598625183097,0.423276948928833,0.09733328819274911,0.13633667826652518,0.42280148416757585,0.09909890890121442
1789687805.026566,cardboard box,0.1864,89,65,57,43,8.1011,8.1151,-4.153943,-0.031937003,6.954939,-4.1495004,-0.032841235,6.9739404,0.34555330276489205,0.4547281742095947,0.6109020233154299,0.23955702781677246,0.2962257772684097,0.2705960273742676
1789687805.070648,traffic cone,0.1567,27,15,25,13,8.4427,8.4346,-5.0730715,-0.026093334,6.748473,-5.0672345,0.11622538,6.741821,0.2888002872467039,0.30714578926563263,0.23981475830078125,0.294976139068603,0.15436989665031434,0.18622179031372088
1789687805.116921,traffic cone,0.8276,126,59,54,6,5.4187,4.6267,3.4381757,0.13396521,4.1860447,2.8885527,0.24333681,3.6060834,0.3579795598983764,0.3020643711090088,0.35500597953796387,0.1401759386062622,0.012723106890916824,0.07857519388198853
1789687805.146807,traffic cone,0.8211,199,61,99,53,3.8571,3.8524,1.0390656,0.113869,3.7127895,1.0316066,0.18147714,3.7072372,0.15451771020889282,0.3635881096124649,0.09058523178100586,0.14223502874374394,0.3202744424343109,0.0925787925720214
1789687805.194511,traffic cone,0.6187,140,100,108,14,4.7339,3.3798,2.2854736,0.08190955,4.14486,1.815822,0.13800141,2.847216,0.21202557086944607,0.44554054997861386,0.21694536209106374,0.11599158048629743,0.048696135729551254,0.08161194324493382
1789687805.241403,traffic cone,0.2744,154,62,131,52,5.4280,5.5087,3.6684656,0.20406082,3.9955149,3.7781627,0.13025217,4.0067987,0.764321053028107,0.3397239290177822,0.6773376584053041,0.49057763814926103,0.33986304551362995,0.39652786254882777
1789687805.289348,traffic cone,0.2567,262,129,225,122,3.1923,3.1946,1.1951311,0.06269279,2.9595044,1.1987337,0.06258124,2.9605408,0.14528112411499028,0.42323720157146455,0.09422574043273935,0.13923832774162292,0.42272417396306994,0.09473212957382193
1789687805.334680,cardboard box,0.1799,90,71,58,45,8.0979,8.1190,-4.156433,-0.031785652,6.949717,-4.1562586,-0.03275445,6.9743743,0.358304500579834,0.4561311602592468,0.6510252952575684,0.29727535247802717,0.2963595032691956,0.28555612564086896
1789687805.378717,traffic cone,0.1577,28,16,25,13,8.4546,8.4343,-5.086274,-0.026380703,6.7535205,-5.07272,0.11673088,6.737288,0.2801659107208252,0.3070397190749645,0.2257455587387085,0.28913364410400444,0.1542529433965683,0.18336820602416992
1789687805.447302,traffic cone,0.8291,127,60,54,6,5.4265,4.6302,3.4374237,0.13412535,4.1967344,2.8929358,0.24362627,3.6070275,0.3585030317306517,0.302759888023138,0.34741120338439924,0.14239048957824707,0.013032812625169754,0.0812910795211792
1789687805.493106,traffic cone,0.8212,199,61,101,53,3.8576,3.8496,1.0390811,0.11468138,3.713225,1.0291421,0.18160166,3.7050033,0.15170156955718994,0.36390021443367004,0.08613395690917969,0.1429090738296509,0.3205159664154053,0.0886365890502927
1789687805.540441,traffic cone,0.6214,137,98,74,59,4.7326,4.7351,2.2865007,0.08190304,4.1428328,2.2922328,0.17129625,4.1397843,0.20867614746093777,0.4452441345900297,0.217338275909424,0.1465925455093382,0.44544380009174345,0.16470475196838397
1789687805.587137,traffic cone,0.2736,153,60,135,53,5.4685,5.5104,3.7238536,0.16697621,4.0011587,3.7807508,0.12997432,4.006646,0.537703657150268,0.3397024169564247,0.4287183642387391,0.49951896667480433,0.33965016007423404,0.39279394149780256
1789687805.636218,traffic cone,0.2584,266,130,227,122,3.1919,3.1932,1.1949763,0.06270889,2.9590824,1.1983986,0.06262379,2.9590824,0.14634483456611647,0.4231433540582657,0.09261217117309561,0.14096549749374376,0.4225323796272278,0.09377107620239267
1789687805.680811,cardboard box,0.1842,89,74,57,43,8.1104,8.1161,-4.138295,-0.029835843,6.9751444,-4.148706,-0.032720447,6.9754972,0.327201867103577,0.4564017802476883,0.6695426225662224,0.2318902969360357,0.2963207423686981,0.2788265705108639
1789687805.724125,traffic cone,0.1561,27,15,25,13,8.4483,8.4321,-5.0768046,-0.026079103,6.7527366,-5.073027,0.11646123,6.7343473,0.28768062591552734,0.30682252943515775,0.24058966636657697,0.29369258880615234,0.15396139323711394,0.18728656768798846
1789687805.789878,traffic cone,0.8296,127,60,52,6,5.4264,4.6310,3.438922,0.13402584,4.195399,2.892579,0.24369486,3.6082463,0.3556790351867676,0.30276019498705864,0.3543272018432617,0.14184057712554932,0.01295493170619011,0.0806078314781189
1789687805.818302,traffic cone,0.8181,215,80,101,52,3.8529,3.8513,1.0318744,0.18399018,3.7075856,1.0317589,0.1814843,3.7060933,0.182290929555893,0.3699880290776491,0.10936405658721915,0.14390087425708775,0.32447179444134233,0.08393073081970215
1789687805.849526,traffic cone,0.6231,143,96,73,57,4.7331,4.7361,2.2862797,0.08169152,4.143488,2.291271,0.1707059,4.1414094,0.20552527904510498,0.4452937003225088,0.21218061447143555,0.143175983428955,0.44553655236959455,0.17270298004150408
1789687805.895179,traffic cone,0.2808,157,63,136,57,5.4163,5.5296,3.6522043,0.20447479,3.994417,3.806852,0.1295486,4.008494,0.7660283803939825,0.33962709009647374,0.684803533554077,0.5365638732910156,0.3562941238284111,0.625744485855102
1789687805.942585,traffic cone,0.2555,264,131,225,123,3.1923,3.1930,1.1973264,0.062809944,2.9585643,1.1983202,0.06261179,2.9588928,0.14462947845458984,0.4525708630681038,0.09841632843017578,0.14018738269805908,0.4228283613920212,0.09908828735351527
1789687805.990935,cardboard box,0.1783,90,73,58,44,8.1109,8.1161,-4.1508036,-0.03169392,6.9682803,-4.15172,-0.032731436,6.97375,0.35739107131958026,0.45586754083633424,0.6601280212402347,0.2880987167358402,0.2964359298348427,0.27514061927795375
1789687806.035352,traffic cone,0.1606,27,15,25,13,8.4455,8.4321,-5.082003,-0.026120469,6.745278,-5.064204,0.116585836,6.7409873,0.2808212280273441,0.3068649172782898,0.2318496227264406,0.2871963500976564,0.154136922955513,0.18322734832763654
1789687806.105566,traffic cone,0.8289,127,61,54,6,5.4305,4.6301,3.4424794,0.134248,4.1978564,2.8915195,0.24361923,3.6079319,0.3616206645965576,0.302461639046669,0.36190271377563477,0.14203977584838867,0.012990068644285202,0.0809699296951294
1789687806.150638,traffic cone,0.8149,197,61,101,54,3.8598,3.8512,1.037381,0.1142257,3.716022,1.0302374,0.18145628,3.7063656,0.15359824895858765,0.36382006853818893,0.09499120712280273,0.1414023548364639,0.3169175010174513,0.09513790607452366
1789687806.197943,traffic cone,0.6236,137,99,73,57,4.7320,4.7337,2.285385,0.08193113,4.142687,2.2877512,0.17104675,4.140661,0.2074066162109376,0.4456917203962803,0.22220492362976074,0.14084234237670934,0.44635975658893584,0.1736893653869629
1789687806.242358,traffic cone,0.2741,153,70,132,51,5.3955,5.5053,3.6252246,0.20485099,3.9908535,3.770513,0.13012521,4.009263,0.7867107510566709,0.3397295832633972,0.7804687380790711,0.5044622421264648,0.3397560194134712,0.4121391773223877
1789687806.285523,traffic cone,0.2556,272,131,231,123,3.1924,3.1950,1.1969104,0.06272243,2.9589052,1.2006402,0.062444985,2.960193,0.1451968550682068,0.45256949216127396,0.095794677734375,0.1399544835090638,0.42272729277610777,0.09692726135253915
1789687806.330653,cardboard box,0.1858,89,72,57,43,8.1069,8.1124,-4.1424527,-0.03154818,6.968585,-4.148053,-0.032856017,6.9716578,0.33641057014465314,0.45569720268249514,0.6631069183349609,0.23581376075744576,0.29645017385482786,0.27313642501831037
1789687806.376289,traffic cone,0.1634,28,16,25,13,8.4513,8.4330,-5.087012,-0.026438236,6.7487354,-5.062475,0.11655627,6.743399,0.280911922454834,0.30705899745225906,0.22981369495391846,0.2901398658752443,0.15437718927860258,0.18590545654296875
1789687806.428794,traffic cone,0.8285,127,60,52,6,5.4252,4.6259,3.4388843,0.13392283,4.1938715,2.888658,0.24326031,3.6049488,0.36210783720016515,0.3019898563623428,0.3607491970062249,0.14419156312942505,0.013313636183738708,0.08398830890655518
1789687806.470044,traffic cone,0.8176,195,61,104,54,3.8589,3.8532,1.0388342,0.114060044,3.714651,1.0294297,0.18139754,3.7086873,0.15340131521224976,0.36344120651483536,0.09465599060058594,0.1415572047233581,0.31655628345906733,0.09600832462310782
1789687806.515188,traffic cone,0.6235,138,98,76,59,4.7324,4.7352,2.284564,0.08146465,4.1436214,2.291419,0.1709001,4.1403537,0.20771448612213117,0.4453077048063278,0.22063901424407995,0.14256162643432635,0.44561159461736677,0.17226400375366158
1789687806.543942,traffic cone,0.2737,155,69,133,53,5.3903,5.5111,3.618291,0.20491636,3.990086,3.7801416,0.1296264,4.008178,0.7731264591217042,0.33982666730880734,0.7589185237884521,0.5084031581878659,0.3399148970842361,0.42516927719116193
1789687806.590084,traffic cone,0.2511,266,131,226,121,3.1907,3.1912,1.1975766,0.062687516,2.9568071,1.1980278,0.06265046,2.957122,0.14465290307998657,0.4525275230407715,0.09671008586883545,0.140358567237854,0.42276445031166077,0.10027742385864258
1789687806.636588,cardboard box,0.1852,89,69,58,44,8.1041,8.1186,-4.1519456,-0.031867445,6.9596243,-4.1513176,-0.032640785,6.976866,0.3585470199584968,0.45597543716430666,0.6474080085754386,0.28816707134246755,0.2965105414390564,0.2781480550765991
1789687806.682880,traffic cone,0.1660,27,15,25,13,8.4479,8.4374,-5.0830393,-0.026351139,6.74756,-5.0698256,0.11671406,6.74341,0.273142004013061,0.3069914162158966,0.23417596817016584,0.2804185867309572,0.1540657788515091,0.18665056228637678
1789687806.740449,traffic cone,0.8301,127,60,54,6,5.4279,4.6274,3.441044,0.13428746,4.195654,2.8896236,0.24339244,3.6061027,0.36254862546920785,0.30249064713716506,0.35679893493652415,0.14213275909423828,0.013004176318645477,0.08111029863357544
1789687806.780194,traffic cone,0.8202,194,62,102,54,3.8572,3.8525,1.03831,0.11372122,3.713066,1.0304443,0.18137442,3.7076743,0.15142115354537955,0.3604603957384825,0.09407455921173069,0.1406185001134872,0.31704575531184676,0.0958348989486697
1789687806.828430,traffic cone,0.6245,138,99,74,58,4.7334,4.7350,2.285667,0.08198848,4.144156,2.2887564,0.17129444,4.1415215,0.20328774452209464,0.44555983170866964,0.22069878578186053,0.14198688268661508,0.44578567110002043,0.17197113037109357
1789687806.873335,traffic cone,0.2740,152,55,129,49,5.4394,5.4999,3.6849236,0.20355102,3.9958339,3.7658343,0.20355102,4.003276,0.5148017406463619,0.3396483033895492,0.40022234916686994,0.500605392456055,0.3395964175462723,0.40148944854736346
1789687806.916918,traffic cone,0.2522,270,131,227,122,3.1907,3.1929,1.1969976,0.062647715,2.956993,1.1980209,0.062589265,2.9589963,0.14534807205200195,0.45269688218832016,0.0956047773361206,0.13975345492362967,0.4225777268409729,0.09812830686569196
1789687806.960859,cardboard box,0.1860,90,69,58,44,8.0958,8.1187,-4.153764,-0.031949475,6.948893,-4.1543803,-0.032861203,6.9751635,0.346244144439698,0.4550133883953094,0.6394234657287594,0.2746334314346317,0.2962441876530647,0.2933053970336914
1789687807.004941,traffic cone,0.1717,29,17,26,14,8.4539,8.4299,-5.0822525,-0.026529297,6.7555747,-5.063815,0.045283355,6.739355,0.280399894714356,0.3068502634763718,0.22538499832153303,0.28897194862365705,0.15419785305857658,0.20699739456176758
1789687807.073394,traffic cone,0.8320,126,60,53,5,5.4256,4.6455,3.4398236,0.13385041,4.1936216,2.9050887,0.24494287,3.6168318,0.36227849721908534,0.3016188479959965,0.3686788797378542,0.11430640220642108,0.01046227812767031,0.06519980430603045
1789687807.119896,traffic cone,0.8208,193,61,102,54,3.8583,3.8512,1.0374882,0.113827914,3.7144766,1.0308602,0.18140371,3.7062562,0.1552969217300415,0.3637860268354416,0.09202289581298828,0.1420842289924621,0.31695501506328577,0.0955116271972658
1789687807.167824,traffic cone,0.6242,137,97,73,56,4.7353,4.7344,2.2874322,0.081288576,4.145363,2.290321,0.17046697,4.139994,0.20793132781982404,0.4453860029578209,0.2191979408264162,0.1422063708305359,0.44588220678269863,0.17339086532592773
1789687807.212369,traffic cone,0.2693,153,71,132,51,5.3970,5.5040,3.6256719,0.20492738,3.9925714,3.7724059,0.13013953,4.00571,0.7976996898651123,0.38049082085490227,0.8819401264190674,0.5003772974014282,0.3395438566803932,0.4170420169830322
1789687807.244240,traffic cone,0.2477,269,129,229,120,3.1926,3.1940,1.1964555,0.06287846,2.9592807,1.1981659,0.06281626,2.960096,0.14656136035919198,0.4233113437891006,0.09178194999694833,0.1371828019618988,0.4229191243648529,0.09389077425003078
1789687807.288610,traffic cone,0.1848,26,14,24,12,8.4487,8.4395,-5.076875,-0.026341446,6.7531977,-5.069455,0.046195336,6.7471304,0.23663637638092094,0.3072420634329319,0.21162991523742747,0.2424779653549196,0.15438817143440248,0.15741474628448504
1789687807.334166,cardboard box,0.1755,89,69,63,50,8.1022,8.1117,-4.1552186,-0.031666234,6.9555387,-4.168902,-0.033384666,6.95831,0.3445413589477546,0.4559561848640442,0.6313708305358894,0.3018326759338379,0.2963331788778305,0.321498608589172
1789687807.391366,traffic cone,0.8313,126,60,52,5,5.4270,4.6430,3.4422638,0.1340863,4.1934547,2.9037664,0.24472187,3.6146724,0.36471370458602914,0.3016807958483696,0.3604324817657467,0.11444749832153311,0.010487365722656239,0.06544909477233896
1789687807.427347,traffic cone,0.8171,199,61,104,54,3.8590,3.8530,1.0376784,0.11410569,3.7151,1.0311161,0.1813627,3.708073,0.15439313650131226,0.3638014942407608,0.09658336639404297,0.14047051966190338,0.31710465289652345,0.09809775352478001
1789687807.475071,traffic cone,0.6229,137,98,73,56,4.7311,4.7300,2.2836504,0.08159265,4.1426063,2.285514,0.17085586,4.137627,0.2082587480545044,0.4453355703502893,0.22062966823577934,0.12948262691497803,0.44563995115458965,0.17719817161560059
1789687807.519776,traffic cone,0.2695,155,74,133,51,5.4069,5.5052,3.640729,0.20426437,3.9922605,3.7738552,0.13007216,4.00602,0.8666515827178953,0.42101933918893336,1.0144588947296138,0.5039949417114258,0.33980561047792435,0.41925954818725586
1789687807.562719,traffic cone,0.2463,270,130,227,121,3.1933,3.1944,1.1973763,0.0626984,2.9596798,1.1989249,0.06269379,2.960252,0.14621294140815722,0.4230045139789581,0.0934353590011594,0.13843953609466553,0.4227917641401291,0.09599804878234863
1789687807.606880,cardboard box,0.1846,90,69,58,44,8.0954,8.1173,-4.1562405,-0.032148883,6.9469213,-4.153356,-0.032950886,6.974142,0.3566210746765135,0.4549389868974686,0.6371106147766108,0.27341196537017876,0.29643103629350664,0.2958479404449461
1789687807.651939,traffic cone,0.1732,28,16,25,14,8.4494,8.4355,-5.076841,-0.026100285,6.7540984,-5.0673375,0.045465104,6.7437134,0.28240132331848145,0.30723438411951065,0.22671782970428467,0.28905806541442924,0.1543988011777401,0.2011256933212282
1789687807.719586,traffic cone,0.8302,127,60,54,6,5.4281,4.6315,3.4415793,0.13409486,4.1954947,2.8928146,0.2437413,3.6087291,0.3614542841911317,0.30297367051243784,0.35628798007965123,0.14473384618759155,0.013393677771091461,0.084705650806427
1789687807.766557,traffic cone,0.8174,212,80,98,53,3.8582,3.8543,1.0306876,0.1833096,3.7134159,1.0307261,0.18149126,3.7094414,0.18291327953338632,0.36973258592188357,0.11659942865371686,0.1420152187347412,0.3204340249300003,0.09409685134887713
1789687807.814711,traffic cone,0.6246,138,100,76,60,4.7320,4.7342,2.2866657,0.0822802,4.142029,2.2921295,0.17136343,4.1388264,0.207614314556122,0.4453846301883459,0.2181045770645147,0.14343624114990217,0.4457763664424419,0.16711540222167898
1789687807.861850,traffic cone,0.2701,153,67,130,51,5.3845,5.5026,3.6136303,0.20517948,3.9864848,3.7764473,0.1300005,4.0000525,0.7727128744125369,0.3396070674061775,0.7358509778976439,0.49947893619537354,0.339739553630352,0.400301456451416
1789687807.906635,traffic cone,0.2497,265,131,227,122,3.1924,3.1942,1.1969451,0.0627459,2.9588838,1.1987224,0.062552914,2.9601164,0.14586198329925537,0.4527481645345688,0.09804320335388184,0.14089292883872973,0.4228062078356743,0.10155217647552472
1789687807.940631,cardboard box,0.1854,89,70,57,43,8.1071,8.1199,-4.1512604,-0.031720176,6.963585,-4.1496286,-0.032788604,6.979471,0.3403932094573978,0.4558021515607834,0.663737726211548,0.23826131820678764,0.2964318633079529,0.2724757671356208
1789687807.983881,traffic cone,0.1708,27,15,24,13,8.4547,8.4369,-5.0839453,-0.026164219,6.7553215,-5.070166,0.116959214,6.7425246,0.27526373863220144,0.3070497989654541,0.2209748268127445,0.28237352371215785,0.1542412370443344,0.1789658546447752
1789687808.044906,traffic cone,0.8287,128,61,54,6,5.4301,4.6310,3.4433563,0.13401079,4.196593,2.8920755,0.24369903,3.6086583,0.35691356658935547,0.3025757819414139,0.3620262145996094,0.14198988676071167,0.012979850172996521,0.08086186647415161
1789687808.076899,traffic cone,0.8173,211,80,98,53,3.8573,3.8546,1.0327655,0.18309277,3.711982,1.0310147,0.18160936,3.7096667,0.17910695672035226,0.369421175122261,0.10810115337371862,0.14290853738784792,0.32057567238807677,0.0848550796508789
1789687808.122022,traffic cone,0.6229,136,98,73,58,4.7332,4.7350,2.286181,0.08196892,4.143628,2.2887492,0.17097616,4.1415806,0.20627679824829093,0.4454632230103016,0.2167447805404663,0.14210067987442,0.4456977382302284,0.17363593578338676
1789687808.165604,traffic cone,0.2781,157,72,135,53,5.3956,5.5091,3.6230156,0.2047067,3.9929955,3.7778366,0.12954754,4.007595,0.7832707524299618,0.33936080038547517,0.766774523258209,0.4960468292236331,0.33934801518917085,0.3955919265747072
1789687808.210768,traffic cone,0.2512,267,128,228,120,3.1927,3.1943,1.195436,0.06264533,2.959774,1.198313,0.062602036,2.9603012,0.14545559883117676,0.42343927621841426,0.09304380416870117,0.13768131136894213,0.4228339895606041,0.09892469644546509
1789687808.256130,cardboard box,0.1835,88,67,56,43,8.1027,8.1186,-4.1537976,-0.031770706,6.9568825,-4.1537976,-0.03272572,6.975471,0.34124808311462385,0.45538578033447263,0.6322941303253176,0.234495306015015,0.29633650183677673,0.2722595214843748
1789687808.301782,traffic cone,0.1546,27,15,24,13,8.4572,8.4423,-5.083432,-0.025925651,6.758889,-5.076869,0.11682859,6.744137,0.28640990257263166,0.30725533962249757,0.22840580940246635,0.29191627502441353,0.15431846976280214,0.1824926376342768
1789687808.370266,traffic cone,0.8275,125,60,53,5,5.4258,4.6448,3.44062,0.13402654,4.193256,2.9046624,0.2448762,3.616205,0.36223145723342887,0.30198299288749697,0.357602286338806,0.1156018733978268,0.010663324594497675,0.0670983314514162
1789687808.416596,traffic cone,0.8179,212,81,99,54,3.8540,3.8523,1.031278,0.18303731,3.7088947,1.0294194,0.18150204,3.7077868,0.1781390905380249,0.3664351999759674,0.12289547920227051,0.1413829833269118,0.31668326370418065,0.09363927841186515
1789687808.467304,traffic cone,0.6213,138,99,75,58,4.7332,4.7355,2.2842913,0.08222765,4.1446366,2.2896094,0.17070368,4.141653,0.20728642940521214,0.44583478569984436,0.217051553726197,0.1415633082389829,0.44602992944419384,0.17342693805694598
1789687808.512139,traffic cone,0.2837,158,72,134,55,5.3939,5.5292,3.6224904,0.20464405,3.99117,3.801923,0.12906763,4.012604,0.785918688774109,0.3399311490356922,0.7690553069114685,0.5199710369110111,0.36478754505515093,0.4906925678253171
1789687808.556662,traffic cone,0.2519,269,130,231,123,3.1914,3.1921,1.1964931,0.06274926,2.9579346,1.1981295,0.06269933,2.9580028,0.14604387283325204,0.42313572093844415,0.09463398456573469,0.14165033102035518,0.422734808921814,0.09539785385131827
1789687808.600212,cardboard box,0.1835,90,71,58,44,8.1100,8.1229,-4.1554,-0.031720325,6.9644604,-4.156033,-0.032675028,6.9791565,0.34044456481933594,0.45611344277858734,0.6588847637176514,0.2751392126083374,0.2963171675801277,0.29021844863891566
1789687808.631508,traffic cone,0.1529,28,16,25,14,8.4503,8.4349,-5.078143,-0.026276164,6.75422,-5.0671864,0.04533425,6.743058,0.28927600383758545,0.3070683106780052,0.22743380069732666,0.2950182199478144,0.15425528958439827,0.20836694240570086
1789687808.699877,traffic cone,0.8249,126,58,53,6,5.4251,4.6582,3.4396253,0.13391188,4.1932087,2.9179657,0.24601515,3.6226723,0.3657913684844969,0.3018125757575035,0.34906823635101336,0.14615988731384277,0.013523101806640625,0.08528858423233032
1789687808.740356,traffic cone,0.8169,214,80,104,54,3.8540,3.8528,1.0275661,0.18312883,3.709978,1.0275661,0.18131095,3.7087805,0.1768364369869233,0.36968658007681365,0.12126371860504115,0.1400495290756224,0.31681461893022056,0.09706995487213144
1789687808.776341,traffic cone,0.6213,138,99,76,59,4.7360,4.7347,2.2842817,0.08216925,4.147942,2.289353,0.17080604,4.1409545,0.20447037220001185,0.44543044492602346,0.2217909812927248,0.13827893733978236,0.44567126631736753,0.1684501647949217
1789687808.819528,traffic cone,0.2814,156,70,134,53,5.3865,5.5127,3.6143227,0.20507546,3.9886441,3.782603,0.2035241,4.0050163,0.7757952809333801,0.3395737282931805,0.7542623519897456,0.5085385322570799,0.3396128505468369,0.39912562370300275
1789687808.864317,traffic cone,0.2487,269,130,234,123,3.1935,3.1944,1.1961145,0.0627358,2.9603906,1.1983025,0.06269671,2.9605074,0.1453704714775086,0.4234112977981567,0.0944145202636717,0.1394214391708375,0.4227021813392639,0.09624598026275644
1789687808.909313,cardboard box,0.1774,89,70,57,43,8.1063,8.1154,-4.1528187,-0.031636603,6.961714,-4.152677,-0.032843724,6.972365,0.33604412078857404,0.45597546696662905,0.659752988815308,0.2368916511535648,0.2963504076004028,0.27093286514282244
1789687808.954080,traffic cone,0.1603,28,16,25,14,8.4437,8.4269,-5.07393,-0.026173443,6.74909,-5.063093,0.045457773,6.736107,0.28883111476898193,0.3069879561662674,0.22811639308929443,0.29484570026397705,0.15423506051301958,0.20414576530456507
1789687809.005517,traffic cone,0.8231,127,61,54,6,5.4296,4.6286,3.4402833,0.13425662,4.1984286,2.8904603,0.2434926,3.606914,0.35341620445251465,0.3029252886772156,0.3586702346801758,0.14532047510147095,0.013485673815011978,0.08559256792068481
1789687809.046718,traffic cone,0.8160,194,61,99,53,3.8572,3.8537,1.040738,0.114296004,3.7123773,1.0296154,0.18166895,3.7091367,0.15352648496627808,0.363693930208683,0.08562278747558594,0.1433826327323915,0.32059316635131835,0.09074440002441397
1789687809.095329,traffic cone,0.6248,137,96,75,59,4.7330,4.7352,2.2860963,0.0816333,4.1434593,2.2905679,0.17075716,4.140856,0.20606160163879395,0.4456447884440422,0.2105199098587036,0.1424250125885007,0.44583446308970454,0.16758499145507777
1789687809.144384,traffic cone,0.2835,155,66,135,53,5.3975,5.5130,3.6270895,0.20451504,3.991884,3.7812226,0.12980096,4.009812,0.763934850692749,0.33978893235325813,0.722028374671936,0.49881153106689435,0.33986219465732576,0.3994209766387944
1789687809.189464,traffic cone,0.2484,262,131,228,122,3.1916,3.1932,1.195207,0.06276624,2.9587207,1.1986225,0.06271589,2.9590857,0.14460569620132446,0.45287761837244034,0.10254800319671631,0.14073439836502066,0.4227195754647255,0.10385767221450815
1789687809.233972,cardboard box,0.1865,89,70,57,43,8.1073,8.1159,-4.1521144,-0.0317263,6.9632225,-4.151149,-0.032832175,6.9738398,0.33407788276672346,0.4557903081178665,0.6616425037384026,0.2364310264587406,0.2963309586048126,0.27252984046936035
1789687809.281745,traffic cone,0.1538,29,17,26,14,8.4598,8.4339,-5.0836115,-0.026492208,6.761964,-5.0636187,0.045461766,6.7445602,0.28065862655639595,0.30697716772556305,0.2250666618347168,0.28895981311798113,0.1543261967599392,0.2017089843749993
1789687809.328556,traffic cone,0.8231,127,60,54,6,5.4255,4.6346,3.4391155,0.13414866,4.194149,2.895678,0.24400541,3.6103938,0.35372366905212393,0.3024026706814766,0.3525913000106806,0.14157235622406006,0.012908916920423508,0.0801306962966919
1789687809.358643,traffic cone,0.8167,213,81,99,53,3.8567,3.8547,1.0318319,0.18372662,3.7115684,1.0301384,0.18172891,3.7100348,0.18320930004119873,0.36561544239521027,0.12085819244384766,0.14301748275756831,0.32063756287097933,0.08594951629638681
1789687809.405779,traffic cone,0.6238,137,98,75,59,4.7309,4.7324,2.286293,0.08198534,4.1409726,2.2904048,0.17169599,4.1376576,0.20672434568405107,0.4458020828664303,0.2123135805130012,0.1509037971496583,0.4459795795381069,0.17533206939697266
1789687809.452615,traffic cone,0.2816,153,60,131,52,5.4385,5.5074,3.680097,0.2038736,3.9990396,3.7752144,0.13009605,4.007792,0.7725990056991581,0.3397285208106041,0.6832029700279234,0.5001131057739254,0.3397229976952076,0.40354731082916295
1789687809.499278,traffic cone,0.2547,266,130,230,123,3.1929,3.1937,1.1958477,0.06280282,2.959786,1.1992522,0.062762484,2.9593627,0.14691825509071355,0.4230180487036705,0.09354875087738002,0.14181828498840332,0.4227146804332733,0.09620606899261475
1789687809.546942,cardboard box,0.1771,91,71,59,45,8.1031,8.1190,-4.1535096,-0.032084852,6.957524,-4.1535096,-0.03272447,6.9760165,0.3558084964752197,0.4550672471523285,0.6459085941314697,0.2968543052673347,0.2966204613447189,0.2945246696472168
1789687809.594998,traffic cone,0.1511,27,15,24,13,8.4546,8.4333,-5.084844,-0.026141807,6.7545376,-5.072578,0.11663295,6.736162,0.28453106880188006,0.3068856135010719,0.2435445785522461,0.2899986267089849,0.1539903521537781,0.18825826644897425
1789687809.657784,traffic cone,0.8243,126,59,52,5,5.4249,4.6481,3.4414864,0.13398255,4.191341,2.9065926,0.24516426,3.6188765,0.3579148292541503,0.30133135765790936,0.3552550315856928,0.11805839538574192,0.011024451255798345,0.0704166412353513
1789687809.722077,traffic cone,0.8161,211,80,101,53,3.8557,3.8531,1.0322963,0.18301305,3.710455,1.0318896,0.18142737,3.707892,0.17677734196186057,0.3697535276412963,0.11385006904602024,0.1414703369140624,0.3206754088401795,0.08972997665405291
1789687809.768953,traffic cone,0.6251,138,97,74,57,4.7371,4.7357,2.2868562,0.08179952,4.147703,2.2898347,0.17125271,4.141726,0.20877256393432608,0.44551421105861666,0.2128557205200199,0.1422633171081542,0.44597577750682826,0.16548566818237376
1789687809.815845,traffic cone,0.2848,155,66,136,53,5.3977,5.5126,3.628209,0.20456173,3.991157,3.7817192,0.12964799,4.0088754,0.7590557932853699,0.3395402692258358,0.7212485074996948,0.49582629203796413,0.33956009447574614,0.39765062332153267
1789687809.863016,traffic cone,0.2535,269,130,232,122,3.1929,3.1943,1.196285,0.06265137,2.9596872,1.1987815,0.06260218,2.9602127,0.14594104886054993,0.42331079542636874,0.09553701877594012,0.1388567328453063,0.42279933393001556,0.09935166835784903
1789687809.910285,cardboard box,0.1735,89,70,57,43,8.1099,8.1189,-4.151974,-0.031623475,6.966404,-4.1523743,-0.03276722,6.976666,0.33770515918731725,0.4561516582965851,0.6650079727172855,0.23666343688964808,0.2964633733034134,0.27098870277404785
1789687809.975269,traffic cone,0.8236,127,64,53,5,5.4404,4.6397,3.4466724,0.13430995,4.2071447,2.9014196,0.24443342,3.6123009,0.36022075414657584,0.30291263312101363,0.3851763963699337,0.1131980895996092,0.010303270816802962,0.06376285552978533
1789687810.010278,traffic cone,0.8183,213,80,100,53,3.8563,3.8511,1.0320375,0.1834235,3.7111382,1.0299437,0.18181594,3.7064137,0.1769926339387894,0.36919044405221935,0.11704996824264535,0.140561282634735,0.3204191952943802,0.08822383880615225
1789687810.048253,traffic cone,0.6237,137,97,73,57,4.7356,4.7384,2.2866137,0.08155851,4.1461673,2.2911456,0.17098661,4.1441684,0.20924072265624982,0.4452478259801864,0.21630592346191424,0.1459313392639161,0.44545578509569167,0.17387790679931658
1789687810.079345,traffic cone,0.2945,151,58,129,52,5.4965,5.5083,3.7629852,0.13060355,4.00425,3.7782497,0.13015303,4.0061207,0.5104948759078982,0.3398068696260452,0.402093768119812,0.4928030133247372,0.33969916552305224,0.39940938949585014
1789687810.124924,traffic cone,0.2563,268,129,230,122,3.1917,3.1926,1.1962373,0.06281629,2.9584312,1.1985766,0.062757686,2.95837,0.14625930786132812,0.4234663128852844,0.09338383674621564,0.13895597457885756,0.4230110600590706,0.09491161108016977
1789687810.169027,cardboard box,0.1802,91,71,59,45,8.1004,8.1171,-4.153175,-0.031967625,6.9545994,-4.152318,-0.032781035,6.974532,0.3624000549316406,0.45574697852134705,0.6506435871124268,0.28960704803466797,0.2964770168066025,0.2853005409240721
1789687810.237316,traffic cone,0.8219,125,58,52,5,5.4220,4.6412,3.4378695,0.13374025,4.1906476,2.9030204,0.24455746,3.6128983,0.36041326522827166,0.30159968733787534,0.3496382236480713,0.10922479629516602,0.00969704389572143,0.058072566986083984
1789687810.285694,traffic cone,0.8147,213,80,100,53,3.8556,3.8537,1.0319935,0.1835274,3.7103405,1.0306087,0.18146719,3.7089422,0.17903397977352142,0.36961089000105857,0.1137704849243164,0.14207578897476192,0.3205970525741577,0.09407262802124006
1789687810.333830,traffic cone,0.6194,138,99,76,59,4.7353,4.7353,2.2854156,0.08180158,4.1464596,2.2903538,0.17118676,4.1410127,0.20655312538146964,0.4456247568130493,0.22295093536376953,0.14474287033081046,0.44585363641381265,0.17757825851440412
1789687810.381238,traffic cone,0.2860,156,76,134,53,5.4303,5.5095,3.6709375,0.20468172,3.9962578,3.7793784,0.12935631,4.0067005,0.9056607484817505,0.42084380611777306,1.0312619805335999,0.5057312011718746,0.33958918452262876,0.42204775810241735
1789687810.428458,traffic cone,0.2544,268,131,227,123,3.1916,3.1947,1.1956728,0.062795565,2.958494,1.1997577,0.06259088,2.96025,0.14574766159057617,0.45268284529447556,0.09574806690216064,0.14112993478775016,0.422795844078064,0.09701769351959211
1789687810.477317,cardboard box,0.1902,90,70,58,44,8.0998,8.1150,-4.1536636,-0.031938687,6.9536066,-4.151132,-0.032896258,6.9727645,0.34041802883148264,0.4559083878993988,0.6431848526000978,0.2780640125274658,0.2962498486042023,0.29134817123413104
1789687810.530923,traffic cone,0.8219,126,58,53,5,5.4235,4.6390,3.4405558,0.13373306,4.1903663,2.9008741,0.24437848,3.6119225,0.3648547172546386,0.3021343216300011,0.35094940662384033,0.11860170364379874,0.011110019683837874,0.07123851776123047
1789687810.574838,traffic cone,0.8133,193,62,99,54,3.8615,3.8536,1.0379536,0.113563955,3.717665,1.0299385,0.18136744,3.7089942,0.15208308994770048,0.36011182032525535,0.09519858360290545,0.14055148661136618,0.31679075770080084,0.09680678844451895
1789687810.617131,traffic cone,0.6191,138,99,74,57,4.7329,4.7345,2.2857609,0.0818502,4.1435857,2.286711,0.17114031,4.1421456,0.21006851196289045,0.44537118896842,0.2240452766418457,0.1401207447052002,0.4456772059202194,0.1663857460021978
1789687810.661375,traffic cone,0.2874,154,72,133,54,5.3981,5.5168,3.6290393,0.20433687,3.990958,3.7873645,0.12971878,4.0091987,0.8072818994522093,0.3763459760695696,0.985593628883362,0.5353995084762571,0.3684000696986913,0.4976085424423209
1789687810.705007,traffic cone,0.2553,270,131,229,123,3.1919,3.1947,1.1975658,0.062794834,2.9581013,1.200724,0.062560365,2.9598596,0.14545154571533203,0.4527536928653717,0.09893429279327393,0.13930118083953857,0.423048323392868,0.10070078372955305
1789687810.744479,cardboard box,0.1865,87,65,56,42,8.1025,8.1214,-4.15567,-0.031649947,6.9556212,-4.146742,-0.032674074,6.982852,0.3400714874267585,0.4557893842458725,0.622151947021484,0.23205041885375977,0.2963410660624504,0.2704355001449583
1789687810.800620,traffic cone,0.8223,128,61,54,6,5.4321,4.6261,3.4449186,0.13408804,4.1979365,2.8900268,0.24326918,3.604083,0.3614048957824707,0.3029121607542038,0.35532093048095703,0.14197278022766113,0.012976840138435364,0.08081424236297607
1789687810.830628,traffic cone,0.8138,194,62,100,55,3.8588,3.8529,1.0382774,0.11385091,3.7147381,1.0296016,0.18145514,3.7083955,0.15425091981887817,0.36007480584084983,0.0910851478576662,0.14226437807083125,0.31321670338511465,0.09351782798767072
1789687810.877712,traffic cone,0.6182,137,99,74,58,4.7325,4.7359,2.28617,0.08164367,4.142892,2.2895036,0.17150585,4.142109,0.210233521461487,0.4453282997012138,0.21818003654480034,0.1457654595375062,0.44556709975004194,0.1750340461730957
1789687810.921071,traffic cone,0.2906,155,69,132,52,5.3868,5.5065,3.6174328,0.20513174,3.986178,3.7753065,0.12991467,4.0064898,0.7741870880126949,0.33969800472259526,0.7585605621337885,0.5052975535392763,0.3397968590259552,0.40976240634918204
1789687810.964133,traffic cone,0.2559,271,132,232,124,3.1923,3.1946,1.19609,0.06274117,2.9590936,1.1994727,0.06255752,2.9602306,0.14752907752990718,0.44961695671081475,0.09299747943878156,0.1416110932826995,0.4229113131761551,0.094686055183411
1789687811.007936,cardboard box,0.1823,89,72,57,43,8.1159,8.1244,-4.146914,-0.030012675,6.9763584,-4.1554346,-0.032698244,6.981158,0.3347701787948605,0.45631078630685806,0.6566443920135496,0.23401393890380806,0.2963363856077194,0.27914791107177717
1789687811.077417,traffic cone,0.8236,125,58,51,5,5.4242,4.6486,3.4407704,0.13384767,4.191022,2.9069738,0.24520904,3.619236,0.3590329766273497,0.30123285874724387,0.34830729961395246,0.1177330970764161,0.010977077484130876,0.0699817180633544
1789687811.124152,traffic cone,0.8143,193,61,100,54,3.8604,3.8568,1.0369883,0.11400917,3.7167547,1.0305297,0.1814088,3.7120955,0.15443110466003418,0.3643345609307289,0.08687019348144531,0.1420525759458542,0.31727531068027015,0.0919365644454957
1789687811.172000,traffic cone,0.6151,137,97,73,57,4.7317,4.7326,2.2849596,0.081299305,4.1426454,2.291703,0.17074665,4.137176,0.20700726509094247,0.44550820589065554,0.21521768569946342,0.14269628524780265,0.44577530473470683,0.17144603729248065
1789687811.218873,traffic cone,0.2934,154,70,132,52,5.3938,5.5082,3.6228087,0.20498212,3.9907525,3.7774205,0.12951784,4.006815,0.7863339066505435,0.3399505451321602,0.7821903824806213,0.5094165682792662,0.3399540066719055,0.426925277709961
1789687811.266092,traffic cone,0.2599,269,129,229,122,3.1933,3.1955,1.1960486,0.06266865,2.960227,1.199517,0.03268838,2.9616575,0.1442478895187378,0.4232631534337997,0.09258999824523917,0.13813559412956233,0.42277987152338026,0.09307740926742536
1789687811.313791,cardboard box,0.1798,89,66,58,44,8.0999,8.1165,-4.153013,-0.031944677,6.9540772,-4.1515555,-0.032806903,6.974349,0.3432450294494629,0.4543542191386223,0.6045807600021362,0.2704156160354616,0.29648730382323263,0.30028703212737984
1789687811.368925,traffic cone,0.8243,127,60,53,5,5.4274,4.6428,3.4403098,0.13417138,4.195567,2.9038253,0.24470139,3.6143448,0.3578817844390869,0.30119413882493973,0.3644008159637453,0.11641063690185538,0.010776174068450911,0.06809992790222186
1789687811.411058,traffic cone,0.8140,195,62,99,53,3.8579,3.8515,1.0400498,0.113791555,3.7132924,1.0295666,0.18168521,3.706926,0.15279915332794192,0.36029884964227676,0.0885167121887207,0.14156277179718013,0.32063487768173216,0.09117002487182635
1789687811.454357,traffic cone,0.6130,139,98,76,59,4.7347,4.7359,2.2858243,0.08177601,4.1455655,2.2900534,0.17110404,4.1418796,0.20769484043121356,0.4455175299197435,0.21652512550353986,0.14294044971466047,0.4457869105041027,0.16884160041809082
1789687811.485343,traffic cone,0.2944,156,62,135,54,5.4670,5.5141,3.7240517,0.16719599,3.9988892,3.7886136,0.12929422,4.0044026,0.754259467124939,0.3393741302192211,0.6581860065460199,0.48964083194732666,0.33939942345023155,0.39826939105987513
1789687811.530949,traffic cone,0.2590,266,130,227,122,3.1926,3.1942,1.1964505,0.06271884,2.9592562,1.1991575,0.06266034,2.9599352,0.14486691951751696,0.42350960299372675,0.09726676940917978,0.1394058406352996,0.42290597036480904,0.10053100585937491
1789687811.575277,cardboard box,0.1820,89,72,58,44,8.1058,8.1180,-4.147559,-0.03162378,6.9642525,-4.1511307,-0.032679543,6.9763093,0.35440731048583984,0.45594998449087143,0.6765876054763789,0.2904343605041504,0.2964223980903625,0.2866861820220947
1789687811.642923,traffic cone,0.8239,128,60,53,6,5.4273,4.6294,3.4401536,0.13425557,4.1955433,2.8914704,0.24355818,3.6071138,0.36366790533065796,0.30237680301070213,0.35124294757843,0.14478087425231934,0.01339845359325409,0.08474099636077881
1789687811.687526,traffic cone,0.8135,194,63,99,54,3.8579,3.8547,1.0396798,0.11370352,3.7134728,1.0303087,0.18138541,3.710064,0.1523237884044647,0.356179966032505,0.09232954978942853,0.14120036661624913,0.3165594197809696,0.09432821273803693
1789687811.735046,traffic cone,0.6097,138,100,76,60,4.7340,4.7376,2.2856822,0.08190562,4.144842,2.29151,0.17148048,4.1429996,0.2082025289535525,0.44547455869615077,0.21828541755676323,0.1433421134948727,0.4458840664476156,0.17333037853240985
1789687811.781887,traffic cone,0.2994,157,70,133,53,5.3873,5.5159,3.6143842,0.20482615,3.9896185,3.7829158,0.12971154,4.0122313,0.7753048181533813,0.3392901010811329,0.7426844358444211,0.5013814926147457,0.3395082652568817,0.41374263763427743
1789687811.829150,traffic cone,0.2623,268,131,228,122,3.1912,3.1939,1.1966808,0.06270248,2.9576364,1.1987329,0.0626589,2.959742,0.145463764667511,0.4528181850910187,0.09581053256988525,0.13894976973533635,0.42280434221029284,0.09813729524612436
1789687811.876622,cardboard box,0.1811,88,65,57,43,8.0986,8.1241,-4.158302,-0.03186807,6.949469,-4.153893,-0.03263393,6.9817877,0.3395091056823736,0.455140084028244,0.6142369270324703,0.23427853584289604,0.29624162018299105,0.27235879898071325
1789687811.930845,traffic cone,0.8224,126,64,53,5,5.4373,4.6438,3.4472594,0.13419141,4.202648,2.9037154,0.24479732,3.615773,0.3619139671325682,0.30274177044630046,0.38779945373535085,0.11509366035461444,0.010582965612411482,0.06634020805358887
1789687811.977332,traffic cone,0.8132,195,61,100,53,3.8576,3.8507,1.0381432,0.11365163,3.7135303,1.0296195,0.18166971,3.7059968,0.15142607688903809,0.3633418530225754,0.08434104919433594,0.14152166843414316,0.31993209123611455,0.08566913604736337
1789687812.024849,traffic cone,0.6080,137,97,72,56,4.7350,4.7358,2.2865179,0.08193493,4.145545,2.2903204,0.17045897,4.1416173,0.2073686122894287,0.44578339606523515,0.21816310882568413,0.1389264464378357,0.4463083054870367,0.17373371124267578
1789687812.072088,traffic cone,0.2928,157,78,135,63,5.4305,5.5696,3.6689205,0.20447975,3.998403,3.8131566,0.1295897,4.0574694,0.9017557144165043,0.4204925835132599,1.0213624000549317,0.6588598728179931,0.4212474748492241,0.683942127227783
1789687812.119285,traffic cone,0.2586,268,130,229,122,3.1926,3.1949,1.1968205,0.06278934,2.9591098,1.198158,0.062523335,2.961053,0.14578055739402762,0.4233634606003761,0.0936432719230651,0.13821029067039503,0.42285012155771257,0.09442309141159066
1789687812.164275,cardboard box,0.1798,89,70,57,43,8.1093,8.1182,-4.152418,-0.03155791,6.965397,-4.1518116,-0.032730117,6.976104,0.33869469165802,0.45608784109354017,0.6623557567596432,0.2339734077453608,0.29636409878730774,0.26593685150146484
1789687812.207513,traffic cone,0.8236,126,59,51,5,5.4274,4.6435,3.4391537,0.13400687,4.196587,2.9044292,0.2447583,3.6147125,0.3624694824218748,0.3016310930252075,0.3494786739349358,0.11540532112121582,0.010623067617416382,0.0666636943817136
1789687812.248659,traffic cone,0.8141,194,62,100,53,3.8603,3.8526,1.0394447,0.113954306,3.7160192,1.0294973,0.18137018,3.7080965,0.1501864910125732,0.3594149172306061,0.08871514797210711,0.14204216003417958,0.3201135605573654,0.08889322280883771
1789687812.292847,traffic cone,0.6088,138,99,76,59,4.7344,4.7358,2.2856362,0.08236028,4.145306,2.2919476,0.1707621,4.140748,0.20896835327148455,0.445259352773428,0.2181319713592531,0.14138636589050302,0.44564783051609996,0.16871113777160662
1789687812.340356,traffic cone,0.3015,156,77,133,53,5.4213,5.5131,3.6579003,0.20474847,3.9960551,3.7883503,0.13012652,4.003166,0.9049655914306642,0.4206883728504181,1.027996921539307,0.5097720146179197,0.3394340068101883,0.42490367889404324
1789687812.385094,traffic cone,0.2587,268,131,228,122,3.1916,3.1939,1.195823,0.06262134,2.9584956,1.1981151,0.06257822,2.9599562,0.14463502168655396,0.4529412314295769,0.09492862224578857,0.13903313279151908,0.42283203452825546,0.09811176061630267
1789687812.431115,cardboard box,0.1810,92,71,58,44,8.0986,8.1197,-4.154557,-0.031973034,6.9517226,-4.154065,-0.03280867,6.976594,0.37265610694885254,0.45510613918304443,0.6272549629211426,0.2733763933181761,0.29627282470464705,0.29171044826507586
1789687812.500008,traffic cone,0.8234,126,60,52,5,5.4265,4.6479,3.4382002,0.13390926,4.1962123,2.9070673,0.24514705,3.618295,0.36043859720230076,0.3016894213855266,0.3557767391204836,0.1132723808288576,0.010300809144973777,0.06366004943847647
1789687812.543383,traffic cone,0.8117,194,63,98,54,3.8611,3.8528,1.03927,0.11361539,3.7168567,1.0296048,0.18133096,3.708259,0.15092921257019043,0.3567813724279404,0.0856145858764652,0.1423478543758393,0.31706242859363554,0.08789978027343759
1789687812.590834,traffic cone,0.6079,138,99,77,60,4.7329,4.7349,2.2858236,0.08190447,4.14347,2.2916665,0.17153741,4.139795,0.20778000354766846,0.4457054875791073,0.22388181686401332,0.14436786174774152,0.44607988074421884,0.1746912479400633
1789687812.637537,traffic cone,0.2990,156,66,131,53,5.4072,5.5143,3.6409533,0.20440301,3.9924831,3.783949,0.12960204,4.009058,0.7679864168167114,0.33960043266415596,0.6946987509727478,0.49607682228088334,0.33969370424747464,0.3998973369598393
1789687812.685365,traffic cone,0.2596,262,129,224,121,3.1922,3.1968,1.1972052,0.0627687,2.95848,1.1982143,0.062694594,2.9631124,0.14633514881134024,0.4233463168144226,0.09303970336914036,0.13753032684326172,0.42286884784698486,0.09340667724609375
1789687812.733433,cardboard box,0.1799,91,67,59,45,8.0918,8.1218,-4.169466,-0.032088354,6.9348106,-4.157636,-0.03275989,6.9768534,0.3713951110839844,0.45467242002487185,0.6016199111938478,0.2928245544433592,0.2961513102054596,0.28247928619384766
1789687812.788280,traffic cone,0.8236,126,57,51,6,5.4231,4.6551,3.4375741,0.13370518,4.1922207,2.915196,0.24575345,3.6209793,0.3625395774841307,0.30140553116798396,0.33880548477172834,0.14585399627685547,0.013483680784702301,0.08497565984725952
1789687812.831163,traffic cone,0.8102,193,62,100,54,3.8583,3.8537,1.0369005,0.113999814,3.7146523,1.0292795,0.18129486,3.7092607,0.15251861810684197,0.359854332357645,0.0939823627471923,0.14150863885879517,0.31658991947770115,0.09860289096832275
1789687812.871989,traffic cone,0.6078,139,99,75,59,4.7348,4.7353,2.285563,0.08191039,4.145785,2.2889013,0.17105548,4.1418676,0.2050875425338745,0.44562170580029486,0.22252368927001953,0.14272539615631086,0.44578225165605545,0.17184700965881383
1789687812.903695,traffic cone,0.2870,158,62,137,57,5.4284,5.5292,3.665482,0.20398773,3.9987273,3.8044276,0.12935506,4.010125,0.7684175133705136,0.33953524231910703,0.6869691967964173,0.5326101303100588,0.3564872741699219,0.4776596069335932
1789687812.947481,traffic cone,0.2575,266,129,229,121,3.1922,3.1954,1.1955006,0.06276144,2.9592328,1.1983315,0.06274448,2.9615147,0.14600894451141344,0.4232150375843048,0.0953524112701416,0.13689887523651123,0.42277321219444275,0.09720444679260254
1789687812.992198,cardboard box,0.1728,91,73,58,44,8.1056,8.1171,-4.1526756,-0.03186153,6.961018,-4.1522837,-0.03288679,6.9746084,0.3590278625488281,0.45591195225715636,0.6547867774963381,0.2771572828292843,0.29625213146209717,0.29294738769531303
1789687813.061544,traffic cone,0.8211,128,60,54,6,5.4263,4.6309,3.4402418,0.13436745,4.19425,2.8921967,0.24368848,3.6084306,0.3644445776939391,0.3023963361978531,0.35537803173065186,0.1434692144393921,0.013203214854001999,0.08293920755386353
1789687813.095688,traffic cone,0.8100,196,62,100,54,3.8603,3.8554,1.0383339,0.113921285,3.71633,1.0293293,0.1815943,3.7110302,0.15040391981601708,0.3600310821086168,0.0881910085678097,0.14262942075729357,0.3167158219963312,0.08988847732543936
1789687813.136653,traffic cone,0.6071,137,98,75,59,4.7328,4.7367,2.285955,0.08180109,4.1432734,2.2918048,0.17046721,4.141859,0.2069891095161438,0.44533384777605534,0.21480967998504674,0.1439469099044799,0.4455688990652561,0.16522245407104474
1789687813.179601,traffic cone,0.2874,155,67,130,52,5.4000,5.5069,3.6298935,0.20456688,3.9927084,3.7753203,0.12999867,4.0069695,0.7738707304000858,0.3393167465925217,0.7194501638412474,0.4997639775276186,0.3393257096409798,0.39447612762451145
1789687813.224791,traffic cone,0.2561,269,131,229,122,3.1928,3.1950,1.1973884,0.062717155,2.9591238,1.1990011,0.062669456,2.9608746,0.14521199464797974,0.45283470302820206,0.09587550163269043,0.1384102165699006,0.4228875398635864,0.09678337574005091
1789687813.268799,cardboard box,0.1850,89,70,57,43,8.1049,8.1179,-4.1488953,-0.03164769,6.962359,-4.14788,-0.03280601,6.9780836,0.33641967773437464,0.455812406539917,0.6630059719085688,0.23609590530395508,0.29644347727298737,0.2806815147399906
1789687813.339853,traffic cone,0.8238,125,58,51,5,5.4217,4.6458,3.4388885,0.13392197,4.189393,2.9056733,0.24496573,3.6167378,0.36378457546234166,0.30194081589579586,0.35038881301879954,0.11790432929992667,0.011000478267669644,0.07018237113952663
1789687813.386906,traffic cone,0.8099,194,61,98,53,3.8569,3.8550,1.0373628,0.113732845,3.7130191,1.0291392,0.18144691,3.7106626,0.1523684859275818,0.36404091119766235,0.09044504165649414,0.1433105349540711,0.29156610667705535,0.0939894676208497
1789687813.434476,traffic cone,0.6090,138,98,75,59,4.7329,4.7363,2.2861671,0.08196074,4.143328,2.2927215,0.1710465,4.1408453,0.20495952367782566,0.44546279199421407,0.21918888092041033,0.14440433979034406,0.4456460177898407,0.16978664398193377
1789687813.481712,traffic cone,0.2842,157,71,130,51,5.3922,5.5074,3.618974,0.20500717,3.992069,3.7741272,0.1299927,4.0087805,0.7906725406646729,0.33950818330049515,0.7636951208114624,0.4993174076080322,0.3394163176417351,0.40213537216186523
1789687813.530012,traffic cone,0.2567,265,130,223,121,3.1917,3.1958,1.1957183,0.06276386,2.9586082,1.1976106,0.06250571,2.9622488,0.14460166692733756,0.4554674729704855,0.09682543277740452,0.13758575916290283,0.42278778553009033,0.0983881950378418
1789687813.570397,cardboard box,0.1854,90,69,58,44,8.1027,8.1187,-4.1564407,-0.031905472,6.9553356,-4.151496,-0.032767914,6.97693,0.35741519927978516,0.4562524497509003,0.6359552383422855,0.27625882625579834,0.29643274992704394,0.2920560836791992
1789687813.629470,traffic cone,0.8226,127,60,52,5,5.4234,4.6441,3.4404616,0.13393676,4.1902924,2.903984,0.24481665,3.6158495,0.3618738174438474,0.30150782391428943,0.3577501296997072,0.1150972843170166,0.010584491491317766,0.06635608673095739
1789687813.658799,traffic cone,0.8094,194,61,103,54,3.8585,3.8533,1.0365716,0.11404212,3.7148914,1.0307438,0.18147297,3.7084846,0.15248161554336548,0.3639462813735008,0.0861358642578125,0.1400119662284851,0.3168226037174463,0.0919459104537963
1789687813.707094,traffic cone,0.6085,137,97,72,56,4.7331,4.7359,2.2862005,0.08127992,4.143536,2.2900515,0.17092538,4.1418276,0.21024460792541522,0.4452280223369598,0.22131586074829102,0.1381433606147766,0.4456065818667412,0.1701270341873169
1789687813.751773,traffic cone,0.2845,161,79,136,63,5.4398,5.5619,3.6833236,0.20450424,3.9978538,3.8097591,0.12986942,4.050193,0.9451844215393064,0.4207942567765713,1.040653610229492,0.7034454107284542,0.42152137979865073,0.7011826992034917
1789687813.796678,traffic cone,0.2597,269,129,232,121,3.1929,3.1949,1.1966228,0.0627988,2.9595628,1.2001358,0.062663764,2.9602704,0.14581036567687988,0.4232324451208115,0.0940546989440918,0.1384831666946411,0.4228089302778244,0.09425783157348633
1789687813.842163,cardboard box,0.1964,76,58,56,43,8.0797,8.1188,-4.1451883,-0.0324876,6.935262,-4.151985,-0.032864466,6.9767027,0.31301929950714147,0.4248665802180767,0.48478245735168457,0.23402590751647967,0.29662531316280366,0.2727674007415768
1789687813.911108,traffic cone,0.8250,126,60,51,5,5.4249,4.6447,3.4382114,0.13384634,4.194131,2.904757,0.24486846,3.6160269,0.3619303584098814,0.3011402033269405,0.3593268871307371,0.11731319427490217,0.01091548800468442,0.06941556930541992
1789687813.957695,traffic cone,0.8081,194,62,97,53,3.8595,3.8529,1.038404,0.11359547,3.715448,1.0287576,0.18155253,3.7085671,0.1504333972930909,0.3600694790482521,0.08635890483856201,0.14202361106872552,0.29148689508438114,0.09132690429687518
1789687814.005149,traffic cone,0.6106,137,95,74,58,4.7321,4.7344,2.2867386,0.08113867,4.1421137,2.2889717,0.17082822,4.1407127,0.2077770233154297,0.4453551188111305,0.2109753608703615,0.14296936988830566,0.4455522485077381,0.17420587539672816
1789687814.053643,traffic cone,0.2905,158,76,131,54,5.4067,5.5196,3.6388876,0.20474401,3.9936607,3.7917676,0.12827091,4.008977,0.8937734961509705,0.4211579654365778,1.0201565623283386,0.5372333884239198,0.4219514980912209,0.6351011037826542
1789687814.099414,traffic cone,0.2597,270,129,230,121,3.1921,3.1946,1.1961541,0.062757015,2.9588373,1.1985409,0.06249933,2.9605873,0.14484612941741948,0.4231989771127701,0.09292893409728986,0.13939690589904785,0.42283861339092255,0.09426379203796387
1789687814.144380,cardboard box,0.2076,77,57,57,43,8.0798,8.1226,-4.137034,-0.03242095,6.940201,-4.1528015,-0.03256105,6.980676,0.30757217407226545,0.4250396728515625,0.48829326629638636,0.23996181488037127,0.2963773787021637,0.26740832328796404
1789687814.212530,traffic cone,0.8220,126,60,54,6,5.4271,4.6309,3.4411707,0.13406385,4.19443,2.891274,0.2436988,3.6092286,0.3593557119369506,0.30292242020368576,0.357952737808227,0.14394372701644897,0.013275191187858582,0.08363157510757446
1789687814.257082,traffic cone,0.8102,193,62,97,52,3.8613,3.8534,1.0403004,0.11375953,3.7167914,1.0313761,0.18180381,3.7083063,0.1516219258308411,0.3602304246276617,0.08586599826812735,0.14246780872344966,0.2914297826588154,0.08694834709167498
1789687814.286928,traffic cone,0.6076,137,98,73,56,4.7336,4.7328,2.286109,0.082142875,4.144099,2.2884786,0.17056508,4.139256,0.20823178291320765,0.4452335931360722,0.21618618965148872,0.14085769653320312,0.4454949963837862,0.17209863662719727
1789687814.316379,traffic cone,0.2865,160,73,135,59,5.3966,5.5400,3.6277058,0.2043449,3.9900978,3.803413,0.12916219,4.026041,0.7951274871826173,0.339860475063324,0.7812776088714601,0.6165688514709471,0.4217214725911618,0.666843748092651
1789687814.360727,traffic cone,0.2623,267,130,226,122,3.1931,3.1953,1.1973541,0.06287878,2.9594812,1.2000594,0.062640026,2.960742,0.145786851644516,0.4233581036329269,0.09621915817260751,0.13842469453811646,0.4229511320590973,0.09758558273315421
1789687814.405227,cardboard box,0.2172,74,56,57,44,8.0844,8.1239,-4.1467814,-0.03264609,6.9398046,-4.1467814,-0.03264609,6.9857693,0.3072350025177002,0.42367611080408096,0.49536919593811035,0.2382356405258177,0.29702228903770445,0.2799605846405031
1789687814.474258,traffic cone,0.8247,126,60,53,6,5.4287,4.6316,3.4407358,0.13425703,4.196948,2.8919744,0.24375433,3.6095,0.35981405973434466,0.30257359668612477,0.3498299360275272,0.1435222625732422,0.013212405145168304,0.08304339647293091
1789687814.522939,traffic cone,0.8107,196,62,99,52,3.8607,3.8545,1.0395622,0.11396305,3.7163672,1.0292726,0.18150839,3.7101307,0.14880695939064015,0.35963000953197477,0.08463065624237043,0.14343703687191,0.29128345549106593,0.08644106388092032
1789687814.571315,traffic cone,0.6099,137,98,75,60,4.7343,4.7373,2.2869182,0.08220442,4.144449,2.2921019,0.17151892,4.14231,0.20558005571365356,0.4452719703316688,0.21522884368896467,0.14478625059127825,0.44551736228168015,0.16910107135772634
1789687814.619773,traffic cone,0.2890,154,57,131,53,5.4889,5.5052,3.7622447,0.13059455,3.9945989,3.7859082,0.13000661,3.9945989,0.5159246921539302,0.339665824174881,0.4027502059936525,0.5002951145172121,0.3395948141813278,0.4021485328674319
1789687814.665728,traffic cone,0.2623,268,129,227,121,3.1909,3.1953,1.1960062,0.06278412,2.9576309,1.1997169,0.06261478,2.960878,0.14520812034606934,0.4235238045454025,0.09223294258117676,0.13821852207183838,0.4228351265192032,0.09426665306091309
1789687814.709766,cardboard box,0.2058,75,56,57,43,8.0826,8.1201,-4.1359572,-0.032482885,6.9441214,-4.152875,-0.032702535,6.9777665,0.3024144172668457,0.42475634440779686,0.48580217361450195,0.23844156265258842,0.2963563412427902,0.26398620605468803
1789687814.778184,traffic cone,0.8235,127,61,53,6,5.4281,4.6286,3.4415882,0.1341206,4.195503,2.890579,0.24349633,3.6068835,0.35579919815063477,0.30265697836875916,0.36313581466674805,0.14628523588180542,0.013624545186758041,0.08685213327407837
1789687814.825380,traffic cone,0.8108,195,61,98,52,3.8583,3.8516,1.0376216,0.114211485,3.7143548,1.0280557,0.18160512,3.7073812,0.15167486667633057,0.36361126601696014,0.08878183364868164,0.1433803826570511,0.2914518006145954,0.09236075878143302
1789687814.874099,traffic cone,0.6127,138,98,75,59,4.7319,4.7360,2.2870069,0.08183387,4.1417217,2.2916625,0.17141269,4.1411195,0.21086488962173444,0.4455246239900589,0.21208410263061506,0.14350974559783936,0.4456290483474732,0.1680091857910151
1789687814.921981,traffic cone,0.2786,154,59,127,50,5.4231,5.5028,3.6582036,0.20450033,3.9981997,3.7694213,0.1669017,4.0056143,0.7793447732925411,0.3392337575554848,0.6632105350494384,0.4991425752639773,0.33918607085943225,0.3982445716857912
1789687814.966362,traffic cone,0.2588,264,130,226,122,3.1929,3.1950,1.1977444,0.06279165,2.959049,1.199015,0.06273666,2.9608445,0.14523774981498727,0.42331080585718156,0.09136106967926061,0.13941709995269758,0.42290553003549575,0.09187052249908412
1789687814.997226,cardboard box,0.2045,77,61,58,44,8.0725,8.1159,-4.134701,-0.03262435,6.933191,-4.150132,-0.03289999,6.974467,0.30778932571411133,0.4251263290643692,0.5213055610656738,0.27141125202178973,0.2964065566658974,0.29296479225158656
1789687815.053036,traffic cone,0.8222,125,60,53,6,5.4281,4.6195,3.4397306,0.13388401,4.1969657,2.8832984,0.24271438,3.6010945,0.3602647423744205,0.3018580265343189,0.357794237136841,0.1414826512336731,0.012917939573526382,0.08040201663970947
1789687815.093805,traffic cone,0.8111,193,62,96,53,3.8605,3.8521,1.0374697,0.11387959,3.71671,1.029099,0.18159463,3.7076201,0.15343072116374967,0.36039435565471645,0.09574816226959193,0.14086182117462154,0.2916261851787567,0.1009836196899414
1789687815.137898,traffic cone,0.6075,139,97,75,59,4.7338,4.7379,2.2848935,0.08173324,4.145103,2.291655,0.17082445,4.1433434,0.2092298030853268,0.4456113040447235,0.21774578094482422,0.14581508636474583,0.44577285200357436,0.173457765579224
1789687815.183366,traffic cone,0.2819,157,70,134,58,5.3925,5.5364,3.6212997,0.20479017,3.990338,3.8037553,0.12972002,4.020755,0.7811129808425901,0.33965452089905734,0.7658222675323483,0.5875484585762023,0.4214538801461458,0.655551052093506
1789687815.229050,traffic cone,0.2645,266,129,226,121,3.1923,3.1953,1.1971825,0.06280051,2.9585996,1.2004364,0.06263669,2.960579,0.14394965171813978,0.4235093504190445,0.095306396484375,0.13660359382629395,0.4229898899793625,0.09627151489257812
1789687815.272489,cardboard box,0.2002,90,74,58,44,8.1129,8.1187,-4.144482,-0.031735845,6.974328,-4.1520095,-0.032834813,6.9765882,0.3435276508331295,0.4559245876967907,0.660414147377014,0.2730340480804436,0.29644581526517866,0.2953171014785765
1789687815.331293,traffic cone,0.8219,123,58,50,5,5.4254,4.6493,3.4380898,0.13414481,4.194795,2.907455,0.24527106,3.619755,0.36106402873992893,0.3016831576824188,0.35237939357757586,0.11602969169616717,0.01071962118148806,0.0675806999206543
1789687815.375543,traffic cone,0.8131,194,62,97,52,3.8602,3.8503,1.038175,0.11388004,3.7162476,1.028086,0.18172865,3.7060893,0.15050889849662774,0.36036034561693664,0.09513688087463379,0.1423325538635254,0.29174675345420836,0.09728176593780491
1789687815.421141,traffic cone,0.6060,138,98,76,59,4.7326,4.7364,2.2856169,0.08191894,4.1432867,2.292786,0.17057878,4.1409326,0.20605887174606297,0.4454238746315241,0.2149905920028683,0.14066116809844997,0.44558139964938165,0.16558623313903809
1789687815.466046,traffic cone,0.2736,158,70,135,55,5.3924,5.5262,3.6203234,0.20465857,3.9912117,3.8000052,0.1296952,4.0102186,0.7839211344718935,0.3395391076803207,0.744042193889618,0.5079942226409915,0.33969895392656324,0.41981077194213823
1789687815.510947,traffic cone,0.2607,268,131,230,122,3.1923,3.1959,1.1957353,0.06273964,2.9592507,1.199832,0.06265104,2.96145,0.14493292570114136,0.45264336466789246,0.09603822231292725,0.13828643560409537,0.42295396625995635,0.09814053773880005
1789687815.555179,cardboard box,0.1922,77,57,57,43,8.0800,8.1212,-4.137901,-0.032664225,6.940002,-4.1526346,-0.032684,6.979148,0.3086923599243159,0.42507822513580323,0.4889475822448732,0.2380063533782959,0.2963770478963852,0.2722789287567142
1789687815.623081,traffic cone,0.8209,128,61,53,6,5.4275,4.6270,3.441723,0.13414298,4.1945577,2.88958,0.24335158,3.6055608,0.36451292037963867,0.3031378984451294,0.35634469985961914,0.1383470892906189,0.012432489544153214,0.07577913999557495
1789687815.656528,traffic cone,0.8131,194,61,99,52,3.8597,3.8536,1.0377883,0.11409818,3.7157857,1.0288813,0.18164581,3.7093112,0.15457147359848022,0.36392588913440704,0.08656549453735352,0.1441016763448716,0.29145078286528586,0.09032423496246311
1789687815.691982,traffic cone,0.6066,137,97,74,58,4.7316,4.7346,2.285712,0.08144419,4.1420555,2.289711,0.17160228,4.1406,0.20900650024414036,0.44534614533185957,0.2154393196105957,0.14625135660171518,0.44610918238759045,0.18117349147796702
1789687815.723568,traffic cone,0.2710,156,71,131,53,5.3889,5.5164,3.6164243,0.20477326,3.990019,3.785747,0.12927361,4.0102487,0.7897746562957764,0.3394641950726509,0.7686877250671387,0.5127127170562744,0.33954690098762513,0.4272861957550047
1789687815.767977,traffic cone,0.2567,268,130,224,122,3.1923,3.1955,1.1975384,0.06281815,2.9585495,1.198523,0.06269075,2.961558,0.14554941654205322,0.4230817422270775,0.09610022306442279,0.13906960487365727,0.42282221764326094,0.09766815900802595
1789687815.813329,cardboard box,0.2000,91,75,59,45,8.1092,8.1151,-4.147974,-0.031657368,6.9679236,-4.15178,-0.032790378,6.9725785,0.354774141311645,0.4558330774307251,0.6616723537445068,0.29059705734252894,0.29646306335926054,0.2983609199523931
1789687815.882965,traffic cone,0.8248,128,59,53,6,5.4255,4.6299,3.440533,0.13400018,4.192985,2.8919156,0.24360323,3.607428,0.3595077514648439,0.3028158888220787,0.3498588562011715,0.14559262990951538,0.01351407915353775,0.08578228950500488
1789687815.914358,traffic cone,0.8140,193,61,99,53,3.8591,3.8561,1.0378458,0.11410871,3.7151866,1.0297914,0.18155533,3.7115726,0.15278762578964233,0.36393555253744125,0.0850834846496582,0.1430082201957703,0.2917167216539383,0.08892202377319336
1789687815.956520,traffic cone,0.6039,137,99,75,59,4.7335,4.7365,2.2867186,0.08168006,4.1437273,2.2918882,0.17140904,4.141509,0.20748825073242205,0.44546256214380264,0.22224287986755353,0.14719913005828866,0.4458995759487152,0.17020006179809588
1789687816.001368,traffic cone,0.2819,158,75,133,55,5.4069,5.5296,3.6355,0.2046735,3.9969783,3.801414,0.1297859,4.0136256,0.837138605117798,0.3642124176025391,1.0026563644409179,0.5183053731918332,0.3645603768527508,0.49011578559875435
1789687816.045860,traffic cone,0.2574,269,131,229,122,3.1912,3.1948,1.196837,0.062767774,2.9576304,1.1994057,0.06267505,2.9603977,0.14630436897277832,0.45278987288475037,0.09277582168579102,0.13963762521743783,0.4229703575372696,0.09566531181335414
1789687816.091039,cardboard box,0.1949,89,70,58,44,8.1064,8.1211,-4.1537127,-0.031725653,6.961294,-4.1537127,-0.0328615,6.978331,0.3369549036025994,0.4562458202242851,0.6555355548858648,0.2699709653854372,0.2964717969298363,0.29771802425384575
1789687816.159560,traffic cone,0.8259,128,60,53,6,5.4307,4.6330,3.443038,0.13422114,4.1976285,2.8935738,0.2438763,3.6100812,0.3592529296875,0.3026934318244457,0.3520876884460451,0.14224261045455933,0.013013157993555069,0.08114266395568848
1789687816.207362,traffic cone,0.8134,194,61,97,52,3.8580,3.8543,1.0376254,0.11391683,3.7140927,1.0287176,0.18170303,3.7100506,0.15198403596878052,0.3645888790488243,0.08790111541748047,0.14425407648086552,0.2921080537140369,0.08939156532287607
1789687816.254720,traffic cone,0.6074,137,99,77,61,4.7346,4.7390,2.286578,0.08215316,4.1450753,2.2921834,0.17106135,4.14428,0.21080591678619376,0.4450888641178608,0.2195746898651123,0.14979290962219238,0.44536956399679184,0.16458463668823242
1789687816.301722,traffic cone,0.2779,157,72,131,53,5.3965,5.5141,3.624792,0.2048985,3.9925857,3.7806778,0.12949245,4.011898,0.7951808214187626,0.33960393667221067,0.778086936473847,0.508619832992554,0.3396043092012405,0.4222523689270017
1789687816.350942,traffic cone,0.2572,264,130,227,122,3.1930,3.1950,1.1973398,0.06284801,2.9593832,1.1985878,0.06273344,2.960941,0.14557237625122066,0.42363992929458616,0.0941660165786744,0.13745882511138907,0.4227916970849037,0.0958976984024047
1789687816.392413,cardboard box,0.1910,87,67,56,43,8.0987,8.1202,-4.1535597,-0.031871468,6.952384,-4.149778,-0.03284952,6.9796267,0.3391275405883789,0.4560560718178749,0.6317005634307868,0.23260316848754936,0.2964846521615982,0.2786848545074463
1789687816.450611,traffic cone,0.8216,126,64,52,5,5.4377,4.6370,3.4458866,0.13399355,4.2043138,2.8992925,0.24420044,3.6105487,0.35678380727767944,0.3023886553943157,0.38610332012176496,0.11128888130187997,0.010012364387512213,0.06105046272277814
1789687816.496889,traffic cone,0.8130,194,62,97,52,3.8588,3.8527,1.0368125,0.11394812,3.7151282,1.0272927,0.18155627,3.708734,0.1491119027137755,0.36013378277420993,0.08743066787719744,0.14073098599910727,0.2916133441030979,0.09574759006500244
1789687816.544908,traffic cone,0.6051,138,98,76,59,4.7345,4.7348,2.2856712,0.08178942,4.145381,2.2877605,0.170771,4.1419144,0.2063326716423033,0.4453898195177317,0.21572163105011022,0.14141867160797084,0.4458777531981468,0.16862883567810005
1789687816.594097,traffic cone,0.2764,157,67,134,55,5.3983,5.5241,3.628247,0.20467424,3.9919765,3.7999744,0.13021898,4.0073457,0.769846725463867,0.33939761519432066,0.7187211036682131,0.5099606275558477,0.3395491108298302,0.40735239982604954
1789687816.639540,traffic cone,0.2564,268,131,230,122,3.1931,3.1951,1.1953634,0.062885016,2.9602036,1.1990857,0.06272611,2.9609518,0.14459514617919922,0.45296402275562286,0.09587264060974121,0.13796510696411124,0.4229982241988182,0.09924771785736075
1789687816.683852,cardboard box,0.1898,91,77,58,44,8.1028,8.1124,-4.137826,-0.03151624,6.966593,-4.1500983,-0.032875136,6.970364,0.35015945434570295,0.4565826177597046,0.6917621612548821,0.2780354261398319,0.29641182273626326,0.29171237945556605
1789687816.751925,traffic cone,0.8217,128,61,54,6,5.4270,4.6352,3.4421723,0.13409197,4.1935573,2.895111,0.24406818,3.6116748,0.3581516742706299,0.3026902824640274,0.3551344871520996,0.14463520050048828,0.013367153704166412,0.0843999981880188
1789687816.795344,traffic cone,0.8097,192,61,98,51,3.8591,3.8536,1.0408102,0.11450285,3.7143464,1.0296708,0.18195495,3.7089877,0.15634608268737793,0.3639868125319481,0.08542919158935547,0.14408326148986816,0.2914857044816017,0.08867383003234863
1789687816.839960,traffic cone,0.6011,144,99,74,58,4.7351,4.7374,2.286508,0.08209205,4.1456056,2.2907138,0.17072855,4.1432037,0.20927317142486546,0.4452763393521309,0.21581792831420898,0.1449334502220152,0.4456286374479532,0.16685774326324498
1789687816.888261,traffic cone,0.2710,156,73,131,51,5.4035,5.5080,3.6334333,0.20453793,3.9942207,3.775378,0.1301443,4.0084643,0.8231882095336918,0.3725671082735062,0.9931414127349854,0.4949716329574585,0.3398018553853035,0.39390015602111816
1789687816.937191,traffic cone,0.2558,268,131,229,123,3.1931,3.1953,1.1980121,0.06290069,2.9591582,1.198275,0.06279746,2.9613967,0.14696186780929565,0.42309781163930893,0.0949392318725586,0.13971440792083745,0.42288316041231155,0.09885501861572266
1789687816.981045,cardboard box,0.1875,91,74,58,44,8.1087,8.1170,-4.152363,-0.031735495,6.964767,-4.1523933,-0.032841727,6.9743443,0.353983998298645,0.45572042763233184,0.6600163936614987,0.2761277675628664,0.29627746939659116,0.29434270858764666
1789687817.038408,traffic cone,0.8230,127,60,54,6,5.4267,4.6326,3.4395928,0.13424323,4.1952977,2.8927875,0.24384196,3.6101604,0.36258114576339695,0.30301870927214625,0.35222234725952095,0.14247483015060425,0.0130489282310009,0.08149057626724243
1789687817.071962,traffic cone,0.8088,193,61,98,52,3.8596,3.8549,1.0362936,0.11392619,3.716112,1.0292473,0.18164851,3.7104888,0.15571945905685425,0.3637821599841118,0.0867772102355957,0.1436564177274703,0.2915182627737522,0.0897181987762452
1789687817.100260,traffic cone,0.6052,145,100,75,59,4.7336,4.7374,2.285947,0.081889,4.1442013,2.2934358,0.17153485,4.141695,0.20727845430374137,0.4453922126442194,0.21708061695098912,0.1410698652267457,0.4456890180706978,0.16717200279235822
1789687817.129401,traffic cone,0.2681,156,72,131,54,5.3958,5.5194,3.6230373,0.20466508,3.9932775,3.7906218,0.12930568,4.0097346,0.7966641902923586,0.33972031325101854,0.7757492780685422,0.5218222022056578,0.3686268966645002,0.5010925531387316
1789687817.177725,traffic cone,0.2539,267,130,227,122,3.1936,3.1961,1.197567,0.062848814,2.9599276,1.1992064,0.06272514,2.961897,0.14619457721710205,0.42322720736265185,0.09216039180755642,0.13956205248832698,0.42287684231996536,0.09305627346038792
1789687817.223108,cardboard box,0.1842,90,67,57,43,8.1073,8.1187,-4.1697674,-0.031898394,6.9527717,-4.1527133,-0.03273639,6.976231,0.37095766067504865,0.4552885740995407,0.6092433452606203,0.23549084663391096,0.29634169191122056,0.2778346061706545
1789687817.291342,traffic cone,0.8215,125,58,51,6,5.4249,4.6285,3.4398713,0.13382404,4.1927323,2.8894002,0.24349147,3.6076608,0.35933923721313477,0.3017668277025223,0.35039169788360525,0.14068740606307983,0.012794509530067444,0.07921671867370605
1789687817.340690,traffic cone,0.8107,194,61,95,51,3.8601,3.8520,1.0400954,0.11433852,3.7155342,1.0287148,0.18183154,3.707611,0.1517561674118042,0.36365900933742523,0.08378314971923828,0.14216279983520508,0.29144152998924255,0.08724641799926758
1789687817.386120,traffic cone,0.6056,145,98,76,59,4.7342,4.7383,2.2864676,0.08191198,4.144668,2.2926106,0.1709193,4.1432033,0.2062392234802246,0.4454372875392437,0.2114713907241823,0.14344687461853,0.4456104159355163,0.16517434120178276
1789687817.431179,traffic cone,0.2684,160,78,136,61,5.4339,5.5449,3.6735668,0.20458111,3.998793,3.8075612,0.12991905,4.0287805,0.8990825891494754,0.4205514132976532,1.0249684691429142,0.6240234375,0.421172097325325,0.6758365631103516
1789687817.476447,traffic cone,0.2543,267,130,229,122,3.1924,3.1955,1.1974692,0.06284394,2.9586396,1.1996167,0.06256415,2.9611118,0.14528903365135193,0.42349564731121064,0.09582574367523167,0.1374933540821075,0.4228274941444397,0.09654729366302517
1789687817.523630,cardboard box,0.1836,88,72,56,42,8.1144,8.1255,-4.1357875,-0.029866017,6.981214,-4.1440253,-0.032542594,6.989238,0.330715227127075,0.45574238449335097,0.6634419918060308,0.23087286949157715,0.2963401094079018,0.27496287822723353
1789687817.589850,traffic cone,0.8237,127,61,53,6,5.4297,4.6326,3.440853,0.13422592,4.198146,2.8927064,0.24384546,3.6102593,0.3635556697845459,0.30255019664764404,0.35942649841308594,0.14310240745544434,0.013150770217180252,0.08247518539428711
1789687817.621914,traffic cone,0.8130,192,61,96,53,3.8593,3.8522,1.0366573,0.11404489,3.7157085,1.0295578,0.18156414,3.70764,0.15344542264938354,0.36349059641361237,0.09076452255249023,0.14204310178756718,0.29114789366722105,0.09221658706665004
1789687817.664118,traffic cone,0.6098,138,99,75,59,4.7338,4.7358,2.2865074,0.08194779,4.144127,2.293154,0.17099817,4.140026,0.21159746646881095,0.44539707601070405,0.21286811828613228,0.13974161148071307,0.4458084166049957,0.16749191284179688
1789687817.707037,traffic cone,0.2859,155,75,130,50,5.4008,5.5046,3.6291378,0.20510404,3.9944942,3.7698314,0.16679338,4.0076203,0.9091818332672115,0.4208556048572063,1.0295887231826786,0.5048985481262207,0.3398742251098156,0.4146198272705077
1789687817.752138,traffic cone,0.2566,270,130,228,122,3.1930,3.1958,1.1977475,0.06285765,2.9591947,1.1990988,0.06270389,2.9616334,0.1456364393234253,0.42327865958213806,0.09594390392303476,0.13904762864112863,0.4230110630393028,0.0975916624069213
1789687817.792491,cardboard box,0.1936,88,65,57,43,8.1030,8.1197,-4.1572886,-0.032041132,6.9551334,-4.1503763,-0.03267087,6.9787197,0.34366607666015625,0.4554843485355377,0.6121212005615231,0.23675861358642614,0.2964594602584839,0.2697004318237308
1789687817.852056,traffic cone,0.8217,127,60,53,6,5.4294,4.6304,3.4432173,0.13395573,4.1957903,2.8908343,0.24365357,3.6089075,0.359494996070862,0.3026165135204792,0.35534744262695295,0.14882630109786987,0.014012351632118225,0.09050089120864868
1789687817.899009,traffic cone,0.8124,194,62,96,53,3.8604,3.8526,1.0388706,0.113954574,3.7162285,1.0292739,0.18198508,3.708121,0.1507069349288941,0.36007491797208785,0.08717148303985578,0.142399775981903,0.2914061963558197,0.09092473983764648
1789687817.946503,traffic cone,0.6117,137,98,75,60,4.7331,4.7377,2.2864566,0.08171058,4.143366,2.2931037,0.17129737,4.1422653,0.20983636379241943,0.44488928467035294,0.2205336809158327,0.1434228301048277,0.4457850947976112,0.17948453426361066
1789687817.995613,traffic cone,0.2779,158,76,133,58,5.4105,5.5393,3.6422932,0.20463997,3.9956644,3.807784,0.12925896,4.0209646,0.8747161030769348,0.42086050286889076,1.0156495571136475,0.6254812240600591,0.42143109031021597,0.6727981567382817
1789687818.040951,traffic cone,0.2551,270,130,229,122,3.1936,3.1962,1.1971538,0.06288916,2.9600415,1.1990225,0.062782235,2.9621134,0.145851480960846,0.4233681261539459,0.09323282241821307,0.14015875458717342,0.42302157282829284,0.09521226882934553
1789687818.085431,cardboard box,0.2014,89,71,57,43,8.1166,8.1238,-4.1513743,-0.031675935,6.9745197,-4.153444,-0.03267038,6.9817424,0.3375370502471924,0.4560839831829071,0.6554949283599854,0.23531708717346245,0.29670166969299316,0.27764577865600604
1789687818.153161,traffic cone,0.8235,126,60,53,6,5.4276,4.6254,3.4401412,0.1339968,4.195984,2.8874092,0.24322599,3.6053424,0.3572932362556456,0.30180307403206824,0.3556634187698364,0.14154893159866333,0.012921448796987534,0.08038854598999023
1789687818.200865,traffic cone,0.8143,194,62,94,52,3.8604,3.8541,1.0399947,0.11381763,3.7158966,1.0292537,0.18174414,3.7096457,0.14948554933071145,0.3604064233601093,0.0822664022445676,0.14317854940891261,0.2916881017386913,0.08261067867279026
1789687818.250069,traffic cone,0.6127,138,98,76,60,4.7348,4.7359,2.2862337,0.0818938,4.145485,2.292098,0.17142837,4.1407614,0.20591955184936506,0.4452803671360016,0.2187536001205448,0.14465659856796265,0.4459275353699923,0.17283620834350533
1789687818.297543,traffic cone,0.2799,158,72,135,53,5.3924,5.5154,3.6209285,0.20491375,3.9905474,3.791909,0.12969129,4.0030823,0.7853105187416078,0.3394989386200905,0.7669380307197571,0.4932293415069582,0.33937991559505465,0.40151700973510795
1789687818.344710,traffic cone,0.2554,264,128,223,119,3.1936,3.1950,1.1963478,0.0627252,2.9604192,1.1964998,0.06267582,2.9618092,0.1448993563652039,0.42338652312755587,0.09644663333892822,0.13677347898483294,0.42309445738792417,0.09908740520477322
1789687818.393942,cardboard box,0.2045,89,70,57,43,8.1078,8.1186,-4.152403,-0.031547137,6.9636755,-4.1518826,-0.03270985,6.97662,0.3357195615768438,0.45573667287826536,0.6615061283111574,0.23679728507995534,0.29635601341724394,0.2770805835723875
1789687818.455929,traffic cone,0.8228,127,61,54,6,5.4316,4.6361,3.4404652,0.13411026,4.2009144,2.895513,0.24414493,3.612463,0.3572261333465576,0.30297689139842987,0.3601360321044922,0.14420121908187866,0.01330723986029625,0.0838707685470581
1789687818.482930,traffic cone,0.8178,193,61,98,51,3.8588,3.8520,1.0407408,0.114363804,3.7140415,1.0288739,0.18169476,3.7075827,0.15001755952835083,0.36386968195438385,0.08458089828491211,0.1443612277507782,0.29155509173870087,0.08724403381347656
1789687818.514004,traffic cone,0.6079,137,97,75,59,4.7330,4.7343,2.2869682,0.08184786,4.1429863,2.2916627,0.17106418,4.1391296,0.2102594852447508,0.44521642625331875,0.21461009979248047,0.14729194641113263,0.4454926624894142,0.1626193046569826
1789687818.549859,traffic cone,0.2754,156,77,135,52,5.4249,5.5054,3.6600246,0.20499213,3.998986,3.7767973,0.16691858,4.002161,0.9139703750610355,0.420842544734478,1.0271093368530275,0.4999639153480526,0.3396126411855221,0.39977357387542733
1789687818.588750,traffic cone,0.2515,270,131,231,121,3.1955,3.1957,1.1982188,0.06282461,2.9616559,1.1982517,0.06282461,2.9618366,0.14613521099090576,0.4236260801553726,0.09604072570800781,0.1378004550933838,0.4229082316160202,0.09786820411682129
1789687818.631963,cardboard box,0.2028,90,71,58,44,8.1028,8.1178,-4.153207,-0.031683415,6.9573812,-4.1528263,-0.03280519,6.975123,0.3413856029510498,0.45597608387470245,0.6573367118835449,0.2706528902053833,0.29651274532079697,0.29863762855529785
1789687818.706252,traffic cone,0.8223,126,58,53,7,5.4275,4.6428,3.438964,0.13419183,4.1968784,2.902026,0.24470943,3.6157463,0.3620683550834656,0.3019645601511002,0.34976010322570783,0.1741664171218873,0.01610572636127469,0.10169177055358869
1789687818.749376,traffic cone,0.8158,195,62,99,52,3.8583,3.8522,1.038574,0.11390489,3.714112,1.0283121,0.18176515,3.7079523,0.1517794400453566,0.36018774360418315,0.0889493942260744,0.14117867648601534,0.2914222247898579,0.0960016727447508
1789687818.794123,traffic cone,0.6062,138,98,77,60,4.7352,4.7378,2.285346,0.082176924,4.1463795,2.2883928,0.17082469,4.145012,0.20972545146942112,0.4455265626311302,0.21682648658752424,0.14326584339141846,0.44599458016455173,0.16649961471557617
1789687818.838992,traffic cone,0.2713,159,73,138,62,5.3984,5.5412,3.627914,0.20455393,3.9924116,3.8112257,0.12917632,4.020344,0.7937433719635005,0.33927263915538786,0.7793584823608395,0.610313820838928,0.42117865309119223,0.6631286621093748
1789687818.884192,traffic cone,0.2535,271,130,232,121,3.1936,3.1972,1.1968681,0.06280196,2.9601388,1.1985383,0.06281307,2.9633355,0.14528216719627385,0.4234911873936653,0.09223458766937265,0.13619685173034668,0.4231084883213043,0.0927579402923584
1789687818.928195,cardboard box,0.2018,88,65,56,43,8.0983,8.1211,-4.157266,-0.03192076,6.9497323,-4.1560073,-0.032715768,6.9770007,0.3581499099731449,0.45484885573387146,0.6010556221008301,0.2363945960998537,0.2965479612350464,0.2728910446166992
1789687818.995795,traffic cone,0.8219,128,61,53,6,5.4317,4.6307,3.4420767,0.13410874,4.1997137,2.891543,0.24367303,3.608681,0.3615732192993164,0.30250900983810425,0.36359262466430664,0.1437535285949707,0.013244714587926865,0.08333081007003784
1789687819.026518,traffic cone,0.8165,193,62,95,53,3.8607,3.8546,1.0378908,0.113808975,3.7168813,1.0278958,0.18163382,3.7105942,0.15563050508499132,0.36042496562004084,0.0876499652862548,0.14277850389480595,0.2916516363620758,0.08947496414184597
1789687819.069489,traffic cone,0.6086,138,100,75,59,4.7351,4.7369,2.2861764,0.082215205,4.145808,2.2918954,0.17128594,4.1420074,0.21143240928649876,0.44584853462874885,0.2159224033355711,0.14079370498657218,0.4460662201046943,0.16456894874572736
1789687819.114905,traffic cone,0.2807,156,75,131,51,5.3989,5.5058,3.6267066,0.20456971,3.9941463,3.772778,0.13027324,4.0078106,0.8759962558746337,0.4210493691265583,1.0169830083847047,0.49819421768188477,0.34001336246728897,0.41339588165283203
1789687819.159706,traffic cone,0.2549,266,130,230,119,3.1937,3.1964,1.1972696,0.06282417,2.9601364,1.1974461,0.06279108,2.9630146,0.1452116608619689,0.4235229820013046,0.09208512306213379,0.1326998472213745,0.423199275135994,0.09461622238159162
1789687819.199848,cardboard box,0.2038,88,70,57,43,8.1108,8.1146,-4.14919,-0.031654432,6.9690523,-4.149882,-0.03276284,6.973075,0.33584175109863246,0.45588366985321044,0.6622593641281123,0.23442568778991646,0.29656660854816436,0.2777212142944334
1789687819.258790,traffic cone,0.8224,128,59,53,6,5.4276,4.6339,3.4408593,0.1338631,4.195347,2.8938882,0.24395439,3.6109462,0.36054086685180664,0.3032766878604889,0.3492084026336668,0.14318788051605225,0.0131504125893116,0.0823984146118164
1789687819.306622,traffic cone,0.8164,195,61,100,52,3.8594,3.8535,1.0378772,0.114258334,3.7155063,1.0286219,0.18181099,3.7092168,0.15253233909606934,0.36416611820459366,0.09456253051757812,0.14275412857532488,0.29179155528545375,0.0968604326248168
1789687819.354562,traffic cone,0.6037,137,100,75,60,4.7337,4.7368,2.286254,0.08204053,4.1441765,2.2910213,0.17137492,4.1423473,0.20480871200561523,0.4454138025641441,0.21830298900604284,0.1443536162376402,0.4459536083042621,0.17053091526031494
1789687819.398950,traffic cone,0.2732,153,60,129,52,5.4359,5.5067,3.6776958,0.20394269,3.9977932,3.7774272,0.16707557,4.003312,0.7807261943817139,0.33960856422781943,0.6631605982780453,0.49502062797546387,0.33951514139771466,0.39424347877502486
1789687819.444726,traffic cone,0.2536,267,131,228,120,3.1923,3.1945,1.1972507,0.062917665,2.9586372,1.1979122,0.06288885,2.9607716,0.14483296871185303,0.4526911750435829,0.09417462348937988,0.1374337255954743,0.42293986678123474,0.09636416435241735
1789687819.488727,cardboard box,0.1944,93,70,58,45,8.0874,8.1241,-4.1654067,-0.03188218,6.932166,-4.153883,-0.03275034,6.981722,0.3914633750915524,0.454603311419487,0.5951817989349362,0.27583589553833043,0.2964239180088043,0.29611930847167933
1789687819.556806,traffic cone,0.8215,127,61,53,6,5.4279,4.6286,3.4408457,0.13388671,4.1957498,2.888926,0.24350509,3.6081905,0.36049842834472656,0.3014935404062271,0.36252832412719727,0.14547210931777954,0.013520274311304092,0.08600515127182007
1789687819.603078,traffic cone,0.8166,192,62,96,53,3.8606,3.8524,1.0378704,0.113721654,3.7167222,1.0303715,0.18166907,3.7075722,0.14994925856590258,0.36001284159719943,0.08558318614959726,0.14066979885101327,0.2913366079330444,0.08995532989501953
1789687819.651986,traffic cone,0.6028,138,97,74,58,4.7347,4.7371,2.2868247,0.08145462,4.1450043,2.2904406,0.17154126,4.1430674,0.20937433242797843,0.44536432921886443,0.21572046279907298,0.1450643539428711,0.4455905716866255,0.16628227233886772
1789687819.697755,traffic cone,0.2737,159,79,135,64,5.4426,5.5710,3.6876864,0.20459147,3.9976852,3.8135247,0.12930514,4.059169,0.9422079086303712,0.4208250425755977,1.0409793138504027,0.6950036883354191,0.42124190814793105,0.7002232551574705
1789687819.742351,traffic cone,0.2520,268,130,231,121,3.1928,3.1941,1.196346,0.062820755,2.9595535,1.1974863,0.06279394,2.96043,0.14517118334770207,0.423277473449707,0.09713859558105487,0.1382761001586914,0.4229440838098526,0.09994053840637207
1789687819.786642,cardboard box,0.2046,90,72,57,44,8.1087,8.1232,-4.151066,-0.031692013,6.9655256,-4.146009,-0.032623753,6.9854574,0.3620592594146723,0.4560381054878235,0.6577676057815554,0.2419569492340088,0.29643530398607254,0.27362401485443044
1789687819.852527,traffic cone,0.8233,128,61,53,6,5.4292,4.6325,3.4384255,0.1339444,4.1994066,2.8932862,0.24383298,3.6096706,0.3555479049682617,0.30248475074768066,0.3608269691467285,0.1440463662147522,0.013282272964715958,0.08363360166549683
1789687819.880121,traffic cone,0.8156,193,62,95,52,3.8617,3.8532,1.038163,0.11385077,3.7178438,1.028539,0.18185344,3.7088966,0.1519095689058303,0.35998923666775223,0.08855743408203143,0.14369989335536948,0.2911825232207775,0.0899638175964359
1789687819.911483,traffic cone,0.6026,137,99,74,59,4.7343,4.7358,2.2867424,0.08208512,4.1445956,2.291236,0.17084213,4.141148,0.20708532333373997,0.44518267810344697,0.22190022468566895,0.14628250598907488,0.44531905055046084,0.1735345363616947
1789687819.958239,traffic cone,0.2811,158,72,132,59,5.3946,5.5410,3.6239572,0.20487598,3.9907937,3.8033142,0.12924896,4.0275273,0.7877401947975153,0.3397189565002918,0.7707036733627319,0.6127550601959229,0.42166843861341474,0.6682227611541744
1789687820.003092,traffic cone,0.2519,269,130,233,121,3.1937,3.1948,1.1967542,0.06285876,2.9602757,1.1982191,0.06279786,2.960918,0.14693639874458309,0.42324855029582975,0.09433069229125968,0.13787412643432617,0.4230059087276459,0.09523320198059082
1789687820.049983,cardboard box,0.1966,92,68,58,44,8.0896,8.1164,-4.1690865,-0.032040246,6.9324265,-4.1502495,-0.032617383,6.9750137,0.38372704982757533,0.4546618342399597,0.5978316307067875,0.29051403999328596,0.29637202322483064,0.2793862581253057
1789687820.113380,traffic cone,0.8214,126,60,54,6,5.4260,4.6257,3.4401884,0.13407001,4.19394,2.887357,0.24324808,3.6056921,0.36236467361450186,0.30141200944781305,0.36046841144561803,0.14293867349624634,0.013133015483617783,0.08237278461456299
1789687820.142551,traffic cone,0.8171,193,61,97,52,3.8613,3.8547,1.0397663,0.11448805,3.7169127,1.0316403,0.18185878,3.7096026,0.15656650066375732,0.36460085958242416,0.08429241180419922,0.1417674452066422,0.2921337865293026,0.0879479408264161
1789687820.189723,traffic cone,0.6035,139,100,74,58,4.7367,4.7357,2.2864213,0.08212274,4.1475163,2.2897177,0.17139798,4.1418104,0.21164844036102304,0.44583361186087134,0.21651225090026838,0.1385172963142396,0.44603637494146825,0.16950688362121547
1789687820.234868,traffic cone,0.2742,157,70,133,56,5.3937,5.5258,3.6195192,0.20493837,3.9936044,3.8032522,0.12887114,4.0066853,0.7796820282936094,0.3397215835750103,0.7522834539413457,0.5188320875167847,0.36039258539676666,0.4802793264389038
1789687820.279768,traffic cone,0.2512,268,131,231,121,3.1946,3.1951,1.1966969,0.06272584,2.9613113,1.1971588,0.06272584,2.961656,0.145374596118927,0.4234818071126938,0.09903669357299805,0.1361311674118042,0.42299990355968475,0.09960603713989258
1789687820.323885,cardboard box,0.1960,90,71,57,43,8.1060,8.1200,-4.154249,-0.031825423,6.9604464,-4.150481,-0.03274794,6.978992,0.35619640350341797,0.45614130795001984,0.6572873592376709,0.23879690170288104,0.29652450084686277,0.27383761405944806
1789687820.391877,traffic cone,0.8240,127,60,53,6,5.4297,4.6290,3.4418612,0.1339652,4.1973505,2.8903685,0.24353293,3.6075435,0.3591872453689575,0.3027796685695648,0.34935846328735387,0.1422581672668457,0.013028707355260849,0.08136892318725586
1789687820.425568,traffic cone,0.8167,193,62,97,52,3.8596,3.8537,1.038084,0.11391094,3.7155824,1.0281825,0.18169731,3.7096038,0.15180603861808772,0.36024283468723295,0.09138414859771737,0.14182524681091302,0.29156833067536353,0.09652774333953884
1789687820.477782,traffic cone,0.6066,138,99,74,59,4.7335,4.7367,2.286879,0.081880376,4.143631,2.2916474,0.17189054,4.1419067,0.2108804941177369,0.4455049827694893,0.21616234779357946,0.14353780746459943,0.4460241571068764,0.17147688865661603
1789687820.529630,traffic cone,0.2696,152,57,130,52,5.4961,5.5098,3.760099,0.13090734,4.006411,3.7770529,0.16681899,4.0079546,0.5127713680267334,0.339887410402298,0.3999799728393558,0.4961459517478941,0.33975473791360855,0.3992485523223879
1789687820.574607,traffic cone,0.2523,272,132,228,122,3.1941,3.1962,1.1970261,0.06282135,2.9606466,1.1989058,0.062817805,2.9621425,0.14569828510284433,0.4502251528203481,0.09671076536178624,0.1352535963058472,0.42316774278879166,0.09705682992935216
1789687820.605071,cardboard box,0.2029,89,70,57,44,8.1015,8.1235,-4.153289,-0.031855144,6.955785,-4.153289,-0.032908283,6.98143,0.3478309869766232,0.45595946311950686,0.6399001359939582,0.2794791221618649,0.29642171412706375,0.2909016132354738
1789687820.657939,traffic cone,0.8232,126,58,53,6,5.4205,4.6310,3.437974,0.1337292,4.188632,2.8913815,0.24370198,3.609188,0.35766470432281494,0.30320155546069144,0.34536554813384956,0.14189636707305908,0.012965761125087738,0.08074551820755005
1789687820.699792,traffic cone,0.8170,195,62,96,52,3.8616,3.8537,1.0402555,0.11401491,3.717065,1.030613,0.18173966,3.7088985,0.15298216938972464,0.36013574749231336,0.08618192672729474,0.14169674515724173,0.2916679970920086,0.09221935272216797
1789687820.730913,traffic cone,0.6035,139,100,75,59,4.7345,4.7373,2.2856932,0.082511604,4.1453495,2.2905612,0.17189252,4.1432185,0.20739731788635263,0.44562230817973614,0.21598751544952322,0.14383027553558314,0.4460114225745201,0.17353091239929164
1789687820.773991,traffic cone,0.2760,158,63,133,54,5.4492,5.5160,3.6926718,0.20381224,4.002104,3.7877102,0.12946232,4.007827,0.7624804496765138,0.33966332077980044,0.6747587442398073,0.48899805545806885,0.33972467258572575,0.39266436100006086
1789687820.818675,traffic cone,0.2522,269,129,229,120,3.1926,3.1948,1.1949908,0.0628953,2.959832,1.1984705,0.06288021,2.960784,0.1449194431304932,0.42348003685474395,0.09023056030273446,0.137916123867035,0.42293286621570586,0.0943899154663086
1789687820.863448,cardboard box,0.1923,88,67,57,44,8.0997,8.1174,-4.1547127,-0.031899393,6.9528704,-4.151816,-0.032690316,6.9752407,0.35955557823181117,0.4554984301328659,0.6243571758270257,0.28710048198699933,0.29621594250202177,0.28049268722534215
1789687820.931741,traffic cone,0.8224,126,59,52,6,5.4278,4.6259,3.4409919,0.13424477,4.1955776,2.888079,0.24326634,3.6054368,0.36474685668945295,0.3016597405076027,0.3599361419677738,0.1438419222831726,0.013260751962661743,0.08350926637649536
1789687820.963483,traffic cone,0.8141,195,62,98,53,3.8607,3.8561,1.0389806,0.11415206,3.7165678,1.0293745,0.18177474,3.71173,0.15505698323249817,0.3604603443294763,0.09321181774139431,0.14261524677276616,0.29183716475963595,0.0972607612609866
1789687821.004654,traffic cone,0.6067,140,98,75,58,4.7348,4.7340,2.2868452,0.082284525,4.145097,2.2912292,0.17087382,4.139061,0.2107710003852845,0.44539188630878923,0.21155948638916033,0.14115049839019767,0.4456111792474985,0.16399495601654124
1789687821.049712,traffic cone,0.2780,159,73,135,64,5.4036,5.5574,3.6331754,0.20489863,3.9945788,3.8129523,0.12945697,4.041022,0.7947515010833741,0.3397202700376511,0.7761588096618648,0.6562296032905581,0.4211948845535517,0.6804014921188357
1789687821.094298,traffic cone,0.2481,268,130,229,123,3.1950,3.1967,1.197185,0.06285265,2.9615242,1.2001686,0.06278856,2.9622247,0.1467660665512085,0.42328245341777804,0.09779323339462298,0.13902071714401254,0.423009917140007,0.10146996974945077
1789687821.138796,cardboard box,0.2026,88,69,56,42,8.1118,8.1240,-4.15013,-0.031544805,6.9696813,-4.1450524,-0.03265032,6.986911,0.33909530639648455,0.4559877634048462,0.6697142601013182,0.23432941436767596,0.2962707594037056,0.27275385856628365
1789687821.206117,traffic cone,0.8243,126,60,52,6,5.4266,4.6273,3.4396176,0.13392684,4.1951046,2.888133,0.24339019,3.607137,0.35976619720459,0.30163222178816795,0.35760061740875315,0.14487838745117188,0.013426713645458221,0.08511596918106079
1789687821.233750,traffic cone,0.8136,196,62,99,52,3.8611,3.8529,1.0397692,0.11396262,3.7166877,1.0306078,0.18180989,3.708012,0.15454514920711515,0.36011727862060067,0.08332662582397443,0.14169034361839294,0.29135127216577533,0.08755724430084211
1789687821.282510,traffic cone,0.6079,138,98,74,57,4.7341,4.7361,2.2855873,0.08215304,4.1450357,2.287471,0.17121103,4.1434913,0.2072928071022031,0.4455465119332075,0.2109879732131965,0.12613348960876447,0.4458438530564308,0.1652462959289558
1789687821.328387,traffic cone,0.2854,159,73,136,61,5.3974,5.5459,3.6256073,0.20485264,3.9931214,3.8087177,0.12938038,4.029183,0.7940678119659426,0.3395460575819016,0.7802463531494137,0.6201245784759521,0.4213459938764572,0.6701710224151611
1789687821.358920,traffic cone,0.2478,267,130,227,123,3.1938,3.1979,1.1966598,0.062784836,2.9605198,1.20044,0.0626169,2.9633572,0.14596989750862122,0.4234507232904434,0.09506700038909877,0.13913475275039677,0.4231367319822311,0.09599809646606428
1789687821.404882,cardboard box,0.2108,88,68,56,42,8.1102,8.1274,-4.15168,-0.031575307,6.9668837,-4.1468563,-0.032530844,6.9897995,0.3386458158493042,0.45606295466423036,0.6458879947662348,0.23431181907653809,0.2964147999882698,0.2673173666000368
