s_m,curvature_1pm,speed_limit_mps,velocity_mps,time_s
0.000000000000000000e+00,0.000000000000000000e+00,1.100000000000000089e+00,0.000000000000000000e+00,0.000000000000000000e+00
5.000000000000050238e-02,1.051242426441988922e-12,1.100000000000000089e+00,3.162277660168394955e-01,3.162277660168395510e-01
9.999999999999861777e-02,1.047772979490035106e-12,1.100000000000000089e+00,4.472135954999548191e-01,4.472135954999548746e-01
1.499999999999991340e-01,2.602085213965178835e-13,1.100000000000000089e+00,5.477225575051645201e-01,5.477225575051645201e-01
1.999999999999990397e-01,1.221245327087604946e-12,1.100000000000000089e+00,6.324555320336743280e-01,6.324555320336743280e-01
2.500000000000009992e-01,1.221245327087604946e-12,1.100000000000000089e+00,7.071067811865489050e-01,7.071067811865489050e-01
3.000000000000009326e-01,2.636779683484714472e-13,1.100000000000000089e+00,7.745966692414846255e-01,7.745966692414845145e-01
3.500000000000014211e-01,1.051242426441988922e-12,1.100000000000000089e+00,8.366600265340773390e-01,8.366600265340772280e-01
3.999999999999995226e-01,1.047772979490035106e-12,1.100000000000000089e+00,8.944271909999154113e-01,8.944271909999153003e-01
4.500000000000000111e-01,7.875644580934890001e-13,1.100000000000000089e+00,9.486832980505138790e-01,9.486832980505137680e-01
4.999999999999987232e-01,7.875644580934890001e-13,1.100000000000000089e+00,9.999999999999987788e-01,9.999999999999986677e-01
5.499999999999992673e-01,2.602085213965178835e-13,1.100000000000000089e+00,1.048808848170150743e+00,1.048808848170150743e+00
5.999999999999992006e-01,1.221245327087604946e-12,1.100000000000000089e+00,1.095445115010331483e+00,1.095445115010331261e+00
6.500000000000011324e-01,9.575673587391617713e-13,1.100000000000000089e+00,1.100000000000000089e+00,1.140993964907010660e+00
7.000000000000003997e-01,5.273559366969522850e-13,1.100000000000000089e+00,1.100000000000000089e+00,1.186448510361555408e+00
7.500000000000008882e-01,7.875644580934890001e-13,1.100000000000000089e+00,1.100000000000000089e+00,1.231903055816101267e+00
7.999999999999996003e-01,7.875644580934890001e-13,1.100000000000000089e+00,1.100000000000000089e+00,1.277357601270645571e+00
8.500000000000000888e-01,2.602085213965178835e-13,1.100000000000000089e+00,1.100000000000000089e+00,1.322812146725191429e+00
9.000000000000000222e-01,2.636779683484808883e-13,1.100000000000000089e+00,1.100000000000000089e+00,1.368266692179736843e+00
9.499999999999992895e-01,0.000000000000000000e+00,1.100000000000000089e+00,1.100000000000000089e+00,1.413721237634281591e+00
9.999999999999985567e-01,4.302114220422167060e-13,1.100000000000000089e+00,1.100000000000000089e+00,1.459175783088826339e+00
1.050000000000001599e+00,1.700029006457177299e-13,1.100000000000000089e+00,1.100000000000000089e+00,1.504630328543374640e+00
1.100000000000000311e+00,7.875644580934890001e-13,1.100000000000000089e+00,1.100000000000000089e+00,1.550084873997918944e+00
1.150000000000000799e+00,2.602085213965178835e-13,1.100000000000000089e+00,1.100000000000000089e+00,1.595539419452464802e+00
1.200000000000000622e+00,2.636779683484808883e-13,1.100000000000000089e+00,1.100000000000000089e+00,1.640993964907010216e+00
1.250000000000000000e+00,0.000000000000000000e+00,1.100000000000000089e+00,1.100000000000000089e+00,1.686448510361554964e+00
1.299999999999999378e+00,5.273559366969522850e-13,1.100000000000000089e+00,1.100000000000000089e+00,1.731903055816099712e+00
1.349999999999999867e+00,7.875644580934890001e-13,1.100000000000000089e+00,1.100000000000000089e+00,1.777357601270645571e+00
1.399999999999998579e+00,7.875644580934890001e-13,1.100000000000000089e+00,1.100000000000000089e+00,1.822812146725189875e+00
1.449999999999999067e+00,1.217775880135607913e-12,1.100000000000000089e+00,1.100000000000000089e+00,1.868266692179735733e+00
1.500000000000001554e+00,6.938893903906845685e-13,1.100000000000000089e+00,1.100000000000000089e+00,1.913721237634283590e+00
1.550000000000000933e+00,0.000000000000000000e+00,1.100000000000000089e+00,1.100000000000000089e+00,1.959175783088828338e+00
1.600000000000000311e+00,2.636779683484808883e-13,1.100000000000000089e+00,1.100000000000000089e+00,2.004630328543373086e+00
1.650000000000000133e+00,2.636779683484808883e-13,1.100000000000000089e+00,1.100000000000000089e+00,2.050084873997918500e+00
1.699999999999999512e+00,2.636779683484808883e-13,1.100000000000000089e+00,1.100000000000000089e+00,2.095539419452463470e+00
1.749999999999999334e+00,2.636779683484714472e-13,1.100000000000000089e+00,1.100000000000000089e+00,2.140993964907008884e+00
1.799999999999999822e+00,5.238864897449986708e-13,1.100000000000000089e+00,1.100000000000000089e+00,2.186448510361554742e+00
1.849999999999999201e+00,9.575673587391617713e-13,1.100000000000000089e+00,1.100000000000000089e+00,2.231903055816099712e+00
1.900000000000001243e+00,1.481453848484085014e-12,1.100000000000000089e+00,1.100000000000000089e+00,2.277357601270646903e+00
1.950000000000001732e+00,5.238864897449986708e-13,1.100000000000000089e+00,1.100000000000000089e+00,2.322812146725192761e+00
2.000000000000000888e+00,0.000000000000000000e+00,1.100000000000000089e+00,1.100000000000000089e+00,2.368266692179737731e+00
2.050000000000000266e+00,5.273559366969522850e-13,1.100000000000000089e+00,1.100000000000000089e+00,2.413721237634282701e+00
2.100000000000000977e+00,5.238864897449986708e-13,1.100000000000000089e+00,1.100000000000000089e+00,2.459175783088828560e+00
2.150000000000000355e+00,0.000000000000000000e+00,1.100000000000000089e+00,1.100000000000000089e+00,2.504630328543373530e+00
2.199999999999999734e+00,5.273559366969522850e-13,1.100000000000000089e+00,1.100000000000000089e+00,2.550084873997918500e+00
2.250000000000000444e+00,1.481453848484085014e-12,1.100000000000000089e+00,1.100000000000000089e+00,2.595539419452464358e+00
2.300000000000002487e+00,9.575673587391617713e-13,1.100000000000000089e+00,1.100000000000000089e+00,2.640993964907011549e+00
2.350000000000001865e+00,5.273559366969522850e-13,1.100000000000000089e+00,1.100000000000000089e+00,2.686448510361556519e+00
2.400000000000002576e+00,5.238864897449986708e-13,1.100000000000000089e+00,1.100000000000000089e+00,2.731903055816102377e+00
2.450000000000001954e+00,0.000000000000000000e+00,1.100000000000000089e+00,1.100000000000000089e+00,2.777357601270647347e+00
2.500000000000001332e+00,5.273559366969522850e-13,1.100000000000000089e+00,1.100000000000000089e+00,2.822812146725192317e+00
2.550000000000002043e+00,5.238864897449986708e-13,1.100000000000000089e+00,1.100000000000000089e+00,2.868266692179738175e+00
2.600000000000001421e+00,0.000000000000000000e+00,1.100000000000000089e+00,1.100000000000000089e+00,2.913721237634283145e+00
2.650000000000000799e+00,5.273559366969522850e-13,1.100000000000000089e+00,1.100000000000000089e+00,2.959175783088828116e+00
2.700000000000001510e+00,1.002670169114560775e-12,1.100000000000000089e+00,1.100000000000000089e+00,3.004630328543373974e+00
2.750000000000002220e+00,0.000000000000000000e+00,1.100000000000000089e+00,1.100000000000000089e+00,3.050084873997919832e+00
2.800000000000002931e+00,4.787836793695997678e-13,1.100000000000000089e+00,1.100000000000000089e+00,3.095539419452465690e+00
2.850000000000002309e+00,4.857225732734896412e-14,1.100000000000000089e+00,1.100000000000000089e+00,3.140993964907010660e+00
2.900000000000003908e+00,4.336808689942042980e-13,1.100000000000000089e+00,1.100000000000000089e+00,3.186448510361557851e+00
2.950000000000001954e+00,4.787836793696374312e-13,1.100000000000000089e+00,1.100000000000000089e+00,3.231903055816101489e+00
3.000000000000001332e+00,5.273559366969522850e-13,1.100000000000000089e+00,1.100000000000000089e+00,3.277357601270646459e+00
3.050000000000002043e+00,1.002670169114560775e-12,1.100000000000000089e+00,1.100000000000000089e+00,3.322812146725192317e+00
3.100000000000002753e+00,1.484923295436155153e-12,1.100000000000000089e+00,1.100000000000000089e+00,3.368266692179738175e+00
3.150000000000002132e+00,1.960237527853726182e-12,1.100000000000000089e+00,1.100000000000000089e+00,3.413721237634282701e+00
3.200000000000004174e+00,4.787836793695621044e-13,1.100000000000000089e+00,1.100000000000000089e+00,3.459175783088829892e+00
3.250000000000004885e+00,9.575673587392372999e-13,1.100000000000000089e+00,1.100000000000000089e+00,3.504630328543375750e+00
3.300000000000002931e+00,4.787836793696374312e-13,1.100000000000000089e+00,1.100000000000000089e+00,3.550084873997919388e+00
3.350000000000002309e+00,5.273559366969522850e-13,1.100000000000000089e+00,1.055324918163296655e+00,3.596481590872151024e+00
3.400000000000003020e+00,1.002670169114560775e-12,1.100000000000000089e+00,1.006832003313545831e+00,3.644974505721902069e+00
3.450000000000003730e+00,9.575673587392372999e-13,1.100000000000000089e+00,9.558821490625122319e-01,3.695924359972935669e+00
3.500000000000001776e+00,9.089951014118163223e-13,1.100000000000000089e+00,9.020591349220797861e-01,3.749747374113368004e+00
3.550000000000004707e+00,9.089951014118163223e-13,1.100000000000000089e+00,8.448139930756146665e-01,3.806992515959833234e+00
3.600000000000002753e+00,3.368788081057658701e-01,1.100000000000000089e+00,7.833968872138621364e-01,3.868409621821585542e+00
3.649990026892254935e+00,1.946545413748828501e+00,7.167500464679890104e-01,7.167500464679890104e-01,3.935056462567458890e+00
3.699962157554130382e+00,2.388326218536168888e+00,6.470728483216602323e-01,6.470728483216602323e-01,4.008338896603123480e+00
3.749930535585626057e+00,2.477077986932186171e+00,6.353750546387310072e-01,6.353750546387310072e-01,4.086265458635232939e+00
3.799894975112964701e+00,2.485621385860750987e+00,6.342821820408297562e-01,6.342821820408297562e-01,4.164970857358444967e+00
3.849861987866296076e+00,2.413554131365110766e+00,6.436821682782543075e-01,6.436821682782543075e-01,4.243168676790348925e+00
3.899833200745144612e+00,2.126528360131415329e+00,6.857477802912070874e-01,6.857477802912070874e-01,4.318345579390776123e+00
3.949815346766912150e+00,5.998185559417755774e-01,1.100000000000000089e+00,7.551253605977303884e-01,4.387723159697299202e+00
3.999815346766912860e+00,0.000000000000000000e+00,1.100000000000000089e+00,8.186661775216158565e-01,4.451263976621184781e+00
4.049815346766911794e+00,0.000000000000000000e+00,1.100000000000000089e+00,8.776185448233484454e-01,4.510216343922917481e+00
4.099815346766912505e+00,0.000000000000000000e+00,1.100000000000000089e+00,8.386938803984661517e-01,4.568480794223728658e+00
4.149815346766911439e+00,2.664686599484053509e-02,1.100000000000000089e+00,7.767930387290032934e-01,4.630381635893191294e+00
4.199815056283974002e+00,1.455881641332847476e+00,8.287756165558584076e-01,7.095125129155325228e-01,4.697662161706661621e+00
4.249783650943061097e+00,2.478494004261427630e+00,6.351935269392620098e-01,6.351935269392620098e-01,4.771981147682931912e+00
4.299747768011724425e+00,2.587585846596298644e+00,6.216595597129400685e-01,6.216595597129400685e-01,4.851487841980432592e+00
4.349711021605650707e+00,2.568674479676294364e+00,6.239437870069151071e-01,6.239437870069151071e-01,4.931711219230499488e+00
4.399677462171831088e+00,2.417102779307882088e+00,6.432094865991155874e-01,6.432094865991155874e-01,5.010575302379631779e+00
4.449651921907713081e+00,8.710539605088651882e-01,1.071463719528772840e+00,7.167059111817492001e-01,5.084071726962265281e+00
4.499651921907712016e+00,4.128641872824781195e-13,1.100000000000000089e+00,7.833692380498866736e-01,5.150735053830402421e+00
4.549651921907712726e+00,0.000000000000000000e+00,1.100000000000000089e+00,8.447883540407393754e-01,5.212154169821254790e+00
4.599651921907713437e+00,4.373516413815920489e-01,1.100000000000000089e+00,8.149262220343875818e-01,5.272405493417195110e+00
4.649641112031549284e+00,1.772652473452332345e+00,7.510834621475620532e-01,7.510834621475620532e-01,5.336248253304020750e+00
4.699621952157885474e+00,1.918104894964611340e+00,7.220442655344303517e-01,7.220442655344303517e-01,5.404105017095959695e+00
4.749601221252946814e+00,1.937152456943108447e+00,7.184856509195592933e-01,7.184856509195592933e-01,5.473495133225016573e+00
4.799580906642670008e+00,1.904898068595336724e+00,7.245429404294129183e-01,7.245429404294129183e-01,5.542765673932739112e+00
4.849562478295182721e+00,1.473059708629352649e+00,8.239290674049682961e-01,7.905223689631590833e-01,5.608745102466484944e+00
4.899560025528877816e+00,1.253313312828875370e-01,1.100000000000000089e+00,8.514227565073153592e-01,5.669645490010640998e+00
4.949560025528879414e+00,3.261280134836253954e-13,1.100000000000000089e+00,9.082514576363300840e-01,5.726474191139655723e+00
4.999560025528879237e+00,1.262878690511181198e-12,1.100000000000000089e+00,9.617279814472063926e-01,5.779950714950532031e+00
5.049560025528877283e+00,9.436895709313875022e-13,1.100000000000000089e+00,1.012383677416084593e+00,5.830606410919410010e+00
5.099560025528878882e+00,9.402201239794338880e-13,1.100000000000000089e+00,1.060622793597477687e+00,5.878845527100803103e+00
5.149560025528876928e+00,1.266348137463135014e-12,1.100000000000000089e+00,1.100000000000000089e+00,5.925128478616599637e+00
5.199560025528876750e+00,0.000000000000000000e+00,1.100000000000000089e+00,1.100000000000000089e+00,5.970583024071144607e+00
5.249560025528876572e+00,3.226585665316719327e-13,1.100000000000000089e+00,1.100000000000000089e+00,6.016037569525689577e+00
5.299560025528878171e+00,3.087807787238656548e-13,1.100000000000000089e+00,1.100000000000000089e+00,6.061492114980236323e+00
5.349560025528877105e+00,6.314393452555752509e-13,1.100000000000000089e+00,1.100000000000000089e+00,6.106946660434781293e+00
5.399560025528876928e+00,3.226585665316719327e-13,1.100000000000000089e+00,1.100000000000000089e+00,6.152401205889326263e+00
5.449560025528878526e+00,9.402201239794338880e-13,1.100000000000000089e+00,1.100000000000000089e+00,6.197855751343873010e+00
5.499560025528876572e+00,1.266348137463135014e-12,1.100000000000000089e+00,1.100000000000000089e+00,6.243310296798417092e+00
5.549560025528876395e+00,9.540979117872253227e-13,1.100000000000000089e+00,1.100000000000000089e+00,6.288764842252962062e+00
5.599560025528877105e+00,9.540979117872253227e-13,1.100000000000000089e+00,1.100000000000000089e+00,6.334219387707507920e+00
5.649560025528876928e+00,0.000000000000000000e+00,1.100000000000000089e+00,1.100000000000000089e+00,6.379673933162052890e+00
5.699560025528876750e+00,0.000000000000000000e+00,1.100000000000000089e+00,1.100000000000000089e+00,6.425128478616597860e+00
5.749560025528876572e+00,1.585537257042809156e-12,1.100000000000000089e+00,1.100000000000000089e+00,6.470583024071142830e+00
5.799560025528876395e+00,1.589006703994762771e-12,1.100000000000000089e+00,1.100000000000000089e+00,6.516037569525687800e+00
5.849560025528876217e+00,1.262878690511181198e-12,1.100000000000000089e+00,1.100000000000000089e+00,6.561492114980232770e+00
5.899560025528874263e+00,9.436895709313875022e-13,1.100000000000000089e+00,1.100000000000000089e+00,6.606946660434776852e+00
5.949560025528875862e+00,3.261280134836253954e-13,1.100000000000000089e+00,1.100000000000000089e+00,6.652401205889323599e+00
5.999560025528875684e+00,0.000000000000000000e+00,1.100000000000000089e+00,1.100000000000000089e+00,6.697855751343868569e+00
6.049560025528875506e+00,9.540979117872253227e-13,1.100000000000000089e+00,1.100000000000000089e+00,6.743310296798413539e+00
6.099560025528876217e+00,9.540979117872253227e-13,1.100000000000000089e+00,1.100000000000000089e+00,6.788764842252959397e+00
6.149560025528876039e+00,0.000000000000000000e+00,1.100000000000000089e+00,1.100000000000000089e+00,6.834219387707504367e+00
6.199560025528875862e+00,0.000000000000000000e+00,1.100000000000000089e+00,1.100000000000000089e+00,6.879673933162049337e+00
6.249560025528875684e+00,1.585537257042809156e-12,1.100000000000000089e+00,1.100000000000000089e+00,6.925128478616594307e+00
6.299560025528875506e+00,1.589006703994762771e-12,1.100000000000000089e+00,1.100000000000000089e+00,6.970583024071139278e+00
6.349560025528875329e+00,6.314393452555752509e-13,1.100000000000000089e+00,1.100000000000000089e+00,7.016037569525684248e+00
6.399560025528874263e+00,6.314393452555752509e-13,1.100000000000000089e+00,1.100000000000000089e+00,7.061492114980229218e+00
6.449560025528874085e+00,3.226585665316719327e-13,1.100000000000000089e+00,1.100000000000000089e+00,7.106946660434774188e+00
6.499560025528875684e+00,3.261280134836253954e-13,1.100000000000000089e+00,1.100000000000000089e+00,7.152401205889320934e+00
6.549560025528875506e+00,1.585537257042809156e-12,1.100000000000000089e+00,1.100000000000000089e+00,7.197855751343865904e+00
6.599560025528875329e+00,3.226585665317032347e-13,1.100000000000000089e+00,1.100000000000000089e+00,7.243310296798410874e+00
6.649560025528873375e+00,1.266348137463135014e-12,1.100000000000000089e+00,1.100000000000000089e+00,7.288764842252954956e+00
6.699560025528873197e+00,0.000000000000000000e+00,1.100000000000000089e+00,1.100000000000000089e+00,7.334219387707499926e+00
6.749560025528873020e+00,3.226585665316719327e-13,1.100000000000000089e+00,1.100000000000000089e+00,7.379673933162044897e+00
6.799560025528874618e+00,3.087807787238656548e-13,1.100000000000000089e+00,1.100000000000000089e+00,7.425128478616591643e+00
6.849560025528873553e+00,6.314393452555752509e-13,1.100000000000000089e+00,1.100000000000000089e+00,7.470583024071136613e+00
6.899560025528873375e+00,3.226585665316719327e-13,1.100000000000000089e+00,1.100000000000000089e+00,7.516037569525681583e+00
6.949560025528874974e+00,3.261280134836253954e-13,1.100000000000000089e+00,1.100000000000000089e+00,7.561492114980228330e+00
6.999560025528874796e+00,1.262878690511181198e-12,1.100000000000000089e+00,1.100000000000000089e+00,7.606946660434773300e+00
7.049560025528872842e+00,9.436895709313875022e-13,1.100000000000000089e+00,1.066561667059355178e+00,7.653102743375041150e+00
7.099560025528874441e+00,3.087807787238656548e-13,1.100000000000000089e+00,1.018603843326947089e+00,7.701060567107449017e+00
7.149560025528873375e+00,6.314393452555752509e-13,1.100000000000000089e+00,9.682736130043148037e-01,7.751390797430081747e+00
7.199560025528873197e+00,2.586671288454571171e-01,1.100000000000000089e+00,9.151796488342766045e-01,7.804484761600120279e+00
7.249554799455729004e+00,1.355814101802905736e+00,8.588156040656910184e-01,8.588156040656910184e-01,7.860848806368705866e+00
7.299541896253618489e+00,1.530435863705295940e+00,8.083369528496858747e-01,8.083369528496858747e-01,7.920815840088016202e+00
7.349528698554365747e+00,1.570641946659739663e+00,7.979237723176009212e-01,7.979237723176009212e-01,7.983055800908251065e+00
7.399515722061019929e+00,1.567882456377087896e+00,7.986256409152727720e-01,7.986256409152727720e-01,8.045674625095390553e+00
7.449502380251350253e+00,1.530702452835316363e+00,8.082665592770770235e-01,8.082665592770770235e-01,8.107889947547446852e+00
7.499489514032050330e+00,1.362906260257285229e+00,8.565781791746707174e-01,8.565781791746707174e-01,8.167940152381786945e+00
7.549484174659460756e+00,2.654564408924390828e-01,1.100000000000000089e+00,9.130802255514109955e-01,8.224442198758527667e+00
7.599484174659461466e+00,0.000000000000000000e+00,1.100000000000000089e+00,9.662895519941302469e-01,8.277651525201246585e+00
7.649484174659460400e+00,0.000000000000000000e+00,1.100000000000000089e+00,1.016718003328855646e+00,8.328079976535972762e+00
7.699484174659459335e+00,0.000000000000000000e+00,1.100000000000000089e+00,1.006723927927701157e+00,8.377500717727146551e+00
7.749484174659460045e+00,0.000000000000000000e+00,1.100000000000000089e+00,9.557683124388346441e-01,8.428456333216013618e+00
7.799484174659460756e+00,0.000000000000000000e+00,1.100000000000000089e+00,9.019385051444340773e-01,8.482286140510414185e+00
7.849484174659461466e+00,1.462743530475927624e-02,1.100000000000000089e+00,8.446851881394481509e-01,8.539539457515399334e+00
7.899483939552285783e+00,1.001832187706642507e+00,9.990851630696482299e-01,7.832582826095911832e-01,8.600966363045255747e+00
7.949463730874032130e+00,1.947290906430112045e+00,7.166128345438933511e-01,7.166128345438933511e-01,8.667611811110953468e+00
7.999439486575000480e+00,2.191624686788506970e+00,6.754868644454110616e-01,6.754868644454110616e-01,8.739410915352197051e+00
8.049410530889993254e+00,2.279580028468970010e+00,6.623271810260533687e-01,6.623271810260533687e-01,8.814116431390313977e+00
8.099380301807238780e+00,2.411655630578029008e+00,6.439354778056907147e-01,6.439354778056907147e-01,8.890624430113842180e+00
8.149349285077315486e+00,2.302609298429539209e+00,6.590067651572167895e-01,6.590067651572167895e-01,8.967326192666948970e+00
8.199319845729338141e+00,2.250760989393287392e+00,6.665539560870036295e-01,6.665539560870036295e-01,9.042721547781452429e+00
8.249294660520954281e+00,2.004826669985138921e+00,7.062550796884030646e-01,7.062550796884030646e-01,9.115528199674429288e+00
8.299273198081488445e+00,1.466370166237610295e+00,8.258063003101302479e-01,7.737915175980806248e-01,9.183064637584106293e+00
8.349270713330232851e+00,1.225545767375949557e-01,1.100000000000000089e+00,8.359116838543596550e-01,9.245184803840384546e+00
8.399270713330233562e+00,1.998401444325177971e-12,1.100000000000000089e+00,8.937272196840785332e-01,9.303000339670102647e+00
8.449270713330234273e+00,5.551115123125775634e-13,1.100000000000000089e+00,9.480233874774579572e-01,9.357296507463482627e+00
8.499270713330233207e+00,5.551115123125775634e-13,1.100000000000000089e+00,9.993739756488725368e-01,9.408647095634897539e+00
8.549270713330233917e+00,2.223915496202484799e-12,1.100000000000000089e+00,1.048211974365984123e+00,9.457485094352009014e+00
8.599270713330229299e+00,1.783295733304258263e-12,1.100000000000000089e+00,1.094873665408126806e+00,9.504146785394151919e+00
8.649270713330231786e+00,4.406197628980753776e-13,1.100000000000000089e+00,1.100000000000000089e+00,9.549707494229487281e+00
8.699270713330232496e+00,1.668803983889796669e-12,1.100000000000000089e+00,1.100000000000000089e+00,9.595162039684034028e+00
8.749270713330229654e+00,1.668803983889796669e-12,1.100000000000000089e+00,1.100000000000000089e+00,9.640616585138577221e+00
8.799270713330230365e+00,5.551115123125775634e-13,1.100000000000000089e+00,1.100000000000000089e+00,9.686071130593123968e+00
8.849270713330229299e+00,3.261280134836121678e-13,1.100000000000000089e+00,1.100000000000000089e+00,9.731525676047668938e+00
8.899270713330231786e+00,6.696032617269849344e-13,1.100000000000000089e+00,1.100000000000000089e+00,9.776980221502217461e+00
8.949270713330230720e+00,4.406197628981338416e-13,1.100000000000000089e+00,1.100000000000000089e+00,9.822434766956762431e+00
8.999270713330229654e+00,1.113692471577145698e-12,1.100000000000000089e+00,1.100000000000000089e+00,9.867889312411305625e+00
9.049270713330230365e+00,5.551115123125775634e-13,1.100000000000000089e+00,1.100000000000000089e+00,9.913343857865852371e+00
9.099270713330229299e+00,5.585809592645682351e-13,1.100000000000000089e+00,1.100000000000000089e+00,9.958798403320397341e+00
9.149270713330228233e+00,2.324529457808801347e-13,1.100000000000000089e+00,1.100000000000000089e+00,1.000425294877494053e+01
9.199270713330230720e+00,3.261280134836121678e-13,1.100000000000000089e+00,1.100000000000000089e+00,1.004970749422948906e+01
9.249270713330229654e+00,3.261280134836121678e-13,1.100000000000000089e+00,1.100000000000000089e+00,1.009516203968403403e+01
9.299270713330232141e+00,1.342675970406068078e-12,1.100000000000000089e+00,1.100000000000000089e+00,1.014061658513858255e+01
9.349270713330227522e+00,2.227384943154438413e-12,1.100000000000000089e+00,1.100000000000000089e+00,1.018607113059312397e+01
9.399270713330228233e+00,0.000000000000000000e+00,1.100000000000000089e+00,1.100000000000000089e+00,1.023152567604767071e+01
9.449270713330228944e+00,1.668803983889796669e-12,1.100000000000000089e+00,1.100000000000000089e+00,1.027698022150221746e+01
9.499270713330226101e+00,1.228184220991607898e-12,1.100000000000000089e+00,1.100000000000000089e+00,1.032243476695676065e+01
9.549270713330228588e+00,1.144917494144643457e-13,1.100000000000000089e+00,1.100000000000000089e+00,1.036788931241130740e+01
9.599270713330227522e+00,5.551115123125775634e-13,1.100000000000000089e+00,1.100000000000000089e+00,1.041334385786585237e+01
9.649270713330228233e+00,1.110223024625191881e-12,1.100000000000000089e+00,1.100000000000000089e+00,1.045879840332039912e+01
9.699270713330227167e+00,0.000000000000000000e+00,1.100000000000000089e+00,1.100000000000000089e+00,1.050425294877494231e+01
9.749270713330226101e+00,2.324529457808801347e-13,1.100000000000000089e+00,1.100000000000000089e+00,1.054970749422948550e+01
9.799270713330228588e+00,1.144917494144548037e-13,1.100000000000000089e+00,1.100000000000000089e+00,1.059516203968403403e+01
9.849270713330229299e+00,1.144917494144719188e-13,1.100000000000000089e+00,1.100000000000000089e+00,1.064061658513858077e+01
9.899270713330228233e+00,1.113692471577145698e-12,1.100000000000000089e+00,1.100000000000000089e+00,1.068607113059312397e+01
9.949270713330228944e+00,5.551115123125775634e-13,1.100000000000000089e+00,1.100000000000000089e+00,1.073152567604767071e+01
9.999270713330227878e+00,5.585809592645682351e-13,1.100000000000000089e+00,1.100000000000000089e+00,1.077698022150221568e+01
1.004927071333022681e+01,2.324529457808801347e-13,1.100000000000000089e+00,1.100000000000000089e+00,1.082243476695675888e+01
1.009927071333022930e+01,2.289834988289267225e-13,1.100000000000000089e+00,1.100000000000000089e+00,1.086788931241130740e+01
1.014927071333022823e+01,3.261280134836337258e-13,1.100000000000000089e+00,1.100000000000000089e+00,1.091334385786585059e+01
1.019927071333023072e+01,3.295974604355872895e-13,1.100000000000000089e+00,1.100000000000000089e+00,1.095879840332039734e+01
1.024927071333022965e+01,1.113692471577145698e-12,1.100000000000000089e+00,1.100000000000000089e+00,1.100425294877494053e+01
1.029927071333023036e+01,5.551115123125775634e-13,1.100000000000000089e+00,1.100000000000000089e+00,1.104970749422948728e+01
1.034927071333022930e+01,5.551115123125775634e-13,1.100000000000000089e+00,1.100000000000000089e+00,1.109516203968403225e+01
1.039927071333023001e+01,1.554312234475203607e-12,1.100000000000000089e+00,1.100000000000000089e+00,1.114061658513857900e+01
1.044927071333022894e+01,4.406197628981338416e-13,1.100000000000000089e+00,1.100000000000000089e+00,1.118607113059312397e+01
1.049927071333022788e+01,1.113692471577145698e-12,1.100000000000000089e+00,1.100000000000000089e+00,1.123152567604766716e+01
1.054927071333022859e+01,5.551115123125775634e-13,1.100000000000000089e+00,1.100000000000000089e+00,1.127698022150221391e+01
1.059927071333022752e+01,5.585809592645682351e-13,1.100000000000000089e+00,1.100000000000000089e+00,1.132243476695675888e+01
1.064927071333022646e+01,2.324529457808801347e-13,1.100000000000000089e+00,1.100000000000000089e+00,1.136788931241130207e+01
1.069927071333022894e+01,3.261280134836121678e-13,1.100000000000000089e+00,1.100000000000000089e+00,1.141334385786585059e+01
1.074927071333022788e+01,9.992007221626641104e-13,1.100000000000000089e+00,1.100000000000000089e+00,1.145879840332039556e+01
1.079927071333022681e+01,1.554312234475203607e-12,1.100000000000000089e+00,1.100000000000000089e+00,1.150425294877494053e+01
1.084927071333022752e+01,1.110223024625191881e-12,1.100000000000000089e+00,1.100000000000000089e+00,1.154970749422948728e+01
1.089927071333022646e+01,5.551115123126144190e-13,1.100000000000000089e+00,1.100000000000000089e+00,1.159516203968403047e+01
1.094927071333022539e+01,5.585809592645682351e-13,1.100000000000000089e+00,1.100000000000000089e+00,1.164061658513857545e+01
1.099927071333022432e+01,2.324529457808801347e-13,1.100000000000000089e+00,1.100000000000000089e+00,1.168607113059311864e+01
1.104927071333022681e+01,5.585809592644378774e-13,1.100000000000000089e+00,1.100000000000000089e+00,1.173152567604766716e+01
1.109927071333022930e+01,1.439820485060627710e-12,1.100000000000000089e+00,1.100000000000000089e+00,1.177698022150221391e+01
1.114927071333023001e+01,1.110223024625191881e-12,1.100000000000000089e+00,1.100000000000000089e+00,1.182243476695676065e+01
1.119927071333022894e+01,0.000000000000000000e+00,1.100000000000000089e+00,1.100000000000000089e+00,1.186788931241130385e+01
1.124927071333022788e+01,1.113692471577145698e-12,1.100000000000000089e+00,1.100000000000000089e+00,1.191334385786584704e+01
1.129927071333022859e+01,9.992007221625976694e-13,1.100000000000000089e+00,1.100000000000000089e+00,1.195879840332039379e+01
1.134927071333022930e+01,1.144917494144719188e-13,1.100000000000000089e+00,1.100000000000000089e+00,1.200425294877494053e+01
1.139927071333022823e+01,5.551115123126144190e-13,1.100000000000000089e+00,1.100000000000000089e+00,1.204970749422948373e+01
1.144927071333022717e+01,5.551115123125775634e-13,1.100000000000000089e+00,1.100000000000000089e+00,1.209516203968402870e+01
1.149927071333022788e+01,1.110223024625191881e-12,1.100000000000000089e+00,1.100000000000000089e+00,1.214061658513857545e+01
1.154927071333022681e+01,8.812395257962308277e-13,1.100000000000000089e+00,1.100000000000000089e+00,1.218607113059311864e+01
1.159927071333022752e+01,1.998401444325177971e-12,1.100000000000000089e+00,1.100000000000000089e+00,1.223152567604766539e+01
1.164927071333022823e+01,9.992007221625976694e-13,1.100000000000000089e+00,1.100000000000000089e+00,1.227698022150221213e+01
1.169927071333022894e+01,1.144917494144719188e-13,1.100000000000000089e+00,1.100000000000000089e+00,1.232243476695675888e+01
1.174927071333022788e+01,1.113692471577145698e-12,1.100000000000000089e+00,1.100000000000000089e+00,1.236788931241130207e+01
1.179927071333022859e+01,1.439820485060627710e-12,1.100000000000000089e+00,1.100000000000000089e+00,1.241334385786584882e+01
1.184927071333023108e+01,3.295974604355872895e-13,1.100000000000000089e+00,1.100000000000000089e+00,1.245879840332039556e+01
1.189927071333023001e+01,1.113692471577145698e-12,1.100000000000000089e+00,1.100000000000000089e+00,1.250425294877493876e+01
1.194927071333023072e+01,1.110223024625191881e-12,1.100000000000000089e+00,1.100000000000000089e+00,1.254970749422948550e+01
1.199927071333022965e+01,1.113692471577145698e-12,1.100000000000000089e+00,1.100000000000000089e+00,1.259516203968402870e+01
1.204927071333023036e+01,2.553512956637812383e-12,1.100000000000000089e+00,1.100000000000000089e+00,1.264061658513857545e+01
1.209927071333023108e+01,2.553512956637812383e-12,1.100000000000000089e+00,1.100000000000000089e+00,1.268607113059312042e+01
1.214927071333023179e+01,5.551115123125775634e-13,1.100000000000000089e+00,1.100000000000000089e+00,1.273152567604766716e+01
1.219927071333023072e+01,5.551115123125775634e-13,1.100000000000000089e+00,1.100000000000000089e+00,1.277698022150221213e+01
1.224927071333023143e+01,1.110223024625191881e-12,1.100000000000000089e+00,1.100000000000000089e+00,1.282243476695675888e+01
1.229927071333023036e+01,8.812395257962308277e-13,1.100000000000000089e+00,1.100000000000000089e+00,1.286788931241130207e+01
1.234927071333023108e+01,1.998401444325177971e-12,1.100000000000000089e+00,1.100000000000000089e+00,1.291334385786584882e+01
1.239927071333023179e+01,5.551115123125775634e-13,1.100000000000000089e+00,1.100000000000000089e+00,1.295879840332039556e+01
1.244927071333023072e+01,5.585809592645682351e-13,1.100000000000000089e+00,1.100000000000000089e+00,1.300425294877494053e+01
1.249927071333022965e+01,3.261280134836337258e-13,1.100000000000000089e+00,1.100000000000000089e+00,1.304970749422948373e+01
1.254927071333023214e+01,1.439820485060627710e-12,1.100000000000000089e+00,1.100000000000000089e+00,1.309516203968403047e+01
1.259927071333023285e+01,1.110223024625191881e-12,1.100000000000000089e+00,1.100000000000000089e+00,1.314061658513857722e+01
1.264927071333023179e+01,1.113692471577145698e-12,1.100000000000000089e+00,1.100000000000000089e+00,1.318607113059312042e+01
1.269927071333023250e+01,1.110223024625191881e-12,1.100000000000000089e+00,1.100000000000000089e+00,1.323152567604766716e+01
1.274927071333023143e+01,3.261280134836337258e-13,1.100000000000000089e+00,1.100000000000000089e+00,1.327698022150221036e+01
1.279927071333023392e+01,3.295974604355872895e-13,1.100000000000000089e+00,1.100000000000000089e+00,1.332243476695675710e+01
1.284927071333023285e+01,1.113692471577145698e-12,1.100000000000000089e+00,1.100000000000000089e+00,1.336788931241130030e+01
1.289927071333023356e+01,5.551115123125775634e-13,1.100000000000000089e+00,1.100000000000000089e+00,1.341334385786584704e+01
1.294927071333023250e+01,5.551115123125775634e-13,1.100000000000000089e+00,1.100000000000000089e+00,1.345879840332039201e+01
1.299927071333023321e+01,1.994931997373224761e-12,1.100000000000000089e+00,1.100000000000000089e+00,1.350425294877493876e+01
1.304927071333023392e+01,8.847089727481844419e-13,1.100000000000000089e+00,1.100000000000000089e+00,1.354970749422948550e+01
1.309927071333023285e+01,1.113692471577145698e-12,1.100000000000000089e+00,1.100000000000000089e+00,1.359516203968402870e+01
1.314927071333023356e+01,5.551115123125775634e-13,1.100000000000000089e+00,1.100000000000000089e+00,1.364061658513857545e+01
1.319927071333023250e+01,5.585809592645682351e-13,1.100000000000000089e+00,1.100000000000000089e+00,1.368607113059312042e+01
1.324927071333023143e+01,3.261280134836337258e-13,1.100000000000000089e+00,1.100000000000000089e+00,1.373152567604766361e+01
1.329927071333023392e+01,1.439820485060627710e-12,1.100000000000000089e+00,1.100000000000000089e+00,1.377698022150221036e+01
1.334927071333023463e+01,1.110223024625191881e-12,1.100000000000000089e+00,1.100000000000000089e+00,1.382243476695675710e+01
1.339927071333023356e+01,2.324529457808801347e-13,1.100000000000000089e+00,1.100000000000000089e+00,1.386788931241130030e+01
1.344927071333023605e+01,2.289834988289267225e-13,1.100000000000000089e+00,1.100000000000000089e+00,1.391334385786584882e+01
1.349927071333023498e+01,1.113692471577145698e-12,1.100000000000000089e+00,1.100000000000000089e+00,1.395879840332039201e+01
1.354927071333023569e+01,1.110223024625191881e-12,1.100000000000000089e+00,1.100000000000000089e+00,1.400425294877493876e+01
1.359927071333023463e+01,0.000000000000000000e+00,1.100000000000000089e+00,1.100000000000000089e+00,1.404970749422948195e+01
1.364927071333023356e+01,2.324529457808801347e-13,1.100000000000000089e+00,1.100000000000000089e+00,1.409516203968402515e+01
1.369927071333023605e+01,2.289834988289267225e-13,1.100000000000000089e+00,1.100000000000000089e+00,1.414061658513857367e+01
1.374927071333023498e+01,1.113692471577145698e-12,1.100000000000000089e+00,1.100000000000000089e+00,1.418607113059311686e+01
1.379927071333023569e+01,1.065362330077519321e-01,1.100000000000000089e+00,1.100000000000000089e+00,1.423152567604766361e+01
1.384926998953498867e+01,2.928091047723110352e-01,1.100000000000000089e+00,1.100000000000000089e+00,1.427697956350653108e+01
1.389926710084099071e+01,4.093205166270089124e-01,1.100000000000000089e+00,1.100000000000000089e+00,1.432243148287562384e+01
1.394926430274917095e+01,4.176003077414328635e-01,1.100000000000000089e+00,1.100000000000000089e+00,1.436788348461033316e+01
1.399926167517738484e+01,4.254970755868944798e-01,1.100000000000000089e+00,1.100000000000000089e+00,1.441333564136325407e+01
1.404925927528238461e+01,4.329575901880249877e-01,1.100000000000000089e+00,1.100000000000000089e+00,1.445878800509507300e+01
1.409925714065474622e+01,4.399292447560387287e-01,1.100000000000000089e+00,1.100000000000000089e+00,1.450424060997903730e+01
1.414925529262936088e+01,4.463608311510196547e-01,1.100000000000000089e+00,1.100000000000000089e+00,1.454969347541050517e+01
1.419925373961712367e+01,4.522033477068836405e-01,1.100000000000000089e+00,1.100000000000000089e+00,1.459514660903574423e+01
1.424925248036636916e+01,4.574108192736515144e-01,1.100000000000000089e+00,1.100000000000000089e+00,1.464060000971687714e+01
1.429925150707050818e+01,4.619411068306086832e-01,1.100000000000000089e+00,1.100000000000000089e+00,1.468605367035700304e+01
1.434925080825076016e+01,4.657566825646541897e-01,1.100000000000000089e+00,1.100000000000000089e+00,1.473150758052086928e+01
1.439925037135972907e+01,4.688253457758366771e-01,1.100000000000000089e+00,1.100000000000000089e+00,1.477696172880174963e+01
1.444925018507087167e+01,4.729844171449448242e-01,1.100000000000000089e+00,1.100000000000000089e+00,1.482241610490278916e+01
1.449925018507087238e+01,4.785287338978723159e-01,1.100000000000000089e+00,1.100000000000000089e+00,1.486787065035733590e+01
1.454925012933547102e+01,4.731822176112003842e-01,1.100000000000000089e+00,1.100000000000000089e+00,1.491332514514333418e+01
1.459924984562104200e+01,4.733276946460433510e-01,1.100000000000000089e+00,1.100000000000000089e+00,1.495877943267567112e+01
1.464924934553531877e+01,4.726616551079815820e-01,1.100000000000000089e+00,1.100000000000000089e+00,1.500423352350683182e+01
1.469924863418332173e+01,4.711895891291703053e-01,1.100000000000000089e+00,1.100000000000000089e+00,1.504968742227774392e+01
1.474924771123760081e+01,4.689241457882888375e-01,1.100000000000000089e+00,1.100000000000000089e+00,1.509514112869072555e+01
1.479924657223791407e+01,4.658848730834905250e-01,1.100000000000000089e+00,1.100000000000000089e+00,1.514059463869101130e+01
1.484924521016582766e+01,4.620978183963822539e-01,1.100000000000000089e+00,1.100000000000000089e+00,1.518604794589820450e+01
1.489924361732378344e+01,4.575950041799892731e-01,1.100000000000000089e+00,1.100000000000000089e+00,1.523150104331452859e+01
1.494924178752887656e+01,4.524137978954596018e-01,1.100000000000000089e+00,1.100000000000000089e+00,1.527695392531915886e+01
1.499923971861089633e+01,4.465961981632851074e-01,1.100000000000000089e+00,1.100000000000000089e+00,1.532240658993917748e+01
1.504923741518324221e+01,4.401880610935633431e-01,1.100000000000000089e+00,1.100000000000000089e+00,1.536785904136858250e+01
1.509923489163580079e+01,4.332382915184553318e-01,1.100000000000000089e+00,1.100000000000000089e+00,1.541331129268909095e+01
1.514923217528219723e+01,4.257980231520643311e-01,1.100000000000000089e+00,1.100000000000000089e+00,1.545876336873127066e+01
1.519922930958104423e+01,4.179198104684472281e-01,1.100000000000000089e+00,1.100000000000000089e+00,1.550421530900294975e+01
1.524922635734248999e+01,4.096568524569644820e-01,1.100000000000000089e+00,1.100000000000000089e+00,1.554966717060426440e+01
1.529922340382826818e+01,3.051046134063313264e-01,1.100000000000000089e+00,1.100000000000000089e+00,1.559511903104588093e+01
1.534922268745223839e+01,1.185691752468285148e-01,1.100000000000000089e+00,1.100000000000000089e+00,1.564057292524949005e+01
1.539922268745223555e+01,0.000000000000000000e+00,1.100000000000000089e+00,1.100000000000000089e+00,1.568602747070403325e+01
1.544922268745223626e+01,0.000000000000000000e+00,1.100000000000000089e+00,1.100000000000000089e+00,1.573148201615858000e+01
1.549922268745223697e+01,0.000000000000000000e+00,1.100000000000000089e+00,1.100000000000000089e+00,1.577693656161312674e+01
1.554922268745223768e+01,0.000000000000000000e+00,1.100000000000000089e+00,1.100000000000000089e+00,1.582239110706767349e+01
1.559922268745223839e+01,0.000000000000000000e+00,1.100000000000000089e+00,1.100000000000000089e+00,1.586784565252222023e+01
1.564922268745223555e+01,0.000000000000000000e+00,1.100000000000000089e+00,1.100000000000000089e+00,1.591330019797676343e+01
1.569922268745223626e+01,0.000000000000000000e+00,1.100000000000000089e+00,1.100000000000000089e+00,1.595875474343131017e+01
1.574922268745223697e+01,0.000000000000000000e+00,1.100000000000000089e+00,1.100000000000000089e+00,1.600420928888585692e+01
1.579922268745223768e+01,0.000000000000000000e+00,1.100000000000000089e+00,1.100000000000000089e+00,1.604966383434040367e+01
1.584922268745223839e+01,0.000000000000000000e+00,1.100000000000000089e+00,1.100000000000000089e+00,1.609511837979495041e+01
1.589922268745223555e+01,0.000000000000000000e+00,1.100000000000000089e+00,1.100000000000000089e+00,1.614057292524949361e+01
1.594922268745223626e+01,0.000000000000000000e+00,1.100000000000000089e+00,1.100000000000000089e+00,1.618602747070404035e+01
1.599922268745223697e+01,0.000000000000000000e+00,1.100000000000000089e+00,1.100000000000000089e+00,1.623148201615858710e+01
1.604922268745223590e+01,0.000000000000000000e+00,1.100000000000000089e+00,1.100000000000000089e+00,1.627693656161313385e+01
1.609922268745223661e+01,0.000000000000000000e+00,1.100000000000000089e+00,1.100000000000000089e+00,1.632239110706768059e+01
1.614922268745223732e+01,0.000000000000000000e+00,1.100000000000000089e+00,1.100000000000000089e+00,1.636784565252222734e+01
1.619922268745223448e+01,0.000000000000000000e+00,1.100000000000000089e+00,1.100000000000000089e+00,1.641330019797677053e+01
1.624922268745223519e+01,0.000000000000000000e+00,1.100000000000000089e+00,1.100000000000000089e+00,1.645875474343131728e+01
1.629922268745223590e+01,0.000000000000000000e+00,1.100000000000000089e+00,1.100000000000000089e+00,1.650420928888586403e+01
1.634922268745223661e+01,0.000000000000000000e+00,1.100000000000000089e+00,1.100000000000000089e+00,1.654966383434041077e+01
1.639922268745223732e+01,0.000000000000000000e+00,1.100000000000000089e+00,1.100000000000000089e+00,1.659511837979495752e+01
1.644922268745223448e+01,0.000000000000000000e+00,1.100000000000000089e+00,1.100000000000000089e+00,1.664057292524950071e+01
1.649922268745223519e+01,0.000000000000000000e+00,1.100000000000000089e+00,1.100000000000000089e+00,1.668602747070404746e+01
1.654922268745223590e+01,0.000000000000000000e+00,1.100000000000000089e+00,1.100000000000000089e+00,1.673148201615859421e+01
1.659922268745223661e+01,0.000000000000000000e+00,1.100000000000000089e+00,1.100000000000000089e+00,1.677693656161314095e+01
1.664922268745223732e+01,0.000000000000000000e+00,1.100000000000000089e+00,1.100000000000000089e+00,1.682239110706768770e+01
1.669922268745223448e+01,0.000000000000000000e+00,1.100000000000000089e+00,1.100000000000000089e+00,1.686784565252223089e+01
1.674922268745223519e+01,0.000000000000000000e+00,1.100000000000000089e+00,1.100000000000000089e+00,1.691330019797677764e+01
1.679922268745223590e+01,0.000000000000000000e+00,1.100000000000000089e+00,1.100000000000000089e+00,1.695875474343132439e+01
1.684922268745223661e+01,3.581057661963837208e-02,1.100000000000000089e+00,1.100000000000000089e+00,1.700420928888587113e+01
1.689922243950400826e+01,5.809122370200741070e-01,1.100000000000000089e+00,1.100000000000000089e+00,1.704966360893293498e+01
1.694921795176621515e+01,8.383534021828225047e-01,1.092160422089917482e+00,1.092160422089917482e+00,1.709527661403823018e+01
1.699921328500256834e+01,8.551598675934865001e-01,1.081375048037697795e+00,1.081375048037697795e+00,1.714128031070982772e+01
1.704920884270220682e+01,8.672374146881008938e-01,1.073818784669097637e+00,1.073818784669097637e+00,1.718767572716000203e+01
1.709920495621603820e+01,8.874378194703292921e-01,1.061526972173098660e+00,1.061526972173098660e+00,1.723450291039590709e+01
1.714920113056090045e+01,8.778839151463340151e-01,1.067287576330986809e+00,1.067287576330986809e+00,1.728147381669678140e+01
1.719919672938036115e+01,8.727581336567029613e-01,1.070417122621688089e+00,1.070417122621688089e+00,1.732824884492584872e+01
1.724919194918335563e+01,8.643053066749302182e-01,1.075638677961465728e+00,1.075638677961465728e+00,1.737484150089444768e+01
1.729918711405938936e+01,8.508483698593810596e-01,1.084111407877860644e+00,1.084111407877860644e+00,1.742113867685367623e+01
1.734918260026231707e+01,8.299655250299782239e-01,1.097665396508107571e+00,1.097665396508107571e+00,1.746696874169112590e+01
1.739917904021080730e+01,4.061526832493860262e-01,1.100000000000000089e+00,1.100000000000000089e+00,1.751246833414767679e+01
1.744917904021080446e+01,6.834810495349301528e-13,1.100000000000000089e+00,1.100000000000000089e+00,1.755792287960221998e+01
1.749917904021080517e+01,0.000000000000000000e+00,1.100000000000000089e+00,1.100000000000000089e+00,1.760337742505676673e+01
1.754917904021080588e+01,0.000000000000000000e+00,1.100000000000000089e+00,1.100000000000000089e+00,1.764883197051131347e+01
1.759917904021080659e+01,0.000000000000000000e+00,1.100000000000000089e+00,1.100000000000000089e+00,1.769428651596586022e+01
1.764917904021080730e+01,6.834810495349301528e-13,1.100000000000000089e+00,1.100000000000000089e+00,1.773974106142040696e+01
1.769917904021080446e+01,6.834810495349301528e-13,1.100000000000000089e+00,1.100000000000000089e+00,1.778519560687495016e+01
1.774917904021080517e+01,0.000000000000000000e+00,1.100000000000000089e+00,1.100000000000000089e+00,1.783065015232949690e+01
1.779917904021080588e+01,0.000000000000000000e+00,1.100000000000000089e+00,1.100000000000000089e+00,1.787610469778404365e+01
1.784917904021080659e+01,0.000000000000000000e+00,1.100000000000000089e+00,1.100000000000000089e+00,1.792155924323859040e+01
1.789917904021080730e+01,1.285430095698817894e-12,1.100000000000000089e+00,1.100000000000000089e+00,1.796701378869313714e+01
1.794917904021080801e+01,1.287164819174794701e-12,1.100000000000000089e+00,1.100000000000000089e+00,1.801246833414768034e+01
1.799917904021080872e+01,0.000000000000000000e+00,1.100000000000000089e+00,1.100000000000000089e+00,1.805792287960222708e+01
1.804917904021080943e+01,0.000000000000000000e+00,1.100000000000000089e+00,1.100000000000000089e+00,1.810337742505677383e+01
1.809917904021081014e+01,0.000000000000000000e+00,1.100000000000000089e+00,1.100000000000000089e+00,1.814883197051132058e+01
1.814917904021081085e+01,6.834810495349301528e-13,1.100000000000000089e+00,1.100000000000000089e+00,1.819428651596586732e+01
1.819917904021080801e+01,6.834810495349301528e-13,1.100000000000000089e+00,1.100000000000000089e+00,1.823974106142041052e+01
1.824917904021080872e+01,0.000000000000000000e+00,1.100000000000000089e+00,1.100000000000000089e+00,1.828519560687495726e+01
1.829917904021080943e+01,0.000000000000000000e+00,1.100000000000000089e+00,1.100000000000000089e+00,1.833065015232950401e+01
1.834917904021081014e+01,1.285430095698817894e-12,1.100000000000000089e+00,1.100000000000000089e+00,1.837610469778405076e+01
1.839917904021081085e+01,1.890848588814908353e-12,1.100000000000000089e+00,1.100000000000000089e+00,1.842155924323859395e+01
1.844917904021080801e+01,6.036837696399616855e-13,1.100000000000000089e+00,1.079455459980726895e+00,1.846744226394546473e+01
1.849917904021080872e+01,0.000000000000000000e+00,1.100000000000000089e+00,1.032096938316455548e+00,1.851480078560973652e+01
1.854917904021080943e+01,1.285430095698817894e-12,1.100000000000000089e+00,9.824581874472826382e-01,1.856443953647890766e+01
1.859917904021081014e+01,1.287164819174794701e-12,1.100000000000000089e+00,9.301742256600112890e-01,1.861672349826617889e+01
1.864917904021081085e+01,0.000000000000000000e+00,1.100000000000000089e+00,8.747708786203391984e-01,1.867212684530585065e+01
1.869917904021081156e+01,0.000000000000000000e+00,1.100000000000000089e+00,8.156127083868904837e-01,1.873128501553929937e+01
1.874917904021081227e+01,1.285430095698817894e-12,1.100000000000000089e+00,7.518138666466570585e-01,1.879508385727953268e+01
1.879917904021081299e+01,1.074995343915801510e-02,1.100000000000000089e+00,6.820733758784307543e-01,1.886482434804775821e+01
1.884917894894157797e+01,2.088013208424114531e+00,6.920434765615092187e-01,6.043378795182953178e-01,1.894255984440789220e+01
1.889910667061112193e+01,3.768340097468297678e+00,5.151396211529265523e-01,5.151396211529265523e-01,1.903175810277326008e+01
1.894903235516536100e+01,2.748373300226950366e+00,6.032011204781361213e-01,6.032011204781361213e-01,1.912104338532752834e+01
1.899902712236756841e+01,1.252413100435121052e-01,1.100000000000000089e+00,6.679675321821838541e-01,1.919970291976078869e+01
1.904902663849520295e+01,2.377502994697938465e+00,6.485440266727668934e-01,5.883719842024184299e-01,1.927929846774055278e+01
1.909894193830409392e+01,4.059248924329518005e+00,4.963375788478120998e-01,4.963375788478120998e-01,1.937133287309515950e+01
1.914885646461331348e+01,2.826631150800856584e+00,5.947924259574183248e-01,5.883706695569929090e-01,1.946336596380433903e+01
1.919885292400239862e+01,1.144645229119964636e-01,1.100000000000000089e+00,6.679617979893128776e-01,1.954295709223665867e+01
1.924885292400239578e+01,2.081668171172230676e-14,1.100000000000000089e+00,7.390351571969405731e-01,1.961403045144428603e+01
1.929885292400240004e+01,6.210310043996565501e-13,1.100000000000000089e+00,8.038488437343886961e-01,1.967884413798173426e+01
1.934885292400239720e+01,1.266348137463107145e-12,1.100000000000000089e+00,8.638130373947311424e-01,1.973880833164207615e+01
1.939885292400239791e+01,0.000000000000000000e+00,1.100000000000000089e+00,9.198766023620297272e-01,1.979487189660937574e+01
1.944885292400239862e+01,1.266348137463107145e-12,1.100000000000000089e+00,9.727142250286630043e-01,1.984770951927600890e+01
1.949885292400239578e+01,1.266348137463107145e-12,1.100000000000000089e+00,1.022825969348212238e+00,1.989782126359555647e+01
1.954885292400239649e+01,1.266348137463107145e-12,1.100000000000000089e+00,1.070594677538194484e+00,1.994558997178553739e+01
1.959885292400239365e+01,6.245004513516099624e-13,1.100000000000000089e+00,1.100000000000000089e+00,1.999166029575473402e+01
1.964885292400239791e+01,6.453171330632991338e-13,1.100000000000000089e+00,1.100000000000000089e+00,2.003711484120928432e+01
1.969885292400239862e+01,6.210310043997745890e-13,1.100000000000000089e+00,1.100000000000000089e+00,2.008256938666383107e+01
1.974885292400239578e+01,6.245004513517287080e-13,1.100000000000000089e+00,1.100000000000000089e+00,2.012802393211837071e+01
1.979885292400239649e+01,6.418476861113459235e-13,1.100000000000000089e+00,1.100000000000000089e+00,2.017347847757291746e+01
1.984885292400240075e+01,6.210310043996565501e-13,1.100000000000000089e+00,1.100000000000000089e+00,2.021893302302746775e+01
1.989885292400239791e+01,1.266348137463107145e-12,1.100000000000000089e+00,1.100000000000000089e+00,2.026438756848201095e+01
1.994885292400239862e+01,1.266348137463107145e-12,1.100000000000000089e+00,1.100000000000000089e+00,2.030984211393655769e+01
1.999885292400239578e+01,1.266348137463107145e-12,1.100000000000000089e+00,1.100000000000000089e+00,2.035529665939110089e+01
2.004885292400239649e+01,0.000000000000000000e+00,1.100000000000000089e+00,1.100000000000000089e+00,2.040075120484564764e+01
2.009885292400239720e+01,1.266348137463107145e-12,1.100000000000000089e+00,1.100000000000000089e+00,2.044620575030019438e+01
2.014885292400239436e+01,6.245004513516099624e-13,1.100000000000000089e+00,1.100000000000000089e+00,2.049166029575473758e+01
2.019885292400239862e+01,2.081668171172230676e-14,1.100000000000000089e+00,1.100000000000000089e+00,2.053711484120928787e+01
2.024885292400239578e+01,6.245004513517287080e-13,1.100000000000000089e+00,1.100000000000000089e+00,2.058256938666382752e+01
2.029885292400239649e+01,6.418476861113459235e-13,1.100000000000000089e+00,1.100000000000000089e+00,2.062802393211837426e+01
2.034885292400240075e+01,6.453171330632991338e-13,1.100000000000000089e+00,1.100000000000000089e+00,2.067347847757292456e+01
2.039885292400240147e+01,1.266348137463107145e-12,1.100000000000000089e+00,1.100000000000000089e+00,2.071893302302747131e+01
2.044885292400239862e+01,1.266348137463107145e-12,1.100000000000000089e+00,1.100000000000000089e+00,2.076438756848201450e+01
2.049885292400239933e+01,1.266348137463107145e-12,1.100000000000000089e+00,1.100000000000000089e+00,2.080984211393656125e+01
2.054885292400239649e+01,1.266348137463107145e-12,1.100000000000000089e+00,1.100000000000000089e+00,2.085529665939110444e+01
2.059885292400239720e+01,0.000000000000000000e+00,1.100000000000000089e+00,1.100000000000000089e+00,2.090075120484565119e+01
2.064885292400239791e+01,1.908195823574364211e-12,1.100000000000000089e+00,1.100000000000000089e+00,2.094620575030019793e+01
2.069885292400239862e+01,2.553512956637936379e-12,1.100000000000000089e+00,1.100000000000000089e+00,2.099166029575474468e+01
2.074885292400239578e+01,1.908195823574726103e-12,1.100000000000000089e+00,1.100000000000000089e+00,2.103711484120928787e+01
2.079885292400239294e+01,1.266348137463107145e-12,1.100000000000000089e+00,1.100000000000000089e+00,2.108256938666383107e+01
2.084885292400239365e+01,6.418476861113459235e-13,1.100000000000000089e+00,1.100000000000000089e+00,2.112802393211837781e+01
2.089885292400239791e+01,6.453171330632991338e-13,1.100000000000000089e+00,1.100000000000000089e+00,2.117347847757292811e+01
2.094885292400239862e+01,6.210310043997745890e-13,1.100000000000000089e+00,1.100000000000000089e+00,2.121893302302747486e+01
2.099885292400239578e+01,2.081668171172230676e-14,1.100000000000000089e+00,1.100000000000000089e+00,2.126438756848201450e+01
2.104885292400240004e+01,6.210310043996565501e-13,1.100000000000000089e+00,1.100000000000000089e+00,2.130984211393656480e+01
2.109885292400239720e+01,1.266348137463107145e-12,1.100000000000000089e+00,1.100000000000000089e+00,2.135529665939110799e+01
2.114885292400239791e+01,0.000000000000000000e+00,1.100000000000000089e+00,1.100000000000000089e+00,2.140075120484565474e+01
2.119885292400239862e+01,1.266348137463107145e-12,1.100000000000000089e+00,1.100000000000000089e+00,2.144620575030020149e+01
2.124885292400239578e+01,1.266348137463107145e-12,1.100000000000000089e+00,1.100000000000000089e+00,2.149166029575474468e+01
2.129885292400239649e+01,1.266348137463107145e-12,1.100000000000000089e+00,1.100000000000000089e+00,2.153711484120929143e+01
2.134885292400239365e+01,6.245004513516099624e-13,1.100000000000000089e+00,1.100000000000000089e+00,2.158256938666383462e+01
2.139885292400239791e+01,6.453171330632991338e-13,1.100000000000000089e+00,1.100000000000000089e+00,2.162802393211838492e+01
2.144885292400239862e+01,6.210310043997745890e-13,1.100000000000000089e+00,1.100000000000000089e+00,2.167347847757293167e+01
2.149885292400239578e+01,6.245004513517287080e-13,1.100000000000000089e+00,1.100000000000000089e+00,2.171893302302747131e+01
2.154885292400239649e+01,6.418476861113459235e-13,1.100000000000000089e+00,1.100000000000000089e+00,2.176438756848201805e+01
2.159885292400240075e+01,6.210310043996565501e-13,1.100000000000000089e+00,1.100000000000000089e+00,2.180984211393656835e+01
2.164885292400239791e+01,1.266348137463107145e-12,1.100000000000000089e+00,1.100000000000000089e+00,2.185529665939111155e+01
2.169885292400239862e+01,1.266348137463107145e-12,1.100000000000000089e+00,1.100000000000000089e+00,2.190075120484565829e+01
2.174885292400239578e+01,1.266348137463107145e-12,1.100000000000000089e+00,1.100000000000000089e+00,2.194620575030020149e+01
2.179885292400239649e+01,0.000000000000000000e+00,1.100000000000000089e+00,1.100000000000000089e+00,2.199166029575474823e+01
2.184885292400239720e+01,1.266348137463107145e-12,1.100000000000000089e+00,1.100000000000000089e+00,2.203711484120929498e+01
2.189885292400239436e+01,6.245004513516099624e-13,1.100000000000000089e+00,1.100000000000000089e+00,2.208256938666383817e+01
2.194885292400239862e+01,2.081668171172230676e-14,1.100000000000000089e+00,1.100000000000000089e+00,2.212802393211838847e+01
2.199885292400239578e+01,6.245004513517287080e-13,1.100000000000000089e+00,1.100000000000000089e+00,2.217347847757292811e+01
2.204885292400239649e+01,0.000000000000000000e+00,1.100000000000000089e+00,1.100000000000000089e+00,2.221893302302747486e+01
2.209885292400239720e+01,6.418476861113459235e-13,1.100000000000000089e+00,1.100000000000000089e+00,2.226438756848202161e+01
2.214885292400240147e+01,6.659710996704336361e-02,1.100000000000000089e+00,1.100000000000000089e+00,2.230984211393657191e+01
2.219885256897685366e+01,3.316267947991054510e-01,1.100000000000000089e+00,1.100000000000000089e+00,2.235529633664062032e+01
2.224885168590205353e+01,3.722109953882445366e-01,1.100000000000000089e+00,1.100000000000000089e+00,2.240075007929988971e+01
2.229885072855829620e+01,3.740785044336990550e-01,1.100000000000000089e+00,1.100000000000000089e+00,2.244620375444192817e+01
2.234884971282898292e+01,3.755807982421102698e-01,1.100000000000000089e+00,1.100000000000000089e+00,2.249165737650618979e+01
2.239884865798941149e+01,3.767100701593796286e-01,1.100000000000000089e+00,1.100000000000000089e+00,2.253711096301566741e+01
2.244884758598114871e+01,3.774603983373100435e-01,1.100000000000000089e+00,1.100000000000000089e+00,2.258256453391724605e+01
2.249884652057378887e+01,3.778278186230749625e-01,1.100000000000000089e+00,1.100000000000000089e+00,2.262801811081964587e+01
2.254884548644538356e+01,3.778103738149417579e-01,1.100000000000000089e+00,1.100000000000000089e+00,2.267347171615745793e+01
2.259884450821574831e+01,3.774081381185843131e-01,1.100000000000000089e+00,1.100000000000000089e+00,2.271892537231233433e+01
2.264884360946860298e+01,3.766232163328955274e-01,1.100000000000000089e+00,1.100000000000000089e+00,2.276437910072402104e+01
2.269884281179901109e+01,3.754597177380982753e-01,1.100000000000000089e+00,1.100000000000000089e+00,2.280983292102439108e+01
2.274884213392163090e+01,3.783385966831584457e-01,1.100000000000000089e+00,1.100000000000000089e+00,2.285528685022677209e+01
2.279884149256329451e+01,3.731488954027206706e-01,1.100000000000000089e+00,1.100000000000000089e+00,2.290074081262828543e+01
2.284884078215200276e+01,3.032641743168076331e-01,1.100000000000000089e+00,1.100000000000000089e+00,2.294619471225438190e+01
2.289884065924412582e+01,3.850352781893861404e-02,1.100000000000000089e+00,1.100000000000000089e+00,2.299164914597449538e+01
2.294884065924412653e+01,9.506284648352706987e-13,1.100000000000000089e+00,1.100000000000000089e+00,2.303710369142904213e+01
2.299884065924412724e+01,0.000000000000000000e+00,1.100000000000000089e+00,1.100000000000000089e+00,2.308255823688358532e+01
2.304884065924412795e+01,0.000000000000000000e+00,1.100000000000000089e+00,1.100000000000000089e+00,2.312801278233812852e+01
2.309884065924412866e+01,9.506284648352706987e-13,1.100000000000000089e+00,1.100000000000000089e+00,2.317346732779267171e+01
2.314884065924412937e+01,0.000000000000000000e+00,1.100000000000000089e+00,1.100000000000000089e+00,2.321892187324721846e+01
2.319884065924413008e+01,8.430756093248377039e-13,1.100000000000000089e+00,1.100000000000000089e+00,2.326437641870176520e+01
2.324884065924412369e+01,8.465450562767918230e-13,1.100000000000000089e+00,1.100000000000000089e+00,2.330983096415630484e+01
2.329884065924412440e+01,1.054711873393718373e-12,1.100000000000000089e+00,1.100000000000000089e+00,2.335528550961085159e+01
2.334884065924412866e+01,1.054711873393718373e-12,1.100000000000000089e+00,1.100000000000000089e+00,2.340074005506540189e+01
2.339884065924412937e+01,9.506284648352706987e-13,1.100000000000000089e+00,1.100000000000000089e+00,2.344619460051994864e+01
2.344884065924413008e+01,1.058181320345989652e-12,1.100000000000000089e+00,1.100000000000000089e+00,2.349164914597449183e+01
2.349884065924412724e+01,1.054711873394035634e-12,1.100000000000000089e+00,1.100000000000000089e+00,2.353710369142903502e+01
2.354884065924412795e+01,9.506284648352706987e-13,1.100000000000000089e+00,1.100000000000000089e+00,2.358255823688357822e+01
2.359884065924412866e+01,1.901256929670692455e-12,1.100000000000000089e+00,1.100000000000000089e+00,2.362801278233812496e+01
2.364884065924412582e+01,1.901256929670692455e-12,1.100000000000000089e+00,1.100000000000000089e+00,2.367346732779266816e+01
2.369884065924412653e+01,0.000000000000000000e+00,1.100000000000000089e+00,1.100000000000000089e+00,2.371892187324721490e+01
2.374884065924412724e+01,1.901256929670692455e-12,1.100000000000000089e+00,1.100000000000000089e+00,2.376437641870176165e+01
2.379884065924412440e+01,3.802513859340781488e-12,1.100000000000000089e+00,1.100000000000000089e+00,2.380983096415630484e+01
2.384884065924413221e+01,3.802513859340781488e-12,1.100000000000000089e+00,1.100000000000000089e+00,2.385528550961085514e+01
2.389884065924412937e+01,1.901256929670692455e-12,1.100000000000000089e+00,1.100000000000000089e+00,2.390074005506539834e+01
2.394884065924413008e+01,9.506284648352706987e-13,1.100000000000000089e+00,1.100000000000000089e+00,2.394619460051994508e+01
2.399884065924413079e+01,0.000000000000000000e+00,1.100000000000000089e+00,1.100000000000000089e+00,2.399164914597448828e+01
2.404884065924413150e+01,0.000000000000000000e+00,1.100000000000000089e+00,1.100000000000000089e+00,2.403710369142903147e+01
2.409884065924413221e+01,9.506284648352706987e-13,1.100000000000000089e+00,1.100000000000000089e+00,2.408255823688357466e+01
2.414884065924413292e+01,0.000000000000000000e+00,1.100000000000000089e+00,1.100000000000000089e+00,2.412801278233812141e+01
2.419884065924413363e+01,1.901256929670692455e-12,1.100000000000000089e+00,1.100000000000000089e+00,2.417346732779266816e+01
2.424884065924413079e+01,1.901256929670692455e-12,1.100000000000000089e+00,1.100000000000000089e+00,2.421892187324721135e+01
2.429884065924413150e+01,0.000000000000000000e+00,1.100000000000000089e+00,1.100000000000000089e+00,2.426437641870175810e+01
2.434884065924413221e+01,0.000000000000000000e+00,1.100000000000000089e+00,1.100000000000000089e+00,2.430983096415630484e+01
2.439884065924413292e+01,9.506284648352706987e-13,1.100000000000000089e+00,1.100000000000000089e+00,2.435528550961085159e+01
2.444884065924413363e+01,1.058181320345989652e-12,1.100000000000000089e+00,1.100000000000000089e+00,2.440074005506539478e+01
2.449884065924413079e+01,1.054711873394035634e-12,1.100000000000000089e+00,1.100000000000000089e+00,2.444619460051993798e+01
2.454884065924413150e+01,1.040834085585988710e-13,1.100000000000000089e+00,1.100000000000000089e+00,2.449164914597448117e+01
2.459884065924413576e+01,8.465450562766710578e-13,1.100000000000000089e+00,1.100000000000000089e+00,2.453710369142903147e+01
2.464884065924413292e+01,1.901256929670692455e-12,1.100000000000000089e+00,1.100000000000000089e+00,2.458255823688357466e+01
2.469884065924413363e+01,1.058181320345822237e-12,1.100000000000000089e+00,1.100000000000000089e+00,2.462801278233812141e+01
2.474884065924413434e+01,2.955968803064862991e-12,1.100000000000000089e+00,1.100000000000000089e+00,2.467346732779266461e+01
2.479884065924413150e+01,3.802513859340781488e-12,1.100000000000000089e+00,1.100000000000000089e+00,2.471892187324720780e+01
2.484884065924413932e+01,3.802513859340781488e-12,1.100000000000000089e+00,1.100000000000000089e+00,2.476437641870175810e+01
2.489884065924413648e+01,8.465450562766710578e-13,1.100000000000000089e+00,1.100000000000000089e+00,2.480983096415630129e+01
2.494884065924414074e+01,1.158795281952482905e-12,1.100000000000000089e+00,1.100000000000000089e+00,2.485528550961085159e+01
2.499884065924413790e+01,1.054711873394035634e-12,1.100000000000000089e+00,1.100000000000000089e+00,2.490074005506539478e+01
2.504884065924413861e+01,0.000000000000000000e+00,1.100000000000000089e+00,1.100000000000000089e+00,2.494619460051993798e+01
2.509884065924413932e+01,9.506284648352706987e-13,1.100000000000000089e+00,1.100000000000000089e+00,2.499164914597448117e+01
2.514884065924414003e+01,0.000000000000000000e+00,1.100000000000000089e+00,1.100000000000000089e+00,2.503710369142902792e+01
2.519884065924414074e+01,1.901256929670692455e-12,1.100000000000000089e+00,1.100000000000000089e+00,2.508255823688357466e+01
2.524884065924413790e+01,1.901256929670692455e-12,1.100000000000000089e+00,1.100000000000000089e+00,2.512801278233811786e+01
2.529884065924413861e+01,0.000000000000000000e+00,1.100000000000000089e+00,1.100000000000000089e+00,2.517346732779266461e+01
2.534884065924413932e+01,0.000000000000000000e+00,1.100000000000000089e+00,1.100000000000000089e+00,2.521892187324721135e+01
2.539884065924414003e+01,9.506284648352706987e-13,1.100000000000000089e+00,1.100000000000000089e+00,2.526437641870175810e+01
2.544884065924414074e+01,1.058181320345989652e-12,1.100000000000000089e+00,1.100000000000000089e+00,2.530983096415630129e+01
2.549884065924413790e+01,2.112893193739874230e-12,1.100000000000000089e+00,1.100000000000000089e+00,2.535528550961084449e+01
2.554884065924413861e+01,2.005340338229004824e-12,1.100000000000000089e+00,1.100000000000000089e+00,2.540074005506539123e+01
2.559884065924413932e+01,0.000000000000000000e+00,1.100000000000000089e+00,1.100000000000000089e+00,2.544619460051993798e+01
2.564884065924414003e+01,1.901256929670692455e-12,1.100000000000000089e+00,1.100000000000000089e+00,2.549164914597448472e+01
2.569884065924413719e+01,2.959438250016817413e-12,1.100000000000000089e+00,1.100000000000000089e+00,2.553710369142902792e+01
2.574884065924413790e+01,2.955968803064862991e-12,1.100000000000000089e+00,1.100000000000000089e+00,2.558255823688357111e+01
2.579884065924413505e+01,3.802513859340781488e-12,1.100000000000000089e+00,1.100000000000000089e+00,2.562801278233811431e+01
2.584884065924414287e+01,3.906597267898792146e-12,1.100000000000000089e+00,1.100000000000000089e+00,2.567346732779266461e+01
2.589884065924414358e+01,1.054711873393885183e-12,1.100000000000000089e+00,1.100000000000000089e+00,2.571892187324721135e+01
2.594884065924414429e+01,1.058181320345989652e-12,1.100000000000000089e+00,1.100000000000000089e+00,2.576437641870175455e+01
2.599884065924414145e+01,1.054711873394035634e-12,1.100000000000000089e+00,1.100000000000000089e+00,2.580983096415629774e+01
2.604884065924414216e+01,0.000000000000000000e+00,1.100000000000000089e+00,1.100000000000000089e+00,2.585528550961084093e+01
2.609884065924414287e+01,9.506284648352706987e-13,1.100000000000000089e+00,1.100000000000000089e+00,2.590074005506538413e+01
2.614884065924414358e+01,0.000000000000000000e+00,1.100000000000000089e+00,1.100000000000000089e+00,2.594619460051993087e+01
2.619884065924414429e+01,1.901256929670692455e-12,1.100000000000000089e+00,1.100000000000000089e+00,2.599164914597447762e+01
2.624884065924414145e+01,3.802513859340781488e-12,1.100000000000000089e+00,1.100000000000000089e+00,2.603710369142902081e+01
2.629884065924414926e+01,3.802513859340781488e-12,1.100000000000000089e+00,1.100000000000000089e+00,2.608255823688357111e+01
2.634884065924414642e+01,1.901256929670692455e-12,1.100000000000000089e+00,1.100000000000000089e+00,2.612801278233811431e+01
2.639884065924414713e+01,1.890026616834810103e-01,1.100000000000000089e+00,1.100000000000000089e+00,2.617346732779266105e+01
2.644884015495802032e+01,3.670386763044795608e-01,1.100000000000000089e+00,1.100000000000000089e+00,2.621892141480527272e+01
2.649883721514085977e+01,4.196793323870274817e-01,1.100000000000000089e+00,1.100000000000000089e+00,2.626437328769876345e+01
2.654883374049708422e+01,4.296855220281651233e-01,1.100000000000000089e+00,1.100000000000000089e+00,2.630982467438624184e+01
2.659883008817366346e+01,4.393032972664813185e-01,1.100000000000000089e+00,1.100000000000000089e+00,2.635527589954676841e+01
2.664882656869442101e+01,4.484605686698992510e-01,1.100000000000000089e+00,1.100000000000000089e+00,2.640072724547473015e+01
2.669882344862222112e+01,4.570848632160506853e-01,1.100000000000000089e+00,1.100000000000000089e+00,2.644617895450000233e+01
2.674882095396270643e+01,4.651044853446702487e-01,1.100000000000000089e+00,1.100000000000000089e+00,2.649163123208226267e+01
2.679881927421203258e+01,4.724497680303990643e-01,1.100000000000000089e+00,1.100000000000000089e+00,2.653708425049074293e+01
2.684881856693130686e+01,4.909978842086157869e-01,1.100000000000000089e+00,1.100000000000000089e+00,2.658253815296281175e+01
2.689881856693130757e+01,5.063286302501048830e-01,1.100000000000000089e+00,1.100000000000000089e+00,2.662799269841735850e+01
2.694881818897431103e+01,4.884501991235976615e-01,1.100000000000000089e+00,1.100000000000000089e+00,2.667344690027463372e+01
2.699881683832637336e+01,4.927332350251687476e-01,1.100000000000000089e+00,1.100000000000000089e+00,2.671890021786741798e+01
2.704881467462996625e+01,4.960861308893906307e-01,1.100000000000000089e+00,1.100000000000000089e+00,2.676435279632523034e+01
2.709881184159780787e+01,4.984739697300784034e-01,1.100000000000000089e+00,1.100000000000000089e+00,2.680980476629599352e+01
2.714880847048947032e+01,4.998714583894965369e-01,1.100000000000000089e+00,1.100000000000000089e+00,2.685525624710659542e+01
2.719880468367917814e+01,5.002635526095197127e-01,1.100000000000000089e+00,1.100000000000000089e+00,2.690070735000632851e+01
2.724880059830308099e+01,4.996458352207132636e-01,1.100000000000000089e+00,1.100000000000000089e+00,2.694615818148260544e+01
2.729879632998006045e+01,4.980246302567261640e-01,1.100000000000000089e+00,1.100000000000000089e+00,2.699160884664349425e+01
2.734879199660070981e+01,4.954168478406494880e-01,1.100000000000000089e+00,1.100000000000000089e+00,2.703705945266226607e+01
2.739878772217604208e+01,4.918495667554174666e-01,1.100000000000000089e+00,1.100000000000000089e+00,2.708251011227620353e+01
2.744878364072962995e+01,4.873593732523622823e-01,1.100000000000000089e+00,1.100000000000000089e+00,2.712796094732491881e+01
2.749877990020562279e+01,4.819914852313050835e-01,1.100000000000000089e+00,1.100000000000000089e+00,2.717341209230309573e+01
2.754877666635193734e+01,4.757986990433716867e-01,1.100000000000000089e+00,1.100000000000000089e+00,2.721886369789065441e+01
2.759877412652388884e+01,4.688402023171034938e-01,1.100000000000000089e+00,1.100000000000000089e+00,2.726431593441060741e+01
2.764877249334122666e+01,4.611802993029547881e-01,1.100000000000000089e+00,1.100000000000000089e+00,2.730976899515363954e+01
2.769877200812154783e+01,4.816774755655010565e-01,1.100000000000000089e+00,1.100000000000000089e+00,2.735522309949938347e+01
2.774877200812154854e+01,4.625364279210271157e-01,1.100000000000000089e+00,1.100000000000000089e+00,2.740067764495392666e+01
2.779877117583247426e+01,4.371265839955999488e-01,1.100000000000000089e+00,1.100000000000000089e+00,2.744613143378204256e+01
2.784876923441257190e+01,4.273877125312434688e-01,1.100000000000000089e+00,1.100000000000000089e+00,2.749158421430940535e+01
2.789876647310606472e+01,4.172742564424869460e-01,1.100000000000000089e+00,1.100000000000000089e+00,2.753703624948530759e+01
2.794876323261823714e+01,2.928696411906767660e-01,1.100000000000000089e+00,1.100000000000000089e+00,2.758248784904182926e+01
2.799876239389329413e+01,1.167033064886267707e-01,1.100000000000000089e+00,1.100000000000000089e+00,2.762794163201915509e+01
2.804876239389330195e+01,0.000000000000000000e+00,1.100000000000000089e+00,1.100000000000000089e+00,2.767339617747370895e+01
2.809876239389329911e+01,0.000000000000000000e+00,1.100000000000000089e+00,1.100000000000000089e+00,2.771885072292825214e+01
2.814876239389329982e+01,0.000000000000000000e+00,1.100000000000000089e+00,1.100000000000000089e+00,2.776430526838279889e+01
2.819876239389330053e+01,0.000000000000000000e+00,1.100000000000000089e+00,1.100000000000000089e+00,2.780975981383734563e+01
2.824876239389329413e+01,0.000000000000000000e+00,1.100000000000000089e+00,1.100000000000000089e+00,2.785521435929188527e+01
2.829876239389330195e+01,0.000000000000000000e+00,1.100000000000000089e+00,1.100000000000000089e+00,2.790066890474643913e+01
2.834876239389329911e+01,0.000000000000000000e+00,1.100000000000000089e+00,1.100000000000000089e+00,2.794612345020098232e+01
2.839876239389329982e+01,0.000000000000000000e+00,1.100000000000000089e+00,1.100000000000000089e+00,2.799157799565552907e+01
2.844876239389330053e+01,0.000000000000000000e+00,1.100000000000000089e+00,1.100000000000000089e+00,2.803703254111007581e+01
2.849876239389329413e+01,0.000000000000000000e+00,1.100000000000000089e+00,1.100000000000000089e+00,2.808248708656461545e+01
2.854876239389330195e+01,0.000000000000000000e+00,1.100000000000000089e+00,1.100000000000000089e+00,2.812794163201916930e+01
2.859876239389329911e+01,0.000000000000000000e+00,1.100000000000000089e+00,1.100000000000000089e+00,2.817339617747371250e+01
2.864876239389329982e+01,0.000000000000000000e+00,1.100000000000000089e+00,1.100000000000000089e+00,2.821885072292825924e+01
2.869876239389330053e+01,0.000000000000000000e+00,1.100000000000000089e+00,1.100000000000000089e+00,2.826430526838280599e+01
2.874876239389329413e+01,0.000000000000000000e+00,1.100000000000000089e+00,1.100000000000000089e+00,2.830975981383734563e+01
2.879876239389330195e+01,0.000000000000000000e+00,1.100000000000000089e+00,1.100000000000000089e+00,2.835521435929189948e+01
2.884876239389329911e+01,0.000000000000000000e+00,1.100000000000000089e+00,1.100000000000000089e+00,2.840066890474644268e+01
2.889876239389329982e+01,0.000000000000000000e+00,1.100000000000000089e+00,1.100000000000000089e+00,2.844612345020098942e+01
2.894876239389330053e+01,0.000000000000000000e+00,1.100000000000000089e+00,1.100000000000000089e+00,2.849157799565553617e+01
2.899876239389329413e+01,0.000000000000000000e+00,1.100000000000000089e+00,1.100000000000000089e+00,2.853703254111007581e+01
2.904876239389330195e+01,0.000000000000000000e+00,1.100000000000000089e+00,1.100000000000000089e+00,2.858248708656462966e+01
2.909876239389329911e+01,0.000000000000000000e+00,1.100000000000000089e+00,1.100000000000000089e+00,2.862794163201917286e+01
2.914876239389329982e+01,0.000000000000000000e+00,1.100000000000000089e+00,1.100000000000000089e+00,2.867339617747371960e+01
2.919876239389330053e+01,0.000000000000000000e+00,1.100000000000000089e+00,1.100000000000000089e+00,2.871885072292826635e+01
2.924876239389329413e+01,0.000000000000000000e+00,1.100000000000000089e+00,1.100000000000000089e+00,2.876430526838280599e+01
2.929876239389330195e+01,0.000000000000000000e+00,1.100000000000000089e+00,1.100000000000000089e+00,2.880975981383735984e+01
2.934876239389329911e+01,0.000000000000000000e+00,1.100000000000000089e+00,1.100000000000000089e+00,2.885521435929190304e+01
2.939876239389329982e+01,0.000000000000000000e+00,1.100000000000000089e+00,1.100000000000000089e+00,2.890066890474644978e+01
2.944876239389330053e+01,0.000000000000000000e+00,1.100000000000000089e+00,1.100000000000000089e+00,2.894612345020099653e+01
2.949876239389329413e+01,0.000000000000000000e+00,1.100000000000000089e+00,1.100000000000000089e+00,2.899157799565553617e+01
2.954876239389330195e+01,0.000000000000000000e+00,1.100000000000000089e+00,1.100000000000000089e+00,2.903703254111009002e+01
2.959876239389329911e+01,0.000000000000000000e+00,1.100000000000000089e+00,1.100000000000000089e+00,2.908248708656463322e+01
2.964876239389329982e+01,0.000000000000000000e+00,1.100000000000000089e+00,1.100000000000000089e+00,2.912794163201917996e+01
2.969876239389330053e+01,0.000000000000000000e+00,1.100000000000000089e+00,1.100000000000000089e+00,2.917339617747372671e+01
2.974876239389329413e+01,0.000000000000000000e+00,1.100000000000000089e+00,1.100000000000000089e+00,2.921885072292826635e+01
2.979876239389330195e+01,0.000000000000000000e+00,1.100000000000000089e+00,1.100000000000000089e+00,2.926430526838282020e+01
2.984876239389329911e+01,0.000000000000000000e+00,1.100000000000000089e+00,1.100000000000000089e+00,2.930975981383736340e+01
2.989876239389329982e+01,0.000000000000000000e+00,1.100000000000000089e+00,1.100000000000000089e+00,2.935521435929191014e+01
2.994876239389330053e+01,0.000000000000000000e+00,1.100000000000000089e+00,1.100000000000000089e+00,2.940066890474645689e+01
2.999876239389329413e+01,0.000000000000000000e+00,1.100000000000000089e+00,1.100000000000000089e+00,2.944612345020099653e+01
3.004876239389330195e+01,0.000000000000000000e+00,1.100000000000000089e+00,1.100000000000000089e+00,2.949157799565555038e+01
3.009876239389329911e+01,0.000000000000000000e+00,1.100000000000000089e+00,1.100000000000000089e+00,2.953703254111009358e+01
3.014876239389329626e+01,0.000000000000000000e+00,1.100000000000000089e+00,1.100000000000000089e+00,2.958248708656463677e+01
3.019876239389330053e+01,0.000000000000000000e+00,1.100000000000000089e+00,1.100000000000000089e+00,2.962794163201918707e+01
3.024876239389329768e+01,0.000000000000000000e+00,1.100000000000000089e+00,1.100000000000000089e+00,2.967339617747373026e+01
3.029876239389330195e+01,0.000000000000000000e+00,1.100000000000000089e+00,1.100000000000000089e+00,2.971885072292828056e+01
3.034876239389329911e+01,0.000000000000000000e+00,1.100000000000000089e+00,1.100000000000000089e+00,2.976430526838282375e+01
3.039876239389329626e+01,0.000000000000000000e+00,1.100000000000000089e+00,1.100000000000000089e+00,2.980975981383736695e+01
3.044876239389330053e+01,0.000000000000000000e+00,1.100000000000000089e+00,1.100000000000000089e+00,2.985521435929191725e+01
3.049876239389329768e+01,0.000000000000000000e+00,1.100000000000000089e+00,1.100000000000000089e+00,2.990066890474646044e+01
3.054876239389330195e+01,0.000000000000000000e+00,1.100000000000000089e+00,1.100000000000000089e+00,2.994612345020101074e+01
3.059876239389329911e+01,0.000000000000000000e+00,1.100000000000000089e+00,1.100000000000000089e+00,2.999157799565555393e+01
3.064876239389329626e+01,0.000000000000000000e+00,1.100000000000000089e+00,1.100000000000000089e+00,3.003703254111009713e+01
3.069876239389330053e+01,0.000000000000000000e+00,1.100000000000000089e+00,1.100000000000000089e+00,3.008248708656464743e+01
3.074876239389329768e+01,0.000000000000000000e+00,1.100000000000000089e+00,1.055534699721731418e+00,3.012887928800445891e+01
3.079876239389330195e+01,8.613995762538140255e-02,1.100000000000000089e+00,1.007051886605966784e+00,3.017736210112022377e+01
3.084876119306408881e+01,9.516277777500243840e-01,1.025100498604218702e+00,9.561150056217406767e-01,3.022829898210444810e+01
3.089875258232361688e+01,1.228240000478914906e+00,9.023154245916460425e-01,9.023154245916460425e-01,3.028209856313454296e+01
3.094874325866266318e+01,1.275650426284162586e+00,8.853890789115796967e-01,8.853890789115796967e-01,3.033802578851332754e+01
3.099873391058738292e+01,1.314688712068488474e+00,8.721446739224691935e-01,8.721446739224691935e-01,3.039491306233564671e+01
3.104872420742805517e+01,1.294885920147627045e+00,8.787882585293320670e-01,8.787882585293320670e-01,3.045201438919306014e+01
3.109871430368293943e+01,1.306438595775850642e+00,8.748941223930972733e-01,8.748941223930972733e-01,3.050902596300905500e+01
3.114870489181905100e+01,1.284568670865983586e+00,8.823102754159416472e-01,8.823102754159416472e-01,3.056592382668210561e+01
3.119869571732444413e+01,1.228783984088793080e+00,9.021156746174255892e-01,9.021156746174255892e-01,3.062195397520629569e+01
3.124868694259825119e+01,9.641122931135507335e-01,1.018441738961519460e+00,9.559263261036741177e-01,3.067576462669254411e+01
3.129868547051508898e+01,9.813086009801506859e-02,1.100000000000000089e+00,1.006872482875435848e+00,3.072671078346430562e+01
3.134868547051508969e+01,1.210836986231854367e-12,1.100000000000000089e+00,1.055363537730835910e+00,3.077520183831970613e+01
3.139868547051508685e+01,1.491862189339919200e-12,1.100000000000000089e+00,1.100000000000000089e+00,3.082159772386265217e+01
3.144868547051509111e+01,2.980254931728426411e-12,1.100000000000000089e+00,1.100000000000000089e+00,3.086705226931720247e+01
3.149868547051508472e+01,2.976785484776472797e-12,1.100000000000000089e+00,1.100000000000000089e+00,3.091250681477174211e+01
3.154868547051508898e+01,2.699229728619517232e-12,1.100000000000000089e+00,1.100000000000000089e+00,3.095796136022629241e+01
3.159868547051508969e+01,1.210836986231854367e-12,1.100000000000000089e+00,1.100000000000000089e+00,3.100341590568083916e+01
3.164868547051508685e+01,1.491862189339919200e-12,1.100000000000000089e+00,1.100000000000000089e+00,3.104887045113538235e+01
3.169868547051509111e+01,2.980254931728426411e-12,1.100000000000000089e+00,1.100000000000000089e+00,3.109432499658993265e+01
3.174868547051508472e+01,1.765948498544452024e-12,1.100000000000000089e+00,1.100000000000000089e+00,3.113977954204447229e+01
3.179868547051509253e+01,2.810252031082016528e-13,1.100000000000000089e+00,1.100000000000000089e+00,3.118523408749902259e+01
3.184868547051508969e+01,0.000000000000000000e+00,1.100000000000000089e+00,1.100000000000000089e+00,3.123068863295356579e+01
3.189868547051508685e+01,0.000000000000000000e+00,1.100000000000000089e+00,1.100000000000000089e+00,3.127614317840810898e+01
3.194868547051508401e+01,0.000000000000000000e+00,1.100000000000000089e+00,1.100000000000000089e+00,3.132159772386265217e+01
3.199868547051508116e+01,2.810252031082016528e-13,1.100000000000000089e+00,1.100000000000000089e+00,3.136705226931719537e+01
3.204868547051508898e+01,2.810252031082016528e-13,1.100000000000000089e+00,1.100000000000000089e+00,3.141250681477174567e+01
3.209868547051508614e+01,0.000000000000000000e+00,1.100000000000000089e+00,1.100000000000000089e+00,3.145796136022628886e+01
3.214868547051508330e+01,1.210836986231854367e-12,1.100000000000000089e+00,1.100000000000000089e+00,3.150341590568083205e+01
3.219868547051508045e+01,2.421673972463843635e-12,1.100000000000000089e+00,1.100000000000000089e+00,3.154887045113537880e+01
3.224868547051507761e+01,9.298117831234845921e-13,1.100000000000000089e+00,1.100000000000000089e+00,3.159432499658992199e+01
3.229868547051508187e+01,2.810252031082016528e-13,1.100000000000000089e+00,1.100000000000000089e+00,3.163977954204447229e+01
3.234868547051507903e+01,0.000000000000000000e+00,1.100000000000000089e+00,1.100000000000000089e+00,3.168523408749901549e+01
3.239868547051507619e+01,1.209350188083554468e-02,1.100000000000000089e+00,1.100000000000000089e+00,3.173068863295355868e+01
3.244868543217175727e+01,2.354590413065006937e-01,1.100000000000000089e+00,1.100000000000000089e+00,3.177614314355054503e+01
3.249868484689250892e+01,3.285985355772876870e-01,1.100000000000000089e+00,1.100000000000000089e+00,3.182159715693304847e+01
3.254868426424995675e+01,3.289332290070534071e-01,1.100000000000000089e+00,1.100000000000000089e+00,3.186705117271254650e+01
3.259868367761928454e+01,3.267685971923757760e-01,1.100000000000000089e+00,1.100000000000000089e+00,3.191250518486648247e+01
3.264868310501563542e+01,3.306781333218757890e-01,1.100000000000000089e+00,1.077453597230892290e+00,3.195842986262763930e+01
3.269868253386636781e+01,1.943817683464663104e-01,1.100000000000000089e+00,1.030003590520109702e+00,3.200587986933842188e+01
3.274868252839122817e+01,3.235582747043330709e-03,1.100000000000000089e+00,9.802588471595607977e-01,3.205562461269897057e+01
3.279868252839122533e+01,0.000000000000000000e+00,1.100000000000000089e+00,9.278509618654230406e-01,3.210803249799310777e+01
3.284868252839122249e+01,1.269817584415064798e-12,1.100000000000000089e+00,8.723000673131868776e-01,3.216358339254534116e+01
3.289868252839121965e+01,8.284467178169837576e-01,1.098671121248496529e+00,8.129621193109757282e-01,3.222292134054755053e+01
3.294866683031875709e+01,1.782725662084182483e+00,7.489584792093050281e-01,7.489584792093050281e-01,3.228692498064921779e+01
3.299864944572476588e+01,1.813566076421798456e+00,7.425630044213543668e-01,7.425630044213543668e-01,3.235394730108451711e+01
3.304863146580068189e+01,1.806667744258294350e+00,7.439793040908793120e-01,7.439793040908793120e-01,3.242119331189727660e+01
3.309861456974845595e+01,1.657192711629799531e+00,7.768076479449049776e-01,7.768076479449049776e-01,3.248692652177373930e+01
3.314860613865951677e+01,3.596875301279453541e-01,1.100000000000000089e+00,8.386973588415621572e-01,3.254881623267039714e+01
3.319860613865952104e+01,2.546574062734071560e-12,1.100000000000000089e+00,8.963332302931901197e-01,3.260645210412202744e+01
3.324860613865951109e+01,2.546574062734071560e-12,1.100000000000000089e+00,8.457471834724104021e-01,3.266385473560206520e+01
3.329860613865951535e+01,6.008375956399418794e-01,1.100000000000000089e+00,7.844031478465025575e-01,3.272519877122797283e+01
3.334859050633471611e+01,1.940543444879586410e+00,7.178576202849010768e-01,7.178576202849010768e-01,3.279174429878957397e+01
3.339856938568707534e+01,2.018030816788276560e+00,7.039407443069137793e-01,7.039407443069137793e-01,3.286204805014703823e+01
3.344854768046145921e+01,1.987248547470115145e+00,7.093717773445409325e-01,7.093717773445409325e-01,3.293277309362996874e+01
3.349852756618255967e+01,9.132437556369452647e-01,1.046421476223331704e+00,7.766389701368031639e-01,3.300004028642223375e+01
3.354852756618256393e+01,2.248201624865581315e-12,1.100000000000000089e+00,8.385511850418942981e-01,3.306195250132732610e+01
3.359852756618256109e+01,2.152821137948566499e-01,1.100000000000000089e+00,8.778360329748421398e-01,3.312021441271323852e+01
3.364852287934566988e+01,1.491189735367259628e+00,8.189050460601569048e-01,8.189050460601569048e-01,3.317914539962792020e+01
3.369850722423894496e+01,1.724790489134674587e+00,7.614332291859928770e-01,7.614332291859928770e-01,3.324240317889734797e+01
3.374849113016511382e+01,1.719820751917661372e+00,7.625325859842447818e-01,7.625325859842447818e-01,3.330800032737483463e+01
3.379847582040517295e+01,1.228123021085059108e+00,9.023583965888580805e-01,8.254849030527066089e-01,3.337095264444329956e+01
3.384847506635533421e+01,5.580014597369498813e-02,1.100000000000000089e+00,8.839817967968929269e-01,3.342944953818748388e+01
3.389847506635533136e+01,0.000000000000000000e+00,1.100000000000000089e+00,9.388417422911369270e-01,3.348430948368172722e+01
3.394847506635533563e+01,0.000000000000000000e+00,1.100000000000000089e+00,9.906683688643067587e-01,3.353613611025489405e+01
3.399847506635533279e+01,0.000000000000000000e+00,1.100000000000000089e+00,1.039915293217798853e+00,3.358538303460838392e+01
3.404847506635533705e+01,0.000000000000000000e+00,1.100000000000000089e+00,1.046840239853181975e+00,3.363330431643331053e+01
3.409847506635533421e+01,0.000000000000000000e+00,1.100000000000000089e+00,9.979351120067241343e-01,3.368220944427977059e+01
3.414847506635533136e+01,0.000000000000000000e+00,1.100000000000000089e+00,9.465064647301034695e-01,3.373363809155639359e+01
3.419847506635533563e+01,3.340535221800934595e-02,1.100000000000000089e+00,8.921179786193472738e-01,3.378802657766714646e+01
3.424847463790071345e+01,9.767058816261448007e-01,1.011854572326991830e+00,8.341914316780703054e-01,3.384595312460842109e+01
3.429845909513591806e+01,1.678115806939221688e+00,7.719497588669178567e-01,7.719497588669178567e-01,3.390819479741957565e+01
3.434844202897371446e+01,1.815368238424654557e+00,7.421943323555870720e-01,7.421943323555870720e-01,3.397421616768090047e+01
3.439842295309831854e+01,1.841833926553863243e+00,7.368426669736849455e-01,7.368426669736849455e-01,3.404180193348293670e+01
3.444840332578410624e+01,1.943296117638047882e+00,7.173490185970415878e-01,7.173490185970415878e-01,3.411054166454001546e+01
3.449838349003579907e+01,1.857170805332268859e+00,7.337938642849866078e-01,7.337938642849866078e-01,3.417942552820536406e+01
3.454836396795739972e+01,1.842352413771429775e+00,7.367389760662277354e-01,7.367389760662277354e-01,3.424740153873725035e+01
3.459834617910814103e+01,1.713006954167233031e+00,7.640476371353688290e-01,7.640476371353688290e-01,3.431400955710718392e+01
3.464832992157313640e+01,1.329445073848177783e+00,8.672909216393170917e-01,8.268834722874408572e-01,3.437684539225925562e+01
3.469832640301530091e+01,1.649495248611821951e-01,1.100000000000000089e+00,8.852848353080879917e-01,3.443524675527990553e+01
3.474832640301529807e+01,3.139849491517820508e-12,1.100000000000000089e+00,9.400687419686170054e-01,3.449003066194043754e+01
3.479832640301530233e+01,3.139849491517820508e-12,1.100000000000000089e+00,9.918312556208705999e-01,3.454179317559269435e+01
3.484832640301529949e+01,3.039235529912087793e-12,1.100000000000000089e+00,1.041023169591562159e+00,3.459098508956338947e+01
3.489832640301529665e+01,2.935152121352569792e-12,1.100000000000000089e+00,1.087993216718953882e+00,3.463795513669078474e+01
3.494832640301530091e+01,2.938621568304523002e-12,1.100000000000000089e+00,1.100000000000000089e+00,3.468365911750566255e+01
3.499832640301529807e+01,1.956768080901864252e-12,1.100000000000000089e+00,1.100000000000000089e+00,3.472911366296020219e+01
3.504832640301530233e+01,9.818534874028102114e-13,1.100000000000000089e+00,1.100000000000000089e+00,3.477456820841474894e+01
3.509832640301529949e+01,2.060851489460776408e-12,1.100000000000000089e+00,1.100000000000000089e+00,3.482002275386929568e+01
3.514832640301529665e+01,3.139849491517820508e-12,1.100000000000000089e+00,1.100000000000000089e+00,3.486547729932383533e+01
3.519832640301530091e+01,3.139849491517820508e-12,1.100000000000000089e+00,1.100000000000000089e+00,3.491093184477838918e+01
3.524832640301529807e+01,3.139849491517820508e-12,1.100000000000000089e+00,1.100000000000000089e+00,3.495638639023292882e+01
3.529832640301530233e+01,3.139849491517820508e-12,1.100000000000000089e+00,1.100000000000000089e+00,3.500184093568748267e+01
3.534832640301529949e+01,3.039235529912087793e-12,1.100000000000000089e+00,1.100000000000000089e+00,3.504729548114202231e+01
3.539832640301529665e+01,1.956768080901864252e-12,1.100000000000000089e+00,1.100000000000000089e+00,3.509275002659656195e+01
3.544832640301530091e+01,9.818534874028102114e-13,1.100000000000000089e+00,1.100000000000000089e+00,3.513820457205110870e+01
3.549832640301529807e+01,9.783840404508567992e-13,1.100000000000000089e+00,1.100000000000000089e+00,3.518365911750565544e+01
3.554832640301530233e+01,9.818534874028102114e-13,1.100000000000000089e+00,1.069793201318925080e+00,3.522974645888879763e+01
3.559832640301529949e+01,2.892018238324358184e-02,1.100000000000000089e+00,1.021987032005883478e+00,3.527755262820183901e+01
3.564832619050474705e+01,7.794461884621991521e-01,1.100000000000000089e+00,9.718322481834512638e-01,3.532770741202427445e+01
3.569831847047192497e+01,1.184169979700826048e+00,9.189523157786516627e-01,9.189523157786516627e-01,3.538058734442907394e+01
3.574831020894733769e+01,1.210321375741554961e+00,9.089702059587810856e-01,9.089702059587810856e-01,3.543528521907192186e+01
3.579830163653922170e+01,1.223604568377495427e+00,9.040229484838734342e-01,9.040229484838734342e-01,3.549043316871462395e+01
3.584829296046634539e+01,1.223257836872980286e+00,9.041510617150839701e-01,9.041510617150839701e-01,3.554572798397593658e+01
3.589828436607672302e+01,1.209297197843150373e+00,9.093550369874570105e-01,9.093550369874570105e-01,3.560086031095971748e+01
3.594827600961337311e+01,1.182514524807985135e+00,9.195953320036148737e-01,9.195953320036148737e-01,3.565552734226272946e+01
3.599826802768446754e+01,7.009866880807760214e-01,1.100000000000000089e+00,9.724400294028596736e-01,3.570837203966197393e+01
3.604826788398140991e+01,1.787712354442167612e-02,1.100000000000000089e+00,1.022565070486427530e+00,3.575849708074554201e+01
3.609826788398140707e+01,4.492933802780420099e-13,1.100000000000000089e+00,1.070345422458989226e+00,3.580627743271810459e+01
3.614826788398140422e+01,8.985867605559930421e-13,1.100000000000000089e+00,1.100000000000000089e+00,3.585235304767099507e+01
3.619826788398140849e+01,3.594347042223729830e-12,1.100000000000000089e+00,1.100000000000000089e+00,3.589780759312554181e+01
3.624826788398140565e+01,3.594347042223729830e-12,1.100000000000000089e+00,1.100000000000000089e+00,3.594326213858008856e+01
3.629826788398140991e+01,8.985867605559930421e-13,1.100000000000000089e+00,1.100000000000000089e+00,3.598871668403463531e+01
3.634826788398140707e+01,0.000000000000000000e+00,1.100000000000000089e+00,1.100000000000000089e+00,3.603417122948917495e+01
3.639826788398140422e+01,1.797173521111864915e-12,1.100000000000000089e+00,1.100000000000000089e+00,3.607962577494371459e+01
3.644826788398140849e+01,1.797173521111864915e-12,1.100000000000000089e+00,1.100000000000000089e+00,3.612508032039826844e+01
3.649826788398140565e+01,1.797173521111864915e-12,1.100000000000000089e+00,1.100000000000000089e+00,3.617053486585280808e+01
3.654826788398140991e+01,1.797173521111864915e-12,1.100000000000000089e+00,1.100000000000000089e+00,3.621598941130736193e+01
3.659826788398140707e+01,0.000000000000000000e+00,1.100000000000000089e+00,1.100000000000000089e+00,3.626144395676190157e+01
3.664826788398140422e+01,8.985867605559930421e-13,1.100000000000000089e+00,1.100000000000000089e+00,3.630689850221644122e+01
3.669826788398140849e+01,8.985867605559930421e-13,1.100000000000000089e+00,1.100000000000000089e+00,3.635235304767098796e+01
3.674826788398140565e+01,8.985867605557509060e-13,1.100000000000000089e+00,1.100000000000000089e+00,3.639780759312552760e+01
3.679826788398141701e+01,1.546836083990018040e-01,1.100000000000000089e+00,1.100000000000000089e+00,3.644326213858008146e+01
3.684826617459518872e+01,7.150254412088085099e-01,1.100000000000000089e+00,1.100000000000000089e+00,3.648871513004714728e+01
3.689826203874150679e+01,7.957987848372666262e-01,1.100000000000000089e+00,1.100000000000000089e+00,3.653416591563470917e+01
3.694825799626013918e+01,8.125246126096818955e-01,1.100000000000000089e+00,1.100000000000000089e+00,3.657961678610619316e+01
3.699825454437850425e+01,8.375289802254965998e-01,1.092697824129496897e+00,1.092697824129496897e+00,3.662521955687395092e+01
3.704825091442890539e+01,8.231221477724295355e-01,1.100000000000000089e+00,1.100000000000000089e+00,3.667082216522263849e+01
3.709824657241728119e+01,8.237424841253792041e-01,1.100000000000000089e+00,1.100000000000000089e+00,3.671627276339388857e+01
3.714824210431098805e+01,8.197498104567019217e-01,1.100000000000000089e+00,1.100000000000000089e+00,3.676172324693362725e+01
3.719823810587119794e+01,8.209382586862667974e-01,1.100000000000000089e+00,1.100000000000000089e+00,3.680717415744290832e+01
3.724823468714613739e+01,8.139137981623364437e-01,1.100000000000000089e+00,1.100000000000000089e+00,3.685262559496558055e+01
3.729823101536458552e+01,7.623845176309519411e-01,1.100000000000000089e+00,1.100000000000000089e+00,3.689807680243689703e+01
3.734822794397322809e+01,2.940380442192802035e-01,1.100000000000000089e+00,1.100000000000000089e+00,3.694352855571747796e+01
3.739822794397322525e+01,2.088607065075809574e-12,1.100000000000000089e+00,1.100000000000000089e+00,3.698898310117202470e+01
3.744822794397322951e+01,4.177214130152222569e-12,1.100000000000000089e+00,1.100000000000000089e+00,3.703443764662657145e+01
3.749822794397322667e+01,4.177214130152222569e-12,1.100000000000000089e+00,1.100000000000000089e+00,3.707989219208111109e+01
3.754822794397323094e+01,2.088607065075809574e-12,1.100000000000000089e+00,1.100000000000000089e+00,3.712534673753565784e+01
3.759822794397322809e+01,2.890049310978088845e-12,1.100000000000000089e+00,1.100000000000000089e+00,3.717080128299020458e+01
3.764822794397321815e+01,9.924421898164195906e-04,1.100000000000000089e+00,1.100000000000000089e+00,3.721625582844474422e+01
3.769822794318262993e+01,4.149890634353337743e-02,1.100000000000000089e+00,1.100000000000000089e+00,3.726171037318056989e+01
3.774822791336566041e+01,7.634311981289711169e-02,1.100000000000000089e+00,1.100000000000000089e+00,3.730716489152877813e+01
3.779822788123461663e+01,7.437123905061679419e-02,1.100000000000000089e+00,1.100000000000000089e+00,3.735261940777328249e+01
3.784822784416718378e+01,7.438069317561457616e-02,1.100000000000000089e+00,1.100000000000000089e+00,3.739807391953016236e+01
3.789822781032071930e+01,7.580545924150225434e-02,1.100000000000000089e+00,1.100000000000000089e+00,3.744352843421519594e+01
3.794822778038224698e+01,7.566104609170917761e-02,1.100000000000000089e+00,1.100000000000000089e+00,3.748898295245295031e+01
3.799822774614614218e+01,7.438808005712506388e-02,1.100000000000000089e+00,1.100000000000000089e+00,3.753443746678376414e+01
3.804822770912748098e+01,7.438369620732412923e-02,1.100000000000000089e+00,1.100000000000000089e+00,3.757989197858498187e+01
3.809822767747733963e+01,7.650183697699082519e-02,1.100000000000000089e+00,1.100000000000000089e+00,3.762534649526666897e+01
3.814822764769939312e+01,7.493207709526276961e-02,1.100000000000000089e+00,1.100000000000000089e+00,3.767080101365035461e+01
3.819822761196624583e+01,6.550913796267344991e-02,1.100000000000000089e+00,1.100000000000000089e+00,3.771625552662021619e+01
3.824822759841642039e+01,1.225829711260291097e-02,1.100000000000000089e+00,1.100000000000000089e+00,3.776171005975673722e+01
3.829822759841642466e+01,5.245803791353672399e-12,1.100000000000000089e+00,1.100000000000000089e+00,3.780716460521128397e+01
3.834822759841642181e+01,2.161465451067145664e-12,1.100000000000000089e+00,1.100000000000000089e+00,3.785261915066582361e+01
3.839822759841642608e+01,0.000000000000000000e+00,1.100000000000000089e+00,1.100000000000000089e+00,3.789807369612037036e+01
3.844822759841643034e+01,1.242062008799520097e-12,1.100000000000000089e+00,1.100000000000000089e+00,3.794352824157491710e+01
3.849822759841642750e+01,2.484124017598494530e-12,1.100000000000000089e+00,1.100000000000000089e+00,3.798898278702945674e+01
3.854822759841643887e+01,6.418476861114470997e-13,1.100000000000000089e+00,1.100000000000000089e+00,3.803443733248401060e+01
3.859822759841642892e+01,6.418476861114470997e-13,1.100000000000000089e+00,1.100000000000000089e+00,3.807989187793854313e+01
3.864822759841644029e+01,2.484124017598494530e-12,1.100000000000000089e+00,1.100000000000000089e+00,3.812534642339309698e+01
3.869822759841643744e+01,2.164934898019451073e-12,1.100000000000000089e+00,1.100000000000000089e+00,3.817080096884763663e+01
3.874822759841643460e+01,1.842276331487151838e-12,1.100000000000000089e+00,1.100000000000000089e+00,3.821625551430218337e+01
3.879822759841643887e+01,3.226585665316927839e-13,1.100000000000000089e+00,1.100000000000000089e+00,3.826171005975673012e+01
3.884822759841643602e+01,3.406996906818324329e-12,1.100000000000000089e+00,1.100000000000000089e+00,3.830716460521126976e+01
3.889822759841644029e+01,3.403527459866370715e-12,1.100000000000000089e+00,1.100000000000000089e+00,3.835261915066582361e+01
3.894822759841643744e+01,2.164934898019451073e-12,1.100000000000000089e+00,1.100000000000000089e+00,3.839807369612036325e+01
3.899822759841643460e+01,0.000000000000000000e+00,1.100000000000000089e+00,1.100000000000000089e+00,3.844352824157491000e+01
3.904822759841643176e+01,0.000000000000000000e+00,1.100000000000000089e+00,1.100000000000000089e+00,3.848898278702945674e+01
3.909822759841642892e+01,1.842276331487151838e-12,1.100000000000000089e+00,1.100000000000000089e+00,3.853443733248400349e+01
3.914822759841643318e+01,3.226585665316927839e-13,1.100000000000000089e+00,1.100000000000000089e+00,3.857989187793855024e+01
3.919822759841643034e+01,1.627525717289969587e-01,1.100000000000000089e+00,1.100000000000000089e+00,3.862534642339308988e+01
3.924822690333164843e+01,3.146667986336230682e-01,1.100000000000000089e+00,1.100000000000000089e+00,3.867080033695238228e+01
3.929822598474722639e+01,3.125460961866101117e-01,1.100000000000000089e+00,1.100000000000000089e+00,3.871625404733017461e+01
3.934822519529956253e+01,3.737800366972459654e-01,1.100000000000000089e+00,1.100000000000000089e+00,3.876170787510502436e+01
3.939822442629863275e+01,3.126533555127711805e-01,1.100000000000000089e+00,1.100000000000000089e+00,3.880716172146781417e+01
3.944822349504117653e+01,3.409243340152040558e-01,1.100000000000000089e+00,1.100000000000000089e+00,3.885261542032467474e+01
3.949822246023232708e+01,3.561879093589425116e-01,1.100000000000000089e+00,1.100000000000000089e+00,3.889806902504390251e+01
3.954822155339186196e+01,3.161813439748062948e-01,1.100000000000000089e+00,1.100000000000000089e+00,3.894352274609802578e+01
3.959822069371571018e+01,3.704797539797451966e-01,1.100000000000000089e+00,1.100000000000000089e+00,3.898897651002879883e+01
3.964821971681327284e+01,3.326895337248936824e-01,1.100000000000000089e+00,1.100000000000000089e+00,3.903443016739021942e+01
3.969821875147638224e+01,3.299082881695162284e-01,1.100000000000000089e+00,1.100000000000000089e+00,3.907988383526576825e+01
3.974821780244101177e+01,3.745592034610037424e-01,1.100000000000000089e+00,1.100000000000000089e+00,3.912533751796088666e+01
3.979821695265549408e+01,3.174941431245113521e-01,1.100000000000000089e+00,1.100000000000000089e+00,3.917079129088314460e+01
3.984821603047306837e+01,3.564667675354430965e-01,1.100000000000000089e+00,1.100000000000000089e+00,3.921624499799002450e+01
3.989821497208235712e+01,3.455827566926441552e-01,1.100000000000000089e+00,1.100000000000000089e+00,3.926169858127119738e+01
3.994821403098510615e+01,3.154528448984517675e-01,1.100000000000000089e+00,1.100000000000000089e+00,3.930715227118278676e+01
3.999821324709616022e+01,3.785044165949174033e-01,1.100000000000000089e+00,1.100000000000000089e+00,3.935260610401101644e+01
4.004821243956853039e+01,3.162127424065917514e-01,1.100000000000000089e+00,1.100000000000000089e+00,3.939805991534953478e+01
4.009821150405156942e+01,3.301701653743944753e-01,1.100000000000000089e+00,1.100000000000000089e+00,3.944351361033411507e+01
4.014821054462561989e+01,3.565961336106497348e-01,1.100000000000000089e+00,1.100000000000000089e+00,3.948896728358324992e+01
4.019820970998868148e+01,3.073993317210921283e-01,1.100000000000000089e+00,1.100000000000000089e+00,3.953442107027694163e+01
4.024820884458008408e+01,1.994067786262805064e-01,1.100000000000000089e+00,1.100000000000000089e+00,3.957987482899640241e+01
4.029820875017738757e+01,1.420292752823985177e-02,1.100000000000000089e+00,1.100000000000000089e+00,3.962532928863031145e+01
4.034820875017738473e+01,1.422473250300861911e-13,1.100000000000000089e+00,1.100000000000000089e+00,3.967078383408485109e+01
4.039820875017738899e+01,1.422473250300861911e-13,1.100000000000000089e+00,1.100000000000000089e+00,3.971623837953940495e+01
4.044820875017738615e+01,1.242062008799649546e-12,1.100000000000000089e+00,1.100000000000000089e+00,3.976169292499394459e+01
4.049820875017738331e+01,3.583938701367594742e-12,1.100000000000000089e+00,1.100000000000000089e+00,3.980714747044848423e+01
4.054820875017739468e+01,2.341876692568248926e-12,1.100000000000000089e+00,1.100000000000000089e+00,3.985260201590303808e+01
4.059820875017739183e+01,5.481726184086758886e-13,1.100000000000000089e+00,1.100000000000000089e+00,3.989805656135757772e+01
4.064820875017739610e+01,5.481726184086758886e-13,1.100000000000000089e+00,1.100000000000000089e+00,3.994351110681212447e+01
4.069820875017739326e+01,5.516420653607894459e-13,1.100000000000000089e+00,1.100000000000000089e+00,3.998896565226666411e+01
4.074820875017738331e+01,2.199629367538291704e-12,1.100000000000000089e+00,1.100000000000000089e+00,4.003442019772120375e+01
4.079820875017739468e+01,2.890049310976698229e-12,1.100000000000000089e+00,1.100000000000000089e+00,4.007987474317575760e+01
4.084820875017739183e+01,1.238592561847695124e-12,1.100000000000000089e+00,1.100000000000000089e+00,4.012532928863029724e+01
4.089820875017738899e+01,1.242062008799520501e-12,1.100000000000000089e+00,1.100000000000000089e+00,4.017078383408483688e+01
4.094820875017738615e+01,1.242062008799520501e-12,1.100000000000000089e+00,1.100000000000000089e+00,4.021623837953938363e+01
4.099820875017738331e+01,5.481726184086758886e-13,1.100000000000000089e+00,1.100000000000000089e+00,4.026169292499392327e+01
4.104820875017738757e+01,6.938893903906930504e-13,1.100000000000000089e+00,1.100000000000000089e+00,4.030714747044847002e+01
4.109820875017738473e+01,2.626371342628664202e-12,1.100000000000000089e+00,1.100000000000000089e+00,4.035260201590301676e+01
4.114820875017738899e+01,2.626371342628664202e-12,1.100000000000000089e+00,1.100000000000000089e+00,4.039805656135756351e+01
4.119820875017738615e+01,1.242062008799520501e-12,1.100000000000000089e+00,1.100000000000000089e+00,4.044351110681211026e+01
4.124820875017738331e+01,1.422473250300861911e-13,1.100000000000000089e+00,1.100000000000000089e+00,4.048896565226664990e+01
4.129820875017738757e+01,1.380839886877350433e-12,1.100000000000000089e+00,1.100000000000000089e+00,4.053442019772120375e+01
4.134820875017738473e+01,1.932481952238180067e-12,1.100000000000000089e+00,1.100000000000000089e+00,4.057987474317575050e+01
4.139820875017738189e+01,5.516420653606867552e-13,1.100000000000000089e+00,1.100000000000000089e+00,4.062532928863029724e+01
4.144820875017737904e+01,2.480654570647215424e-12,1.100000000000000089e+00,1.100000000000000089e+00,4.067078383408483688e+01
4.149820875017737620e+01,2.626371342628664202e-12,1.100000000000000089e+00,1.100000000000000089e+00,4.071623837953938363e+01
4.154820875017738047e+01,2.626371342628664202e-12,1.100000000000000089e+00,1.100000000000000089e+00,4.076169292499393038e+01
4.159820875017737762e+01,6.904199434387395372e-13,1.100000000000000089e+00,1.100000000000000089e+00,4.080714747044847712e+01
4.164820875017738189e+01,1.422473250301126463e-13,1.100000000000000089e+00,1.100000000000000089e+00,4.085260201590302387e+01
4.169820875017737904e+01,1.932481952238740676e-12,1.100000000000000089e+00,1.100000000000000089e+00,4.089805656135756351e+01
4.174820875017737620e+01,3.032296636007485862e-12,1.100000000000000089e+00,1.100000000000000089e+00,4.094351110681210315e+01
4.179820875017738047e+01,5.516420653605722504e-13,1.100000000000000089e+00,1.100000000000000089e+00,4.098896565226664990e+01
4.184820875017737762e+01,1.384309333829303442e-12,1.100000000000000089e+00,1.100000000000000089e+00,4.103442019772119664e+01
4.189820875017738189e+01,1.422473250300861911e-13,1.100000000000000089e+00,1.100000000000000089e+00,4.107987474317575050e+01
4.194820875017737904e+01,1.242062008799649546e-12,1.100000000000000089e+00,1.100000000000000089e+00,4.112532928863029014e+01
4.199820875017737620e+01,2.341876692568492072e-12,1.100000000000000089e+00,1.100000000000000089e+00,4.117078383408482978e+01
4.204820875017738047e+01,2.338407245616538862e-12,1.100000000000000089e+00,1.100000000000000089e+00,4.121623837953938363e+01
4.209820875017737762e+01,4.274358644806669311e-12,1.100000000000000089e+00,1.100000000000000089e+00,4.126169292499392327e+01
4.214820875017738189e+01,4.270889197854715697e-12,1.100000000000000089e+00,1.100000000000000089e+00,4.130714747044847712e+01
4.219820875017737904e+01,1.238592561847695124e-12,1.100000000000000089e+00,1.100000000000000089e+00,4.135260201590301676e+01
4.224820875017737620e+01,1.422473250300861911e-13,1.100000000000000089e+00,1.100000000000000089e+00,4.139805656135755640e+01
4.229820875017738047e+01,1.422473250300861911e-13,1.100000000000000089e+00,1.100000000000000089e+00,4.144351110681211026e+01
4.234820875017737762e+01,3.028827189055217612e-12,1.100000000000000089e+00,1.100000000000000089e+00,4.148896565226664990e+01
4.239820875017738189e+01,4.270889197854715697e-12,1.100000000000000089e+00,1.100000000000000089e+00,4.153442019772120375e+01
4.244820875017737904e+01,1.932481952238740676e-12,1.100000000000000089e+00,1.100000000000000089e+00,4.157987474317574339e+01
4.249820875017737620e+01,1.422473250301126463e-13,1.100000000000000089e+00,1.100000000000000089e+00,4.162532928863028303e+01
4.254820875017738047e+01,5.481726184086758886e-13,1.100000000000000089e+00,1.100000000000000089e+00,4.167078383408482978e+01
4.259820875017737762e+01,1.422473250300861911e-13,1.100000000000000089e+00,1.100000000000000089e+00,4.171623837953936942e+01
4.264820875017738189e+01,1.380839886877350433e-12,1.100000000000000089e+00,1.100000000000000089e+00,4.176169292499392327e+01
4.269820875017737904e+01,2.484124017599169442e-12,1.100000000000000089e+00,1.100000000000000089e+00,4.180714747044847002e+01
4.274820875017737620e+01,1.422473250301009585e-13,1.100000000000000089e+00,1.097538385985677989e+00,4.185265293266824926e+01
4.279820875017738047e+01,2.626371342628664202e-12,1.100000000000000089e+00,1.050995008890165838e+00,4.189919630976375942e+01
4.284820875017737762e+01,1.932481952238180067e-12,1.100000000000000089e+00,1.002292626288371569e+00,4.194789869236555546e+01
4.289820875017737478e+01,1.932481952238180067e-12,1.100000000000000089e+00,9.510996313278856640e-01,4.199909168732604314e+01
4.294820875017737194e+01,0.000000000000000000e+00,1.100000000000000089e+00,8.969896926453735375e-01,4.205320162600855838e+01
4.299820875017736910e+01,2.626371342628664202e-12,1.100000000000000089e+00,8.393988972544838001e-01,4.211079242139944512e+01
4.304820875017737336e+01,2.626371342628664202e-12,1.100000000000000089e+00,7.775541837788774169e-01,4.217263713487505328e+01
4.309820875017737052e+01,3.270896926332969024e-01,1.100000000000000089e+00,7.103453446824564699e-01,4.223984597397147667e+01
4.314819732103755001e+01,2.471495213900259724e+00,6.360922629553651397e-01,6.360922629553651397e-01,4.231409905569856988e+01
4.319815267984549223e+01,2.958723544661109095e+00,5.813635593676851343e-01,5.813635593676851343e-01,4.239616422453997302e+01
4.324810567803877603e+01,2.914567019958026250e+00,5.857509165810870222e-01,5.857509165810870222e-01,4.248176507899373888e+01
4.329806268170553807e+01,1.492072668309986749e+00,8.186627169653707403e-01,6.655960814255927893e-01,4.256161024383824554e+01
4.334806262046299707e+01,6.041005488128899613e-03,1.100000000000000089e+00,7.368975648786042498e-01,4.263291172729125833e+01
4.339806262046300844e+01,3.011108362444381847e-01,1.100000000000000089e+00,8.018840446872804728e-01,4.269789820709993222e+01
4.344805487448857662e+01,1.714811149332596596e+00,7.636455946624839397e-01,7.636455946624839397e-01,4.276176445756112798e+01
4.349803514901070400e+01,1.930830639095557633e+00,7.196609025164161233e-01,7.196609025164161233e-01,4.282915481096035393e+01
4.354801542008645043e+01,1.916776060953657934e+00,7.222945062280701212e-01,7.222945062280701212e-01,4.289847771896798179e+01
4.359799684231893480e+01,9.440315555385975221e-01,1.029216510078747593e+00,7.884619193037942786e-01,4.296464513204370661e+01
4.364799684127273594e+01,1.454479347710662621e-04,1.100000000000000089e+00,8.495129169705603056e-01,4.302569612971047519e+01
4.369799684127273309e+01,1.814520755871983367e-12,1.100000000000000089e+00,9.064613594080156433e-01,4.308264457214792742e+01
4.374799684127273025e+01,1.422473250300836213e-12,1.100000000000000089e+00,9.600376013989353474e-01,4.313622081413884501e+01
4.379799684127273451e+01,1.424207973776812818e-12,1.100000000000000089e+00,1.010778015243621430e+00,4.318696122798353088e+01
4.384799684127273167e+01,8.326672684687525472e-14,1.100000000000000089e+00,1.059090268154621484e+00,4.323527348089453426e+01
4.389799684127274304e+01,2.119832087643729759e-12,1.100000000000000089e+00,1.100000000000000089e+00,4.328158928411728823e+01
4.394799684127273309e+01,2.204833537967338900e-12,1.100000000000000089e+00,1.100000000000000089e+00,4.332704382957182787e+01
4.399799684127273025e+01,3.903127820947669550e-13,1.100000000000000089e+00,1.100000000000000089e+00,4.337249837502636751e+01
4.404799684127273451e+01,3.544040061420381018e-12,1.100000000000000089e+00,1.100000000000000089e+00,4.341795292048091426e+01
4.409799684127273167e+01,2.680147770384352753e-12,1.100000000000000089e+00,1.100000000000000089e+00,4.346340746593546100e+01
4.414799684127272883e+01,8.656270145123074896e-13,1.100000000000000089e+00,1.100000000000000089e+00,4.350886201139000775e+01
4.419799684127273309e+01,3.068725829003075551e-12,1.100000000000000089e+00,1.100000000000000089e+00,4.355431655684455450e+01
4.424799684127273025e+01,1.255939796607169158e-12,1.100000000000000089e+00,1.100000000000000089e+00,4.359977110229909414e+01
4.429799684127273451e+01,3.236994006172599657e-12,1.100000000000000089e+00,1.100000000000000089e+00,4.364522564775364799e+01
4.434799684127273167e+01,2.763414497231228185e-12,1.100000000000000089e+00,1.100000000000000089e+00,4.369068019320818763e+01
4.439799684127273594e+01,1.731254029024973236e-12,1.100000000000000089e+00,1.100000000000000089e+00,4.373613473866273438e+01
4.444799684127273309e+01,3.544040061421091877e-12,1.100000000000000089e+00,1.100000000000000089e+00,4.378158928411727402e+01
4.449799684127273736e+01,1.339206523454044792e-12,1.100000000000000089e+00,1.100000000000000089e+00,4.382704382957182077e+01
4.454799684127273451e+01,4.735795089416199701e-13,1.100000000000000089e+00,1.100000000000000089e+00,4.387249837502636751e+01
4.459799684127273878e+01,4.753142324175965753e-13,1.100000000000000089e+00,1.100000000000000089e+00,4.391795292048091426e+01
4.464799684127273594e+01,4.735795089416199701e-13,1.100000000000000089e+00,1.100000000000000089e+00,4.396340746593546100e+01
4.469799684127274020e+01,8.500145032287493247e-14,1.100000000000000089e+00,1.100000000000000089e+00,4.400886201139000775e+01
4.474799684127273025e+01,8.326672684689789818e-14,1.100000000000000089e+00,1.100000000000000089e+00,4.405431655684454739e+01
4.479799684127273451e+01,4.753142324175965753e-13,1.100000000000000089e+00,1.100000000000000089e+00,4.409977110229909414e+01
4.484799684127273167e+01,8.656270145123074896e-13,1.100000000000000089e+00,1.100000000000000089e+00,4.414522564775364089e+01
4.489799684127273594e+01,2.595146320061651572e-12,1.100000000000000089e+00,1.100000000000000089e+00,4.419068019320818763e+01
4.494799684127272599e+01,1.255939796607421190e-12,1.100000000000000089e+00,1.100000000000000089e+00,4.423613473866272727e+01
4.499799684127273025e+01,8.656270145121335110e-13,1.100000000000000089e+00,1.100000000000000089e+00,4.428158928411727402e+01
4.504799684127274162e+01,2.595146320061130142e-12,1.100000000000000089e+00,1.100000000000000089e+00,4.432704382957182787e+01
4.509799684127273878e+01,2.204833537966895825e-12,1.100000000000000089e+00,1.100000000000000089e+00,4.437249837502636751e+01
4.514799684127273594e+01,1.814520755871854725e-12,1.100000000000000089e+00,1.100000000000000089e+00,4.441795292048091426e+01
4.519799684127273309e+01,4.492933802780532989e-12,1.100000000000000089e+00,1.100000000000000089e+00,4.446340746593546100e+01
4.524799684127273025e+01,2.204833537966452751e-12,1.100000000000000089e+00,1.100000000000000089e+00,4.450886201139000775e+01
4.529799684127273451e+01,2.763414497231228185e-12,1.100000000000000089e+00,1.100000000000000089e+00,4.455431655684455450e+01
4.534799684127273167e+01,3.236994006172599657e-12,1.100000000000000089e+00,1.100000000000000089e+00,4.459977110229909414e+01
4.539799684127273594e+01,4.753142324175009527e-13,1.100000000000000089e+00,1.100000000000000089e+00,4.464522564775364799e+01
4.544799684127274020e+01,3.903127820947947734e-13,1.100000000000000089e+00,1.100000000000000089e+00,4.469068019320819474e+01
4.549799684127273736e+01,8.656270145125428604e-13,1.100000000000000089e+00,1.100000000000000089e+00,4.473613473866273438e+01
4.554799684127273451e+01,4.753142324176919959e-13,1.100000000000000089e+00,1.100000000000000089e+00,4.478158928411728112e+01
4.559799684127273167e+01,1.422473250300836213e-12,1.100000000000000089e+00,1.100000000000000089e+00,4.482704382957182077e+01
4.564799684127273594e+01,1.424207973776812818e-12,1.100000000000000089e+00,1.100000000000000089e+00,4.487249837502637462e+01
4.569799684127273309e+01,8.638922910367393251e-13,1.100000000000000089e+00,1.081133562782158553e+00,4.491834609462793537e+01
4.574799684127272315e+01,5.585809592645506656e-13,1.100000000000000089e+00,1.033851914238233194e+00,4.496562774317185784e+01
4.579799684127272741e+01,4.753142324175009527e-13,1.100000000000000089e+00,9.843016715286251328e-01,4.501517798588146491e+01
4.584799684127273167e+01,1.814520755871490007e-12,1.100000000000000089e+00,9.321211190473256414e-01,4.506735853836276107e+01
4.589799684127273594e+01,3.544040061421091877e-12,1.100000000000000089e+00,8.768407954549310990e-01,4.512263886195515283e+01
4.594799684127273309e+01,2.103009233276878151e-02,1.100000000000000089e+00,8.178323670374312293e-01,4.518164729037265204e+01
4.599799660080396535e+01,1.317629328118121057e+00,8.711709269518080889e-01,7.542216262555569983e-01,4.524525803115452760e+01
4.604797291341844101e+01,2.132661635763177355e+00,6.847610066896547831e-01,6.847610066896547831e-01,4.531471865072042959e+01
4.609794913091555912e+01,1.688151215210082823e+00,7.696518668730711887e-01,7.542215001422731824e-01,4.538417914417304644e+01
4.614794582704694648e+01,1.416283971633016947e-01,1.100000000000000089e+00,8.178285049688833741e-01,4.544778614899965419e+01
4.619794582704694363e+01,1.417269079873208714e-12,1.100000000000000089e+00,8.768371932916825262e-01,4.550679483732245245e+01
4.624794582704694079e+01,3.204901621866511435e-13,1.100000000000000089e+00,9.321177305145693648e-01,4.556207537454533707e+01
4.629794582704695216e+01,8.821068875342249868e-13,1.100000000000000089e+00,9.842984626319644104e-01,4.561425610666272945e+01
4.634794582704694221e+01,2.513180635821965945e-12,1.100000000000000089e+00,1.033848859137364462e+00,4.566380650316813217e+01
4.639794582704694648e+01,1.523954573645308377e-12,1.100000000000000089e+00,1.081130641291621952e+00,4.571108828532238988e+01
4.644794582704695074e+01,2.138046684141214815e-13,1.100000000000000089e+00,1.100000000000000089e+00,4.575693606633416266e+01
4.649794582704694790e+01,1.310149905231789510e-12,1.100000000000000089e+00,1.100000000000000089e+00,4.580239061178870941e+01
4.654794582704694506e+01,2.513180635821431994e-12,1.100000000000000089e+00,1.100000000000000089e+00,4.584784515724324905e+01
4.659794582704694932e+01,1.309716224362217534e-12,1.100000000000000089e+00,1.100000000000000089e+00,4.589329970269780290e+01
4.664794582704695358e+01,1.071191746415692265e-13,1.100000000000000089e+00,1.100000000000000089e+00,4.593875424815234965e+01
4.669794582704695074e+01,1.310149905231789510e-12,1.100000000000000089e+00,1.100000000000000089e+00,4.598420879360689639e+01
4.674794582704694790e+01,2.513180635821431994e-12,1.100000000000000089e+00,1.100000000000000089e+00,4.602966333906143603e+01
4.679794582704695216e+01,1.203030730589793945e-12,1.100000000000000089e+00,1.100000000000000089e+00,4.607511788451598989e+01
4.684794582704694932e+01,2.138046684141214815e-13,1.100000000000000089e+00,1.100000000000000089e+00,4.612057242997053663e+01
4.689794582704695358e+01,1.095911555948370702e-12,1.100000000000000089e+00,1.100000000000000089e+00,4.616602697542508338e+01
4.694794582704695074e+01,2.726985304236155483e-12,1.100000000000000089e+00,1.100000000000000089e+00,4.621148152087962302e+01
4.699794582704694790e+01,1.631073748287027273e-12,1.100000000000000089e+00,1.100000000000000089e+00,4.625693606633416977e+01
4.704794582704695216e+01,2.138046684141214815e-13,1.100000000000000089e+00,1.100000000000000089e+00,4.630239061178871651e+01
4.709794582704694932e+01,1.631073748287053526e-12,1.100000000000000089e+00,1.100000000000000089e+00,4.634784515724326326e+01
4.714794582704695358e+01,3.155028321932858293e-12,1.100000000000000089e+00,1.100000000000000089e+00,4.639329970269781001e+01
4.719794582704695074e+01,1.523954573645956026e-12,1.100000000000000089e+00,1.100000000000000089e+00,4.643875424815234965e+01
4.724794582704694790e+01,2.138046684141214815e-13,1.100000000000000089e+00,1.100000000000000089e+00,4.648420879360689639e+01
4.729794582704695216e+01,1.203030730589812726e-12,1.100000000000000089e+00,1.100000000000000089e+00,4.652966333906144314e+01
4.734794582704694932e+01,2.727418985104569689e-12,1.100000000000000089e+00,1.100000000000000089e+00,4.657511788451598989e+01
4.739794582704695358e+01,1.310149905231490020e-12,1.100000000000000089e+00,1.100000000000000089e+00,4.662057242997053663e+01
4.744794582704695074e+01,0.000000000000000000e+00,1.100000000000000089e+00,1.100000000000000089e+00,4.666602697542508338e+01
4.749794582704694790e+01,1.631073748287053526e-12,1.100000000000000089e+00,1.100000000000000089e+00,4.671148152087963012e+01
4.754794582704695216e+01,3.155028321932858293e-12,1.100000000000000089e+00,1.100000000000000089e+00,4.675693606633417687e+01
4.759794582704694932e+01,1.737759242059774787e-12,1.100000000000000089e+00,1.100000000000000089e+00,4.680239061178871651e+01
4.764794582704695358e+01,2.138046684141214815e-13,1.100000000000000089e+00,1.100000000000000089e+00,4.684784515724326326e+01
4.769794582704695074e+01,1.417269079873231736e-12,1.100000000000000089e+00,1.100000000000000089e+00,4.689329970269781001e+01
4.774794582704694790e+01,2.727418985104569689e-12,1.100000000000000089e+00,1.100000000000000089e+00,4.693875424815235675e+01
4.779794582704695216e+01,1.310149905231490020e-12,1.100000000000000089e+00,1.100000000000000089e+00,4.698420879360690350e+01
4.784794582704694932e+01,2.138046684141214815e-13,1.100000000000000089e+00,1.100000000000000089e+00,4.702966333906145024e+01
4.789794582704695358e+01,1.203030730589812726e-12,1.100000000000000089e+00,1.100000000000000089e+00,4.707511788451599699e+01
4.794794582704695074e+01,2.834104478877446652e-12,1.100000000000000089e+00,1.100000000000000089e+00,4.712057242997054374e+01
4.799794582704694790e+01,1.523954573645632505e-12,1.100000000000000089e+00,1.100000000000000089e+00,4.716602697542509048e+01
4.804794582704695216e+01,1.071191746415692265e-13,1.100000000000000089e+00,1.100000000000000089e+00,4.721148152087963723e+01
4.809794582704694932e+01,1.631073748287053526e-12,1.100000000000000089e+00,1.100000000000000089e+00,4.725693606633418398e+01
4.814794582704695358e+01,3.047909147290965318e-12,1.100000000000000089e+00,1.100000000000000089e+00,4.730239061178873072e+01
4.819794582704695074e+01,1.310149905231768103e-12,1.100000000000000089e+00,1.100000000000000089e+00,4.734784515724327747e+01
4.824794582704694790e+01,3.209238430557134019e-13,1.100000000000000089e+00,1.100000000000000089e+00,4.739329970269781711e+01
4.829794582704695216e+01,1.203030730589812726e-12,1.100000000000000089e+00,1.100000000000000089e+00,4.743875424815236386e+01
4.834794582704694932e+01,2.620299810462722355e-12,1.100000000000000089e+00,1.100000000000000089e+00,4.748420879360691060e+01
4.839794582704695358e+01,1.095911555948353335e-12,1.100000000000000089e+00,1.100000000000000089e+00,4.752966333906146446e+01
4.844794582704695074e+01,1.071191746415919962e-13,1.100000000000000089e+00,1.100000000000000089e+00,4.757511788451600410e+01
4.849794582704694790e+01,1.631073748287053526e-12,1.100000000000000089e+00,1.100000000000000089e+00,4.762057242997055084e+01
4.854794582704695216e+01,3.047909147290965318e-12,1.100000000000000089e+00,1.100000000000000089e+00,4.766602697542509759e+01
4.859794582704694932e+01,1.631073748287027273e-12,1.100000000000000089e+00,1.100000000000000089e+00,4.771148152087964434e+01
4.864794582704695358e+01,3.209238430557134019e-13,1.100000000000000089e+00,1.100000000000000089e+00,4.775693606633419108e+01
4.869794582704695074e+01,1.523954573645980664e-12,1.100000000000000089e+00,1.100000000000000089e+00,4.780239061178873072e+01
4.874794582704694790e+01,2.620299810462722355e-12,1.100000000000000089e+00,1.100000000000000089e+00,4.784784515724327747e+01
4.879794582704695216e+01,1.203030730589793945e-12,1.100000000000000089e+00,1.100000000000000089e+00,4.789329970269783132e+01
4.884794582704694932e+01,1.066854937725750247e-13,1.100000000000000089e+00,1.100000000000000089e+00,4.793875424815237807e+01
4.889794582704695358e+01,1.310149905231510821e-12,1.100000000000000089e+00,1.100000000000000089e+00,4.798420879360692481e+01
4.894794582704695074e+01,2.834104478877446652e-12,1.100000000000000089e+00,1.100000000000000089e+00,4.802966333906147156e+01
4.899794582704694790e+01,1.631073748287027273e-12,1.100000000000000089e+00,1.100000000000000089e+00,4.807511788451601831e+01
4.904794582704695216e+01,3.209238430557134019e-13,1.100000000000000089e+00,1.100000000000000089e+00,4.812057242997056505e+01
4.909794582704694932e+01,1.737759242059802656e-12,1.100000000000000089e+00,1.100000000000000089e+00,4.816602697542510469e+01
4.914794582704695358e+01,3.047909147290965318e-12,1.100000000000000089e+00,1.100000000000000089e+00,4.821148152087965144e+01
4.919794582704695074e+01,1.417269079873208714e-12,1.100000000000000089e+00,1.100000000000000089e+00,4.825693606633419819e+01
4.924794582704694790e+01,2.138046684141214815e-13,1.100000000000000089e+00,1.100000000000000089e+00,4.830239061178874493e+01
4.929794582704695216e+01,1.095911555948370702e-12,1.100000000000000089e+00,1.100000000000000089e+00,4.834784515724329168e+01
4.934794582704694932e+01,2.513180635821431994e-12,1.100000000000000089e+00,1.100000000000000089e+00,4.839329970269783132e+01
4.939794582704695358e+01,1.203030730589793945e-12,1.100000000000000089e+00,1.100000000000000089e+00,4.843875424815238517e+01
4.944794582704695074e+01,1.071191746415919962e-13,1.100000000000000089e+00,1.100000000000000089e+00,4.848420879360693192e+01
4.949794582704694790e+01,1.737759242059802656e-12,1.100000000000000089e+00,1.100000000000000089e+00,4.852966333906147156e+01
4.954794582704695216e+01,3.047909147290965318e-12,1.100000000000000089e+00,1.100000000000000089e+00,4.857511788451601831e+01
4.959794582704694932e+01,1.631073748287027273e-12,1.100000000000000089e+00,1.100000000000000089e+00,4.862057242997056505e+01
4.964794582704695358e+01,2.138046684141214815e-13,1.100000000000000089e+00,1.100000000000000089e+00,4.866602697542511180e+01
4.969794582704695074e+01,1.310149905231789510e-12,1.100000000000000089e+00,1.100000000000000089e+00,4.871148152087965855e+01
4.974794582704694790e+01,2.513180635821431994e-12,1.100000000000000089e+00,1.100000000000000089e+00,4.875693606633419819e+01
4.979794582704695216e+01,1.203030730589793945e-12,1.100000000000000089e+00,1.100000000000000089e+00,4.880239061178875204e+01
4.984794582704694932e+01,2.138046684141214815e-13,1.100000000000000089e+00,1.100000000000000089e+00,4.884784515724329879e+01
4.989794582704695358e+01,1.095911555948370702e-12,1.100000000000000089e+00,1.100000000000000089e+00,4.889329970269784553e+01
4.994794582704695074e+01,2.726985304236155483e-12,1.100000000000000089e+00,1.100000000000000089e+00,4.893875424815238517e+01
4.999794582704694790e+01,1.631073748287027273e-12,1.100000000000000089e+00,1.100000000000000089e+00,4.898420879360693192e+01
5.004794582704695216e+01,2.138046684141214815e-13,1.100000000000000089e+00,1.100000000000000089e+00,4.902966333906147867e+01
5.009794582704694932e+01,1.523954573645657142e-12,1.100000000000000089e+00,1.100000000000000089e+00,4.907511788451602541e+01
5.014794582704695358e+01,2.941223653518714799e-12,1.100000000000000089e+00,1.100000000000000089e+00,4.912057242997057216e+01
5.019794582704695074e+01,1.417269079873208714e-12,1.100000000000000089e+00,1.100000000000000089e+00,4.916602697542511891e+01
5.024794582704694790e+01,2.138046684141214815e-13,1.100000000000000089e+00,1.100000000000000089e+00,4.921148152087966565e+01
5.029794582704695216e+01,1.203030730589812726e-12,1.100000000000000089e+00,1.100000000000000089e+00,4.925693606633421240e+01
5.034794582704694932e+01,2.727418985104569689e-12,1.100000000000000089e+00,1.100000000000000089e+00,4.930239061178875914e+01
5.039794582704695358e+01,1.310149905231490020e-12,1.100000000000000089e+00,1.100000000000000089e+00,4.934784515724330589e+01
5.044794582704695074e+01,0.000000000000000000e+00,1.100000000000000089e+00,1.100000000000000089e+00,4.939329970269785264e+01
5.049794582704694790e+01,1.523954573645657142e-12,1.100000000000000089e+00,1.100000000000000089e+00,4.943875424815239938e+01
5.054794582704695216e+01,2.941223653518714799e-12,1.100000000000000089e+00,1.100000000000000089e+00,4.948420879360694613e+01
5.059794582704694932e+01,1.631073748287027273e-12,1.100000000000000089e+00,1.100000000000000089e+00,4.952966333906149288e+01
5.064794582704695358e+01,2.138046684141214815e-13,1.100000000000000089e+00,1.100000000000000089e+00,4.957511788451603962e+01
5.069794582704695074e+01,1.417269079873231736e-12,1.100000000000000089e+00,1.100000000000000089e+00,4.962057242997058637e+01
5.074794582704694790e+01,2.727418985104569689e-12,1.100000000000000089e+00,1.100000000000000089e+00,4.966602697542513312e+01
5.079794582704695216e+01,1.310149905231490020e-12,1.100000000000000089e+00,1.100000000000000089e+00,4.971148152087967986e+01
5.084794582704694932e+01,2.138046684141214815e-13,1.100000000000000089e+00,1.100000000000000089e+00,4.975693606633422661e+01
5.089794582704695358e+01,1.203030730589812726e-12,1.100000000000000089e+00,1.063218849220532336e+00,4.980316347417880962e+01
5.094794582704695074e+01,2.834104478877446652e-12,1.100000000000000089e+00,1.015103108722378744e+00,4.985127921467696410e+01
5.099794582704694790e+01,1.523954573645632505e-12,1.100000000000000089e+00,9.645902349380491847e-01,4.990179208846129200e+01
5.104794582704695216e+01,1.071191746415692265e-13,1.100000000000000089e+00,9.112816915410063556e-01,4.995510063185833616e+01
5.109794582704694932e+01,1.631073748287053526e-12,1.100000000000000089e+00,8.546545040762623113e-01,5.001172781932307743e+01
5.114794582704695358e+01,3.155028321932858293e-12,1.100000000000000089e+00,7.939989429072511484e-01,5.007238338049209148e+01
5.119794582704695074e+01,1.704005100812760742e-01,1.100000000000000089e+00,7.283092209617030299e-01,5.013807310243763737e+01
5.124794117358372603e+01,2.188877852382038469e+00,6.759105675816163838e-01,6.560820286094489751e-01,5.021030029478988865e+01
5.129789606534401258e+01,3.025408792177842976e+00,5.749207290955172800e-01,5.749207290955172800e-01,5.029146159430381857e+01
5.134784303900651992e+01,3.239321062728487188e+00,5.556137726331348281e-01,5.556137726331348281e-01,5.037982152243716882e+01
5.139778760398188240e+01,3.150163116004129904e+00,5.634215822178345601e-01,5.634215822178345601e-01,5.046908512748566267e+01
5.144773647255112792e+01,2.880075548147484010e+00,5.892479224650022385e-01,5.892479224650022385e-01,5.055575154551151229e+01
5.149769998390936365e+01,1.083040726445900326e+00,9.608987003225302193e-01,6.686853795663499911e-01,5.063518900261286149e+01
5.154769998390937502e+01,6.140921104957352863e-13,1.100000000000000089e+00,7.396892163914580154e-01,5.070619283943796773e+01
5.159769998390937218e+01,1.540434446667142773e-12,1.100000000000000089e+00,8.044502078101536391e-01,5.077095383085666214e+01
5.164769998390938355e+01,1.251634537171136263e-01,1.100000000000000089e+00,8.643726840002641243e-01,5.083087630704677196e+01
5.169769785885313951e+01,1.175601118621628416e+00,9.222953195174894425e-01,8.893049734847623400e-01,5.088789690570737179e+01
5.174768660234215645e+01,1.447417111830290315e+00,8.311954336295983570e-01,8.311954336295983570e-01,5.094600644556253854e+01
5.179767489629232813e+01,1.474200926038611970e+00,8.236100931648147050e-01,8.236100931648147050e-01,5.100642235926450496e+01
5.184766324722573216e+01,1.470226316786007459e+00,8.247226153769315893e-01,8.247226153769315893e-01,5.106707558864515306e+01
5.189765169005421086e+01,1.435036046620838279e+00,8.347733866102436950e-01,8.347733866102436950e-01,5.112732091947886914e+01
5.194764063989916281e+01,7.624480631078719428e-01,1.100000000000000089e+00,8.926502712051569421e-01,5.118519780407378050e+01
5.199764059376872893e+01,5.812245591878721120e-03,1.100000000000000089e+00,9.470081385192918866e-01,5.123955567138791878e+01
5.204764059376873320e+01,0.000000000000000000e+00,1.100000000000000089e+00,9.984109446624561679e-01,5.129095847753108472e+01
5.209764059376873746e+01,1.351349587785735423e-12,1.100000000000000089e+00,1.047293852947577486e+00,5.133984138581620726e+01
5.214764059376874172e+01,4.735795089416952969e-13,1.100000000000000089e+00,1.093994704933158202e+00,5.138654223780179109e+01
5.219764059376873888e+01,8.777700788443431496e-13,1.100000000000000089e+00,1.100000000000000089e+00,5.143212119921639669e+01
5.224764059376874314e+01,0.000000000000000000e+00,1.100000000000000089e+00,1.100000000000000089e+00,5.147757574467094344e+01
5.229764059376874741e+01,8.777700788443431496e-13,1.100000000000000089e+00,1.100000000000000089e+00,5.152303029012549018e+01
5.234764059376874457e+01,4.735795089416952969e-13,1.100000000000000089e+00,1.100000000000000089e+00,5.156848483558002982e+01
5.239764059376874883e+01,1.351349587785735423e-12,1.100000000000000089e+00,1.100000000000000089e+00,5.161393938103457657e+01
5.244764059376875309e+01,8.777700788443431496e-13,1.100000000000000089e+00,1.100000000000000089e+00,5.165939392648912332e+01
5.249764059376875025e+01,8.777700788443431496e-13,1.100000000000000089e+00,1.100000000000000089e+00,5.170484847194366296e+01
5.254764059376875451e+01,0.000000000000000000e+00,1.100000000000000089e+00,1.100000000000000089e+00,5.175030301739820970e+01
5.259764059376875878e+01,1.351349587785735423e-12,1.100000000000000089e+00,1.100000000000000089e+00,5.179575756285275645e+01
5.264764059376876304e+01,4.735795089416952969e-13,1.100000000000000089e+00,1.100000000000000089e+00,5.184121210830730320e+01
5.269764059376876020e+01,0.000000000000000000e+00,1.100000000000000089e+00,1.100000000000000089e+00,5.188666665376184284e+01
5.274764059376875736e+01,1.755540157688330466e-12,1.100000000000000089e+00,1.100000000000000089e+00,5.193212119921638248e+01
5.279764059376876872e+01,1.753805434212353861e-12,1.100000000000000089e+00,1.100000000000000089e+00,5.197757574467093633e+01
5.284764059376876588e+01,4.735795089416952969e-13,1.100000000000000089e+00,1.100000000000000089e+00,5.202303029012547597e+01
5.289764059376877015e+01,1.351349587785735423e-12,1.100000000000000089e+00,1.100000000000000089e+00,5.206848483558002272e+01
5.294764059376877441e+01,8.777700788443431496e-13,1.100000000000000089e+00,1.100000000000000089e+00,5.211393938103456946e+01
5.299764059376877157e+01,4.735795089416952969e-13,1.100000000000000089e+00,1.100000000000000089e+00,5.215939392648910911e+01
5.304764059376877583e+01,1.824929096727765045e-12,1.100000000000000089e+00,1.100000000000000089e+00,5.220484847194365585e+01
5.309764059376877299e+01,9.488937413592062460e-13,1.100000000000000089e+00,1.100000000000000089e+00,5.225030301739819549e+01
5.314764059376878436e+01,4.024558464265605294e-13,1.100000000000000089e+00,1.100000000000000089e+00,5.229575756285274934e+01
5.319764059376878151e+01,0.000000000000000000e+00,1.100000000000000089e+00,1.100000000000000089e+00,5.234121210830728899e+01
5.324764059376877867e+01,4.041905699025370841e-13,1.100000000000000089e+00,1.100000000000000089e+00,5.238666665376182863e+01
5.329764059376879004e+01,4.024558464265605294e-13,1.100000000000000089e+00,1.100000000000000089e+00,5.243212119921638248e+01
5.334764059376878720e+01,8.777700788443431496e-13,1.100000000000000089e+00,1.100000000000000089e+00,5.247757574467092212e+01
5.339764059376879146e+01,8.777700788443431496e-13,1.100000000000000089e+00,1.100000000000000089e+00,5.252303029012546887e+01
5.344764059376878862e+01,8.777700788443431496e-13,1.100000000000000089e+00,1.100000000000000089e+00,5.256848483558000851e+01
5.349764059376879288e+01,1.351349587785735423e-12,1.100000000000000089e+00,1.100000000000000089e+00,5.261393938103455525e+01
5.354764059376879715e+01,4.735795089416952969e-13,1.100000000000000089e+00,1.100000000000000089e+00,5.265939392648910200e+01
5.359764059376879430e+01,1.755540157688330466e-12,1.100000000000000089e+00,1.100000000000000089e+00,5.270484847194364164e+01
5.364764059376880567e+01,1.753805434212353861e-12,1.100000000000000089e+00,1.100000000000000089e+00,5.275030301739819549e+01
5.369764059376880283e+01,0.000000000000000000e+00,1.100000000000000089e+00,1.100000000000000089e+00,5.279575756285273513e+01
5.374764059376879999e+01,4.735795089416952969e-13,1.100000000000000089e+00,1.100000000000000089e+00,5.284121210830727478e+01
5.379764059376880425e+01,1.351349587785735423e-12,1.100000000000000089e+00,1.100000000000000089e+00,5.288666665376182152e+01
5.384764059376880851e+01,0.000000000000000000e+00,1.100000000000000089e+00,1.100000000000000089e+00,5.293212119921636827e+01
5.389764059376881278e+01,8.777700788443431496e-13,1.100000000000000089e+00,1.100000000000000089e+00,5.297757574467091501e+01
5.394764059376880994e+01,8.777700788443431496e-13,1.100000000000000089e+00,1.100000000000000089e+00,5.302303029012545466e+01
5.399764059376881420e+01,1.351349587785735423e-12,1.100000000000000089e+00,1.100000000000000089e+00,5.306848483558000140e+01
5.404764059376881846e+01,4.735795089416952969e-13,1.100000000000000089e+00,1.100000000000000089e+00,5.311393938103454815e+01
5.409764059376881562e+01,8.777700788443431496e-13,1.100000000000000089e+00,1.100000000000000089e+00,5.315939392648908779e+01
5.414764059376881988e+01,0.000000000000000000e+00,1.100000000000000089e+00,1.100000000000000089e+00,5.320484847194363454e+01
5.419764059376882415e+01,8.777700788443431496e-13,1.100000000000000089e+00,1.100000000000000089e+00,5.325030301739818128e+01
5.424764059376882130e+01,4.735795089416952969e-13,1.100000000000000089e+00,1.100000000000000089e+00,5.329575756285272092e+01
5.429764059376882557e+01,4.735795089416952969e-13,1.100000000000000089e+00,1.100000000000000089e+00,5.334121210830726767e+01
5.434764059376882273e+01,4.041905699025370841e-13,1.100000000000000089e+00,1.100000000000000089e+00,5.338666665376180731e+01
5.439764059376883409e+01,4.024558464265605294e-13,1.100000000000000089e+00,1.100000000000000089e+00,5.343212119921636116e+01
5.444764059376883125e+01,1.351349587786372570e-12,1.100000000000000089e+00,1.100000000000000089e+00,5.347757574467090080e+01
5.449764059376882841e+01,9.488937413592062460e-13,1.100000000000000089e+00,1.100000000000000089e+00,5.352303029012544044e+01
5.454764059376883978e+01,4.024558464265605294e-13,1.100000000000000089e+00,1.100000000000000089e+00,5.356848483557999430e+01
5.459764059376883694e+01,4.735795089416952969e-13,1.100000000000000089e+00,1.100000000000000089e+00,5.361393938103453394e+01
5.464764059376884120e+01,4.735795089416952969e-13,1.100000000000000089e+00,1.100000000000000089e+00,5.365939392648908068e+01
5.469764059376883836e+01,8.777700788443431496e-13,1.100000000000000089e+00,1.100000000000000089e+00,5.370484847194362032e+01
5.474764059376884262e+01,0.000000000000000000e+00,1.100000000000000089e+00,1.100000000000000089e+00,5.375030301739816707e+01
5.479764059376884688e+01,8.777700788443431496e-13,1.100000000000000089e+00,1.100000000000000089e+00,5.379575756285271382e+01
5.484764059376884404e+01,4.041905699025370841e-13,1.100000000000000089e+00,1.100000000000000089e+00,5.384121210830725346e+01
5.489764059376885541e+01,4.024558464265605294e-13,1.100000000000000089e+00,1.100000000000000089e+00,5.388666665376180731e+01
5.494764059376885257e+01,0.000000000000000000e+00,1.100000000000000089e+00,1.100000000000000089e+00,5.393212119921634695e+01
5.499764059376884973e+01,8.777700788443431496e-13,1.100000000000000089e+00,1.100000000000000089e+00,5.397757574467088659e+01
5.504764059376885399e+01,0.000000000000000000e+00,1.100000000000000089e+00,1.100000000000000089e+00,5.402303029012543334e+01
5.509764059376885825e+01,1.351349587785735423e-12,1.100000000000000089e+00,1.100000000000000089e+00,5.406848483557998009e+01
5.514764059376886252e+01,4.735795089416952969e-13,1.100000000000000089e+00,1.100000000000000089e+00,5.411393938103452683e+01
5.519764059376885967e+01,8.777700788443431496e-13,1.100000000000000089e+00,1.100000000000000089e+00,5.415939392648906647e+01
5.524764059376886394e+01,0.000000000000000000e+00,1.100000000000000089e+00,1.100000000000000089e+00,5.420484847194361322e+01
5.529764059376886820e+01,8.777700788443431496e-13,1.100000000000000089e+00,1.100000000000000089e+00,5.425030301739815997e+01
5.534764059376886536e+01,4.735795089416952969e-13,1.100000000000000089e+00,1.100000000000000089e+00,5.429575756285269961e+01
5.539764059376886962e+01,1.351349587785735423e-12,1.100000000000000089e+00,1.100000000000000089e+00,5.434121210830724635e+01
5.544764059376887388e+01,8.777700788443431496e-13,1.100000000000000089e+00,1.100000000000000089e+00,5.438666665376179310e+01
5.549764059376887104e+01,4.735795089416952969e-13,1.100000000000000089e+00,1.100000000000000089e+00,5.443212119921633274e+01
5.554764059376887531e+01,2.702699175571560107e-12,1.100000000000000089e+00,1.100000000000000089e+00,5.447757574467087949e+01
5.559764059376887957e+01,2.704433899047536510e-12,1.100000000000000089e+00,1.100000000000000089e+00,5.452303029012542623e+01
5.564764059376888383e+01,4.735795089416952969e-13,1.100000000000000089e+00,1.100000000000000089e+00,5.456848483557997298e+01
5.569764059376888099e+01,0.000000000000000000e+00,1.100000000000000089e+00,1.100000000000000089e+00,5.461393938103451262e+01
5.574764059376887815e+01,4.041905699025370841e-13,1.100000000000000089e+00,1.100000000000000089e+00,5.465939392648905226e+01
5.579764059376888952e+01,4.024558464265605294e-13,1.100000000000000089e+00,1.100000000000000089e+00,5.470484847194360611e+01
5.584764059376888667e+01,8.777700788443431496e-13,1.100000000000000089e+00,1.100000000000000089e+00,5.475030301739814576e+01
5.589764059376889094e+01,0.000000000000000000e+00,1.100000000000000089e+00,1.100000000000000089e+00,5.479575756285269250e+01
5.594764059376889520e+01,8.777700788443431496e-13,1.100000000000000089e+00,1.100000000000000089e+00,5.484121210830723925e+01
5.599764059376889236e+01,4.735795089416952969e-13,1.100000000000000089e+00,1.100000000000000089e+00,5.488666665376177889e+01
5.604764059376889662e+01,4.735795089416952969e-13,1.100000000000000089e+00,1.100000000000000089e+00,5.493212119921632564e+01
5.609764059376889378e+01,1.755540157688330466e-12,1.100000000000000089e+00,1.100000000000000089e+00,5.497757574467086528e+01
5.614764059376890515e+01,1.753805434212353861e-12,1.100000000000000089e+00,1.100000000000000089e+00,5.502303029012541913e+01
5.619764059376890231e+01,0.000000000000000000e+00,1.100000000000000089e+00,1.100000000000000089e+00,5.506848483557995877e+01
5.624764059376889946e+01,4.735795089416952969e-13,1.100000000000000089e+00,1.100000000000000089e+00,5.511393938103449841e+01
5.629764059376890373e+01,1.351349587785735423e-12,1.100000000000000089e+00,1.100000000000000089e+00,5.515939392648904516e+01
5.634764059376890799e+01,0.000000000000000000e+00,1.100000000000000089e+00,1.100000000000000089e+00,5.520484847194359190e+01
5.639764059376891225e+01,8.777700788443431496e-13,1.100000000000000089e+00,1.100000000000000089e+00,5.525030301739813865e+01
5.644764059376890941e+01,8.777700788443431496e-13,1.100000000000000089e+00,1.100000000000000089e+00,5.529575756285267829e+01
5.649764059376891367e+01,1.351349587785735423e-12,1.100000000000000089e+00,1.100000000000000089e+00,5.534121210830722504e+01
5.654764059376891794e+01,4.735795089416952969e-13,1.100000000000000089e+00,1.100000000000000089e+00,5.538666665376177178e+01
5.659764059376891510e+01,8.777700788443431496e-13,1.100000000000000089e+00,1.100000000000000089e+00,5.543212119921631142e+01
5.664764059376891936e+01,0.000000000000000000e+00,1.100000000000000089e+00,1.100000000000000089e+00,5.547757574467085817e+01
5.669764059376892362e+01,8.777700788443431496e-13,1.100000000000000089e+00,1.100000000000000089e+00,5.552303029012540492e+01
5.674764059376892078e+01,4.735795089416952969e-13,1.100000000000000089e+00,1.100000000000000089e+00,5.556848483557994456e+01
5.679764059376892504e+01,1.351349587785735423e-12,1.100000000000000089e+00,1.100000000000000089e+00,5.561393938103449130e+01
5.684764059376892931e+01,1.351349587785735423e-12,1.100000000000000089e+00,1.100000000000000089e+00,5.565939392648903805e+01
5.689764059376893357e+01,4.735795089416952969e-13,1.100000000000000089e+00,1.100000000000000089e+00,5.570484847194358480e+01
5.694764059376893073e+01,2.229119666630470151e-12,1.100000000000000089e+00,1.100000000000000089e+00,5.575030301739812444e+01
5.699764059376893499e+01,2.704433899047536510e-12,1.100000000000000089e+00,1.100000000000000089e+00,5.579575756285267119e+01
5.704764059376893925e+01,4.735795089416952969e-13,1.100000000000000089e+00,1.100000000000000089e+00,5.584121210830721793e+01
5.709764059376893641e+01,4.735795089416952969e-13,1.100000000000000089e+00,1.100000000000000089e+00,5.588666665376175757e+01
5.714764059376894068e+01,1.351349587785735423e-12,1.100000000000000089e+00,1.100000000000000089e+00,5.593212119921630432e+01
5.719764059376894494e+01,8.777700788443431496e-13,1.100000000000000089e+00,1.100000000000000089e+00,5.597757574467085107e+01
5.724764059376894210e+01,8.777700788443431496e-13,1.100000000000000089e+00,1.100000000000000089e+00,5.602303029012539071e+01
5.729764059376894636e+01,0.000000000000000000e+00,1.100000000000000089e+00,1.100000000000000089e+00,5.606848483557993745e+01
5.734764059376895062e+01,1.351349587785735423e-12,1.100000000000000089e+00,1.100000000000000089e+00,5.611393938103448420e+01
5.739764059376895489e+01,4.735795089416952969e-13,1.100000000000000089e+00,1.100000000000000089e+00,5.615939392648903095e+01
5.744764059376895204e+01,0.000000000000000000e+00,1.100000000000000089e+00,1.100000000000000089e+00,5.620484847194357059e+01
5.749764059376894920e+01,1.755540157688330466e-12,1.100000000000000089e+00,1.100000000000000089e+00,5.625030301739811023e+01
5.754764059376896057e+01,1.753805434212353861e-12,1.100000000000000089e+00,1.091023508429274536e+00,5.629594378739226812e+01
5.759764059376895773e+01,4.735795089416952969e-13,1.100000000000000089e+00,1.044189779659489226e+00,5.634277751616205165e+01
5.764764059376896199e+01,9.590940467151068405e-02,1.100000000000000089e+00,9.951544080921949087e-01,5.639181288772934408e+01
5.769763920335611829e+01,1.002725722333031921e+00,9.986399186059655708e-01,9.435756868269827846e-01,5.644339160899455266e+01
5.774763099738996175e+01,1.265259842352718600e+00,8.890171475867721940e-01,8.890171475867721940e-01,5.649795014823476436e+01
5.779762265733155147e+01,1.269884229721227387e+00,8.873969568706172595e-01,8.873969568706172595e-01,5.655423393906500706e+01
5.784761399174539065e+01,1.262831777622350549e+00,8.898714001589428380e-01,8.898714001589428380e-01,5.661049031049716973e+01
5.789760531460656523e+01,1.145707760914157269e+00,9.342499268430426440e-01,9.342499268430426440e-01,5.666530171160428608e+01
5.794760124674834856e+01,2.343845764237649787e-01,1.100000000000000089e+00,9.863137381633715339e-01,5.671736552292461653e+01
5.799760124674834572e+01,0.000000000000000000e+00,1.100000000000000089e+00,1.035767729797466785e+00,5.676681951455871200e+01
5.804760124674834998e+01,0.000000000000000000e+00,1.100000000000000089e+00,1.082965738188335525e+00,5.681401752294958385e+01
5.809760124674834714e+01,0.000000000000000000e+00,1.100000000000000089e+00,1.100000000000000089e+00,5.685982676230255350e+01
5.814760124674835140e+01,0.000000000000000000e+00,1.100000000000000089e+00,1.100000000000000089e+00,5.690528130775710025e+01
5.819760124674834856e+01,7.520096965338456119e-02,1.100000000000000089e+00,1.100000000000000089e+00,5.695073585321163989e+01
5.824760071289204433e+01,5.054658788409961412e-01,1.100000000000000089e+00,1.100000000000000089e+00,5.699618991334227758e+01
5.829759900002999728e+01,5.783396349947266257e-01,1.100000000000000089e+00,1.100000000000000089e+00,5.704164290164951012e+01
5.834759722627152456e+01,5.805752079193201576e-01,1.100000000000000089e+00,1.100000000000000089e+00,5.708709583459635439e+01
5.839759539994859949e+01,5.813731357144050760e-01,1.100000000000000089e+00,1.100000000000000089e+00,5.713254871975733096e+01
5.844759353416254299e+01,5.807232929575221192e-01,1.100000000000000089e+00,1.100000000000000089e+00,5.717800156904273479e+01
5.849759164501018205e+01,5.786342748402275582e-01,1.100000000000000089e+00,1.100000000000000089e+00,5.722345439708603720e+01
5.854758974970855689e+01,5.390352104612108342e-01,1.100000000000000089e+00,1.100000000000000089e+00,5.726890721953910202e+01
5.859758869657439107e+01,1.305805572394925229e-01,1.100000000000000089e+00,1.100000000000000089e+00,5.731436080759895191e+01
5.864758869657439533e+01,5.863365348800484136e-13,1.100000000000000089e+00,1.100000000000000089e+00,5.735981535305350576e+01
5.869758869657439249e+01,8.049116928534376129e-13,1.100000000000000089e+00,1.100000000000000089e+00,5.740526989850805251e+01
5.874758869657438254e+01,2.185751579730861252e-13,1.100000000000000089e+00,1.100000000000000089e+00,5.745072444396259215e+01
5.879758869657438680e+01,5.863365348800484136e-13,1.100000000000000089e+00,1.100000000000000089e+00,5.749617898941714600e+01
5.884758869657438396e+01,0.000000000000000000e+00,1.100000000000000089e+00,1.100000000000000089e+00,5.754163353487169275e+01
5.889758869657438112e+01,0.000000000000000000e+00,1.100000000000000089e+00,1.094336739370104450e+00,5.758720539182775155e+01
5.894758869657437828e+01,1.391248227733453210e-12,1.100000000000000089e+00,1.047651134269033557e+00,5.763389099692881956e+01
5.899758869657437543e+01,1.389513504257476403e-12,1.100000000000000089e+00,9.987857123203127685e-01,5.768275641887753835e+01
5.904758869657437259e+01,0.000000000000000000e+00,1.100000000000000089e+00,9.474032399855909503e-01,5.773413889121226106e+01
5.909758869657436975e+01,5.846018114040719095e-13,1.100000000000000089e+00,8.930693697217455540e-01,5.778847276147610756e+01
5.914758869657437401e+01,2.203098814490630081e-13,1.100000000000000089e+00,8.352082968548519837e-01,5.784633383434299958e+01
5.919758869657436406e+01,8.049116928534376129e-13,1.100000000000000089e+00,7.730283947793887833e-01,5.790851373641846322e+01
5.924758869657436122e+01,2.262512745458850894e-01,1.100000000000000089e+00,7.053884739171736307e-01,5.797615365728067616e+01
5.929758113514948548e+01,2.515166314637744982e+00,6.305458127566553328e-01,6.305458127566553328e-01,5.805099631844119301e+01
5.934752844898319779e+01,3.270701537814735715e+00,5.529419533820246757e-01,5.529419533820246757e-01,5.813540329798551909e+01
5.939747171799108116e+01,3.248083426087516212e+00,5.548638261270231187e-01,5.548638261270231187e-01,5.822556940820389570e+01
5.944741979444940938e+01,2.204622270784181826e+00,6.734927187655118663e-01,6.385687264977679689e-01,5.830927430857464344e+01
5.949741760047502481e+01,9.306275149367196353e-02,1.100000000000000089e+00,7.125767541200167532e-01,5.838328233619689200e+01
5.954741760047502908e+01,2.012279232132805020e-12,1.100000000000000089e+00,7.795932468359565437e-01,5.845029882891283535e+01
5.959741760047502623e+01,1.006139616066478241e-12,1.100000000000000089e+00,8.412880781945197839e-01,5.851199366027140059e+01
5.964741760047503050e+01,1.006139616066629904e-12,1.100000000000000089e+00,8.987578263983203586e-01,5.856946340847520105e+01
5.969741760047502765e+01,2.008809785181457655e-12,1.100000000000000089e+00,9.527673538237040329e-01,5.862347293590058683e+01
5.974741760047502481e+01,2.008809785180852214e-12,1.100000000000000089e+00,9.824650202837028612e-01,5.867514631700869643e+01
5.979741760047502908e+01,3.487393241968819724e-01,1.100000000000000089e+00,9.301814425589486346e-01,5.872742989473344721e+01
5.984741108405560084e+01,1.306761558565918246e+00,8.747860017855254577e-01,8.747860017855254577e-01,5.878282533550687106e+01
5.989739973984801225e+01,1.420487921365847228e+00,8.390372213156028769e-01,8.390372213156028769e-01,5.884116117215396713e+01
5.994738747939076973e+01,1.455785237281820743e+00,8.288030574180470511e-01,8.288030574180470511e-01,5.890110424965382663e+01
5.999737482306342429e+01,1.468087671448174314e+00,8.253231065211462658e-01,8.253231065211462658e-01,5.896154382767683444e+01
6.004736224778923770e+01,1.456369828417963141e+00,8.286366987286855057e-01,8.286366987286855057e-01,5.902198958284832742e+01
6.009735025290159882e+01,1.421618317371311946e+00,8.387035758760862381e-01,8.387035758760862381e-01,5.908195095470952651e+01
6.014733942050689564e+01,1.326973246305609422e+00,8.680983215552861010e-01,8.680983215552861010e-01,5.914052736909074781e+01
6.019733260550871989e+01,3.803231947925728162e-01,1.100000000000000089e+00,9.238945101529485449e-01,5.919632355768840881e+01
6.024733260550871705e+01,2.027891743416668177e-12,1.100000000000000089e+00,9.765147545688962483e-01,5.924894380210435685e+01
6.029733260550872131e+01,2.027891743416668177e-12,1.100000000000000089e+00,1.026440970485280157e+00,5.929887001802074309e+01
6.034733260550871847e+01,3.608224830031935461e-13,1.100000000000000089e+00,1.074048912243180220e+00,5.934647795977864604e+01
6.039733260550872274e+01,3.110359192426399368e-12,1.100000000000000089e+00,1.100000000000000089e+00,5.939247508497525274e+01
6.044733260550871989e+01,2.749536709423509452e-12,1.100000000000000089e+00,1.100000000000000089e+00,5.943792963042979949e+01
6.049733260550871705e+01,2.388714226420051252e-12,1.100000000000000089e+00,1.100000000000000089e+00,5.948338417588433913e+01
6.054733260550872131e+01,2.388714226420051252e-12,1.100000000000000089e+00,1.100000000000000089e+00,5.952883872133888588e+01
6.059733260550871847e+01,2.027891743416668177e-12,1.100000000000000089e+00,1.100000000000000089e+00,5.957429326679342552e+01
6.064733260550872274e+01,1.668803983889680145e-12,1.100000000000000089e+00,1.100000000000000089e+00,5.961974781224797937e+01
6.069733260550871989e+01,3.608224830032679641e-13,1.100000000000000089e+00,1.100000000000000089e+00,5.966520235770251901e+01
6.074733260550871705e+01,2.027891743416668177e-12,1.100000000000000089e+00,1.100000000000000089e+00,5.971065690315705865e+01
6.079733260550872131e+01,2.027891743416668177e-12,1.100000000000000089e+00,1.100000000000000089e+00,5.975611144861161250e+01
6.084733260550871847e+01,2.388714226420051252e-12,1.100000000000000089e+00,1.100000000000000089e+00,5.980156599406615214e+01
6.089733260550872274e+01,2.388714226420051252e-12,1.100000000000000089e+00,1.100000000000000089e+00,5.984702053952069889e+01
6.094733260550871989e+01,2.749536709423509452e-12,1.100000000000000089e+00,1.100000000000000089e+00,5.989247508497523853e+01
6.099733260550871705e+01,3.110359192426399368e-12,1.100000000000000089e+00,1.100000000000000089e+00,5.993792963042978528e+01
6.104733260550872131e+01,3.608224830031935461e-13,1.100000000000000089e+00,1.100000000000000089e+00,5.998338417588433202e+01
6.109733260550871847e+01,2.027891743416668177e-12,1.100000000000000089e+00,1.100000000000000089e+00,6.002883872133887166e+01
6.114733260550872274e+01,2.027891743416668177e-12,1.100000000000000089e+00,1.100000000000000089e+00,6.007429326679342552e+01
6.119733260550871989e+01,3.108624468951063949e-12,1.100000000000000089e+00,1.100000000000000089e+00,6.011974781224796516e+01
6.124733260550871705e+01,3.830269434956770677e-12,1.100000000000000089e+00,1.100000000000000089e+00,6.016520235770250480e+01
6.129733260550872131e+01,3.469446951953238565e-12,1.100000000000000089e+00,1.100000000000000089e+00,6.021065690315705154e+01
6.134733260550871847e+01,3.110359192426399368e-12,1.100000000000000089e+00,1.100000000000000089e+00,6.025611144861159829e+01
6.139733260550872274e+01,3.110359192426399368e-12,1.100000000000000089e+00,1.100000000000000089e+00,6.030156599406614504e+01
6.144733260550871989e+01,2.749536709423509452e-12,1.100000000000000089e+00,1.100000000000000089e+00,6.034702053952069178e+01
6.149733260550871705e+01,3.608224830031935461e-13,1.100000000000000089e+00,1.100000000000000089e+00,6.039247508497523143e+01
6.154733260550872131e+01,3.110359192426399368e-12,1.100000000000000089e+00,1.100000000000000089e+00,6.043792963042977817e+01
6.159733260550871847e+01,3.469446951953238565e-12,1.100000000000000089e+00,1.100000000000000089e+00,6.048338417588432492e+01
6.164733260550872274e+01,3.469446951953238565e-12,1.100000000000000089e+00,1.100000000000000089e+00,6.052883872133887166e+01
6.169733260550871989e+01,2.390448949896521217e-12,1.100000000000000089e+00,1.100000000000000089e+00,6.057429326679341841e+01
6.174733260550871705e+01,1.668803983889680145e-12,1.100000000000000089e+00,1.100000000000000089e+00,6.061974781224795805e+01
6.179733260550872131e+01,2.027891743416668177e-12,1.100000000000000089e+00,1.100000000000000089e+00,6.066520235770251190e+01
6.184733260550871847e+01,2.388714226420051252e-12,1.100000000000000089e+00,1.100000000000000089e+00,6.071065690315705154e+01
6.189733260550872274e+01,2.388714226420051252e-12,1.100000000000000089e+00,1.055059242236344730e+00,6.075705933982335694e+01
6.194733260550871989e+01,2.841536817695954342e-01,1.100000000000000089e+00,1.006553527949872517e+00,6.080556505410982737e+01
6.199732788640816494e+01,1.095099008012746289e+00,9.555937645408991710e-01,9.555937645408991710e-01,6.085652481751880316e+01
6.204731985438161246e+01,1.209998137622491532e+00,9.090916087076101881e-01,9.090916087076101881e-01,6.091014455271987771e+01
6.209731189997837220e+01,1.228960330049148508e+00,9.020509491098774868e-01,9.020509491098774868e-01,6.096534953410687763e+01
6.214730307445849888e+01,1.228738999984728908e+00,9.021321876824360819e-01,9.021321876824360819e-01,6.102076649645472628e+01
6.219729418428303092e+01,1.235663609261999918e+00,8.996008800755954660e-01,8.996008800755954660e-01,6.107625874524465814e+01
6.224728611225652486e+01,1.225820472901463232e+00,9.032054818526223938e-01,9.032054818526223938e-01,6.113171886456665050e+01
6.229727790651062946e+01,1.175946883968577161e+00,9.221597176419165098e-01,9.221597176419165098e-01,6.118649343161542475e+01
6.234726999957812410e+01,8.124681115280243393e-01,1.100000000000000089e+00,9.748654937869156711e-01,6.123919920776042147e+01
6.239726972103663627e+01,3.653686162145092231e-02,1.100000000000000089e+00,1.024871784123960072e+00,6.128920549809746632e+01
6.244726972103662632e+01,1.162264728904786900e-12,1.100000000000000089e+00,9.891006644373672163e-01,6.133885861031924236e+01
6.249726972103662348e+01,1.158795281952317913e-12,1.100000000000000089e+00,9.371873475407375143e-01,6.139077192721587295e+01
6.254726972103662774e+01,3.271688475692190729e-12,1.100000000000000089e+00,8.822245317323874625e-01,6.144573474302422511e+01
6.259726972103662490e+01,3.275157922644144343e-12,1.100000000000000089e+00,8.236019210701501780e-01,6.150435735368646561e+01
6.264726972103662916e+01,2.321060010857104409e-12,1.100000000000000089e+00,7.604736184710347846e-01,6.156748565628558367e+01
6.269726972103661922e+01,1.162264728904786900e-12,1.100000000000000089e+00,6.916069146490987363e-01,6.163635236010752294e+01
6.274726972103661637e+01,1.348617273145163109e+00,8.611040683277051411e-01,6.150773320408156053e-01,6.171288194271580352e+01
6.279721013149764275e+01,3.591446995964491240e+00,5.276734818696041662e-01,5.276734818696041662e-01,6.180028579288701707e+01
6.284713725774059156e+01,3.656523496787663419e+00,5.229568014856603719e-01,5.229568014856603719e-01,6.189532802997826622e+01
6.289707085823692267e+01,2.094132576836023052e+00,6.910316095728790131e-01,6.110245635101525519e-01,6.198339579200276006e+01
6.294707067417966329e+01,1.859318818558718459e-02,1.100000000000000089e+00,6.880048321765336317e-01,6.206037606066914236e+01
6.299707067417966755e+01,5.750884665644930838e-01,1.100000000000000089e+00,7.571992136143976815e-01,6.212957044210700985e+01
6.304705912541380997e+01,1.568035469809490268e+00,7.985866738656787200e-01,7.985866738656787200e-01,6.219383179276768203e+01
6.309704578310594769e+01,1.588065812297488666e+00,7.935343880804789363e-01,7.935343880804789363e-01,6.225662432643473920e+01
6.314703254700457080e+01,1.056338251502322301e+00,9.729678651015978286e-01,8.542074413533934374e-01,6.231729737970765370e+01
6.319703223562503069e+01,2.946178747525151145e-02,1.100000000000000089e+00,9.108620807259620866e-01,6.237395201908022102e+01
6.324703223562502785e+01,2.777725965907809853e-12,1.100000000000000089e+00,9.641938239298288860e-01,6.242728376228409104e+01
6.329703223562503211e+01,6.179952383167201093e-14,1.100000000000000089e+00,1.014726431164789666e+00,6.247781636951905426e+01
6.334703223562502927e+01,1.235990476633308700e-13,1.100000000000000089e+00,1.062859224029423455e+00,6.252594916238368938e+01
6.339703223562503354e+01,2.654343758678961872e-12,1.100000000000000089e+00,1.100000000000000089e+00,6.257218425660018113e+01
6.344703223562503069e+01,2.777725965908401562e-12,1.100000000000000089e+00,1.100000000000000089e+00,6.261763880205472077e+01
6.349703223562502785e+01,1.235990476633308700e-13,1.100000000000000089e+00,1.100000000000000089e+00,6.266309334750926752e+01
6.354703223562503211e+01,1.851817310605189319e-13,1.100000000000000089e+00,1.100000000000000089e+00,6.270854789296382137e+01
6.359703223562502927e+01,3.024707220800003321e-12,1.100000000000000089e+00,1.100000000000000089e+00,6.275400243841836101e+01
6.364703223562503354e+01,2.962907696968014932e-12,1.100000000000000089e+00,1.100000000000000089e+00,6.279945698387291486e+01
6.369703223562503069e+01,6.158268339718802407e-14,1.100000000000000089e+00,1.100000000000000089e+00,6.284491152932746161e+01
6.374703223562502785e+01,3.024707220800003321e-12,1.100000000000000089e+00,1.100000000000000089e+00,6.289036607478200125e+01
6.379703223562503211e+01,3.024707220800003321e-12,1.100000000000000089e+00,1.100000000000000089e+00,6.293582062023655510e+01
6.384703223562502927e+01,1.851817310605189319e-13,1.100000000000000089e+00,1.100000000000000089e+00,6.298127516569109474e+01
6.389703223562503354e+01,1.233822072288337943e-13,1.100000000000000089e+00,1.100000000000000089e+00,6.302672971114564859e+01
6.394703223562503069e+01,2.777942806342898663e-12,1.100000000000000089e+00,1.100000000000000089e+00,6.307218425660019534e+01
6.399703223562502785e+01,2.777725965908401562e-12,1.100000000000000089e+00,1.100000000000000089e+00,6.311763880205473498e+01
6.404703223562502501e+01,2.469812548921119810e-13,1.100000000000000089e+00,1.100000000000000089e+00,6.316309334750928173e+01
6.409703223562503638e+01,3.087807787237971943e-13,1.100000000000000089e+00,1.100000000000000089e+00,6.320854789296383558e+01
6.414703223562503354e+01,2.901325013571772898e-12,1.100000000000000089e+00,1.100000000000000089e+00,6.325400243841837522e+01
6.419703223562503069e+01,2.839308649305287812e-12,1.100000000000000089e+00,1.100000000000000089e+00,6.329945698387292197e+01
6.424703223562502785e+01,6.158268339718802407e-14,1.100000000000000089e+00,1.100000000000000089e+00,6.334491152932746871e+01
6.429703223562502501e+01,3.085639382893001439e-13,1.100000000000000089e+00,1.100000000000000089e+00,6.339036607478200835e+01
6.434703223562503638e+01,2.530744711015077184e-12,1.100000000000000089e+00,1.100000000000000089e+00,6.343582062023656221e+01
6.439703223562503354e+01,2.777725965908401562e-12,1.100000000000000089e+00,1.100000000000000089e+00,6.348127516569110185e+01
6.444703223562503069e+01,0.000000000000000000e+00,1.100000000000000089e+00,1.100000000000000089e+00,6.352672971114564859e+01
6.449703223562502785e+01,2.777942806342898663e-12,1.100000000000000089e+00,1.100000000000000089e+00,6.357218425660019534e+01
6.454703223562502501e+01,2.530744711015077184e-12,1.100000000000000089e+00,1.100000000000000089e+00,6.361763880205473498e+01
6.459703223562503638e+01,3.087807787237971943e-13,1.100000000000000089e+00,1.100000000000000089e+00,6.366309334750928883e+01
6.464703223562503354e+01,6.179952383168516282e-14,1.100000000000000089e+00,1.100000000000000089e+00,6.370854789296382847e+01
6.469703223562503069e+01,2.839525489739784913e-12,1.100000000000000089e+00,1.100000000000000089e+00,6.375400243841837522e+01
6.474703223562502785e+01,2.901108173137275797e-12,1.100000000000000089e+00,1.100000000000000089e+00,6.379945698387292197e+01
6.479703223562502501e+01,3.085639382893001439e-13,1.100000000000000089e+00,1.100000000000000089e+00,6.384491152932746161e+01
6.484703223562503638e+01,2.469812548921119810e-13,1.100000000000000089e+00,1.100000000000000089e+00,6.389036607478201546e+01
6.489703223562503354e+01,2.777942806342898663e-12,1.100000000000000089e+00,1.097959654924901107e+00,6.393586281525945481e+01
6.494703223562503069e+01,2.777725965908401562e-12,1.100000000000000089e+00,1.051434926109465984e+00,6.398238754407488926e+01
6.499703223562502785e+01,0.000000000000000000e+00,1.100000000000000089e+00,1.002753909911510144e+00,6.403106856027284266e+01
6.504703223562502501e+01,1.851817310604795015e-13,1.100000000000000089e+00,9.515857312101855259e-01,6.408223673897417427e+01
6.509703223562503638e+01,2.654343758678396013e-12,1.100000000000000089e+00,8.975050996193864039e-01,6.413631737056496718e+01
6.514703223562503354e+01,2.839308649305287812e-12,1.100000000000000089e+00,8.399496436351454598e-01,6.419387282654921023e+01
6.519703223562503069e+01,1.336131399713016456e-02,1.100000000000000089e+00,7.781487029114746434e-01,6.425567376727288149e+01
6.524703206840536041e+01,1.291620880383391734e+00,8.798982853394121673e-01,7.109962997668435314e-01,6.432282617041751394e+01
6.529700129986569834e+01,2.465621376613696292e+00,6.368494919221323602e-01,6.368494919221323602e-01,6.439697297826222666e+01
6.534696582156199440e+01,2.613657239223296624e+00,6.185512425916259716e-01,6.185512425916259716e-01,6.447657229714529592e+01
6.539692847346111648e+01,2.615423414480211317e+00,6.183423558794068908e-01,6.183423558794068908e-01,6.455735960489899128e+01
6.544689210505181620e+01,2.511329137128284650e+00,6.310273491387221600e-01,6.310273491387221600e-01,6.463734174531751364e+01
6.549686037247660408e+01,1.702009111921265916e+00,7.665121788421839222e-01,7.057847052824365308e-01,6.471209910146123434e+01
6.554685831599077517e+01,9.096602183355487203e-02,1.100000000000000089e+00,7.733873138596029095e-01,6.477970171003839539e+01
6.559685831599078654e+01,1.849215225390706060e-12,1.100000000000000089e+00,8.355405060432363751e-01,6.484185490222202475e+01
6.564685831599078369e+01,6.166496119738020323e-03,1.100000000000000089e+00,8.933800631528511227e-01,6.489969445933164138e+01
6.569685826444127486e+01,8.048583592932565534e-01,1.100000000000000089e+00,8.711322579986480186e-01,6.495636728371619029e+01
6.574684594260287440e+01,1.517690071164696564e+00,8.117241246893107665e-01,8.117241246893107665e-01,6.501577541702552310e+01
6.579683300264122181e+01,1.559661075636330274e+00,8.007277564892905097e-01,8.007277564892905097e-01,6.507777672152560910e+01
6.584681988180373935e+01,1.562012525555290354e+00,8.001248226655777174e-01,8.001248226655777174e-01,6.514022704307727452e+01
6.589680670105568083e+01,1.532136953924455147e+00,8.078880908977171815e-01,8.078880908977171815e-01,6.520239920454477556e+01
6.594679419612262450e+01,1.235054807875141547e+00,8.998225750093505892e-01,8.675587343507370486e-01,6.526206984799779320e+01
6.599679200174503535e+01,1.259058175652714717e-01,1.100000000000000089e+00,9.233925323463857415e-01,6.531790364599343945e+01
6.604679200174503251e+01,2.041769531224467286e-12,1.100000000000000089e+00,9.760398397570960727e-01,6.537055095340414823e+01
6.609679200174504388e+01,1.634109514369797460e-12,1.100000000000000089e+00,1.025989166021298082e+00,6.542050027966834591e+01
6.614679200174504103e+01,2.645392921034494648e-03,1.100000000000000089e+00,1.073617142557379500e+00,6.546812825620442311e+01
6.619679199339950060e+01,2.675288146722032412e-01,1.100000000000000089e+00,1.100000000000000089e+00,6.551413451064132687e+01
6.624679069079729743e+01,4.963600836111580761e-01,1.100000000000000089e+00,1.100000000000000089e+00,6.555958787191205772e+01
6.629678933902374638e+01,4.926166093056025819e-01,1.100000000000000089e+00,1.100000000000000089e+00,6.560504118848155031e+01
6.634678797877047884e+01,4.980063467146261802e-01,1.100000000000000089e+00,1.100000000000000089e+00,6.565049449734220843e+01
6.639678666207336732e+01,4.961573697627408852e-01,1.100000000000000089e+00,1.100000000000000089e+00,6.569594784579938107e+01
6.644678529111691034e+01,4.913932619499318810e-01,1.100000000000000089e+00,1.100000000000000089e+00,6.574140114492988118e+01
6.649678397265083163e+01,3.372888023791739132e-01,1.100000000000000089e+00,1.100000000000000089e+00,6.578685449177889666e+01
6.654678394423125098e+01,1.072542688354322787e-02,1.100000000000000089e+00,1.100000000000000089e+00,6.583230901139745583e+01
6.659678394423126235e+01,5.819997261901135651e-13,1.100000000000000089e+00,1.100000000000000089e+00,6.587776355685200258e+01
6.664678394423125951e+01,0.000000000000000000e+00,1.100000000000000089e+00,1.100000000000000089e+00,6.592321810230654933e+01
6.669678394423125667e+01,0.000000000000000000e+00,1.100000000000000089e+00,1.100000000000000089e+00,6.596867264776109607e+01
6.674678394423125383e+01,1.942890293094492718e-13,1.100000000000000089e+00,1.100000000000000089e+00,6.601412719321564282e+01
6.679678394423125098e+01,1.163132090642115942e-12,1.100000000000000089e+00,1.100000000000000089e+00,6.605958173867018957e+01
6.684678394423126235e+01,9.688430613326668973e-13,1.100000000000000089e+00,1.100000000000000089e+00,6.610503628412475052e+01
6.689678394423125951e+01,0.000000000000000000e+00,1.100000000000000089e+00,1.100000000000000089e+00,6.615049082957929727e+01
6.694678394423125667e+01,1.942890293094492718e-13,1.100000000000000089e+00,1.100000000000000089e+00,6.619594537503384402e+01
6.699678394423125383e+01,1.934216675714606663e-13,1.100000000000000089e+00,1.100000000000000089e+00,6.624139992048839076e+01
6.704678394423125098e+01,5.811323644521252625e-13,1.100000000000000089e+00,1.100000000000000089e+00,6.628685446594293751e+01
6.709678394423126235e+01,1.942890293093261843e-13,1.100000000000000089e+00,1.100000000000000089e+00,6.633230901139748426e+01
6.714678394423127372e+01,5.819997261902363497e-13,1.100000000000000089e+00,1.100000000000000089e+00,6.637776355685203100e+01
6.719678394423127088e+01,1.934216675714606663e-13,1.100000000000000089e+00,1.100000000000000089e+00,6.642321810230657775e+01
6.724678394423126804e+01,2.815456201510821992e-12,1.100000000000000089e+00,1.100000000000000089e+00,6.646867264776112449e+01
6.729678394423126520e+01,5.049780038567571030e-12,1.100000000000000089e+00,1.100000000000000089e+00,6.651412719321567124e+01
6.734678394423127656e+01,2.234323837057658613e-12,1.100000000000000089e+00,1.100000000000000089e+00,6.655958173867023220e+01
6.739678394423127372e+01,0.000000000000000000e+00,1.100000000000000089e+00,1.100000000000000089e+00,6.660503628412477894e+01
6.744678394423127088e+01,2.621167172201664359e-12,1.100000000000000089e+00,1.100000000000000089e+00,6.665049082957932569e+01
6.749678394423126804e+01,2.622034533939652762e-12,1.100000000000000089e+00,1.100000000000000089e+00,6.669594537503385823e+01
6.754678394423126520e+01,1.846613140176533651e-12,1.100000000000000089e+00,1.100000000000000089e+00,6.674139992048840497e+01
6.759678394423127656e+01,4.662069341685840222e-12,1.100000000000000089e+00,1.100000000000000089e+00,6.678685446594296593e+01
6.764678394423127372e+01,3.009745230820574161e-12,1.100000000000000089e+00,1.100000000000000089e+00,6.683230901139751268e+01
6.769678394423127088e+01,1.934216675714606663e-13,1.100000000000000089e+00,1.100000000000000089e+00,6.687776355685205942e+01
6.774678394423126804e+01,0.000000000000000000e+00,1.100000000000000089e+00,1.100000000000000089e+00,6.692321810230660617e+01
6.779678394423126520e+01,9.688430613326668973e-13,1.100000000000000089e+00,1.100000000000000089e+00,6.696867264776115292e+01
6.784678394423127656e+01,1.162264728904127740e-12,1.100000000000000089e+00,1.100000000000000089e+00,6.701412719321571387e+01
6.789678394423127372e+01,1.934216675714606663e-13,1.100000000000000089e+00,1.100000000000000089e+00,6.705958173867026062e+01
6.794678394423127088e+01,3.877106968809509842e-13,1.100000000000000089e+00,1.100000000000000089e+00,6.710503628412480737e+01
6.799678394423126804e+01,3.877106968809509842e-13,1.100000000000000089e+00,1.100000000000000089e+00,6.715049082957933990e+01
6.804678394423126520e+01,9.688430613326668973e-13,1.100000000000000089e+00,1.100000000000000089e+00,6.719594537503388665e+01
6.809678394423127656e+01,9.688430613326668973e-13,1.100000000000000089e+00,1.100000000000000089e+00,6.724139992048844761e+01
6.814678394423127372e+01,1.942890293094492718e-13,1.100000000000000089e+00,1.100000000000000089e+00,6.728685446594299435e+01
6.819678394423127088e+01,1.934216675714606663e-13,1.100000000000000089e+00,1.100000000000000089e+00,6.733230901139754110e+01
6.824678394423126804e+01,3.877106968807872041e-13,1.100000000000000089e+00,1.100000000000000089e+00,6.737776355685208785e+01
6.829678394423127941e+01,1.934216675713381089e-13,1.100000000000000089e+00,1.100000000000000089e+00,6.742321810230663459e+01
6.834678394423129077e+01,7.754213937615744081e-13,1.100000000000000089e+00,1.100000000000000089e+00,6.746867264776118134e+01
6.839678394423128793e+01,1.934216675714606663e-13,1.100000000000000089e+00,1.100000000000000089e+00,6.751412719321572808e+01
6.844678394423128509e+01,0.000000000000000000e+00,1.100000000000000089e+00,1.100000000000000089e+00,6.755958173867027483e+01
6.849678394423128225e+01,0.000000000000000000e+00,1.100000000000000089e+00,1.100000000000000089e+00,6.760503628412482158e+01
6.854678394423127941e+01,7.754213937614106280e-13,1.100000000000000089e+00,1.100000000000000089e+00,6.765049082957936832e+01
6.859678394423129077e+01,9.688430613328714710e-13,1.100000000000000089e+00,1.100000000000000089e+00,6.769594537503392928e+01
6.864678394423128793e+01,0.000000000000000000e+00,1.100000000000000089e+00,1.100000000000000089e+00,6.774139992048847603e+01
6.869678394423128509e+01,1.934216675714606663e-13,1.100000000000000089e+00,1.100000000000000089e+00,6.778685446594302277e+01
6.874678394423128225e+01,3.877106968807872041e-13,1.100000000000000089e+00,1.100000000000000089e+00,6.783230901139756952e+01
6.879678394423129362e+01,1.934216675713381089e-13,1.100000000000000089e+00,1.100000000000000089e+00,6.787776355685211627e+01
6.884678394423130499e+01,7.754213937615744081e-13,1.100000000000000089e+00,1.100000000000000089e+00,6.792321810230666301e+01
6.889678394423130214e+01,1.934216675714606663e-13,1.100000000000000089e+00,1.100000000000000089e+00,6.796867264776120976e+01
6.894678394423129930e+01,0.000000000000000000e+00,1.100000000000000089e+00,1.100000000000000089e+00,6.801412719321575651e+01
6.899678394423129646e+01,2.815456201510821992e-12,1.100000000000000089e+00,1.100000000000000089e+00,6.805958173867030325e+01
6.904678394423129362e+01,4.856358370995680440e-12,1.100000000000000089e+00,1.100000000000000089e+00,6.810503628412485000e+01
6.909678394423130499e+01,2.040034807748080928e-12,1.100000000000000089e+00,1.100000000000000089e+00,6.815049082957941096e+01
6.914678394423130214e+01,0.000000000000000000e+00,1.100000000000000089e+00,1.100000000000000089e+00,6.819594537503395770e+01
6.919678394423129930e+01,2.815456201510821992e-12,1.100000000000000089e+00,1.100000000000000089e+00,6.824139992048850445e+01
6.924678394423129646e+01,2.816323563248810395e-12,1.100000000000000089e+00,1.100000000000000089e+00,6.828685446594305120e+01
6.929678394423129362e+01,2.234323837057658613e-12,1.100000000000000089e+00,1.100000000000000089e+00,6.833230901139759794e+01
6.934678394423130499e+01,4.855491009258717935e-12,1.100000000000000089e+00,1.100000000000000089e+00,6.837776355685215890e+01
6.939678394423130214e+01,2.622034533939652762e-12,1.100000000000000089e+00,1.100000000000000089e+00,6.842321810230669143e+01
6.944678394423129930e+01,3.877106968807872041e-13,1.100000000000000089e+00,1.100000000000000089e+00,6.846867264776123818e+01
6.949678394423131067e+01,5.819997261902363497e-13,1.100000000000000089e+00,1.100000000000000089e+00,6.851412719321578493e+01
6.954678394423130783e+01,7.754213937615744081e-13,1.100000000000000089e+00,1.100000000000000089e+00,6.855958173867033167e+01
6.959678394423131920e+01,5.819997261901135651e-13,1.100000000000000089e+00,1.100000000000000089e+00,6.860503628412487842e+01
6.964678394423131635e+01,0.000000000000000000e+00,1.100000000000000089e+00,1.100000000000000089e+00,6.865049082957942517e+01
6.969678394423131351e+01,0.000000000000000000e+00,1.100000000000000089e+00,1.100000000000000089e+00,6.869594537503397191e+01
6.974678394423131067e+01,0.000000000000000000e+00,1.100000000000000089e+00,1.100000000000000089e+00,6.874139992048851866e+01
6.979678394423130783e+01,7.754213937614106280e-13,1.100000000000000089e+00,1.100000000000000089e+00,6.878685446594306541e+01
6.984678394423131920e+01,7.745540320234225273e-13,1.100000000000000089e+00,1.100000000000000089e+00,6.883230901139762636e+01
6.989678394423131635e+01,0.000000000000000000e+00,1.100000000000000089e+00,1.100000000000000089e+00,6.887776355685217311e+01
6.994678394423131351e+01,0.000000000000000000e+00,1.100000000000000089e+00,1.100000000000000089e+00,6.892321810230671986e+01
6.999678394423131067e+01,1.942890293094492718e-13,1.100000000000000089e+00,1.100000000000000089e+00,6.896867264776126660e+01
7.004678394423130783e+01,7.754213937615744081e-13,1.100000000000000089e+00,1.100000000000000089e+00,6.901412719321581335e+01
7.009678394423131920e+01,5.819997261901135651e-13,1.100000000000000089e+00,1.100000000000000089e+00,6.905958173867036010e+01
7.014678394423131635e+01,3.877106968807872041e-13,1.100000000000000089e+00,1.100000000000000089e+00,6.910503628412490684e+01
7.019678394423132772e+01,5.819997261902363497e-13,1.100000000000000089e+00,1.100000000000000089e+00,6.915049082957945359e+01
7.024678394423132488e+01,1.934216675714606663e-13,1.100000000000000089e+00,1.100000000000000089e+00,6.919594537503400034e+01
7.029678394423132204e+01,5.811323644521252625e-13,1.100000000000000089e+00,1.100000000000000089e+00,6.924139992048854708e+01
7.034678394423133341e+01,5.819997261901135651e-13,1.100000000000000089e+00,1.100000000000000089e+00,6.928685446594309383e+01
7.039678394423133057e+01,0.000000000000000000e+00,1.100000000000000089e+00,1.100000000000000089e+00,6.933230901139764057e+01
7.044678394423132772e+01,0.000000000000000000e+00,1.100000000000000089e+00,1.100000000000000089e+00,6.937776355685218732e+01
7.049678394423132488e+01,1.942890293094492718e-13,1.100000000000000089e+00,1.100000000000000089e+00,6.942321810230673407e+01
7.054678394423132204e+01,1.163132090642115942e-12,1.100000000000000089e+00,1.100000000000000089e+00,6.946867264776128081e+01
7.059678394423133341e+01,1.356553758213617781e-12,1.100000000000000089e+00,1.100000000000000089e+00,6.951412719321584177e+01
7.064678394423133057e+01,7.754213937617381883e-13,1.100000000000000089e+00,1.100000000000000089e+00,6.955958173867037431e+01
7.069678394423134193e+01,5.819997261902363497e-13,1.100000000000000089e+00,1.100000000000000089e+00,6.960503628412492105e+01
7.074678394423133909e+01,1.934216675714606663e-13,1.100000000000000089e+00,1.100000000000000089e+00,6.965049082957946780e+01
7.079678394423133625e+01,5.811323644521252625e-13,1.100000000000000089e+00,1.100000000000000089e+00,6.969594537503401455e+01
7.084678394423134762e+01,1.942890293093261843e-13,1.100000000000000089e+00,1.100000000000000089e+00,6.974139992048856129e+01
7.089678394423135899e+01,5.819997261902363497e-13,1.100000000000000089e+00,1.100000000000000089e+00,6.978685446594310804e+01
7.094678394423135614e+01,2.815456201511416528e-12,1.100000000000000089e+00,1.100000000000000089e+00,6.983230901139765479e+01
7.099678394423135330e+01,2.428612866367930194e-12,1.100000000000000089e+00,1.100000000000000089e+00,6.987776355685218732e+01
7.104678394423135046e+01,2.427745504628774933e-12,1.100000000000000089e+00,1.100000000000000089e+00,6.992321810230673407e+01
7.109678394423136183e+01,5.049780038567571030e-12,1.100000000000000089e+00,1.100000000000000089e+00,6.996867264776129502e+01
7.114678394423135899e+01,2.816323563248810395e-12,1.100000000000000089e+00,1.100000000000000089e+00,7.001412719321584177e+01
7.119678394423135614e+01,1.942890293094492718e-13,1.100000000000000089e+00,1.100000000000000089e+00,7.005958173867038852e+01
7.124678394423135330e+01,1.934216675714606663e-13,1.100000000000000089e+00,1.100000000000000089e+00,7.010503628412493526e+01
7.129678394423135046e+01,5.811323644521252625e-13,1.100000000000000089e+00,1.100000000000000089e+00,7.015049082957948201e+01
7.134678394423136183e+01,1.942890293093261843e-13,1.100000000000000089e+00,1.100000000000000089e+00,7.019594537503402876e+01
7.139678394423137320e+01,5.819997261902363497e-13,1.100000000000000089e+00,1.100000000000000089e+00,7.024139992048857550e+01
7.144678394423137036e+01,1.934216675714606663e-13,1.100000000000000089e+00,1.100000000000000089e+00,7.028685446594312225e+01
7.149678394423136751e+01,0.000000000000000000e+00,1.100000000000000089e+00,1.100000000000000089e+00,7.033230901139766900e+01
7.154678394423136467e+01,9.688430613326668973e-13,1.100000000000000089e+00,1.100000000000000089e+00,7.037776355685221574e+01
7.159678394423137604e+01,1.162264728904127740e-12,1.100000000000000089e+00,1.100000000000000089e+00,7.042321810230677670e+01
7.164678394423137320e+01,0.000000000000000000e+00,1.100000000000000089e+00,1.100000000000000089e+00,7.046867264776132345e+01
7.169678394423137036e+01,0.000000000000000000e+00,1.100000000000000089e+00,1.100000000000000089e+00,7.051412719321587019e+01
7.174678394423136751e+01,1.934216675714606663e-13,1.100000000000000089e+00,1.100000000000000089e+00,7.055958173867041694e+01
7.179678394423136467e+01,9.688430613326668973e-13,1.100000000000000089e+00,1.100000000000000089e+00,7.060503628412496369e+01
7.184678394423137604e+01,9.688430613326668973e-13,1.100000000000000089e+00,1.100000000000000089e+00,7.065049082957952464e+01
7.189678394423137320e+01,1.942890293094492718e-13,1.100000000000000089e+00,1.100000000000000089e+00,7.069594537503407139e+01
7.194678394423137036e+01,1.934216675714606663e-13,1.100000000000000089e+00,1.100000000000000089e+00,7.074139992048861814e+01
7.199678394423136751e+01,0.000000000000000000e+00,1.100000000000000089e+00,1.100000000000000089e+00,7.078685446594316488e+01
7.204678394423136467e+01,9.688430613326668973e-13,1.100000000000000089e+00,1.100000000000000089e+00,7.083230901139771163e+01
7.209678394423137604e+01,1.162264728904127740e-12,1.100000000000000089e+00,1.100000000000000089e+00,7.087776355685227259e+01
7.214678394423137320e+01,1.934216675714606663e-13,1.100000000000000089e+00,1.100000000000000089e+00,7.092321810230681933e+01
7.219678394423137036e+01,0.000000000000000000e+00,1.100000000000000089e+00,1.100000000000000089e+00,7.096867264776136608e+01
7.224678394423136751e+01,0.000000000000000000e+00,1.100000000000000089e+00,1.100000000000000089e+00,7.101412719321591283e+01
7.229678394423136467e+01,7.754213937614106280e-13,1.100000000000000089e+00,1.100000000000000089e+00,7.105958173867045957e+01
7.234678394423137604e+01,9.688430613328714710e-13,1.100000000000000089e+00,1.100000000000000089e+00,7.110503628412502053e+01
7.239678394423137320e+01,0.000000000000000000e+00,1.100000000000000089e+00,1.100000000000000089e+00,7.115049082957956728e+01
7.244678394423137036e+01,1.934216675714606663e-13,1.100000000000000089e+00,1.100000000000000089e+00,7.119594537503411402e+01
7.249678394423136751e+01,3.877106968807872041e-13,1.100000000000000089e+00,1.100000000000000089e+00,7.124139992048866077e+01
7.254678394423137888e+01,1.934216675713381089e-13,1.100000000000000089e+00,1.100000000000000089e+00,7.128685446594320752e+01
7.259678394423139025e+01,7.754213937615744081e-13,1.100000000000000089e+00,1.100000000000000089e+00,7.133230901139775426e+01
7.264678394423138741e+01,1.934216675714606663e-13,1.100000000000000089e+00,1.100000000000000089e+00,7.137776355685230101e+01
7.269678394423138457e+01,2.815456201510821992e-12,1.100000000000000089e+00,1.100000000000000089e+00,7.142321810230684775e+01
7.274678394423138172e+01,2.816323563248810395e-12,1.100000000000000089e+00,1.100000000000000089e+00,7.146867264776139450e+01
7.279678394423137888e+01,2.040034807748080928e-12,1.100000000000000089e+00,1.100000000000000089e+00,7.151412719321594125e+01
7.284678394423139025e+01,4.856358370995680440e-12,1.100000000000000089e+00,1.100000000000000089e+00,7.155958173867050220e+01
7.289678394423138741e+01,2.816323563248810395e-12,1.100000000000000089e+00,1.100000000000000089e+00,7.160503628412504895e+01
7.294678394423138457e+01,1.942890293094492718e-13,1.100000000000000089e+00,1.100000000000000089e+00,7.165049082957959570e+01
7.299678394423138172e+01,3.877106968808690941e-13,1.100000000000000089e+00,1.100000000000000089e+00,7.169594537503414244e+01
7.304678394423137888e+01,2.383123179660274517e-03,1.100000000000000089e+00,1.100000000000000089e+00,7.174139992048868919e+01
7.309678393588774270e+01,2.077587650827285581e-01,1.100000000000000089e+00,1.100000000000000089e+00,7.178685445835810697e+01
7.314678308673582308e+01,3.824411328160520762e-01,1.100000000000000089e+00,1.100000000000000089e+00,7.183230823185637348e+01
7.319678220050010964e+01,3.839861162884062873e-01,1.100000000000000089e+00,1.100000000000000089e+00,7.187776197164208725e+01
7.324678139107969344e+01,3.945065160717538544e-01,1.100000000000000089e+00,1.100000000000000089e+00,7.192321578125988424e+01
7.329678057728609986e+01,3.847073149791614965e-01,1.100000000000000089e+00,1.100000000000000089e+00,7.196866958690206673e+01
7.334677968174644036e+01,3.846503950078247192e-01,1.100000000000000089e+00,1.100000000000000089e+00,7.201412331822965029e+01
7.339677883291990668e+01,3.913329208016667615e-01,1.100000000000000089e+00,1.100000000000000089e+00,7.205957709202371575e+01
7.344677800463048811e+01,3.866663519761766588e-01,1.100000000000000089e+00,1.100000000000000089e+00,7.210503088448787423e+01
7.349677713337148077e+01,3.681870909534778469e-01,1.100000000000000089e+00,1.100000000000000089e+00,7.215048463788876631e+01
7.354677650397989908e+01,1.162247819714542496e-01,1.100000000000000089e+00,1.100000000000000089e+00,7.219593861116914013e+01
7.359677650397991044e+01,3.124670661101923635e-12,1.100000000000000089e+00,1.100000000000000089e+00,7.224139315662370109e+01
7.364677650397990760e+01,2.840609691912654927e-12,1.100000000000000089e+00,1.100000000000000089e+00,7.228684770207824783e+01
7.369677650397990476e+01,0.000000000000000000e+00,1.100000000000000089e+00,1.100000000000000089e+00,7.233230224753279458e+01
7.374677650397990192e+01,2.840609691912654927e-12,1.100000000000000089e+00,1.100000000000000089e+00,7.237775679298734133e+01
7.379677650397989908e+01,3.029911391227375153e-12,1.100000000000000089e+00,1.100000000000000089e+00,7.242321133844188807e+01
7.384677650397991044e+01,1.893016993159319914e-13,1.100000000000000089e+00,1.100000000000000089e+00,7.246866588389644903e+01
7.389677650397990760e+01,2.840609691912654927e-12,1.100000000000000089e+00,1.100000000000000089e+00,7.251412042935099578e+01
7.394677650397990476e+01,2.935368961787283785e-12,1.100000000000000089e+00,1.100000000000000089e+00,7.255957497480554252e+01
7.399677650397990192e+01,9.475926987523470312e-14,1.100000000000000089e+00,1.100000000000000089e+00,7.260502952026008927e+01
7.404677650397989908e+01,1.895185397504290670e-13,1.100000000000000089e+00,1.100000000000000089e+00,7.265048406571463602e+01
7.409677650397991044e+01,3.029911391227375153e-12,1.100000000000000089e+00,1.100000000000000089e+00,7.269593861116919697e+01
7.414677650397990760e+01,2.840609691912654927e-12,1.100000000000000089e+00,1.100000000000000089e+00,7.274139315662374372e+01
7.419677650397990476e+01,0.000000000000000000e+00,1.100000000000000089e+00,1.100000000000000089e+00,7.278684770207829047e+01
7.424677650397990192e+01,2.840609691912654927e-12,1.100000000000000089e+00,1.100000000000000089e+00,7.283230224753283721e+01
7.429677650397989908e+01,3.029911391227375153e-12,1.100000000000000089e+00,1.100000000000000089e+00,7.287775679298738396e+01
7.434677650397991044e+01,1.635625831988405943e-01,1.100000000000000089e+00,1.100000000000000089e+00,7.292321133844194492e+01
7.439677526681005304e+01,7.695180007287477641e-01,1.100000000000000089e+00,1.100000000000000089e+00,7.296866475919661355e+01
7.444677152572613466e+01,8.023108437698366346e-01,1.100000000000000089e+00,1.100000000000000089e+00,7.301411590366576831e+01
7.449676504982949155e+01,8.306416790577956233e-01,1.097218548006688055e+00,1.070143990623909414e+00,7.306018982716517485e+01
7.454676074657416507e+01,9.567393400116046553e-01,1.022358433808370881e+00,1.022358433808370881e+00,7.310797538398071538e+01
7.459675639502999900e+01,8.959521788167226219e-01,1.056471011696362705e+00,1.056471011696362705e+00,7.315607519184513308e+01
7.464674882022816860e+01,9.165863288148025090e-01,1.044511707915380061e+00,1.044511707915380061e+00,7.320366475527325179e+01
7.469674199913269774e+01,9.720451924611218653e-01,1.014277453630140657e+00,1.014277453630140657e+00,7.325223036834165669e+01
7.474673717271298301e+01,9.921218310290244036e-01,1.003962512927097706e+00,1.003962512927097706e+00,7.330177370749727572e+01
7.479673054110809005e+01,9.475906345638807071e-01,1.027281861939900454e+00,1.027281861939900454e+00,7.335099808346473083e+01
7.484672228960380380e+01,9.432308662676596178e-01,1.029653257769081565e+00,1.029653257769081565e+00,7.339960608088449590e+01
7.489671612477611973e+01,9.909084157842050766e-01,1.004577025168501558e+00,1.004577025168501558e+00,7.344875866266606579e+01
7.494671141492456456e+01,9.425322028918643458e-01,1.030034808529726398e+00,1.030034808529726398e+00,7.349790345708866823e+01
7.499670447646910532e+01,8.891061233711264888e-01,1.060530588801481988e+00,1.060530588801481988e+00,7.354573076888515004e+01
7.504669759517389593e+01,8.895760907100193071e-01,1.060250410079301098e+00,1.060250410079301098e+00,7.359287672005235947e+01
7.509669336360485659e+01,8.956173934538042003e-01,1.056668449791605235e+00,1.056668449791605235e+00,7.364011118839094650e+01
7.514668817817940294e+01,7.879254446947522306e-01,1.100000000000000089e+00,1.100000000000000089e+00,7.368647419294028111e+01
7.519668260398948689e+01,6.862360798037400178e-01,1.100000000000000089e+00,1.100000000000000089e+00,7.373192367094945610e+01
7.524668169563074116e+01,1.205988265539227472e-01,1.100000000000000089e+00,1.100000000000000089e+00,7.377737739062331457e+01
7.529668169563073832e+01,2.112893193739315640e-12,1.100000000000000089e+00,1.100000000000000089e+00,7.382283193607786131e+01
7.534668169563074969e+01,4.090477956351840944e-12,1.100000000000000089e+00,1.100000000000000089e+00,7.386828648153242227e+01
7.539668169563074684e+01,1.974115315661784188e-12,1.100000000000000089e+00,1.100000000000000089e+00,7.391374102698696902e+01
7.544668169563074400e+01,0.000000000000000000e+00,1.100000000000000089e+00,1.100000000000000089e+00,7.395919557244151576e+01
7.549668169563074116e+01,0.000000000000000000e+00,1.100000000000000089e+00,1.100000000000000089e+00,7.400465011789606251e+01
7.554668169563073832e+01,6.938893903906824481e-14,1.100000000000000089e+00,1.100000000000000089e+00,7.405010466335060926e+01
7.559668169563074969e+01,2.043504254700246588e-12,1.100000000000000089e+00,1.100000000000000089e+00,7.409555920880515600e+01
7.564668169563074684e+01,1.974115315661784188e-12,1.100000000000000089e+00,1.100000000000000089e+00,7.414101375425970275e+01
7.569668169563074400e+01,2.043504254700873839e-12,1.100000000000000089e+00,1.100000000000000089e+00,7.418646829971424950e+01
7.574668169563074116e+01,2.043504254700873839e-12,1.100000000000000089e+00,1.100000000000000089e+00,7.423192284516879624e+01
7.579668169563073832e+01,6.938893903906824481e-14,1.100000000000000089e+00,1.100000000000000089e+00,7.427737739062334299e+01
7.584668169563074969e+01,2.043504254700246588e-12,1.100000000000000089e+00,1.100000000000000089e+00,7.432283193607788974e+01
7.589668169563074684e+01,1.974115315661784188e-12,1.100000000000000089e+00,1.100000000000000089e+00,7.436828648153243648e+01
7.594668169563074400e+01,0.000000000000000000e+00,1.100000000000000089e+00,1.100000000000000089e+00,7.441374102698698323e+01
7.599668169563074116e+01,0.000000000000000000e+00,1.100000000000000089e+00,1.100000000000000089e+00,7.445919557244152998e+01
7.604668169563073832e+01,1.387778780780947115e-13,1.100000000000000089e+00,1.100000000000000089e+00,7.450465011789607672e+01
7.609668169563074969e+01,1.422473250300470636e-13,1.100000000000000089e+00,1.100000000000000089e+00,7.455010466335063768e+01
7.614668169563074684e+01,0.000000000000000000e+00,1.100000000000000089e+00,1.100000000000000089e+00,7.459555920880518443e+01
7.619668169563074400e+01,0.000000000000000000e+00,1.100000000000000089e+00,1.100000000000000089e+00,7.464101375425973117e+01
7.624668169563074116e+01,0.000000000000000000e+00,1.100000000000000089e+00,1.100000000000000089e+00,7.468646829971427792e+01
7.629668169563073832e+01,1.387778780780947115e-13,1.100000000000000089e+00,1.098311837583653361e+00,7.473195775134271912e+01
7.634668169563074969e+01,1.422473250300470636e-13,1.100000000000000089e+00,1.051802687093139843e+00,7.477846690183322664e+01
7.639668169563074684e+01,0.000000000000000000e+00,1.100000000000000089e+00,1.003139518001537667e+00,7.482713007092482371e+01
7.644668169563074400e+01,0.000000000000000000e+00,1.100000000000000089e+00,9.519920653956970291e-01,7.487827752353067012e+01
7.649668169563074116e+01,0.000000000000000000e+00,1.100000000000000089e+00,8.979359067196128752e-01,7.493233368220676027e+01
7.654668169563073832e+01,1.904726376622131908e-12,1.100000000000000089e+00,8.404099550673953534e-01,7.498985963385898401e+01
7.659668169563074969e+01,2.702971775369356622e-01,1.100000000000000089e+00,7.786455500266853402e-01,7.505162403889968914e+01
7.664667399165210782e+01,1.961392861290467637e+00,7.140320482217664688e-01,7.115506310401464862e-01,7.511871895788623021e+01
7.669664384035255011e+01,2.460844257326525231e+00,6.374673349535251443e-01,6.374673349535251443e-01,7.519280225397285733e+01
7.674660735464591710e+01,2.591719597628671323e+00,6.211635933748258509e-01,6.211635933748258509e-01,7.527219568562756535e+01
7.679656897739106114e+01,2.625085938709765809e+00,6.172032967586786878e-01,6.172032967586786878e-01,7.535288521817757612e+01
7.684653353842563206e+01,2.521816031997389018e+00,6.297139282916650593e-01,6.297139282916650593e-01,7.543302616102573666e+01
7.689650125272291348e+01,2.236498053979892653e+00,6.686760028179553617e-01,6.686760028179553617e-01,7.550999489453181468e+01
7.694648030145901885e+01,6.898864727044969891e-01,1.100000000000000089e+00,7.396524144602005801e-01,7.558097130617406378e+01
7.699648030145901600e+01,0.000000000000000000e+00,1.100000000000000089e+00,8.044163686902440213e-01,7.564573526040410911e+01
7.704648030145902737e+01,0.000000000000000000e+00,1.100000000000000089e+00,8.643411908597329329e-01,7.570566008257360124e+01
7.709648030145902453e+01,0.000000000000000000e+00,1.100000000000000089e+00,8.391476285673400426e-01,7.576436313883060336e+01
7.714648030145902169e+01,1.855868317494926978e-02,1.100000000000000089e+00,7.772829230918406607e-01,7.582622784430610352e+01
7.719648008976498943e+01,1.363371790897042413e+00,8.564319250728161803e-01,7.100487067224736659e-01,7.589346206067547485e+01
7.724644893212537511e+01,2.473830086260478289e+00,6.357920109575890821e-01,6.357920109575890821e-01,7.596771875644036243e+01
7.729641439798842839e+01,2.586484466484962663e+00,6.217919035586654264e-01,6.217919035586654264e-01,7.604718139155568224e+01
7.734637957916102380e+01,2.582674088790714251e+00,6.222504183930923638e-01,6.222504183930923638e-01,7.612750853202500423e+01
7.739634651928872700e+01,2.422726858398527749e+00,6.424624847587829812e-01,6.424624847587829812e-01,7.620652558008892186e+01
7.744631913272287704e+01,9.576609296751928957e-01,1.021866390266877200e+00,7.160330098471285876e-01,7.628009610517726458e+01
7.749631913272287420e+01,6.626643678228702041e-13,1.100000000000000089e+00,7.827536465521842679e-01,7.634681674188232137e+01
7.754631913272288557e+01,1.321859288694180997e-12,1.100000000000000089e+00,7.681112577456693513e-01,7.641129689081270726e+01
7.759631913272288273e+01,6.591949208713100863e-13,1.100000000000000089e+00,6.999963601874299446e-01,7.647941178837095322e+01
7.764631913272287989e+01,1.532018047289626317e+00,8.079194421570827789e-01,6.244957199818478299e-01,7.655491242857652878e+01
7.769626216728516965e+01,3.446982231614057923e+00,5.386175221352095255e-01,5.386175221352095255e-01,7.664079062642316842e+01
7.774619372716050236e+01,3.572805835700993971e+00,5.290482625477497258e-01,5.290482625477497258e-01,7.673432469034403880e+01
7.779612696696236185e+01,3.230184966317062312e+00,5.563989531780831888e-01,5.563989531780831888e-01,7.682632960606620998e+01
7.784609079645738916e+01,7.946231893505567578e-01,1.100000000000000089e+00,6.399276944215730456e-01,7.690985834730969373e+01
7.789609079645738632e+01,0.000000000000000000e+00,1.100000000000000089e+00,7.137979084360617232e-01,7.698372856132418462e+01
7.794609079645738348e+01,2.804083028899992946e-01,1.100000000000000089e+00,7.807095837042623554e-01,7.705064023659238615e+01
7.799608722387620219e+01,9.249294868207297293e-01,1.039790122417176610e+00,8.423184130275898074e-01,7.711224906591571937e+01
7.804608240469839586e+01,9.519751773382141291e-01,1.024913439112171698e+00,8.997169947098453413e-01,7.716964764759796935e+01
7.809607753934194818e+01,9.513222617581205132e-01,1.025265090282319935e+00,9.536671011714815682e-01,7.722359775405961102e+01
7.814607281170114561e+01,4.874944620224638259e-01,1.100000000000000089e+00,1.004724581452661303e+00,7.727465523434078420e+01
7.819607280806364713e+01,9.581279439882970598e-04,1.100000000000000089e+00,1.053314519647486458e+00,7.732324517253560714e+01
7.824607280806364429e+01,1.206500177541658096e-12,1.100000000000000089e+00,1.099759736169769075e+00,7.736969038905789375e+01
7.829607280806365566e+01,8.040443311149396936e-13,1.100000000000000089e+00,1.100000000000000089e+00,7.741514989918337619e+01
7.834607280806365281e+01,4.015884846887301000e-13,1.100000000000000089e+00,1.100000000000000089e+00,7.746060444463792294e+01
7.839607280806364997e+01,4.024558464267187055e-13,1.100000000000000089e+00,1.100000000000000089e+00,7.750605899009245547e+01
7.844607280806364713e+01,0.000000000000000000e+00,1.100000000000000089e+00,1.100000000000000089e+00,7.755151353554700222e+01
7.849607280806364429e+01,2.411265631607267088e-12,1.100000000000000089e+00,1.100000000000000089e+00,7.759696808100154897e+01
7.854607280806365566e+01,2.411265631607267088e-12,1.100000000000000089e+00,1.100000000000000089e+00,7.764242262645609571e+01
7.859607280806365281e+01,0.000000000000000000e+00,1.100000000000000089e+00,1.100000000000000089e+00,7.768787717191064246e+01
7.864607280806364997e+01,0.000000000000000000e+00,1.100000000000000089e+00,1.100000000000000089e+00,7.773333171736518921e+01
7.869607280806364713e+01,4.015884846887301000e-13,1.100000000000000089e+00,1.100000000000000089e+00,7.777878626281973595e+01
7.874607280806364429e+01,1.607221300492181991e-12,1.100000000000000089e+00,1.100000000000000089e+00,7.782424080827426849e+01
7.879607280806365566e+01,2.009677146918294549e-12,1.100000000000000089e+00,1.100000000000000089e+00,7.786969535372882945e+01
7.884607280806365281e+01,4.015884846887301000e-13,1.100000000000000089e+00,1.100000000000000089e+00,7.791514989918337619e+01
7.889607280806364997e+01,4.024558464267187055e-13,1.100000000000000089e+00,1.067821758915364683e+00,7.796127915293254773e+01
7.894607280806364713e+01,0.000000000000000000e+00,1.100000000000000089e+00,1.019923187702439060e+00,7.800917772414547358e+01
7.899607280806364429e+01,4.024558464265488164e-13,1.100000000000000089e+00,9.696614403043496422e-01,7.805943947154356977e+01
7.904607280806365566e+01,4.015884846885605643e-13,1.100000000000000089e+00,9.166478652203871036e-01,7.811245304662753597e+01
7.909607280806365281e+01,2.813721478034398071e-12,1.100000000000000089e+00,8.603739354566096731e-01,7.816872697639131218e+01
7.914607280806364997e+01,2.411265631608285311e-12,1.100000000000000089e+00,8.001520535580056714e-01,7.822894885828991107e+01
7.919607280806364713e+01,4.024558464267187055e-13,1.100000000000000089e+00,7.350124548693776072e-01,7.829408845697854247e+01
7.924607280806364429e+01,8.040443311149396936e-13,1.100000000000000089e+00,6.635083336425474654e-01,7.836559257820536573e+01
7.929607280806365566e+01,1.205632815803669895e-12,1.100000000000000089e+00,5.833037877582171182e-01,7.844579712408969385e+01
7.934607280806365281e+01,4.024558464267187055e-13,1.100000000000000089e+00,4.901462116686188253e-01,7.853895470017928915e+01
7.939607280806364997e+01,0.000000000000000000e+00,1.100000000000000089e+00,3.744907326131043934e-01,7.865461017923480824e+01
7.944607280806364713e+01,4.847146189207525170e-12,1.100000000000000089e+00,2.006073498481570072e-01,7.882849356199974977e+01
7.946619446247019880e+01,0.000000000000000000e+00,1.100000000000000089e+00,0.000000000000000000e+00,7.902910091184790531e+01
