s_m,curvature_1pm,speed_limit_mps,velocity_mps,time_s
0.000000000000000000e+00,0.000000000000000000e+00,2.200000000000000011e-01,0.000000000000000000e+00,0.000000000000000000e+00
5.000000000000134198e-02,8.274630980409453649e-13,2.200000000000000011e-01,2.200000000000000011e-01,4.545454545454667428e-01
9.999999999999965861e-02,8.257283745649685578e-13,2.200000000000000011e-01,2.200000000000000011e-01,6.818181818181863196e-01
1.500000000000009936e-01,4.943961906533996145e-13,2.200000000000000011e-01,2.200000000000000011e-01,9.090909090909197188e-01
1.999999999999990119e-01,4.926614671774228074e-13,2.200000000000000011e-01,2.200000000000000011e-01,1.136363636363638019e+00
2.500000000000003331e-01,1.160530005428484956e-12,2.200000000000000011e-01,2.200000000000000011e-01,1.363636363636371307e+00
2.999999999999989342e-01,1.160530005428484956e-12,2.200000000000000011e-01,2.200000000000000011e-01,1.590909090909092383e+00
3.500000000000002554e-01,8.274630980409453649e-13,2.200000000000000011e-01,2.200000000000000011e-01,1.818181818181825671e+00
3.999999999999985789e-01,8.257283745649685578e-13,2.200000000000000011e-01,2.200000000000000011e-01,2.045454545454545414e+00
4.499999999999999001e-01,0.000000000000000000e+00,2.200000000000000011e-01,2.200000000000000011e-01,2.272727272727278702e+00
5.000000000000012212e-01,4.943961906533996145e-13,2.200000000000000011e-01,2.200000000000000011e-01,2.500000000000011990e+00
5.499999999999992673e-01,1.734723475976808609e-13,2.200000000000000011e-01,2.200000000000000011e-01,2.727272727272730179e+00
6.000000000000011990e-01,1.734723475976808609e-13,2.200000000000000011e-01,2.200000000000000011e-01,2.954545454545466576e+00
6.499999999999992450e-01,1.734723475976808609e-13,2.200000000000000011e-01,2.200000000000000011e-01,3.181818181818184765e+00
7.000000000000011768e-01,1.734723475976808609e-13,2.200000000000000011e-01,2.200000000000000011e-01,3.409090909090920718e+00
7.499999999999992228e-01,4.926614671774228074e-13,2.200000000000000011e-01,2.200000000000000011e-01,3.636363636363638907e+00
8.000000000000005995e-01,4.943961906533996145e-13,2.200000000000000011e-01,2.200000000000000011e-01,3.863636363636372195e+00
8.499999999999986455e-01,1.595945597898678683e-13,2.200000000000000011e-01,2.200000000000000011e-01,4.090909090909090828e+00
9.000000000000002442e-01,3.330669073875170738e-13,2.200000000000000011e-01,2.200000000000000011e-01,4.318181818181825449e+00
9.500000000000016209e-01,4.943961906533996145e-13,2.200000000000000011e-01,2.200000000000000011e-01,4.545454545454559181e+00
9.999999999999996669e-01,4.926614671774228074e-13,2.200000000000000011e-01,2.200000000000000011e-01,4.772727272727277814e+00
1.050000000000000933e+00,1.160530005428484956e-12,2.200000000000000011e-01,2.200000000000000011e-01,5.000000000000011546e+00
1.099999999999999645e+00,1.160530005428484956e-12,2.200000000000000011e-01,2.200000000000000011e-01,5.227272727272732844e+00
1.150000000000001021e+00,8.274630980409453649e-13,2.200000000000000011e-01,2.200000000000000011e-01,5.454545454545466576e+00
1.199999999999999289e+00,8.257283745649685578e-13,2.200000000000000011e-01,2.200000000000000011e-01,5.681818181818186098e+00
1.250000000000000666e+00,4.943961906533996145e-13,2.200000000000000011e-01,2.200000000000000011e-01,5.909090909090919830e+00
1.299999999999998712e+00,4.926614671774228074e-13,2.200000000000000011e-01,2.200000000000000011e-01,6.136363636363638463e+00
1.350000000000000089e+00,6.661338147750278871e-13,2.200000000000000011e-01,2.200000000000000011e-01,6.363636363636372195e+00
1.400000000000002132e+00,1.734723475976808609e-13,2.200000000000000011e-01,2.200000000000000011e-01,6.590909090909108592e+00
1.450000000000000178e+00,1.734723475976808609e-13,2.200000000000000011e-01,2.200000000000000011e-01,6.818181818181827225e+00
1.500000000000002220e+00,1.734723475976808609e-13,2.200000000000000011e-01,2.200000000000000011e-01,7.045454545454563622e+00
1.550000000000000266e+00,4.926614671774228074e-13,2.200000000000000011e-01,2.200000000000000011e-01,7.272727272727282255e+00
1.600000000000001643e+00,4.943961906533996145e-13,2.200000000000000011e-01,2.200000000000000011e-01,7.500000000000015987e+00
1.649999999999999689e+00,1.595945597898678683e-13,2.200000000000000011e-01,2.200000000000000011e-01,7.727272727272734620e+00
1.700000000000001288e+00,1.613292832658447006e-13,2.200000000000000011e-01,2.200000000000000011e-01,7.954545454545469241e+00
1.749999999999999334e+00,4.926614671774228074e-13,2.200000000000000011e-01,2.200000000000000011e-01,8.181818181818186986e+00
1.800000000000000711e+00,0.000000000000000000e+00,2.200000000000000011e-01,2.200000000000000011e-01,8.409090909090920718e+00
1.850000000000002087e+00,1.160530005428484956e-12,2.200000000000000011e-01,2.200000000000000011e-01,8.636363636363654450e+00
1.900000000000000799e+00,1.160530005428484956e-12,2.200000000000000011e-01,2.200000000000000011e-01,8.863636363636375748e+00
1.950000000000002176e+00,8.274630980409453649e-13,2.200000000000000011e-01,2.200000000000000011e-01,9.090909090909109480e+00
2.000000000000000444e+00,8.257283745649685578e-13,2.200000000000000011e-01,2.200000000000000011e-01,9.318181818181829001e+00
2.050000000000001599e+00,4.943961906533996145e-13,2.200000000000000011e-01,2.200000000000000011e-01,9.545454545454562734e+00
2.099999999999999645e+00,4.926614671774228074e-13,2.200000000000000011e-01,2.200000000000000011e-01,9.772727272727280479e+00
2.150000000000000799e+00,1.160530005428484956e-12,2.200000000000000011e-01,2.200000000000000011e-01,1.000000000000001421e+01
2.199999999999999289e+00,1.160530005428484956e-12,2.200000000000000011e-01,2.200000000000000011e-01,1.022727272727273551e+01
2.250000000000000444e+00,6.661338147750278871e-13,2.200000000000000011e-01,2.200000000000000011e-01,1.045454545454546924e+01
2.300000000000002487e+00,1.734723475976808609e-13,2.200000000000000011e-01,2.200000000000000011e-01,1.068181818181820475e+01
2.350000000000000533e+00,4.926614671774228074e-13,2.200000000000000011e-01,2.200000000000000011e-01,1.090909090909092249e+01
2.400000000000001688e+00,4.943961906533996145e-13,2.200000000000000011e-01,2.200000000000000011e-01,1.113636363636365623e+01
2.449999999999999734e+00,1.595945597898678683e-13,2.200000000000000011e-01,2.200000000000000011e-01,1.136363636363637397e+01
2.500000000000001332e+00,1.613292832658447006e-13,2.200000000000000011e-01,2.200000000000000011e-01,1.159090909090910948e+01
2.549999999999999378e+00,4.926614671774228074e-13,2.200000000000000011e-01,2.200000000000000011e-01,1.181818181818182723e+01
2.600000000000000533e+00,4.943961906533996145e-13,2.200000000000000011e-01,2.200000000000000011e-01,1.204545454545456096e+01
2.649999999999998579e+00,1.734723475976808609e-13,2.200000000000000011e-01,2.200000000000000011e-01,1.227272727272727870e+01
2.700000000000000622e+00,1.734723475976808609e-13,2.200000000000000011e-01,2.200000000000000011e-01,1.250000000000001421e+01
2.749999999999998668e+00,3.268199551897188471e-01,2.200000000000000011e-01,2.200000000000000011e-01,1.272727272727273196e+01
2.799986752174822513e+00,2.871863471772223786e+00,2.200000000000000011e-01,2.200000000000000011e-01,1.295448523715829481e+01
2.849919419619678429e+00,3.668787020683708988e+00,2.200000000000000011e-01,2.200000000000000011e-01,1.318145190736218630e+01
2.899844654262683896e+00,3.675480263965769545e+00,2.200000000000000011e-01,2.200000000000000011e-01,1.340838479210312073e+01
2.949777191031883739e+00,2.891519654244295801e+00,2.200000000000000011e-01,2.200000000000000011e-01,1.363535086832675702e+01
2.999762954718524721e+00,3.443297578781089330e-01,2.200000000000000011e-01,2.200000000000000011e-01,1.386255888508421563e+01
3.049762954718524988e+00,1.804112415015892757e-13,2.200000000000000011e-01,2.200000000000000011e-01,1.408983161235694404e+01
3.099762954718524366e+00,5.342948306008359863e-13,2.200000000000000011e-01,2.200000000000000011e-01,1.431710433962966889e+01
3.149762954718525965e+00,6.904199434387798259e-13,2.200000000000000011e-01,2.200000000000000011e-01,1.454437706690240439e+01
3.199762954718523567e+00,8.708311849403903819e-13,2.200000000000000011e-01,2.200000000000000011e-01,1.477164979417512036e+01
3.249762954718524721e+00,3.573530360512167584e-13,2.200000000000000011e-01,2.200000000000000011e-01,1.499892252144785232e+01
3.299762954718524099e+00,3.573530360512167584e-13,2.200000000000000011e-01,2.200000000000000011e-01,1.522619524872057717e+01
3.349762954718525254e+00,0.000000000000000000e+00,2.200000000000000011e-01,2.200000000000000011e-01,1.545346797599330912e+01
3.399762954718526409e+00,8.708311849403903819e-13,2.200000000000000011e-01,2.200000000000000011e-01,1.568074070326604108e+01
3.449762954718524011e+00,8.708311849403903819e-13,2.200000000000000011e-01,2.200000000000000011e-01,1.590801343053875705e+01
3.499762954718525165e+00,3.573530360512167584e-13,2.200000000000000011e-01,2.200000000000000011e-01,1.613528615781148901e+01
3.549762954718524544e+00,3.573530360512167584e-13,2.200000000000000011e-01,2.200000000000000011e-01,1.636255888508421563e+01
3.599762954718525698e+00,3.573530360512167584e-13,2.200000000000000011e-01,2.200000000000000011e-01,1.658983161235694581e+01
3.649762954718525076e+00,1.585537257042862067e-12,2.200000000000000011e-01,2.200000000000000011e-01,1.681710433962967244e+01
3.699762954718524455e+00,1.585537257042862067e-12,2.200000000000000011e-01,2.200000000000000011e-01,1.704437706690239551e+01
3.749762954718523833e+00,3.573530360512167584e-13,2.200000000000000011e-01,2.200000000000000011e-01,1.727164979417512214e+01
3.799762954718524988e+00,0.000000000000000000e+00,2.200000000000000011e-01,2.200000000000000011e-01,1.749892252144785232e+01
3.849762954718526142e+00,8.708311849403903819e-13,2.200000000000000011e-01,2.200000000000000011e-01,1.772619524872058250e+01
3.899762954718523744e+00,8.708311849403903819e-13,2.200000000000000011e-01,2.200000000000000011e-01,1.795346797599329847e+01
3.949762954718524899e+00,3.573530360512167584e-13,2.200000000000000011e-01,2.200000000000000011e-01,1.818074070326602865e+01
3.999762954718524277e+00,3.573530360512167584e-13,2.200000000000000011e-01,2.200000000000000011e-01,1.840801343053875527e+01
4.049762954718524988e+00,0.000000000000000000e+00,2.200000000000000011e-01,2.200000000000000011e-01,1.863528615781148545e+01
4.099762954718525698e+00,8.708311849403903819e-13,2.200000000000000011e-01,2.200000000000000011e-01,1.886255888508421563e+01
4.149762954718523744e+00,8.708311849403903819e-13,2.200000000000000011e-01,2.200000000000000011e-01,1.908983161235693160e+01
4.199762954718524455e+00,3.573530360512167584e-13,2.200000000000000011e-01,2.200000000000000011e-01,1.931710433962966178e+01
4.249762954718524277e+00,3.573530360512167584e-13,2.200000000000000011e-01,2.200000000000000011e-01,1.954437706690238841e+01
4.299762954718524988e+00,0.000000000000000000e+00,2.200000000000000011e-01,2.200000000000000011e-01,1.977164979417511859e+01
4.349762954718525698e+00,8.708311849403903819e-13,2.200000000000000011e-01,2.200000000000000011e-01,1.999892252144784877e+01
4.399762954718523744e+00,8.708311849403903819e-13,2.200000000000000011e-01,2.200000000000000011e-01,2.022619524872056473e+01
4.449762954718524455e+00,3.573530360512167584e-13,2.200000000000000011e-01,2.200000000000000011e-01,2.045346797599329491e+01
4.499762954718524277e+00,0.000000000000000000e+00,2.200000000000000011e-01,2.200000000000000011e-01,2.068074070326602154e+01
4.549762954718524099e+00,3.573530360512167584e-13,2.200000000000000011e-01,2.200000000000000011e-01,2.090801343053874817e+01
4.599762954718524810e+00,1.228184220991569729e-12,2.200000000000000011e-01,2.200000000000000011e-01,2.113528615781147835e+01
4.649762954718523744e+00,1.585537257042862067e-12,2.200000000000000011e-01,2.200000000000000011e-01,2.136255888508420142e+01
4.699762954718523567e+00,3.573530360512167584e-13,2.200000000000000011e-01,2.200000000000000011e-01,2.158983161235692805e+01
4.749762954718524277e+00,0.000000000000000000e+00,2.200000000000000011e-01,2.200000000000000011e-01,2.181710433962965823e+01
4.799762954718524988e+00,3.573530360512167584e-13,2.200000000000000011e-01,2.200000000000000011e-01,2.204437706690238841e+01
4.849762954718524810e+00,1.585537257042862067e-12,2.200000000000000011e-01,2.200000000000000011e-01,2.227164979417511503e+01
4.899762954718523744e+00,1.585537257042862067e-12,2.200000000000000011e-01,2.200000000000000011e-01,2.249892252144783811e+01
4.949762954718523567e+00,3.573530360512167584e-13,2.200000000000000011e-01,2.200000000000000011e-01,2.272619524872056473e+01
4.999762954718524277e+00,0.000000000000000000e+00,2.200000000000000011e-01,2.200000000000000011e-01,2.295346797599329491e+01
5.049762954718524988e+00,3.573530360512167584e-13,2.200000000000000011e-01,2.200000000000000011e-01,2.318074070326602509e+01
5.099762954718524810e+00,1.585537257042862067e-12,2.200000000000000011e-01,2.200000000000000011e-01,2.340801343053875172e+01
5.149762954718523744e+00,1.585537257042862067e-12,2.200000000000000011e-01,2.200000000000000011e-01,2.363528615781147479e+01
5.199762954718523567e+00,3.573530360512167584e-13,2.200000000000000011e-01,2.200000000000000011e-01,2.386255888508420142e+01
5.249762954718524277e+00,3.573530360512167584e-13,2.200000000000000011e-01,2.200000000000000011e-01,2.408983161235693160e+01
5.299762954718524099e+00,3.573530360512167584e-13,2.200000000000000011e-01,2.200000000000000011e-01,2.431710433962965823e+01
5.349762954718524810e+00,1.228184220991569729e-12,2.200000000000000011e-01,2.200000000000000011e-01,2.454437706690238841e+01
5.399762954718523744e+00,1.585537257042862067e-12,2.200000000000000011e-01,2.200000000000000011e-01,2.477164979417511148e+01
5.449762954718523567e+00,0.000000000000000000e+00,2.200000000000000011e-01,2.200000000000000011e-01,2.499892252144783811e+01
5.499762954718523389e+00,3.573530360512167584e-13,2.200000000000000011e-01,2.200000000000000011e-01,2.522619524872056473e+01
5.549762954718524099e+00,4.477724364182668337e-02,2.200000000000000011e-01,2.200000000000000011e-01,2.545346797599329491e+01
5.599762671405907888e+00,1.012349726617170070e-01,2.200000000000000011e-01,2.200000000000000011e-01,2.568073941548140127e+01
5.649762671405907710e+00,2.069171428107264843e-01,2.200000000000000011e-01,2.200000000000000011e-01,2.590801214275412789e+01
5.699761553178863238e+00,1.185513170811876432e-01,2.200000000000000011e-01,2.200000000000000011e-01,2.613527978717665334e+01
5.749761025789613456e+00,2.630235830206614223e-01,2.200000000000000011e-01,2.200000000000000011e-01,2.636255011722551700e+01
5.799761025789615054e+00,1.532999422244008259e-01,2.200000000000000011e-01,2.200000000000000011e-01,2.658982284449825428e+01
5.849759651725307208e+00,1.434157908138185278e-01,2.200000000000000011e-01,2.200000000000000011e-01,2.681708932602412432e+01
5.899759651725307030e+00,2.769523333582278313e-01,2.200000000000000011e-01,2.200000000000000011e-01,2.704436205329685095e+01
5.949759283938301557e+00,1.244894279178042490e-01,2.200000000000000011e-01,2.200000000000000011e-01,2.727163310881046243e+01
5.999758017139468436e+00,1.963284692197538872e-01,2.200000000000000011e-01,2.200000000000000011e-01,2.749890007790667568e+01
6.049758017139469146e+00,2.298087776146414130e-01,2.200000000000000011e-01,2.200000000000000011e-01,2.772617280517940586e+01
6.099756997370494815e+00,1.272739875538708154e-01,2.200000000000000011e-01,2.200000000000000011e-01,2.795344089713861280e+01
6.149756133426149241e+00,2.456470041398355619e-01,2.200000000000000011e-01,2.200000000000000011e-01,2.818070969739158826e+01
6.199756133426148175e+00,1.852347010543164418e-01,2.200000000000000011e-01,2.200000000000000011e-01,2.840798242466431134e+01
6.249754771220175975e+00,1.295279605637520703e-01,2.200000000000000011e-01,2.200000000000000011e-01,2.863524896009171172e+01
6.299754554834849252e+00,2.918784528108087084e-01,2.200000000000000011e-01,2.200000000000000011e-01,2.886252070379477175e+01
6.349754554834849962e+00,1.426596289364357728e-01,2.200000000000000011e-01,2.200000000000000011e-01,2.908979343106750193e+01
6.399753112293518953e+00,1.617929662689080172e-01,2.200000000000000011e-01,2.200000000000000011e-01,2.931705960133417932e+01
6.449753112293518775e+00,2.744386218018692314e-01,2.200000000000000011e-01,2.200000000000000011e-01,2.954433232860690595e+01
6.499752587805342152e+00,1.320471517294820873e-01,2.200000000000000011e-01,2.200000000000000011e-01,2.977160267184246578e+01
6.549751294244730460e+00,2.039789374277660161e-01,2.200000000000000011e-01,2.200000000000000011e-01,2.999886951929423162e+01
6.599751294244730282e+00,2.340581988383770295e-01,2.200000000000000011e-01,2.200000000000000011e-01,3.022614224656695825e+01
6.649750245768783152e+00,1.326894528810606266e-01,2.200000000000000011e-01,2.200000000000000011e-01,3.045341020803992294e+01
6.699749312025069514e+00,2.448598623428610288e-01,2.200000000000000011e-01,2.200000000000000011e-01,3.068067869102304357e+01
6.749749312025068448e+00,1.937966801296743258e-01,2.200000000000000011e-01,2.200000000000000011e-01,3.090795141829576664e+01
6.799747954516956128e+00,1.327138799092859311e-01,2.200000000000000011e-01,2.200000000000000011e-01,3.113521797507707589e+01
6.849747586853127679e+00,2.850952447572151494e-01,2.200000000000000011e-01,2.200000000000000011e-01,3.136248903115058084e+01
6.899747586853128389e+00,1.529858296621580405e-01,2.200000000000000011e-01,2.200000000000000011e-01,3.158976175842331102e+01
6.949746129109317216e+00,1.524623623750797352e-01,2.200000000000000011e-01,2.200000000000000011e-01,3.181702785958780666e+01
6.999746129109316151e+00,2.846738673856336055e-01,2.200000000000000011e-01,2.200000000000000011e-01,3.204430058686052973e+01
7.049745767179281586e+00,1.313078079902278983e-01,2.200000000000000011e-01,2.200000000000000011e-01,3.227157166899673513e+01
7.099744425316802499e+00,1.934867697189058267e-01,2.200000000000000011e-01,2.200000000000000011e-01,3.249883829689456149e+01
7.149744425316802321e+00,2.411738636178664408e-01,2.200000000000000011e-01,2.200000000000000011e-01,3.272611102416728812e+01
7.199743482194768340e+00,1.296681432940668122e-01,2.200000000000000011e-01,2.200000000000000011e-01,3.295337946452168154e+01
7.249742493346633232e+00,2.358014439935319784e-01,2.200000000000000011e-01,2.200000000000000011e-01,3.318064769703016026e+01
7.299742493346633054e+00,1.952441741879507586e-01,2.200000000000000011e-01,2.200000000000000011e-01,3.340792042430288689e+01
7.349741191618479164e+00,1.274599890480230813e-01,2.200000000000000011e-01,2.200000000000000011e-01,3.363518723462946269e+01
7.399740827896832407e+00,2.800241704284967548e-01,2.200000000000000011e-01,2.200000000000000011e-01,3.386245830862197437e+01
7.449740827896832229e+00,1.463165184143042363e-01,2.200000000000000011e-01,2.200000000000000011e-01,3.408973103589470099e+01
7.499739426461363934e+00,1.532540270048836639e-01,2.200000000000000011e-01,2.200000000000000011e-01,3.431699739300620422e+01
7.549739426461362868e+00,2.696657692915650495e-01,2.200000000000000011e-01,2.200000000000000011e-01,3.454427012027892374e+01
7.599738945534250334e+00,1.224149899362301647e-01,2.200000000000000011e-01,2.200000000000000011e-01,3.477154066151932454e+01
7.649737755425406682e+00,2.028350762987864153e-01,2.200000000000000011e-01,2.200000000000000011e-01,3.499880797920639708e+01
7.699737755425407393e+00,2.137592726860003678e-01,2.200000000000000011e-01,2.200000000000000011e-01,3.522608070647912371e+01
7.749736668634411352e+00,1.188386177882180123e-01,2.200000000000000011e-01,2.200000000000000011e-01,3.545334849379278097e+01
7.799736069046374176e+00,2.558944161992189326e-01,2.200000000000000011e-01,2.200000000000000011e-01,3.568061849566533539e+01
7.849736069046373999e+00,7.685899899393244805e-02,2.200000000000000011e-01,2.200000000000000011e-01,3.590789122293806201e+01
7.899735736857619095e+00,6.915332435774428077e-02,2.200000000000000011e-01,2.200000000000000011e-01,3.613516244026190805e+01
7.949735736857619806e+00,0.000000000000000000e+00,2.200000000000000011e-01,2.200000000000000011e-01,3.636243516753463467e+01
7.999735736857620516e+00,0.000000000000000000e+00,2.200000000000000011e-01,2.200000000000000011e-01,3.658970789480736130e+01
8.049735736857620338e+00,6.418476861114351595e-14,2.200000000000000011e-01,2.200000000000000011e-01,3.681698062208008793e+01
8.099735736857619273e+00,6.418476861114351595e-14,2.200000000000000011e-01,2.200000000000000011e-01,3.704425334935280745e+01
8.149735736857619983e+00,0.000000000000000000e+00,2.200000000000000011e-01,2.200000000000000011e-01,3.727152607662553407e+01
8.199735736857620694e+00,6.418476861114351595e-14,2.200000000000000011e-01,2.200000000000000011e-01,3.749879880389826070e+01
8.249735736857619628e+00,6.418476861114351595e-14,2.200000000000000011e-01,2.200000000000000011e-01,3.772607153117098022e+01
8.299735736857620338e+00,0.000000000000000000e+00,2.200000000000000011e-01,2.200000000000000011e-01,3.795334425844370685e+01
8.349735736857621049e+00,6.418476861114351595e-14,2.200000000000000011e-01,2.200000000000000011e-01,3.818061698571643348e+01
8.399735736857619983e+00,6.418476861114351595e-14,2.200000000000000011e-01,2.200000000000000011e-01,3.840788971298915300e+01
8.449735736857620694e+00,0.000000000000000000e+00,2.200000000000000011e-01,2.200000000000000011e-01,3.863516244026187962e+01
8.499735736857621404e+00,0.000000000000000000e+00,2.200000000000000011e-01,2.200000000000000011e-01,3.886243516753460625e+01
8.549735736857622115e+00,6.418476861114351595e-14,2.200000000000000011e-01,2.200000000000000011e-01,3.908970789480733288e+01
8.599735736857621049e+00,6.418476861114351595e-14,2.200000000000000011e-01,2.200000000000000011e-01,3.931698062208005240e+01
8.649735736857621760e+00,6.461844948013087672e-14,2.200000000000000011e-01,2.200000000000000011e-01,3.954425334935277903e+01
8.699735736857624246e+00,1.288032180912743927e-13,2.200000000000000011e-01,2.200000000000000011e-01,3.977152607662551986e+01
8.749735736857623181e+00,6.418476861114351595e-14,2.200000000000000011e-01,2.200000000000000011e-01,3.999879880389823938e+01
8.799735736857623891e+00,0.000000000000000000e+00,2.200000000000000011e-01,2.200000000000000011e-01,4.022607153117096601e+01
8.849735736857624602e+00,0.000000000000000000e+00,2.200000000000000011e-01,2.200000000000000011e-01,4.045334425844369264e+01
8.899735736857625312e+00,0.000000000000000000e+00,2.200000000000000011e-01,2.200000000000000011e-01,4.068061698571641926e+01
8.949735736857626023e+00,1.283695372222938476e-13,2.200000000000000011e-01,2.200000000000000011e-01,4.090788971298914589e+01
8.999735736857623181e+00,2.571727553135546340e-13,2.200000000000000011e-01,2.200000000000000011e-01,4.113516244026185831e+01
9.049735736857627444e+00,2.576064361825487853e-13,2.200000000000000011e-01,2.200000000000000011e-01,4.136243516753460625e+01
9.099735736857624602e+00,1.288032180912880999e-13,2.200000000000000011e-01,2.200000000000000011e-01,4.158970789480731867e+01
9.149735736857625312e+00,0.000000000000000000e+00,2.200000000000000011e-01,2.200000000000000011e-01,4.181698062208004529e+01
9.199735736857626023e+00,1.283695372222938476e-13,2.200000000000000011e-01,2.200000000000000011e-01,4.204425334935277192e+01
9.249735736857623181e+00,1.288032180912880999e-13,2.200000000000000011e-01,2.200000000000000011e-01,4.227152607662548434e+01
9.299735736857623891e+00,1.415100675528055548e-12,2.200000000000000011e-01,2.200000000000000011e-01,4.249879880389821096e+01
9.349735736857624602e+00,2.830201351056084034e-12,2.200000000000000011e-01,2.200000000000000011e-01,4.272607153117093759e+01
9.399735736857625312e+00,1.415100675528028487e-12,2.200000000000000011e-01,2.200000000000000011e-01,4.295334425844367132e+01
9.449735736857626023e+00,1.415100675528055548e-12,2.200000000000000011e-01,2.200000000000000011e-01,4.318061698571639795e+01
9.499735736857626733e+00,1.415100675528055548e-12,2.200000000000000011e-01,2.200000000000000011e-01,4.340788971298912458e+01
9.549735736857627444e+00,0.000000000000000000e+00,2.200000000000000011e-01,2.200000000000000011e-01,4.363516244026185120e+01
9.599735736857628154e+00,6.418476861114351595e-14,2.200000000000000011e-01,2.200000000000000011e-01,4.386243516753457783e+01
9.649735736857627089e+00,1.283695372222802161e-13,2.200000000000000011e-01,2.200000000000000011e-01,4.408970789480729735e+01
9.699735736857629576e+00,1.288032180912743927e-13,2.200000000000000011e-01,2.200000000000000011e-01,4.431698062208003819e+01
9.749735736857628510e+00,6.418476861114351595e-14,2.200000000000000011e-01,2.200000000000000011e-01,4.454425334935275771e+01
9.799735736857629220e+00,0.000000000000000000e+00,2.200000000000000011e-01,2.200000000000000011e-01,4.477152607662548434e+01
9.849735736857629931e+00,1.283695372222938476e-13,2.200000000000000011e-01,2.200000000000000011e-01,4.499879880389821096e+01
9.899735736857627089e+00,1.288032180912880999e-13,2.200000000000000011e-01,2.200000000000000011e-01,4.522607153117092338e+01
9.949735736857627799e+00,0.000000000000000000e+00,2.200000000000000011e-01,2.200000000000000011e-01,4.545334425844365001e+01
9.999735736857628510e+00,0.000000000000000000e+00,2.200000000000000011e-01,2.200000000000000011e-01,4.568061698571637663e+01
1.004973573685762922e+01,0.000000000000000000e+00,2.200000000000000011e-01,2.200000000000000011e-01,4.590788971298910326e+01
1.009973573685762993e+01,0.000000000000000000e+00,2.200000000000000011e-01,2.200000000000000011e-01,4.613516244026182989e+01
1.014973573685763064e+01,0.000000000000000000e+00,2.200000000000000011e-01,2.200000000000000011e-01,4.636243516753455651e+01
1.019973573685763135e+01,6.418476861114351595e-14,2.200000000000000011e-01,2.200000000000000011e-01,4.658970789480728314e+01
1.024973573685763029e+01,6.418476861114351595e-14,2.200000000000000011e-01,2.200000000000000011e-01,4.681698062208000266e+01
1.029973573685763100e+01,0.000000000000000000e+00,2.200000000000000011e-01,2.200000000000000011e-01,4.704425334935272929e+01
1.034973573685763171e+01,0.000000000000000000e+00,2.200000000000000011e-01,2.200000000000000011e-01,4.727152607662545591e+01
1.039973573685763242e+01,0.000000000000000000e+00,2.200000000000000011e-01,2.200000000000000011e-01,4.749879880389818254e+01
1.044973573685763313e+01,0.000000000000000000e+00,2.200000000000000011e-01,2.200000000000000011e-01,4.772607153117090917e+01
1.049973573685763384e+01,0.000000000000000000e+00,2.200000000000000011e-01,2.200000000000000011e-01,4.795334425844363579e+01
1.054973573685763455e+01,0.000000000000000000e+00,2.200000000000000011e-01,2.200000000000000011e-01,4.818061698571636242e+01
1.059973573685763526e+01,1.283695372222938476e-13,2.200000000000000011e-01,2.200000000000000011e-01,4.840788971298908905e+01
1.064973573685763242e+01,1.288032180912880999e-13,2.200000000000000011e-01,2.200000000000000011e-01,4.863516244026180146e+01
1.069973573685763313e+01,0.000000000000000000e+00,2.200000000000000011e-01,2.200000000000000011e-01,4.886243516753452809e+01
1.074973573685763384e+01,0.000000000000000000e+00,2.200000000000000011e-01,2.200000000000000011e-01,4.908970789480725472e+01
1.079973573685763455e+01,0.000000000000000000e+00,2.200000000000000011e-01,2.200000000000000011e-01,4.931698062207998134e+01
1.084973573685763526e+01,1.283695372222938476e-13,2.200000000000000011e-01,2.200000000000000011e-01,4.954425334935270797e+01
1.089973573685763242e+01,1.288032180912880999e-13,2.200000000000000011e-01,2.200000000000000011e-01,4.977152607662542039e+01
1.094973573685763313e+01,0.000000000000000000e+00,2.200000000000000011e-01,2.200000000000000011e-01,4.999879880389814701e+01
1.099973573685763384e+01,0.000000000000000000e+00,2.200000000000000011e-01,2.200000000000000011e-01,5.022607153117087364e+01
1.104973573685763455e+01,0.000000000000000000e+00,2.200000000000000011e-01,2.200000000000000011e-01,5.045334425844360027e+01
1.109973573685763526e+01,0.000000000000000000e+00,2.200000000000000011e-01,2.200000000000000011e-01,5.068061698571632689e+01
1.114973573685763597e+01,0.000000000000000000e+00,2.200000000000000011e-01,2.200000000000000011e-01,5.090788971298905352e+01
1.119973573685763668e+01,6.418476861114351595e-14,2.200000000000000011e-01,2.200000000000000011e-01,5.113516244026178015e+01
1.124973573685763562e+01,6.418476861114351595e-14,2.200000000000000011e-01,2.200000000000000011e-01,5.136243516753449967e+01
1.129973573685763633e+01,0.000000000000000000e+00,2.200000000000000011e-01,2.200000000000000011e-01,5.158970789480722630e+01
1.134973573685763704e+01,1.283695372222938476e-13,2.200000000000000011e-01,2.200000000000000011e-01,5.181698062207995292e+01
1.139973573685763419e+01,1.288032180912880999e-13,2.200000000000000011e-01,2.200000000000000011e-01,5.204425334935266534e+01
1.144973573685763490e+01,0.000000000000000000e+00,2.200000000000000011e-01,2.200000000000000011e-01,5.227152607662539197e+01
1.149973573685763562e+01,0.000000000000000000e+00,2.200000000000000011e-01,2.200000000000000011e-01,5.249879880389811859e+01
1.154973573685763633e+01,6.461844948013087672e-14,2.200000000000000011e-01,2.200000000000000011e-01,5.272607153117084522e+01
1.159973573685763881e+01,1.929879867024247622e-13,2.200000000000000011e-01,2.200000000000000011e-01,5.295334425844358606e+01
1.164973573685763597e+01,2.571727553135546340e-13,2.200000000000000011e-01,2.200000000000000011e-01,5.318061698571629847e+01
1.169973573685764023e+01,2.576064361825487853e-13,2.200000000000000011e-01,2.200000000000000011e-01,5.340788971298904642e+01
1.174973573685763739e+01,3.082394843943110727e-03,2.200000000000000011e-01,2.200000000000000011e-01,5.363516244026175883e+01
1.179973569531247612e+01,2.156484820433494098e-01,2.200000000000000011e-01,2.200000000000000011e-01,5.386243497869283914e+01
1.184973569531247506e+01,2.913889877783010229e-01,2.200000000000000011e-01,2.200000000000000011e-01,5.408970770596556576e+01
1.189973294511573876e+01,2.915172851662427012e-01,2.200000000000000011e-01,2.200000000000000011e-01,5.431696793234403486e+01
1.194973023856645078e+01,3.082502563243968985e-01,2.200000000000000011e-01,2.200000000000000011e-01,5.454422835711999795e+01
1.199973023856644794e+01,4.441704160031831883e-01,2.200000000000000011e-01,2.200000000000000011e-01,5.477150108439271747e+01
1.204972994522964314e+01,3.093697504366385020e-01,2.200000000000000011e-01,2.200000000000000011e-01,5.499877247831633298e+01
1.209972692738991995e+01,3.148499011169955120e-01,2.200000000000000011e-01,2.200000000000000011e-01,5.522603148813576723e+01
1.214972393526941019e+01,3.201038497955300266e-01,2.200000000000000011e-01,2.200000000000000011e-01,5.545329061486072675e+01
1.219972371336619332e+01,4.628195043153999766e-01,2.200000000000000011e-01,2.200000000000000011e-01,5.568056233348247019e+01
1.224972371336619048e+01,3.371624126232228846e-01,2.200000000000000011e-01,2.200000000000000011e-01,5.590783506075518972e+01
1.229972081107205284e+01,3.337263467629128511e-01,2.200000000000000011e-01,2.200000000000000011e-01,5.613509459578183680e+01
1.234971734699833767e+01,3.376195533799559167e-01,2.200000000000000011e-01,2.200000000000000011e-01,5.636235157726494549e+01
1.239971588333827057e+01,4.274007525211307446e-01,2.200000000000000011e-01,2.200000000000000011e-01,5.658961765153736678e+01
1.244971588333827128e+01,3.988089297210822282e-01,2.200000000000000011e-01,2.200000000000000011e-01,5.681689037881010051e+01
1.249971373330067159e+01,3.466094261931772502e-01,2.200000000000000011e-01,2.200000000000000011e-01,5.704415333318464576e+01
1.254971003901828830e+01,3.487725805541582180e-01,2.200000000000000011e-01,2.200000000000000011e-01,5.727140926826472622e+01
1.259970724409045850e+01,3.674419028414578348e-01,2.200000000000000011e-01,2.200000000000000011e-01,5.749866929132004145e+01
1.264970724409045744e+01,4.733590667923422979e-01,2.200000000000000011e-01,2.200000000000000011e-01,5.772594201859276808e+01
1.269970674256900622e+01,3.523467362476514486e-01,2.200000000000000011e-01,2.200000000000000011e-01,5.795321246622253142e+01
1.274970348257094521e+01,3.525591342457817245e-01,2.200000000000000011e-01,2.200000000000000011e-01,5.818047037532225119e+01
1.279969986374361390e+01,3.522978782383742180e-01,2.200000000000000011e-01,2.200000000000000011e-01,5.840772665337983227e+01
1.284969828739429509e+01,4.319252473449201601e-01,2.200000000000000011e-01,2.200000000000000011e-01,5.863499221542838313e+01
1.289969828739429403e+01,4.087817880488237021e-01,2.200000000000000011e-01,2.200000000000000011e-01,5.886226494270110265e+01
1.294969623424280414e+01,3.486236449853234443e-01,2.200000000000000011e-01,2.200000000000000011e-01,5.908952833746705124e+01
1.299969256032969867e+01,3.464136531408001929e-01,2.200000000000000011e-01,2.200000000000000011e-01,5.931678436513475106e+01
1.304968971448049686e+01,3.578130467752905775e-01,2.200000000000000011e-01,2.200000000000000011e-01,5.954404415672929218e+01
1.309968971448049757e+01,4.681480645045866251e-01,2.200000000000000011e-01,2.200000000000000011e-01,5.977131688400202592e+01
1.314968930373707323e+01,3.373314219923265744e-01,2.200000000000000011e-01,2.200000000000000011e-01,5.999858774425918995e+01
1.319968616165811426e+01,3.333961133245143538e-01,2.200000000000000011e-01,2.200000000000000011e-01,6.022584618935483292e+01
1.324968285977592508e+01,3.291206574933507878e-01,2.200000000000000011e-01,2.200000000000000011e-01,6.045310390807215128e+01
1.329968198035573401e+01,4.384005376941289001e-01,2.200000000000000011e-01,2.200000000000000011e-01,6.068037263798037628e+01
1.334968198035573472e+01,3.517902235485269036e-01,2.200000000000000011e-01,2.200000000000000011e-01,6.090764536525310291e+01
1.339967947664960590e+01,3.144049863033140380e-01,2.200000000000000011e-01,2.200000000000000011e-01,6.113490671204342419e+01
1.344967621978420880e+01,3.088920349562837564e-01,2.200000000000000011e-01,2.200000000000000011e-01,6.136216463538253407e+01
1.349967497715574360e+01,4.057419823911719292e-01,2.200000000000000011e-01,2.200000000000000011e-01,6.158943171434405883e+01
1.354967497715574254e+01,3.461773118876558808e-01,2.200000000000000011e-01,2.200000000000000011e-01,6.181670444161677835e+01
1.359967275817653132e+01,2.909818032948486288e-01,2.200000000000000011e-01,2.200000000000000011e-01,6.204396708262036952e+01
1.364966976732830162e+01,2.694010805701836930e-01,2.200000000000000011e-01,2.200000000000000011e-01,6.227122621512841505e+01
1.369966957155878973e+01,2.033261328233320342e-01,2.200000000000000011e-01,2.200000000000000011e-01,6.249849805253973045e+01
1.374966957155878511e+01,4.163336342344454409e-14,2.200000000000000011e-01,2.200000000000000011e-01,6.272577077981243576e+01
1.379966957155878937e+01,2.081668171171913869e-14,2.200000000000000011e-01,2.200000000000000011e-01,6.295304350708518371e+01
1.384966957155878831e+01,0.000000000000000000e+00,2.200000000000000011e-01,2.200000000000000011e-01,6.318031623435791033e+01
1.389966957155878724e+01,0.000000000000000000e+00,2.200000000000000011e-01,2.200000000000000011e-01,6.340758896163063696e+01
1.394966957155878617e+01,9.922618282588376614e-13,2.200000000000000011e-01,2.200000000000000011e-01,6.363486168890336359e+01
1.399966957155878333e+01,9.714451465469673423e-13,2.200000000000000011e-01,2.200000000000000011e-01,6.386213441617607600e+01
1.404966957155878760e+01,2.081668171171913869e-14,2.200000000000000011e-01,2.200000000000000011e-01,6.408940714344882394e+01
1.409966957155878653e+01,0.000000000000000000e+00,2.200000000000000011e-01,2.200000000000000011e-01,6.431667987072154347e+01
1.414966957155878546e+01,0.000000000000000000e+00,2.200000000000000011e-01,2.200000000000000011e-01,6.454395259799426299e+01
1.419966957155878440e+01,0.000000000000000000e+00,2.200000000000000011e-01,2.200000000000000011e-01,6.477122532526698251e+01
1.424966957155878333e+01,1.016547956922361903e-12,2.200000000000000011e-01,2.200000000000000011e-01,6.499849805253970203e+01
1.429966957155878582e+01,1.016547956922361903e-12,2.200000000000000011e-01,2.200000000000000011e-01,6.522577077981243576e+01
1.434966957155878475e+01,0.000000000000000000e+00,2.200000000000000011e-01,2.200000000000000011e-01,6.545304350708515528e+01
1.439966957155878369e+01,0.000000000000000000e+00,2.200000000000000011e-01,2.200000000000000011e-01,6.568031623435787481e+01
1.444966957155878262e+01,0.000000000000000000e+00,2.200000000000000011e-01,2.200000000000000011e-01,6.590758896163059433e+01
1.449966957155878156e+01,0.000000000000000000e+00,2.200000000000000011e-01,2.200000000000000011e-01,6.613486168890331385e+01
1.454966957155878049e+01,1.016547956922361903e-12,2.200000000000000011e-01,2.200000000000000011e-01,6.636213441617603337e+01
1.459966957155878298e+01,1.016547956922361903e-12,2.200000000000000011e-01,2.200000000000000011e-01,6.658940714344876710e+01
1.464966957155878191e+01,0.000000000000000000e+00,2.200000000000000011e-01,2.200000000000000011e-01,6.681667987072148662e+01
1.469966957155878085e+01,0.000000000000000000e+00,2.200000000000000011e-01,2.200000000000000011e-01,6.704395259799420614e+01
1.474966957155877978e+01,0.000000000000000000e+00,2.200000000000000011e-01,2.200000000000000011e-01,6.727122532526692567e+01
1.479966957155877871e+01,1.016547956922361903e-12,2.200000000000000011e-01,2.200000000000000011e-01,6.749849805253964519e+01
1.484966957155878120e+01,1.016547956922361903e-12,2.200000000000000011e-01,2.200000000000000011e-01,6.772577077981237892e+01
1.489966957155878013e+01,0.000000000000000000e+00,2.200000000000000011e-01,2.200000000000000011e-01,6.795304350708509844e+01
1.494966957155877907e+01,0.000000000000000000e+00,2.200000000000000011e-01,2.200000000000000011e-01,6.818031623435781796e+01
1.499966957155877800e+01,0.000000000000000000e+00,2.200000000000000011e-01,2.200000000000000011e-01,6.840758896163053748e+01
1.504966957155877694e+01,1.016547956922361903e-12,2.200000000000000011e-01,2.200000000000000011e-01,6.863486168890325700e+01
1.509966957155877942e+01,1.016547956922361903e-12,2.200000000000000011e-01,2.200000000000000011e-01,6.886213441617599074e+01
1.514966957155877836e+01,0.000000000000000000e+00,2.200000000000000011e-01,2.200000000000000011e-01,6.908940714344871026e+01
1.519966957155877729e+01,0.000000000000000000e+00,2.200000000000000011e-01,2.200000000000000011e-01,6.931667987072142978e+01
1.524966957155877623e+01,0.000000000000000000e+00,2.200000000000000011e-01,2.200000000000000011e-01,6.954395259799414930e+01
1.529966957155877516e+01,0.000000000000000000e+00,2.200000000000000011e-01,2.200000000000000011e-01,6.977122532526686882e+01
1.534966957155877409e+01,0.000000000000000000e+00,2.200000000000000011e-01,2.200000000000000011e-01,6.999849805253958834e+01
1.539966957155877303e+01,1.016547956922361903e-12,2.200000000000000011e-01,2.200000000000000011e-01,7.022577077981230786e+01
1.544966957155877552e+01,1.016547956922361903e-12,2.200000000000000011e-01,2.200000000000000011e-01,7.045304350708504160e+01
1.549966957155877445e+01,0.000000000000000000e+00,2.200000000000000011e-01,2.200000000000000011e-01,7.068031623435776112e+01
1.554966957155877338e+01,0.000000000000000000e+00,2.200000000000000011e-01,2.200000000000000011e-01,7.090758896163048064e+01
1.559966957155877232e+01,0.000000000000000000e+00,2.200000000000000011e-01,2.200000000000000011e-01,7.113486168890320016e+01
1.564966957155877125e+01,1.016547956922361903e-12,2.200000000000000011e-01,2.200000000000000011e-01,7.136213441617591968e+01
1.569966957155877374e+01,1.016547956922361903e-12,2.200000000000000011e-01,2.200000000000000011e-01,7.158940714344865341e+01
1.574966957155877267e+01,0.000000000000000000e+00,2.200000000000000011e-01,2.200000000000000011e-01,7.181667987072137294e+01
1.579966957155877161e+01,6.914410836484057021e-02,2.200000000000000011e-01,2.200000000000000011e-01,7.204395259799409246e+01
1.584966875000924347e+01,7.968880005353841112e-01,2.200000000000000011e-01,2.200000000000000011e-01,7.227122159095078757e+01
1.589966297599637990e+01,1.050495754307103624e+00,2.200000000000000011e-01,2.200000000000000011e-01,7.249846807271049443e+01
1.594965700582430657e+01,1.046644936295005879e+00,2.200000000000000011e-01,2.200000000000000011e-01,7.272571366283743544e+01
1.599965083411590783e+01,1.059385115651458431e+00,2.200000000000000011e-01,2.200000000000000011e-01,7.295295833689016263e+01
1.604964466761080644e+01,1.052735360036409107e+00,2.200000000000000011e-01,2.200000000000000011e-01,7.318020303459424269e+01
1.609963858827248373e+01,1.032583756930953056e+00,2.200000000000000011e-01,2.200000000000000011e-01,7.340744812851094991e+01
1.614963285422274808e+01,7.118673908803331285e-01,2.200000000000000011e-01,2.200000000000000011e-01,7.363469479192123401e+01
1.619963271206589539e+01,2.505436748724155019e-02,2.200000000000000011e-01,2.200000000000000011e-01,7.386196687302644648e+01
1.624963271206589255e+01,3.275157922644166154e-12,2.200000000000000011e-01,2.200000000000000011e-01,7.408923960029915179e+01
1.629963271206589681e+01,5.967448757359333890e-13,2.200000000000000011e-01,2.200000000000000011e-01,7.431651232757189973e+01
1.634963271206589752e+01,3.176278684513347593e-12,2.200000000000000011e-01,2.200000000000000011e-01,7.454378505484463346e+01
1.639963271206589823e+01,1.190020304520241532e-12,2.200000000000000011e-01,2.200000000000000011e-01,7.477105778211736720e+01
1.644963271206589184e+01,9.887923813068620853e-14,2.200000000000000011e-01,2.200000000000000011e-01,7.499833050939007251e+01
1.649963271206589610e+01,6.956241138666899513e-13,2.200000000000000011e-01,2.200000000000000011e-01,7.522560323666280624e+01
1.654963271206589326e+01,1.984523656517350994e-12,2.200000000000000011e-01,2.200000000000000011e-01,7.545287596393552576e+01
1.659963271206589752e+01,6.938893903906510451e-13,2.200000000000000011e-01,2.200000000000000011e-01,7.568014869120827370e+01
1.664963271206589823e+01,1.288899542650874704e-12,2.200000000000000011e-01,2.200000000000000011e-01,7.590742141848099322e+01
1.669963271206589539e+01,0.000000000000000000e+00,2.200000000000000011e-01,2.200000000000000011e-01,7.613469414575371275e+01
1.674963271206589255e+01,1.984523656517350994e-12,2.200000000000000011e-01,2.200000000000000011e-01,7.636196687302643227e+01
1.679963271206589681e+01,5.967448757359333890e-13,2.200000000000000011e-01,2.200000000000000011e-01,7.658923960029918021e+01
1.684963271206589752e+01,3.176278684513347593e-12,2.200000000000000011e-01,2.200000000000000011e-01,7.681651232757191394e+01
1.689963271206589823e+01,1.190020304520241532e-12,2.200000000000000011e-01,2.200000000000000011e-01,7.704378505484464768e+01
1.694963271206589184e+01,9.887923813068620853e-14,2.200000000000000011e-01,2.200000000000000011e-01,7.727105778211735299e+01
1.699963271206589610e+01,6.956241138666899513e-13,2.200000000000000011e-01,2.200000000000000011e-01,7.749833050939008672e+01
1.704963271206589326e+01,5.950101522600631097e-13,2.200000000000000011e-01,2.200000000000000011e-01,7.772560323666280624e+01
1.709963271206589397e+01,3.176278684513347593e-12,2.200000000000000011e-01,2.200000000000000011e-01,7.795287596393553997e+01
1.714963271206589468e+01,2.581268532253587507e-12,2.200000000000000011e-01,2.200000000000000011e-01,7.818014869120827370e+01
1.719963271206589184e+01,6.956241138666899513e-13,2.200000000000000011e-01,2.200000000000000011e-01,7.840742141848099322e+01
1.724963271206589610e+01,6.956241138666899513e-13,2.200000000000000011e-01,2.200000000000000011e-01,7.863469414575372696e+01
1.729963271206589326e+01,2.579533808777610700e-12,2.200000000000000011e-01,2.200000000000000011e-01,7.886196687302644648e+01
1.734963271206589397e+01,5.950101522599567839e-13,2.200000000000000011e-01,2.200000000000000011e-01,7.908923960029918021e+01
1.739963271206589823e+01,1.984523656517350994e-12,2.200000000000000011e-01,2.200000000000000011e-01,7.931651232757192815e+01
1.744963271206589539e+01,0.000000000000000000e+00,2.200000000000000011e-01,2.200000000000000011e-01,7.954378505484464768e+01
1.749963271206589255e+01,6.956241138666899513e-13,2.200000000000000011e-01,2.200000000000000011e-01,7.977105778211736720e+01
1.754963271206589681e+01,6.956241138666899513e-13,2.200000000000000011e-01,2.200000000000000011e-01,7.999833050939010093e+01
1.759963271206589397e+01,2.579533808777610700e-12,2.200000000000000011e-01,2.200000000000000011e-01,8.022560323666282045e+01
1.764963271206589468e+01,2.581268532253587507e-12,2.200000000000000011e-01,2.200000000000000011e-01,8.045287596393555418e+01
1.769963271206589184e+01,6.956241138666899513e-13,2.200000000000000011e-01,2.200000000000000011e-01,8.068014869120827370e+01
1.774963271206589610e+01,6.956241138666899513e-13,2.200000000000000011e-01,2.200000000000000011e-01,8.090742141848100744e+01
1.779963271206589326e+01,5.950101522600631097e-13,2.200000000000000011e-01,2.200000000000000011e-01,8.113469414575372696e+01
1.784963271206589397e+01,3.176278684513347593e-12,2.200000000000000011e-01,2.200000000000000011e-01,8.136196687302646069e+01
1.789963271206589468e+01,0.000000000000000000e+00,2.200000000000000011e-01,2.200000000000000011e-01,8.158923960029919442e+01
1.794963271206589539e+01,2.581268532253587507e-12,2.200000000000000011e-01,2.200000000000000011e-01,8.181651232757192815e+01
1.799963271206589255e+01,5.950101522600631097e-13,2.200000000000000011e-01,2.200000000000000011e-01,8.204378505484464768e+01
1.804963271206589326e+01,1.885644418386763058e-12,2.200000000000000011e-01,2.200000000000000011e-01,8.227105778211738141e+01
1.809963271206589397e+01,1.885644418386763058e-12,2.200000000000000011e-01,2.200000000000000011e-01,8.249833050939010093e+01
1.814963271206589468e+01,1.190020304520241532e-12,2.200000000000000011e-01,2.200000000000000011e-01,8.272560323666283466e+01
1.819963271206588828e+01,1.389513504257475393e-12,2.200000000000000011e-01,2.200000000000000011e-01,8.295287596393553997e+01
1.824963271206589255e+01,6.938893903906510451e-13,2.200000000000000011e-01,2.200000000000000011e-01,8.318014869120828791e+01
1.829963271206589326e+01,1.885644418386763058e-12,2.200000000000000011e-01,2.200000000000000011e-01,8.340742141848100744e+01
1.834963271206589397e+01,3.176278684513347593e-12,2.200000000000000011e-01,2.200000000000000011e-01,8.363469414575374117e+01
1.839963271206589468e+01,2.581268532253587507e-12,2.200000000000000011e-01,2.200000000000000011e-01,8.386196687302647490e+01
1.844963271206589184e+01,2.579533808777610700e-12,2.200000000000000011e-01,2.200000000000000011e-01,8.408923960029919442e+01
1.849963271206589255e+01,3.176278684513347593e-12,2.200000000000000011e-01,2.200000000000000011e-01,8.431651232757192815e+01
1.854963271206589326e+01,1.885644418386763058e-12,2.200000000000000011e-01,2.200000000000000011e-01,8.454378505484466189e+01
1.859963271206589397e+01,1.885644418386763058e-12,2.200000000000000011e-01,2.200000000000000011e-01,8.477105778211738141e+01
1.864963271206589468e+01,1.190020304520241532e-12,2.200000000000000011e-01,2.200000000000000011e-01,8.499833050939011514e+01
1.869963271206588828e+01,1.389513504257475393e-12,2.200000000000000011e-01,2.200000000000000011e-01,8.522560323666282045e+01
1.874963271206589255e+01,6.938893903906510451e-13,2.200000000000000011e-01,2.200000000000000011e-01,8.545287596393556839e+01
1.879963271206589326e+01,1.885644418386763058e-12,2.200000000000000011e-01,2.200000000000000011e-01,8.568014869120828791e+01
1.884963271206589397e+01,5.950101522600631097e-13,2.200000000000000011e-01,2.200000000000000011e-01,8.590742141848102165e+01
1.889963271206589113e+01,2.579533808777610700e-12,2.200000000000000011e-01,2.200000000000000011e-01,8.613469414575374117e+01
1.894963271206589184e+01,2.581268532253587507e-12,2.200000000000000011e-01,2.200000000000000011e-01,8.636196687302647490e+01
1.899963271206588900e+01,1.984523656517350994e-12,2.200000000000000011e-01,2.200000000000000011e-01,8.658923960029919442e+01
1.904963271206589326e+01,1.984523656517350994e-12,2.200000000000000011e-01,2.200000000000000011e-01,8.681651232757194236e+01
1.909963271206589042e+01,6.956241138666899513e-13,2.200000000000000011e-01,2.200000000000000011e-01,8.704378505484466189e+01
1.914963271206589468e+01,6.956241138666899513e-13,2.200000000000000011e-01,2.200000000000000011e-01,8.727105778211739562e+01
1.919963271206589184e+01,0.000000000000000000e+00,2.200000000000000011e-01,2.200000000000000011e-01,8.749833050939011514e+01
1.924963271206588900e+01,2.579533808777610700e-12,2.200000000000000011e-01,2.200000000000000011e-01,8.772560323666283466e+01
1.929963271206588971e+01,1.885644418386594633e-12,2.200000000000000011e-01,2.200000000000000011e-01,8.795287596393556839e+01
1.934963271206589397e+01,6.956241138666899513e-13,2.200000000000000011e-01,2.200000000000000011e-01,8.818014869120830213e+01
1.939963271206589113e+01,1.984523656517350994e-12,2.200000000000000011e-01,2.200000000000000011e-01,8.840742141848102165e+01
1.944963271206589539e+01,1.389513504257475393e-12,2.200000000000000011e-01,2.200000000000000011e-01,8.863469414575376959e+01
1.949963271206588900e+01,1.389513504257475393e-12,2.200000000000000011e-01,2.200000000000000011e-01,8.886196687302647490e+01
1.954963271206589326e+01,1.984523656517350994e-12,2.200000000000000011e-01,2.200000000000000011e-01,8.908923960029922284e+01
1.959963271206589042e+01,5.950101522600631097e-13,2.200000000000000011e-01,2.200000000000000011e-01,8.931651232757194236e+01
1.964963271206589113e+01,1.885644418386763058e-12,2.200000000000000011e-01,2.200000000000000011e-01,8.954378505484467610e+01
1.969963271206589184e+01,1.288899542650874704e-12,2.200000000000000011e-01,2.200000000000000011e-01,8.977105778211739562e+01
1.974963271206588900e+01,0.000000000000000000e+00,2.200000000000000011e-01,2.200000000000000011e-01,8.999833050939011514e+01
1.979963271206588615e+01,1.984523656517350994e-12,2.200000000000000011e-01,2.200000000000000011e-01,9.022560323666283466e+01
1.984963271206589042e+01,6.938893903906510451e-13,2.200000000000000011e-01,2.200000000000000011e-01,9.045287596393558260e+01
1.989963271206589113e+01,1.885644418386763058e-12,2.200000000000000011e-01,2.200000000000000011e-01,9.068014869120830213e+01
1.994963271206589184e+01,1.190020304520241532e-12,2.200000000000000011e-01,2.200000000000000011e-01,9.090742141848103586e+01
1.999963271206588544e+01,1.389513504257475393e-12,2.200000000000000011e-01,2.200000000000000011e-01,9.113469414575374117e+01
2.004963271206588971e+01,5.967448757359333890e-13,2.200000000000000011e-01,2.200000000000000011e-01,9.136196687302648911e+01
2.009963271206589042e+01,3.176278684513347593e-12,2.200000000000000011e-01,2.200000000000000011e-01,9.158923960029922284e+01
2.014963271206589113e+01,1.885644418386763058e-12,2.200000000000000011e-01,2.200000000000000011e-01,9.181651232757195658e+01
2.019963271206589184e+01,4.158306887134345653e-02,2.200000000000000011e-01,2.200000000000000011e-01,9.204378505484467610e+01
2.024963252157890281e+01,1.412487806596849638e-01,2.200000000000000011e-01,2.200000000000000011e-01,9.227105691626745454e+01
2.029963183163851426e+01,2.155974306680960018e-01,2.200000000000000011e-01,2.200000000000000011e-01,9.249832650744751561e+01
2.034963124013830083e+01,2.167205570946069138e-01,2.200000000000000011e-01,2.200000000000000011e-01,9.272559654608289748e+01
2.039963077318011742e+01,2.177676246985955633e-01,2.200000000000000011e-01,2.200000000000000011e-01,9.295286715081843454e+01
2.044963045521489065e+01,2.187365760365402034e-01,2.200000000000000011e-01,2.200000000000000011e-01,9.318013843279467778e+01
2.049963030922096152e+01,2.228415504960726268e-01,2.200000000000000011e-01,2.200000000000000011e-01,9.340741049645863825e+01
2.054963030922096223e+01,2.306876345633948333e-01,2.200000000000000011e-01,2.200000000000000011e-01,9.363468322373137198e+01
2.059963026285190324e+01,2.209518822772110480e-01,2.200000000000000011e-01,2.200000000000000011e-01,9.386195574023564347e+01
2.064963003577014078e+01,2.216141791655025783e-01,2.200000000000000011e-01,2.200000000000000011e-01,9.408922743531853428e+01
2.069962965215787420e+01,2.221908101536181068e-01,2.200000000000000011e-01,2.200000000000000011e-01,9.431649841889914399e+01
2.074962913514238139e+01,2.226805714795993818e-01,2.200000000000000011e-01,2.200000000000000011e-01,9.454376879610144613e+01
2.079962850694443688e+01,2.230824346685105763e-01,2.200000000000000011e-01,2.200000000000000011e-01,9.477103866792897691e+01
2.084962778902715286e+01,2.233955516301874555e-01,2.200000000000000011e-01,2.200000000000000011e-01,9.499830813194132872e+01
2.089962700224524639e+01,2.236192588651764457e-01,2.200000000000000011e-01,2.200000000000000011e-01,9.522557728293266166e+01
2.094962616699454472e+01,2.237530807468186000e-01,2.200000000000000011e-01,2.200000000000000011e-01,9.545284621361129496e+01
2.099962530336167177e+01,2.237967319687857726e-01,2.200000000000000011e-01,2.200000000000000011e-01,9.568011501528005169e+01
2.104962443127393712e+01,2.237501189391024603e-01,2.200000000000000011e-01,2.200000000000000011e-01,9.590738377851762664e+01
2.109962357064925342e+01,2.236133402564534911e-01,2.200000000000000011e-01,2.200000000000000011e-01,9.613465259385998252e+01
2.114962274154621014e+01,2.233866862366234995e-01,2.200000000000000011e-01,2.200000000000000011e-01,9.636192155248251368e+01
2.119962196431416501e+01,2.230706374278341730e-01,2.200000000000000011e-01,2.200000000000000011e-01,9.658919074688230921e+01
2.124962125974334981e+01,2.226658622178123992e-01,2.200000000000000011e-01,2.200000000000000011e-01,9.681646027156041612e+01
2.129962064921494047e+01,2.221732135157109544e-01,2.200000000000000011e-01,2.200000000000000011e-01,9.704373022370400292e+01
2.134962015485102427e+01,2.215937244646129234e-01,2.200000000000000011e-01,2.200000000000000011e-01,9.727100070386801178e+01
2.139961979966432537e+01,2.209286034190924286e-01,2.200000000000000011e-01,2.200000000000000011e-01,9.749827181665574471e+01
2.144961960770758935e+01,2.201792279514604711e-01,2.200000000000000011e-01,2.200000000000000011e-01,9.772554367139785825e+01
2.149961960422239571e+01,2.330840466793795973e-01,2.200000000000000011e-01,2.200000000000000011e-01,9.795281638282880010e+01
2.154961960422239642e+01,2.189458154714199190e-01,2.200000000000000011e-01,2.200000000000000011e-01,9.818008911010151962e+01
2.159961941624471748e+01,2.177349412724752520e-01,2.200000000000000011e-01,2.200000000000000011e-01,9.840736098293024270e+01
2.164961905945256149e+01,2.166852429365470345e-01,2.200000000000000011e-01,2.200000000000000011e-01,9.863463208842044594e+01
2.169961855796868377e+01,2.155595409077984692e-01,2.200000000000000011e-01,2.200000000000000011e-01,9.886190253622100954e+01
2.174961793756320105e+01,1.359399943954536227e-01,2.200000000000000011e-01,2.200000000000000011e-01,9.908917244346881148e+01
2.179961775928014234e+01,3.630424256124110266e-02,2.200000000000000011e-01,2.200000000000000011e-01,9.931644436036400236e+01
2.184961775928013950e+01,2.036565360796791724e-12,2.200000000000000011e-01,2.200000000000000011e-01,9.954371708763672189e+01
2.189961775928014021e+01,2.008809785180859888e-12,2.200000000000000011e-01,2.200000000000000011e-01,9.977098981490945562e+01
2.194961775928014092e+01,9.645062526431857258e-13,2.200000000000000011e-01,2.200000000000000011e-01,9.999826254218218935e+01
2.199961775928013452e+01,5.551115123125838238e-14,2.200000000000000011e-01,2.200000000000000011e-01,1.002255352694548947e+02
2.204961775928013878e+01,2.775557561562500707e-14,2.200000000000000011e-01,2.200000000000000011e-01,1.004528079967276426e+02
2.209961775928013950e+01,1.020017403874296736e-12,2.200000000000000011e-01,2.200000000000000011e-01,1.006800807240003621e+02
2.214961775928014021e+01,3.028827189055302835e-12,2.200000000000000011e-01,2.200000000000000011e-01,1.009073534512730959e+02
2.219961775928014092e+01,1.981054209565827126e-12,2.200000000000000011e-01,2.200000000000000011e-01,1.011346261785458296e+02
2.224961775928013452e+01,9.645062526431857258e-13,2.200000000000000011e-01,2.200000000000000011e-01,1.013618989058185349e+02
2.229961775928013523e+01,2.775557561562912808e-14,2.200000000000000011e-01,2.200000000000000011e-01,1.015891716330912686e+02
2.234961775928013239e+01,2.036565360796791724e-12,2.200000000000000011e-01,2.200000000000000011e-01,1.018164443603639882e+02
2.239961775928013310e+01,2.008809785180859888e-12,2.200000000000000011e-01,2.200000000000000011e-01,1.020437170876367219e+02
2.244961775928013381e+01,9.645062526431857258e-13,2.200000000000000011e-01,2.200000000000000011e-01,1.022709898149094556e+02
2.249961775928012742e+01,1.981054209565827126e-12,2.200000000000000011e-01,2.200000000000000011e-01,1.024982625421821609e+02
2.254961775928012813e+01,3.028827189055302835e-12,2.200000000000000011e-01,2.200000000000000011e-01,1.027255352694548947e+02
2.259961775928012884e+01,1.016547956922343324e-12,2.200000000000000011e-01,2.200000000000000011e-01,1.029528079967276284e+02
2.264961775928012955e+01,2.012279232133111578e-12,2.200000000000000011e-01,2.200000000000000011e-01,1.031800807240003479e+02
2.269961775928013026e+01,4.017619570362323197e-12,2.200000000000000011e-01,2.200000000000000011e-01,1.034073534512730816e+02
2.274961775928013097e+01,3.001071613439681595e-12,2.200000000000000011e-01,2.200000000000000011e-01,1.036346261785458012e+02
2.279961775928013168e+01,2.008809785180859888e-12,2.200000000000000011e-01,2.200000000000000011e-01,1.038618989058185349e+02
2.284961775928013239e+01,2.036565360796791724e-12,2.200000000000000011e-01,2.200000000000000011e-01,1.040891716330912686e+02
2.289961775928012955e+01,9.887923813068610251e-13,2.200000000000000011e-01,2.200000000000000011e-01,1.043164443603639882e+02
2.294961775928013026e+01,3.001071613440127901e-12,2.200000000000000011e-01,2.200000000000000011e-01,1.045437170876367219e+02
2.299961775928012742e+01,3.001071613440127901e-12,2.200000000000000011e-01,2.200000000000000011e-01,1.047709898149094414e+02
2.304961775928012813e+01,2.036565360796479915e-12,2.200000000000000011e-01,2.200000000000000011e-01,1.049982625421821751e+02
2.309961775928013239e+01,2.775557561562500707e-14,2.200000000000000011e-01,2.200000000000000011e-01,1.052255352694549231e+02
2.314961775928013310e+01,1.020017403874296736e-12,2.200000000000000011e-01,2.200000000000000011e-01,1.054528079967276426e+02
2.319961775928013381e+01,2.036565360796791724e-12,2.200000000000000011e-01,2.200000000000000011e-01,1.056800807240003763e+02
2.324961775928013097e+01,0.000000000000000000e+00,2.200000000000000011e-01,2.200000000000000011e-01,1.059073534512730959e+02
2.329961775928012813e+01,2.036565360796791724e-12,2.200000000000000011e-01,2.200000000000000011e-01,1.061346261785458154e+02
2.334961775928012884e+01,1.016547956922343324e-12,2.200000000000000011e-01,2.200000000000000011e-01,1.063618989058185491e+02
2.339961775928012955e+01,1.020017403874448198e-12,2.200000000000000011e-01,2.200000000000000011e-01,1.065891716330912686e+02
2.344961775928012671e+01,1.016547956922494180e-12,2.200000000000000011e-01,2.200000000000000011e-01,1.068164443603639882e+02
2.349961775928012742e+01,1.206181029050177989e+00,2.200000000000000011e-01,2.200000000000000011e-01,1.070437170876367077e+02
2.354958664067509133e+01,2.486432046403987073e+00,2.200000000000000011e-01,2.200000000000000011e-01,1.072708483667047261e+02
2.359955391034635852e+01,2.454873981778878278e+00,2.200000000000000011e-01,2.200000000000000011e-01,1.074979723197559309e+02
2.364952543802164442e+01,9.223559399049261476e-01,2.200000000000000011e-01,2.200000000000000011e-01,1.077251156273708688e+02
2.369952543802164513e+01,1.875236077531072660e-12,2.200000000000000011e-01,2.200000000000000011e-01,1.079523883546435883e+02
2.374952543802164229e+01,5.776629175002961495e-13,2.200000000000000011e-01,2.200000000000000011e-01,1.081796610819163078e+02
2.379952543802164300e+01,2.598615767013315996e-12,2.200000000000000011e-01,2.200000000000000011e-01,1.084069338091890415e+02
2.384952543802164016e+01,5.195496810550206052e-12,2.200000000000000011e-01,2.200000000000000011e-01,1.086342065364617611e+02
2.389952543802164442e+01,2.703196644986103903e-01,2.200000000000000011e-01,2.200000000000000011e-01,1.088614792637345090e+02
2.394952108207220220e+01,1.084684445833570487e+00,2.200000000000000011e-01,2.200000000000000011e-01,1.090887321912370425e+02
2.399951360032959968e+01,1.167449245253163959e+00,2.200000000000000011e-01,2.200000000000000011e-01,1.093159709105888453e+02
2.404950597594900330e+01,1.176325700674926367e+00,2.200000000000000011e-01,2.200000000000000011e-01,1.095432089815861332e+02
2.409949834981826911e+01,1.173011146990543097e+00,2.200000000000000011e-01,2.200000000000000011e-01,1.097704470446282556e+02
2.414949088745611760e+01,1.157686846671381442e+00,2.200000000000000011e-01,2.200000000000000011e-01,1.099976858520730190e+02
2.419948377993427258e+01,7.442495940655133868e-01,2.200000000000000011e-01,2.200000000000000011e-01,1.102249262724282630e+02
2.424948366363037522e+01,1.948268909073462909e-02,2.200000000000000011e-01,2.200000000000000011e-01,1.104521984710469127e+02
2.429948366363037948e+01,1.953298633949518050e-12,2.200000000000000011e-01,2.200000000000000011e-01,1.106794711983196606e+02
2.434948366363038019e+01,4.021089017314072439e-12,2.200000000000000011e-01,2.200000000000000011e-01,1.109067439255923944e+02
2.439948366363038090e+01,2.983724378680203118e-12,2.200000000000000011e-01,2.200000000000000011e-01,1.111340166528651281e+02
2.444948366363037806e+01,2.987193825632157136e-12,2.200000000000000011e-01,2.200000000000000011e-01,1.113612893801378476e+02
2.449948366363037877e+01,1.953298633950090372e-12,2.200000000000000011e-01,2.200000000000000011e-01,1.115885621074105813e+02
2.454948366363037593e+01,1.075528555105575844e-13,2.200000000000000011e-01,2.200000000000000011e-01,1.118158348346832867e+02
2.459948366363038019e+01,9.194034422676023430e-13,2.200000000000000011e-01,2.200000000000000011e-01,1.120431075619560346e+02
2.464948366363037735e+01,2.987193825632157136e-12,2.200000000000000011e-01,2.200000000000000011e-01,1.122703802892287541e+02
2.469948366363037806e+01,1.953298633950090372e-12,2.200000000000000011e-01,2.200000000000000011e-01,1.124976530165014879e+02
2.474948366363037522e+01,2.064320936412634702e-12,2.200000000000000011e-01,2.200000000000000011e-01,1.127249257437741932e+02
2.479948366363037593e+01,1.956768080901470856e-12,2.200000000000000011e-01,2.200000000000000011e-01,1.129521984710469269e+02
2.484948366363038019e+01,1.110223024625110597e-13,2.200000000000000011e-01,2.200000000000000011e-01,1.131794711983196748e+02
2.489948366363037735e+01,9.228728892196908587e-13,2.200000000000000011e-01,2.200000000000000011e-01,1.134067439255923802e+02
2.494948366363038161e+01,9.194034422677370426e-13,2.200000000000000011e-01,2.200000000000000011e-01,1.136340166528651281e+02
2.499948366363037877e+01,1.956768080902043986e-12,2.200000000000000011e-01,2.200000000000000011e-01,1.138612893801378334e+02
2.504948366363037948e+01,4.017619570362118825e-12,2.200000000000000011e-01,2.200000000000000011e-01,1.140885621074105671e+02
2.509948366363038019e+01,2.987193825631719716e-12,2.200000000000000011e-01,2.200000000000000011e-01,1.143158348346833009e+02
2.514948366363038446e+01,9.194034422677370426e-13,2.200000000000000011e-01,2.200000000000000011e-01,1.145431075619560488e+02
2.519948366363038161e+01,1.085936895961520621e-12,2.200000000000000011e-01,2.200000000000000011e-01,1.147703802892287541e+02
2.524948366363038588e+01,2.064320936412315220e-12,2.200000000000000011e-01,2.200000000000000011e-01,1.149976530165015021e+02
2.529948366363038303e+01,2.064320936412315220e-12,2.200000000000000011e-01,2.200000000000000011e-01,1.152249257437742216e+02
2.534948366363038730e+01,2.064320936412315220e-12,2.200000000000000011e-01,2.200000000000000011e-01,1.154521984710469695e+02
2.539948366363038446e+01,5.551115123125530898e-14,2.200000000000000011e-01,2.200000000000000011e-01,1.156794711983196891e+02
2.544948366363038872e+01,9.194034422677370426e-13,2.200000000000000011e-01,2.200000000000000011e-01,1.159067439255924370e+02
2.549948366363038588e+01,9.783840404510977236e-13,2.200000000000000011e-01,2.200000000000000011e-01,1.161340166528651423e+02
2.554948366363038303e+01,2.064320936412315220e-12,2.200000000000000011e-01,2.200000000000000011e-01,1.163612893801378618e+02
2.559948366363038730e+01,1.033895191682058687e-12,2.200000000000000011e-01,2.200000000000000011e-01,1.165885621074106098e+02
2.564948366363038801e+01,1.033895191682209946e-12,2.200000000000000011e-01,2.200000000000000011e-01,1.168158348346833435e+02
2.569948366363038517e+01,2.064320936412315220e-12,2.200000000000000011e-01,2.200000000000000011e-01,1.170431075619560630e+02
2.574948366363038943e+01,9.783840404508111589e-13,2.200000000000000011e-01,2.200000000000000011e-01,1.172703802892288110e+02
2.579948366363039014e+01,4.021089017314072439e-12,2.200000000000000011e-01,2.200000000000000011e-01,1.174976530165015447e+02
2.584948366363039085e+01,9.783840404509462623e-13,2.200000000000000011e-01,2.200000000000000011e-01,1.177249257437742784e+02
2.589948366363038801e+01,1.030425744730256332e-12,2.200000000000000011e-01,2.200000000000000011e-01,1.179521984710469980e+02
2.594948366363038872e+01,5.551115123126389178e-14,2.200000000000000011e-01,2.200000000000000011e-01,1.181794711983197317e+02
2.599948366363038588e+01,1.075528555105575844e-13,2.200000000000000011e-01,2.200000000000000011e-01,1.184067439255924370e+02
2.604948366363039014e+01,9.194034422676023430e-13,2.200000000000000011e-01,2.200000000000000011e-01,1.186340166528651849e+02
2.609948366363038730e+01,2.987193825632157136e-12,2.200000000000000011e-01,2.200000000000000011e-01,1.188612893801379045e+02
2.614948366363038801e+01,4.017619570362118825e-12,2.200000000000000011e-01,2.200000000000000011e-01,1.190885621074106382e+02
2.619948366363038872e+01,2.064320936412634702e-12,2.200000000000000011e-01,2.200000000000000011e-01,1.193158348346833719e+02
2.624948366363038588e+01,2.064320936412634702e-12,2.200000000000000011e-01,2.200000000000000011e-01,1.195431075619560772e+02
2.629948366363038659e+01,4.021089017314072439e-12,2.200000000000000011e-01,2.200000000000000011e-01,1.197703802892288110e+02
2.634948366363038730e+01,2.983724378680203118e-12,2.200000000000000011e-01,2.200000000000000011e-01,1.199976530165015447e+02
2.639948366363038446e+01,4.940492459581339144e-12,2.200000000000000011e-01,2.200000000000000011e-01,1.202249257437742642e+02
2.644948366363038872e+01,5.859895901850269096e-12,2.200000000000000011e-01,2.200000000000000011e-01,1.204521984710470122e+02
2.649948366363037877e+01,1.842276331487577545e-12,2.200000000000000011e-01,2.200000000000000011e-01,1.206794711983197033e+02
2.654948366363038303e+01,9.194034422676023430e-13,2.200000000000000011e-01,2.200000000000000011e-01,1.209067439255924512e+02
2.659948366363038019e+01,2.987193825632157136e-12,2.200000000000000011e-01,2.200000000000000011e-01,1.211340166528651707e+02
2.664948366363038090e+01,4.017619570362118825e-12,2.200000000000000011e-01,2.200000000000000011e-01,1.213612893801379045e+02
2.669948366363038161e+01,2.064320936412634702e-12,2.200000000000000011e-01,2.200000000000000011e-01,1.215885621074106382e+02
2.674948366363037877e+01,2.794577528010747883e-03,2.200000000000000011e-01,2.200000000000000011e-01,1.218158348346833435e+02
2.679948366351778688e+01,2.139405941987355345e-03,2.200000000000000011e-01,2.200000000000000011e-01,1.220431075614442875e+02
2.684948366301482992e+01,5.383728937908606633e-03,2.200000000000000011e-01,2.200000000000000011e-01,1.222703802864308500e+02
2.689948366301483063e+01,4.278845762447016851e-03,2.200000000000000011e-01,2.200000000000000011e-01,1.224976530137035695e+02
2.694948366231961856e+01,2.784106263559891960e-03,2.200000000000000011e-01,2.200000000000000011e-01,1.227249257378162355e+02
2.699948366224244367e+01,6.694070924846503082e-03,2.200000000000000011e-01,2.200000000000000011e-01,1.229521984647381601e+02
2.704948366224244083e+01,2.968586583596002741e-03,2.200000000000000011e-01,2.200000000000000011e-01,1.231794711920108796e+02
2.709948366151700228e+01,3.909952586847132913e-03,2.200000000000000011e-01,2.200000000000000011e-01,1.234067439159861550e+02
2.714948366151700299e+01,5.752749627934342254e-03,2.200000000000000011e-01,2.200000000000000011e-01,1.236340166432588887e+02
2.719948366111222526e+01,2.784171881221754203e-03,2.200000000000000011e-01,2.200000000000000011e-01,1.238612893686917147e+02
2.724948366057116189e+01,5.220203991209097089e-03,2.200000000000000011e-01,2.200000000000000011e-01,1.240885620935050753e+02
2.729948366057116260e+01,4.442559833376343199e-03,2.200000000000000011e-01,2.200000000000000011e-01,1.243158348207777948e+02
2.734948365989477637e+01,2.784200899677637640e-03,2.200000000000000011e-01,2.200000000000000011e-01,1.245431075449760385e+02
2.739948365975266853e+01,6.530416811525545373e-03,2.200000000000000011e-01,2.200000000000000011e-01,1.247703802716028179e+02
2.744948365975266569e+01,3.132395459335860638e-03,2.200000000000000011e-01,2.200000000000000011e-01,1.249976529988755374e+02
2.749948365901925129e+01,3.746208808292727892e-03,2.200000000000000011e-01,2.200000000000000011e-01,1.252249257228145609e+02
2.754948365901925200e+01,5.916626902150299259e-03,2.200000000000000011e-01,2.200000000000000011e-01,1.254521984500872946e+02
2.759948365866351949e+01,2.784235308606288015e-03,2.200000000000000011e-01,2.200000000000000011e-01,1.256794711757430605e+02
2.764948365808764663e+01,5.056369062001699576e-03,2.200000000000000011e-01,2.200000000000000011e-01,1.259067439003981832e+02
2.769948365808764379e+01,4.606493900084719997e-03,2.200000000000000011e-01,2.200000000000000011e-01,1.261340166276708885e+02
2.774948365743348688e+01,2.784246233927295706e-03,2.200000000000000011e-01,2.200000000000000011e-01,1.263612893519701714e+02
2.779948365722971459e+01,6.366510648176660486e-03,2.200000000000000011e-01,2.200000000000000011e-01,1.265885620783166559e+02
2.784948365722971531e+01,3.296366403565479872e-03,2.200000000000000011e-01,2.200000000000000011e-01,1.268158348055893896e+02
2.789948365649168593e+01,3.582262272408282249e-03,2.200000000000000011e-01,2.200000000000000011e-01,1.270431075295074379e+02
2.794948365649169020e+01,6.080616949313066150e-03,2.200000000000000011e-01,2.200000000000000011e-01,1.272703802567801716e+02
2.799948365618841351e+01,2.784249439424160612e-03,2.200000000000000011e-01,2.200000000000000011e-01,1.274976529826743814e+02
2.804948365558106715e+01,4.892389285362091188e-03,2.200000000000000011e-01,2.200000000000000011e-01,1.277249257071864434e+02
2.809948365558107142e+01,4.770482826340290833e-03,2.200000000000000011e-01,2.200000000000000011e-01,1.279521984344591914e+02
2.814948365495251537e+01,2.784242260902649452e-03,2.200000000000000011e-01,2.200000000000000011e-01,1.281794711588748328e+02
2.819948365469042528e+01,6.202517570500080610e-03,2.200000000000000011e-01,2.200000000000000011e-01,1.284067438849562564e+02
2.824948365469041534e+01,3.460334270473023992e-03,2.200000000000000011e-01,2.200000000000000011e-01,1.286340166122289475e+02
2.829948365395114607e+01,3.418278129862720258e-03,2.200000000000000011e-01,2.200000000000000011e-01,1.288612893361413683e+02
2.834948365395114678e+01,6.244554611014610686e-03,2.200000000000000011e-01,2.200000000000000011e-01,1.290885620634141162e+02
2.839948365370368677e+01,2.784214264117218680e-03,2.200000000000000011e-01,2.200000000000000011e-01,1.293158347895620182e+02
2.844948365306825622e+01,4.728429839994951339e-03,2.200000000000000011e-01,2.200000000000000011e-01,1.295431075139464383e+02
2.849948365306825337e+01,4.934361434818393920e-03,2.200000000000000011e-01,2.200000000000000011e-01,1.297703802412191578e+02
2.854948365246866260e+01,2.784188988112279439e-03,2.200000000000000011e-01,2.200000000000000011e-01,1.299976529657664628e+02
2.859948365215164046e+01,6.038602732647472757e-03,2.200000000000000011e-01,2.200000000000000011e-01,1.302249256915981732e+02
2.864948365215164117e+01,3.624133910223296777e-03,2.200000000000000011e-01,2.200000000000000011e-01,1.304521984188709212e+02
2.869948365141449287e+01,3.254421537838764374e-03,2.200000000000000011e-01,2.200000000000000011e-01,1.306794711427929769e+02
2.874948365141449358e+01,6.408274737858591329e-03,2.200000000000000011e-01,2.200000000000000011e-01,1.309067438700656965e+02
2.879948365122614007e+01,2.784129784408370060e-03,2.200000000000000011e-01,2.200000000000000011e-01,1.311340165964822688e+02
2.884948365056601460e+01,4.564655867167161790e-03,2.200000000000000011e-01,2.200000000000000011e-01,1.313612893207544232e+02
2.889948365056602242e+01,5.097964581808615142e-03,2.200000000000000011e-01,2.200000000000000011e-01,1.315885620480271996e+02
2.894948364999870449e+01,2.784086417345246322e-03,2.200000000000000011e-01,2.200000000000000011e-01,1.318158347727212174e+02
2.899948364963020708e+01,5.874931296420532988e-03,2.200000000000000011e-01,2.200000000000000011e-01,1.320431074983189603e+02
2.904948364963020779e+01,1.893801698159218233e-03,2.200000000000000011e-01,2.200000000000000011e-01,1.322703802255916798e+02
2.909948364944728993e+01,1.545430137756881404e-03,2.200000000000000011e-01,2.200000000000000011e-01,1.324976529520329507e+02
2.914948364944728709e+01,6.938893903905761727e-14,2.200000000000000011e-01,2.200000000000000011e-01,1.327249256793056702e+02
2.919948364944729491e+01,1.904726376622423522e-12,2.200000000000000011e-01,2.200000000000000011e-01,1.329521984065784466e+02
2.924948364944728851e+01,1.974115315662086707e-12,2.200000000000000011e-01,2.200000000000000011e-01,1.331794711338511377e+02
2.929948364944728567e+01,3.032296636007514539e-12,2.200000000000000011e-01,2.200000000000000011e-01,1.334067438611238572e+02
2.934948364944728638e+01,3.032296636007514539e-12,2.200000000000000011e-01,2.200000000000000011e-01,1.336340165883965767e+02
2.939948364944728354e+01,6.938893903905761727e-14,2.200000000000000011e-01,2.200000000000000011e-01,1.338612893156692962e+02
2.944948364944729136e+01,1.904726376622423522e-12,2.200000000000000011e-01,2.200000000000000011e-01,1.340885620429420726e+02
2.949948364944728496e+01,1.974115315662086707e-12,2.200000000000000011e-01,2.200000000000000011e-01,1.343158347702147637e+02
2.954948364944728212e+01,3.032296636007514539e-12,2.200000000000000011e-01,2.200000000000000011e-01,1.345431074974874832e+02
2.959948364944728283e+01,3.032296636007514539e-12,2.200000000000000011e-01,2.200000000000000011e-01,1.347703802247602027e+02
2.964948364944727999e+01,1.974115315661481265e-12,2.200000000000000011e-01,2.200000000000000011e-01,1.349976529520329223e+02
2.969948364944728425e+01,5.006411951668390767e-12,2.200000000000000011e-01,2.200000000000000011e-01,1.352249256793056702e+02
2.974948364944728496e+01,2.043504254700873839e-12,2.200000000000000011e-01,2.200000000000000011e-01,1.354521984065783897e+02
2.979948364944728212e+01,1.974115315661784188e-12,2.200000000000000011e-01,2.200000000000000011e-01,1.356794711338511092e+02
2.984948364944728283e+01,5.006411951669157363e-12,2.200000000000000011e-01,2.200000000000000011e-01,1.359067438611238288e+02
2.989948364944727999e+01,5.991734886023543545e-12,2.200000000000000011e-01,2.200000000000000011e-01,1.361340165883965483e+02
2.994948364944728425e+01,5.006411951668390767e-12,2.200000000000000011e-01,2.200000000000000011e-01,1.363612893156692962e+02
2.999948364944728496e+01,3.032296636007514539e-12,2.200000000000000011e-01,2.200000000000000011e-01,1.365885620429420158e+02
3.004948364944728212e+01,0.000000000000000000e+00,2.200000000000000011e-01,2.200000000000000011e-01,1.368158347702147353e+02
3.009948364944727928e+01,2.043504254700560415e-12,2.200000000000000011e-01,2.200000000000000011e-01,1.370431074974874548e+02
3.014948364944728354e+01,2.043504254700560415e-12,2.200000000000000011e-01,2.200000000000000011e-01,1.372703802247602027e+02
3.019948364944728070e+01,9.887923813069448337e-13,2.200000000000000011e-01,2.200000000000000011e-01,1.374976529520329223e+02
3.024948364944727786e+01,1.058181320345872119e-12,2.200000000000000011e-01,2.200000000000000011e-01,1.377249256793056418e+02
3.029948364944728212e+01,2.043504254700560415e-12,2.200000000000000011e-01,2.200000000000000011e-01,1.379521984065783897e+02
3.034948364944727928e+01,2.043504254700560415e-12,2.200000000000000011e-01,2.200000000000000011e-01,1.381794711338511092e+02
3.039948364944728354e+01,2.043504254700560415e-12,2.200000000000000011e-01,2.200000000000000011e-01,1.384067438611238572e+02
3.044948364944728070e+01,9.887923813069448337e-13,2.200000000000000011e-01,2.200000000000000011e-01,1.386340165883965767e+02
3.049948364944727786e+01,1.058181320345872119e-12,2.200000000000000011e-01,2.200000000000000011e-01,1.388612893156692962e+02
3.054948364944728212e+01,2.043504254700560415e-12,2.200000000000000011e-01,2.200000000000000011e-01,1.390885620429420442e+02
3.059948364944727928e+01,2.043504254700560415e-12,2.200000000000000011e-01,2.200000000000000011e-01,1.393158347702147637e+02
3.064948364944728354e+01,2.043504254700560415e-12,2.200000000000000011e-01,2.200000000000000011e-01,1.395431074974875116e+02
3.069948364944728070e+01,9.887923813069448337e-13,2.200000000000000011e-01,2.200000000000000011e-01,1.397703802247602312e+02
3.074948364944727786e+01,1.058181320345872119e-12,2.200000000000000011e-01,2.200000000000000011e-01,1.399976529520329507e+02
3.079948364944728212e+01,2.043504254700560415e-12,2.200000000000000011e-01,2.200000000000000011e-01,1.402249256793056986e+02
3.084948364944727928e+01,2.043504254700560415e-12,2.200000000000000011e-01,2.200000000000000011e-01,1.404521984065784181e+02
3.089948364944728354e+01,2.043504254700560415e-12,2.200000000000000011e-01,2.200000000000000011e-01,1.406794711338511661e+02
3.094948364944728070e+01,9.887923813069448337e-13,2.200000000000000011e-01,2.200000000000000011e-01,1.409067438611238856e+02
3.099948364944727786e+01,1.058181320345872119e-12,2.200000000000000011e-01,2.200000000000000011e-01,1.411340165883966051e+02
3.104948364944728212e+01,4.017619570361436240e-12,2.200000000000000011e-01,2.200000000000000011e-01,1.413612893156693531e+02
3.109948364944728638e+01,5.006411951668390767e-12,2.200000000000000011e-01,2.200000000000000011e-01,1.415885620429421010e+02
3.114948364944728709e+01,3.032296636007514539e-12,2.200000000000000011e-01,2.200000000000000011e-01,1.418158347702148205e+02
3.119948364944728425e+01,1.974115315662086707e-12,2.200000000000000011e-01,2.200000000000000011e-01,1.420431074974875401e+02
3.124948364944727786e+01,6.938893903907892283e-14,2.200000000000000011e-01,2.200000000000000011e-01,1.422703802247602312e+02
3.129948364944728212e+01,4.017619570361436240e-12,2.200000000000000011e-01,2.200000000000000011e-01,1.424976529520329791e+02
3.134948364944728638e+01,5.006411951668390767e-12,2.200000000000000011e-01,2.200000000000000011e-01,1.427249256793057270e+02
3.139948364944728709e+01,3.032296636007514539e-12,2.200000000000000011e-01,2.200000000000000011e-01,1.429521984065784466e+02
3.144948364944728425e+01,1.974115315662086707e-12,2.200000000000000011e-01,2.200000000000000011e-01,1.431794711338511661e+02
3.149948364944727786e+01,6.938893903907892283e-14,2.200000000000000011e-01,2.200000000000000011e-01,1.434067438611238572e+02
3.154948364944728212e+01,4.017619570361436240e-12,2.200000000000000011e-01,2.200000000000000011e-01,1.436340165883966051e+02
3.159948364944728638e+01,2.962907696968425695e-12,2.200000000000000011e-01,2.200000000000000011e-01,1.438612893156693531e+02
3.164948364944728354e+01,1.058181320345872119e-12,2.200000000000000011e-01,2.200000000000000011e-01,1.440885620429420726e+02
3.169948364944728780e+01,6.938893903907892283e-14,2.200000000000000011e-01,2.200000000000000011e-01,1.443158347702148205e+02
3.174948364944728141e+01,6.938893903907892283e-14,2.200000000000000011e-01,2.200000000000000011e-01,1.445431074974875116e+02
3.179948364944728567e+01,4.017619570361436240e-12,2.200000000000000011e-01,2.200000000000000011e-01,1.447703802247602596e+02
3.184948364944728993e+01,1.584574178239613884e+00,2.200000000000000011e-01,2.200000000000000011e-01,1.449976529520330075e+02
3.189939371006297364e+01,4.692896581222781194e+00,2.130880113576762436e-01,2.130880113576762436e-01,1.452281375616587695e+02
3.194926060997259043e+01,5.036362480458156377e+00,1.985560022496693500e-01,1.985560022496693500e-01,1.454704192334976085e+02
3.199913353084249223e+01,4.101572151502706376e+00,2.200000000000000011e-01,2.200000000000000011e-01,1.457087286621133444e+02
3.204909613358095299e+01,6.436956658197978687e-01,2.200000000000000011e-01,2.200000000000000011e-01,1.459358314018336387e+02
3.209909613358095015e+01,0.000000000000000000e+00,2.200000000000000011e-01,2.200000000000000011e-01,1.461631041291063582e+02
3.214909613358094731e+01,1.652176560689531115e+00,2.200000000000000011e-01,2.200000000000000011e-01,1.463903768563790777e+02
3.219895610497630400e+01,6.544535662912044138e+00,1.527992284719313365e-01,1.527992284719313365e-01,1.466578665268900750e+02
3.224867125558824199e+01,7.060492530293390523e+00,1.416331786641584489e-01,1.416331786641584489e-01,1.469955681480907401e+02
3.229845100283408499e+01,3.279966442680118277e+00,2.200000000000000011e-01,2.200000000000000011e-01,1.472708733478499141e+02
3.234845080643185611e+01,1.181603071249060811e-02,2.200000000000000011e-01,2.200000000000000011e-01,1.474981451823852296e+02
3.239845080643185327e+01,1.365086466885780947e+00,2.200000000000000011e-01,2.200000000000000011e-01,1.477254179096579492e+02
3.244840414108936244e+01,3.063579567986707719e+00,2.200000000000000011e-01,2.200000000000000011e-01,1.479524785217375324e+02
3.249835287400188122e+01,3.071453014013525884e+00,2.200000000000000011e-01,2.200000000000000011e-01,1.481795182167944347e+02
3.254830568187136919e+01,1.467483225138184411e+00,2.200000000000000011e-01,2.200000000000000011e-01,1.484065764343830267e+02
3.259830568187136635e+01,2.788567987632992458e-12,2.200000000000000011e-01,2.200000000000000011e-01,1.486338491616557462e+02
3.264830568187136350e+01,5.516420653605865888e-13,2.200000000000000011e-01,2.200000000000000011e-01,1.488611218889284658e+02
3.269830568187136777e+01,3.339342691254984899e-12,2.200000000000000011e-01,2.200000000000000011e-01,1.490883946162012137e+02
3.274830568187136492e+01,3.339342691254984899e-12,2.200000000000000011e-01,2.200000000000000011e-01,1.493156673434739332e+02
3.279830568187136919e+01,3.890984756616362823e-12,2.200000000000000011e-01,2.200000000000000011e-01,1.495429400707466812e+02
3.284830568187135924e+01,3.339342691256381978e-12,2.200000000000000011e-01,2.200000000000000011e-01,1.497702127980193723e+02
3.289830568187135640e+01,5.516420653605865888e-13,2.200000000000000011e-01,2.200000000000000011e-01,1.499974855252920918e+02
3.294830568187136066e+01,3.339342691254984899e-12,2.200000000000000011e-01,2.200000000000000011e-01,1.502247582525648397e+02
3.299830568187135782e+01,3.339342691254984899e-12,2.200000000000000011e-01,2.200000000000000011e-01,1.504520309798375592e+02
3.304830568187136208e+01,3.339342691254984899e-12,2.200000000000000011e-01,2.200000000000000011e-01,1.506793037071103072e+02
3.309830568187135924e+01,2.788567987632992458e-12,2.200000000000000011e-01,2.200000000000000011e-01,1.509065764343830267e+02
3.314830568187135640e+01,0.000000000000000000e+00,2.200000000000000011e-01,2.200000000000000011e-01,1.511338491616557462e+02
3.319830568187135356e+01,2.788567987632992458e-12,2.200000000000000011e-01,2.200000000000000011e-01,1.513611218889284658e+02
3.324830568187135071e+01,3.339342691254984899e-12,2.200000000000000011e-01,2.200000000000000011e-01,1.515883946162011853e+02
3.329830568187135498e+01,5.507747036225982862e-13,2.200000000000000011e-01,2.200000000000000011e-01,1.518156673434739332e+02
3.334830568187135214e+01,2.788567987632992458e-12,2.200000000000000011e-01,2.200000000000000011e-01,1.520429400707466527e+02
3.339830568187134929e+01,3.339342691254984899e-12,2.200000000000000011e-01,2.200000000000000011e-01,1.522702127980193723e+02
3.344830568187135356e+01,3.339342691254984899e-12,2.200000000000000011e-01,2.200000000000000011e-01,1.524974855252921202e+02
3.349830568187135071e+01,2.788567987632992458e-12,2.200000000000000011e-01,2.200000000000000011e-01,1.527247582525648397e+02
3.354830568187134787e+01,0.000000000000000000e+00,2.200000000000000011e-01,2.200000000000000011e-01,1.529520309798375592e+02
3.359830568187134503e+01,2.788567987632992458e-12,2.200000000000000011e-01,2.200000000000000011e-01,1.531793037071102788e+02
3.364830568187134219e+01,3.339342691254984899e-12,2.200000000000000011e-01,2.200000000000000011e-01,1.534065764343829983e+02
3.369830568187134645e+01,3.339342691254984899e-12,2.200000000000000011e-01,2.200000000000000011e-01,1.536338491616557462e+02
3.374830568187134361e+01,3.339342691254984899e-12,2.200000000000000011e-01,2.200000000000000011e-01,1.538611218889284658e+02
3.379830568187134787e+01,5.507747036225982862e-13,2.200000000000000011e-01,2.200000000000000011e-01,1.540883946162012137e+02
3.384830568187134503e+01,3.339342691256381978e-12,2.200000000000000011e-01,2.200000000000000011e-01,1.543156673434739332e+02
3.389830568187133508e+01,3.890984756616362823e-12,2.200000000000000011e-01,2.200000000000000011e-01,1.545429400707466243e+02
3.394830568187133935e+01,3.339342691254984899e-12,2.200000000000000011e-01,2.200000000000000011e-01,1.547702127980193723e+02
3.399830568187133650e+01,3.339342691254984899e-12,2.200000000000000011e-01,2.200000000000000011e-01,1.549974855252920918e+02
3.404830568187134077e+01,5.507747036225982862e-13,2.200000000000000011e-01,2.200000000000000011e-01,1.552247582525648397e+02
3.409830568187133792e+01,2.788567987632992458e-12,2.200000000000000011e-01,2.200000000000000011e-01,1.554520309798375592e+02
3.414830568187133508e+01,3.339342691254984899e-12,2.200000000000000011e-01,2.200000000000000011e-01,1.556793037071102788e+02
3.419830568187133935e+01,5.507747036225982862e-13,2.200000000000000011e-01,2.200000000000000011e-01,1.559065764343830267e+02
3.424830568187133650e+01,2.788567987632992458e-12,2.200000000000000011e-01,2.200000000000000011e-01,1.561338491616557462e+02
3.429830568187133366e+01,2.788567987632992458e-12,2.200000000000000011e-01,2.200000000000000011e-01,1.563611218889284658e+02
3.434830568187133082e+01,2.788567987632992458e-12,2.200000000000000011e-01,2.200000000000000011e-01,1.565883946162011853e+02
3.439830568187132798e+01,3.339342691254984899e-12,2.200000000000000011e-01,2.200000000000000011e-01,1.568156673434739048e+02
3.444830568187133224e+01,5.507747036225982862e-13,2.200000000000000011e-01,2.200000000000000011e-01,1.570429400707466527e+02
3.449830568187132940e+01,2.236925922271845967e-12,2.200000000000000011e-01,2.200000000000000011e-01,1.572702127980193723e+02
3.454830568187133366e+01,1.686151218649623103e-12,2.200000000000000011e-01,2.200000000000000011e-01,1.574974855252921202e+02
3.459830568187132371e+01,2.236925922272781392e-12,2.200000000000000011e-01,2.200000000000000011e-01,1.577247582525648113e+02
3.464830568187132087e+01,3.339342691254984899e-12,2.200000000000000011e-01,2.200000000000000011e-01,1.579520309798375308e+02
3.469830568187132513e+01,5.507747036225982862e-13,2.200000000000000011e-01,2.200000000000000011e-01,1.581793037071102788e+02
3.474830568187132229e+01,2.236925922271845967e-12,2.200000000000000011e-01,2.200000000000000011e-01,1.584065764343829983e+02
3.479830568187132656e+01,2.236925922271845967e-12,2.200000000000000011e-01,2.200000000000000011e-01,1.586338491616557462e+02
3.484830568187132371e+01,2.788567987632992458e-12,2.200000000000000011e-01,2.200000000000000011e-01,1.588611218889284658e+02
3.489830568187132087e+01,3.339342691254984899e-12,2.200000000000000011e-01,2.200000000000000011e-01,1.590883946162011853e+02
3.494830568187132513e+01,1.102416768983415601e-12,2.200000000000000011e-01,2.200000000000000011e-01,1.593156673434739332e+02
3.499830568187131519e+01,1.686151218649623103e-12,2.200000000000000011e-01,2.200000000000000011e-01,1.595429400707466243e+02
3.504830568187131945e+01,2.236925922271845967e-12,2.200000000000000011e-01,2.200000000000000011e-01,1.597702127980193723e+02
3.509830568187131661e+01,0.000000000000000000e+00,2.200000000000000011e-01,2.200000000000000011e-01,1.599974855252920918e+02
3.514830568187131377e+01,2.236925922271845967e-12,2.200000000000000011e-01,2.200000000000000011e-01,1.602247582525648113e+02
3.519830568187131803e+01,2.236925922271845967e-12,2.200000000000000011e-01,2.200000000000000011e-01,1.604520309798375592e+02
3.524830568187131519e+01,2.236925922271845967e-12,2.200000000000000011e-01,2.200000000000000011e-01,1.606793037071102788e+02
3.529830568187131945e+01,1.686151218649623103e-12,2.200000000000000011e-01,2.200000000000000011e-01,1.609065764343830267e+02
3.534830568187130950e+01,5.507747036228288103e-13,2.200000000000000011e-01,2.200000000000000011e-01,1.611338491616557178e+02
3.539830568187130666e+01,2.236925922271845967e-12,2.200000000000000011e-01,2.200000000000000011e-01,1.613611218889284373e+02
3.544830568187131092e+01,2.236925922271845967e-12,2.200000000000000011e-01,2.200000000000000011e-01,1.615883946162011853e+02
3.549830568187130808e+01,2.236925922271845967e-12,2.200000000000000011e-01,2.200000000000000011e-01,1.618156673434739048e+02
3.554830568187131234e+01,2.236925922271845967e-12,2.200000000000000011e-01,2.200000000000000011e-01,1.620429400707466527e+02
3.559830568187130950e+01,0.000000000000000000e+00,2.200000000000000011e-01,2.200000000000000011e-01,1.622702127980193723e+02
3.564830568187130666e+01,2.788567987632992458e-12,2.200000000000000011e-01,2.200000000000000011e-01,1.624974855252920918e+02
3.569830568187130382e+01,2.788567987632992458e-12,2.200000000000000011e-01,2.200000000000000011e-01,1.627247582525648113e+02
3.574830568187130098e+01,2.236925922271845967e-12,2.200000000000000011e-01,2.200000000000000011e-01,1.629520309798375308e+02
3.579830568187130524e+01,2.236925922271845967e-12,2.200000000000000011e-01,2.200000000000000011e-01,1.631793037071102788e+02
3.584830568187130240e+01,0.000000000000000000e+00,2.200000000000000011e-01,2.200000000000000011e-01,1.634065764343829983e+02
3.589830568187129956e+01,2.236925922271845967e-12,2.200000000000000011e-01,2.200000000000000011e-01,1.636338491616557178e+02
3.594830568187130382e+01,2.236925922271845967e-12,2.200000000000000011e-01,2.200000000000000011e-01,1.638611218889284658e+02
3.599830568187130098e+01,2.788567987632992458e-12,2.200000000000000011e-01,2.200000000000000011e-01,1.640883946162011853e+02
3.604830568187129813e+01,2.788567987632992458e-12,2.200000000000000011e-01,2.200000000000000011e-01,1.643156673434739048e+02
3.609830568187129529e+01,0.000000000000000000e+00,2.200000000000000011e-01,2.200000000000000011e-01,1.645429400707466243e+02
3.614830568187129245e+01,2.236925922271845967e-12,2.200000000000000011e-01,2.200000000000000011e-01,1.647702127980193438e+02
3.619830568187129671e+01,2.236925922271845967e-12,2.200000000000000011e-01,2.200000000000000011e-01,1.649974855252920918e+02
3.624830568187129387e+01,2.236925922271845967e-12,2.200000000000000011e-01,2.200000000000000011e-01,1.652247582525648113e+02
3.629830568187129813e+01,2.236925922271845967e-12,2.200000000000000011e-01,2.200000000000000011e-01,1.654520309798375592e+02
3.634830568187129529e+01,0.000000000000000000e+00,2.200000000000000011e-01,2.200000000000000011e-01,1.656793037071102788e+02
3.639830568187129245e+01,2.788567987632992458e-12,2.200000000000000011e-01,2.200000000000000011e-01,1.659065764343829983e+02
3.644830568187128961e+01,2.788567987632992458e-12,2.200000000000000011e-01,2.200000000000000011e-01,1.661338491616557178e+02
3.649830568187128677e+01,2.236925922271845967e-12,2.200000000000000011e-01,2.200000000000000011e-01,1.663611218889284373e+02
3.654830568187129103e+01,2.236925922271845967e-12,2.200000000000000011e-01,2.200000000000000011e-01,1.665883946162011853e+02
3.659830568187128819e+01,0.000000000000000000e+00,2.200000000000000011e-01,2.200000000000000011e-01,1.668156673434739048e+02
3.664830568187128534e+01,2.236925922271845967e-12,2.200000000000000011e-01,2.200000000000000011e-01,1.670429400707466243e+02
3.669830568187128961e+01,1.686151218649623103e-12,2.200000000000000011e-01,2.200000000000000011e-01,1.672702127980193723e+02
3.674830568187127966e+01,1.101549407245426995e-12,2.200000000000000011e-01,2.200000000000000011e-01,1.674974855252920634e+02
3.679830568187128392e+01,3.339342691254984899e-12,2.200000000000000011e-01,2.200000000000000011e-01,1.677247582525648113e+02
3.684830568187128108e+01,2.788567987632992458e-12,2.200000000000000011e-01,2.200000000000000011e-01,1.679520309798375308e+02
3.689830568187127824e+01,2.236925922271845967e-12,2.200000000000000011e-01,2.200000000000000011e-01,1.681793037071102503e+02
3.694830568187128250e+01,2.236925922271845967e-12,2.200000000000000011e-01,2.200000000000000011e-01,1.684065764343829983e+02
3.699830568187127966e+01,5.516420653605865888e-13,2.200000000000000011e-01,2.200000000000000011e-01,1.686338491616557178e+02
3.704830568187128392e+01,3.339342691254984899e-12,2.200000000000000011e-01,2.200000000000000011e-01,1.688611218889284658e+02
3.709830568187128108e+01,2.236925922272781392e-12,2.200000000000000011e-01,2.200000000000000011e-01,1.690883946162011853e+02
3.714830568187127113e+01,1.686151218649623103e-12,2.200000000000000011e-01,2.200000000000000011e-01,1.693156673434738764e+02
3.719830568187127540e+01,2.236925922271845967e-12,2.200000000000000011e-01,2.200000000000000011e-01,1.695429400707466243e+02
3.724830568187127255e+01,5.516420653605865888e-13,2.200000000000000011e-01,2.200000000000000011e-01,1.697702127980193438e+02
3.729830568187127682e+01,3.339342691254984899e-12,2.200000000000000011e-01,2.200000000000000011e-01,1.699974855252920918e+02
3.734830568187127398e+01,2.788567987632992458e-12,2.200000000000000011e-01,2.200000000000000011e-01,1.702247582525648113e+02
3.739830568187127113e+01,2.788567987632992458e-12,2.200000000000000011e-01,2.200000000000000011e-01,1.704520309798375308e+02
3.744830568187126829e+01,2.788567987632992458e-12,2.200000000000000011e-01,2.200000000000000011e-01,1.706793037071102503e+02
3.749830568187126545e+01,5.516420653605865888e-13,2.200000000000000011e-01,2.200000000000000011e-01,1.709065764343829699e+02
3.754830568187126971e+01,3.339342691254984899e-12,2.200000000000000011e-01,2.200000000000000011e-01,1.711338491616557178e+02
3.759830568187126687e+01,2.788567987632992458e-12,2.200000000000000011e-01,2.200000000000000011e-01,1.713611218889284373e+02
3.764830568187126403e+01,2.236925922271845967e-12,2.200000000000000011e-01,2.200000000000000011e-01,1.715883946162011569e+02
3.769830568187126829e+01,2.236925922271845967e-12,2.200000000000000011e-01,2.200000000000000011e-01,1.718156673434739048e+02
3.774830568187126545e+01,5.516420653605865888e-13,2.200000000000000011e-01,2.200000000000000011e-01,1.720429400707466243e+02
3.779830568187126971e+01,3.890984756616362823e-12,2.200000000000000011e-01,2.200000000000000011e-01,1.722702127980193723e+02
3.784830568187125976e+01,3.339342691256381978e-12,2.200000000000000011e-01,2.200000000000000011e-01,1.724974855252920634e+02
3.789830568187125692e+01,5.516420653605865888e-13,2.200000000000000011e-01,2.200000000000000011e-01,1.727247582525647829e+02
3.794830568187126119e+01,3.339342691254984899e-12,2.200000000000000011e-01,2.200000000000000011e-01,1.729520309798375308e+02
3.799830568187125834e+01,3.339342691254984899e-12,2.200000000000000011e-01,2.200000000000000011e-01,1.731793037071102503e+02
3.804830568187126261e+01,3.339342691254984899e-12,2.200000000000000011e-01,2.200000000000000011e-01,1.734065764343829983e+02
3.809830568187125976e+01,2.788567987632992458e-12,2.200000000000000011e-01,2.200000000000000011e-01,1.736338491616557178e+02
3.814830568187125692e+01,5.516420653605865888e-13,2.200000000000000011e-01,2.200000000000000011e-01,1.738611218889284373e+02
3.819830568187126119e+01,3.890984756616362823e-12,2.200000000000000011e-01,2.200000000000000011e-01,1.740883946162011853e+02
3.824830568187125124e+01,3.890984756616362823e-12,2.200000000000000011e-01,2.200000000000000011e-01,1.743156673434738764e+02
3.829830568187125550e+01,3.339342691254984899e-12,2.200000000000000011e-01,2.200000000000000011e-01,1.745429400707466243e+02
3.834830568187125266e+01,3.339342691254984899e-12,2.200000000000000011e-01,2.200000000000000011e-01,1.747702127980193438e+02
3.839830568187125692e+01,5.507747036225982862e-13,2.200000000000000011e-01,2.200000000000000011e-01,1.749974855252920918e+02
3.844830568187125408e+01,2.788567987632992458e-12,2.200000000000000011e-01,2.200000000000000011e-01,1.752247582525648113e+02
3.849830568187125124e+01,2.788567987632992458e-12,2.200000000000000011e-01,2.200000000000000011e-01,1.754520309798375308e+02
3.854830568187124840e+01,0.000000000000000000e+00,2.200000000000000011e-01,2.200000000000000011e-01,1.756793037071102503e+02
3.859830568187124555e+01,2.236925922271845967e-12,2.200000000000000011e-01,2.200000000000000011e-01,1.759065764343829699e+02
3.864830568187124982e+01,2.236925922271845967e-12,2.200000000000000011e-01,2.200000000000000011e-01,1.761338491616557178e+02
3.869830568187124697e+01,2.788567987632992458e-12,2.200000000000000011e-01,2.200000000000000011e-01,1.763611218889284373e+02
3.874830568187124413e+01,3.339342691254984899e-12,2.200000000000000011e-01,2.200000000000000011e-01,1.765883946162011569e+02
3.879830568187124840e+01,5.507747036225982862e-13,2.200000000000000011e-01,2.200000000000000011e-01,1.768156673434739048e+02
3.884830568187124555e+01,2.236925922271845967e-12,2.200000000000000011e-01,2.200000000000000011e-01,1.770429400707466243e+02
3.889830568187124982e+01,1.686151218649623103e-12,2.200000000000000011e-01,2.200000000000000011e-01,1.772702127980193723e+02
3.894830568187123987e+01,2.236925922272781392e-12,2.200000000000000011e-01,2.200000000000000011e-01,1.774974855252920634e+02
3.899830568187123703e+01,3.339342691254984899e-12,2.200000000000000011e-01,2.200000000000000011e-01,1.777247582525647829e+02
3.904830568187124129e+01,5.507747036225982862e-13,2.200000000000000011e-01,2.200000000000000011e-01,1.779520309798375308e+02
3.909830568187123845e+01,2.236925922271845967e-12,2.200000000000000011e-01,2.200000000000000011e-01,1.781793037071102503e+02
3.914830568187124271e+01,2.236925922271845967e-12,2.200000000000000011e-01,2.200000000000000011e-01,1.784065764343829983e+02
3.919830568187123987e+01,2.788567987632992458e-12,2.200000000000000011e-01,2.200000000000000011e-01,1.786338491616557178e+02
3.924830568187123703e+01,2.788567987632992458e-12,2.200000000000000011e-01,2.200000000000000011e-01,1.788611218889284373e+02
3.929830568187123419e+01,0.000000000000000000e+00,2.200000000000000011e-01,2.200000000000000011e-01,1.790883946162011569e+02
3.934830568187123134e+01,2.236925922271845967e-12,2.200000000000000011e-01,2.200000000000000011e-01,1.793156673434738764e+02
3.939830568187123561e+01,2.236925922271845967e-12,2.200000000000000011e-01,2.200000000000000011e-01,1.795429400707466243e+02
3.944830568187123276e+01,0.000000000000000000e+00,2.200000000000000011e-01,2.200000000000000011e-01,1.797702127980193438e+02
3.949830568187122992e+01,2.236925922271845967e-12,2.200000000000000011e-01,2.200000000000000011e-01,1.799974855252920634e+02
3.954830568187123419e+01,1.686151218649623103e-12,2.200000000000000011e-01,2.200000000000000011e-01,1.802247582525648113e+02
3.959830568187122424e+01,1.686151218649623103e-12,2.200000000000000011e-01,2.200000000000000011e-01,1.804520309798375024e+02
3.964830568187122850e+01,2.236925922271845967e-12,2.200000000000000011e-01,2.200000000000000011e-01,1.806793037071102503e+02
3.969830568187122566e+01,0.000000000000000000e+00,2.200000000000000011e-01,2.200000000000000011e-01,1.809065764343829699e+02
3.974830568187122282e+01,2.236925922271845967e-12,2.200000000000000011e-01,2.200000000000000011e-01,1.811338491616556894e+02
3.979830568187122708e+01,2.236925922271845967e-12,2.200000000000000011e-01,2.200000000000000011e-01,1.813611218889284373e+02
3.984830568187122424e+01,2.236925922271845967e-12,2.200000000000000011e-01,2.200000000000000011e-01,1.815883946162011569e+02
3.989830568187122850e+01,2.236925922271845967e-12,2.200000000000000011e-01,2.200000000000000011e-01,1.818156673434739048e+02
3.994830568187122566e+01,5.507747036228288103e-13,2.200000000000000011e-01,2.200000000000000011e-01,1.820429400707466243e+02
3.999830568187121571e+01,1.686151218649623103e-12,2.200000000000000011e-01,2.200000000000000011e-01,1.822702127980193154e+02
4.004830568187121997e+01,2.236925922271845967e-12,2.200000000000000011e-01,2.200000000000000011e-01,1.824974855252920634e+02
4.009830568187121713e+01,2.236925922271845967e-12,2.200000000000000011e-01,2.200000000000000011e-01,1.827247582525647829e+02
4.014830568187122140e+01,2.236925922271845967e-12,2.200000000000000011e-01,2.200000000000000011e-01,1.829520309798375308e+02
4.019830568187121855e+01,0.000000000000000000e+00,2.200000000000000011e-01,2.200000000000000011e-01,1.831793037071102503e+02
4.024830568187121571e+01,2.236925922271845967e-12,2.200000000000000011e-01,2.200000000000000011e-01,1.834065764343829699e+02
4.029830568187121997e+01,1.686151218649623103e-12,2.200000000000000011e-01,2.200000000000000011e-01,1.836338491616557178e+02
4.034830568187121003e+01,1.686151218649623103e-12,2.200000000000000011e-01,2.200000000000000011e-01,1.838611218889284089e+02
4.039830568187121429e+01,2.236925922271845967e-12,2.200000000000000011e-01,2.200000000000000011e-01,1.840883946162011569e+02
4.044830568187121145e+01,0.000000000000000000e+00,2.200000000000000011e-01,2.200000000000000011e-01,1.843156673434738764e+02
4.049830568187120861e+01,2.236925922271845967e-12,2.200000000000000011e-01,2.200000000000000011e-01,1.845429400707465959e+02
4.054830568187121287e+01,2.236925922271845967e-12,2.200000000000000011e-01,2.200000000000000011e-01,1.847702127980193438e+02
4.059830568187121003e+01,2.236925922271845967e-12,2.200000000000000011e-01,2.200000000000000011e-01,1.849974855252920634e+02
4.064830568187121429e+01,1.686151218649623103e-12,2.200000000000000011e-01,2.200000000000000011e-01,1.852247582525648113e+02
4.069830568187120434e+01,5.507747036228288103e-13,2.200000000000000011e-01,2.200000000000000011e-01,1.854520309798375024e+02
4.074830568187120150e+01,2.236925922271845967e-12,2.200000000000000011e-01,2.200000000000000011e-01,1.856793037071102219e+02
4.079830568187120576e+01,2.236925922271845967e-12,2.200000000000000011e-01,2.200000000000000011e-01,1.859065764343829699e+02
4.084830568187120292e+01,2.236925922271845967e-12,2.200000000000000011e-01,2.200000000000000011e-01,1.861338491616556894e+02
4.089830568187120718e+01,2.236925922271845967e-12,2.200000000000000011e-01,2.200000000000000011e-01,1.863611218889284373e+02
4.094830568187120434e+01,0.000000000000000000e+00,2.200000000000000011e-01,2.200000000000000011e-01,1.865883946162011569e+02
4.099830568187120150e+01,2.236925922271845967e-12,2.200000000000000011e-01,2.200000000000000011e-01,1.868156673434738764e+02
4.104830568187120576e+01,5.310168004398765212e-02,2.200000000000000011e-01,2.200000000000000011e-01,1.870429400707466243e+02
4.109830531650633390e+01,4.981369659831321739e-01,2.200000000000000011e-01,2.200000000000000011e-01,1.872702111372699108e+02
4.114830330039804807e+01,6.023958470770683915e-01,2.200000000000000011e-01,2.200000000000000011e-01,1.874974747004140738e+02
4.119830128928998647e+01,6.105481797736670435e-01,2.200000000000000011e-01,2.200000000000000011e-01,1.877247382862865095e+02
4.124829924158930794e+01,6.050186669572892306e-01,2.200000000000000011e-01,2.200000000000000011e-01,1.879520017058288772e+02
4.129829722561977690e+01,6.101297695030259982e-01,2.200000000000000011e-01,2.200000000000000011e-01,1.881792652696037464e+02
4.134829519650607921e+01,6.010467208001347705e-01,2.200000000000000011e-01,2.200000000000000011e-01,1.884065287736323739e+02
4.139829321238367044e+01,3.205020542855708809e-01,2.200000000000000011e-01,2.200000000000000011e-01,1.886337924821668821e+02
4.144829320310883247e+01,2.297389281821278929e-03,2.200000000000000011e-01,2.200000000000000011e-01,1.888610651672812537e+02
4.149829320310882963e+01,0.000000000000000000e+00,2.200000000000000011e-01,2.200000000000000011e-01,1.890883378945539732e+02
4.154829320310883389e+01,0.000000000000000000e+00,2.200000000000000011e-01,2.200000000000000011e-01,1.893156106218267212e+02
4.159829320310883105e+01,0.000000000000000000e+00,2.200000000000000011e-01,2.200000000000000011e-01,1.895428833490994407e+02
4.164829320310883531e+01,0.000000000000000000e+00,2.200000000000000011e-01,2.200000000000000011e-01,1.897701560763721886e+02
4.169829320310883247e+01,0.000000000000000000e+00,2.200000000000000011e-01,2.200000000000000011e-01,1.899974288036449082e+02
4.174829320310882963e+01,0.000000000000000000e+00,2.200000000000000011e-01,2.200000000000000011e-01,1.902247015309176277e+02
4.179829320310883389e+01,0.000000000000000000e+00,2.200000000000000011e-01,2.200000000000000011e-01,1.904519742581903756e+02
4.184829320310883105e+01,0.000000000000000000e+00,2.200000000000000011e-01,2.200000000000000011e-01,1.906792469854630951e+02
4.189829320310883531e+01,0.000000000000000000e+00,2.200000000000000011e-01,2.200000000000000011e-01,1.909065197127358431e+02
4.194829320310883247e+01,0.000000000000000000e+00,2.200000000000000011e-01,2.200000000000000011e-01,1.911337924400085626e+02
4.199829320310882963e+01,0.000000000000000000e+00,2.200000000000000011e-01,2.200000000000000011e-01,1.913610651672812821e+02
4.204829320310883389e+01,0.000000000000000000e+00,2.200000000000000011e-01,2.200000000000000011e-01,1.915883378945540301e+02
4.209829320310883105e+01,0.000000000000000000e+00,2.200000000000000011e-01,2.200000000000000011e-01,1.918156106218267496e+02
4.214829320310883531e+01,0.000000000000000000e+00,2.200000000000000011e-01,2.200000000000000011e-01,1.920428833490994975e+02
4.219829320310883247e+01,0.000000000000000000e+00,2.200000000000000011e-01,2.200000000000000011e-01,1.922701560763722171e+02
4.224829320310882963e+01,0.000000000000000000e+00,2.200000000000000011e-01,2.200000000000000011e-01,1.924974288036449366e+02
4.229829320310883389e+01,0.000000000000000000e+00,2.200000000000000011e-01,2.200000000000000011e-01,1.927247015309176845e+02
4.233831046190596226e+01,0.000000000000000000e+00,2.200000000000000011e-01,0.000000000000000000e+00,1.930884947927097528e+02
