s_m,curvature_1pm,temporary_center_distance_m,temporary_available_clearance_m,curvature_limit_mps,operating_zone_limit_mps,combined_limit_mps,nominal_velocity_mps,safety_velocity_mps,nominal_time_s,safety_time_s
0.000000000000000000e+00,0.000000000000000000e+00,2.571478128433227539e+00,2.338754177093505859e+00,2.200000000000000011e-01,1.760000000000000175e-01,1.760000000000000175e-01,0.000000000000000000e+00,0.000000000000000000e+00,0.000000000000000000e+00,0.000000000000000000e+00
5.000000000000085626e-02,0.000000000000000000e+00,2.521908998489379883e+00,2.289185047149658203e+00,2.200000000000000011e-01,1.760000000000000175e-01,1.760000000000000175e-01,1.760000000000000175e-01,1.760000000000000175e-01,5.681818181818278912e-01,5.681818181818278912e-01
1.000000000000017125e-01,4.857225732735297154e-13,2.472261428833007812e+00,2.239537477493286133e+00,2.200000000000000011e-01,1.760000000000000175e-01,1.760000000000000175e-01,1.760000000000000175e-01,1.760000000000000175e-01,8.522727272727418368e-01,8.522727272727418368e-01
1.499999999999992450e-01,4.857225732735297154e-13,2.422553539276123047e+00,2.189829587936401367e+00,2.200000000000000011e-01,1.760000000000000175e-01,1.760000000000000175e-01,1.760000000000000175e-01,1.760000000000000175e-01,1.136363636363636687e+00,1.136363636363636687e+00
2.000000000000000944e-01,6.678685382510487190e-13,2.373024225234985352e+00,2.140300273895263672e+00,2.200000000000000011e-01,1.760000000000000175e-01,1.760000000000000175e-01,1.760000000000000175e-01,1.760000000000000175e-01,1.420454545454550743e+00,1.420454545454550743e+00
2.500000000000003331e-01,6.678685382510487190e-13,2.323413610458374023e+00,2.090689659118652344e+00,2.200000000000000011e-01,1.760000000000000175e-01,1.760000000000000175e-01,1.760000000000000175e-01,1.760000000000000175e-01,1.704545454545461247e+00,1.704545454545461247e+00
3.000000000000012101e-01,4.857225732735297154e-13,2.273763179779052734e+00,2.041039228439331055e+00,2.200000000000000011e-01,1.760000000000000175e-01,1.760000000000000175e-01,1.760000000000000175e-01,1.760000000000000175e-01,1.988636363636375304e+00,1.988636363636375304e+00
3.499999999999987566e-01,1.153591111524654266e-12,2.224281549453735352e+00,1.991557598114013672e+00,2.200000000000000011e-01,1.760000000000000175e-01,1.760000000000000175e-01,1.760000000000000175e-01,1.760000000000000175e-01,2.272727272727270265e+00,2.272727272727270265e+00
3.999999999999990230e-01,6.678685382510487190e-13,2.174716472625732422e+00,1.941992521286010742e+00,2.200000000000000011e-01,1.760000000000000175e-01,1.760000000000000175e-01,1.760000000000000175e-01,1.760000000000000175e-01,2.556818181818180769e+00,2.556818181818180769e+00
4.499999999999999001e-01,0.000000000000000000e+00,2.125134944915771484e+00,1.892410993576049805e+00,2.200000000000000011e-01,1.760000000000000175e-01,1.760000000000000175e-01,1.760000000000000175e-01,1.760000000000000175e-01,2.840909090909094825e+00,2.840909090909094825e+00
5.000000000000007772e-01,0.000000000000000000e+00,2.075711488723754883e+00,1.842987537384033203e+00,2.200000000000000011e-01,1.760000000000000175e-01,1.760000000000000175e-01,1.760000000000000175e-01,1.760000000000000175e-01,3.125000000000008882e+00,3.125000000000008882e+00
5.500000000000015987e-01,4.857225732735297154e-13,2.026202440261840820e+00,1.793478488922119141e+00,2.200000000000000011e-01,1.760000000000000175e-01,1.760000000000000175e-01,1.760000000000000175e-01,1.760000000000000175e-01,3.409090909090922938e+00,3.409090909090922938e+00
5.999999999999990896e-01,4.857225732735297154e-13,1.976703524589538574e+00,1.743979573249816895e+00,2.200000000000000011e-01,1.760000000000000175e-01,1.760000000000000175e-01,1.760000000000000175e-01,1.760000000000000175e-01,3.693181818181817899e+00,3.693181818181817899e+00
6.499999999999999112e-01,3.348016308635096833e-13,1.927352070808410645e+00,1.694628119468688965e+00,2.200000000000000011e-01,1.760000000000000175e-01,1.760000000000000175e-01,1.760000000000000175e-01,1.760000000000000175e-01,3.977272727272731956e+00,3.977272727272731956e+00
7.000000000000005107e-01,3.330669073875329267e-13,1.877913475036621094e+00,1.645189523696899414e+00,2.200000000000000011e-01,1.760000000000000175e-01,1.760000000000000175e-01,1.760000000000000175e-01,1.760000000000000175e-01,4.261363636363643792e+00,4.261363636363643792e+00
7.500000000000013323e-01,1.821459649775769880e-13,1.828516006469726562e+00,1.595792055130004883e+00,2.200000000000000011e-01,1.760000000000000175e-01,1.760000000000000175e-01,1.760000000000000175e-01,1.760000000000000175e-01,4.545454545454557405e+00,4.545454545454557405e+00
7.999999999999982681e-01,1.821459649775769880e-13,1.779254555702209473e+00,1.546530604362487793e+00,2.200000000000000011e-01,1.760000000000000175e-01,1.760000000000000175e-01,1.760000000000000175e-01,1.760000000000000175e-01,4.829545454545448813e+00,4.829545454545448813e+00
8.499999999999990896e-01,0.000000000000000000e+00,1.729913711547851562e+00,1.497189760208129883e+00,2.200000000000000011e-01,1.760000000000000175e-01,1.760000000000000175e-01,1.760000000000000175e-01,1.760000000000000175e-01,5.113636363636362425e+00,5.113636363636362425e+00
8.999999999999999112e-01,0.000000000000000000e+00,1.680665731430053711e+00,1.447941780090332031e+00,2.200000000000000011e-01,1.760000000000000175e-01,1.760000000000000175e-01,1.760000000000000175e-01,1.760000000000000175e-01,5.397727272727276038e+00,5.397727272727276038e+00
9.500000000000007327e-01,0.000000000000000000e+00,1.631544232368469238e+00,1.398820281028747559e+00,2.200000000000000011e-01,1.760000000000000175e-01,1.760000000000000175e-01,1.760000000000000175e-01,1.760000000000000175e-01,5.681818181818189650e+00,5.681818181818189650e+00
1.000000000000001554e+00,4.857225732735297154e-13,1.582339167594909668e+00,1.349615216255187988e+00,2.200000000000000011e-01,1.760000000000000175e-01,1.760000000000000175e-01,1.760000000000000175e-01,1.760000000000000175e-01,5.965909090909103263e+00,5.965909090909103263e+00
1.049999999999999156e+00,8.205242041370774155e-13,1.533259749412536621e+00,1.300535798072814941e+00,2.200000000000000011e-01,1.760000000000000175e-01,1.760000000000000175e-01,1.760000000000000175e-01,1.760000000000000175e-01,6.249999999999998224e+00,6.249999999999998224e+00
1.099999999999999645e+00,3.330669073875329267e-13,1.484296798706054688e+00,1.251572847366333008e+00,2.200000000000000011e-01,1.760000000000000175e-01,1.760000000000000175e-01,1.760000000000000175e-01,1.760000000000000175e-01,6.534090909090910060e+00,6.534090909090910060e+00
1.150000000000000577e+00,0.000000000000000000e+00,1.435256123542785645e+00,1.202532172203063965e+00,2.200000000000000011e-01,1.760000000000000175e-01,1.760000000000000175e-01,1.760000000000000175e-01,1.760000000000000175e-01,6.818181818181823672e+00,6.818181818181823672e+00
1.200000000000001510e+00,4.857225732735297154e-13,1.386396765708923340e+00,1.153672814369201660e+00,2.200000000000000011e-01,1.760000000000000175e-01,1.760000000000000175e-01,1.760000000000000175e-01,1.760000000000000175e-01,7.102272727272737285e+00,7.102272727272737285e+00
1.249999999999999112e+00,4.857225732735297154e-13,1.337646245956420898e+00,1.104922294616699219e+00,2.200000000000000011e-01,1.760000000000000175e-01,1.760000000000000175e-01,1.760000000000000175e-01,1.760000000000000175e-01,7.386363636363632246e+00,7.386363636363632246e+00
1.300000000000000044e+00,0.000000000000000000e+00,1.288830280303955078e+00,1.056106328964233398e+00,2.200000000000000011e-01,1.760000000000000175e-01,1.760000000000000175e-01,1.760000000000000175e-01,1.760000000000000175e-01,7.670454545454545858e+00,7.670454545454545858e+00
1.350000000000000977e+00,6.678685382510487190e-13,1.240266084671020508e+00,1.007542133331298828e+00,2.200000000000000011e-01,1.760000000000000175e-01,1.760000000000000175e-01,1.760000000000000175e-01,1.760000000000000175e-01,7.954545454545459471e+00,7.954545454545459471e+00
1.400000000000001243e+00,6.678685382510487190e-13,1.191808700561523438e+00,9.590847492218017578e-01,2.200000000000000011e-01,1.760000000000000175e-01,1.760000000000000175e-01,1.760000000000000175e-01,1.760000000000000175e-01,8.238636363636370419e+00,8.238636363636370419e+00
1.450000000000002176e+00,4.857225732735297154e-13,1.143309593200683594e+00,9.105856418609619141e-01,2.200000000000000011e-01,1.760000000000000175e-01,1.760000000000000175e-01,1.760000000000000175e-01,1.760000000000000175e-01,8.522727272727284031e+00,8.522727272727284031e+00
1.499999999999999778e+00,1.153591111524654266e-12,1.095154404640197754e+00,8.624304533004760742e-01,2.200000000000000011e-01,1.760000000000000175e-01,1.760000000000000175e-01,1.760000000000000175e-01,1.760000000000000175e-01,8.806818181818179880e+00,8.806818181818179880e+00
1.550000000000000044e+00,6.678685382510487190e-13,1.047116279602050781e+00,8.143923282623291016e-01,2.200000000000000011e-01,1.760000000000000175e-01,1.760000000000000175e-01,1.760000000000000175e-01,1.760000000000000175e-01,9.090909090909089940e+00,9.090909090909089940e+00
1.600000000000000977e+00,0.000000000000000000e+00,9.990811347961425781e-01,7.663571834564208984e-01,2.200000000000000011e-01,1.760000000000000175e-01,1.760000000000000175e-01,1.760000000000000175e-01,1.760000000000000175e-01,9.375000000000003553e+00,9.375000000000003553e+00
1.650000000000001910e+00,4.857225732735297154e-13,9.515153169631958008e-01,7.187913656234741211e-01,2.200000000000000011e-01,1.760000000000000175e-01,1.760000000000000175e-01,1.760000000000000175e-01,1.760000000000000175e-01,9.659090909090917165e+00,9.659090909090917165e+00
1.699999999999999512e+00,4.857225732735297154e-13,9.041547179222106934e-01,6.714307069778442383e-01,2.200000000000000011e-01,1.760000000000000175e-01,1.760000000000000175e-01,1.760000000000000175e-01,1.760000000000000175e-01,9.943181818181813014e+00,9.943181818181813014e+00
1.750000000000000444e+00,0.000000000000000000e+00,8.569107651710510254e-01,6.241867542266845703e-01,2.200000000000000011e-01,1.760000000000000175e-01,1.760000000000000175e-01,1.760000000000000175e-01,1.760000000000000175e-01,1.022727272727272663e+01,1.022727272727272663e+01
1.800000000000001377e+00,3.348016308635096833e-13,8.103356957435607910e-01,5.776116847991943359e-01,2.200000000000000011e-01,1.760000000000000175e-01,1.760000000000000175e-01,1.760000000000000175e-01,1.760000000000000175e-01,1.051136363636364024e+01,1.051136363636364024e+01
1.850000000000001865e+00,3.330669073875329267e-13,7.640311121940612793e-01,5.313071012496948242e-01,2.200000000000000011e-01,1.760000000000000175e-01,1.760000000000000175e-01,1.760000000000000175e-01,1.760000000000000175e-01,1.079545454545455208e+01,1.079545454545455208e+01
1.900000000000002798e+00,1.821459649775769880e-13,7.180175185203552246e-01,4.852935373783111572e-01,2.200000000000000011e-01,1.760000000000000175e-01,1.760000000000000175e-01,1.760000000000000175e-01,1.760000000000000175e-01,1.107954545454546569e+01,1.107954545454546569e+01
1.949999999999999734e+00,1.821459649775769880e-13,6.729747653007507324e-01,4.402507841587066650e-01,2.200000000000000011e-01,1.760000000000000175e-01,1.760000000000000175e-01,1.760000000000000175e-01,1.760000000000000175e-01,1.136363636363635798e+01,1.136363636363635798e+01
2.000000000000000444e+00,0.000000000000000000e+00,6.284546256065368652e-01,3.957306444644927979e-01,2.200000000000000011e-01,1.760000000000000175e-01,1.760000000000000175e-01,1.760000000000000175e-01,1.760000000000000175e-01,1.164772727272727160e+01,1.164772727272727160e+01
2.050000000000001155e+00,0.000000000000000000e+00,5.846444368362426758e-01,3.519204556941986084e-01,2.200000000000000011e-01,1.760000000000000175e-01,1.760000000000000175e-01,1.760000000000000175e-01,1.760000000000000175e-01,1.193181818181818521e+01,1.193181818181818521e+01
2.100000000000001865e+00,4.857225732735297154e-13,5.422972440719604492e-01,3.095732629299163818e-01,2.200000000000000011e-01,1.760000000000000175e-01,1.760000000000000175e-01,1.760000000000000175e-01,1.760000000000000175e-01,1.221590909090909882e+01,1.221590909090909882e+01
2.149999999999999467e+00,4.857225732735297154e-13,5.011031031608581543e-01,2.683791220188140869e-01,2.200000000000000011e-01,1.760000000000000175e-01,1.760000000000000175e-01,1.760000000000000175e-01,1.760000000000000175e-01,1.249999999999999289e+01,1.249999999999999289e+01
2.200000000000000178e+00,3.348016308635096833e-13,4.615485668182373047e-01,2.288245856761932373e-01,2.200000000000000011e-01,1.760000000000000175e-01,1.760000000000000175e-01,1.760000000000000175e-01,1.760000000000000175e-01,1.278409090909090651e+01,1.278409090909090651e+01
2.250000000000000888e+00,3.330669073875329267e-13,4.244520068168640137e-01,1.917280256748199463e-01,2.200000000000000011e-01,1.760000000000000175e-01,1.760000000000000175e-01,1.760000000000000175e-01,1.760000000000000175e-01,1.306818181818181834e+01,1.306818181818181834e+01
2.300000000000001599e+00,0.000000000000000000e+00,3.900291323661804199e-01,1.573051512241363525e-01,2.200000000000000011e-01,1.760000000000000175e-01,1.760000000000000175e-01,1.760000000000000175e-01,1.760000000000000175e-01,1.335227272727273196e+01,1.335227272727273196e+01
2.350000000000002309e+00,4.857225732735297154e-13,3.592497408390045166e-01,1.265257596969604492e-01,2.200000000000000011e-01,1.760000000000000175e-01,1.760000000000000175e-01,1.760000000000000175e-01,1.760000000000000175e-01,1.363636363636364557e+01,1.363636363636364557e+01
2.399999999999999911e+00,4.857225732735297154e-13,3.331889212131500244e-01,1.004649400711059570e-01,2.200000000000000011e-01,1.760000000000000175e-01,1.760000000000000175e-01,1.760000000000000175e-01,1.760000000000000175e-01,1.392045454545453964e+01,1.392045454545453964e+01
2.450000000000000622e+00,0.000000000000000000e+00,3.129284679889678955e-01,8.020448684692382812e-02,2.200000000000000011e-01,1.760000000000000175e-01,1.760000000000000175e-01,1.760000000000000175e-01,1.760000000000000175e-01,1.420454545454545325e+01,1.420454545454545325e+01
2.500000000000001332e+00,6.678685382510487190e-13,2.998078465461730957e-01,6.708386540412902832e-02,2.200000000000000011e-01,1.760000000000000175e-01,1.760000000000000175e-01,1.760000000000000175e-01,1.760000000000000175e-01,1.448863636363636687e+01,1.448863636363636687e+01
2.550000000000001599e+00,1.153591111524654266e-12,2.951628863811492920e-01,6.243890523910522461e-02,2.200000000000000011e-01,1.760000000000000175e-01,1.760000000000000175e-01,1.760000000000000175e-01,1.760000000000000175e-01,1.477272727272727693e+01,1.477272727272727693e+01
2.599999999999999201e+00,4.857225732735297154e-13,2.987869679927825928e-01,6.606298685073852539e-02,2.200000000000000011e-01,1.760000000000000175e-01,1.760000000000000175e-01,1.760000000000000175e-01,1.760000000000000175e-01,1.505681818181817277e+01,1.505681818181817277e+01
2.649999999999999911e+00,6.678685382510487190e-13,2.929483056068420410e-01,6.022432446479797363e-02,2.200000000000000011e-01,1.760000000000000175e-01,1.760000000000000175e-01,1.760000000000000175e-01,1.760000000000000175e-01,1.534090909090908639e+01,1.534090909090908639e+01
2.700000000000000178e+00,6.678685382510487190e-13,2.772937417030334473e-01,4.456976056098937988e-02,2.200000000000000011e-01,1.760000000000000175e-01,1.760000000000000175e-01,1.760000000000000175e-01,1.760000000000000175e-01,1.562499999999999645e+01,1.562499999999999645e+01
2.750000000000000888e+00,0.000000000000000000e+00,2.635017335414886475e-01,3.077775239944458008e-02,2.200000000000000011e-01,1.760000000000000175e-01,1.760000000000000175e-01,1.760000000000000175e-01,1.760000000000000175e-01,1.590909090909091006e+01,1.590909090909091006e+01
2.800000000000001599e+00,5.400012919858340199e-01,2.574991583824157715e-01,2.477517724037170410e-02,2.200000000000000011e-01,1.760000000000000175e-01,1.760000000000000175e-01,1.760000000000000175e-01,1.760000000000000175e-01,1.619318181818182367e+01,1.619318181818182367e+01
2.849973465294970865e+00,3.549425057067657097e+00,2.598281502723693848e-01,2.710416913032531738e-02,2.200000000000000011e-01,1.760000000000000175e-01,1.760000000000000175e-01,1.760000000000000175e-01,1.760000000000000175e-01,1.647712196190324008e+01,1.647712196190324008e+01
2.899878174153510901e+00,4.395748850550995179e+00,2.623452544212341309e-01,2.962127327919006348e-02,2.200000000000000011e-01,1.760000000000000175e-01,1.760000000000000175e-01,1.760000000000000175e-01,1.760000000000000175e-01,1.676067144405403653e+01,1.676067144405403653e+01
2.949771983129613862e+00,4.369629907290234705e+00,2.639215290546417236e-01,3.119754791259765625e-02,2.200000000000000011e-01,1.760000000000000175e-01,1.760000000000000175e-01,1.760000000000000175e-01,1.760000000000000175e-01,1.704415899505461951e+01,1.704415899505461951e+01
2.999682023866409697e+00,3.096782791923425204e+00,2.644868195056915283e-01,3.176283836364746094e-02,2.200000000000000011e-01,1.760000000000000175e-01,1.760000000000000175e-01,1.760000000000000175e-01,1.760000000000000175e-01,1.732773877196823165e+01,1.732773877196823165e+01
3.049671547694432494e+00,2.525075089208665413e-01,2.663341164588928223e-01,3.361013531684875488e-02,2.200000000000000011e-01,1.760000000000000175e-01,1.760000000000000175e-01,1.760000000000000175e-01,1.760000000000000175e-01,1.761177015735472295e+01,1.761177015735472295e+01
3.099671547694430984e+00,5.689893001203895968e-13,2.767910659313201904e-01,4.406708478927612305e-02,2.200000000000000011e-01,1.760000000000000175e-01,1.760000000000000175e-01,1.760000000000000175e-01,1.760000000000000175e-01,1.789586106644562236e+01,1.789586106644562236e+01
3.149671547694432583e+00,5.689893001203895968e-13,2.940156161785125732e-01,6.129163503646850586e-02,2.200000000000000011e-01,1.760000000000000175e-01,1.760000000000000175e-01,1.760000000000000175e-01,1.760000000000000175e-01,1.817995197553653952e+01,1.817995197553653952e+01
3.199671547694431073e+00,2.844946500602087328e-13,3.140289187431335449e-01,8.130493760108947754e-02,2.200000000000000011e-01,1.760000000000000175e-01,1.760000000000000175e-01,1.760000000000000175e-01,1.760000000000000175e-01,1.846404288462743892e+01,1.846404288462743892e+01
3.249671547694431339e+00,0.000000000000000000e+00,3.340422213077545166e-01,1.013182401657104492e-01,2.200000000000000011e-01,1.760000000000000175e-01,1.760000000000000175e-01,1.760000000000000175e-01,1.760000000000000175e-01,1.874813379371834898e+01,1.874813379371834898e+01
3.299671547694431606e+00,0.000000000000000000e+00,3.540555238723754883e-01,1.213315427303314209e-01,2.200000000000000011e-01,1.760000000000000175e-01,1.760000000000000175e-01,1.760000000000000175e-01,1.760000000000000175e-01,1.903222470280925904e+01,1.903222470280925904e+01
3.349671547694431872e+00,0.000000000000000000e+00,3.740688264369964600e-01,1.413448452949523926e-01,2.200000000000000011e-01,1.760000000000000175e-01,1.760000000000000175e-01,1.760000000000000175e-01,1.760000000000000175e-01,1.931631561190016910e+01,1.931631561190016910e+01
3.399671547694432139e+00,0.000000000000000000e+00,3.940821588039398193e-01,1.613581776618957520e-01,2.200000000000000011e-01,1.760000000000000175e-01,1.760000000000000175e-01,1.760000000000000175e-01,1.760000000000000175e-01,1.960040652099107916e+01,1.960040652099107916e+01
3.449671547694432405e+00,1.302777330458519322e-12,4.165182709693908691e-01,1.837942898273468018e-01,2.200000000000000011e-01,1.760000000000000175e-01,1.760000000000000175e-01,1.760000000000000175e-01,1.760000000000000175e-01,1.988449743008198922e+01,1.988449743008198922e+01
3.499671547694434004e+00,1.302777330458519322e-12,4.431210458278656006e-01,2.103970646858215332e-01,2.200000000000000011e-01,1.760000000000000175e-01,1.760000000000000175e-01,1.760000000000000175e-01,1.760000000000000175e-01,2.016858833917290639e+01,2.016858833917290639e+01
3.549671547694434270e+00,0.000000000000000000e+00,4.734463691711425781e-01,2.407223880290985107e-01,2.200000000000000011e-01,1.760000000000000175e-01,1.760000000000000175e-01,1.760000000000000175e-01,1.760000000000000175e-01,2.045267924826381645e+01,2.045267924826381645e+01
3.599671547694434537e+00,2.844946500602087328e-13,5.069285631179809570e-01,2.742045819759368896e-01,2.200000000000000011e-01,1.760000000000000175e-01,1.760000000000000175e-01,1.760000000000000175e-01,1.760000000000000175e-01,2.073677015735472651e+01,2.073677015735472651e+01
3.649671547694433027e+00,2.844946500602087328e-13,5.428385138511657715e-01,3.101145327091217041e-01,2.200000000000000011e-01,1.760000000000000175e-01,1.760000000000000175e-01,1.760000000000000175e-01,1.760000000000000175e-01,2.102086106644562591e+01,2.102086106644562591e+01
3.699671547694433293e+00,0.000000000000000000e+00,5.808897018432617188e-01,3.481657207012176514e-01,2.200000000000000011e-01,1.760000000000000175e-01,1.760000000000000175e-01,1.760000000000000175e-01,1.760000000000000175e-01,2.130495197553653597e+01,2.130495197553653597e+01
3.749671547694433560e+00,0.000000000000000000e+00,6.206044554710388184e-01,3.878804743289947510e-01,2.200000000000000011e-01,1.760000000000000175e-01,1.760000000000000175e-01,1.760000000000000175e-01,1.760000000000000175e-01,2.158904288462744603e+01,2.158904288462744603e+01
3.799671547694433826e+00,0.000000000000000000e+00,6.616076231002807617e-01,4.288836419582366943e-01,2.200000000000000011e-01,1.760000000000000175e-01,1.760000000000000175e-01,1.760000000000000175e-01,1.760000000000000175e-01,2.187313379371835609e+01,2.187313379371835609e+01
3.849671547694434093e+00,0.000000000000000000e+00,7.039387226104736328e-01,4.712147414684295654e-01,2.200000000000000011e-01,1.760000000000000175e-01,1.760000000000000175e-01,1.760000000000000175e-01,1.760000000000000175e-01,2.215722470280926615e+01,2.215722470280926615e+01
3.899671547694434359e+00,0.000000000000000000e+00,7.470346093177795410e-01,5.143105983734130859e-01,2.200000000000000011e-01,1.760000000000000175e-01,1.760000000000000175e-01,1.760000000000000175e-01,1.760000000000000175e-01,2.244131561190017621e+01,2.244131561190017621e+01
3.949671547694434626e+00,2.844946500602087328e-13,7.911334633827209473e-01,5.584094524383544922e-01,2.200000000000000011e-01,1.760000000000000175e-01,1.760000000000000175e-01,1.760000000000000175e-01,1.760000000000000175e-01,2.272540652099108627e+01,2.272540652099108627e+01
3.999671547694433116e+00,2.844946500602087328e-13,8.359339237213134766e-01,6.032099723815917969e-01,2.200000000000000011e-01,1.760000000000000175e-01,1.760000000000000175e-01,1.760000000000000175e-01,1.760000000000000175e-01,2.300949743008198567e+01,2.300949743008198567e+01
4.049671547694432938e+00,2.844946500601808639e-13,8.811730742454528809e-01,6.484490633010864258e-01,2.200000000000000011e-01,1.760000000000000175e-01,1.760000000000000175e-01,1.760000000000000175e-01,1.760000000000000175e-01,2.329358833917289573e+01,2.329358833917289573e+01
4.099671547694434537e+00,1.871766630578884786e-12,9.270805120468139648e-01,6.943565607070922852e-01,2.200000000000000011e-01,1.760000000000000175e-01,1.760000000000000175e-01,1.760000000000000175e-01,1.760000000000000175e-01,2.357767924826381289e+01,2.357767924826381289e+01
4.149671547694434359e+00,1.587271980518779501e-12,9.731873869895935059e-01,7.404633760452270508e-01,2.200000000000000011e-01,1.760000000000000175e-01,1.760000000000000175e-01,1.760000000000000175e-01,1.760000000000000175e-01,2.386177015735472295e+01,2.386177015735472295e+01
4.199671547694434182e+00,0.000000000000000000e+00,1.019795894622802734e+00,7.870719432830810547e-01,2.200000000000000011e-01,1.760000000000000175e-01,1.760000000000000175e-01,1.760000000000000175e-01,1.760000000000000175e-01,2.414586106644563301e+01,2.414586106644563301e+01
4.249671547694434004e+00,0.000000000000000000e+00,1.066658020019531250e+00,8.339340686798095703e-01,2.200000000000000011e-01,1.760000000000000175e-01,1.760000000000000175e-01,1.760000000000000175e-01,1.760000000000000175e-01,2.442995197553654307e+01,2.442995197553654307e+01
4.299671547694433826e+00,0.000000000000000000e+00,1.113690853118896484e+00,8.809669017791748047e-01,2.200000000000000011e-01,1.760000000000000175e-01,1.760000000000000175e-01,1.760000000000000175e-01,1.760000000000000175e-01,2.471404288462745313e+01,2.471404288462745313e+01
4.349671547694433649e+00,0.000000000000000000e+00,1.161148667335510254e+00,9.284247159957885742e-01,2.200000000000000011e-01,1.760000000000000175e-01,1.760000000000000175e-01,1.760000000000000175e-01,1.760000000000000175e-01,2.499813379371836319e+01,2.499813379371836319e+01
4.399671547694433471e+00,0.000000000000000000e+00,1.208623170852661133e+00,9.758992195129394531e-01,2.200000000000000011e-01,1.760000000000000175e-01,1.760000000000000175e-01,1.760000000000000175e-01,1.760000000000000175e-01,2.528222470280927325e+01,2.528222470280927325e+01
4.449671547694433293e+00,2.844946500602087328e-13,1.256428241729736328e+00,1.023704290390014648e+00,2.200000000000000011e-01,1.760000000000000175e-01,1.760000000000000175e-01,1.760000000000000175e-01,1.760000000000000175e-01,2.556631561190018331e+01,2.556631561190018331e+01
4.499671547694431339e+00,2.844946500602087328e-13,1.304347515106201172e+00,1.071623563766479492e+00,2.200000000000000011e-01,1.760000000000000175e-01,1.760000000000000175e-01,1.760000000000000175e-01,1.760000000000000175e-01,2.585040652099108271e+01,2.585040652099108271e+01
4.549671547694431162e+00,0.000000000000000000e+00,1.352355599403381348e+00,1.119631648063659668e+00,2.200000000000000011e-01,1.760000000000000175e-01,1.760000000000000175e-01,1.760000000000000175e-01,1.760000000000000175e-01,2.613449743008199277e+01,2.613449743008199277e+01
4.599671547694430984e+00,0.000000000000000000e+00,1.400697588920593262e+00,1.167973637580871582e+00,2.200000000000000011e-01,1.760000000000000175e-01,1.760000000000000175e-01,1.760000000000000175e-01,1.760000000000000175e-01,2.641858833917290283e+01,2.641858833917290283e+01
4.649671547694430807e+00,0.000000000000000000e+00,1.448977708816528320e+00,1.216253757476806641e+00,2.200000000000000011e-01,1.760000000000000175e-01,1.760000000000000175e-01,1.760000000000000175e-01,1.760000000000000175e-01,2.670267924826381289e+01,2.670267924826381289e+01
4.699671547694430629e+00,0.000000000000000000e+00,1.497495055198669434e+00,1.264771103858947754e+00,2.200000000000000011e-01,1.760000000000000175e-01,1.760000000000000175e-01,1.760000000000000175e-01,1.760000000000000175e-01,2.698677015735472295e+01,2.698677015735472295e+01
4.749671547694430451e+00,0.000000000000000000e+00,1.546056985855102539e+00,1.313333034515380859e+00,2.200000000000000011e-01,1.760000000000000175e-01,1.760000000000000175e-01,1.760000000000000175e-01,1.760000000000000175e-01,2.727086106644563301e+01,2.727086106644563301e+01
4.799671547694430274e+00,1.302777330458519322e-12,1.594628930091857910e+00,1.361904978752136230e+00,2.200000000000000011e-01,1.760000000000000175e-01,1.760000000000000175e-01,1.760000000000000175e-01,1.760000000000000175e-01,2.755495197553654307e+01,2.755495197553654307e+01
4.849671547694431872e+00,1.302777330458519322e-12,1.643432140350341797e+00,1.410708189010620117e+00,2.200000000000000011e-01,1.760000000000000175e-01,1.760000000000000175e-01,1.760000000000000175e-01,1.760000000000000175e-01,2.783904288462746024e+01,2.783904288462746024e+01
4.899671547694431695e+00,2.844946500602087328e-13,1.692148566246032715e+00,1.459424614906311035e+00,2.200000000000000011e-01,1.760000000000000175e-01,1.760000000000000175e-01,1.760000000000000175e-01,1.760000000000000175e-01,2.812313379371837030e+01,2.812313379371837030e+01
4.949671547694429741e+00,2.844946500602087328e-13,1.741054296493530273e+00,1.508330345153808594e+00,2.200000000000000011e-01,1.760000000000000175e-01,1.760000000000000175e-01,1.760000000000000175e-01,1.760000000000000175e-01,2.840722470280926970e+01,2.840722470280926970e+01
4.999671547694429563e+00,2.844946500601808639e-13,1.789974570274353027e+00,1.557250618934631348e+00,2.200000000000000011e-01,1.760000000000000175e-01,1.760000000000000175e-01,1.760000000000000175e-01,1.760000000000000175e-01,2.869131561190017976e+01,2.869131561190017976e+01
5.049671547694431162e+00,5.689893001203895968e-13,1.838884353637695312e+00,1.606160402297973633e+00,2.200000000000000011e-01,1.760000000000000175e-01,1.760000000000000175e-01,1.760000000000000175e-01,1.760000000000000175e-01,2.897540652099109693e+01,2.897540652099109693e+01
5.099671547694429208e+00,2.844946500602087328e-13,1.887983202934265137e+00,1.655259251594543457e+00,2.200000000000000011e-01,1.760000000000000175e-01,1.760000000000000175e-01,1.760000000000000175e-01,1.760000000000000175e-01,2.925949743008199633e+01,2.925949743008199633e+01
5.149671547694429030e+00,0.000000000000000000e+00,1.937002301216125488e+00,1.704278349876403809e+00,2.200000000000000011e-01,1.760000000000000175e-01,1.760000000000000175e-01,1.760000000000000175e-01,1.760000000000000175e-01,2.954358833917290639e+01,2.954358833917290639e+01
5.199671547694428853e+00,0.000000000000000000e+00,1.982326865196228027e+00,1.749602913856506348e+00,2.200000000000000011e-01,1.760000000000000175e-01,1.760000000000000175e-01,1.760000000000000175e-01,1.760000000000000175e-01,2.982767924826381645e+01,2.982767924826381645e+01
5.249671547694428675e+00,0.000000000000000000e+00,2.027147531509399414e+00,1.794423580169677734e+00,2.200000000000000011e-01,1.760000000000000175e-01,1.760000000000000175e-01,1.760000000000000175e-01,1.760000000000000175e-01,3.011177015735472651e+01,3.011177015735472651e+01
5.299671547694428497e+00,0.000000000000000000e+00,2.069106101989746094e+00,1.836382150650024414e+00,2.200000000000000011e-01,1.760000000000000175e-01,1.760000000000000175e-01,1.760000000000000175e-01,1.760000000000000175e-01,3.039586106644563657e+01,3.039586106644563657e+01
5.349671547694428320e+00,0.000000000000000000e+00,2.099001169204711914e+00,1.866277217864990234e+00,2.200000000000000011e-01,1.760000000000000175e-01,1.760000000000000175e-01,1.760000000000000175e-01,1.760000000000000175e-01,3.067995197553654663e+01,3.067995197553654663e+01
5.399671547694428142e+00,2.844946500602087328e-13,2.129505395889282227e+00,1.896781444549560547e+00,2.200000000000000011e-01,1.760000000000000175e-01,1.760000000000000175e-01,1.760000000000000175e-01,1.760000000000000175e-01,3.096404288462745669e+01,3.096404288462745669e+01
5.449671547694426188e+00,2.844946500602087328e-13,2.160853624343872070e+00,1.928129673004150391e+00,2.200000000000000011e-01,1.760000000000000175e-01,1.760000000000000175e-01,1.760000000000000175e-01,1.760000000000000175e-01,3.124813379371835609e+01,3.124813379371835609e+01
5.499671547694426010e+00,1.302777330458519322e-12,2.192844629287719727e+00,1.960120677947998047e+00,2.200000000000000011e-01,1.760000000000000175e-01,1.760000000000000175e-01,1.760000000000000175e-01,1.760000000000000175e-01,3.153222470280926615e+01,3.153222470280926615e+01
5.549671547694427609e+00,1.302777330458519322e-12,2.225437641143798828e+00,1.992713689804077148e+00,2.200000000000000011e-01,1.760000000000000175e-01,1.760000000000000175e-01,1.760000000000000175e-01,1.760000000000000175e-01,3.181631561190018331e+01,3.181631561190018331e+01
5.599671547694427431e+00,0.000000000000000000e+00,2.258799076080322266e+00,2.026075124740600586e+00,2.200000000000000011e-01,1.760000000000000175e-01,1.760000000000000175e-01,1.760000000000000175e-01,1.760000000000000175e-01,3.210040652099109337e+01,3.210040652099109337e+01
5.649671547694427254e+00,0.000000000000000000e+00,2.292619705200195312e+00,2.059895753860473633e+00,2.200000000000000011e-01,1.760000000000000175e-01,1.760000000000000175e-01,1.760000000000000175e-01,1.760000000000000175e-01,3.238449743008199988e+01,3.238449743008199988e+01
5.699671547694427076e+00,0.000000000000000000e+00,2.327144622802734375e+00,2.094420671463012695e+00,2.200000000000000011e-01,1.760000000000000175e-01,1.760000000000000175e-01,1.760000000000000175e-01,1.760000000000000175e-01,3.266858833917290639e+01,3.266858833917290639e+01
5.749671547694426899e+00,0.000000000000000000e+00,2.362179994583129883e+00,2.129456043243408203e+00,2.200000000000000011e-01,1.760000000000000175e-01,1.760000000000000175e-01,1.760000000000000175e-01,1.760000000000000175e-01,3.295267924826381289e+01,3.295267924826381289e+01
5.799671547694426721e+00,0.000000000000000000e+00,2.397691488265991211e+00,2.164967536926269531e+00,2.200000000000000011e-01,1.760000000000000175e-01,1.760000000000000175e-01,1.760000000000000175e-01,1.760000000000000175e-01,3.323677015735471940e+01,3.323677015735471940e+01
5.849671547694426543e+00,2.844946500602087328e-13,2.433840990066528320e+00,2.201117038726806641e+00,2.200000000000000011e-01,1.760000000000000175e-01,1.760000000000000175e-01,1.760000000000000175e-01,1.760000000000000175e-01,3.352086106644562591e+01,3.352086106644562591e+01
5.899671547694424589e+00,2.844946500602087328e-13,2.470328807830810547e+00,2.237604856491088867e+00,2.200000000000000011e-01,1.760000000000000175e-01,1.760000000000000175e-01,1.760000000000000175e-01,1.760000000000000175e-01,3.380495197553652531e+01,3.380495197553652531e+01
5.949671547694424412e+00,0.000000000000000000e+00,2.507402420043945312e+00,2.274678468704223633e+00,2.200000000000000011e-01,1.760000000000000175e-01,1.760000000000000175e-01,1.760000000000000175e-01,1.760000000000000175e-01,3.408904288462743182e+01,3.408904288462743182e+01
5.999671547694424234e+00,0.000000000000000000e+00,2.541934013366699219e+00,2.309210062026977539e+00,2.200000000000000011e-01,1.760000000000000175e-01,1.760000000000000175e-01,1.760000000000000175e-01,1.760000000000000175e-01,3.437313379371833832e+01,3.437313379371833832e+01
6.049671547694424056e+00,0.000000000000000000e+00,2.565652132034301758e+00,2.332928180694580078e+00,2.200000000000000011e-01,1.760000000000000175e-01,1.760000000000000175e-01,1.760000000000000175e-01,1.760000000000000175e-01,3.465722470280924483e+01,3.465722470280924483e+01
6.099671547694423879e+00,0.000000000000000000e+00,2.580825090408325195e+00,2.348101139068603516e+00,2.200000000000000011e-01,1.760000000000000175e-01,1.760000000000000175e-01,1.760000000000000175e-01,1.760000000000000175e-01,3.494131561190015134e+01,3.494131561190015134e+01
6.149671547694423701e+00,0.000000000000000000e+00,2.596800565719604492e+00,2.364076614379882812e+00,2.200000000000000011e-01,1.760000000000000175e-01,1.760000000000000175e-01,1.760000000000000175e-01,1.760000000000000175e-01,3.522540652099105785e+01,3.522540652099105785e+01
6.199671547694423523e+00,2.844946500602087328e-13,2.612260818481445312e+00,2.379536867141723633e+00,2.200000000000000011e-01,1.760000000000000175e-01,1.760000000000000175e-01,1.760000000000000175e-01,1.760000000000000175e-01,3.550949743008196435e+01,3.550949743008196435e+01
6.249671547694421569e+00,7.337880303381540600e-13,2.623124837875366211e+00,2.390400886535644531e+00,2.200000000000000011e-01,1.760000000000000175e-01,1.760000000000000175e-01,1.760000000000000175e-01,1.760000000000000175e-01,3.579358833917286375e+01,3.579358833917286375e+01
6.299671547694424945e+00,7.337880303381540600e-13,2.621686697006225586e+00,2.388962745666503906e+00,2.200000000000000011e-01,1.760000000000000175e-01,1.760000000000000175e-01,1.760000000000000175e-01,1.760000000000000175e-01,3.607767924826379158e+01,3.607767924826379158e+01
6.349671547694422991e+00,2.844946500602087328e-13,2.595535039901733398e+00,2.362811088562011719e+00,2.200000000000000011e-01,1.760000000000000175e-01,1.760000000000000175e-01,1.760000000000000175e-01,1.760000000000000175e-01,3.636177015735469098e+01,3.636177015735469098e+01
6.399671547694422813e+00,0.000000000000000000e+00,2.568315744400024414e+00,2.335591793060302734e+00,2.200000000000000011e-01,1.760000000000000175e-01,1.760000000000000175e-01,1.760000000000000175e-01,1.760000000000000175e-01,3.664586106644559749e+01,3.664586106644559749e+01
6.449671547694422635e+00,0.000000000000000000e+00,2.541102647781372070e+00,2.308378696441650391e+00,2.200000000000000011e-01,1.760000000000000175e-01,1.760000000000000175e-01,1.760000000000000175e-01,1.760000000000000175e-01,3.692995197553650399e+01,3.692995197553650399e+01
6.499671547694422458e+00,0.000000000000000000e+00,2.514548778533935547e+00,2.281824827194213867e+00,2.200000000000000011e-01,1.760000000000000175e-01,1.760000000000000175e-01,1.760000000000000175e-01,1.760000000000000175e-01,3.721404288462741050e+01,3.721404288462741050e+01
6.549671547694422280e+00,0.000000000000000000e+00,2.488672256469726562e+00,2.255948305130004883e+00,2.200000000000000011e-01,1.760000000000000175e-01,1.760000000000000175e-01,1.760000000000000175e-01,1.760000000000000175e-01,3.749813379371831701e+01,3.749813379371831701e+01
6.599671547694422102e+00,0.000000000000000000e+00,2.463632106781005859e+00,2.230908155441284180e+00,2.200000000000000011e-01,1.760000000000000175e-01,1.760000000000000175e-01,1.760000000000000175e-01,1.760000000000000175e-01,3.778222470280922352e+01,3.778222470280922352e+01
6.649671547694421925e+00,2.844946500602087328e-13,2.439252138137817383e+00,2.206528186798095703e+00,2.200000000000000011e-01,1.760000000000000175e-01,1.760000000000000175e-01,1.760000000000000175e-01,1.760000000000000175e-01,3.806631561190013002e+01,3.806631561190013002e+01
6.699671547694419971e+00,2.844946500602087328e-13,2.415747404098510742e+00,2.183023452758789062e+00,2.200000000000000011e-01,1.760000000000000175e-01,1.760000000000000175e-01,1.760000000000000175e-01,1.760000000000000175e-01,3.835040652099102942e+01,3.835040652099102942e+01
6.749671547694419793e+00,0.000000000000000000e+00,2.393016099929809570e+00,2.160292148590087891e+00,2.200000000000000011e-01,1.760000000000000175e-01,1.760000000000000175e-01,1.760000000000000175e-01,1.760000000000000175e-01,3.863449743008193593e+01,3.863449743008193593e+01
6.799671547694419615e+00,0.000000000000000000e+00,2.371080160140991211e+00,2.138356208801269531e+00,2.200000000000000011e-01,1.760000000000000175e-01,1.760000000000000175e-01,1.760000000000000175e-01,1.760000000000000175e-01,3.891858833917284244e+01,3.891858833917284244e+01
6.849671547694419438e+00,1.302777330458519322e-12,2.350084543228149414e+00,2.117360591888427734e+00,2.200000000000000011e-01,1.760000000000000175e-01,1.760000000000000175e-01,1.760000000000000175e-01,1.760000000000000175e-01,3.920267924826374895e+01,3.920267924826374895e+01
6.899671547694421037e+00,1.302777330458519322e-12,2.329873085021972656e+00,2.097149133682250977e+00,2.200000000000000011e-01,1.760000000000000175e-01,1.760000000000000175e-01,1.760000000000000175e-01,1.760000000000000175e-01,3.948677015735466966e+01,3.948677015735466966e+01
6.949671547694420859e+00,0.000000000000000000e+00,2.310667991638183594e+00,2.077944040298461914e+00,2.200000000000000011e-01,1.760000000000000175e-01,1.760000000000000175e-01,1.760000000000000175e-01,1.760000000000000175e-01,3.977086106644557617e+01,3.977086106644557617e+01
6.999671547694420681e+00,0.000000000000000000e+00,2.292374849319458008e+00,2.059650897979736328e+00,2.200000000000000011e-01,1.760000000000000175e-01,1.760000000000000175e-01,1.760000000000000175e-01,1.760000000000000175e-01,4.005495197553648268e+01,4.005495197553648268e+01
7.049671547694420504e+00,0.000000000000000000e+00,2.274999141693115234e+00,2.042275190353393555e+00,2.200000000000000011e-01,1.760000000000000175e-01,1.760000000000000175e-01,1.760000000000000175e-01,1.760000000000000175e-01,4.033904288462738918e+01,4.033904288462738918e+01
7.099671547694420326e+00,2.844946500602087328e-13,2.258666992187500000e+00,2.025943040847778320e+00,2.200000000000000011e-01,1.760000000000000175e-01,1.760000000000000175e-01,1.760000000000000175e-01,1.760000000000000175e-01,4.062313379371829569e+01,4.062313379371829569e+01
7.149671547694418372e+00,2.844946500602087328e-13,2.243246793746948242e+00,2.010522842407226562e+00,2.200000000000000011e-01,1.760000000000000175e-01,1.760000000000000175e-01,1.760000000000000175e-01,1.760000000000000175e-01,4.090722470280919509e+01,4.090722470280919509e+01
7.199671547694418194e+00,0.000000000000000000e+00,2.228905439376831055e+00,1.996181488037109375e+00,2.200000000000000011e-01,1.760000000000000175e-01,1.760000000000000175e-01,1.760000000000000175e-01,1.760000000000000175e-01,4.119131561190010160e+01,4.119131561190010160e+01
7.249671547694418017e+00,0.000000000000000000e+00,2.215566873550415039e+00,1.982842922210693359e+00,2.200000000000000011e-01,1.760000000000000175e-01,1.760000000000000175e-01,1.760000000000000175e-01,1.760000000000000175e-01,4.147540652099100811e+01,4.147540652099100811e+01
7.299671547694417839e+00,5.010689290551112451e-02,2.203252077102661133e+00,1.970528125762939453e+00,2.200000000000000011e-01,1.760000000000000175e-01,1.760000000000000175e-01,1.760000000000000175e-01,1.760000000000000175e-01,4.175949743008191462e+01,4.175949743008191462e+01
7.349671356250799370e+00,2.247509046906387420e-01,2.191938877105712891e+00,1.959214925765991211e+00,2.200000000000000011e-01,1.760000000000000175e-01,1.760000000000000175e-01,1.760000000000000175e-01,1.760000000000000175e-01,4.204358725142498798e+01,4.204358725142498798e+01
7.399670921498000986e+00,2.488691526659079223e-01,2.181096553802490234e+00,1.948372602462768555e+00,2.200000000000000011e-01,1.760000000000000175e-01,1.760000000000000175e-01,1.760000000000000175e-01,1.760000000000000175e-01,4.232767569032954214e+01,4.232767569032954214e+01
7.449670464880961518e+00,2.493898205889048536e-01,2.170782089233398438e+00,1.938058137893676758e+00,2.200000000000000011e-01,1.760000000000000175e-01,1.760000000000000175e-01,1.760000000000000175e-01,1.760000000000000175e-01,4.261176400500545469e+01,4.261176400500545469e+01
7.499670010317795565e+00,2.498039560216571420e-01,2.160947084426879883e+00,1.928223133087158203e+00,2.200000000000000011e-01,1.760000000000000175e-01,1.760000000000000175e-01,1.760000000000000175e-01,1.760000000000000175e-01,4.289585233135110087e+01,4.289585233135110087e+01
7.549669582618241392e+00,2.501106269304527729e-01,2.151571273803710938e+00,1.918847322463989258e+00,2.200000000000000011e-01,1.760000000000000175e-01,1.760000000000000175e-01,1.760000000000000175e-01,1.760000000000000175e-01,4.317994081033090481e+01,4.317994081033090481e+01
7.599669207198820331e+00,2.517733045769850464e-01,2.142816066741943359e+00,1.910092115402221680e+00,2.200000000000000011e-01,1.760000000000000175e-01,1.760000000000000175e-01,1.760000000000000175e-01,1.760000000000000175e-01,4.346402958635692215e+01,4.346402958635692215e+01
7.649668886894051667e+00,2.560457217195111768e-01,2.134541511535644531e+00,1.901817560195922852e+00,2.200000000000000011e-01,1.760000000000000175e-01,1.760000000000000175e-01,1.760000000000000175e-01,1.760000000000000175e-01,4.374811867553437139e+01,4.374811867553437139e+01
7.699668553967343954e+00,2.503644728250877804e-01,2.126747846603393555e+00,1.894023895263671875e+00,2.200000000000000011e-01,1.760000000000000175e-01,1.760000000000000175e-01,1.760000000000000175e-01,1.760000000000000175e-01,4.403220769299625914e+01,4.403220769299625914e+01
7.749668153214793520e+00,2.502164875066047456e-01,2.119400501251220703e+00,1.886676549911499023e+00,2.200000000000000011e-01,1.760000000000000175e-01,1.760000000000000175e-01,1.760000000000000175e-01,1.760000000000000175e-01,4.431629632508403915e+01,4.431629632508403915e+01
7.799667710327764958e+00,2.499600987412027298e-01,2.110926628112792969e+00,1.878202676773071289e+00,2.200000000000000011e-01,1.760000000000000175e-01,1.760000000000000175e-01,1.760000000000000175e-01,1.760000000000000175e-01,4.460038471777137659e+01,4.460038471777137659e+01
7.849667250748345815e+00,2.495958877727215974e-01,2.102193117141723633e+00,1.869469165802001953e+00,2.200000000000000011e-01,1.760000000000000175e-01,1.760000000000000175e-01,1.760000000000000175e-01,1.760000000000000175e-01,4.488447301561559044e+01,4.488447301561559044e+01
7.899666799371281911e+00,2.491246751515135971e-01,2.093942403793334961e+00,1.861218452453613281e+00,2.200000000000000011e-01,1.760000000000000175e-01,1.760000000000000175e-01,1.760000000000000175e-01,1.760000000000000175e-01,4.516856136006408917e+01,4.516856136006408917e+01
7.949666380254961418e+00,2.485475163388449482e-01,2.086253881454467773e+00,1.853529930114746094e+00,2.200000000000000011e-01,1.760000000000000175e-01,1.760000000000000175e-01,1.760000000000000175e-01,1.760000000000000175e-01,4.545264988781226378e+01,4.545264988781226378e+01
7.999666016344967545e+00,1.351660075881034873e-01,2.079108476638793945e+00,1.846384525299072266e+00,2.200000000000000011e-01,1.760000000000000175e-01,1.760000000000000175e-01,1.760000000000000175e-01,1.760000000000000175e-01,4.573673872923275496e+01,4.573673872923275496e+01
8.049666007263519774e+00,2.592879514742664482e-03,2.072799205780029297e+00,1.840075254440307617e+00,2.200000000000000011e-01,1.760000000000000175e-01,1.760000000000000175e-01,1.760000000000000175e-01,1.760000000000000175e-01,4.602082958672452406e+01,4.602082958672452406e+01
8.099666007263518708e+00,1.682681771697538223e-13,2.067680120468139648e+00,1.834956169128417969e+00,2.200000000000000011e-01,1.760000000000000175e-01,1.760000000000000175e-01,1.760000000000000175e-01,1.760000000000000175e-01,4.630492049581542346e+01,4.630492049581542346e+01
8.149666007263519418e+00,0.000000000000000000e+00,2.063769102096557617e+00,1.831045150756835938e+00,2.200000000000000011e-01,1.760000000000000175e-01,1.760000000000000175e-01,1.760000000000000175e-01,1.760000000000000175e-01,4.658901140490633708e+01,4.658901140490633708e+01
8.199666007263520129e+00,1.700029006457306798e-13,2.060132980346679688e+00,1.827409029006958008e+00,2.200000000000000011e-01,1.760000000000000175e-01,1.760000000000000175e-01,1.760000000000000175e-01,1.760000000000000175e-01,4.687310231399725069e+01,4.687310231399725069e+01
8.249666007263519063e+00,1.719110964693006541e-12,2.055686950683593750e+00,1.822962999343872070e+00,2.200000000000000011e-01,1.760000000000000175e-01,1.760000000000000175e-01,1.760000000000000175e-01,1.760000000000000175e-01,4.715719322308815009e+01,4.715719322308815009e+01
8.299666007263519774e+00,1.889113865338830975e-12,2.051550865173339844e+00,1.818826913833618164e+00,2.200000000000000011e-01,1.760000000000000175e-01,1.760000000000000175e-01,1.760000000000000175e-01,1.760000000000000175e-01,4.744128413217906370e+01,4.744128413217906370e+01
8.349666007263516931e+00,5.082739784612151819e-13,2.048640727996826172e+00,1.815916776657104492e+00,2.200000000000000011e-01,1.760000000000000175e-01,1.760000000000000175e-01,1.760000000000000175e-01,1.760000000000000175e-01,4.772537504126995600e+01,4.772537504126995600e+01
8.399666007263519418e+00,1.700029006457130346e-13,2.046939849853515625e+00,1.814215898513793945e+00,2.200000000000000011e-01,1.760000000000000175e-01,1.760000000000000175e-01,1.760000000000000175e-01,1.760000000000000175e-01,4.800946595036087672e+01,4.800946595036087672e+01
8.449666007263520129e+00,3.382710778155020211e-13,2.046453952789306641e+00,1.813730001449584961e+00,2.200000000000000011e-01,1.760000000000000175e-01,1.760000000000000175e-01,1.760000000000000175e-01,1.760000000000000175e-01,4.829355685945179033e+01,4.829355685945179033e+01
8.499666007263517287e+00,2.057382042508482309e-12,2.047024488449096680e+00,1.814300537109375000e+00,2.200000000000000011e-01,1.760000000000000175e-01,1.760000000000000175e-01,1.760000000000000175e-01,1.760000000000000175e-01,4.857764776854268263e+01,4.857764776854268263e+01
8.549666007263519774e+00,1.889113865338635085e-12,2.038347482681274414e+00,1.805623531341552734e+00,2.200000000000000011e-01,1.760000000000000175e-01,1.760000000000000175e-01,1.760000000000000175e-01,1.760000000000000175e-01,4.886173867763361045e+01,4.886173867763361045e+01
8.599666007263518708e+00,1.682681771697538223e-13,2.019330739974975586e+00,1.786606788635253906e+00,2.200000000000000011e-01,1.760000000000000175e-01,1.760000000000000175e-01,1.760000000000000175e-01,1.760000000000000175e-01,4.914582958672450985e+01,4.914582958672450985e+01
8.649666007263519418e+00,0.000000000000000000e+00,1.988156199455261230e+00,1.755432248115539551e+00,2.200000000000000011e-01,1.760000000000000175e-01,1.760000000000000175e-01,1.760000000000000175e-01,1.760000000000000175e-01,4.942992049581542346e+01,4.942992049581542346e+01
8.699666007263520129e+00,1.700029006457306798e-13,1.947898387908935547e+00,1.715174436569213867e+00,2.200000000000000011e-01,1.760000000000000175e-01,1.760000000000000175e-01,1.760000000000000175e-01,1.760000000000000175e-01,4.971401140490633708e+01,4.971401140490633708e+01
8.749666007263519063e+00,1.889113865338635085e-12,1.908039689064025879e+00,1.675315737724304199e+00,2.200000000000000011e-01,1.760000000000000175e-01,1.760000000000000175e-01,1.760000000000000175e-01,1.760000000000000175e-01,4.999810231399723648e+01,4.999810231399723648e+01
8.799666007263521550e+00,2.059116765984459116e-12,1.868654012680053711e+00,1.635930061340332031e+00,2.200000000000000011e-01,1.760000000000000175e-01,1.760000000000000175e-01,1.760000000000000175e-01,1.760000000000000175e-01,5.028219322308816430e+01,5.028219322308816430e+01
8.849666007263518708e+00,3.400058012914789797e-13,1.829755783081054688e+00,1.597031831741333008e+00,2.200000000000000011e-01,1.760000000000000175e-01,1.760000000000000175e-01,1.760000000000000175e-01,1.760000000000000175e-01,5.056628413217905660e+01,5.056628413217905660e+01
8.899666007263519418e+00,1.700029006457130346e-13,1.791381359100341797e+00,1.558657407760620117e+00,2.200000000000000011e-01,1.760000000000000175e-01,1.760000000000000175e-01,1.760000000000000175e-01,1.760000000000000175e-01,5.085037504126997021e+01,5.085037504126997021e+01
8.949666007263521905e+00,5.100087019371919890e-13,1.753641605377197266e+00,1.520917654037475586e+00,2.200000000000000011e-01,1.760000000000000175e-01,1.760000000000000175e-01,1.760000000000000175e-01,1.760000000000000175e-01,5.113446595036089093e+01,5.113446595036089093e+01
8.999666007263519063e+00,3.400058012914789797e-13,1.716535806655883789e+00,1.483811855316162109e+00,2.200000000000000011e-01,1.760000000000000175e-01,1.760000000000000175e-01,1.760000000000000175e-01,1.760000000000000175e-01,5.141855685945178323e+01,5.141855685945178323e+01
9.049666007263519774e+00,1.549108064047200282e-12,1.680078983306884766e+00,1.447355031967163086e+00,2.200000000000000011e-01,1.760000000000000175e-01,1.760000000000000175e-01,1.760000000000000175e-01,1.760000000000000175e-01,5.170264776854269684e+01,5.170264776854269684e+01
9.099666007263520484e+00,1.889113865338830975e-12,1.644332647323608398e+00,1.411608695983886719e+00,2.200000000000000011e-01,1.760000000000000175e-01,1.760000000000000175e-01,1.760000000000000175e-01,1.760000000000000175e-01,5.198673867763361045e+01,5.198673867763361045e+01
9.149666007263517642e+00,3.400058012914789797e-13,1.609371066093444824e+00,1.376647114753723145e+00,2.200000000000000011e-01,1.760000000000000175e-01,1.760000000000000175e-01,1.760000000000000175e-01,1.760000000000000175e-01,5.227082958672450275e+01,5.227082958672450275e+01
9.199666007263518352e+00,1.700029006457130346e-13,1.575246095657348633e+00,1.342522144317626953e+00,2.200000000000000011e-01,1.760000000000000175e-01,1.760000000000000175e-01,1.760000000000000175e-01,1.760000000000000175e-01,5.255492049581541636e+01,5.255492049581541636e+01
9.249666007263520839e+00,1.700029006457130346e-13,1.541962981224060059e+00,1.309239029884338379e+00,2.200000000000000011e-01,1.760000000000000175e-01,1.760000000000000175e-01,1.760000000000000175e-01,1.760000000000000175e-01,5.283901140490633708e+01,5.283901140490633708e+01
9.299666007263521550e+00,1.040834085586186846e-12,1.509584069252014160e+00,1.276860117912292480e+00,2.200000000000000011e-01,1.760000000000000175e-01,1.760000000000000175e-01,1.760000000000000175e-01,1.760000000000000175e-01,5.312310231399725069e+01,5.312310231399725069e+01
9.349666007263516931e+00,8.725659084163746611e-13,1.477547049522399902e+00,1.244823098182678223e+00,2.200000000000000011e-01,1.760000000000000175e-01,1.760000000000000175e-01,1.760000000000000175e-01,1.760000000000000175e-01,5.340719322308813588e+01,5.340719322308813588e+01
9.399666007263519418e+00,1.700029006457130346e-13,1.444763064384460449e+00,1.212039113044738770e+00,2.200000000000000011e-01,1.760000000000000175e-01,1.760000000000000175e-01,1.760000000000000175e-01,1.760000000000000175e-01,5.369128413217905660e+01,5.369128413217905660e+01
9.449666007263520129e+00,0.000000000000000000e+00,1.412528395652770996e+00,1.179804444313049316e+00,2.200000000000000011e-01,1.760000000000000175e-01,1.760000000000000175e-01,1.760000000000000175e-01,1.760000000000000175e-01,5.397537504126997021e+01,5.397537504126997021e+01
9.499666007263520839e+00,0.000000000000000000e+00,1.381274104118347168e+00,1.148550152778625488e+00,2.200000000000000011e-01,1.760000000000000175e-01,1.760000000000000175e-01,1.760000000000000175e-01,1.760000000000000175e-01,5.425946595036088382e+01,5.425946595036088382e+01
9.549666007263521550e+00,1.379105163401554370e-12,1.351140975952148438e+00,1.118417024612426758e+00,2.200000000000000011e-01,1.760000000000000175e-01,1.760000000000000175e-01,1.760000000000000175e-01,1.760000000000000175e-01,5.454355685945179744e+01,5.454355685945179744e+01
9.599666007263520484e+00,1.550842787523337840e-12,1.322255373001098633e+00,1.089531421661376953e+00,2.200000000000000011e-01,1.760000000000000175e-01,1.760000000000000175e-01,1.760000000000000175e-01,1.760000000000000175e-01,5.482764776854270394e+01,5.482764776854270394e+01
9.649666007263519418e+00,1.682681771697538223e-13,1.294636845588684082e+00,1.061912894248962402e+00,2.200000000000000011e-01,1.760000000000000175e-01,1.760000000000000175e-01,1.760000000000000175e-01,1.760000000000000175e-01,5.511173867763360334e+01,5.511173867763360334e+01
9.699666007263520129e+00,0.000000000000000000e+00,1.268375873565673828e+00,1.035651922225952148e+00,2.200000000000000011e-01,1.760000000000000175e-01,1.760000000000000175e-01,1.760000000000000175e-01,1.760000000000000175e-01,5.539582958672451696e+01,5.539582958672451696e+01
9.749666007263520839e+00,1.700029006457130346e-13,1.243565201759338379e+00,1.010841250419616699e+00,2.200000000000000011e-01,1.760000000000000175e-01,1.760000000000000175e-01,1.760000000000000175e-01,1.760000000000000175e-01,5.567992049581543057e+01,5.567992049581543057e+01
9.799666007263523326e+00,8.708311849403977530e-13,1.220320105552673340e+00,9.875961542129516602e-01,2.200000000000000011e-01,1.760000000000000175e-01,1.760000000000000175e-01,1.760000000000000175e-01,1.760000000000000175e-01,5.596401140490635129e+01,5.596401140490635129e+01
9.849666007263518708e+00,1.040834085586186846e-12,1.198701739311218262e+00,9.659777879714965820e-01,2.200000000000000011e-01,1.760000000000000175e-01,1.760000000000000175e-01,1.760000000000000175e-01,1.760000000000000175e-01,5.624810231399723648e+01,5.624810231399723648e+01
9.899666007263519418e+00,1.700029006457130346e-13,1.178802371025085449e+00,9.460784196853637695e-01,2.200000000000000011e-01,1.760000000000000175e-01,1.760000000000000175e-01,1.760000000000000175e-01,1.760000000000000175e-01,5.653219322308815009e+01,5.653219322308815009e+01
9.949666007263521905e+00,5.100087019371919890e-13,1.160714626312255859e+00,9.279906749725341797e-01,2.200000000000000011e-01,1.760000000000000175e-01,1.760000000000000175e-01,1.760000000000000175e-01,1.760000000000000175e-01,5.681628413217907081e+01,5.681628413217907081e+01
9.999666007263519063e+00,3.400058012914789797e-13,1.144528388977050781e+00,9.118044376373291016e-01,2.200000000000000011e-01,1.760000000000000175e-01,1.760000000000000175e-01,1.760000000000000175e-01,1.760000000000000175e-01,5.710037504126996311e+01,5.710037504126996311e+01
1.004966600726351977e+01,1.549108064047200282e-12,1.130320668220520020e+00,8.975967168807983398e-01,2.200000000000000011e-01,1.760000000000000175e-01,1.760000000000000175e-01,1.760000000000000175e-01,1.760000000000000175e-01,5.738446595036087672e+01,5.738446595036087672e+01
1.009966600726352048e+01,1.889113865338830975e-12,1.117738127708435059e+00,8.850141763687133789e-01,2.200000000000000011e-01,1.760000000000000175e-01,1.760000000000000175e-01,1.760000000000000175e-01,1.760000000000000175e-01,5.766855685945179033e+01,5.766855685945179033e+01
1.014966600726351764e+01,3.400058012914789797e-13,1.105805039405822754e+00,8.730810880661010742e-01,2.200000000000000011e-01,1.760000000000000175e-01,1.760000000000000175e-01,1.760000000000000175e-01,1.760000000000000175e-01,5.795264776854268263e+01,5.795264776854268263e+01
1.019966600726351835e+01,1.700029006457130346e-13,1.094244718551635742e+00,8.615207672119140625e-01,2.200000000000000011e-01,1.760000000000000175e-01,1.760000000000000175e-01,1.760000000000000175e-01,1.760000000000000175e-01,5.823673867763359624e+01,5.823673867763359624e+01
1.024966600726352084e+01,1.700029006457130346e-13,1.084122657775878906e+00,8.513987064361572266e-01,2.200000000000000011e-01,1.760000000000000175e-01,1.760000000000000175e-01,1.760000000000000175e-01,1.760000000000000175e-01,5.852082958672451696e+01,5.852082958672451696e+01
1.029966600726352155e+01,1.379105163401554370e-12,1.076228976249694824e+00,8.435050249099731445e-01,2.200000000000000011e-01,1.760000000000000175e-01,1.760000000000000175e-01,1.760000000000000175e-01,1.760000000000000175e-01,5.880492049581543057e+01,5.880492049581543057e+01
1.034966600726352048e+01,1.550842787523337840e-12,1.070610284805297852e+00,8.378863334655761719e-01,2.200000000000000011e-01,1.760000000000000175e-01,1.760000000000000175e-01,1.760000000000000175e-01,1.760000000000000175e-01,5.908901140490633708e+01,5.908901140490633708e+01
1.039966600726351942e+01,1.682681771697538223e-13,1.067304015159606934e+00,8.345800638198852539e-01,2.200000000000000011e-01,1.760000000000000175e-01,1.760000000000000175e-01,1.760000000000000175e-01,1.760000000000000175e-01,5.937310231399723648e+01,5.937310231399723648e+01
1.044966600726352013e+01,0.000000000000000000e+00,1.066344738006591797e+00,8.336207866668701172e-01,2.200000000000000011e-01,1.760000000000000175e-01,1.760000000000000175e-01,1.760000000000000175e-01,1.760000000000000175e-01,5.965719322308815009e+01,5.965719322308815009e+01
1.049966600726352084e+01,0.000000000000000000e+00,1.067723870277404785e+00,8.349999189376831055e-01,2.200000000000000011e-01,1.760000000000000175e-01,1.760000000000000175e-01,1.760000000000000175e-01,1.760000000000000175e-01,5.994128413217906370e+01,5.994128413217906370e+01
1.054966600726352155e+01,1.379105163401554370e-12,1.071424126625061035e+00,8.387001752853393555e-01,2.200000000000000011e-01,1.760000000000000175e-01,1.760000000000000175e-01,1.760000000000000175e-01,1.760000000000000175e-01,6.022537504126997732e+01,6.022537504126997732e+01
1.059966600726352048e+01,1.550842787523337840e-12,1.077421903610229492e+00,8.446979522705078125e-01,2.200000000000000011e-01,1.760000000000000175e-01,1.760000000000000175e-01,1.760000000000000175e-01,1.760000000000000175e-01,6.050946595036088382e+01,6.050946595036088382e+01
1.064966600726351942e+01,1.682681771697538223e-13,1.085741877555847168e+00,8.530179262161254883e-01,2.200000000000000011e-01,1.760000000000000175e-01,1.760000000000000175e-01,1.760000000000000175e-01,1.760000000000000175e-01,6.079355685945178323e+01,6.079355685945178323e+01
1.069966600726352013e+01,0.000000000000000000e+00,1.096245050430297852e+00,8.635210990905761719e-01,2.200000000000000011e-01,1.760000000000000175e-01,1.760000000000000175e-01,1.760000000000000175e-01,1.760000000000000175e-01,6.107764776854269684e+01,6.107764776854269684e+01
1.074966600726352084e+01,1.700029006457130346e-13,1.108034968376159668e+00,8.753110170364379883e-01,2.200000000000000011e-01,1.760000000000000175e-01,1.760000000000000175e-01,1.760000000000000175e-01,1.760000000000000175e-01,6.136173867763361045e+01,6.136173867763361045e+01
1.079966600726352333e+01,8.708311849403977530e-13,1.118201613426208496e+00,8.854776620864868164e-01,2.200000000000000011e-01,1.760000000000000175e-01,1.760000000000000175e-01,1.760000000000000175e-01,1.760000000000000175e-01,6.164582958672453117e+01,6.164582958672453117e+01
1.084966600726351871e+01,1.040834085586186846e-12,1.130308747291564941e+00,8.975847959518432617e-01,2.200000000000000011e-01,1.760000000000000175e-01,1.760000000000000175e-01,1.760000000000000175e-01,1.760000000000000175e-01,6.192992049581541636e+01,6.192992049581541636e+01
1.089966600726351942e+01,1.700029006457130346e-13,1.144455432891845703e+00,9.117314815521240234e-01,2.200000000000000011e-01,1.760000000000000175e-01,1.760000000000000175e-01,1.760000000000000175e-01,1.760000000000000175e-01,6.221401140490632997e+01,6.221401140490632997e+01
1.094966600726352191e+01,5.100087019371919890e-13,1.160549879074096680e+00,9.278259277343750000e-01,2.200000000000000011e-01,1.760000000000000175e-01,1.760000000000000175e-01,1.760000000000000175e-01,1.760000000000000175e-01,6.249810231399725069e+01,6.249810231399725069e+01
1.099966600726351906e+01,3.400058012914789797e-13,1.178500890731811523e+00,9.457769393920898438e-01,2.200000000000000011e-01,1.760000000000000175e-01,1.760000000000000175e-01,1.760000000000000175e-01,1.760000000000000175e-01,6.278219322308814299e+01,6.278219322308814299e+01
1.104966600726351977e+01,1.549108064047200282e-12,1.198355436325073242e+00,9.656314849853515625e-01,2.200000000000000011e-01,1.760000000000000175e-01,1.760000000000000175e-01,1.760000000000000175e-01,1.760000000000000175e-01,6.306628413217905660e+01,6.306628413217905660e+01
1.109966600726352048e+01,1.889113865338830975e-12,1.219941020011901855e+00,9.872170686721801758e-01,2.200000000000000011e-01,1.760000000000000175e-01,1.760000000000000175e-01,1.760000000000000175e-01,1.760000000000000175e-01,6.335037504126997021e+01,6.335037504126997021e+01
1.114966600726351764e+01,6.782768791069107732e-13,1.243115425109863281e+00,1.010391473770141602e+00,2.200000000000000011e-01,1.760000000000000175e-01,1.760000000000000175e-01,1.760000000000000175e-01,1.760000000000000175e-01,6.363446595036086251e+01,6.363446595036086251e+01
1.119966600726352191e+01,5.082739784611624734e-13,1.267781972885131836e+00,1.035058021545410156e+00,2.200000000000000011e-01,1.760000000000000175e-01,1.760000000000000175e-01,1.760000000000000175e-01,1.760000000000000175e-01,6.391855685945179744e+01,6.391855685945179744e+01
1.124966600726352084e+01,1.682681771697538223e-13,1.293981432914733887e+00,1.061257481575012207e+00,2.200000000000000011e-01,1.760000000000000175e-01,1.760000000000000175e-01,1.760000000000000175e-01,1.760000000000000175e-01,6.420264776854270394e+01,6.420264776854270394e+01
1.129966600726352155e+01,1.379105163401554370e-12,1.291004180908203125e+00,1.058280229568481445e+00,2.200000000000000011e-01,1.760000000000000175e-01,1.760000000000000175e-01,1.760000000000000175e-01,1.760000000000000175e-01,6.448673867763361045e+01,6.448673867763361045e+01
1.134966600726352048e+01,1.550842787523337840e-12,1.253921389579772949e+00,1.021197438240051270e+00,2.200000000000000011e-01,1.760000000000000175e-01,1.760000000000000175e-01,1.760000000000000175e-01,1.760000000000000175e-01,6.477082958672451696e+01,6.477082958672451696e+01
1.139966600726351942e+01,3.382710778154670336e-13,1.205218195915222168e+00,9.724942445755004883e-01,2.200000000000000011e-01,1.760000000000000175e-01,1.760000000000000175e-01,1.760000000000000175e-01,1.760000000000000175e-01,6.505492049581542346e+01,6.505492049581542346e+01
1.144966600726352191e+01,3.400058012914437902e-13,1.156684875488281250e+00,9.239609241485595703e-01,2.200000000000000011e-01,1.760000000000000175e-01,1.760000000000000175e-01,1.760000000000000175e-01,1.760000000000000175e-01,6.533901140490634418e+01,6.533901140490634418e+01
1.149966600726352084e+01,1.682681771697538223e-13,1.108440637588500977e+00,8.757166862487792969e-01,2.200000000000000011e-01,1.760000000000000175e-01,1.760000000000000175e-01,1.760000000000000175e-01,1.760000000000000175e-01,6.562310231399725069e+01,6.562310231399725069e+01
1.154966600726352155e+01,1.379105163401554370e-12,1.060251474380493164e+00,8.275275230407714844e-01,2.200000000000000011e-01,1.760000000000000175e-01,1.760000000000000175e-01,1.760000000000000175e-01,1.760000000000000175e-01,6.590719322308815720e+01,6.590719322308815720e+01
1.159966600726352048e+01,1.550842787523337840e-12,1.012132644653320312e+00,7.794086933135986328e-01,2.200000000000000011e-01,1.760000000000000175e-01,1.760000000000000175e-01,1.760000000000000175e-01,1.760000000000000175e-01,6.619128413217906370e+01,6.619128413217906370e+01
1.164966600726351942e+01,3.382710778154670336e-13,9.641873836517333984e-01,7.314634323120117188e-01,2.200000000000000011e-01,1.760000000000000175e-01,1.760000000000000175e-01,1.760000000000000175e-01,1.760000000000000175e-01,6.647537504126997021e+01,6.647537504126997021e+01
1.169966600726352191e+01,3.400058012914437902e-13,9.167345166206359863e-01,6.840105056762695312e-01,2.200000000000000011e-01,1.760000000000000175e-01,1.760000000000000175e-01,1.760000000000000175e-01,1.760000000000000175e-01,6.675946595036089093e+01,6.675946595036089093e+01
1.174966600726352084e+01,0.000000000000000000e+00,8.694397807121276855e-01,6.367157697677612305e-01,2.200000000000000011e-01,1.760000000000000175e-01,1.760000000000000175e-01,1.760000000000000175e-01,1.760000000000000175e-01,6.704355685945179744e+01,6.704355685945179744e+01
1.179966600726351977e+01,1.719110964693006541e-12,8.223435282707214355e-01,5.896195173263549805e-01,2.200000000000000011e-01,1.760000000000000175e-01,1.760000000000000175e-01,1.760000000000000175e-01,1.760000000000000175e-01,6.732764776854270394e+01,6.732764776854270394e+01
1.184966600726352048e+01,1.719110964693006541e-12,7.754991650581359863e-01,5.427751541137695312e-01,2.200000000000000011e-01,1.760000000000000175e-01,1.760000000000000175e-01,1.760000000000000175e-01,1.760000000000000175e-01,6.761173867763362466e+01,6.761173867763362466e+01
1.189966600726351942e+01,3.382710778154670336e-13,7.294827699661254883e-01,4.967587888240814209e-01,2.200000000000000011e-01,1.760000000000000175e-01,1.760000000000000175e-01,1.760000000000000175e-01,1.760000000000000175e-01,6.789582958672453117e+01,6.789582958672453117e+01
1.194966600726352191e+01,3.400058012914437902e-13,6.838749647140502930e-01,4.511509835720062256e-01,2.200000000000000011e-01,1.760000000000000175e-01,1.760000000000000175e-01,1.760000000000000175e-01,1.760000000000000175e-01,6.817992049581545189e+01,6.817992049581545189e+01
1.199966600726352084e+01,0.000000000000000000e+00,6.387836337089538574e-01,4.060596525669097900e-01,2.200000000000000011e-01,1.760000000000000175e-01,1.760000000000000175e-01,1.760000000000000175e-01,1.760000000000000175e-01,6.846401140490635839e+01,6.846401140490635839e+01
1.204966600726351977e+01,1.719110964693006541e-12,5.943607091903686523e-01,3.616367280483245850e-01,2.200000000000000011e-01,1.760000000000000175e-01,1.760000000000000175e-01,1.760000000000000175e-01,1.760000000000000175e-01,6.874810231399726490e+01,6.874810231399726490e+01
1.209966600726352048e+01,1.719110964693006541e-12,5.512322783470153809e-01,3.185082972049713135e-01,2.200000000000000011e-01,1.760000000000000175e-01,1.760000000000000175e-01,1.760000000000000175e-01,1.760000000000000175e-01,6.903219322308818562e+01,6.903219322308818562e+01
1.214966600726351942e+01,3.382710778154670336e-13,5.092932581901550293e-01,2.765692770481109619e-01,2.200000000000000011e-01,1.760000000000000175e-01,1.760000000000000175e-01,1.760000000000000175e-01,1.760000000000000175e-01,6.931628413217909213e+01,6.931628413217909213e+01
1.219966600726352191e+01,3.400058012914437902e-13,4.687797129154205322e-01,2.360557317733764648e-01,2.200000000000000011e-01,1.760000000000000175e-01,1.760000000000000175e-01,1.760000000000000175e-01,1.760000000000000175e-01,6.960037504127001284e+01,6.960037504127001284e+01
1.224966600726352084e+01,3.382710778154670336e-13,4.301680624485015869e-01,1.974440813064575195e-01,2.200000000000000011e-01,1.760000000000000175e-01,1.760000000000000175e-01,1.760000000000000175e-01,1.760000000000000175e-01,6.988446595036091935e+01,6.988446595036091935e+01
1.229966600726352333e+01,1.040834085586078804e-12,3.943256735801696777e-01,1.616016924381256104e-01,2.200000000000000011e-01,1.760000000000000175e-01,1.760000000000000175e-01,1.760000000000000175e-01,1.760000000000000175e-01,7.016855685945184007e+01,7.016855685945184007e+01
1.234966600726352048e+01,1.379105163401697349e-12,3.618367612361907959e-01,1.291127800941467285e-01,2.200000000000000011e-01,1.760000000000000175e-01,1.760000000000000175e-01,1.760000000000000175e-01,1.760000000000000175e-01,7.045264776854273236e+01,7.045264776854273236e+01
1.239966600726351942e+01,3.382710778154670336e-13,3.335805833339691162e-01,1.008566021919250488e-01,2.200000000000000011e-01,1.760000000000000175e-01,1.760000000000000175e-01,1.760000000000000175e-01,1.760000000000000175e-01,7.073673867763363887e+01,7.073673867763363887e+01
1.244966600726352191e+01,3.400058012914437902e-13,3.108374476432800293e-01,7.811346650123596191e-02,2.200000000000000011e-01,1.760000000000000175e-01,1.760000000000000175e-01,1.760000000000000175e-01,1.760000000000000175e-01,7.102082958672455959e+01,7.102082958672455959e+01
1.249966600726352084e+01,0.000000000000000000e+00,2.949645519256591797e-01,6.224057078361511230e-02,2.200000000000000011e-01,1.760000000000000175e-01,1.760000000000000175e-01,1.760000000000000175e-01,1.760000000000000175e-01,7.130492049581546610e+01,7.130492049581546610e+01
1.254966600726351977e+01,1.719110964693006541e-12,2.830188870429992676e-01,5.029490590095520020e-02,2.200000000000000011e-01,1.760000000000000175e-01,1.760000000000000175e-01,1.760000000000000175e-01,1.760000000000000175e-01,7.158901140490637260e+01,7.158901140490637260e+01
1.259966600726352048e+01,1.719110964693006541e-12,2.710858583450317383e-01,3.836187720298767090e-02,2.200000000000000011e-01,1.760000000000000175e-01,1.760000000000000175e-01,1.760000000000000175e-01,1.760000000000000175e-01,7.187310231399729332e+01,7.187310231399729332e+01
1.264966600726351942e+01,3.382710778154670336e-13,2.635243237018585205e-01,3.080034255981445312e-02,2.200000000000000011e-01,1.760000000000000175e-01,1.760000000000000175e-01,1.760000000000000175e-01,1.760000000000000175e-01,7.215719322308819983e+01,7.215719322308819983e+01
1.269966600726352191e+01,3.400058012914437902e-13,2.650026082992553711e-01,3.227862715721130371e-02,2.200000000000000011e-01,1.760000000000000175e-01,1.760000000000000175e-01,1.760000000000000175e-01,1.760000000000000175e-01,7.244128413217912055e+01,7.244128413217912055e+01
1.274966600726352084e+01,3.382710778154670336e-13,2.758564651012420654e-01,4.313248395919799805e-02,2.200000000000000011e-01,1.760000000000000175e-01,1.760000000000000175e-01,1.760000000000000175e-01,1.760000000000000175e-01,7.272537504127002705e+01,7.272537504127002705e+01
1.279966600726352333e+01,1.040834085586078804e-12,2.726573944091796875e-01,3.993341326713562012e-02,2.200000000000000011e-01,1.760000000000000175e-01,1.760000000000000175e-01,1.760000000000000175e-01,1.760000000000000175e-01,7.300946595036094777e+01,7.300946595036094777e+01
1.284966600726352048e+01,1.379105163401697349e-12,2.652077674865722656e-01,3.248378634452819824e-02,2.200000000000000011e-01,1.760000000000000175e-01,1.760000000000000175e-01,1.760000000000000175e-01,1.760000000000000175e-01,7.329355685945184007e+01,7.329355685945184007e+01
1.289966600726351942e+01,3.382710778154670336e-13,2.654326260089874268e-01,3.270864486694335938e-02,2.200000000000000011e-01,1.760000000000000175e-01,1.760000000000000175e-01,1.760000000000000175e-01,1.760000000000000175e-01,7.357764776854274658e+01,7.357764776854274658e+01
1.294966600726352191e+01,3.400058012914437902e-13,2.750738859176635742e-01,4.234990477561950684e-02,2.200000000000000011e-01,1.760000000000000175e-01,1.760000000000000175e-01,1.760000000000000175e-01,1.760000000000000175e-01,7.386173867763366729e+01,7.386173867763366729e+01
1.299966600726352084e+01,0.000000000000000000e+00,2.930081188678741455e-01,6.028413772583007812e-02,2.200000000000000011e-01,1.760000000000000175e-01,1.760000000000000175e-01,1.760000000000000175e-01,1.760000000000000175e-01,7.414582958672457380e+01,7.414582958672457380e+01
1.304966600726351977e+01,3.382710778154670336e-13,3.176712095737457275e-01,8.494722843170166016e-02,2.200000000000000011e-01,1.760000000000000175e-01,1.760000000000000175e-01,1.760000000000000175e-01,1.760000000000000175e-01,7.442992049581548031e+01,7.442992049581548031e+01
1.309966600726352226e+01,6.537124964968092644e-02,3.475196063518524170e-01,1.147956252098083496e-01,2.200000000000000011e-01,1.760000000000000175e-01,1.760000000000000175e-01,1.760000000000000175e-01,1.760000000000000175e-01,7.471401140490640103e+01,7.471401140490640103e+01
1.314966556429144084e+01,2.988017083178499678e-01,3.821285665035247803e-01,1.494045853614807129e-01,2.200000000000000011e-01,1.760000000000000175e-01,1.760000000000000175e-01,1.760000000000000175e-01,1.760000000000000175e-01,7.499809979711048413e+01,7.499809979711048413e+01
1.319966366582825223e+01,4.121040702978702175e-01,4.192969799041748047e-01,1.865729987621307373e-01,2.200000000000000011e-01,1.760000000000000175e-01,1.760000000000000175e-01,1.760000000000000175e-01,1.760000000000000175e-01,7.528217991947873600e+01,7.528217991947873600e+01
1.324966208150875957e+01,4.417241270338124748e-01,4.579897820949554443e-01,2.252658009529113770e-01,2.200000000000000011e-01,1.760000000000000175e-01,1.760000000000000175e-01,1.760000000000000175e-01,1.760000000000000175e-01,7.556626182675434222e+01,7.556626182675434222e+01
1.329966067825591836e+01,4.627099832105058264e-01,4.978545308113098145e-01,2.651305496692657471e-01,2.200000000000000011e-01,1.760000000000000175e-01,1.760000000000000175e-01,1.760000000000000175e-01,1.760000000000000175e-01,7.585034476281774118e+01,7.585034476281774118e+01
1.334965915534615810e+01,4.278974895624410579e-01,5.395322442054748535e-01,3.068082630634307861e-01,2.200000000000000011e-01,1.760000000000000175e-01,1.760000000000000175e-01,1.760000000000000175e-01,1.760000000000000175e-01,7.613442701901229270e+01,7.613442701901229270e+01
1.339965713424603777e+01,4.316128264628305011e-01,5.815514922142028809e-01,3.488275110721588135e-01,2.200000000000000011e-01,1.760000000000000175e-01,1.760000000000000175e-01,1.760000000000000175e-01,1.760000000000000175e-01,7.641850644457979058e+01,7.641850644457979058e+01
1.344965517154729184e+01,4.348861785606851216e-01,6.239464879035949707e-01,3.912225067615509033e-01,2.200000000000000011e-01,1.760000000000000175e-01,1.760000000000000175e-01,1.760000000000000175e-01,1.760000000000000175e-01,7.670258620197327559e+01,7.670258620197327559e+01
1.349965386243377452e+01,5.071100528981440370e-01,6.675212383270263672e-01,4.347972571849822998e-01,2.200000000000000011e-01,1.760000000000000175e-01,1.760000000000000175e-01,1.760000000000000175e-01,1.760000000000000175e-01,7.698666967291919150e+01,7.698666967291919150e+01
1.354965252177897383e+01,4.421591817878971487e-01,7.108243107795715332e-01,4.781003296375274658e-01,2.200000000000000011e-01,1.760000000000000175e-01,1.760000000000000175e-01,1.760000000000000175e-01,1.760000000000000175e-01,7.727075296465328336e+01,7.727075296465328336e+01
1.359965050046787383e+01,4.425493312798076118e-01,7.547276616096496582e-01,5.220036506652832031e-01,2.200000000000000011e-01,1.760000000000000175e-01,1.760000000000000175e-01,1.760000000000000175e-01,1.760000000000000175e-01,7.755483238902203880e+01,7.755483238902203880e+01
1.364964839467820568e+01,4.436742193014049374e-01,7.987809777259826660e-01,5.660569667816162109e-01,2.200000000000000011e-01,1.760000000000000175e-01,1.760000000000000175e-01,1.760000000000000175e-01,1.760000000000000175e-01,7.783891133339892576e+01,7.783891133339892576e+01
1.369964685657722292e+01,5.028533449788850085e-01,8.407013416290283203e-01,6.079773902893066406e-01,2.200000000000000011e-01,1.760000000000000175e-01,1.760000000000000175e-01,1.760000000000000175e-01,1.760000000000000175e-01,7.812299350327970160e+01,7.812299350327970160e+01
1.374964529746709907e+01,4.581334161670214122e-01,8.775885105133056641e-01,6.448645591735839844e-01,2.200000000000000011e-01,1.760000000000000175e-01,1.760000000000000175e-01,1.760000000000000175e-01,1.760000000000000175e-01,7.840707555379036364e+01,7.840707555379036364e+01
1.379964332766759405e+01,4.436152543964223538e-01,9.124018549919128418e-01,6.796778440475463867e-01,2.200000000000000011e-01,1.760000000000000175e-01,1.760000000000000175e-01,1.760000000000000175e-01,1.760000000000000175e-01,7.869115527083863526e+01,7.869115527083863526e+01
1.384964119325421095e+01,4.424551401566326203e-01,9.472971558570861816e-01,7.145731449127197266e-01,2.200000000000000011e-01,1.760000000000000175e-01,1.760000000000000175e-01,1.760000000000000175e-01,1.760000000000000175e-01,7.897523405258077389e+01,7.897523405258077389e+01
1.389963954222895204e+01,4.862683716544995982e-01,9.825910329818725586e-01,7.498670816421508789e-01,2.200000000000000011e-01,1.760000000000000175e-01,1.760000000000000175e-01,1.760000000000000175e-01,1.760000000000000175e-01,7.925931558084634787e+01,7.925931558084634787e+01
1.394963794431990678e+01,4.625487058823987696e-01,1.018327593803405762e+00,7.856036424636840820e-01,2.200000000000000011e-01,1.760000000000000175e-01,1.760000000000000175e-01,1.760000000000000175e-01,1.760000000000000175e-01,7.954339741090859661e+01,7.954339741090859661e+01
1.399963613690780484e+01,4.346804123377973617e-01,1.054541945457458496e+00,8.218179941177368164e-01,2.200000000000000011e-01,1.760000000000000175e-01,1.760000000000000175e-01,1.760000000000000175e-01,1.760000000000000175e-01,7.982747805061256940e+01,7.982747805061256940e+01
1.404963405651496977e+01,4.313752941327377299e-01,1.090817093849182129e+00,8.580931425094604492e-01,2.200000000000000011e-01,1.760000000000000175e-01,1.760000000000000175e-01,1.760000000000000175e-01,1.760000000000000175e-01,8.011155713928964417e+01,8.011155713928964417e+01
1.409963228673166391e+01,4.461156818860117501e-01,1.127891778945922852e+00,8.951678276062011719e-01,2.200000000000000011e-01,1.760000000000000175e-01,1.760000000000000175e-01,1.760000000000000175e-01,1.760000000000000175e-01,8.039563799279359557e+01,8.039563799279359557e+01
1.414963087041643064e+01,4.681929896422808435e-01,1.164903163909912109e+00,9.321792125701904297e-01,2.200000000000000011e-01,1.760000000000000175e-01,1.760000000000000175e-01,1.760000000000000175e-01,1.760000000000000175e-01,8.067972085463885890e+01,8.067972085463885890e+01
1.419962947131708297e+01,4.168196634312090199e-01,1.200907468795776367e+00,9.681835174560546875e-01,2.200000000000000011e-01,1.760000000000000175e-01,1.760000000000000175e-01,1.760000000000000175e-01,1.760000000000000175e-01,8.096380381430165585e+01,8.096380381430165585e+01
1.424962759609199736e+01,4.117466503687730039e-01,1.207330346107482910e+00,9.746063947677612305e-01,2.200000000000000011e-01,1.760000000000000175e-01,1.760000000000000175e-01,1.760000000000000175e-01,1.760000000000000175e-01,8.124788406870457891e+01,8.124788406870457891e+01
1.429962572713586866e+01,2.776350028361015965e-01,1.174419522285461426e+00,9.416955709457397461e-01,2.200000000000000011e-01,1.760000000000000175e-01,1.760000000000000175e-01,1.760000000000000175e-01,1.760000000000000175e-01,8.153196435872656878e+01,8.153196435872656878e+01
1.434962536760884966e+01,4.448783383798966817e-02,1.130036950111389160e+00,8.973129987716674805e-01,2.200000000000000011e-01,1.760000000000000175e-01,1.760000000000000175e-01,1.760000000000000175e-01,1.760000000000000175e-01,8.181605322505032518e+01,8.181605322505032518e+01
1.439962536760884859e+01,1.020017403874378929e-12,1.086472511291503906e+00,8.537485599517822266e-01,2.200000000000000011e-01,1.760000000000000175e-01,1.760000000000000175e-01,1.760000000000000175e-01,1.760000000000000175e-01,8.210014413414123169e+01,8.210014413414123169e+01
1.444962536760884930e+01,9.887923813067984211e-13,1.043301939964294434e+00,8.105779886245727539e-01,2.200000000000000011e-01,1.760000000000000175e-01,1.760000000000000175e-01,1.760000000000000175e-01,1.760000000000000175e-01,8.238423504323215241e+01,8.238423504323215241e+01
1.449962536760884824e+01,9.853229343548448069e-13,1.000527858734130859e+00,7.678039073944091797e-01,2.200000000000000011e-01,1.760000000000000175e-01,1.760000000000000175e-01,1.760000000000000175e-01,1.760000000000000175e-01,8.266832595232305891e+01,8.266832595232305891e+01
1.454962536760884895e+01,0.000000000000000000e+00,9.589764475822448730e-01,7.262524366378784180e-01,2.200000000000000011e-01,1.760000000000000175e-01,1.760000000000000175e-01,1.760000000000000175e-01,1.760000000000000175e-01,8.295241686141397963e+01,8.295241686141397963e+01
1.459962536760884966e+01,1.023486850826332544e-12,9.180367588996887207e-01,6.853127479553222656e-01,2.200000000000000011e-01,1.760000000000000175e-01,1.760000000000000175e-01,1.760000000000000175e-01,1.760000000000000175e-01,8.323650777050490035e+01,8.323650777050490035e+01
1.464962536760884859e+01,1.020017403874378929e-12,8.777728676795959473e-01,6.450488567352294922e-01,2.200000000000000011e-01,1.760000000000000175e-01,1.760000000000000175e-01,1.760000000000000175e-01,1.760000000000000175e-01,8.352059867959580686e+01,8.352059867959580686e+01
1.469962536760884930e+01,0.000000000000000000e+00,8.389286994934082031e-01,6.062047481536865234e-01,2.200000000000000011e-01,1.760000000000000175e-01,1.760000000000000175e-01,1.760000000000000175e-01,1.760000000000000175e-01,8.380468958868672757e+01,8.380468958868672757e+01
1.474962536760885001e+01,0.000000000000000000e+00,8.012984395027160645e-01,5.685744285583496094e-01,2.200000000000000011e-01,1.760000000000000175e-01,1.760000000000000175e-01,1.760000000000000175e-01,1.760000000000000175e-01,8.408878049777764829e+01,8.408878049777764829e+01
1.479962536760885072e+01,3.469446951953935413e-14,7.645070552825927734e-01,5.317831039428710938e-01,2.200000000000000011e-01,1.760000000000000175e-01,1.760000000000000175e-01,1.760000000000000175e-01,1.760000000000000175e-01,8.437287140686856901e+01,8.437287140686856901e+01
1.484962536760884610e+01,3.469446951953935413e-14,7.285369634628295898e-01,4.958129823207855225e-01,2.200000000000000011e-01,1.760000000000000175e-01,1.760000000000000175e-01,1.760000000000000175e-01,1.760000000000000175e-01,8.465696231595946131e+01,8.465696231595946131e+01
1.489962536760884682e+01,0.000000000000000000e+00,6.908679604530334473e-01,4.581439793109893799e-01,2.200000000000000011e-01,1.760000000000000175e-01,1.760000000000000175e-01,1.760000000000000175e-01,1.760000000000000175e-01,8.494105322505038203e+01,8.494105322505038203e+01
1.494962536760884753e+01,1.023486850826332544e-12,6.517443656921386719e-01,4.190203845500946045e-01,2.200000000000000011e-01,1.760000000000000175e-01,1.760000000000000175e-01,1.760000000000000175e-01,1.760000000000000175e-01,8.522514413414130274e+01,8.522514413414130274e+01
1.499962536760884646e+01,1.020017403874378929e-12,6.055660843849182129e-01,3.728421032428741455e-01,2.200000000000000011e-01,1.760000000000000175e-01,1.760000000000000175e-01,1.760000000000000175e-01,1.760000000000000175e-01,8.550923504323220925e+01,8.550923504323220925e+01
1.504962536760884717e+01,0.000000000000000000e+00,5.609211921691894531e-01,3.281972110271453857e-01,2.200000000000000011e-01,1.760000000000000175e-01,1.760000000000000175e-01,1.760000000000000175e-01,1.760000000000000175e-01,8.579332595232312997e+01,8.579332595232312997e+01
1.509962536760884788e+01,9.887923813067984211e-13,5.166854858398437500e-01,2.839615046977996826e-01,2.200000000000000011e-01,1.760000000000000175e-01,1.760000000000000175e-01,1.760000000000000175e-01,1.760000000000000175e-01,8.607741686141405069e+01,8.607741686141405069e+01
1.514962536760884682e+01,9.853229343548448069e-13,4.731777310371398926e-01,2.404537498950958252e-01,2.200000000000000011e-01,1.760000000000000175e-01,1.760000000000000175e-01,1.760000000000000175e-01,1.760000000000000175e-01,8.636150777050495719e+01,8.636150777050495719e+01
1.519962536760884753e+01,1.023486850826332544e-12,4.320601820945739746e-01,1.993362009525299072e-01,2.200000000000000011e-01,1.760000000000000175e-01,1.760000000000000175e-01,1.760000000000000175e-01,1.760000000000000175e-01,8.664559867959587791e+01,8.664559867959587791e+01
1.524962536760884646e+01,1.020017403874378929e-12,3.926306068897247314e-01,1.599066257476806641e-01,2.200000000000000011e-01,1.760000000000000175e-01,1.760000000000000175e-01,1.760000000000000175e-01,1.760000000000000175e-01,8.692968958868678442e+01,8.692968958868678442e+01
1.529962536760884717e+01,0.000000000000000000e+00,3.552068471908569336e-01,1.224828660488128662e-01,2.200000000000000011e-01,1.760000000000000175e-01,1.760000000000000175e-01,1.760000000000000175e-01,1.760000000000000175e-01,8.721378049777770514e+01,8.721378049777770514e+01
1.534962536760884788e+01,9.887923813067984211e-13,3.220044970512390137e-01,8.928051590919494629e-02,2.200000000000000011e-01,1.760000000000000175e-01,1.760000000000000175e-01,1.760000000000000175e-01,1.760000000000000175e-01,8.749787140686862585e+01,8.749787140686862585e+01
1.539962536760884682e+01,6.304396666399762761e-02,2.937496900558471680e-01,6.102570891380310059e-02,2.200000000000000011e-01,1.760000000000000175e-01,1.760000000000000175e-01,1.760000000000000175e-01,1.760000000000000175e-01,8.778196231595953236e+01,8.778196231595953236e+01
1.544962493091464140e+01,4.921628639244288728e-01,2.707359492778778076e-01,3.801196813583374023e-02,2.200000000000000011e-01,1.760000000000000175e-01,1.760000000000000175e-01,1.760000000000000175e-01,1.760000000000000175e-01,8.806605074383337239e+01,8.806605074383337239e+01
1.549962293414285064e+01,5.648984986794416407e-01,2.548723518848419189e-01,2.214837074279785156e-02,2.200000000000000011e-01,1.760000000000000175e-01,1.760000000000000175e-01,1.760000000000000175e-01,1.760000000000000175e-01,8.835013030763002462e+01,8.835013030763002462e+01
1.554962093318957272e+01,6.093780106357425952e-01,2.474558353424072266e-01,1.473185420036315918e-02,2.200000000000000011e-01,1.760000000000000175e-01,1.760000000000000175e-01,1.760000000000000175e-01,1.760000000000000175e-01,8.863420984766821675e+01,8.863420984766821675e+01
1.559961893219047013e+01,5.710032452211444287e-01,2.476875483989715576e-01,1.496356725692749023e-02,2.200000000000000011e-01,1.760000000000000175e-01,1.760000000000000175e-01,1.760000000000000175e-01,1.760000000000000175e-01,8.891828938744603761e+01,8.891828938744603761e+01
1.564961692879386845e+01,6.188285488722448102e-01,2.558580338954925537e-01,2.313405275344848633e-02,2.200000000000000011e-01,1.760000000000000175e-01,1.760000000000000175e-01,1.760000000000000175e-01,1.760000000000000175e-01,8.920236891360171683e+01,8.920236891360171683e+01
1.569961489203497784e+01,5.762289966530240726e-01,2.654412686824798584e-01,3.271728754043579102e-02,2.200000000000000011e-01,1.760000000000000175e-01,1.760000000000000175e-01,1.760000000000000175e-01,1.760000000000000175e-01,8.948644825019893290e+01,8.948644825019893290e+01
1.574961283410587676e+01,6.169425272325135268e-01,2.699347734451293945e-01,3.721079230308532715e-02,2.200000000000000011e-01,1.760000000000000175e-01,1.760000000000000175e-01,1.760000000000000175e-01,1.760000000000000175e-01,8.977052746651085613e+01,8.977052746651085613e+01
1.579961072586739235e+01,5.778218181602654546e-01,2.814290523529052734e-01,4.870507121086120605e-02,2.200000000000000011e-01,1.760000000000000175e-01,1.760000000000000175e-01,1.760000000000000175e-01,1.760000000000000175e-01,9.005460639697400893e+01,9.005460639697400893e+01
1.584960865393668961e+01,6.080826726378045777e-01,2.993405759334564209e-01,6.661659479141235352e-02,2.200000000000000011e-01,1.760000000000000175e-01,1.760000000000000175e-01,1.760000000000000175e-01,1.760000000000000175e-01,9.033868553373137900e+01,9.033868553373137900e+01
1.589960652201359892e+01,5.744810295315714299e-01,3.173254728317260742e-01,8.460149168968200684e-02,2.200000000000000011e-01,1.760000000000000175e-01,1.760000000000000175e-01,1.760000000000000175e-01,1.760000000000000175e-01,9.062276432962291040e+01,9.062276432962291040e+01
1.594960446577147906e+01,5.909058901249599760e-01,3.254287242889404297e-01,9.270474314689636230e-02,2.200000000000000011e-01,1.760000000000000175e-01,1.760000000000000175e-01,1.760000000000000175e-01,1.760000000000000175e-01,9.090684355551995566e+01,9.090684355551995566e+01
1.599960235155980470e+01,4.126571203147814670e-01,3.294186592102050781e-01,9.669467806816101074e-02,2.200000000000000011e-01,1.760000000000000175e-01,1.760000000000000175e-01,1.760000000000000175e-01,1.760000000000000175e-01,9.119092245204453206e+01,9.119092245204453206e+01
1.604960217859137472e+01,3.298311153652535438e-02,3.396663665771484375e-01,1.069423854351043701e-01,2.200000000000000011e-01,1.760000000000000175e-01,1.760000000000000175e-01,1.760000000000000175e-01,1.760000000000000175e-01,9.147501237836026178e+01,9.147501237836026178e+01
1.609960217859137543e+01,2.593411596585177568e-12,3.567685186862945557e-01,1.240445375442504883e-01,2.200000000000000011e-01,1.760000000000000175e-01,1.760000000000000175e-01,1.760000000000000175e-01,1.760000000000000175e-01,9.175910328745116828e+01,9.175910328745116828e+01
1.614960217859137614e+01,5.828670879281791129e-13,3.771669268608093262e-01,1.444429457187652588e-01,2.200000000000000011e-01,1.760000000000000175e-01,1.760000000000000175e-01,1.760000000000000175e-01,1.760000000000000175e-01,9.204319419654208900e+01,9.204319419654208900e+01
1.619960217859137686e+01,2.591676873109703209e-12,4.001582264900207520e-01,1.674342453479766846e-01,2.200000000000000011e-01,1.760000000000000175e-01,1.760000000000000175e-01,1.760000000000000175e-01,1.760000000000000175e-01,9.232728510563299551e+01,9.232728510563299551e+01
1.624960217859137401e+01,7.147060721025038957e-13,4.274076819419860840e-01,1.946837007999420166e-01,2.200000000000000011e-01,1.760000000000000175e-01,1.760000000000000175e-01,1.760000000000000175e-01,1.760000000000000175e-01,9.261137601472388781e+01,9.261137601472388781e+01
1.629960217859137472e+01,1.295838436554543633e-12,4.584415555000305176e-01,2.257175743579864502e-01,2.200000000000000011e-01,1.760000000000000175e-01,1.760000000000000175e-01,1.760000000000000175e-01,1.760000000000000175e-01,9.289546692381480852e+01,9.289546692381480852e+01
1.634960217859137543e+01,1.295838436554543633e-12,4.925511479377746582e-01,2.598271667957305908e-01,2.200000000000000011e-01,1.760000000000000175e-01,1.760000000000000175e-01,1.760000000000000175e-01,1.760000000000000175e-01,9.317955783290572924e+01,9.317955783290572924e+01
1.639960217859137614e+01,7.129713486265268867e-13,5.292108654975891113e-01,2.964868843555450439e-01,2.200000000000000011e-01,1.760000000000000175e-01,1.760000000000000175e-01,1.760000000000000175e-01,1.760000000000000175e-01,9.346364874199664996e+01,9.346364874199664996e+01
1.644960217859137330e+01,2.010544508657198182e-12,5.677356719970703125e-01,3.350116908550262451e-01,2.200000000000000011e-01,1.760000000000000175e-01,1.760000000000000175e-01,1.760000000000000175e-01,1.760000000000000175e-01,9.374773965108754226e+01,9.374773965108754226e+01
1.649960217859137401e+01,5.828670879281791129e-13,6.081337332725524902e-01,3.754097521305084229e-01,2.200000000000000011e-01,1.760000000000000175e-01,1.760000000000000175e-01,1.760000000000000175e-01,1.760000000000000175e-01,9.403183056017846297e+01,9.403183056017846297e+01
1.654960217859137472e+01,3.174543961037681383e-12,6.497017741203308105e-01,4.169777929782867432e-01,2.200000000000000011e-01,1.760000000000000175e-01,1.760000000000000175e-01,1.760000000000000175e-01,1.760000000000000175e-01,9.431592146926936948e+01,9.431592146926936948e+01
1.659960217859137543e+01,1.297573160030633733e-12,6.924306154251098633e-01,4.597066342830657959e-01,2.200000000000000011e-01,1.760000000000000175e-01,1.760000000000000175e-01,1.760000000000000175e-01,1.760000000000000175e-01,9.460001237836027599e+01,9.460001237836027599e+01
1.664960217859137614e+01,7.129713486265268867e-13,7.360952496528625488e-01,5.033712387084960938e-01,2.200000000000000011e-01,1.760000000000000175e-01,1.760000000000000175e-01,1.760000000000000175e-01,1.760000000000000175e-01,9.488410328745119671e+01,9.488410328745119671e+01
1.669960217859137330e+01,2.010544508657198182e-12,7.805176973342895508e-01,5.477937459945678711e-01,2.200000000000000011e-01,1.760000000000000175e-01,1.760000000000000175e-01,1.760000000000000175e-01,1.760000000000000175e-01,9.516819419654208900e+01,9.516819419654208900e+01
1.674960217859137401e+01,1.295838436554543633e-12,8.258014917373657227e-01,5.930775403976440430e-01,2.200000000000000011e-01,1.760000000000000175e-01,1.760000000000000175e-01,1.760000000000000175e-01,1.760000000000000175e-01,9.545228510563300972e+01,9.545228510563300972e+01
1.679960217859137472e+01,1.878705524482874005e-12,8.713803887367248535e-01,6.386563777923583984e-01,2.200000000000000011e-01,1.760000000000000175e-01,1.760000000000000175e-01,1.760000000000000175e-01,1.760000000000000175e-01,9.573637601472393044e+01,9.573637601472393044e+01
1.684960217859137543e+01,5.828670879281791129e-13,8.710716366767883301e-01,6.383476257324218750e-01,2.200000000000000011e-01,1.760000000000000175e-01,1.760000000000000175e-01,1.760000000000000175e-01,1.760000000000000175e-01,9.602046692381483695e+01,9.602046692381483695e+01
1.689960217859137614e+01,2.008809785181221375e-12,8.533570766448974609e-01,6.206331253051757812e-01,2.200000000000000011e-01,1.760000000000000175e-01,1.760000000000000175e-01,1.760000000000000175e-01,1.760000000000000175e-01,9.630455783290575766e+01,9.630455783290575766e+01
1.694960217859137330e+01,7.147060721025038957e-13,8.356235027313232422e-01,6.028995513916015625e-01,2.200000000000000011e-01,1.760000000000000175e-01,1.760000000000000175e-01,1.760000000000000175e-01,1.760000000000000175e-01,9.658864874199664996e+01,9.658864874199664996e+01
1.699960217859137401e+01,1.295838436554656926e-12,8.178837895393371582e-01,5.851597785949707031e-01,2.200000000000000011e-01,1.760000000000000175e-01,1.760000000000000175e-01,1.760000000000000175e-01,1.760000000000000175e-01,9.687273965108757068e+01,9.687273965108757068e+01
1.704960217859137472e+01,2.593411596585177568e-12,8.011547327041625977e-01,5.684307813644409180e-01,2.200000000000000011e-01,1.760000000000000175e-01,1.760000000000000175e-01,1.760000000000000175e-01,1.760000000000000175e-01,9.715683056017847719e+01,9.715683056017847719e+01
1.709960217859137543e+01,1.295838436554543633e-12,7.874588370323181152e-01,5.547348260879516602e-01,2.200000000000000011e-01,1.760000000000000175e-01,1.760000000000000175e-01,1.760000000000000175e-01,1.760000000000000175e-01,9.744092146926939790e+01,9.744092146926939790e+01
1.714960217859137614e+01,7.129713486265268867e-13,7.766052484512329102e-01,5.438812971115112305e-01,2.200000000000000011e-01,1.760000000000000175e-01,1.760000000000000175e-01,1.760000000000000175e-01,1.760000000000000175e-01,9.772501237836031862e+01,9.772501237836031862e+01
1.719960217859137330e+01,2.591676873109703209e-12,7.688075304031372070e-01,5.360835790634155273e-01,2.200000000000000011e-01,1.760000000000000175e-01,1.760000000000000175e-01,1.760000000000000175e-01,1.760000000000000175e-01,9.800910328745121092e+01,9.800910328745121092e+01
1.724960217859137401e+01,5.828670879281791129e-13,7.643836140632629395e-01,5.316596031188964844e-01,2.200000000000000011e-01,1.760000000000000175e-01,1.760000000000000175e-01,1.760000000000000175e-01,1.760000000000000175e-01,9.829319419654211742e+01,9.829319419654211742e+01
1.729960217859137472e+01,1.295838436554543633e-12,7.631928920745849609e-01,5.304689407348632812e-01,2.200000000000000011e-01,1.760000000000000175e-01,1.760000000000000175e-01,1.760000000000000175e-01,1.760000000000000175e-01,9.857728510563303814e+01,9.857728510563303814e+01
1.734960217859137543e+01,1.295838436554656926e-12,7.653787136077880859e-01,5.326547622680664062e-01,2.200000000000000011e-01,1.760000000000000175e-01,1.760000000000000175e-01,1.760000000000000175e-01,1.760000000000000175e-01,9.886137601472395886e+01,9.886137601472395886e+01
1.739960217859137614e+01,3.176278684513658190e-12,7.707331776618957520e-01,5.380091667175292969e-01,2.200000000000000011e-01,1.760000000000000175e-01,1.760000000000000175e-01,1.760000000000000175e-01,1.760000000000000175e-01,9.914546692381486537e+01,9.914546692381486537e+01
1.744960217859137686e+01,1.878705524482874005e-12,7.792564034461975098e-01,5.465323925018310547e-01,2.200000000000000011e-01,1.760000000000000175e-01,1.760000000000000175e-01,1.760000000000000175e-01,1.760000000000000175e-01,9.942955783290577187e+01,9.942955783290577187e+01
1.749960217859137757e+01,7.129713486265268867e-13,7.908374071121215820e-01,5.581134557723999023e-01,2.200000000000000011e-01,1.760000000000000175e-01,1.760000000000000175e-01,1.760000000000000175e-01,1.760000000000000175e-01,9.971364874199669259e+01,9.971364874199669259e+01
1.754960217859137472e+01,2.010544508657198182e-12,8.053275942802429199e-01,5.726035833358764648e-01,2.200000000000000011e-01,1.760000000000000175e-01,1.760000000000000175e-01,1.760000000000000175e-01,1.760000000000000175e-01,9.999773965108758489e+01,9.999773965108758489e+01
1.759960217859137543e+01,0.000000000000000000e+00,8.225892186164855957e-01,5.898652076721191406e-01,2.200000000000000011e-01,1.760000000000000175e-01,1.760000000000000175e-01,1.760000000000000175e-01,1.760000000000000175e-01,1.002818305601785056e+02,1.002818305601785056e+02
1.764960217859137614e+01,2.008809785181221375e-12,8.420746922492980957e-01,6.093506813049316406e-01,2.200000000000000011e-01,1.760000000000000175e-01,1.760000000000000175e-01,1.760000000000000175e-01,1.760000000000000175e-01,1.005659214692694263e+02,1.005659214692694263e+02
1.769960217859137330e+01,7.147060721025038957e-13,8.625716567039489746e-01,6.298476457595825195e-01,2.200000000000000011e-01,1.760000000000000175e-01,1.760000000000000175e-01,1.760000000000000175e-01,1.760000000000000175e-01,1.008500123783603186e+02,1.008500123783603186e+02
1.774960217859137401e+01,1.295838436554543633e-12,8.830685615539550781e-01,6.503446102142333984e-01,2.200000000000000011e-01,1.760000000000000175e-01,1.760000000000000175e-01,1.760000000000000175e-01,1.760000000000000175e-01,1.011341032874512393e+02,1.011341032874512393e+02
1.779960217859137472e+01,7.129713486264645856e-13,9.035654664039611816e-01,6.708414554595947266e-01,2.200000000000000011e-01,1.760000000000000175e-01,1.760000000000000175e-01,1.760000000000000175e-01,1.760000000000000175e-01,1.014181941965421601e+02,1.014181941965421601e+02
1.784960217859137188e+01,1.878705524483037987e-12,9.240623712539672852e-01,6.913384199142456055e-01,2.200000000000000011e-01,1.760000000000000175e-01,1.760000000000000175e-01,1.760000000000000175e-01,1.760000000000000175e-01,1.017022851056330524e+02,1.017022851056330524e+02
1.789960217859137259e+01,3.176278684513658190e-12,9.456279873847961426e-01,7.129039764404296875e-01,2.200000000000000011e-01,1.760000000000000175e-01,1.760000000000000175e-01,1.760000000000000175e-01,1.760000000000000175e-01,1.019863760147239589e+02,1.019863760147239589e+02
1.794960217859137330e+01,5.828670879281791129e-13,9.691413044929504395e-01,7.364172935485839844e-01,2.200000000000000011e-01,1.760000000000000175e-01,1.760000000000000175e-01,1.760000000000000175e-01,1.760000000000000175e-01,1.022704669238148654e+02,1.022704669238148654e+02
1.799960217859137401e+01,2.591676873109200761e-12,9.945937991142272949e-01,7.618697881698608398e-01,2.200000000000000011e-01,1.760000000000000175e-01,1.760000000000000175e-01,1.760000000000000175e-01,1.760000000000000175e-01,1.025545578329057861e+02,1.025545578329057861e+02
1.804960217859137472e+01,1.297573160030633733e-12,1.021836757659912109e+00,7.891128063201904297e-01,2.200000000000000011e-01,1.760000000000000175e-01,1.760000000000000175e-01,1.760000000000000175e-01,1.760000000000000175e-01,1.028386487419966926e+02,1.028386487419966926e+02
1.809960217859137543e+01,1.295838436554656926e-12,1.050745606422424316e+00,8.180216550827026367e-01,2.200000000000000011e-01,1.760000000000000175e-01,1.760000000000000175e-01,1.760000000000000175e-01,1.760000000000000175e-01,1.031227396510876133e+02,1.031227396510876133e+02
1.814960217859137614e+01,3.757411048966277115e-12,1.081159114837646484e+00,8.484351634979248047e-01,2.200000000000000011e-01,1.760000000000000175e-01,1.760000000000000175e-01,1.760000000000000175e-01,1.760000000000000175e-01,1.034068305601785198e+02,1.034068305601785198e+02
1.819960217859137330e+01,2.459837888935340662e-12,1.072479128837585449e+00,8.397551774978637695e-01,2.200000000000000011e-01,1.760000000000000175e-01,1.760000000000000175e-01,1.760000000000000175e-01,1.760000000000000175e-01,1.036909214692694121e+02,1.036909214692694121e+02
1.824960217859137401e+01,1.295838436554543633e-12,1.027353405952453613e+00,7.946294546127319336e-01,2.200000000000000011e-01,1.760000000000000175e-01,1.760000000000000175e-01,1.760000000000000175e-01,1.760000000000000175e-01,1.039750123783603328e+02,1.039750123783603328e+02
1.829960217859137472e+01,0.000000000000000000e+00,9.803663492202758789e-01,7.476423978805541992e-01,2.200000000000000011e-01,1.760000000000000175e-01,1.760000000000000175e-01,1.760000000000000175e-01,1.760000000000000175e-01,1.042591032874512535e+02,1.042591032874512535e+02
1.834960217859137543e+01,2.591676873109200761e-12,9.337446689605712891e-01,7.010207176208496094e-01,2.200000000000000011e-01,1.760000000000000175e-01,1.760000000000000175e-01,1.760000000000000175e-01,1.760000000000000175e-01,1.045431941965421743e+02,1.045431941965421743e+02
1.839960217859137614e+01,1.880440247959015198e-12,8.873772621154785156e-01,6.546533107757568359e-01,2.200000000000000011e-01,1.760000000000000175e-01,1.760000000000000175e-01,1.760000000000000175e-01,1.760000000000000175e-01,1.048272851056330808e+02,1.048272851056330808e+02
1.844960217859137330e+01,1.295838436554908150e-12,8.403108716011047363e-01,6.075868606567382812e-01,2.200000000000000011e-01,1.760000000000000175e-01,1.760000000000000175e-01,1.760000000000000175e-01,1.760000000000000175e-01,1.051113760147239731e+02,1.051113760147239731e+02
1.849960217859137046e+01,2.010544508657198182e-12,7.935064435005187988e-01,5.607824325561523438e-01,2.200000000000000011e-01,1.760000000000000175e-01,1.760000000000000175e-01,1.760000000000000175e-01,1.760000000000000175e-01,1.053954669238148654e+02,1.053954669238148654e+02
1.854960217859137117e+01,1.295838436554543633e-12,7.469999790191650391e-01,5.142760276794433594e-01,2.200000000000000011e-01,1.760000000000000175e-01,1.760000000000000175e-01,1.760000000000000175e-01,1.760000000000000175e-01,1.056795578329057861e+02,1.056795578329057861e+02
1.859960217859137188e+01,1.295838436554543633e-12,7.009826898574829102e-01,4.682587087154388428e-01,2.200000000000000011e-01,1.760000000000000175e-01,1.760000000000000175e-01,1.760000000000000175e-01,1.760000000000000175e-01,1.059636487419967068e+02,1.059636487419967068e+02
1.864960217859137259e+01,2.008809785181221375e-12,6.553345322608947754e-01,4.226105511188507080e-01,2.200000000000000011e-01,1.760000000000000175e-01,1.760000000000000175e-01,1.760000000000000175e-01,1.760000000000000175e-01,1.062477396510876275e+02,1.062477396510876275e+02
1.869960217859136975e+01,2.010544508657198182e-12,6.106921434402465820e-01,3.779681622982025146e-01,2.200000000000000011e-01,1.760000000000000175e-01,1.760000000000000175e-01,1.760000000000000175e-01,1.760000000000000175e-01,1.065318305601785198e+02,1.065318305601785198e+02
1.874960217859137046e+01,7.129713486264645856e-13,5.666238069534301758e-01,3.338998258113861084e-01,2.200000000000000011e-01,1.760000000000000175e-01,1.760000000000000175e-01,1.760000000000000175e-01,1.760000000000000175e-01,1.068159214692694405e+02,1.068159214692694405e+02
1.879960217859136762e+01,1.878705524483037987e-12,5.237817168235778809e-01,2.910577356815338135e-01,2.200000000000000011e-01,1.760000000000000175e-01,1.760000000000000175e-01,1.760000000000000175e-01,1.760000000000000175e-01,1.071000123783603328e+02,1.071000123783603328e+02
1.884960217859136833e+01,2.593411596585177568e-12,4.821995496749877930e-01,2.494755685329437256e-01,2.200000000000000011e-01,1.760000000000000175e-01,1.760000000000000175e-01,1.760000000000000175e-01,1.760000000000000175e-01,1.073841032874512393e+02,1.073841032874512393e+02
1.889960217859136904e+01,7.129713486264645856e-13,4.422323107719421387e-01,2.095083296298980713e-01,2.200000000000000011e-01,1.760000000000000175e-01,1.760000000000000175e-01,1.760000000000000175e-01,1.760000000000000175e-01,1.076681941965421601e+02,1.076681941965421601e+02
1.894960217859136620e+01,1.878705524483037987e-12,4.047980904579162598e-01,1.720741093158721924e-01,2.200000000000000011e-01,1.760000000000000175e-01,1.760000000000000175e-01,1.760000000000000175e-01,1.760000000000000175e-01,1.079522851056330524e+02,1.079522851056330524e+02
1.899960217859136691e+01,2.593411596585177568e-12,3.704478740692138672e-01,1.377238929271697998e-01,2.200000000000000011e-01,1.760000000000000175e-01,1.760000000000000175e-01,1.760000000000000175e-01,1.760000000000000175e-01,1.082363760147239589e+02,1.082363760147239589e+02
1.904960217859136762e+01,0.000000000000000000e+00,3.400951921939849854e-01,1.073712110519409180e-01,2.200000000000000011e-01,1.760000000000000175e-01,1.760000000000000175e-01,1.760000000000000175e-01,1.760000000000000175e-01,1.085204669238148796e+02,1.085204669238148796e+02
1.909960217859136833e+01,7.129713486264645856e-13,3.147140741348266602e-01,8.199009299278259277e-02,2.200000000000000011e-01,1.760000000000000175e-01,1.760000000000000175e-01,1.760000000000000175e-01,1.760000000000000175e-01,1.088045578329058003e+02,1.088045578329058003e+02
1.914960217859136549e+01,1.878705524483037987e-12,2.930175662040710449e-01,6.029358506202697754e-02,2.200000000000000011e-01,1.760000000000000175e-01,1.760000000000000175e-01,1.760000000000000175e-01,1.760000000000000175e-01,1.090886487419966926e+02,1.090886487419966926e+02
1.919960217859136620e+01,5.828670879282810968e-13,2.749177515506744385e-01,4.219377040863037109e-02,2.200000000000000011e-01,1.760000000000000175e-01,1.760000000000000175e-01,1.760000000000000175e-01,1.760000000000000175e-01,1.093727396510875991e+02,1.093727396510875991e+02
1.924960217859136336e+01,3.306382945211779782e-12,2.631255984306335449e-01,3.040161728858947754e-02,2.200000000000000011e-01,1.760000000000000175e-01,1.760000000000000175e-01,1.760000000000000175e-01,1.760000000000000175e-01,1.096568305601784914e+02,1.096568305601784914e+02
1.929960217859136762e+01,3.889250033139607302e-12,2.606535851955413818e-01,2.792960405349731445e-02,2.200000000000000011e-01,1.760000000000000175e-01,1.760000000000000175e-01,1.760000000000000175e-01,1.760000000000000175e-01,1.099409214692694263e+02,1.099409214692694263e+02
1.934960217859136833e+01,2.593411596585177568e-12,2.644664347171783447e-01,3.174245357513427734e-02,2.200000000000000011e-01,1.760000000000000175e-01,1.760000000000000175e-01,1.760000000000000175e-01,1.760000000000000175e-01,1.102250123783603328e+02,1.102250123783603328e+02
1.939960217859136904e+01,5.828670879281791129e-13,2.645654380321502686e-01,3.184145689010620117e-02,2.200000000000000011e-01,1.760000000000000175e-01,1.760000000000000175e-01,1.760000000000000175e-01,1.760000000000000175e-01,1.105091032874512535e+02,1.105091032874512535e+02
1.944960217859136975e+01,2.591676873109703209e-12,2.684362530708312988e-01,3.571227192878723145e-02,2.200000000000000011e-01,1.760000000000000175e-01,1.760000000000000175e-01,1.760000000000000175e-01,1.760000000000000175e-01,1.107931941965421601e+02,1.107931941965421601e+02
1.949960217859136691e+01,7.147060721025038957e-13,2.687510251998901367e-01,3.602704405784606934e-02,2.200000000000000011e-01,1.760000000000000175e-01,1.760000000000000175e-01,1.760000000000000175e-01,1.760000000000000175e-01,1.110772851056330524e+02,1.110772851056330524e+02
1.954960217859136762e+01,1.295838436554656926e-12,2.719147205352783203e-01,3.919073939323425293e-02,2.200000000000000011e-01,1.760000000000000175e-01,1.760000000000000175e-01,1.760000000000000175e-01,1.760000000000000175e-01,1.113613760147239731e+02,1.113613760147239731e+02
1.959960217859136833e+01,3.889250033139607302e-12,2.736469507217407227e-01,4.092296957969665527e-02,2.200000000000000011e-01,1.760000000000000175e-01,1.760000000000000175e-01,1.760000000000000175e-01,1.760000000000000175e-01,1.116454669238148796e+02,1.116454669238148796e+02
1.964960217859137259e+01,3.889250033139607302e-12,2.753763794898986816e-01,4.265239834785461426e-02,2.200000000000000011e-01,1.760000000000000175e-01,1.760000000000000175e-01,1.760000000000000175e-01,1.760000000000000175e-01,1.119295578329058145e+02,1.119295578329058145e+02
1.969960217859137330e+01,3.176278684513658190e-12,2.847767472267150879e-01,5.205276608467102051e-02,2.200000000000000011e-01,1.760000000000000175e-01,1.760000000000000175e-01,1.760000000000000175e-01,1.760000000000000175e-01,1.122136487419967210e+02,1.122136487419967210e+02
1.974960217859137401e+01,4.776502829068378364e-02,3.017958104610443115e-01,6.907182931900024414e-02,2.200000000000000011e-01,1.760000000000000175e-01,1.760000000000000175e-01,1.760000000000000175e-01,1.760000000000000175e-01,1.124977396510876275e+02,1.124977396510876275e+02
1.979960196781010140e+01,1.366396420680369705e-01,3.263176381587982178e-01,9.359365701675415039e-02,2.200000000000000011e-01,1.760000000000000175e-01,1.760000000000000175e-01,1.760000000000000175e-01,1.760000000000000175e-01,1.127818293625576729e+02,1.127818293625576729e+02
1.984960126034962968e+01,2.083319158972979090e-01,3.551142811775207520e-01,1.223903000354766846e-01,2.200000000000000011e-01,1.760000000000000175e-01,1.760000000000000175e-01,1.760000000000000175e-01,1.760000000000000175e-01,1.130659162519868204e+02,1.130659162519868204e+02
1.989960079565835116e+01,2.094926984262600045e-01,3.886000216007232666e-01,1.558760404586791992e-01,2.200000000000000011e-01,1.760000000000000175e-01,1.760000000000000175e-01,1.760000000000000175e-01,1.760000000000000175e-01,1.133500045207863707e+02,1.133500045207863707e+02
1.994960067936026960e+01,2.311336794057685107e-01,4.245993494987487793e-01,1.918753683567047119e-01,2.200000000000000011e-01,1.760000000000000175e-01,1.760000000000000175e-01,1.760000000000000175e-01,1.760000000000000175e-01,1.136340947690927266e+02,1.136340947690927266e+02
1.999960067936026675e+01,2.194009854357457656e-01,4.629016518592834473e-01,2.301776707172393799e-01,2.200000000000000011e-01,1.760000000000000175e-01,1.760000000000000175e-01,1.760000000000000175e-01,1.760000000000000175e-01,1.139181856781836188e+02,1.139181856781836188e+02
2.004960039751537693e+01,2.122988634085781479e-01,5.031508803367614746e-01,2.704268991947174072e-01,2.200000000000000011e-01,1.760000000000000175e-01,1.760000000000000175e-01,1.760000000000000175e-01,1.760000000000000175e-01,1.142022749858831077e+02,1.142022749858831077e+02
2.009959981131796525e+01,2.131684501227328610e-01,5.443429350852966309e-01,3.116189539432525635e-01,2.200000000000000011e-01,1.760000000000000175e-01,1.760000000000000175e-01,1.760000000000000175e-01,1.760000000000000175e-01,1.144863625643069156e+02,1.144863625643069156e+02
2.014959902039765893e+01,2.139573079929767974e-01,5.871452093124389648e-01,3.544212281703948975e-01,2.200000000000000011e-01,1.760000000000000175e-01,1.760000000000000175e-01,1.760000000000000175e-01,1.760000000000000175e-01,1.147704489795324605e+02,1.147704489795324605e+02
2.019959812230601059e+01,2.146637874968327364e-01,6.301809549331665039e-01,3.974569737911224365e-01,2.200000000000000011e-01,1.760000000000000175e-01,1.760000000000000175e-01,1.760000000000000175e-01,1.760000000000000175e-01,1.150545347858299010e+02,1.150545347858299010e+02
2.024959721270871782e+01,2.152864012545928629e-01,6.745347976684570312e-01,4.418108165264129639e-01,2.200000000000000011e-01,1.760000000000000175e-01,1.760000000000000175e-01,1.760000000000000175e-01,1.760000000000000175e-01,1.153386205267543829e+02,1.153386205267543829e+02
2.029959638558501922e+01,2.158238314355405141e-01,7.188273072242736816e-01,4.861033260822296143e-01,2.200000000000000011e-01,1.760000000000000175e-01,1.760000000000000175e-01,1.760000000000000175e-01,1.760000000000000175e-01,1.156227067362788290e+02,1.156227067362788290e+02
2.034959573343325800e+01,2.162749363186170504e-01,7.641295194625854492e-01,5.314055681228637695e-01,2.200000000000000011e-01,1.760000000000000175e-01,1.760000000000000175e-01,1.760000000000000175e-01,1.760000000000000175e-01,1.159067939399620144e+02,1.159067939399620144e+02
2.039959534748161119e+01,2.166387561321925781e-01,8.093155026435852051e-01,5.765914916992187500e-01,2.200000000000000011e-01,1.760000000000000175e-01,1.760000000000000175e-01,1.760000000000000175e-01,1.760000000000000175e-01,1.161908826561458312e+02,1.161908826561458312e+02
2.044959531790297547e+01,2.417030545548339293e-01,8.551936745643615723e-01,6.224696636199951172e-01,2.200000000000000011e-01,1.760000000000000175e-01,1.760000000000000175e-01,1.760000000000000175e-01,1.760000000000000175e-01,1.164749733971763135e+02,1.164749733971763135e+02
2.049959531790297618e+01,2.190185548684004391e-01,9.010285139083862305e-01,6.683045625686645508e-01,2.200000000000000011e-01,1.760000000000000175e-01,1.760000000000000175e-01,1.760000000000000175e-01,1.760000000000000175e-01,1.167590643062672342e+02,1.167590643062672342e+02
2.054959497858005690e+01,2.171779499624818532e-01,9.098898172378540039e-01,6.771658658981323242e-01,2.200000000000000011e-01,1.760000000000000175e-01,1.760000000000000175e-01,1.760000000000000175e-01,1.760000000000000175e-01,1.170431532873870140e+02,1.170431532873870140e+02
2.059959435943289208e+01,2.172062080068977996e-01,8.813462257385253906e-01,6.486222743988037109e-01,2.200000000000000011e-01,1.760000000000000175e-01,1.760000000000000175e-01,1.760000000000000175e-01,1.760000000000000175e-01,1.173272406785962971e+02,1.173272406785962971e+02
2.064959354985447959e+01,2.171452390705572166e-01,8.394414186477661133e-01,6.067174673080444336e-01,2.200000000000000011e-01,1.760000000000000175e-01,1.760000000000000175e-01,1.760000000000000175e-01,1.760000000000000175e-01,1.176113269878098606e+02,1.176113269878098606e+02
2.069959263929143134e+01,2.169951704061365283e-01,7.991808056831359863e-01,5.664567947387695312e-01,2.200000000000000011e-01,1.760000000000000175e-01,1.760000000000000175e-01,1.760000000000000175e-01,1.760000000000000175e-01,1.178954127232470768e+02,1.178954127232470768e+02
2.074959171746143483e+01,2.167563252330388934e-01,7.598519325256347656e-01,5.271279811859130859e-01,2.200000000000000011e-01,1.760000000000000175e-01,1.760000000000000175e-01,1.760000000000000175e-01,1.760000000000000175e-01,1.181794983946675472e+02,1.181794983946675472e+02
2.079959087457006817e+01,2.164292210315075515e-01,7.228968143463134766e-01,4.901728332042694092e-01,2.200000000000000011e-01,1.760000000000000175e-01,1.760000000000000175e-01,1.760000000000000175e-01,1.760000000000000175e-01,1.184635845146029709e+02,1.184635845146029709e+02
2.084959020152589559e+01,2.160145668694597176e-01,6.875554323196411133e-01,4.548314511775970459e-01,2.200000000000000011e-01,1.760000000000000175e-01,1.760000000000000175e-01,1.760000000000000175e-01,1.760000000000000175e-01,1.187476715995792489e+02,1.187476715995792489e+02
2.089958979015289842e+01,2.155132598160219015e-01,6.545206904411315918e-01,4.217967092990875244e-01,2.200000000000000011e-01,1.760000000000000175e-01,1.760000000000000175e-01,1.760000000000000175e-01,1.760000000000000175e-01,1.190317601713235973e+02,1.190317601713235973e+02
2.094958973339929287e+01,2.385585618023383647e-01,6.245095729827880859e-01,3.917855918407440186e-01,2.200000000000000011e-01,1.760000000000000175e-01,1.760000000000000175e-01,1.760000000000000175e-01,1.760000000000000175e-01,1.193158507579508267e+02,1.193158507579508267e+02
2.099958973339928647e+01,2.182334209282556503e-01,5.972061157226562500e-01,3.644821345806121826e-01,2.200000000000000011e-01,1.760000000000000175e-01,1.760000000000000175e-01,1.760000000000000175e-01,1.760000000000000175e-01,1.195999416670416906e+02,1.195999416670416906e+02
2.104958941106518111e+01,2.136894580867863269e-01,5.739575624465942383e-01,3.412335813045501709e-01,2.200000000000000011e-01,1.760000000000000175e-01,1.760000000000000175e-01,1.760000000000000175e-01,1.760000000000000175e-01,1.198840307446888289e+02,1.198840307446888289e+02
2.109958880240733592e+01,2.128700116420573774e-01,5.477793812751770020e-01,3.150554001331329346e-01,2.200000000000000011e-01,1.760000000000000175e-01,1.760000000000000175e-01,1.760000000000000175e-01,1.760000000000000175e-01,1.201681181954965183e+02,1.201681181954965183e+02
2.114958800405444350e+01,2.119703343458720635e-01,5.192461609840393066e-01,2.865221798419952393e-01,2.200000000000000011e-01,1.760000000000000175e-01,1.760000000000000175e-01,1.760000000000000175e-01,1.760000000000000175e-01,1.204522045684914389e+02,1.204522045684914389e+02
2.119958711488998304e+01,2.109922764233568004e-01,4.954584836959838867e-01,2.627345025539398193e-01,2.200000000000000011e-01,1.760000000000000175e-01,1.760000000000000175e-01,1.760000000000000175e-01,1.760000000000000175e-01,1.207362904255115552e+02,1.207362904255115552e+02
2.124958623624523213e+01,2.099378310931198366e-01,4.697722196578979492e-01,2.370482385158538818e-01,2.200000000000000011e-01,1.760000000000000175e-01,1.760000000000000175e-01,1.760000000000000175e-01,1.760000000000000175e-01,1.210203763423027539e+02,1.210203763423027539e+02
2.129958547208310193e+01,2.088091252084190719e-01,4.384534955024719238e-01,2.057295143604278564e-01,2.200000000000000011e-01,1.760000000000000175e-01,1.760000000000000175e-01,1.760000000000000175e-01,1.760000000000000175e-01,1.213044629095633695e+02,1.213044629095633695e+02
2.134958492917184714e+01,1.999505321226352217e-01,4.087424278259277344e-01,1.760184466838836670e-01,2.200000000000000011e-01,1.760000000000000175e-01,1.760000000000000175e-01,1.760000000000000175e-01,1.760000000000000175e-01,1.215885507339312284e+02,1.215885507339312284e+02
2.139958487607959370e+01,1.106972407628228211e-01,3.835128843784332275e-01,1.507889032363891602e-01,2.200000000000000011e-01,1.760000000000000175e-01,1.760000000000000175e-01,1.760000000000000175e-01,1.760000000000000175e-01,1.218726413413616143e+02,1.218726413413616143e+02
2.144958487607959441e+01,1.044303532538221240e-12,3.631752729415893555e-01,1.304512917995452881e-01,2.200000000000000011e-01,1.760000000000000175e-01,1.760000000000000175e-01,1.760000000000000175e-01,1.760000000000000175e-01,1.221567322504525350e+02,1.221567322504525350e+02
2.149958487607958801e+01,4.073130721593963110e-12,3.492307960987091064e-01,1.165068149566650391e-01,2.200000000000000011e-01,1.760000000000000175e-01,1.760000000000000175e-01,1.760000000000000175e-01,1.760000000000000175e-01,1.224408231595434131e+02,1.224408231595434131e+02
2.154958487607959228e+01,3.028827189055136025e-12,3.421944081783294678e-01,1.094704270362854004e-01,2.200000000000000011e-01,1.760000000000000175e-01,1.760000000000000175e-01,1.760000000000000175e-01,1.760000000000000175e-01,1.227249140686343338e+02,1.227249140686343338e+02
2.159958487607959299e+01,1.020017403874236556e-12,3.423820137977600098e-01,1.096580326557159424e-01,2.200000000000000011e-01,1.760000000000000175e-01,1.760000000000000175e-01,1.760000000000000175e-01,1.760000000000000175e-01,1.230090049777252545e+02,1.230090049777252545e+02
2.164958487607959725e+01,3.053113317719256419e-12,3.496004343032836914e-01,1.168764531612396240e-01,2.200000000000000011e-01,1.760000000000000175e-01,1.760000000000000175e-01,1.760000000000000175e-01,1.760000000000000175e-01,1.232930958868161895e+02,1.232930958868161895e+02
2.169958487607959441e+01,3.025357742104082697e-12,3.633350133895874023e-01,1.306110322475433350e-01,2.200000000000000011e-01,1.760000000000000175e-01,1.760000000000000175e-01,1.760000000000000175e-01,1.760000000000000175e-01,1.235771867959070818e+02,1.235771867959070818e+02
2.174958487607959157e+01,1.016547956922438240e-12,3.838376402854919434e-01,1.511136591434478760e-01,2.200000000000000011e-01,1.760000000000000175e-01,1.760000000000000175e-01,1.760000000000000175e-01,1.760000000000000175e-01,1.238612777049979741e+02,1.238612777049979741e+02
2.179958487607959228e+01,2.008809785181047700e-12,4.093137085437774658e-01,1.765897274017333984e-01,2.200000000000000011e-01,1.760000000000000175e-01,1.760000000000000175e-01,1.760000000000000175e-01,1.760000000000000175e-01,1.241453686140888806e+02,1.241453686140888806e+02
2.184958487607959299e+01,0.000000000000000000e+00,4.386134147644042969e-01,2.058894336223602295e-01,2.200000000000000011e-01,1.760000000000000175e-01,1.760000000000000175e-01,1.760000000000000175e-01,1.760000000000000175e-01,1.244294595231798013e+02,1.244294595231798013e+02
2.189958487607959370e+01,0.000000000000000000e+00,4.714365601539611816e-01,2.387125790119171143e-01,2.200000000000000011e-01,1.760000000000000175e-01,1.760000000000000175e-01,1.760000000000000175e-01,1.760000000000000175e-01,1.247135504322707220e+02,1.247135504322707220e+02
2.194958487607959441e+01,9.922618282587603152e-13,5.060877203941345215e-01,2.733637392520904541e-01,2.200000000000000011e-01,1.760000000000000175e-01,1.760000000000000175e-01,1.760000000000000175e-01,1.760000000000000175e-01,1.249976413413616427e+02,1.249976413413616427e+02
2.199958487607959157e+01,2.775557561562760085e-14,5.409809350967407227e-01,3.082569539546966553e-01,2.200000000000000011e-01,1.760000000000000175e-01,1.760000000000000175e-01,1.760000000000000175e-01,1.760000000000000175e-01,1.252817322504525350e+02,1.252817322504525350e+02
2.204958487607959583e+01,2.060851489460655643e-12,5.758742094039916992e-01,3.431502282619476318e-01,2.200000000000000011e-01,1.760000000000000175e-01,1.760000000000000175e-01,1.760000000000000175e-01,1.760000000000000175e-01,1.255658231595434700e+02,1.255658231595434700e+02
2.209958487607958943e+01,3.080868893334892199e-12,6.107674241065979004e-01,3.780434429645538330e-01,2.200000000000000011e-01,1.760000000000000175e-01,1.760000000000000175e-01,1.760000000000000175e-01,1.760000000000000175e-01,1.258499140686343480e+02,1.258499140686343480e+02
2.214958487607959370e+01,2.036565360796368440e-12,6.466081142425537109e-01,4.138841331005096436e-01,2.200000000000000011e-01,1.760000000000000175e-01,1.760000000000000175e-01,1.760000000000000175e-01,1.760000000000000175e-01,1.261340049777252830e+02,1.261340049777252830e+02
2.219958487607959441e+01,2.428612866367775741e-14,6.835200190544128418e-01,4.507960379123687744e-01,2.200000000000000011e-01,1.760000000000000175e-01,1.760000000000000175e-01,1.760000000000000175e-01,1.760000000000000175e-01,1.264180958868162037e+02,1.264180958868162037e+02
2.224958487607959157e+01,2.060851489460349489e-12,7.220038175582885742e-01,4.892798364162445068e-01,2.200000000000000011e-01,1.760000000000000175e-01,1.760000000000000175e-01,1.760000000000000175e-01,1.760000000000000175e-01,1.267021867959070960e+02,1.267021867959070960e+02
2.229958487607959583e+01,3.080868893334892199e-12,7.622188925743103027e-01,5.294948816299438477e-01,2.200000000000000011e-01,1.760000000000000175e-01,1.760000000000000175e-01,1.760000000000000175e-01,1.760000000000000175e-01,1.269862777049980309e+02,1.269862777049980309e+02
2.234958487607958943e+01,1.044303532538221240e-12,8.033039569854736328e-01,5.705800056457519531e-01,2.200000000000000011e-01,1.760000000000000175e-01,1.760000000000000175e-01,1.760000000000000175e-01,1.760000000000000175e-01,1.272703686140889090e+02,1.272703686140889090e+02
2.239958487607959015e+01,1.020017403874236556e-12,8.451207876205444336e-01,6.123968362808227539e-01,2.200000000000000011e-01,1.760000000000000175e-01,1.760000000000000175e-01,1.760000000000000175e-01,1.760000000000000175e-01,1.275544595231798297e+02,1.275544595231798297e+02
2.244958487607959441e+01,2.428612866367415074e-14,8.881222605705261230e-01,6.553982496261596680e-01,2.200000000000000011e-01,1.760000000000000175e-01,1.760000000000000175e-01,1.760000000000000175e-01,1.760000000000000175e-01,1.278385504322707504e+02,1.278385504322707504e+02
2.249958487607959157e+01,9.887923813068067010e-13,9.318119287490844727e-01,6.990879774093627930e-01,2.200000000000000011e-01,1.760000000000000175e-01,1.760000000000000175e-01,1.760000000000000175e-01,1.760000000000000175e-01,1.281226413413616569e+02,1.281226413413616569e+02
2.254958487607959228e+01,0.000000000000000000e+00,9.753568172454833984e-01,7.426328659057617188e-01,2.200000000000000011e-01,1.760000000000000175e-01,1.760000000000000175e-01,1.760000000000000175e-01,1.760000000000000175e-01,1.284067322504525634e+02,1.284067322504525634e+02
2.259958487607959299e+01,9.922618282587603152e-13,1.019592523574829102e+00,7.868685722351074219e-01,2.200000000000000011e-01,1.760000000000000175e-01,1.760000000000000175e-01,1.760000000000000175e-01,1.760000000000000175e-01,1.286908231595434700e+02,1.286908231595434700e+02
2.264958487607959015e+01,2.775557561562760085e-14,1.060331940650939941e+00,8.276079893112182617e-01,2.200000000000000011e-01,1.760000000000000175e-01,1.760000000000000175e-01,1.760000000000000175e-01,1.760000000000000175e-01,1.289749140686343765e+02,1.289749140686343765e+02
2.269958487607959441e+01,2.060851489460655643e-12,1.101625919342041016e+00,8.689019680023193359e-01,2.200000000000000011e-01,1.760000000000000175e-01,1.760000000000000175e-01,1.760000000000000175e-01,1.760000000000000175e-01,1.292590049777253114e+02,1.292590049777253114e+02
2.274958487607958801e+01,1.044303532538221240e-12,1.143102288246154785e+00,9.103783369064331055e-01,2.200000000000000011e-01,1.760000000000000175e-01,1.760000000000000175e-01,1.760000000000000175e-01,1.760000000000000175e-01,1.295430958868161895e+02,1.295430958868161895e+02
2.279958487607958872e+01,1.020017403874236556e-12,1.185467004776000977e+00,9.527430534362792969e-01,2.200000000000000011e-01,1.760000000000000175e-01,1.760000000000000175e-01,1.760000000000000175e-01,1.760000000000000175e-01,1.298271867959070960e+02,1.298271867959070960e+02
2.284958487607959299e+01,9.922618282586126909e-13,1.228433728218078613e+00,9.957097768783569336e-01,2.200000000000000011e-01,1.760000000000000175e-01,1.760000000000000175e-01,1.760000000000000175e-01,1.760000000000000175e-01,1.301112777049980309e+02,1.301112777049980309e+02
2.289958487607959370e+01,9.922618282586126909e-13,1.271756052970886230e+00,1.039032101631164551e+00,2.200000000000000011e-01,1.760000000000000175e-01,1.760000000000000175e-01,1.760000000000000175e-01,1.760000000000000175e-01,1.303953686140889374e+02,1.303953686140889374e+02
2.294958487607959796e+01,2.060851489460655643e-12,1.315488934516906738e+00,1.082764983177185059e+00,2.200000000000000011e-01,1.760000000000000175e-01,1.760000000000000175e-01,1.760000000000000175e-01,1.760000000000000175e-01,1.306794595231798723e+02,1.306794595231798723e+02
2.299958487607959157e+01,2.036565360797284478e-12,1.359929800033569336e+00,1.127205848693847656e+00,2.200000000000000011e-01,1.760000000000000175e-01,1.760000000000000175e-01,1.760000000000000175e-01,1.760000000000000175e-01,1.309635504322707504e+02,1.309635504322707504e+02
2.304958487607958872e+01,9.645062526429853930e-13,1.404611110687255859e+00,1.171887159347534180e+00,2.200000000000000011e-01,1.760000000000000175e-01,1.760000000000000175e-01,1.760000000000000175e-01,1.760000000000000175e-01,1.312476413413616569e+02,1.312476413413616569e+02
2.309958487607959299e+01,2.775557561562335677e-14,1.449500799179077148e+00,1.216776847839355469e+00,2.200000000000000011e-01,1.760000000000000175e-01,1.760000000000000175e-01,1.760000000000000175e-01,1.760000000000000175e-01,1.315317322504525919e+02,1.315317322504525919e+02
2.314958487607959370e+01,9.922618282587603152e-13,1.494879007339477539e+00,1.262155055999755859e+00,2.200000000000000011e-01,1.760000000000000175e-01,1.760000000000000175e-01,1.760000000000000175e-01,1.760000000000000175e-01,1.318158231595434984e+02,1.318158231595434984e+02
2.319958487607959086e+01,1.589136432588206943e-02,1.540582418441772461e+00,1.307858467102050781e+00,2.200000000000000011e-01,1.760000000000000175e-01,1.760000000000000175e-01,1.760000000000000175e-01,1.760000000000000175e-01,1.320999140686344049e+02,1.320999140686344049e+02
2.324958466504806864e+01,2.317121827772059550e+00,1.586400032043457031e+00,1.353676080703735352e+00,2.200000000000000011e-01,1.760000000000000175e-01,1.760000000000000175e-01,1.760000000000000175e-01,1.760000000000000175e-01,1.323840037786825690e+02,1.323840037786825690e+02
2.329949947872054139e+01,4.086697355303156698e+00,1.629828929901123047e+00,1.397104978561401367e+00,2.200000000000000011e-01,1.760000000000000175e-01,1.760000000000000175e-01,1.760000000000000175e-01,1.760000000000000175e-01,1.326676106745488823e+02,1.326676106745488823e+02
2.334941375266926045e+01,2.549433568854482246e+00,1.668096065521240234e+00,1.435372114181518555e+00,2.200000000000000011e-01,1.760000000000000175e-01,1.760000000000000175e-01,1.760000000000000175e-01,1.760000000000000175e-01,1.329512145038029871e+02,1.329512145038029871e+02
2.339941282562172731e+01,4.512960498887959304e-02,1.702778339385986328e+00,1.470054388046264648e+00,2.200000000000000011e-01,1.760000000000000175e-01,1.760000000000000175e-01,1.760000000000000175e-01,1.760000000000000175e-01,1.332353001455783783e+02,1.332353001455783783e+02
2.344941282562172447e+01,2.695760281668342734e-12,1.738094449043273926e+00,1.505370497703552246e+00,2.200000000000000011e-01,1.760000000000000175e-01,1.760000000000000175e-01,1.760000000000000175e-01,1.760000000000000175e-01,1.335193910546692564e+02,1.335193910546692564e+02
2.349941282562172162e+01,4.942227183057794973e-12,1.774158835411071777e+00,1.541434884071350098e+00,2.200000000000000011e-01,1.760000000000000175e-01,1.760000000000000175e-01,1.760000000000000175e-01,1.760000000000000175e-01,1.338034819637601629e+02,1.338034819637601629e+02
2.354941282562172233e+01,4.943961906533771780e-12,1.810871481895446777e+00,1.578147530555725098e+00,2.200000000000000011e-01,1.760000000000000175e-01,1.760000000000000175e-01,1.760000000000000175e-01,1.760000000000000175e-01,1.340875728728510978e+02,1.340875728728510978e+02
2.359941282562171949e+01,2.246466901389755565e-12,1.848170757293701172e+00,1.615446805953979492e+00,2.200000000000000011e-01,1.760000000000000175e-01,1.760000000000000175e-01,1.760000000000000175e-01,1.760000000000000175e-01,1.343716637819420043e+02,1.343716637819420043e+02
2.364941282562172375e+01,4.492933802779814254e-13,1.886090278625488281e+00,1.653366327285766602e+00,2.200000000000000011e-01,1.760000000000000175e-01,1.760000000000000175e-01,1.760000000000000175e-01,1.760000000000000175e-01,1.346557546910329393e+02,1.346557546910329393e+02
2.369941282562172091e+01,4.492933802780420099e-13,1.924564003944396973e+00,1.691840052604675293e+00,2.200000000000000011e-01,1.760000000000000175e-01,1.760000000000000175e-01,1.760000000000000175e-01,1.760000000000000175e-01,1.349398456001238173e+02,1.349398456001238173e+02
2.374941282562172162e+01,2.695760281667797474e-12,1.962680459022521973e+00,1.729956507682800293e+00,2.200000000000000011e-01,1.760000000000000175e-01,1.760000000000000175e-01,1.760000000000000175e-01,1.760000000000000175e-01,1.352239365092147239e+02,1.352239365092147239e+02
2.379941282562172233e+01,4.043640422501832324e-12,1.956509470939636230e+00,1.723785519599914551e+00,2.200000000000000011e-01,1.760000000000000175e-01,1.760000000000000175e-01,1.760000000000000175e-01,1.760000000000000175e-01,1.355080274183056588e+02,1.355080274183056588e+02
2.384941282562171949e+01,4.145852454081508931e-01,1.907131195068359375e+00,1.674407243728637695e+00,2.200000000000000011e-01,1.760000000000000175e-01,1.760000000000000175e-01,1.760000000000000175e-01,1.760000000000000175e-01,1.357921183273965653e+02,1.357921183273965653e+02
2.389940820828136125e+01,9.675160576393037060e-01,1.857821583747863770e+00,1.625097632408142090e+00,2.200000000000000011e-01,1.760000000000000175e-01,1.760000000000000175e-01,1.760000000000000175e-01,1.760000000000000175e-01,1.360761830015990768e+02,1.360761830015990768e+02
2.394940286673326924e+01,1.009040992927915603e+00,1.809107422828674316e+00,1.576383471488952637e+00,2.200000000000000011e-01,1.760000000000000175e-01,1.760000000000000175e-01,1.760000000000000175e-01,1.760000000000000175e-01,1.363602435609849124e+02,1.363602435609849124e+02
2.399939758551434821e+01,1.031558141909565851e+00,1.761172771453857422e+00,1.528448820114135742e+00,2.200000000000000011e-01,1.760000000000000175e-01,1.760000000000000175e-01,1.760000000000000175e-01,1.760000000000000175e-01,1.366443044631501209e+02,1.366443044631501209e+02
2.404939192524563651e+01,1.032905932438820340e+00,1.714006900787353516e+00,1.481282949447631836e+00,2.200000000000000011e-01,1.760000000000000175e-01,1.760000000000000175e-01,1.760000000000000175e-01,1.760000000000000175e-01,1.369283632116233491e+02,1.369283632116233491e+02
2.409938565189094106e+01,1.034559994205283440e+00,1.668205618858337402e+00,1.435481667518615723e+00,2.200000000000000011e-01,1.760000000000000175e-01,1.760000000000000175e-01,1.760000000000000175e-01,1.760000000000000175e-01,1.372124184766534825e+02,1.372124184766534825e+02
2.414937909403641569e+01,1.028433129685443204e+00,1.623591780662536621e+00,1.390867829322814941e+00,2.200000000000000011e-01,1.760000000000000175e-01,1.760000000000000175e-01,1.760000000000000175e-01,1.760000000000000175e-01,1.374964721252073048e+02,1.374964721252073048e+02
2.419937258875835440e+01,1.014763865752462690e+00,1.580674290657043457e+00,1.347950339317321777e+00,2.200000000000000011e-01,1.760000000000000175e-01,1.760000000000000175e-01,1.760000000000000175e-01,1.760000000000000175e-01,1.377805260724910568e+02,1.377805260724910568e+02
2.424936641573637885e+01,9.940691927747177248e-01,1.539619684219360352e+00,1.306895732879638672e+00,2.200000000000000011e-01,1.760000000000000175e-01,1.760000000000000175e-01,1.760000000000000175e-01,1.760000000000000175e-01,1.380645819075934639e+02,1.380645819075934639e+02
2.429936074899456599e+01,7.867170368734023311e-01,1.500443339347839355e+00,1.267719388008117676e+00,2.200000000000000011e-01,1.760000000000000175e-01,1.760000000000000175e-01,1.760000000000000175e-01,1.760000000000000175e-01,1.383486406192877212e+02,1.383486406192877212e+02
2.434935973827444755e+01,8.312176152437324161e-02,1.463421344757080078e+00,1.230697393417358398e+00,2.200000000000000011e-01,1.760000000000000175e-01,1.760000000000000175e-01,1.760000000000000175e-01,1.760000000000000175e-01,1.386327257856506776e+02,1.386327257856506776e+02
2.439935973827445181e+01,9.992007221625033595e-13,1.427356481552124023e+00,1.194632530212402344e+00,2.200000000000000011e-01,1.760000000000000175e-01,1.760000000000000175e-01,1.760000000000000175e-01,1.760000000000000175e-01,1.389168166947416125e+02,1.389168166947416125e+02
2.444935973827445252e+01,2.008809785181016600e-12,1.391798377037048340e+00,1.159074425697326660e+00,2.200000000000000011e-01,1.760000000000000175e-01,1.760000000000000175e-01,1.760000000000000175e-01,1.760000000000000175e-01,1.392009076038325190e+02,1.392009076038325190e+02
2.449935973827445324e+01,4.007211229506779817e-12,1.356663346290588379e+00,1.123939394950866699e+00,2.200000000000000011e-01,1.760000000000000175e-01,1.760000000000000175e-01,1.760000000000000175e-01,1.760000000000000175e-01,1.394849985129234256e+02,1.394849985129234256e+02
2.454935973827445039e+01,2.994132719536009839e-12,1.321528196334838867e+00,1.088804244995117188e+00,2.200000000000000011e-01,1.760000000000000175e-01,1.760000000000000175e-01,1.760000000000000175e-01,1.760000000000000175e-01,1.397690894220143036e+02,1.397690894220143036e+02
2.459935973827445466e+01,1.023486850826328303e-12,1.286745905876159668e+00,1.054021954536437988e+00,2.200000000000000011e-01,1.760000000000000175e-01,1.760000000000000175e-01,1.760000000000000175e-01,1.760000000000000175e-01,1.400531803311052386e+02,1.400531803311052386e+02
2.464935973827445181e+01,1.023486850826328303e-12,1.252479672431945801e+00,1.019755721092224121e+00,2.200000000000000011e-01,1.760000000000000175e-01,1.760000000000000175e-01,1.760000000000000175e-01,1.760000000000000175e-01,1.403372712401961167e+02,1.403372712401961167e+02
2.469935973827445608e+01,2.997602166487963453e-12,1.219570398330688477e+00,9.868464469909667969e-01,2.200000000000000011e-01,1.760000000000000175e-01,1.760000000000000175e-01,1.760000000000000175e-01,1.760000000000000175e-01,1.406213621492870516e+02,1.406213621492870516e+02
2.474935973827445324e+01,2.994132719536009839e-12,1.187834739685058594e+00,9.551107883453369141e-01,2.200000000000000011e-01,1.760000000000000175e-01,1.760000000000000175e-01,1.760000000000000175e-01,1.760000000000000175e-01,1.409054530583779297e+02,1.409054530583779297e+02
2.479935973827445750e+01,9.992007221625033595e-13,1.157208085060119629e+00,9.244841337203979492e-01,2.200000000000000011e-01,1.760000000000000175e-01,1.760000000000000175e-01,1.760000000000000175e-01,1.760000000000000175e-01,1.411895439674688646e+02,1.411895439674688646e+02
2.484935973827445821e+01,2.008809785181016600e-12,1.127967357635498047e+00,8.952434062957763672e-01,2.200000000000000011e-01,1.760000000000000175e-01,1.760000000000000175e-01,1.760000000000000175e-01,1.760000000000000175e-01,1.414736348765597711e+02,1.414736348765597711e+02
2.489935973827445892e+01,2.012279232132970214e-12,1.100500226020812988e+00,8.677762746810913086e-01,2.200000000000000011e-01,1.760000000000000175e-01,1.760000000000000175e-01,1.760000000000000175e-01,1.760000000000000175e-01,1.417577257856506776e+02,1.417577257856506776e+02
2.494935973827445963e+01,9.992007221626548208e-13,1.074459791183471680e+00,8.417358398437500000e-01,2.200000000000000011e-01,1.760000000000000175e-01,1.760000000000000175e-01,1.760000000000000175e-01,1.760000000000000175e-01,1.420418166947415841e+02,1.420418166947415841e+02
2.499935973827445679e+01,9.957312752107010047e-13,1.049973964691162109e+00,8.172500133514404297e-01,2.200000000000000011e-01,1.760000000000000175e-01,1.760000000000000175e-01,1.760000000000000175e-01,1.760000000000000175e-01,1.423259076038324906e+02,1.423259076038324906e+02
2.504935973827445750e+01,3.021888295151634713e-12,1.027702450752258301e+00,7.949784994125366211e-01,2.200000000000000011e-01,1.760000000000000175e-01,1.760000000000000175e-01,1.760000000000000175e-01,1.760000000000000175e-01,1.426099985129233971e+02,1.426099985129233971e+02
2.509935973827445466e+01,3.021888295151634713e-12,1.007329463958740234e+00,7.746055126190185547e-01,2.200000000000000011e-01,1.760000000000000175e-01,1.760000000000000175e-01,1.760000000000000175e-01,1.760000000000000175e-01,1.428940894220143036e+02,1.428940894220143036e+02
2.514935973827445537e+01,0.000000000000000000e+00,9.888440966606140137e-01,7.561200857162475586e-01,2.200000000000000011e-01,1.760000000000000175e-01,1.760000000000000175e-01,1.760000000000000175e-01,1.760000000000000175e-01,1.431781803311052101e+02,1.431781803311052101e+02
2.519935973827445608e+01,1.023486850826483803e-12,9.727185964584350586e-01,7.399946451187133789e-01,2.200000000000000011e-01,1.760000000000000175e-01,1.760000000000000175e-01,1.760000000000000175e-01,1.760000000000000175e-01,1.434622712401961167e+02,1.434622712401961167e+02
2.524935973827444968e+01,2.428612866367743240e-14,9.576556682586669922e-01,7.249317169189453125e-01,2.200000000000000011e-01,1.760000000000000175e-01,1.760000000000000175e-01,1.760000000000000175e-01,1.760000000000000175e-01,1.437463621492869947e+02,1.437463621492869947e+02
2.529935973827445395e+01,9.992007221625033595e-13,9.353031516075134277e-01,7.025791406631469727e-01,2.200000000000000011e-01,1.760000000000000175e-01,1.760000000000000175e-01,1.760000000000000175e-01,1.760000000000000175e-01,1.440304530583779297e+02,1.440304530583779297e+02
2.534935973827445466e+01,0.000000000000000000e+00,9.203333258628845215e-01,6.876093149185180664e-01,2.200000000000000011e-01,1.760000000000000175e-01,1.760000000000000175e-01,1.760000000000000175e-01,1.760000000000000175e-01,1.443145439674688362e+02,1.443145439674688362e+02
2.539935973827445537e+01,1.040834085586176711e-14,8.716399669647216797e-01,6.389160156250000000e-01,2.200000000000000011e-01,1.760000000000000175e-01,1.760000000000000175e-01,1.760000000000000175e-01,1.760000000000000175e-01,1.445986348765597427e+02,1.445986348765597427e+02
2.544935973827445252e+01,3.008010507344273429e-12,8.293939828872680664e-01,5.966700315475463867e-01,2.200000000000000011e-01,1.760000000000000175e-01,1.760000000000000175e-01,1.760000000000000175e-01,1.760000000000000175e-01,1.448827257856506208e+02,1.448827257856506208e+02
2.549935973827444968e+01,3.021888295151634713e-12,7.839229106903076172e-01,5.511989593505859375e-01,2.200000000000000011e-01,1.760000000000000175e-01,1.760000000000000175e-01,1.760000000000000175e-01,1.760000000000000175e-01,1.451668166947415273e+02,1.451668166947415273e+02
2.554935973827445039e+01,0.000000000000000000e+00,7.394508719444274902e-01,5.067268610000610352e-01,2.200000000000000011e-01,1.760000000000000175e-01,1.760000000000000175e-01,1.760000000000000175e-01,1.760000000000000175e-01,1.454509076038324338e+02,1.454509076038324338e+02
2.559935973827445110e+01,9.992007221626548208e-13,6.954752802848815918e-01,4.627512991428375244e-01,2.200000000000000011e-01,1.760000000000000175e-01,1.760000000000000175e-01,1.760000000000000175e-01,1.760000000000000175e-01,1.457349985129233403e+02,1.457349985129233403e+02
2.564935973827444826e+01,1.994931997373204970e-12,6.520136594772338867e-01,4.192896783351898193e-01,2.200000000000000011e-01,1.760000000000000175e-01,1.760000000000000175e-01,1.760000000000000175e-01,1.760000000000000175e-01,1.460190894220142468e+02,1.460190894220142468e+02
2.569935973827445252e+01,1.040834085586018781e-14,6.102414131164550781e-01,3.775174319744110107e-01,2.200000000000000011e-01,1.760000000000000175e-01,1.760000000000000175e-01,1.760000000000000175e-01,1.760000000000000175e-01,1.463031803311051817e+02,1.463031803311051817e+02
2.574935973827444968e+01,1.013078509970468470e-12,5.695898532867431641e-01,3.368658721446990967e-01,2.200000000000000011e-01,1.760000000000000175e-01,1.760000000000000175e-01,1.760000000000000175e-01,1.760000000000000175e-01,1.465872712401960882e+02,1.465872712401960882e+02
2.579935973827445039e+01,9.992007221626548208e-13,5.301089286804199219e-01,2.973849475383758545e-01,2.200000000000000011e-01,1.760000000000000175e-01,1.760000000000000175e-01,1.760000000000000175e-01,1.760000000000000175e-01,1.468713621492869947e+02,1.468713621492869947e+02
2.584935973827444755e+01,1.994931997373204970e-12,4.928982853889465332e-01,2.601743042469024658e-01,2.200000000000000011e-01,1.760000000000000175e-01,1.760000000000000175e-01,1.760000000000000175e-01,1.760000000000000175e-01,1.471554530583779012e+02,1.471554530583779012e+02
2.589935973827445181e+01,9.992007221625033595e-13,4.583988487720489502e-01,2.256748676300048828e-01,2.200000000000000011e-01,1.760000000000000175e-01,1.760000000000000175e-01,1.760000000000000175e-01,1.760000000000000175e-01,1.474395439674688362e+02,1.474395439674688362e+02
2.594935973827445252e+01,2.022687572989134787e-12,4.264600574970245361e-01,1.937360763549804688e-01,2.200000000000000011e-01,1.760000000000000175e-01,1.760000000000000175e-01,1.760000000000000175e-01,1.760000000000000175e-01,1.477236348765597427e+02,1.477236348765597427e+02
2.599935973827444968e+01,3.018418848200137906e-12,3.980630040168762207e-01,1.653390228748321533e-01,2.200000000000000011e-01,1.760000000000000175e-01,1.760000000000000175e-01,1.760000000000000175e-01,1.760000000000000175e-01,1.480077257856506208e+02,1.480077257856506208e+02
2.604935973827444684e+01,4.017619570362638236e-12,3.751058876514434814e-01,1.423819065093994141e-01,2.200000000000000011e-01,1.760000000000000175e-01,1.760000000000000175e-01,1.760000000000000175e-01,1.760000000000000175e-01,1.482918166947415273e+02,1.482918166947415273e+02
2.609935973827444400e+01,3.021888295151634713e-12,3.572686016559600830e-01,1.245446205139160156e-01,2.200000000000000011e-01,1.760000000000000175e-01,1.760000000000000175e-01,1.760000000000000175e-01,1.760000000000000175e-01,1.485759076038324338e+02,1.485759076038324338e+02
2.614935973827444471e+01,0.000000000000000000e+00,3.430846333503723145e-01,1.103606522083282471e-01,2.200000000000000011e-01,1.760000000000000175e-01,1.760000000000000175e-01,1.760000000000000175e-01,1.760000000000000175e-01,1.488599985129233403e+02,1.488599985129233403e+02
2.619935973827444542e+01,9.992007221626548208e-13,3.249545395374298096e-01,9.223055839538574219e-02,2.200000000000000011e-01,1.760000000000000175e-01,1.760000000000000175e-01,1.760000000000000175e-01,1.760000000000000175e-01,1.491440894220142468e+02,1.491440894220142468e+02
2.624935973827444258e+01,3.008010507343822680e-12,3.098942339420318604e-01,7.717025279998779297e-02,2.200000000000000011e-01,1.760000000000000175e-01,1.760000000000000175e-01,1.760000000000000175e-01,1.760000000000000175e-01,1.494281803311051533e+02,1.494281803311051533e+02
2.629935973827444329e+01,2.012279232132970214e-12,2.936562895774841309e-01,6.093230843544006348e-02,2.200000000000000011e-01,1.760000000000000175e-01,1.760000000000000175e-01,1.760000000000000175e-01,1.760000000000000175e-01,1.497122712401960598e+02,1.497122712401960598e+02
2.634935973827444400e+01,0.000000000000000000e+00,2.774203121662139893e-01,4.469633102416992188e-02,2.200000000000000011e-01,1.760000000000000175e-01,1.760000000000000175e-01,1.760000000000000175e-01,1.760000000000000175e-01,1.499963621492869663e+02,1.499963621492869663e+02
2.639935973827444471e+01,3.021888295151634713e-12,2.696197926998138428e-01,3.689581155776977539e-02,2.200000000000000011e-01,1.760000000000000175e-01,1.760000000000000175e-01,1.760000000000000175e-01,1.760000000000000175e-01,1.502804530583778728e+02,1.502804530583778728e+02
2.644935973827444187e+01,4.017619570362638236e-12,2.711924016475677490e-01,3.846842050552368164e-02,2.200000000000000011e-01,1.760000000000000175e-01,1.760000000000000175e-01,1.760000000000000175e-01,1.760000000000000175e-01,1.505645439674687793e+02,1.505645439674687793e+02
2.649935973827443902e+01,9.957312752107010047e-13,2.815546989440917969e-01,4.883071780204772949e-02,2.200000000000000011e-01,1.760000000000000175e-01,1.760000000000000175e-01,1.760000000000000175e-01,1.760000000000000175e-01,1.508486348765596858e+02,1.508486348765596858e+02
2.654935973827443974e+01,0.000000000000000000e+00,2.996586561203002930e-01,6.693467497825622559e-02,2.200000000000000011e-01,1.760000000000000175e-01,1.760000000000000175e-01,1.760000000000000175e-01,1.760000000000000175e-01,1.511327257856505923e+02,1.511327257856505923e+02
2.659935973827444045e+01,2.008809785181016600e-12,3.249612450599670410e-01,9.223726391792297363e-02,2.200000000000000011e-01,1.760000000000000175e-01,1.760000000000000175e-01,1.760000000000000175e-01,1.760000000000000175e-01,1.514168166947414988e+02,1.514168166947414988e+02
2.664935973827444116e+01,2.012279232132970214e-12,3.557835221290588379e-01,1.230595409870147705e-01,2.200000000000000011e-01,1.760000000000000175e-01,1.760000000000000175e-01,1.760000000000000175e-01,1.760000000000000175e-01,1.517009076038324054e+02,1.517009076038324054e+02
2.669935973827444187e+01,9.992007221626548208e-13,3.900665640830993652e-01,1.573425829410552979e-01,2.200000000000000011e-01,1.760000000000000175e-01,1.760000000000000175e-01,1.760000000000000175e-01,1.760000000000000175e-01,1.519849985129233119e+02,1.519849985129233119e+02
2.674935973827443902e+01,9.957312752107010047e-13,4.272326827049255371e-01,1.945087015628814697e-01,2.200000000000000011e-01,1.760000000000000175e-01,1.760000000000000175e-01,1.760000000000000175e-01,1.760000000000000175e-01,1.522690894220142184e+02,1.522690894220142184e+02
2.679935973827443974e+01,9.992007221625033595e-13,4.676501750946044922e-01,2.349261939525604248e-01,2.200000000000000011e-01,1.760000000000000175e-01,1.760000000000000175e-01,1.760000000000000175e-01,1.760000000000000175e-01,1.525531803311051249e+02,1.525531803311051249e+02
2.684935973827444400e+01,1.023486850826328303e-12,5.093528628349304199e-01,2.766288816928863525e-01,2.200000000000000011e-01,1.760000000000000175e-01,1.760000000000000175e-01,1.760000000000000175e-01,1.760000000000000175e-01,1.528372712401960598e+02,1.528372712401960598e+02
2.689935973827444116e+01,1.023486850826328303e-12,5.521190166473388672e-01,3.193950355052947998e-01,2.200000000000000011e-01,1.760000000000000175e-01,1.760000000000000175e-01,1.760000000000000175e-01,1.760000000000000175e-01,1.531213621492869379e+02,1.531213621492869379e+02
2.694935973827444542e+01,9.749145934991249243e-13,5.964401960372924805e-01,3.637162148952484131e-01,2.200000000000000011e-01,1.760000000000000175e-01,1.760000000000000175e-01,1.760000000000000175e-01,1.760000000000000175e-01,1.534054530583778728e+02,1.534054530583778728e+02
2.699935973827443547e+01,9.749145934991249243e-13,6.415634155273437500e-01,4.088394343852996826e-01,2.200000000000000011e-01,1.760000000000000175e-01,1.760000000000000175e-01,1.760000000000000175e-01,1.760000000000000175e-01,1.536895439674687225e+02,1.536895439674687225e+02
2.704935973827443974e+01,9.992007221625033595e-13,6.836838126182556152e-01,4.509598314762115479e-01,2.200000000000000011e-01,1.760000000000000175e-01,1.760000000000000175e-01,1.760000000000000175e-01,1.760000000000000175e-01,1.539736348765596574e+02,1.539736348765596574e+02
2.709935973827444045e+01,9.992007221625033595e-13,7.216821908950805664e-01,4.889582097530364990e-01,2.200000000000000011e-01,1.760000000000000175e-01,1.760000000000000175e-01,1.760000000000000175e-01,1.760000000000000175e-01,1.542577257856505639e+02,1.542577257856505639e+02
2.714935973827444471e+01,2.997602166487963453e-12,7.603524923324584961e-01,5.276285409927368164e-01,2.200000000000000011e-01,1.760000000000000175e-01,1.760000000000000175e-01,1.760000000000000175e-01,1.760000000000000175e-01,1.545418166947414988e+02,1.545418166947414988e+02
2.719935973827444187e+01,4.003741782554825395e-12,7.997462749481201172e-01,5.670223236083984375e-01,2.200000000000000011e-01,1.760000000000000175e-01,1.760000000000000175e-01,1.760000000000000175e-01,1.760000000000000175e-01,1.548259076038323769e+02,1.548259076038323769e+02
2.724935973827444258e+01,1.040834085586174660e-14,8.400342464447021484e-01,6.073102951049804688e-01,2.200000000000000011e-01,1.760000000000000175e-01,1.760000000000000175e-01,1.760000000000000175e-01,1.760000000000000175e-01,1.551099985129232834e+02,1.551099985129232834e+02
2.729935973827443974e+01,1.023486850826328303e-12,8.816791176795959473e-01,6.489551067352294922e-01,2.200000000000000011e-01,1.760000000000000175e-01,1.760000000000000175e-01,1.760000000000000175e-01,1.760000000000000175e-01,1.553940894220141615e+02,1.553940894220141615e+02
2.734935973827444400e+01,9.992007221625033595e-13,9.241129159927368164e-01,6.913889646530151367e-01,2.200000000000000011e-01,1.760000000000000175e-01,1.760000000000000175e-01,1.760000000000000175e-01,1.760000000000000175e-01,1.556781803311050965e+02,1.556781803311050965e+02
2.739935973827444471e+01,0.000000000000000000e+00,9.670879840850830078e-01,7.343640327453613281e-01,2.200000000000000011e-01,1.760000000000000175e-01,1.760000000000000175e-01,1.760000000000000175e-01,1.760000000000000175e-01,1.559622712401960030e+02,1.559622712401960030e+02
2.744935973827444542e+01,1.009609063018514856e-12,1.010700106620788574e+00,7.779761552810668945e-01,2.200000000000000011e-01,1.760000000000000175e-01,1.760000000000000175e-01,1.760000000000000175e-01,1.760000000000000175e-01,1.562463621492869095e+02,1.562463621492869095e+02
2.749935973827444258e+01,1.013078509970468470e-12,1.055121898651123047e+00,8.223979473114013672e-01,2.200000000000000011e-01,1.760000000000000175e-01,1.760000000000000175e-01,1.760000000000000175e-01,1.760000000000000175e-01,1.565304530583778160e+02,1.565304530583778160e+02
2.754935973827444329e+01,0.000000000000000000e+00,1.099888324737548828e+00,8.671643733978271484e-01,2.200000000000000011e-01,1.760000000000000175e-01,1.760000000000000175e-01,1.760000000000000175e-01,1.760000000000000175e-01,1.568145439674687225e+02,1.568145439674687225e+02
2.759935973827444400e+01,0.000000000000000000e+00,1.144918441772460938e+00,9.121944904327392578e-01,2.200000000000000011e-01,1.760000000000000175e-01,1.760000000000000175e-01,1.760000000000000175e-01,1.760000000000000175e-01,1.570986348765596290e+02,1.570986348765596290e+02
2.764935973827444471e+01,0.000000000000000000e+00,1.190605878829956055e+00,9.578819274902343750e-01,2.200000000000000011e-01,1.760000000000000175e-01,1.760000000000000175e-01,1.760000000000000175e-01,1.760000000000000175e-01,1.573827257856505355e+02,1.573827257856505355e+02
2.769935973827444542e+01,2.022687572989134787e-12,1.236586689949035645e+00,1.003862738609313965e+00,2.200000000000000011e-01,1.760000000000000175e-01,1.760000000000000175e-01,1.760000000000000175e-01,1.760000000000000175e-01,1.576668166947414420e+02,1.576668166947414420e+02
2.774935973827444258e+01,2.019218126037180769e-12,1.282744288444519043e+00,1.050020337104797363e+00,2.200000000000000011e-01,1.760000000000000175e-01,1.760000000000000175e-01,1.760000000000000175e-01,1.760000000000000175e-01,1.579509076038323201e+02,1.579509076038323201e+02
2.779935973827444329e+01,0.000000000000000000e+00,1.329188346862792969e+00,1.096464395523071289e+00,2.200000000000000011e-01,1.760000000000000175e-01,1.760000000000000175e-01,1.760000000000000175e-01,1.760000000000000175e-01,1.582349985129232266e+02,1.582349985129232266e+02
2.784935973827444400e+01,2.022687572989134787e-12,1.376023292541503906e+00,1.143299341201782227e+00,2.200000000000000011e-01,1.760000000000000175e-01,1.760000000000000175e-01,1.760000000000000175e-01,1.760000000000000175e-01,1.585190894220141331e+02,1.585190894220141331e+02
2.789935973827444116e+01,2.019218126037180769e-12,1.413698315620422363e+00,1.180974364280700684e+00,2.200000000000000011e-01,1.760000000000000175e-01,1.760000000000000175e-01,1.760000000000000175e-01,1.760000000000000175e-01,1.588031803311050112e+02,1.588031803311050112e+02
2.794935973827444187e+01,0.000000000000000000e+00,1.392568469047546387e+00,1.159844517707824707e+00,2.200000000000000011e-01,1.760000000000000175e-01,1.760000000000000175e-01,1.760000000000000175e-01,1.760000000000000175e-01,1.590872712401959177e+02,1.590872712401959177e+02
2.799935973827444258e+01,0.000000000000000000e+00,1.345064282417297363e+00,1.112340331077575684e+00,2.200000000000000011e-01,1.760000000000000175e-01,1.760000000000000175e-01,1.760000000000000175e-01,1.760000000000000175e-01,1.593713621492868242e+02,1.593713621492868242e+02
2.804935973827444329e+01,1.009609063018514856e-12,1.297763943672180176e+00,1.065039992332458496e+00,2.200000000000000011e-01,1.760000000000000175e-01,1.760000000000000175e-01,1.760000000000000175e-01,1.760000000000000175e-01,1.596554530583777307e+02,1.596554530583777307e+02
2.809935973827444045e+01,1.013078509970468470e-12,1.250511527061462402e+00,1.017787575721740723e+00,2.200000000000000011e-01,1.760000000000000175e-01,1.760000000000000175e-01,1.760000000000000175e-01,1.760000000000000175e-01,1.599395439674686372e+02,1.599395439674686372e+02
2.814935973827444116e+01,0.000000000000000000e+00,1.203506350517272949e+00,9.707823991775512695e-01,2.200000000000000011e-01,1.760000000000000175e-01,1.760000000000000175e-01,1.760000000000000175e-01,1.760000000000000175e-01,1.602236348765595437e+02,1.602236348765595437e+02
2.819935973827444187e+01,2.022687572989134787e-12,1.156922817230224609e+00,9.241988658905029297e-01,2.200000000000000011e-01,1.760000000000000175e-01,1.760000000000000175e-01,1.760000000000000175e-01,1.760000000000000175e-01,1.605077257856504502e+02,1.605077257856504502e+02
2.824935973827443902e+01,2.019218126037180769e-12,1.110511302947998047e+00,8.777873516082763672e-01,2.200000000000000011e-01,1.760000000000000175e-01,1.760000000000000175e-01,1.760000000000000175e-01,1.760000000000000175e-01,1.607918166947413283e+02,1.607918166947413283e+02
2.829935973827443974e+01,0.000000000000000000e+00,1.064220070838928223e+00,8.314961194992065430e-01,2.200000000000000011e-01,1.760000000000000175e-01,1.760000000000000175e-01,1.760000000000000175e-01,1.760000000000000175e-01,1.610759076038322348e+02,1.610759076038322348e+02
2.834935973827444045e+01,0.000000000000000000e+00,1.018664360046386719e+00,7.859404087066650391e-01,2.200000000000000011e-01,1.760000000000000175e-01,1.760000000000000175e-01,1.760000000000000175e-01,1.760000000000000175e-01,1.613599985129231413e+02,1.613599985129231413e+02
2.839935973827444116e+01,1.009609063018514856e-12,9.734562039375305176e-01,7.407321929931640625e-01,2.200000000000000011e-01,1.760000000000000175e-01,1.760000000000000175e-01,1.760000000000000175e-01,1.760000000000000175e-01,1.616440894220140478e+02,1.616440894220140478e+02
2.844935973827443831e+01,1.013078509970468470e-12,9.285083413124084473e-01,6.957843303680419922e-01,2.200000000000000011e-01,1.760000000000000175e-01,1.760000000000000175e-01,1.760000000000000175e-01,1.760000000000000175e-01,1.619281803311049543e+02,1.619281803311049543e+02
2.849935973827443902e+01,0.000000000000000000e+00,8.842200636863708496e-01,6.514960527420043945e-01,2.200000000000000011e-01,1.760000000000000175e-01,1.760000000000000175e-01,1.760000000000000175e-01,1.760000000000000175e-01,1.622122712401958609e+02,1.622122712401958609e+02
2.854935973827443974e+01,0.000000000000000000e+00,8.407876491546630859e-01,6.080636978149414062e-01,2.200000000000000011e-01,1.760000000000000175e-01,1.760000000000000175e-01,1.760000000000000175e-01,1.760000000000000175e-01,1.624963621492867674e+02,1.624963621492867674e+02
2.859935973827444045e+01,2.022687572989134787e-12,7.978813648223876953e-01,5.651574134826660156e-01,2.200000000000000011e-01,1.760000000000000175e-01,1.760000000000000175e-01,1.760000000000000175e-01,1.760000000000000175e-01,1.627804530583776739e+02,1.627804530583776739e+02
2.864935973827443760e+01,2.019218126037180769e-12,7.555810213088989258e-01,5.228570699691772461e-01,2.200000000000000011e-01,1.760000000000000175e-01,1.760000000000000175e-01,1.760000000000000175e-01,1.760000000000000175e-01,1.630645439674685520e+02,1.630645439674685520e+02
2.869935973827443831e+01,2.022687572989134787e-12,7.149500250816345215e-01,4.822260439395904541e-01,2.200000000000000011e-01,1.760000000000000175e-01,1.760000000000000175e-01,1.760000000000000175e-01,1.760000000000000175e-01,1.633486348765594585e+02,1.633486348765594585e+02
2.874935973827443547e+01,2.019218126037180769e-12,6.752957701683044434e-01,4.425717890262603760e-01,2.200000000000000011e-01,1.760000000000000175e-01,1.760000000000000175e-01,1.760000000000000175e-01,1.760000000000000175e-01,1.636327257856503365e+02,1.636327257856503365e+02
2.879935973827443618e+01,0.000000000000000000e+00,6.367644071578979492e-01,4.040404260158538818e-01,2.200000000000000011e-01,1.760000000000000175e-01,1.760000000000000175e-01,1.760000000000000175e-01,1.760000000000000175e-01,1.639168166947412431e+02,1.639168166947412431e+02
2.884935973827443689e+01,0.000000000000000000e+00,6.002472043037414551e-01,3.675232231616973877e-01,2.200000000000000011e-01,1.760000000000000175e-01,1.760000000000000175e-01,1.760000000000000175e-01,1.760000000000000175e-01,1.642009076038321496e+02,1.642009076038321496e+02
2.889935973827443760e+01,0.000000000000000000e+00,5.647777915000915527e-01,3.320538103580474854e-01,2.200000000000000011e-01,1.760000000000000175e-01,1.760000000000000175e-01,1.760000000000000175e-01,1.760000000000000175e-01,1.644849985129230561e+02,1.644849985129230561e+02
2.894935973827443831e+01,1.009609063018514856e-12,5.296427011489868164e-01,2.969187200069427490e-01,2.200000000000000011e-01,1.760000000000000175e-01,1.760000000000000175e-01,1.760000000000000175e-01,1.760000000000000175e-01,1.647690894220139626e+02,1.647690894220139626e+02
2.899935973827443547e+01,1.013078509970468470e-12,4.945076406002044678e-01,2.617836594581604004e-01,2.200000000000000011e-01,1.760000000000000175e-01,1.760000000000000175e-01,1.760000000000000175e-01,1.760000000000000175e-01,1.650531803311048691e+02,1.650531803311048691e+02
2.904935973827443618e+01,2.022687572989134787e-12,4.593725800514221191e-01,2.266485989093780518e-01,2.200000000000000011e-01,1.760000000000000175e-01,1.760000000000000175e-01,1.760000000000000175e-01,1.760000000000000175e-01,1.653372712401957756e+02,1.653372712401957756e+02
2.909935973827443334e+01,2.019218126037180769e-12,4.242375195026397705e-01,1.915135383605957031e-01,2.200000000000000011e-01,1.760000000000000175e-01,1.760000000000000175e-01,1.760000000000000175e-01,1.760000000000000175e-01,1.656213621492866537e+02,1.656213621492866537e+02
2.914935973827443405e+01,1.998401444324854854e-12,3.894495666027069092e-01,1.567255854606628418e-01,2.200000000000000011e-01,1.760000000000000175e-01,1.760000000000000175e-01,1.760000000000000175e-01,1.760000000000000175e-01,1.659054530583775602e+02,1.659054530583775602e+02
2.919935973827444187e+01,3.996802888650316361e-12,3.568513095378875732e-01,1.241273283958435059e-01,2.200000000000000011e-01,1.760000000000000175e-01,1.760000000000000175e-01,1.760000000000000175e-01,1.760000000000000175e-01,1.661895439674684951e+02,1.661895439674684951e+02
2.924935973827443902e+01,3.008010507344278679e-12,3.288439810276031494e-01,9.611999988555908203e-02,2.200000000000000011e-01,1.760000000000000175e-01,1.760000000000000175e-01,1.760000000000000175e-01,1.760000000000000175e-01,1.664736348765593732e+02,1.664736348765593732e+02
2.929935973827443618e+01,1.013078509970468470e-12,3.058131635189056396e-01,7.308918237686157227e-02,2.200000000000000011e-01,1.760000000000000175e-01,1.760000000000000175e-01,1.760000000000000175e-01,1.760000000000000175e-01,1.667577257856502797e+02,1.667577257856502797e+02
2.934935973827443689e+01,1.998401444324854854e-12,2.893247008323669434e-01,5.660071969032287598e-02,2.200000000000000011e-01,1.760000000000000175e-01,1.760000000000000175e-01,1.760000000000000175e-01,1.760000000000000175e-01,1.670418166947411862e+02,1.670418166947411862e+02
2.939935973827444471e+01,1.998401444324854854e-12,2.749447226524353027e-01,4.222074151039123535e-02,2.200000000000000011e-01,1.760000000000000175e-01,1.760000000000000175e-01,1.760000000000000175e-01,1.760000000000000175e-01,1.673259076038321211e+02,1.673259076038321211e+02
2.944935973827444542e+01,2.775557561563556203e-14,2.585151195526123047e-01,2.579113841056823730e-02,2.200000000000000011e-01,1.760000000000000175e-01,1.760000000000000175e-01,1.760000000000000175e-01,1.760000000000000175e-01,1.676099985129230276e+02,1.676099985129230276e+02
2.949935973827443547e+01,2.428612866368111796e-14,2.477872073650360107e-01,1.506322622299194336e-02,2.200000000000000011e-01,1.760000000000000175e-01,1.760000000000000175e-01,1.760000000000000175e-01,1.760000000000000175e-01,1.678940894220138773e+02,1.678940894220138773e+02
2.954935973827443618e+01,1.998401444324854854e-12,2.478589713573455811e-01,1.513499021530151367e-02,2.200000000000000011e-01,1.760000000000000175e-01,1.760000000000000175e-01,1.760000000000000175e-01,1.760000000000000175e-01,1.681781803311047838e+02,1.681781803311047838e+02
2.959935973827444400e+01,4.956783540722844300e-02,2.476599663496017456e-01,1.493598520755767822e-02,2.200000000000000011e-01,1.760000000000000175e-01,1.760000000000000175e-01,1.760000000000000175e-01,1.760000000000000175e-01,1.684622712401957187e+02,1.684622712401957187e+02
2.964935957927562526e+01,2.269584607948780253e-01,2.481988966464996338e-01,1.547491550445556641e-02,2.200000000000000011e-01,1.760000000000000175e-01,1.760000000000000175e-01,1.760000000000000175e-01,1.760000000000000175e-01,1.687463612458842306e+02,1.687463612458842306e+02
2.969935926401404203e+01,2.404689098221811649e-01,2.484394311904907227e-01,1.571545004844665527e-02,2.200000000000000011e-01,1.760000000000000175e-01,1.760000000000000175e-01,1.760000000000000175e-01,1.760000000000000175e-01,1.690304503637161417e+02,1.690304503637161417e+02
2.974935893647442597e+01,2.424882576289849323e-01,2.593665122985839844e-01,2.664253115653991699e-02,2.200000000000000011e-01,1.760000000000000175e-01,1.760000000000000175e-01,1.760000000000000175e-01,1.760000000000000175e-01,1.693145394117865123e+02,1.693145394117865123e+02
2.979935862165432070e+01,2.429012607345740482e-01,2.748176455497741699e-01,4.209366440773010254e-02,2.200000000000000011e-01,1.760000000000000175e-01,1.760000000000000175e-01,1.760000000000000175e-01,1.760000000000000175e-01,1.695986285321268099e+02,1.695986285321268099e+02
2.984935829596336632e+01,2.404679231775239956e-01,2.872547507286071777e-01,5.453076958656311035e-02,2.200000000000000011e-01,1.760000000000000175e-01,1.760000000000000175e-01,1.760000000000000175e-01,1.760000000000000175e-01,1.698827175907009348e+02,1.698827175907009348e+02
2.989935797708685072e+01,2.259252460142276153e-01,3.016091287136077881e-01,6.888514757156372070e-02,2.200000000000000011e-01,1.760000000000000175e-01,1.760000000000000175e-01,1.760000000000000175e-01,1.760000000000000175e-01,1.701668066879934429e+02,1.701668066879934429e+02
2.994935782019112480e+01,4.853578286380925283e-02,3.230873644351959229e-01,9.036338329315185547e-02,2.200000000000000011e-01,1.760000000000000175e-01,1.760000000000000175e-01,1.760000000000000175e-01,1.760000000000000175e-01,1.704508967056313509e+02,1.704508967056313509e+02
2.999935782019112551e+01,2.796374243274996738e-12,3.499670326709747314e-01,1.172430515289306641e-01,2.200000000000000011e-01,1.760000000000000175e-01,1.760000000000000175e-01,1.760000000000000175e-01,1.760000000000000175e-01,1.707349876147222574e+02,1.707349876147222574e+02
3.004935782019111912e+01,1.863093013199496332e-12,3.806280493736267090e-01,1.479040682315826416e-01,2.200000000000000011e-01,1.760000000000000175e-01,1.760000000000000175e-01,1.760000000000000175e-01,1.760000000000000175e-01,1.710190785238131355e+02,1.710190785238131355e+02
3.009935782019111983e+01,1.863093013198897353e-12,4.134369790554046631e-01,1.807129979133605957e-01,2.200000000000000011e-01,1.760000000000000175e-01,1.760000000000000175e-01,1.760000000000000175e-01,1.760000000000000175e-01,1.713031694329040420e+02,1.713031694329040420e+02
3.014935782019112409e+01,1.866562460150850563e-12,4.462459087371826172e-01,2.135219275951385498e-01,2.200000000000000011e-01,1.760000000000000175e-01,1.760000000000000175e-01,1.760000000000000175e-01,1.760000000000000175e-01,1.715872603419949769e+02,1.715872603419949769e+02
3.019935782019112480e+01,9.298117831235467922e-13,4.790548384189605713e-01,2.463308572769165039e-01,2.200000000000000011e-01,1.760000000000000175e-01,1.760000000000000175e-01,1.760000000000000175e-01,1.760000000000000175e-01,1.718713512510858834e+02,1.718713512510858834e+02
3.024935782019112551e+01,2.796374243274996738e-12,5.004894137382507324e-01,2.677654325962066650e-01,2.200000000000000011e-01,1.760000000000000175e-01,1.760000000000000175e-01,1.760000000000000175e-01,1.760000000000000175e-01,1.721554421601767899e+02,1.721554421601767899e+02
3.029935782019111912e+01,3.729655473350347703e-12,5.001615881919860840e-01,2.674376070499420166e-01,2.200000000000000011e-01,1.760000000000000175e-01,1.760000000000000175e-01,1.760000000000000175e-01,1.760000000000000175e-01,1.724395330692676680e+02,1.724395330692676680e+02
3.034935782019112338e+01,1.866562460150850563e-12,4.725183248519897461e-01,2.397943437099456787e-01,2.200000000000000011e-01,1.760000000000000175e-01,1.760000000000000175e-01,1.760000000000000175e-01,1.760000000000000175e-01,1.727236239783586029e+02,1.727236239783586029e+02
3.039935782019112409e+01,2.144118216307155450e-12,4.397093951702117920e-01,2.069854140281677246e-01,2.200000000000000011e-01,1.760000000000000175e-01,1.760000000000000175e-01,1.760000000000000175e-01,1.760000000000000175e-01,1.730077148874495094e+02,1.730077148874495094e+02
3.044935782019112835e+01,5.221517662690066570e-12,4.069004654884338379e-01,1.741764843463897705e-01,2.200000000000000011e-01,1.760000000000000175e-01,1.760000000000000175e-01,1.760000000000000175e-01,1.760000000000000175e-01,1.732918057965404444e+02,1.732918057965404444e+02
3.049935782019112551e+01,5.221517662690066570e-12,3.740915358066558838e-01,1.413675546646118164e-01,2.200000000000000011e-01,1.760000000000000175e-01,1.760000000000000175e-01,1.760000000000000175e-01,1.760000000000000175e-01,1.735758967056313509e+02,1.735758967056313509e+02
3.054935782019112978e+01,2.144118216307155450e-12,3.412826061248779297e-01,1.085586249828338623e-01,2.200000000000000011e-01,1.760000000000000175e-01,1.760000000000000175e-01,1.760000000000000175e-01,1.760000000000000175e-01,1.738599876147222858e+02,1.738599876147222858e+02
3.059935782019113049e+01,0.000000000000000000e+00,3.103118538856506348e-01,7.758787274360656738e-02,2.200000000000000011e-01,1.760000000000000175e-01,1.760000000000000175e-01,1.760000000000000175e-01,1.760000000000000175e-01,1.741440785238131923e+02,1.741440785238131923e+02
3.064935782019113120e+01,0.000000000000000000e+00,2.829601466655731201e-01,5.023616552352905273e-02,2.200000000000000011e-01,1.760000000000000175e-01,1.760000000000000175e-01,1.760000000000000175e-01,1.760000000000000175e-01,1.744281694329040988e+02,1.744281694329040988e+02
3.069935782019113191e+01,9.298117831235467922e-13,2.622087895870208740e-01,2.948480844497680664e-02,2.200000000000000011e-01,1.760000000000000175e-01,1.760000000000000175e-01,1.760000000000000175e-01,1.760000000000000175e-01,1.747122603419950053e+02,1.747122603419950053e+02
3.074935782019113262e+01,9.332812300755004064e-13,2.511616945266723633e-01,1.843771338462829590e-02,2.200000000000000011e-01,1.760000000000000175e-01,1.760000000000000175e-01,1.760000000000000175e-01,1.760000000000000175e-01,1.749963512510859118e+02,1.749963512510859118e+02
3.079935782019113333e+01,0.000000000000000000e+00,2.493961602449417114e-01,1.667217910289764404e-02,2.200000000000000011e-01,1.760000000000000175e-01,1.760000000000000175e-01,1.760000000000000175e-01,1.760000000000000175e-01,1.752804421601768183e+02,1.752804421601768183e+02
3.084935782019113404e+01,0.000000000000000000e+00,2.534009814262390137e-01,2.067700028419494629e-02,2.200000000000000011e-01,1.760000000000000175e-01,1.760000000000000175e-01,1.760000000000000175e-01,1.760000000000000175e-01,1.755645330692677248e+02,1.755645330692677248e+02
3.089935782019113475e+01,0.000000000000000000e+00,2.569991946220397949e-01,2.427521347999572754e-02,2.200000000000000011e-01,1.760000000000000175e-01,1.760000000000000175e-01,1.760000000000000175e-01,1.760000000000000175e-01,1.758486239783586313e+02,1.758486239783586313e+02
3.094935782019113546e+01,9.298117831235467922e-13,2.597390413284301758e-01,2.701506018638610840e-02,2.200000000000000011e-01,1.760000000000000175e-01,1.760000000000000175e-01,1.760000000000000175e-01,1.760000000000000175e-01,1.761327148874495379e+02,1.761327148874495379e+02
3.099935782019113617e+01,9.332812300755004064e-13,2.633268535137176514e-01,3.060287237167358398e-02,2.200000000000000011e-01,1.760000000000000175e-01,1.760000000000000175e-01,1.760000000000000175e-01,1.760000000000000175e-01,1.764168057965404444e+02,1.764168057965404444e+02
3.104935782019113688e+01,4.098449621773856411e-01,2.670544385910034180e-01,3.433045744895935059e-02,2.200000000000000011e-01,1.760000000000000175e-01,1.760000000000000175e-01,1.760000000000000175e-01,1.760000000000000175e-01,1.767008967056313509e+02,1.767008967056313509e+02
3.109935449123250351e+01,8.351335267091613002e-01,2.690203785896301270e-01,3.629639744758605957e-02,2.200000000000000011e-01,1.760000000000000175e-01,1.760000000000000175e-01,1.760000000000000175e-01,1.760000000000000175e-01,1.769849687001845666e+02,1.769849687001845666e+02
3.114935067959651249e+01,8.525441039323995440e-01,2.765010595321655273e-01,4.377707839012145996e-02,2.200000000000000011e-01,1.760000000000000175e-01,1.760000000000000175e-01,1.760000000000000175e-01,1.760000000000000175e-01,1.772690379522528019e+02,1.772690379522528019e+02
3.119934658442893038e+01,8.644144267483747646e-01,2.905343174934387207e-01,5.781033635139465332e-02,2.200000000000000011e-01,1.760000000000000175e-01,1.760000000000000175e-01,1.760000000000000175e-01,1.760000000000000175e-01,1.775531055933460891e+02,1.775531055933460891e+02
3.124934230618312014e+01,8.715451345582012621e-01,3.104692995548248291e-01,7.774531841278076172e-02,2.200000000000000011e-01,1.760000000000000175e-01,1.760000000000000175e-01,1.760000000000000175e-01,1.760000000000000175e-01,1.778371721942221484e+02,1.778371721942221484e+02
3.129933792283529215e+01,8.737246234716811166e-01,3.346315920352935791e-01,1.019076108932495117e-01,2.200000000000000011e-01,1.760000000000000175e-01,1.760000000000000175e-01,1.760000000000000175e-01,1.760000000000000175e-01,1.781212381979276813e+02,1.781212381979276813e+02
3.134933349342136921e+01,8.708859913285547094e-01,3.613710403442382812e-01,1.286470592021942139e-01,2.200000000000000011e-01,1.760000000000000175e-01,1.760000000000000175e-01,1.760000000000000175e-01,1.760000000000000175e-01,1.784053039398940257e+02,1.784053039398940257e+02
3.139932905986081124e+01,8.631117592236358105e-01,3.886086046695709229e-01,1.558846235275268555e-01,2.200000000000000011e-01,1.760000000000000175e-01,1.760000000000000175e-01,1.760000000000000175e-01,1.760000000000000175e-01,1.786893696582999382e+02,1.786893696582999382e+02
3.144932465020320222e+01,8.506282021802574755e-01,4.140121042728424072e-01,1.812881231307983398e-01,2.200000000000000011e-01,1.760000000000000175e-01,1.760000000000000175e-01,1.760000000000000175e-01,1.760000000000000175e-01,1.789734355125180798e+02,1.789734355125180798e+02
3.149932028625822156e+01,8.052166310966581975e-01,4.375618100166320801e-01,2.048378288745880127e-01,2.200000000000000011e-01,1.760000000000000175e-01,1.760000000000000175e-01,1.760000000000000175e-01,1.760000000000000175e-01,1.792575016264670467e+02,1.792575016264670467e+02
3.154931716605458902e+01,2.715301715949385852e-01,4.593178629875183105e-01,2.265938818454742432e-01,2.200000000000000011e-01,1.760000000000000175e-01,1.760000000000000175e-01,1.760000000000000175e-01,1.760000000000000175e-01,1.795415748071282280e+02,1.795415748071282280e+02
3.159931716605458973e+01,0.000000000000000000e+00,4.820002317428588867e-01,2.492762506008148193e-01,2.200000000000000011e-01,1.760000000000000175e-01,1.760000000000000175e-01,1.760000000000000175e-01,1.760000000000000175e-01,1.798256657162191345e+02,1.798256657162191345e+02
3.164931716605459044e+01,2.576064361825389302e-12,5.077673792839050293e-01,2.750433981418609619e-01,2.200000000000000011e-01,1.760000000000000175e-01,1.760000000000000175e-01,1.760000000000000175e-01,1.760000000000000175e-01,1.801097566253100410e+02,1.801097566253100410e+02
3.169931716605459471e+01,1.373900992973806308e-12,5.369474887847900391e-01,3.042235076427459717e-01,2.200000000000000011e-01,1.760000000000000175e-01,1.760000000000000175e-01,1.760000000000000175e-01,1.760000000000000175e-01,1.803938475344009760e+02,1.803938475344009760e+02
3.174931716605458831e+01,2.402592014227936795e-12,5.689616799354553223e-01,3.362376987934112549e-01,2.200000000000000011e-01,1.760000000000000175e-01,1.760000000000000175e-01,1.760000000000000175e-01,1.760000000000000175e-01,1.806779384434918541e+02,1.806779384434918541e+02
3.179931716605459258e+01,2.489328188026186248e-12,6.034345626831054688e-01,3.707105815410614014e-01,2.200000000000000011e-01,1.760000000000000175e-01,1.760000000000000175e-01,1.760000000000000175e-01,1.760000000000000175e-01,1.809620293525827890e+02,1.809620293525827890e+02
3.184931716605459329e+01,0.000000000000000000e+00,6.399256587028503418e-01,4.072016775608062744e-01,2.200000000000000011e-01,1.760000000000000175e-01,1.760000000000000175e-01,1.760000000000000175e-01,1.760000000000000175e-01,1.812461202616736955e+02,1.812461202616736955e+02
3.189931716605459400e+01,0.000000000000000000e+00,6.780941486358642578e-01,4.453701674938201904e-01,2.200000000000000011e-01,1.760000000000000175e-01,1.760000000000000175e-01,1.760000000000000175e-01,1.760000000000000175e-01,1.815302111707646020e+02,1.815302111707646020e+02
3.194931716605459471e+01,1.202163368852080797e-12,7.179561853408813477e-01,4.852322041988372803e-01,2.200000000000000011e-01,1.760000000000000175e-01,1.760000000000000175e-01,1.760000000000000175e-01,1.760000000000000175e-01,1.818143020798555085e+02,1.818143020798555085e+02
3.199931716605458831e+01,2.404326737703697113e-12,7.589132785797119141e-01,5.261893272399902344e-01,2.200000000000000011e-01,1.760000000000000175e-01,1.760000000000000175e-01,1.760000000000000175e-01,1.760000000000000175e-01,1.820983929889463866e+02,1.820983929889463866e+02
3.204931716605459258e+01,1.717376241217081433e-13,8.010658621788024902e-01,5.683418512344360352e-01,2.200000000000000011e-01,1.760000000000000175e-01,1.760000000000000175e-01,1.760000000000000175e-01,1.760000000000000175e-01,1.823824838980373499e+02,1.823824838980373499e+02
3.209931716605458263e+01,1.042430267313276993e+01,8.439113497734069824e-01,6.111873388290405273e-01,9.592967811433227021e-02,1.760000000000000175e-01,9.592967811433227021e-02,9.592967811433227021e-02,9.592967811433227021e-02,1.827502260315676779e+02,1.827502260315676779e+02
3.214548108680972405e+01,6.334473791329441994e+00,8.900297880172729492e-01,6.573058366775512695e-01,1.578663094902671982e-01,1.760000000000000175e-01,1.578663094902671982e-01,1.578663094902671982e-01,1.578663094902671982e-01,1.831140136642316065e+02,1.831140136642316065e+02
3.219548108680972121e+01,0.000000000000000000e+00,9.381489157676696777e-01,7.054249048233032227e-01,2.200000000000000011e-01,1.760000000000000175e-01,1.760000000000000175e-01,1.760000000000000175e-01,1.760000000000000175e-01,1.834135347514376804e+02,1.834135347514376804e+02
3.224548108680971836e+01,1.142355777865954547e+00,9.862784743309020996e-01,7.535544633865356445e-01,2.200000000000000011e-01,1.760000000000000175e-01,1.760000000000000175e-01,1.760000000000000175e-01,1.760000000000000175e-01,1.836976256605285869e+02,1.836976256605285869e+02
3.229538351381268058e+01,1.369270290299470894e+00,1.033748388290405273e+00,8.010244369506835938e-01,2.200000000000000011e-01,1.760000000000000175e-01,1.760000000000000175e-01,1.760000000000000175e-01,1.760000000000000175e-01,1.839811621775908748e+02,1.839811621775908748e+02
3.234538351381267773e+01,2.233456475320733670e-12,1.080609798431396484e+00,8.478858470916748047e-01,2.200000000000000011e-01,1.760000000000000175e-01,1.760000000000000175e-01,1.760000000000000175e-01,1.760000000000000175e-01,1.842652530866817813e+02,1.842652530866817813e+02
3.239538351381266779e+01,1.679212324745644991e-12,1.127683997154235840e+00,8.949600458145141602e-01,2.200000000000000011e-01,1.760000000000000175e-01,1.760000000000000175e-01,1.760000000000000175e-01,1.760000000000000175e-01,1.845493439957726309e+02,1.845493439957726309e+02
3.244538351381267205e+01,5.542441505744826321e-13,1.174940228462219238e+00,9.422162771224975586e-01,2.200000000000000011e-01,1.760000000000000175e-01,1.760000000000000175e-01,1.760000000000000175e-01,1.760000000000000175e-01,1.848334349048635659e+02,1.848334349048635659e+02
3.249538351381266921e+01,3.341944776468811573e-12,1.222353219985961914e+00,9.896292686462402344e-01,2.200000000000000011e-01,1.760000000000000175e-01,1.760000000000000175e-01,1.760000000000000175e-01,1.760000000000000175e-01,1.851175258139544724e+02,1.851175258139544724e+02
3.254538351381267347e+01,3.896188927044130877e-12,1.269999742507934570e+00,1.037275791168212891e+00,2.200000000000000011e-01,1.760000000000000175e-01,1.760000000000000175e-01,1.760000000000000175e-01,1.760000000000000175e-01,1.854016167230454073e+02,1.854016167230454073e+02
3.259538351381266352e+01,3.341944776470208652e-12,1.317959666252136230e+00,1.085235714912414551e+00,2.200000000000000011e-01,1.760000000000000175e-01,1.760000000000000175e-01,1.760000000000000175e-01,1.760000000000000175e-01,1.856857076321362854e+02,1.856857076321362854e+02
3.264538351381266068e+01,2.233456475319800265e-12,1.366014242172241211e+00,1.133290290832519531e+00,2.200000000000000011e-01,1.760000000000000175e-01,1.760000000000000175e-01,1.760000000000000175e-01,1.760000000000000175e-01,1.859697985412271919e+02,1.859697985412271919e+02
3.269538351381266494e+01,1.108488301149196697e-12,1.414150953292846680e+00,1.181427001953125000e+00,2.200000000000000011e-01,1.760000000000000175e-01,1.760000000000000175e-01,1.760000000000000175e-01,1.760000000000000175e-01,1.862538894503181268e+02,1.862538894503181268e+02
3.274538351381265500e+01,3.896188927044130877e-12,1.462359070777893066e+00,1.229635119438171387e+00,2.200000000000000011e-01,1.760000000000000175e-01,1.760000000000000175e-01,1.760000000000000175e-01,1.760000000000000175e-01,1.865379803594090049e+02,1.865379803594090049e+02
3.279538351381265926e+01,3.341944776468811573e-12,1.510682225227355957e+00,1.277958273887634277e+00,2.200000000000000011e-01,1.760000000000000175e-01,1.760000000000000175e-01,1.760000000000000175e-01,1.760000000000000175e-01,1.868220712684999398e+02,1.868220712684999398e+02
3.284538351381265642e+01,2.787700625894888540e-12,1.559266328811645508e+00,1.326542377471923828e+00,2.200000000000000011e-01,1.760000000000000175e-01,1.760000000000000175e-01,1.760000000000000175e-01,1.760000000000000175e-01,1.871061621775908463e+02,1.871061621775908463e+02
3.289538351381265358e+01,2.787700625894888540e-12,1.607890725135803223e+00,1.375166773796081543e+00,2.200000000000000011e-01,1.760000000000000175e-01,1.760000000000000175e-01,1.760000000000000175e-01,1.760000000000000175e-01,1.873902530866817528e+02,1.873902530866817528e+02
3.294538351381265073e+01,0.000000000000000000e+00,1.656550049781799316e+00,1.423826098442077637e+00,2.200000000000000011e-01,1.760000000000000175e-01,1.760000000000000175e-01,1.760000000000000175e-01,1.760000000000000175e-01,1.876743439957726594e+02,1.876743439957726594e+02
3.299538351381264789e+01,3.341944776468811573e-12,1.705239772796630859e+00,1.472515821456909180e+00,2.200000000000000011e-01,1.760000000000000175e-01,1.760000000000000175e-01,1.760000000000000175e-01,1.760000000000000175e-01,1.879584349048635659e+02,1.879584349048635659e+02
3.304538351381265215e+01,3.896188927044130877e-12,1.753972768783569336e+00,1.521248817443847656e+00,2.200000000000000011e-01,1.760000000000000175e-01,1.760000000000000175e-01,1.760000000000000175e-01,1.760000000000000175e-01,1.882425258139545008e+02,1.882425258139545008e+02
3.309538351381264221e+01,5.542441505747143678e-13,1.802942037582397461e+00,1.570218086242675781e+00,2.200000000000000011e-01,1.760000000000000175e-01,1.760000000000000175e-01,1.760000000000000175e-01,1.760000000000000175e-01,1.885266167230453789e+02,1.885266167230453789e+02
3.314538351381263936e+01,3.341944776468811573e-12,1.851924657821655273e+00,1.619200706481933594e+00,2.200000000000000011e-01,1.760000000000000175e-01,1.760000000000000175e-01,1.760000000000000175e-01,1.760000000000000175e-01,1.888107076321362854e+02,1.888107076321362854e+02
3.319538351381264363e+01,3.341944776468811573e-12,1.900918126106262207e+00,1.668194174766540527e+00,2.200000000000000011e-01,1.760000000000000175e-01,1.760000000000000175e-01,1.760000000000000175e-01,1.760000000000000175e-01,1.890947985412272203e+02,1.890947985412272203e+02
3.324538351381264079e+01,0.000000000000000000e+00,1.949920773506164551e+00,1.717196822166442871e+00,2.200000000000000011e-01,1.760000000000000175e-01,1.760000000000000175e-01,1.760000000000000175e-01,1.760000000000000175e-01,1.893788894503181268e+02,1.893788894503181268e+02
3.329538351381263794e+01,2.787700625894888540e-12,1.998930692672729492e+00,1.766206741333007812e+00,2.200000000000000011e-01,1.760000000000000175e-01,1.760000000000000175e-01,1.760000000000000175e-01,1.760000000000000175e-01,1.896629803594090333e+02,1.896629803594090333e+02
3.334538351381263510e+01,2.787700625894888540e-12,2.048141717910766602e+00,1.815417766571044922e+00,2.200000000000000011e-01,1.760000000000000175e-01,1.760000000000000175e-01,1.760000000000000175e-01,1.760000000000000175e-01,1.899470712684999398e+02,1.899470712684999398e+02
3.339538351381263226e+01,2.787700625894888540e-12,2.097363233566284180e+00,1.864639282226562500e+00,2.200000000000000011e-01,1.760000000000000175e-01,1.760000000000000175e-01,1.760000000000000175e-01,1.760000000000000175e-01,1.902311621775908463e+02,1.902311621775908463e+02
3.344538351381262942e+01,2.787700625894888540e-12,2.146582841873168945e+00,1.913858890533447266e+00,2.200000000000000011e-01,1.760000000000000175e-01,1.760000000000000175e-01,1.760000000000000175e-01,1.760000000000000175e-01,1.905152530866817528e+02,1.905152530866817528e+02
3.349538351381262657e+01,5.542441505744826321e-13,2.195801973342895508e+00,1.963078022003173828e+00,2.200000000000000011e-01,1.760000000000000175e-01,1.760000000000000175e-01,1.760000000000000175e-01,1.760000000000000175e-01,1.907993439957726594e+02,1.907993439957726594e+02
3.354538351381263084e+01,2.233456475319800265e-12,2.245018482208251953e+00,2.012294530868530273e+00,2.200000000000000011e-01,1.760000000000000175e-01,1.760000000000000175e-01,1.760000000000000175e-01,1.760000000000000175e-01,1.910834349048635943e+02,1.910834349048635943e+02
3.359538351381262800e+01,3.341944776470208652e-12,2.294383764266967773e+00,2.061659812927246094e+00,2.200000000000000011e-01,1.760000000000000175e-01,1.760000000000000175e-01,1.760000000000000175e-01,1.760000000000000175e-01,1.913675258139545008e+02,1.913675258139545008e+02
3.364538351381261805e+01,3.896188927044130877e-12,2.343774557113647461e+00,2.111050605773925781e+00,2.200000000000000011e-01,1.760000000000000175e-01,1.760000000000000175e-01,1.760000000000000175e-01,1.760000000000000175e-01,1.916516167230453789e+02,1.916516167230453789e+02
3.369538351381262231e+01,3.341944776468811573e-12,2.393156051635742188e+00,2.160432100296020508e+00,2.200000000000000011e-01,1.760000000000000175e-01,1.760000000000000175e-01,1.760000000000000175e-01,1.760000000000000175e-01,1.919357076321363138e+02,1.919357076321363138e+02
3.374538351381261947e+01,0.000000000000000000e+00,2.442528247833251953e+00,2.209804296493530273e+00,2.200000000000000011e-01,1.760000000000000175e-01,1.760000000000000175e-01,1.760000000000000175e-01,1.760000000000000175e-01,1.922197985412272203e+02,1.922197985412272203e+02
3.379538351381261663e+01,2.787700625894888540e-12,2.491891384124755859e+00,2.259167432785034180e+00,2.200000000000000011e-01,1.760000000000000175e-01,1.760000000000000175e-01,1.760000000000000175e-01,1.760000000000000175e-01,1.925038894503181268e+02,1.925038894503181268e+02
3.384538351381261378e+01,2.787700625894888540e-12,2.493165493011474609e+00,2.260441541671752930e+00,2.200000000000000011e-01,1.760000000000000175e-01,1.760000000000000175e-01,1.760000000000000175e-01,1.760000000000000175e-01,1.927879803594090333e+02,1.927879803594090333e+02
3.389538351381261094e+01,3.341944776468811573e-12,2.483543872833251953e+00,2.250819921493530273e+00,2.200000000000000011e-01,1.760000000000000175e-01,1.760000000000000175e-01,1.760000000000000175e-01,1.760000000000000175e-01,1.930720712684999398e+02,1.930720712684999398e+02
3.394538351381261521e+01,3.896188927044130877e-12,2.473793268203735352e+00,2.241069316864013672e+00,2.200000000000000011e-01,1.760000000000000175e-01,1.760000000000000175e-01,1.760000000000000175e-01,1.760000000000000175e-01,1.933561621775908748e+02,1.933561621775908748e+02
3.399538351381260526e+01,1.108488301149196697e-12,2.464042663574218750e+00,2.231318712234497070e+00,2.200000000000000011e-01,1.760000000000000175e-01,1.760000000000000175e-01,1.760000000000000175e-01,1.760000000000000175e-01,1.936402530866817528e+02,1.936402530866817528e+02
3.404538351381260952e+01,2.233456475319800265e-12,2.454686403274536133e+00,2.221962451934814453e+00,2.200000000000000011e-01,1.760000000000000175e-01,1.760000000000000175e-01,1.760000000000000175e-01,1.760000000000000175e-01,1.939243439957726878e+02,1.939243439957726878e+02
3.409538351381260668e+01,3.341944776470208652e-12,2.446210145950317383e+00,2.213486194610595703e+00,2.200000000000000011e-01,1.760000000000000175e-01,1.760000000000000175e-01,1.760000000000000175e-01,1.760000000000000175e-01,1.942084349048635943e+02,1.942084349048635943e+02
3.414538351381259673e+01,3.896188927044130877e-12,2.438729763031005859e+00,2.206005811691284180e+00,2.200000000000000011e-01,1.760000000000000175e-01,1.760000000000000175e-01,1.760000000000000175e-01,1.760000000000000175e-01,1.944925258139544724e+02,1.944925258139544724e+02
3.419538351381260100e+01,3.341944776468811573e-12,2.432254076004028320e+00,2.199530124664306641e+00,2.200000000000000011e-01,1.760000000000000175e-01,1.760000000000000175e-01,1.760000000000000175e-01,1.760000000000000175e-01,1.947766167230454073e+02,1.947766167230454073e+02
3.424538351381259815e+01,5.542441505744826321e-13,2.426790952682495117e+00,2.194067001342773438e+00,2.200000000000000011e-01,1.760000000000000175e-01,1.760000000000000175e-01,1.760000000000000175e-01,1.760000000000000175e-01,1.950607076321363138e+02,1.950607076321363138e+02
3.429538351381260242e+01,1.679212324745644991e-12,2.422346591949462891e+00,2.189622640609741211e+00,2.200000000000000011e-01,1.760000000000000175e-01,1.760000000000000175e-01,1.760000000000000175e-01,1.760000000000000175e-01,1.953447985412272487e+02,1.953447985412272487e+02
3.434538351381259247e+01,2.233456475320733670e-12,2.418927669525146484e+00,2.186203718185424805e+00,2.200000000000000011e-01,1.760000000000000175e-01,1.760000000000000175e-01,1.760000000000000175e-01,1.760000000000000175e-01,1.956288894503180984e+02,1.956288894503180984e+02
3.439538351381258963e+01,5.542441505744826321e-13,2.416539907455444336e+00,2.183815956115722656e+00,2.200000000000000011e-01,1.760000000000000175e-01,1.760000000000000175e-01,1.760000000000000175e-01,1.760000000000000175e-01,1.959129803594090049e+02,1.959129803594090049e+02
3.444538351381259389e+01,1.679212324745644991e-12,2.415184259414672852e+00,2.182460308074951172e+00,2.200000000000000011e-01,1.760000000000000175e-01,1.760000000000000175e-01,1.760000000000000175e-01,1.760000000000000175e-01,1.961970712684999398e+02,1.961970712684999398e+02
3.449538351381258394e+01,1.679212324745644991e-12,2.414861679077148438e+00,2.182137727737426758e+00,2.200000000000000011e-01,1.760000000000000175e-01,1.760000000000000175e-01,1.760000000000000175e-01,1.760000000000000175e-01,1.964811621775907895e+02,1.964811621775907895e+02
3.454538351381258821e+01,2.233456475319800265e-12,2.415571689605712891e+00,2.182847738265991211e+00,2.200000000000000011e-01,1.760000000000000175e-01,1.760000000000000175e-01,1.760000000000000175e-01,1.760000000000000175e-01,1.967652530866817244e+02,1.967652530866817244e+02
3.459538351381258536e+01,2.787700625894888540e-12,2.417315959930419922e+00,2.184592008590698242e+00,2.200000000000000011e-01,1.760000000000000175e-01,1.760000000000000175e-01,1.760000000000000175e-01,1.760000000000000175e-01,1.970493439957726309e+02,1.970493439957726309e+02
3.464538351381258252e+01,0.000000000000000000e+00,2.420097827911376953e+00,2.187373876571655273e+00,2.200000000000000011e-01,1.760000000000000175e-01,1.760000000000000175e-01,1.760000000000000175e-01,1.760000000000000175e-01,1.973334349048635374e+02,1.973334349048635374e+02
3.469538351381257968e+01,2.787700625894888540e-12,2.423906087875366211e+00,2.191182136535644531e+00,2.200000000000000011e-01,1.760000000000000175e-01,1.760000000000000175e-01,1.760000000000000175e-01,1.760000000000000175e-01,1.976175258139544439e+02,1.976175258139544439e+02
3.474538351381257684e+01,2.233456475319800265e-12,2.423051357269287109e+00,2.190327405929565430e+00,2.200000000000000011e-01,1.760000000000000175e-01,1.760000000000000175e-01,1.760000000000000175e-01,1.760000000000000175e-01,1.979016167230453505e+02,1.979016167230453505e+02
3.479538351381258110e+01,1.679212324745644991e-12,2.412365436553955078e+00,2.179641485214233398e+00,2.200000000000000011e-01,1.760000000000000175e-01,1.760000000000000175e-01,1.760000000000000175e-01,1.760000000000000175e-01,1.981857076321362854e+02,1.981857076321362854e+02
3.484538351381257115e+01,2.233456475320733670e-12,2.383372783660888672e+00,2.150648832321166992e+00,2.200000000000000011e-01,1.760000000000000175e-01,1.760000000000000175e-01,1.760000000000000175e-01,1.760000000000000175e-01,1.984697985412271350e+02,1.984697985412271350e+02
3.489538351381256831e+01,5.542441505744826321e-13,2.341918945312500000e+00,2.109194993972778320e+00,2.200000000000000011e-01,1.760000000000000175e-01,1.760000000000000175e-01,1.760000000000000175e-01,1.760000000000000175e-01,1.987538894503180416e+02,1.987538894503180416e+02
3.494538351381257257e+01,2.233456475319800265e-12,2.300097942352294922e+00,2.067373991012573242e+00,2.200000000000000011e-01,1.760000000000000175e-01,1.760000000000000175e-01,1.760000000000000175e-01,1.760000000000000175e-01,1.990379803594089765e+02,1.990379803594089765e+02
3.499538351381256973e+01,2.787700625894888540e-12,2.258573055267333984e+00,2.025849103927612305e+00,2.200000000000000011e-01,1.760000000000000175e-01,1.760000000000000175e-01,1.760000000000000175e-01,1.760000000000000175e-01,1.993220712684998830e+02,1.993220712684998830e+02
3.504538351381256689e+01,2.787700625894888540e-12,2.217361927032470703e+00,1.984637975692749023e+00,2.200000000000000011e-01,1.760000000000000175e-01,1.760000000000000175e-01,1.760000000000000175e-01,1.760000000000000175e-01,1.996061621775907895e+02,1.996061621775907895e+02
3.509538351381256405e+01,2.787700625894888540e-12,2.176492214202880859e+00,1.943768262863159180e+00,2.200000000000000011e-01,1.760000000000000175e-01,1.760000000000000175e-01,1.760000000000000175e-01,1.760000000000000175e-01,1.998902530866816960e+02,1.998902530866816960e+02
3.514538351381256120e+01,0.000000000000000000e+00,2.136153697967529297e+00,1.903429746627807617e+00,2.200000000000000011e-01,1.760000000000000175e-01,1.760000000000000175e-01,1.760000000000000175e-01,1.760000000000000175e-01,2.001743439957726025e+02,2.001743439957726025e+02
3.519538351381255836e+01,2.787700625894888540e-12,2.096193790435791016e+00,1.863469839096069336e+00,2.200000000000000011e-01,1.760000000000000175e-01,1.760000000000000175e-01,1.760000000000000175e-01,1.760000000000000175e-01,2.004584349048635090e+02,2.004584349048635090e+02
3.524538351381255552e+01,2.233456475319800265e-12,2.056635141372680664e+00,1.823911190032958984e+00,2.200000000000000011e-01,1.760000000000000175e-01,1.760000000000000175e-01,1.760000000000000175e-01,1.760000000000000175e-01,2.007425258139544155e+02,2.007425258139544155e+02
3.529538351381255978e+01,2.233456475319800265e-12,2.017502784729003906e+00,1.784778833389282227e+00,2.200000000000000011e-01,1.760000000000000175e-01,1.760000000000000175e-01,1.760000000000000175e-01,1.760000000000000175e-01,2.010266167230453505e+02,2.010266167230453505e+02
3.534538351381255694e+01,3.341944776470208652e-12,1.978823184967041016e+00,1.746099233627319336e+00,2.200000000000000011e-01,1.760000000000000175e-01,1.760000000000000175e-01,1.760000000000000175e-01,1.760000000000000175e-01,2.013107076321362570e+02,2.013107076321362570e+02
3.539538351381254699e+01,1.108488301149196697e-12,1.940801024436950684e+00,1.708077073097229004e+00,2.200000000000000011e-01,1.760000000000000175e-01,1.760000000000000175e-01,1.760000000000000175e-01,1.760000000000000175e-01,2.015947985412271350e+02,2.015947985412271350e+02
3.544538351381255126e+01,2.233456475319800265e-12,1.903309106826782227e+00,1.670585155487060547e+00,2.200000000000000011e-01,1.760000000000000175e-01,1.760000000000000175e-01,1.760000000000000175e-01,1.760000000000000175e-01,2.018788894503180700e+02,2.018788894503180700e+02
3.549538351381254841e+01,2.787700625894888540e-12,1.866364955902099609e+00,1.633641004562377930e+00,2.200000000000000011e-01,1.760000000000000175e-01,1.760000000000000175e-01,1.760000000000000175e-01,1.760000000000000175e-01,2.021629803594089765e+02,2.021629803594089765e+02
3.554538351381254557e+01,0.000000000000000000e+00,1.830003499984741211e+00,1.597279548645019531e+00,2.200000000000000011e-01,1.760000000000000175e-01,1.760000000000000175e-01,1.760000000000000175e-01,1.760000000000000175e-01,2.024470712684998830e+02,2.024470712684998830e+02
3.559538351381254273e+01,2.787700625894888540e-12,1.794262170791625977e+00,1.561538219451904297e+00,2.200000000000000011e-01,1.760000000000000175e-01,1.760000000000000175e-01,1.760000000000000175e-01,1.760000000000000175e-01,2.027311621775907895e+02,2.027311621775907895e+02
3.564538351381253989e+01,2.233456475319800265e-12,1.759329915046691895e+00,1.526605963706970215e+00,2.200000000000000011e-01,1.760000000000000175e-01,1.760000000000000175e-01,1.760000000000000175e-01,1.760000000000000175e-01,2.030152530866816960e+02,2.030152530866816960e+02
3.569538351381254415e+01,1.679212324745644991e-12,1.725139975547790527e+00,1.492416024208068848e+00,2.200000000000000011e-01,1.760000000000000175e-01,1.760000000000000175e-01,1.760000000000000175e-01,1.760000000000000175e-01,2.032993439957726309e+02,2.032993439957726309e+02
3.574538351381253420e+01,1.679212324745644991e-12,1.691698551177978516e+00,1.458974599838256836e+00,2.200000000000000011e-01,1.760000000000000175e-01,1.760000000000000175e-01,1.760000000000000175e-01,1.760000000000000175e-01,2.035834349048634806e+02,2.035834349048634806e+02
3.579538351381253847e+01,5.542441505744826321e-13,1.659053564071655273e+00,1.426329612731933594e+00,2.200000000000000011e-01,1.760000000000000175e-01,1.760000000000000175e-01,1.760000000000000175e-01,1.760000000000000175e-01,2.038675258139544155e+02,2.038675258139544155e+02
3.584538351381253563e+01,2.233456475320733670e-12,1.627256035804748535e+00,1.394532084465026855e+00,2.200000000000000011e-01,1.760000000000000175e-01,1.760000000000000175e-01,1.760000000000000175e-01,1.760000000000000175e-01,2.041516167230453220e+02,2.041516167230453220e+02
3.589538351381252568e+01,1.679212324745644991e-12,1.596475243568420410e+00,1.363751292228698730e+00,2.200000000000000011e-01,1.760000000000000175e-01,1.760000000000000175e-01,1.760000000000000175e-01,1.760000000000000175e-01,2.044357076321361717e+02,2.044357076321361717e+02
3.594538351381252994e+01,2.233456475319800265e-12,1.566707491874694824e+00,1.333983540534973145e+00,2.200000000000000011e-01,1.760000000000000175e-01,1.760000000000000175e-01,1.760000000000000175e-01,1.760000000000000175e-01,2.047197985412271066e+02,2.047197985412271066e+02
3.599538351381252710e+01,2.233456475319800265e-12,1.537952899932861328e+00,1.305228948593139648e+00,2.200000000000000011e-01,1.760000000000000175e-01,1.760000000000000175e-01,1.760000000000000175e-01,1.760000000000000175e-01,2.050038894503180131e+02,2.050038894503180131e+02
3.604538351381253136e+01,1.108488301149196697e-12,1.510273456573486328e+00,1.277549505233764648e+00,2.200000000000000011e-01,1.760000000000000175e-01,1.760000000000000175e-01,1.760000000000000175e-01,1.760000000000000175e-01,2.052879803594089481e+02,2.052879803594089481e+02
3.609538351381252141e+01,3.341944776470208652e-12,1.483745455741882324e+00,1.251021504402160645e+00,2.200000000000000011e-01,1.760000000000000175e-01,1.760000000000000175e-01,1.760000000000000175e-01,1.760000000000000175e-01,2.055720712684998261e+02,2.055720712684998261e+02
3.614538351381251857e+01,2.233456475319800265e-12,1.458509325981140137e+00,1.225785374641418457e+00,2.200000000000000011e-01,1.760000000000000175e-01,1.760000000000000175e-01,1.760000000000000175e-01,1.760000000000000175e-01,2.058561621775907327e+02,2.058561621775907327e+02
3.619538351381252284e+01,1.679212324745644991e-12,1.434609651565551758e+00,1.201885700225830078e+00,2.200000000000000011e-01,1.760000000000000175e-01,1.760000000000000175e-01,1.760000000000000175e-01,1.760000000000000175e-01,2.061402530866816676e+02,2.061402530866816676e+02
3.624538351381251289e+01,1.679212324745644991e-12,1.412047266960144043e+00,1.179323315620422363e+00,2.200000000000000011e-01,1.760000000000000175e-01,1.760000000000000175e-01,1.760000000000000175e-01,1.760000000000000175e-01,2.064243439957725172e+02,2.064243439957725172e+02
3.629538351381251715e+01,5.542441505744826321e-13,1.390892148017883301e+00,1.158168196678161621e+00,2.200000000000000011e-01,1.760000000000000175e-01,1.760000000000000175e-01,1.760000000000000175e-01,1.760000000000000175e-01,2.067084349048634522e+02,2.067084349048634522e+02
3.634538351381251431e+01,2.787700625894888540e-12,1.371215343475341797e+00,1.138491392135620117e+00,2.200000000000000011e-01,1.760000000000000175e-01,1.760000000000000175e-01,1.760000000000000175e-01,1.760000000000000175e-01,2.069925258139543587e+02,2.069925258139543587e+02
3.639538351381251147e+01,2.787700625894888540e-12,1.353127598762512207e+00,1.120403647422790527e+00,2.200000000000000011e-01,1.760000000000000175e-01,1.760000000000000175e-01,1.760000000000000175e-01,1.760000000000000175e-01,2.072766167230452652e+02,2.072766167230452652e+02
3.644538351381250862e+01,2.787700625894888540e-12,1.336704373359680176e+00,1.103980422019958496e+00,2.200000000000000011e-01,1.760000000000000175e-01,1.760000000000000175e-01,1.760000000000000175e-01,1.760000000000000175e-01,2.075607076321361717e+02,2.075607076321361717e+02
3.649538351381250578e+01,2.233456475319800265e-12,1.321947932243347168e+00,1.089223980903625488e+00,2.200000000000000011e-01,1.760000000000000175e-01,1.760000000000000175e-01,1.760000000000000175e-01,1.760000000000000175e-01,2.078447985412270782e+02,2.078447985412270782e+02
3.654538351381251005e+01,1.108488301149196697e-12,1.308920383453369141e+00,1.076196432113647461e+00,2.200000000000000011e-01,1.760000000000000175e-01,1.760000000000000175e-01,1.760000000000000175e-01,1.760000000000000175e-01,2.081288894503180131e+02,2.081288894503180131e+02
3.659538351381250010e+01,3.341944776470208652e-12,1.295594573020935059e+00,1.062870621681213379e+00,2.200000000000000011e-01,1.760000000000000175e-01,1.760000000000000175e-01,1.760000000000000175e-01,1.760000000000000175e-01,2.084129803594088912e+02,2.084129803594088912e+02
3.664538351381249726e+01,2.233456475319800265e-12,1.282241344451904297e+00,1.049517393112182617e+00,2.200000000000000011e-01,1.760000000000000175e-01,1.760000000000000175e-01,1.760000000000000175e-01,1.760000000000000175e-01,2.086970712684997977e+02,2.086970712684997977e+02
3.669538351381250152e+01,1.108488301149196697e-12,1.269385814666748047e+00,1.036661863327026367e+00,2.200000000000000011e-01,1.760000000000000175e-01,1.760000000000000175e-01,1.760000000000000175e-01,1.760000000000000175e-01,2.089811621775907327e+02,2.089811621775907327e+02
3.674538351381249157e+01,3.896188927044130877e-12,1.255807518959045410e+00,1.023083567619323730e+00,2.200000000000000011e-01,1.760000000000000175e-01,1.760000000000000175e-01,1.760000000000000175e-01,1.760000000000000175e-01,2.092652530866816107e+02,2.092652530866816107e+02
3.679538351381249583e+01,3.341944776468811573e-12,1.243010520935058594e+00,1.010286569595336914e+00,2.200000000000000011e-01,1.760000000000000175e-01,1.760000000000000175e-01,1.760000000000000175e-01,1.760000000000000175e-01,2.095493439957725457e+02,2.095493439957725457e+02
3.684538351381249299e+01,2.787700625894888540e-12,1.229450106620788574e+00,9.967261552810668945e-01,2.200000000000000011e-01,1.760000000000000175e-01,1.760000000000000175e-01,1.760000000000000175e-01,1.760000000000000175e-01,2.098334349048634522e+02,2.098334349048634522e+02
3.689538351381249015e+01,2.787700625894888540e-12,1.216558218002319336e+00,9.838342666625976562e-01,2.200000000000000011e-01,1.760000000000000175e-01,1.760000000000000175e-01,1.760000000000000175e-01,1.760000000000000175e-01,2.101175258139543587e+02,2.101175258139543587e+02
3.694538351381248731e+01,0.000000000000000000e+00,1.205597877502441406e+00,9.728739261627197266e-01,2.200000000000000011e-01,1.760000000000000175e-01,1.760000000000000175e-01,1.760000000000000175e-01,1.760000000000000175e-01,2.104016167230452652e+02,2.104016167230452652e+02
3.699538351381248447e+01,3.341944776468811573e-12,1.196609854698181152e+00,9.638859033584594727e-01,2.200000000000000011e-01,1.760000000000000175e-01,1.760000000000000175e-01,1.760000000000000175e-01,1.760000000000000175e-01,2.106857076321361717e+02,2.106857076321361717e+02
3.704538351381248873e+01,3.341944776468811573e-12,1.189645171165466309e+00,9.569212198257446289e-01,2.200000000000000011e-01,1.760000000000000175e-01,1.760000000000000175e-01,1.760000000000000175e-01,1.760000000000000175e-01,2.109697985412271066e+02,2.109697985412271066e+02
3.709538351381248589e+01,2.233456475320733670e-12,1.184745311737060547e+00,9.520213603973388672e-01,2.200000000000000011e-01,1.760000000000000175e-01,1.760000000000000175e-01,1.760000000000000175e-01,1.760000000000000175e-01,2.112538894503180131e+02,2.112538894503180131e+02
3.714538351381247594e+01,1.679212324745644991e-12,1.181940913200378418e+00,9.492169618606567383e-01,2.200000000000000011e-01,1.760000000000000175e-01,1.760000000000000175e-01,1.760000000000000175e-01,1.760000000000000175e-01,2.115379803594088628e+02,2.115379803594088628e+02
3.719538351381248020e+01,5.542441505744826321e-13,1.181264400482177734e+00,9.485404491424560547e-01,2.200000000000000011e-01,1.760000000000000175e-01,1.760000000000000175e-01,1.760000000000000175e-01,1.760000000000000175e-01,2.118220712684997977e+02,2.118220712684997977e+02
3.724538351381247736e+01,2.787700625894888540e-12,1.182695627212524414e+00,9.499716758728027344e-01,2.200000000000000011e-01,1.760000000000000175e-01,1.760000000000000175e-01,1.760000000000000175e-01,1.760000000000000175e-01,2.121061621775907042e+02,2.121061621775907042e+02
3.729538351381247452e+01,2.787700625894888540e-12,1.186230778694152832e+00,9.535068273544311523e-01,2.200000000000000011e-01,1.760000000000000175e-01,1.760000000000000175e-01,1.760000000000000175e-01,1.760000000000000175e-01,2.123902530866816107e+02,2.123902530866816107e+02
3.734538351381247168e+01,2.787700625894888540e-12,1.191853523254394531e+00,9.591295719146728516e-01,2.200000000000000011e-01,1.760000000000000175e-01,1.760000000000000175e-01,1.760000000000000175e-01,1.760000000000000175e-01,2.126743439957725172e+02,2.126743439957725172e+02
3.739538351381246883e+01,2.787700625894888540e-12,1.199535369873046875e+00,9.668114185333251953e-01,2.200000000000000011e-01,1.760000000000000175e-01,1.760000000000000175e-01,1.760000000000000175e-01,1.760000000000000175e-01,2.129584349048634238e+02,2.129584349048634238e+02
3.744538351381246599e+01,0.000000000000000000e+00,1.208752274513244629e+00,9.760283231735229492e-01,2.200000000000000011e-01,1.760000000000000175e-01,1.760000000000000175e-01,1.760000000000000175e-01,1.760000000000000175e-01,2.132425258139543303e+02,2.132425258139543303e+02
3.749538351381246315e+01,3.341944776468811573e-12,1.218963861465454102e+00,9.862399101257324219e-01,2.200000000000000011e-01,1.760000000000000175e-01,1.760000000000000175e-01,1.760000000000000175e-01,1.760000000000000175e-01,2.135266167230452368e+02,2.135266167230452368e+02
3.754538351381246741e+01,3.341944776468811573e-12,1.230582475662231445e+00,9.978585243225097656e-01,2.200000000000000011e-01,1.760000000000000175e-01,1.760000000000000175e-01,1.760000000000000175e-01,1.760000000000000175e-01,2.138107076321361717e+02,2.138107076321361717e+02
3.759538351381246457e+01,2.233456475320733670e-12,1.244102239608764648e+00,1.011378288269042969e+00,2.200000000000000011e-01,1.760000000000000175e-01,1.760000000000000175e-01,1.760000000000000175e-01,1.760000000000000175e-01,2.140947985412270782e+02,2.140947985412270782e+02
3.764538351381245462e+01,1.679212324745644991e-12,1.259459972381591797e+00,1.026736021041870117e+00,2.200000000000000011e-01,1.760000000000000175e-01,1.760000000000000175e-01,1.760000000000000175e-01,1.760000000000000175e-01,2.143788894503179279e+02,2.143788894503179279e+02
3.769538351381245889e+01,5.542441505744826321e-13,1.276594996452331543e+00,1.043871045112609863e+00,2.200000000000000011e-01,1.760000000000000175e-01,1.760000000000000175e-01,1.760000000000000175e-01,1.760000000000000175e-01,2.146629803594088628e+02,2.146629803594088628e+02
3.774538351381245604e+01,3.341944776468811573e-12,1.295436263084411621e+00,1.062712311744689941e+00,2.200000000000000011e-01,1.760000000000000175e-01,1.760000000000000175e-01,1.760000000000000175e-01,1.760000000000000175e-01,2.149470712684997693e+02,2.149470712684997693e+02
3.779538351381246031e+01,3.896188927044130877e-12,1.315906763076782227e+00,1.083182811737060547e+00,2.200000000000000011e-01,1.760000000000000175e-01,1.760000000000000175e-01,1.760000000000000175e-01,1.760000000000000175e-01,2.152311621775907042e+02,2.152311621775907042e+02
3.784538351381245036e+01,5.542441505747143678e-13,1.337928414344787598e+00,1.105204463005065918e+00,2.200000000000000011e-01,1.760000000000000175e-01,1.760000000000000175e-01,1.760000000000000175e-01,1.760000000000000175e-01,2.155152530866815823e+02,2.155152530866815823e+02
3.789538351381244752e+01,3.341944776468811573e-12,1.361422061920166016e+00,1.128698110580444336e+00,2.200000000000000011e-01,1.760000000000000175e-01,1.760000000000000175e-01,1.760000000000000175e-01,1.760000000000000175e-01,2.157993439957724888e+02,2.157993439957724888e+02
3.794538351381245178e+01,3.896188927044130877e-12,1.385454535484313965e+00,1.152730584144592285e+00,2.200000000000000011e-01,1.760000000000000175e-01,1.760000000000000175e-01,1.760000000000000175e-01,1.760000000000000175e-01,2.160834349048634238e+02,2.160834349048634238e+02
3.799538351381244183e+01,3.896188927044130877e-12,1.389562010765075684e+00,1.156838059425354004e+00,2.200000000000000011e-01,1.760000000000000175e-01,1.760000000000000175e-01,1.760000000000000175e-01,1.760000000000000175e-01,2.163675258139543018e+02,2.163675258139543018e+02
3.804538351381244610e+01,3.341944776468811573e-12,1.349813461303710938e+00,1.117089509963989258e+00,2.200000000000000011e-01,1.760000000000000175e-01,1.760000000000000175e-01,1.760000000000000175e-01,1.760000000000000175e-01,2.166516167230452368e+02,2.166516167230452368e+02
3.809538351381244325e+01,0.000000000000000000e+00,1.302526950836181641e+00,1.069802999496459961e+00,2.200000000000000011e-01,1.760000000000000175e-01,1.760000000000000175e-01,1.760000000000000175e-01,1.760000000000000175e-01,2.169357076321361433e+02,2.169357076321361433e+02
3.814538351381244041e+01,2.787700625894888540e-12,1.255376577377319336e+00,1.022652626037597656e+00,2.200000000000000011e-01,1.760000000000000175e-01,1.760000000000000175e-01,1.760000000000000175e-01,1.760000000000000175e-01,2.172197985412270498e+02,2.172197985412270498e+02
3.819538351381243757e+01,2.787700625894888540e-12,1.208580255508422852e+00,9.758563041687011719e-01,2.200000000000000011e-01,1.760000000000000175e-01,1.760000000000000175e-01,1.760000000000000175e-01,1.760000000000000175e-01,2.175038894503179563e+02,2.175038894503179563e+02
3.824538351381243473e+01,5.542441505744826321e-13,1.162169456481933594e+00,9.294455051422119141e-01,2.200000000000000011e-01,1.760000000000000175e-01,1.760000000000000175e-01,1.760000000000000175e-01,1.760000000000000175e-01,2.177879803594088628e+02,2.177879803594088628e+02
3.829538351381243899e+01,1.679212324745644991e-12,1.115986227989196777e+00,8.832622766494750977e-01,2.200000000000000011e-01,1.760000000000000175e-01,1.760000000000000175e-01,1.760000000000000175e-01,1.760000000000000175e-01,2.180720712684997977e+02,2.180720712684997977e+02
3.834538351381242904e+01,1.679212324745644991e-12,1.070060372352600098e+00,8.373364210128784180e-01,2.200000000000000011e-01,1.760000000000000175e-01,1.760000000000000175e-01,1.760000000000000175e-01,1.760000000000000175e-01,2.183561621775906474e+02,2.183561621775906474e+02
3.839538351381243331e+01,2.233456475319800265e-12,1.024427890777587891e+00,7.917039394378662109e-01,2.200000000000000011e-01,1.760000000000000175e-01,1.760000000000000175e-01,1.760000000000000175e-01,1.760000000000000175e-01,2.186402530866815823e+02,2.186402530866815823e+02
3.844538351381243046e+01,3.341944776470208652e-12,9.793109893798828125e-01,7.465870380401611328e-01,2.200000000000000011e-01,1.760000000000000175e-01,1.760000000000000175e-01,1.760000000000000175e-01,1.760000000000000175e-01,2.189243439957724888e+02,2.189243439957724888e+02
3.849538351381242052e+01,1.108488301149196697e-12,9.348941445350646973e-01,7.021701335906982422e-01,2.200000000000000011e-01,1.760000000000000175e-01,1.760000000000000175e-01,1.760000000000000175e-01,1.760000000000000175e-01,2.192084349048633669e+02,2.192084349048633669e+02
3.854538351381242478e+01,2.233456475319800265e-12,8.909685611724853516e-01,6.582446098327636719e-01,2.200000000000000011e-01,1.760000000000000175e-01,1.760000000000000175e-01,1.760000000000000175e-01,1.760000000000000175e-01,2.194925258139543018e+02,2.194925258139543018e+02
3.859538351381242194e+01,2.233456475319800265e-12,8.476130962371826172e-01,6.148891448974609375e-01,2.200000000000000011e-01,1.760000000000000175e-01,1.760000000000000175e-01,1.760000000000000175e-01,1.760000000000000175e-01,2.197766167230452083e+02,2.197766167230452083e+02
3.864538351381242620e+01,1.679212324745644991e-12,8.049235343933105469e-01,5.721995830535888672e-01,2.200000000000000011e-01,1.760000000000000175e-01,1.760000000000000175e-01,1.760000000000000175e-01,1.760000000000000175e-01,2.200607076321361433e+02,2.200607076321361433e+02
3.869538351381241625e+01,2.233456475320733670e-12,7.631623744964599609e-01,5.304384231567382812e-01,2.200000000000000011e-01,1.760000000000000175e-01,1.760000000000000175e-01,1.760000000000000175e-01,1.760000000000000175e-01,2.203447985412269929e+02,2.203447985412269929e+02
3.874538351381241341e+01,5.542441505744826321e-13,7.227625250816345215e-01,4.900385439395904541e-01,2.200000000000000011e-01,1.760000000000000175e-01,1.760000000000000175e-01,1.760000000000000175e-01,1.760000000000000175e-01,2.206288894503178994e+02,2.206288894503178994e+02
3.879538351381241768e+01,2.233456475319800265e-12,6.835142374038696289e-01,4.507902562618255615e-01,2.200000000000000011e-01,1.760000000000000175e-01,1.760000000000000175e-01,1.760000000000000175e-01,1.760000000000000175e-01,2.209129803594088344e+02,2.209129803594088344e+02
3.884538351381241483e+01,2.787700625894888540e-12,6.456377506256103516e-01,4.129137694835662842e-01,2.200000000000000011e-01,1.760000000000000175e-01,1.760000000000000175e-01,1.760000000000000175e-01,1.760000000000000175e-01,2.211970712684997409e+02,2.211970712684997409e+02
3.889538351381241199e+01,2.787700625894888540e-12,6.094042062759399414e-01,3.766802251338958740e-01,2.200000000000000011e-01,1.760000000000000175e-01,1.760000000000000175e-01,1.760000000000000175e-01,1.760000000000000175e-01,2.214811621775906474e+02,2.214811621775906474e+02
3.894538351381240915e+01,2.787700625894888540e-12,5.752167105674743652e-01,3.424927294254302979e-01,2.200000000000000011e-01,1.760000000000000175e-01,1.760000000000000175e-01,1.760000000000000175e-01,1.760000000000000175e-01,2.217652530866815539e+02,2.217652530866815539e+02
3.899538351381240631e+01,0.000000000000000000e+00,5.438640713691711426e-01,3.111400902271270752e-01,2.200000000000000011e-01,1.760000000000000175e-01,1.760000000000000175e-01,1.760000000000000175e-01,1.760000000000000175e-01,2.220493439957724604e+02,2.220493439957724604e+02
3.904538351381240346e+01,2.787700625894888540e-12,5.153354406356811523e-01,2.826114594936370850e-01,2.200000000000000011e-01,1.760000000000000175e-01,1.760000000000000175e-01,1.760000000000000175e-01,1.760000000000000175e-01,2.223334349048633669e+02,2.223334349048633669e+02
3.909538351381240062e+01,2.233456475319800265e-12,4.901574552059173584e-01,2.574334740638732910e-01,2.200000000000000011e-01,1.760000000000000175e-01,1.760000000000000175e-01,1.760000000000000175e-01,1.760000000000000175e-01,2.226175258139542734e+02,2.226175258139542734e+02
3.914538351381240489e+01,1.679212324745644991e-12,4.689145684242248535e-01,2.361905872821807861e-01,2.200000000000000011e-01,1.760000000000000175e-01,1.760000000000000175e-01,1.760000000000000175e-01,1.760000000000000175e-01,2.229016167230452083e+02,2.229016167230452083e+02
3.919538351381239494e+01,2.233456475320733670e-12,4.522155821323394775e-01,2.194916009902954102e-01,2.200000000000000011e-01,1.760000000000000175e-01,1.760000000000000175e-01,1.760000000000000175e-01,1.760000000000000175e-01,2.231857076321360580e+02,2.231857076321360580e+02
3.924538351381239210e+01,5.542441505744826321e-13,4.403864443302154541e-01,2.076624631881713867e-01,2.200000000000000011e-01,1.760000000000000175e-01,1.760000000000000175e-01,1.760000000000000175e-01,1.760000000000000175e-01,2.234697985412269645e+02,2.234697985412269645e+02
3.929538351381239636e+01,2.233456475319800265e-12,4.261965155601501465e-01,1.934725344181060791e-01,2.200000000000000011e-01,1.760000000000000175e-01,1.760000000000000175e-01,1.760000000000000175e-01,1.760000000000000175e-01,2.237538894503178994e+02,2.237538894503178994e+02
3.934538351381239352e+01,2.787700625894888540e-12,4.134372174739837646e-01,1.807132363319396973e-01,2.200000000000000011e-01,1.760000000000000175e-01,1.760000000000000175e-01,1.760000000000000175e-01,1.760000000000000175e-01,2.240379803594088060e+02,2.240379803594088060e+02
3.939538351381239067e+01,0.000000000000000000e+00,4.002852141857147217e-01,1.675612330436706543e-01,2.200000000000000011e-01,1.760000000000000175e-01,1.760000000000000175e-01,1.760000000000000175e-01,1.760000000000000175e-01,2.243220712684997125e+02,2.243220712684997125e+02
3.944538351381238783e+01,2.787700625894888540e-12,3.863835930824279785e-01,1.536596119403839111e-01,2.200000000000000011e-01,1.760000000000000175e-01,1.760000000000000175e-01,1.760000000000000175e-01,1.760000000000000175e-01,2.246061621775906190e+02,2.246061621775906190e+02
3.949538351381238499e+01,2.233456475319800265e-12,3.744696676731109619e-01,1.417456865310668945e-01,2.200000000000000011e-01,1.760000000000000175e-01,1.760000000000000175e-01,1.760000000000000175e-01,1.760000000000000175e-01,2.248902530866815255e+02,2.248902530866815255e+02
3.954538351381238925e+01,1.679212324745644991e-12,3.601449429988861084e-01,1.274209618568420410e-01,2.200000000000000011e-01,1.760000000000000175e-01,1.760000000000000175e-01,1.760000000000000175e-01,1.760000000000000175e-01,2.251743439957724604e+02,2.251743439957724604e+02
3.959538351381237931e+01,1.679212324745644991e-12,3.493794500827789307e-01,1.166554689407348633e-01,2.200000000000000011e-01,1.760000000000000175e-01,1.760000000000000175e-01,1.760000000000000175e-01,1.760000000000000175e-01,2.254584349048633101e+02,2.254584349048633101e+02
3.964538351381238357e+01,5.542441505744826321e-13,3.455593585968017578e-01,1.128353774547576904e-01,2.200000000000000011e-01,1.760000000000000175e-01,1.760000000000000175e-01,1.760000000000000175e-01,1.760000000000000175e-01,2.257425258139542450e+02,2.257425258139542450e+02
3.969538351381238073e+01,2.233456475320733670e-12,3.489477634429931641e-01,1.162237823009490967e-01,2.200000000000000011e-01,1.760000000000000175e-01,1.760000000000000175e-01,1.760000000000000175e-01,1.760000000000000175e-01,2.260266167230451515e+02,2.260266167230451515e+02
3.974538351381237078e+01,1.679212324745644991e-12,3.572821021080017090e-01,1.245581209659576416e-01,2.200000000000000011e-01,1.760000000000000175e-01,1.760000000000000175e-01,1.760000000000000175e-01,1.760000000000000175e-01,2.263107076321360012e+02,2.263107076321360012e+02
3.979538351381237504e+01,2.233456475319800265e-12,3.689598441123962402e-01,1.362358629703521729e-01,2.200000000000000011e-01,1.760000000000000175e-01,1.760000000000000175e-01,1.760000000000000175e-01,1.760000000000000175e-01,2.265947985412269361e+02,2.265947985412269361e+02
3.984538351381237220e+01,2.787700625894888540e-12,3.854509592056274414e-01,1.527269780635833740e-01,2.200000000000000011e-01,1.760000000000000175e-01,1.760000000000000175e-01,1.760000000000000175e-01,1.760000000000000175e-01,2.268788894503178426e+02,2.268788894503178426e+02
3.989538351381236936e+01,0.000000000000000000e+00,4.074296057224273682e-01,1.747056245803833008e-01,2.200000000000000011e-01,1.760000000000000175e-01,1.760000000000000175e-01,1.760000000000000175e-01,1.760000000000000175e-01,2.271629803594087491e+02,2.271629803594087491e+02
3.994538351381236652e+01,2.787700625894888540e-12,4.340184926986694336e-01,2.012945115566253662e-01,2.200000000000000011e-01,1.760000000000000175e-01,1.760000000000000175e-01,1.760000000000000175e-01,1.760000000000000175e-01,2.274470712684996556e+02,2.274470712684996556e+02
3.999538351381236367e+01,2.233456475319800265e-12,4.645304083824157715e-01,2.318064272403717041e-01,2.200000000000000011e-01,1.760000000000000175e-01,1.760000000000000175e-01,1.760000000000000175e-01,1.760000000000000175e-01,2.277311621775905621e+02,2.277311621775905621e+02
4.004538351381236794e+01,1.679212324745644991e-12,4.982752799987792969e-01,2.655512988567352295e-01,2.200000000000000011e-01,1.760000000000000175e-01,1.760000000000000175e-01,1.760000000000000175e-01,1.760000000000000175e-01,2.280152530866814971e+02,2.280152530866814971e+02
4.009538351381235799e+01,1.679212324745644991e-12,5.345468521118164062e-01,3.018228709697723389e-01,2.200000000000000011e-01,1.760000000000000175e-01,1.760000000000000175e-01,1.760000000000000175e-01,1.760000000000000175e-01,2.282993439957723467e+02,2.282993439957723467e+02
4.014538351381236225e+01,5.542441505744826321e-13,5.728285908699035645e-01,3.401046097278594971e-01,2.200000000000000011e-01,1.760000000000000175e-01,1.760000000000000175e-01,1.760000000000000175e-01,1.760000000000000175e-01,2.285834349048632816e+02,2.285834349048632816e+02
4.019538351381235941e+01,2.233456475320733670e-12,6.127133965492248535e-01,3.799894154071807861e-01,2.200000000000000011e-01,1.760000000000000175e-01,1.760000000000000175e-01,1.760000000000000175e-01,1.760000000000000175e-01,2.288675258139541882e+02,2.288675258139541882e+02
4.024538351381234946e+01,1.679212324745644991e-12,6.534152626991271973e-01,4.206912815570831299e-01,2.200000000000000011e-01,1.760000000000000175e-01,1.760000000000000175e-01,1.760000000000000175e-01,1.760000000000000175e-01,2.291516167230450378e+02,2.291516167230450378e+02
4.029538351381235373e+01,2.233456475319800265e-12,6.910775899887084961e-01,4.583536088466644287e-01,2.200000000000000011e-01,1.760000000000000175e-01,1.760000000000000175e-01,1.760000000000000175e-01,1.760000000000000175e-01,2.294357076321359727e+02,2.294357076321359727e+02
4.034538351381235088e+01,2.233456475319800265e-12,7.249557971954345703e-01,4.922318160533905029e-01,2.200000000000000011e-01,1.760000000000000175e-01,1.760000000000000175e-01,1.760000000000000175e-01,1.760000000000000175e-01,2.297197985412268793e+02,2.297197985412268793e+02
4.039538351381235515e+01,5.542441505744826321e-13,7.591279149055480957e-01,5.264039039611816406e-01,2.200000000000000011e-01,1.760000000000000175e-01,1.760000000000000175e-01,1.760000000000000175e-01,1.760000000000000175e-01,2.300038894503178142e+02,2.300038894503178142e+02
4.044538351381235231e+01,2.233456475320733670e-12,7.949303388595581055e-01,5.622063875198364258e-01,2.200000000000000011e-01,1.760000000000000175e-01,1.760000000000000175e-01,1.760000000000000175e-01,1.760000000000000175e-01,2.302879803594087207e+02,2.302879803594087207e+02
4.049538351381234236e+01,1.679212324745644991e-12,8.322190642356872559e-01,5.994950532913208008e-01,2.200000000000000011e-01,1.760000000000000175e-01,1.760000000000000175e-01,1.760000000000000175e-01,1.760000000000000175e-01,2.305720712684995704e+02,2.305720712684995704e+02
4.054538351381234662e+01,5.542441505744826321e-13,8.708853721618652344e-01,6.381614208221435547e-01,2.200000000000000011e-01,1.760000000000000175e-01,1.760000000000000175e-01,1.760000000000000175e-01,1.760000000000000175e-01,2.308561621775905053e+02,2.308561621775905053e+02
4.059538351381234378e+01,2.787700625894888540e-12,9.106239676475524902e-01,6.778999567031860352e-01,2.200000000000000011e-01,1.760000000000000175e-01,1.760000000000000175e-01,1.760000000000000175e-01,1.760000000000000175e-01,2.311402530866814118e+02,2.311402530866814118e+02
4.064538351381234094e+01,2.787700625894888540e-12,9.512877464294433594e-01,7.185637950897216797e-01,2.200000000000000011e-01,1.760000000000000175e-01,1.760000000000000175e-01,1.760000000000000175e-01,1.760000000000000175e-01,2.314243439957723183e+02,2.314243439957723183e+02
4.069538351381233809e+01,2.787700625894888540e-12,9.926691651344299316e-01,7.599451541900634766e-01,2.200000000000000011e-01,1.760000000000000175e-01,1.760000000000000175e-01,1.760000000000000175e-01,1.760000000000000175e-01,2.317084349048632248e+02,2.317084349048632248e+02
4.074538351381233525e+01,2.787700625894888540e-12,1.034519553184509277e+00,8.017956018447875977e-01,2.200000000000000011e-01,1.760000000000000175e-01,1.760000000000000175e-01,1.760000000000000175e-01,1.760000000000000175e-01,2.319925258139541313e+02,2.319925258139541313e+02
4.079538351381233241e+01,7.028641061320226036e-02,1.075812458992004395e+00,8.430885076522827148e-01,2.200000000000000011e-01,1.760000000000000175e-01,1.760000000000000175e-01,1.760000000000000175e-01,1.760000000000000175e-01,2.322766167230450378e+02,2.322766167230450378e+02
4.084538300372621222e+01,5.045966158815011759e-01,1.117402791976928711e+00,8.846788406372070312e-01,2.200000000000000011e-01,1.760000000000000175e-01,1.760000000000000175e-01,1.760000000000000175e-01,1.760000000000000175e-01,2.325607047339193514e+02,2.325607047339193514e+02
4.089538115692950981e+01,5.795784016045537612e-01,1.158153414726257324e+00,9.254294633865356445e-01,2.200000000000000011e-01,1.760000000000000175e-01,1.760000000000000175e-01,1.760000000000000175e-01,1.760000000000000175e-01,2.328447851498471834e+02,2.328447851498471834e+02
4.094537923233335164e+01,5.818084776034634364e-01,1.197995781898498535e+00,9.652718305587768555e-01,2.200000000000000011e-01,1.760000000000000175e-01,1.760000000000000175e-01,1.760000000000000175e-01,1.760000000000000175e-01,2.331288651237326519e+02,2.331288651237326519e+02
4.099537741145522318e+01,5.914671214688094203e-01,1.237713098526000977e+00,1.004989147186279297e+00,2.200000000000000011e-01,1.760000000000000175e-01,1.760000000000000175e-01,1.760000000000000175e-01,1.760000000000000175e-01,2.334129456869250987e+02,2.334129456869250987e+02
4.104537558964356236e+01,5.811507468695040757e-01,1.277279734611511230e+00,1.044555783271789551e+00,2.200000000000000011e-01,1.760000000000000175e-01,1.760000000000000175e-01,1.760000000000000175e-01,1.760000000000000175e-01,2.336970262448133724e+02,2.336970262448133724e+02
4.109537366671795411e+01,5.789174032288930682e-01,1.316699624061584473e+00,1.083975672721862793e+00,2.200000000000000011e-01,1.760000000000000175e-01,1.760000000000000175e-01,1.760000000000000175e-01,1.760000000000000175e-01,2.339811062281906118e+02,2.339811062281906118e+02
4.114537183397654019e+01,4.181589633663911343e-01,1.355963110923767090e+00,1.123239159584045410e+00,2.200000000000000011e-01,1.760000000000000175e-01,1.760000000000000175e-01,1.760000000000000175e-01,1.760000000000000175e-01,2.342651867239780188e+02,2.342651867239780188e+02
4.119537174406761437e+01,1.945484700793569457e-02,1.395298123359680176e+00,1.162574172019958496e+00,2.200000000000000011e-01,1.760000000000000175e-01,1.760000000000000175e-01,1.760000000000000175e-01,1.760000000000000175e-01,2.345492771222227475e+02,2.345492771222227475e+02
4.124537174406761153e+01,0.000000000000000000e+00,1.435269117355346680e+00,1.202545166015625000e+00,2.200000000000000011e-01,1.760000000000000175e-01,1.760000000000000175e-01,1.760000000000000175e-01,1.760000000000000175e-01,2.348333680313136540e+02,2.348333680313136540e+02
4.129537174406761579e+01,0.000000000000000000e+00,1.475851655006408691e+00,1.243127703666687012e+00,2.200000000000000011e-01,1.760000000000000175e-01,1.760000000000000175e-01,1.760000000000000175e-01,1.760000000000000175e-01,2.351174589404045889e+02,2.351174589404045889e+02
4.134537174406761295e+01,0.000000000000000000e+00,1.516996741294860840e+00,1.284272789955139160e+00,2.200000000000000011e-01,1.760000000000000175e-01,1.760000000000000175e-01,1.760000000000000175e-01,1.760000000000000175e-01,2.354015498494954954e+02,2.354015498494954954e+02
4.139537174406761721e+01,0.000000000000000000e+00,1.558659911155700684e+00,1.325935959815979004e+00,2.200000000000000011e-01,1.760000000000000175e-01,1.760000000000000175e-01,1.760000000000000175e-01,1.760000000000000175e-01,2.356856407585864304e+02,2.356856407585864304e+02
4.144537174406761437e+01,0.000000000000000000e+00,1.600800633430480957e+00,1.368076682090759277e+00,2.200000000000000011e-01,1.760000000000000175e-01,1.760000000000000175e-01,1.760000000000000175e-01,1.760000000000000175e-01,2.359697316676773369e+02,2.359697316676773369e+02
4.149537174406761153e+01,0.000000000000000000e+00,1.643382191658020020e+00,1.410658240318298340e+00,2.200000000000000011e-01,1.760000000000000175e-01,1.760000000000000175e-01,1.760000000000000175e-01,1.760000000000000175e-01,2.362538225767682434e+02,2.362538225767682434e+02
4.154537174406761579e+01,0.000000000000000000e+00,1.686370968818664551e+00,1.453647017478942871e+00,2.200000000000000011e-01,1.760000000000000175e-01,1.760000000000000175e-01,1.760000000000000175e-01,1.760000000000000175e-01,2.365379134858591783e+02,2.365379134858591783e+02
4.159537174406761295e+01,0.000000000000000000e+00,1.729736924171447754e+00,1.497012972831726074e+00,2.200000000000000011e-01,1.760000000000000175e-01,1.760000000000000175e-01,1.760000000000000175e-01,1.760000000000000175e-01,2.368220043949500848e+02,2.368220043949500848e+02
4.164537174406761721e+01,0.000000000000000000e+00,1.773452162742614746e+00,1.540728211402893066e+00,2.200000000000000011e-01,1.760000000000000175e-01,1.760000000000000175e-01,1.760000000000000175e-01,1.760000000000000175e-01,2.371060953040410197e+02,2.371060953040410197e+02
4.169537174406761437e+01,0.000000000000000000e+00,1.817491531372070312e+00,1.584767580032348633e+00,2.200000000000000011e-01,1.760000000000000175e-01,1.760000000000000175e-01,1.760000000000000175e-01,1.760000000000000175e-01,2.373901862131319263e+02,2.373901862131319263e+02
4.174537174406761153e+01,0.000000000000000000e+00,1.861832141876220703e+00,1.629108190536499023e+00,2.200000000000000011e-01,1.760000000000000175e-01,1.760000000000000175e-01,1.760000000000000175e-01,1.760000000000000175e-01,2.376742771222228328e+02,2.376742771222228328e+02
4.179537174406761579e+01,0.000000000000000000e+00,1.906452775001525879e+00,1.673728823661804199e+00,2.200000000000000011e-01,1.760000000000000175e-01,1.760000000000000175e-01,1.760000000000000175e-01,1.760000000000000175e-01,2.379583680313137677e+02,2.379583680313137677e+02
4.184537174406761295e+01,0.000000000000000000e+00,1.951334357261657715e+00,1.718610405921936035e+00,2.200000000000000011e-01,1.760000000000000175e-01,1.760000000000000175e-01,1.760000000000000175e-01,1.760000000000000175e-01,2.382424589404046742e+02,2.382424589404046742e+02
4.189537174406761721e+01,0.000000000000000000e+00,1.996459245681762695e+00,1.763735294342041016e+00,2.200000000000000011e-01,1.760000000000000175e-01,1.760000000000000175e-01,1.760000000000000175e-01,1.760000000000000175e-01,2.385265498494956091e+02,2.385265498494956091e+02
4.194537174406761437e+01,0.000000000000000000e+00,2.041811227798461914e+00,1.809087276458740234e+00,2.200000000000000011e-01,1.760000000000000175e-01,1.760000000000000175e-01,1.760000000000000175e-01,1.760000000000000175e-01,2.388106407585865156e+02,2.388106407585865156e+02
4.199537174406761153e+01,0.000000000000000000e+00,2.087375640869140625e+00,1.854651689529418945e+00,2.200000000000000011e-01,1.760000000000000175e-01,1.760000000000000175e-01,1.760000000000000175e-01,1.760000000000000175e-01,2.390947316676774221e+02,2.390947316676774221e+02
4.204537174406761579e+01,0.000000000000000000e+00,2.133138895034790039e+00,1.900414943695068359e+00,2.200000000000000011e-01,1.760000000000000175e-01,1.760000000000000175e-01,1.760000000000000175e-01,1.760000000000000175e-01,2.393788225767683571e+02,2.393788225767683571e+02
4.209537174406761295e+01,0.000000000000000000e+00,2.179088354110717773e+00,1.946364402770996094e+00,2.200000000000000011e-01,1.760000000000000175e-01,1.760000000000000175e-01,1.760000000000000175e-01,1.760000000000000175e-01,2.396629134858592636e+02,2.396629134858592636e+02
4.213891128966194799e+01,0.000000000000000000e+00,2.219233989715576172e+00,1.986510038375854492e+00,2.200000000000000011e-01,1.760000000000000175e-01,1.760000000000000175e-01,0.000000000000000000e+00,0.000000000000000000e+00,2.401576810494312610e+02,2.401576810494312610e+02
