s_m,curvature_1pm,temporary_center_distance_m,temporary_available_clearance_m,curvature_limit_mps,operating_zone_limit_mps,combined_limit_mps,nominal_velocity_mps,safety_velocity_mps,nominal_time_s,safety_time_s
0.000000000000000000e+00,0.000000000000000000e+00,2.571478128433227539e+00,1.923892974853515625e+00,1.100000000000000089e+00,8.800000000000001155e-01,8.800000000000001155e-01,0.000000000000000000e+00,0.000000000000000000e+00,0.000000000000000000e+00,0.000000000000000000e+00
4.999999999999986400e-02,0.000000000000000000e+00,2.589352846145629883e+00,1.941767692565917969e+00,1.100000000000000089e+00,8.800000000000001155e-01,8.800000000000001155e-01,3.162277660168374971e-01,3.162277660168374971e-01,3.162277660168374971e-01,3.162277660168374971e-01
9.999999999999972800e-02,9.679756995949905040e-13,2.606831789016723633e+00,1.959246635437011719e+00,1.100000000000000089e+00,8.800000000000001155e-01,8.800000000000001155e-01,4.472135954999573171e-01,4.472135954999573171e-01,4.472135954999573171e-01,4.472135954999573171e-01
1.500000000000021871e-01,4.440892098500476720e-13,2.624403238296508789e+00,1.976818084716796875e+00,1.100000000000000089e+00,8.800000000000001155e-01,8.800000000000001155e-01,5.477225575051700712e-01,5.477225575051700712e-01,5.477225575051700712e-01,5.477225575051700712e-01
2.000000000000008438e-01,5.204170427930652514e-13,2.642015695571899414e+00,1.994430541992187500e+00,1.100000000000000089e+00,8.800000000000001155e-01,8.800000000000001155e-01,6.324555320336771036e-01,6.324555320336771036e-01,6.324555320336772146e-01,6.324555320336772146e-01
2.500000000000007216e-01,5.204170427930652514e-13,2.659554243087768555e+00,2.011969089508056641e+00,1.100000000000000089e+00,8.800000000000001155e-01,8.800000000000001155e-01,7.071067811865484609e-01,7.071067811865484609e-01,7.071067811865485719e-01,7.071067811865485719e-01
2.999999999999993783e-01,5.204170427930652514e-13,2.677671194076538086e+00,2.030086040496826172e+00,1.100000000000000089e+00,8.800000000000001155e-01,8.800000000000001155e-01,7.745966692414825161e-01,7.745966692414825161e-01,7.745966692414826271e-01,7.745966692414826271e-01
3.499999999999992562e-01,0.000000000000000000e+00,2.696686029434204102e+00,2.049100875854492188e+00,1.100000000000000089e+00,8.800000000000001155e-01,8.800000000000001155e-01,8.366600265340745635e-01,8.366600265340745635e-01,8.366600265340746745e-01,8.366600265340746745e-01
3.999999999999991340e-01,0.000000000000000000e+00,2.716483592987060547e+00,2.068898439407348633e+00,1.100000000000000089e+00,8.800000000000001155e-01,8.800000000000001155e-01,8.800000000000001155e-01,8.800000000000001155e-01,8.949126790420375288e-01,8.949126790420375288e-01
4.499999999999990119e-01,1.228184220991515405e-12,2.736979722976684570e+00,2.089394569396972656e+00,1.100000000000000089e+00,8.800000000000001155e-01,8.800000000000001155e-01,8.800000000000001155e-01,8.800000000000001155e-01,9.517308608602191855e-01,9.517308608602191855e-01
5.000000000000008882e-01,1.228184220991515405e-12,2.758295059204101562e+00,2.110709905624389648e+00,1.100000000000000089e+00,8.800000000000001155e-01,8.800000000000001155e-01,8.800000000000001155e-01,8.800000000000001155e-01,1.008549042678403174e+00,1.008549042678403174e+00
5.500000000000007105e-01,5.204170427930652514e-13,2.780353307723999023e+00,2.132768154144287109e+00,1.100000000000000089e+00,8.800000000000001155e-01,8.800000000000001155e-01,8.800000000000001155e-01,8.800000000000001155e-01,1.065367224496584830e+00,1.065367224496584830e+00
5.999999999999994227e-01,5.204170427930652514e-13,2.803064346313476562e+00,2.155479192733764648e+00,1.100000000000000089e+00,8.800000000000001155e-01,8.800000000000001155e-01,8.800000000000001155e-01,8.800000000000001155e-01,1.122185406314765155e+00,1.122185406314765155e+00
6.499999999999992450e-01,0.000000000000000000e+00,2.826520442962646484e+00,2.178935289382934570e+00,1.100000000000000089e+00,8.800000000000001155e-01,8.800000000000001155e-01,8.800000000000001155e-01,8.800000000000001155e-01,1.179003588132946811e+00,1.179003588132946811e+00
6.999999999999990674e-01,9.679756995949905040e-13,2.850700139999389648e+00,2.203114986419677734e+00,1.100000000000000089e+00,8.800000000000001155e-01,8.800000000000001155e-01,8.800000000000001155e-01,8.800000000000001155e-01,1.235821769951128468e+00,1.235821769951128468e+00
7.500000000000015543e-01,7.042977312465471277e-13,2.875460624694824219e+00,2.227875471115112305e+00,1.100000000000000089e+00,8.800000000000001155e-01,8.800000000000001155e-01,8.800000000000001155e-01,8.800000000000001155e-01,1.292639951769313011e+00,1.292639951769313011e+00
8.000000000000008216e-01,2.602085213965278799e-13,2.900899410247802734e+00,2.253314256668090820e+00,1.100000000000000089e+00,8.800000000000001155e-01,8.800000000000001155e-01,8.800000000000001155e-01,8.800000000000001155e-01,1.349458133587494002e+00,1.349458133587494002e+00
8.500000000000006439e-01,0.000000000000000000e+00,2.927042484283447266e+00,2.279457330703735352e+00,1.100000000000000089e+00,8.800000000000001155e-01,8.800000000000001155e-01,8.800000000000001155e-01,8.800000000000001155e-01,1.406276315405675659e+00,1.406276315405675659e+00
9.000000000000004663e-01,0.000000000000000000e+00,2.953716516494750977e+00,2.306131362915039062e+00,1.100000000000000089e+00,8.800000000000001155e-01,8.800000000000001155e-01,8.800000000000001155e-01,8.800000000000001155e-01,1.463094497223857315e+00,1.463094497223857315e+00
9.500000000000002887e-01,5.204170427930652514e-13,2.980973005294799805e+00,2.333387851715087891e+00,1.100000000000000089e+00,8.800000000000001155e-01,8.800000000000001155e-01,8.800000000000001155e-01,8.800000000000001155e-01,1.519912679042038972e+00,1.519912679042038972e+00
9.999999999999988898e-01,4.440892098500476720e-13,3.008926868438720703e+00,2.361341714859008789e+00,1.100000000000000089e+00,8.800000000000001155e-01,8.800000000000001155e-01,8.800000000000001155e-01,8.800000000000001155e-01,1.576730860860219297e+00,1.576730860860219297e+00
1.050000000000001377e+00,4.440892098500476720e-13,3.037363529205322266e+00,2.389778375625610352e+00,1.100000000000000089e+00,8.800000000000001155e-01,8.800000000000001155e-01,8.800000000000001155e-01,8.800000000000001155e-01,1.633549042678403840e+00,1.633549042678403840e+00
1.100000000000000089e+00,5.204170427930652514e-13,3.066301345825195312e+00,2.418716192245483398e+00,1.100000000000000089e+00,8.800000000000001155e-01,8.800000000000001155e-01,8.800000000000001155e-01,8.800000000000001155e-01,1.690367224496584164e+00,1.690367224496584164e+00
1.149999999999999911e+00,0.000000000000000000e+00,3.095915317535400391e+00,2.448330163955688477e+00,1.100000000000000089e+00,8.800000000000001155e-01,8.800000000000001155e-01,8.800000000000001155e-01,8.800000000000001155e-01,1.747185406314765821e+00,1.747185406314765821e+00
1.199999999999999734e+00,0.000000000000000000e+00,3.125971317291259766e+00,2.478386163711547852e+00,1.100000000000000089e+00,8.800000000000001155e-01,8.800000000000001155e-01,8.800000000000001155e-01,8.800000000000001155e-01,1.804003588132947478e+00,1.804003588132947478e+00
1.249999999999999556e+00,2.602085213965278799e-13,3.156453132629394531e+00,2.508867979049682617e+00,1.100000000000000089e+00,8.800000000000001155e-01,8.800000000000001155e-01,8.800000000000001155e-01,8.800000000000001155e-01,1.860821769951129134e+00,1.860821769951129134e+00
1.299999999999998712e+00,7.042977312465471277e-13,3.187592029571533203e+00,2.540006875991821289e+00,1.100000000000000089e+00,8.800000000000001155e-01,8.800000000000001155e-01,8.800000000000001155e-01,8.800000000000001155e-01,1.917639951769310125e+00,1.917639951769310125e+00
1.350000000000001199e+00,4.440892098500476720e-13,3.219131231307983398e+00,2.571546077728271484e+00,1.100000000000000089e+00,8.800000000000001155e-01,8.800000000000001155e-01,8.800000000000001155e-01,8.800000000000001155e-01,1.974458133587494668e+00,1.974458133587494668e+00
1.399999999999999911e+00,5.204170427930652514e-13,3.251055240631103516e+00,2.603470087051391602e+00,1.100000000000000089e+00,8.800000000000001155e-01,8.800000000000001155e-01,8.800000000000001155e-01,8.800000000000001155e-01,2.031276315405674993e+00,2.031276315405674993e+00
1.449999999999999734e+00,0.000000000000000000e+00,3.283564090728759766e+00,2.635978937149047852e+00,1.100000000000000089e+00,8.800000000000001155e-01,8.800000000000001155e-01,8.800000000000001155e-01,8.800000000000001155e-01,2.088094497223856649e+00,2.088094497223856649e+00
1.499999999999999556e+00,0.000000000000000000e+00,3.316460132598876953e+00,2.668874979019165039e+00,1.100000000000000089e+00,8.800000000000001155e-01,8.800000000000001155e-01,8.800000000000001155e-01,8.800000000000001155e-01,2.144912679042038306e+00,2.144912679042038306e+00
1.549999999999999378e+00,2.602085213965278799e-13,3.349705219268798828e+00,2.702120065689086914e+00,1.100000000000000089e+00,8.800000000000001155e-01,8.800000000000001155e-01,8.800000000000001155e-01,8.800000000000001155e-01,2.201730860860219963e+00,2.201730860860219963e+00
1.599999999999998535e+00,7.042977312465471277e-13,3.383463859558105469e+00,2.735878705978393555e+00,1.100000000000000089e+00,8.800000000000001155e-01,8.800000000000001155e-01,8.800000000000001155e-01,8.800000000000001155e-01,2.258549042678400731e+00,2.258549042678400731e+00
1.650000000000001021e+00,9.645062526430370918e-13,3.417603015899658203e+00,2.770017862319946289e+00,1.100000000000000089e+00,8.800000000000001155e-01,8.800000000000001155e-01,8.800000000000001155e-01,8.800000000000001155e-01,2.315367224496585496e+00,2.315367224496585496e+00
1.700000000000000844e+00,0.000000000000000000e+00,3.452054977416992188e+00,2.804469823837280273e+00,1.100000000000000089e+00,8.800000000000001155e-01,8.800000000000001155e-01,8.800000000000001155e-01,8.800000000000001155e-01,2.372185406314767153e+00,2.372185406314767153e+00
1.750000000000000666e+00,5.204170427930652514e-13,3.486954927444458008e+00,2.839369773864746094e+00,1.100000000000000089e+00,8.800000000000001155e-01,8.800000000000001155e-01,8.800000000000001155e-01,8.800000000000001155e-01,2.429003588132948810e+00,2.429003588132948810e+00
1.799999999999999378e+00,5.204170427930652514e-13,3.520622730255126953e+00,2.873037576675415039e+00,1.100000000000000089e+00,8.800000000000001155e-01,8.800000000000001155e-01,8.800000000000001155e-01,8.800000000000001155e-01,2.485821769951129134e+00,2.485821769951129134e+00
1.849999999999999201e+00,0.000000000000000000e+00,3.536222934722900391e+00,2.888637781143188477e+00,1.100000000000000089e+00,8.800000000000001155e-01,8.800000000000001155e-01,8.800000000000001155e-01,8.800000000000001155e-01,2.542639951769310791e+00,2.542639951769310791e+00
1.899999999999999023e+00,1.488392742388050202e-12,3.508667945861816406e+00,2.861082792282104492e+00,1.100000000000000089e+00,8.800000000000001155e-01,8.800000000000001155e-01,8.800000000000001155e-01,8.800000000000001155e-01,2.599458133587492448e+00,2.599458133587492448e+00
1.950000000000000178e+00,1.488392742388050202e-12,3.481655597686767578e+00,2.834070444107055664e+00,1.100000000000000089e+00,8.800000000000001155e-01,8.800000000000001155e-01,8.800000000000001155e-01,8.800000000000001155e-01,2.656276315405675881e+00,2.656276315405675881e+00
2.000000000000000000e+00,0.000000000000000000e+00,3.455103158950805664e+00,2.807518005371093750e+00,1.100000000000000089e+00,8.800000000000001155e-01,8.800000000000001155e-01,8.800000000000001155e-01,8.800000000000001155e-01,2.713094497223857537e+00,2.713094497223857537e+00
2.049999999999999822e+00,0.000000000000000000e+00,3.429024934768676758e+00,2.781439781188964844e+00,1.100000000000000089e+00,8.800000000000001155e-01,8.800000000000001155e-01,8.800000000000001155e-01,8.800000000000001155e-01,2.769912679042039194e+00,2.769912679042039194e+00
2.099999999999999645e+00,5.204170427930652514e-13,3.403577566146850586e+00,2.755992412567138672e+00,1.100000000000000089e+00,8.800000000000001155e-01,8.800000000000001155e-01,8.800000000000001155e-01,8.800000000000001155e-01,2.826730860860220851e+00,2.826730860860220851e+00
2.149999999999998135e+00,5.204170427930652514e-13,3.378669261932373047e+00,2.731084108352661133e+00,1.100000000000000089e+00,8.800000000000001155e-01,8.800000000000001155e-01,8.800000000000001155e-01,8.800000000000001155e-01,2.883549042678401175e+00,2.883549042678401175e+00
2.199999999999997957e+00,0.000000000000000000e+00,3.354269981384277344e+00,2.706684827804565430e+00,1.100000000000000089e+00,8.800000000000001155e-01,8.800000000000001155e-01,8.800000000000001155e-01,8.800000000000001155e-01,2.940367224496582832e+00,2.940367224496582832e+00
2.249999999999997780e+00,9.679756995949905040e-13,3.330401182174682617e+00,2.682816028594970703e+00,1.100000000000000089e+00,8.800000000000001155e-01,8.800000000000001155e-01,8.800000000000001155e-01,8.800000000000001155e-01,2.997185406314764489e+00,2.997185406314764489e+00
2.300000000000000266e+00,4.440892098500476720e-13,3.307247877120971680e+00,2.659662723541259766e+00,1.100000000000000089e+00,8.800000000000001155e-01,8.800000000000001155e-01,8.800000000000001155e-01,8.800000000000001155e-01,3.054003588132949254e+00,3.054003588132949254e+00
2.349999999999998757e+00,5.204170427930652514e-13,3.284637212753295898e+00,2.637052059173583984e+00,1.100000000000000089e+00,8.800000000000001155e-01,8.800000000000001155e-01,8.800000000000001155e-01,8.800000000000001155e-01,3.110821769951129578e+00,3.110821769951129578e+00
2.399999999999998579e+00,0.000000000000000000e+00,3.262596845626831055e+00,2.615011692047119141e+00,1.100000000000000089e+00,8.800000000000001155e-01,8.800000000000001155e-01,8.800000000000001155e-01,8.800000000000001155e-01,3.167639951769311235e+00,3.167639951769311235e+00
2.449999999999998401e+00,0.000000000000000000e+00,3.241171836853027344e+00,2.593586683273315430e+00,1.100000000000000089e+00,8.800000000000001155e-01,8.800000000000001155e-01,8.800000000000001155e-01,8.800000000000001155e-01,3.224458133587492892e+00,3.224458133587492892e+00
2.499999999999998224e+00,9.679756995949905040e-13,3.220460414886474609e+00,2.572875261306762695e+00,1.100000000000000089e+00,8.800000000000001155e-01,8.800000000000001155e-01,8.800000000000001155e-01,8.800000000000001155e-01,3.281276315405674548e+00,3.281276315405674548e+00
2.550000000000000711e+00,4.440892098500476720e-13,3.200362682342529297e+00,2.552777528762817383e+00,1.100000000000000089e+00,8.800000000000001155e-01,8.800000000000001155e-01,8.800000000000001155e-01,8.800000000000001155e-01,3.338094497223859314e+00,3.338094497223859314e+00
2.599999999999999201e+00,5.204170427930652514e-13,3.180866956710815430e+00,2.533281803131103516e+00,1.100000000000000089e+00,8.800000000000001155e-01,8.800000000000001155e-01,8.800000000000001155e-01,8.800000000000001155e-01,3.394912679042039638e+00,3.394912679042039638e+00
2.649999999999999023e+00,0.000000000000000000e+00,3.162077426910400391e+00,2.514492273330688477e+00,1.100000000000000089e+00,8.800000000000001155e-01,8.800000000000001155e-01,8.800000000000001155e-01,8.800000000000001155e-01,3.451730860860221295e+00,3.451730860860221295e+00
2.699999999999998845e+00,5.204170427930652514e-13,3.144029140472412109e+00,2.496443986892700195e+00,1.100000000000000089e+00,8.800000000000001155e-01,8.800000000000001155e-01,8.800000000000001155e-01,8.800000000000001155e-01,3.508549042678402952e+00,3.508549042678402952e+00
2.749999999999997335e+00,3.816391647148995171e-14,3.126620769500732422e+00,2.479035615921020508e+00,1.100000000000000089e+00,8.800000000000001155e-01,8.800000000000001155e-01,8.800000000000001155e-01,8.800000000000001155e-01,3.565367224496583276e+00,3.565367224496583276e+00
2.799999999999998490e+00,4.857225732734909413e-13,3.109858274459838867e+00,2.462273120880126953e+00,1.100000000000000089e+00,8.800000000000001155e-01,8.800000000000001155e-01,8.800000000000001155e-01,8.800000000000001155e-01,3.622185406314766265e+00,3.622185406314766265e+00
2.849999999999998312e+00,4.822531263215374281e-13,3.093921422958374023e+00,2.446336269378662109e+00,1.100000000000000089e+00,8.800000000000001155e-01,8.800000000000001155e-01,8.800000000000001155e-01,8.800000000000001155e-01,3.679003588132947922e+00,3.679003588132947922e+00
2.899999999999999467e+00,4.857225732734909413e-13,3.078704595565795898e+00,2.431119441986083984e+00,1.100000000000000089e+00,8.800000000000001155e-01,8.800000000000001155e-01,8.800000000000001155e-01,8.800000000000001155e-01,3.735821769951130911e+00,3.735821769951130911e+00
2.949999999999999289e+00,5.204170427930652514e-13,3.064164876937866211e+00,2.416579723358154297e+00,1.100000000000000089e+00,8.800000000000001155e-01,8.800000000000001155e-01,8.800000000000001155e-01,8.800000000000001155e-01,3.792639951769312567e+00,3.792639951769312567e+00
2.999999999999997780e+00,3.816391647148995171e-14,3.050348758697509766e+00,2.402763605117797852e+00,1.100000000000000089e+00,8.800000000000001155e-01,8.800000000000001155e-01,8.800000000000001155e-01,8.800000000000001155e-01,3.849458133587492892e+00,3.849458133587492892e+00
3.049999999999998934e+00,4.857225732734909413e-13,3.036180734634399414e+00,2.388595581054687500e+00,1.100000000000000089e+00,8.800000000000001155e-01,8.800000000000001155e-01,8.800000000000001155e-01,8.800000000000001155e-01,3.906276315405675881e+00,3.906276315405675881e+00
3.099999999999998757e+00,1.002670169114599751e-12,3.022238254547119141e+00,2.374653100967407227e+00,1.100000000000000089e+00,8.800000000000001155e-01,8.800000000000001155e-01,8.800000000000001155e-01,8.800000000000001155e-01,3.963094497223857537e+00,3.963094497223857537e+00
3.149999999999998579e+00,1.002670169114599751e-12,3.008966207504272461e+00,2.361381053924560547e+00,1.100000000000000089e+00,8.800000000000001155e-01,8.800000000000001155e-01,8.800000000000001155e-01,8.800000000000001155e-01,4.019912679042039194e+00,4.019912679042039194e+00
3.199999999999998401e+00,0.000000000000000000e+00,2.996482133865356445e+00,2.348896980285644531e+00,1.100000000000000089e+00,8.800000000000001155e-01,8.800000000000001155e-01,8.800000000000001155e-01,8.800000000000001155e-01,4.076730860860220851e+00,4.076730860860220851e+00
3.249999999999998224e+00,4.822531263215374281e-13,2.984843015670776367e+00,2.337257862091064453e+00,1.100000000000000089e+00,8.800000000000001155e-01,8.800000000000001155e-01,8.800000000000001155e-01,8.800000000000001155e-01,4.133549042678402508e+00,4.133549042678402508e+00
3.299999999999999378e+00,9.679756995950660327e-13,2.973955869674682617e+00,2.326370716094970703e+00,1.100000000000000089e+00,8.800000000000001155e-01,8.800000000000001155e-01,8.800000000000001155e-01,8.800000000000001155e-01,4.190367224496585941e+00,4.190367224496585941e+00
3.349999999999997868e+00,1.970645868709662553e-12,2.963850259780883789e+00,2.316265106201171875e+00,1.100000000000000089e+00,8.800000000000001155e-01,8.800000000000001155e-01,8.800000000000001155e-01,8.800000000000001155e-01,4.247185406314765821e+00,4.247185406314765821e+00
3.399999999999999023e+00,2.452898995031313880e-12,2.954575300216674805e+00,2.306990146636962891e+00,1.100000000000000089e+00,8.800000000000001155e-01,8.800000000000001155e-01,8.800000000000001155e-01,8.800000000000001155e-01,4.304003588132949254e+00,4.304003588132949254e+00
3.449999999999996181e+00,1.932481952238178451e-12,2.946147203445434570e+00,2.298562049865722656e+00,1.100000000000000089e+00,8.800000000000001155e-01,8.800000000000001155e-01,8.800000000000001155e-01,8.800000000000001155e-01,4.360821769951128246e+00,4.360821769951128246e+00
3.499999999999998668e+00,3.816391647148697298e-14,2.938538312911987305e+00,2.290953159332275391e+00,1.100000000000000089e+00,8.800000000000001155e-01,8.800000000000001155e-01,8.576445042806050134e-01,8.576445042806050134e-01,4.418370940540198077e+00,4.418370940540198077e+00
3.549999999999998490e+00,7.318063673283505821e-01,2.931695938110351562e+00,2.284110784530639648e+00,1.100000000000000089e+00,8.800000000000001155e-01,8.800000000000001155e-01,7.972164672927453122e-01,7.972164672927453122e-01,4.478798977528057890e+00,4.478798977528057890e+00
3.599983139567283441e+00,1.867107445367748086e+00,2.927572011947631836e+00,2.279986858367919922e+00,7.318386547512742979e-01,8.800000000000001155e-01,7.318386547512742979e-01,7.318386547512742979e-01,7.318386547512742979e-01,4.544176790069529126e+00,4.544176790069529126e+00
3.649960773439574702e+00,2.038896481893528012e+00,2.929005861282348633e+00,2.281420707702636719e+00,7.003294858398887435e-01,8.800000000000001155e-01,7.003294858398887435e-01,7.003294858398887435e-01,7.003294858398887435e-01,4.613969759841446638e+00,4.613969759841446638e+00
3.699936373754847629e+00,2.130889309144427646e+00,2.936268329620361328e+00,2.288683176040649414e+00,6.850457159675967800e-01,8.800000000000001155e-01,6.850457159675967800e-01,6.850457159675967800e-01,6.850457159675967800e-01,4.686117146701079150e+00,4.686117146701079150e+00
3.749910892483542924e+00,2.153265078558944889e+00,2.949622631072998047e+00,2.302037477493286133e+00,6.814770762012469785e-01,8.800000000000001155e-01,6.814770762012469785e-01,6.814770762012469785e-01,6.814770762012469785e-01,4.759258288605312970e+00,4.759258288605312970e+00
3.799885882427045836e+00,2.102322559138972924e+00,2.968770742416381836e+00,2.321185588836669922e+00,6.896842760413599560e-01,8.800000000000001155e-01,6.896842760413599560e-01,6.896842760413599560e-01,6.896842760413599560e-01,4.832152685551035276e+00,4.832152685551035276e+00
3.849863322660091569e+00,1.994894793418421353e+00,2.993302822113037109e+00,2.345717668533325195e+00,7.080109941763348402e-01,8.800000000000001155e-01,7.080109941763348402e-01,7.080109941763348402e-01,7.080109941763348402e-01,4.903666757749707727e+00,4.903666757749707727e+00
3.899844409692660108e+00,1.662390197274365100e+00,3.022625684738159180e+00,2.375040531158447266e+00,7.755923474302172105e-01,8.800000000000001155e-01,7.755923474302172105e-01,7.753977959342538417e-01,7.753977959342538417e-01,4.971053559507626396e+00,4.971053559507626396e+00
3.949838184487840298e+00,2.723296111542485853e-01,3.055713891983032227e+00,2.408128738403320312e+00,1.100000000000000089e+00,8.800000000000001155e-01,8.800000000000001155e-01,8.373943464879968213e-01,8.373943464879968213e-01,5.033050110061369153e+00,5.033050110061369153e+00
3.999838184487842785e+00,0.000000000000000000e+00,3.089762210845947266e+00,2.442177057266235352e+00,1.100000000000000089e+00,8.800000000000001155e-01,8.800000000000001155e-01,8.800000000000001155e-01,8.800000000000001155e-01,5.091277855019596288e+00,5.091277855019596288e+00
4.049838184487839499e+00,0.000000000000000000e+00,3.124239921569824219e+00,2.476654767990112305e+00,1.100000000000000089e+00,8.800000000000001155e-01,8.800000000000001155e-01,8.800000000000001155e-01,8.800000000000001155e-01,5.148096036837775280e+00,5.148096036837775280e+00
4.099838184487838433e+00,0.000000000000000000e+00,3.159132719039916992e+00,2.511547565460205078e+00,1.100000000000000089e+00,8.800000000000001155e-01,8.800000000000001155e-01,8.800000000000001155e-01,8.800000000000001155e-01,5.204914218655956049e+00,5.204914218655956049e+00
4.149838184487842696e+00,0.000000000000000000e+00,3.194426774978637695e+00,2.546841621398925781e+00,1.100000000000000089e+00,8.800000000000001155e-01,8.800000000000001155e-01,8.473275768162276123e-01,8.473275768162276123e-01,5.262807117109141508e+00,5.262807117109141508e+00
4.199838184487839854e+00,0.000000000000000000e+00,3.230109453201293945e+00,2.582524299621582031e+00,1.100000000000000089e+00,8.800000000000001155e-01,8.800000000000001155e-01,7.861068772331569754e-01,7.861068772331569754e-01,5.324027816692211701e+00,5.324027816692211701e+00
4.249838184487842341e+00,3.517463132470651788e-01,3.266167640686035156e+00,2.618582487106323242e+00,1.100000000000000089e+00,8.800000000000001155e-01,8.800000000000001155e-01,7.196971741178790349e-01,7.196971741178790349e-01,5.390437519807489863e+00,5.390437519807489863e+00
4.299825740671342267e+00,2.392407970444668575e+00,3.301979303359985352e+00,2.654394149780273438e+00,6.465206184386232957e-01,8.800000000000001155e-01,6.465206184386232957e-01,6.465206184386232957e-01,6.465206184386232957e-01,5.463614075486745492e+00,5.463614075486745492e+00
4.349782830691302671e+00,2.878495767540565797e+00,3.333803176879882812e+00,2.686218023300170898e+00,5.894095962746384032e-01,8.800000000000001155e-01,5.894095962746384032e-01,5.894095962746384032e-01,5.894095962746384032e-01,5.544455355075578851e+00,5.544455355075578851e+00
4.399736797368412056e+00,2.893379010062859802e+00,3.360285758972167969e+00,2.712700605392456055e+00,5.878917107802078545e-01,8.800000000000001155e-01,5.878917107802078545e-01,5.878917107802078545e-01,5.878917107802078545e-01,5.629317176561320579e+00,5.629317176561320579e+00
4.449693143792694983e+00,2.611861905805362039e+00,3.380928993225097656e+00,2.733343839645385742e+00,6.187637949753564959e-01,8.800000000000001155e-01,6.187637949753564959e-01,6.187637949753564959e-01,6.187637949753564959e-01,5.712118516605762863e+00,5.712118516605762863e+00
4.499669663933349106e+00,6.322673919897063843e-01,3.396173477172851562e+00,2.748588323593139648e+00,1.100000000000000089e+00,8.800000000000001155e-01,8.800000000000001155e-01,6.948537070877677246e-01,6.948537070877677246e-01,5.788208428718173870e+00,5.788208428718173870e+00
4.549669663933348929e+00,9.853229343548478362e-13,3.410552024841308594e+00,2.762966871261596680e+00,1.100000000000000089e+00,8.800000000000001155e-01,8.800000000000001155e-01,7.634275828483099158e-01,7.634275828483099158e-01,5.856782304478715950e+00,5.856782304478715950e+00
4.599669663933348751e+00,2.100129778327423646e-01,3.425684690475463867e+00,2.778099536895751953e+00,1.100000000000000089e+00,8.800000000000001155e-01,8.800000000000001155e-01,7.791438914072638111e-01,7.791438914072638111e-01,5.921609122340272258e+00,5.921609122340272258e+00
4.649663932146369305e+00,1.965773504982755604e+00,3.440881967544555664e+00,2.793296813964843750e+00,7.132360092747169755e-01,8.800000000000001155e-01,7.132360092747169755e-01,7.120931589976223774e-01,7.120931589976223774e-01,5.988659854749913691e+00,5.988659854749913691e+00
4.699633058946815822e+00,2.456167158061043132e+00,3.452085971832275391e+00,2.804500818252563477e+00,6.380739874734900896e-01,8.800000000000001155e-01,6.380739874734900896e-01,6.380739874734900896e-01,6.380739874734900896e-01,6.062679026274046201e+00,6.062679026274046201e+00
4.749599715169240177e+00,2.478845430980802345e+00,3.457892656326293945e+00,2.810307502746582031e+00,6.351484995473267725e-01,8.800000000000001155e-01,6.351484995473267725e-01,6.351484995473267725e-01,6.351484995473267725e-01,6.141167517848429291e+00,6.141167517848429291e+00
4.799567097878544075e+00,2.342759547905204354e+00,3.458272695541381836e+00,2.810687541961669922e+00,6.533353267629018468e-01,8.800000000000001155e-01,6.533353267629018468e-01,6.533353267629018468e-01,6.533353267629018468e-01,6.218727486687764205e+00,6.218727486687764205e+00
4.849543297031147837e+00,7.600162758560212728e-01,3.453470945358276367e+00,2.805885791778564453e+00,1.100000000000000089e+00,8.800000000000001155e-01,8.800000000000001155e-01,7.258095118566542103e-01,7.258095118566542103e-01,6.291201671781516680e+00,6.291201671781516680e+00
4.899543297031147659e+00,6.314393452555752509e-13,3.447536706924438477e+00,2.799951553344726562e+00,1.100000000000000089e+00,8.800000000000001155e-01,8.800000000000001155e-01,7.917066675869255388e-01,7.917066675869255388e-01,6.357098827511787675e+00,6.357098827511787675e+00
4.949543297031146594e+00,6.314393452555752509e-13,3.442316293716430664e+00,2.794731140136718750e+00,1.100000000000000089e+00,8.800000000000001155e-01,8.800000000000001155e-01,8.525253354015895901e-01,8.525253354015895901e-01,6.417917495326451949e+00,6.417917495326451949e+00
4.999543297031146416e+00,3.226585665316719327e-13,3.437858581542968750e+00,2.790273427963256836e+00,1.100000000000000089e+00,8.800000000000001155e-01,8.800000000000001155e-01,8.800000000000001155e-01,8.800000000000001155e-01,6.475636708983330436e+00,6.475636708983330436e+00
5.049543297031148015e+00,3.261280134836253954e-13,3.434079170227050781e+00,2.786494016647338867e+00,1.100000000000000089e+00,8.800000000000001155e-01,8.800000000000001155e-01,8.800000000000001155e-01,8.800000000000001155e-01,6.532454890801513869e+00,6.532454890801513869e+00
5.099543297031147837e+00,1.262878690511181198e-12,3.431045055389404297e+00,2.783459901809692383e+00,1.100000000000000089e+00,8.800000000000001155e-01,8.800000000000001155e-01,8.800000000000001155e-01,8.800000000000001155e-01,6.589273072619695526e+00,6.589273072619695526e+00
5.149543297031145883e+00,9.436895709313875022e-13,3.428712844848632812e+00,2.781127691268920898e+00,1.100000000000000089e+00,8.800000000000001155e-01,8.800000000000001155e-01,8.800000000000001155e-01,8.800000000000001155e-01,6.646091254437875406e+00,6.646091254437875406e+00
5.199543297031147482e+00,9.402201239794338880e-13,3.427110195159912109e+00,2.779525041580200195e+00,1.100000000000000089e+00,8.800000000000001155e-01,8.800000000000001155e-01,8.800000000000001155e-01,8.800000000000001155e-01,6.702909436256058839e+00,6.702909436256058839e+00
5.249543297031145528e+00,9.436895709313875022e-13,3.426228523254394531e+00,2.778643369674682617e+00,1.100000000000000089e+00,8.800000000000001155e-01,8.800000000000001155e-01,8.800000000000001155e-01,8.800000000000001155e-01,6.759727618074238720e+00,6.759727618074238720e+00
5.299543297031147127e+00,3.261280134836253954e-13,3.426062107086181641e+00,2.778476953506469727e+00,1.100000000000000089e+00,8.800000000000001155e-01,8.800000000000001155e-01,8.800000000000001155e-01,8.800000000000001155e-01,6.816545799892422153e+00,6.816545799892422153e+00
5.349543297031146949e+00,0.000000000000000000e+00,3.426626682281494141e+00,2.779041528701782227e+00,1.100000000000000089e+00,8.800000000000001155e-01,8.800000000000001155e-01,8.800000000000001155e-01,8.800000000000001155e-01,6.873363981710603809e+00,6.873363981710603809e+00
5.399543297031146771e+00,6.314393452555752509e-13,3.426934003829956055e+00,2.779348850250244141e+00,1.100000000000000089e+00,8.800000000000001155e-01,8.800000000000001155e-01,8.800000000000001155e-01,8.800000000000001155e-01,6.930182163528785466e+00,6.930182163528785466e+00
5.449543297031145705e+00,6.314393452555752509e-13,3.427421808242797852e+00,2.779836654663085938e+00,1.100000000000000089e+00,8.800000000000001155e-01,8.800000000000001155e-01,8.800000000000001155e-01,8.800000000000001155e-01,6.987000345346966235e+00,6.987000345346966235e+00
5.499543297031145528e+00,3.226585665316719327e-13,3.428567647933959961e+00,2.780982494354248047e+00,1.100000000000000089e+00,8.800000000000001155e-01,8.800000000000001155e-01,8.800000000000001155e-01,8.800000000000001155e-01,7.043818527165147891e+00,7.043818527165147891e+00
5.549543297031147127e+00,9.402201239794338880e-13,3.430465936660766602e+00,2.782880783081054688e+00,1.100000000000000089e+00,8.800000000000001155e-01,8.800000000000001155e-01,8.800000000000001155e-01,8.800000000000001155e-01,7.100636708983331324e+00,7.100636708983331324e+00
5.599543297031145173e+00,9.436895709313875022e-13,3.433060407638549805e+00,2.785475254058837891e+00,1.100000000000000089e+00,8.800000000000001155e-01,8.800000000000001155e-01,8.800000000000001155e-01,8.800000000000001155e-01,7.157454890801511205e+00,7.157454890801511205e+00
5.649543297031146771e+00,3.087807787238656548e-13,3.436389446258544922e+00,2.788804292678833008e+00,1.100000000000000089e+00,8.800000000000001155e-01,8.800000000000001155e-01,8.800000000000001155e-01,8.800000000000001155e-01,7.214273072619694638e+00,7.214273072619694638e+00
5.699543297031145705e+00,6.314393452555752509e-13,3.440423727035522461e+00,2.792838573455810547e+00,1.100000000000000089e+00,8.800000000000001155e-01,8.800000000000001155e-01,8.800000000000001155e-01,8.800000000000001155e-01,7.271091254437875406e+00,7.271091254437875406e+00
5.749543297031145528e+00,3.226585665316719327e-13,3.445175886154174805e+00,2.797590732574462891e+00,1.100000000000000089e+00,8.800000000000001155e-01,8.800000000000001155e-01,8.800000000000001155e-01,8.800000000000001155e-01,7.327909436256057063e+00,7.327909436256057063e+00
5.799543297031147127e+00,3.261280134836253954e-13,3.450636863708496094e+00,2.803051710128784180e+00,1.100000000000000089e+00,8.800000000000001155e-01,8.800000000000001155e-01,8.800000000000001155e-01,8.800000000000001155e-01,7.384727618074240496e+00,7.384727618074240496e+00
5.849543297031146949e+00,1.262878690511181198e-12,3.456858634948730469e+00,2.809273481369018555e+00,1.100000000000000089e+00,8.800000000000001155e-01,8.800000000000001155e-01,8.800000000000001155e-01,8.800000000000001155e-01,7.441545799892422153e+00,7.441545799892422153e+00
5.899543297031144995e+00,1.266348137463135014e-12,3.463803052902221680e+00,2.816217899322509766e+00,1.100000000000000089e+00,8.800000000000001155e-01,8.800000000000001155e-01,8.800000000000001155e-01,8.800000000000001155e-01,7.498363981710602033e+00,7.498363981710602033e+00
5.949543297031144817e+00,1.585537257042809156e-12,3.471436738967895508e+00,2.823851585388183594e+00,1.100000000000000089e+00,8.800000000000001155e-01,8.800000000000001155e-01,8.800000000000001155e-01,8.800000000000001155e-01,7.555182163528783690e+00,7.555182163528783690e+00
5.999543297031144640e+00,1.589006703994762771e-12,3.479776620864868164e+00,2.832191467285156250e+00,1.100000000000000089e+00,8.800000000000001155e-01,8.800000000000001155e-01,8.800000000000001155e-01,8.800000000000001155e-01,7.612000345346965346e+00,7.612000345346965346e+00
6.049543297031144462e+00,0.000000000000000000e+00,3.488792657852172852e+00,2.841207504272460938e+00,1.100000000000000089e+00,8.800000000000001155e-01,8.800000000000001155e-01,8.800000000000001155e-01,8.800000000000001155e-01,7.668818527165147003e+00,7.668818527165147003e+00
6.099543297031144284e+00,3.226585665316719327e-13,3.498505353927612305e+00,2.850920200347900391e+00,1.100000000000000089e+00,8.800000000000001155e-01,8.800000000000001155e-01,8.800000000000001155e-01,8.800000000000001155e-01,7.725636708983328660e+00,7.725636708983328660e+00
6.149543297031145883e+00,3.087807787238656548e-13,3.508885622024536133e+00,2.861300468444824219e+00,1.100000000000000089e+00,8.800000000000001155e-01,8.800000000000001155e-01,8.800000000000001155e-01,8.800000000000001155e-01,7.782454890801512093e+00,7.782454890801512093e+00
6.199543297031144817e+00,6.314393452555752509e-13,3.519943952560424805e+00,2.872358798980712891e+00,1.100000000000000089e+00,8.800000000000001155e-01,8.800000000000001155e-01,8.800000000000001155e-01,8.800000000000001155e-01,7.839273072619692861e+00,7.839273072619692861e+00
6.249543297031144640e+00,3.226585665316719327e-13,3.531662940979003906e+00,2.884077787399291992e+00,1.100000000000000089e+00,8.800000000000001155e-01,8.800000000000001155e-01,8.800000000000001155e-01,8.800000000000001155e-01,7.896091254437874518e+00,7.896091254437874518e+00
6.299543297031146238e+00,3.261280134836253954e-13,3.544092416763305664e+00,2.896507263183593750e+00,1.100000000000000089e+00,8.800000000000001155e-01,8.800000000000001155e-01,8.800000000000001155e-01,8.800000000000001155e-01,7.952909436256057951e+00,7.952909436256057951e+00
6.349543297031146061e+00,1.262878690511181198e-12,3.557196378707885742e+00,2.909611225128173828e+00,1.100000000000000089e+00,8.800000000000001155e-01,8.800000000000001155e-01,8.800000000000001155e-01,8.800000000000001155e-01,8.009727618074240496e+00,8.009727618074240496e+00
6.399543297031144107e+00,3.087807787238805485e-13,3.570943832397460938e+00,2.923358678817749023e+00,1.100000000000000089e+00,8.800000000000001155e-01,8.800000000000001155e-01,8.800000000000001155e-01,8.800000000000001155e-01,8.066545799892420376e+00,8.066545799892420376e+00
6.449543297031144817e+00,9.540979117872253227e-13,3.585329771041870117e+00,2.937744617462158203e+00,1.100000000000000089e+00,8.800000000000001155e-01,8.800000000000001155e-01,8.800000000000001155e-01,8.800000000000001155e-01,8.123363981710603809e+00,8.123363981710603809e+00
6.499543297031144640e+00,0.000000000000000000e+00,3.600342273712158203e+00,2.952757120132446289e+00,1.100000000000000089e+00,8.800000000000001155e-01,8.800000000000001155e-01,8.800000000000001155e-01,8.800000000000001155e-01,8.180182163528785466e+00,8.180182163528785466e+00
6.549543297031144462e+00,3.226585665316719327e-13,3.615978479385375977e+00,2.968393325805664062e+00,1.100000000000000089e+00,8.800000000000001155e-01,8.800000000000001155e-01,8.800000000000001155e-01,8.800000000000001155e-01,8.237000345346967123e+00,8.237000345346967123e+00
6.599543297031146061e+00,9.402201239794338880e-13,3.632224798202514648e+00,2.984639644622802734e+00,1.100000000000000089e+00,8.800000000000001155e-01,8.800000000000001155e-01,8.800000000000001155e-01,8.800000000000001155e-01,8.293818527165150556e+00,8.293818527165150556e+00
6.649543297031144107e+00,1.266348137463135014e-12,3.649078607559204102e+00,3.001493453979492188e+00,1.100000000000000089e+00,8.800000000000001155e-01,8.800000000000001155e-01,8.800000000000001155e-01,8.800000000000001155e-01,8.350636708983330436e+00,8.350636708983330436e+00
6.699543297031143929e+00,1.262878690511181198e-12,3.666526556015014648e+00,3.018941402435302734e+00,1.100000000000000089e+00,8.800000000000001155e-01,8.800000000000001155e-01,8.800000000000001155e-01,8.800000000000001155e-01,8.407454890801512093e+00,8.407454890801512093e+00
6.749543297031141975e+00,9.436895709313875022e-13,3.684602975845336914e+00,3.037017822265625000e+00,1.100000000000000089e+00,8.800000000000001155e-01,8.800000000000001155e-01,8.800000000000001155e-01,8.800000000000001155e-01,8.464273072619691973e+00,8.464273072619691973e+00
6.799543297031143574e+00,3.261280134836253954e-13,3.703291654586791992e+00,3.055706501007080078e+00,1.100000000000000089e+00,8.800000000000001155e-01,8.800000000000001155e-01,8.800000000000001155e-01,8.800000000000001155e-01,8.521091254437875406e+00,8.521091254437875406e+00
6.849543297031143396e+00,0.000000000000000000e+00,3.722550392150878906e+00,3.074965238571166992e+00,1.100000000000000089e+00,8.800000000000001155e-01,8.800000000000001155e-01,8.800000000000001155e-01,8.800000000000001155e-01,8.577909436256057063e+00,8.577909436256057063e+00
6.899543297031143219e+00,9.540979117872253227e-13,3.742370128631591797e+00,3.094784975051879883e+00,1.100000000000000089e+00,8.800000000000001155e-01,8.800000000000001155e-01,8.800000000000001155e-01,8.800000000000001155e-01,8.634727618074238720e+00,8.634727618074238720e+00
6.949543297031143929e+00,9.540979117872253227e-13,3.762742042541503906e+00,3.115156888961791992e+00,1.100000000000000089e+00,8.800000000000001155e-01,8.800000000000001155e-01,8.800000000000001155e-01,8.800000000000001155e-01,8.691545799892422153e+00,8.691545799892422153e+00
6.999543297031143751e+00,3.226585665316719327e-13,3.783657073974609375e+00,3.136071920394897461e+00,1.100000000000000089e+00,8.800000000000001155e-01,8.800000000000001155e-01,8.800000000000001155e-01,8.800000000000001155e-01,8.748363981710603809e+00,8.748363981710603809e+00
7.049543297031145350e+00,3.261280134836253954e-13,3.805106401443481445e+00,3.157521247863769531e+00,1.100000000000000089e+00,8.800000000000001155e-01,8.800000000000001155e-01,8.800000000000001155e-01,8.800000000000001155e-01,8.805182163528787243e+00,8.805182163528787243e+00
7.099543297031145173e+00,1.262878690511181198e-12,3.827080965042114258e+00,3.179495811462402344e+00,1.100000000000000089e+00,8.800000000000001155e-01,8.800000000000001155e-01,8.800000000000001155e-01,8.800000000000001155e-01,8.862000345346968899e+00,8.862000345346968899e+00
7.149543297031143219e+00,6.314393452556061490e-13,3.849550247192382812e+00,3.201965093612670898e+00,1.100000000000000089e+00,8.800000000000001155e-01,8.800000000000001155e-01,8.800000000000001155e-01,8.800000000000001155e-01,8.918818527165148780e+00,8.918818527165148780e+00
7.199543297031142153e+00,1.279936182971778275e-02,3.872289180755615234e+00,3.224704027175903320e+00,1.100000000000000089e+00,8.800000000000001155e-01,8.800000000000001155e-01,8.485356738195919402e-01,8.485356738195919402e-01,8.976670963487174859e+00,8.976670963487174859e+00
7.249543181585883289e+00,1.068048975610560447e+00,3.894999504089355469e+00,3.247414350509643555e+00,9.676190636943140522e-01,8.800000000000001155e-01,8.800000000000001155e-01,7.874090554692566579e-01,7.874090554692566579e-01,9.037797581837510918e+00,9.037797581837510918e+00
7.299523722172724050e+00,1.922884858454425361e+00,3.915534973144531250e+00,3.267949819564819336e+00,7.211462677302743485e-01,8.800000000000001155e-01,7.211462677302743485e-01,7.211462677302743485e-01,7.211462677302743485e-01,9.104060369576492562e+00,9.104060369576492562e+00
7.349502891121391990e+00,1.971409022214472229e+00,3.932100057601928711e+00,3.284514904022216797e+00,7.122158428822674692e-01,8.800000000000001155e-01,7.122158428822674692e-01,7.122158428822674692e-01,7.122158428822674692e-01,9.173797344732491865e+00,9.173797344732491865e+00
7.399481745088596796e+00,1.963302348305995260e+00,3.944528818130493164e+00,3.296943664550781250e+00,7.136847337587594042e-01,8.800000000000001155e-01,7.136847337587594042e-01,7.136847337587594042e-01,7.136847337587594042e-01,9.243898801714772517e+00,9.243898801714772517e+00
7.449461539813467148e+00,1.871349472924976665e+00,3.952762365341186523e+00,3.305177211761474609e+00,7.310087079366376361e-01,8.800000000000001155e-01,7.310087079366376361e-01,7.310087079366376361e-01,7.310087079366376361e-01,9.313089667101712266e+00,9.313089667101712266e+00
7.499446138360205794e+00,6.328701337005915306e-01,3.956978321075439453e+00,3.309393167495727539e+00,1.100000000000000089e+00,8.800000000000001155e-01,8.800000000000001155e-01,7.964564822842927772e-01,7.964564822842927772e-01,9.378537441449367407e+00,9.378537441449367407e+00
7.549446138360206504e+00,0.000000000000000000e+00,3.960246324539184570e+00,3.312661170959472656e+00,1.100000000000000089e+00,8.800000000000001155e-01,8.800000000000001155e-01,8.569381122185378841e-01,8.569381122185378841e-01,9.439019071383611958e+00,9.439019071383611958e+00
7.599446138360205438e+00,0.000000000000000000e+00,3.964142084121704102e+00,3.316556930541992188e+00,1.100000000000000089e+00,8.800000000000001155e-01,8.800000000000001155e-01,8.800000000000001155e-01,8.800000000000001155e-01,9.496591646535566866e+00,9.496591646535566866e+00
7.649446138360204372e+00,0.000000000000000000e+00,3.968664169311523438e+00,3.321079015731811523e+00,1.100000000000000089e+00,8.800000000000001155e-01,8.800000000000001155e-01,8.800000000000001155e-01,8.800000000000001155e-01,9.553409828353746747e+00,9.553409828353746747e+00
7.699446138360205083e+00,0.000000000000000000e+00,3.973809957504272461e+00,3.326224803924560547e+00,1.100000000000000089e+00,8.800000000000001155e-01,8.800000000000001155e-01,8.800000000000001155e-01,8.800000000000001155e-01,9.610228010171930180e+00,9.610228010171930180e+00
7.749446138360205794e+00,0.000000000000000000e+00,3.979577541351318359e+00,3.331992387771606445e+00,1.100000000000000089e+00,8.800000000000001155e-01,8.800000000000001155e-01,8.800000000000001155e-01,8.800000000000001155e-01,9.667046191990113613e+00,9.667046191990113613e+00
7.799446138360206504e+00,0.000000000000000000e+00,3.985964059829711914e+00,3.338378906250000000e+00,1.100000000000000089e+00,8.800000000000001155e-01,8.800000000000001155e-01,8.800000000000001155e-01,8.800000000000001155e-01,9.723864373808297046e+00,9.723864373808297046e+00
7.849446138360205438e+00,0.000000000000000000e+00,3.992966651916503906e+00,3.345381498336791992e+00,1.100000000000000089e+00,8.800000000000001155e-01,8.800000000000001155e-01,8.800000000000001155e-01,8.800000000000001155e-01,9.780682555626476926e+00,9.780682555626476926e+00
7.899446138360204372e+00,0.000000000000000000e+00,4.000581741333007812e+00,3.352996587753295898e+00,1.100000000000000089e+00,8.800000000000001155e-01,8.800000000000001155e-01,8.800000000000001155e-01,8.800000000000001155e-01,9.837500737444656806e+00,9.837500737444656806e+00
7.949446138360205083e+00,4.980860336128875576e-01,4.008805751800537109e+00,3.361220598220825195e+00,1.100000000000000089e+00,8.800000000000001155e-01,8.800000000000001155e-01,8.435422372020788817e-01,8.435422372020788817e-01,9.895520783511143392e+00,9.895520783511143392e+00
7.999434900328293629e+00,1.635093068544840600e+00,4.016407012939453125e+00,3.368821859359741211e+00,7.820396294355627109e-01,8.800000000000001155e-01,7.820396294355627109e-01,7.820396294355627109e-01,7.820396294355627109e-01,9.957023391277660451e+00,9.957023391277660451e+00
8.049416336174875397e+00,1.869647142030347986e+00,4.020565032958984375e+00,3.372979879379272461e+00,7.313414272891327617e-01,8.800000000000001155e-01,7.313414272891327617e-01,7.313414272891327617e-01,7.313414272891327617e-01,1.002307606931864825e+01,1.002307606931864825e+01
8.099394126038811592e+00,2.012862288571578340e+00,4.020677566528320312e+00,3.373092412948608398e+00,7.048439369963606094e-01,8.800000000000001155e-01,7.048439369963606094e-01,7.048439369963606094e-01,7.048439369963606094e-01,1.009267403502247085e+01,1.009267403502247085e+01
8.149368138311981369e+00,2.107772810426693955e+00,4.016386508941650391e+00,3.368801355361938477e+00,6.887920105883733601e-01,8.800000000000001155e-01,6.887920105883733601e-01,6.887920105883733601e-01,6.887920105883733601e-01,1.016439149087566918e+01,1.016439149087566918e+01
8.199339915299955095e+00,2.140537202226653335e+00,4.007484436035156250e+00,3.359899282455444336e+00,6.835001432025459289e-01,8.800000000000001155e-01,6.835001432025459289e-01,6.835001432025459289e-01,6.835001432025459289e-01,1.023722113848376480e+01,1.023722113848376480e+01
8.249312271264049201e+00,2.106019382545112339e+00,3.993964433670043945e+00,3.346379280090332031e+00,6.890786878726150588e-01,8.800000000000001155e-01,6.890786878726150588e-01,6.890786878726150588e-01,6.890786878726150588e-01,1.031003641849934027e+01,1.031003641849934027e+01
8.299287850046653148e+00,2.009574045694586530e+00,3.975988149642944336e+00,3.328402996063232422e+00,7.054203653020046927e-01,8.800000000000001155e-01,7.054203653020046927e-01,7.054203653020046927e-01,7.054203653020046927e-01,1.038171173253965307e+01,1.038171173253965307e+01
8.349267743934538188e+00,1.865194470615344935e+00,3.953928709030151367e+00,3.306343555450439453e+00,7.322138515772255163e-01,8.800000000000001155e-01,7.322138515772255163e-01,7.322138515772255163e-01,7.322138515772255163e-01,1.045124248424418489e+01,1.045124248424418489e+01
8.399251241148760982e+00,1.618622663998134925e+00,3.928350448608398438e+00,3.280765295028686523e+00,7.860084074552287081e-01,8.800000000000001155e-01,7.860084074552287081e-01,7.860084074552287081e-01,7.860084074552287081e-01,1.051708725356811414e+01,1.051708725356811414e+01
8.449241742053555271e+00,4.394172681305015260e-01,3.899752140045166016e+00,3.252166986465454102e+00,1.100000000000000089e+00,8.800000000000001155e-01,8.800000000000001155e-01,8.472250104900660439e-01,8.472250104900660439e-01,1.057830385660295214e+01,1.057830385660295214e+01
8.499241742053554205e+00,5.655198531684553696e-13,3.870657920837402344e+00,3.223072767257690430e+00,1.100000000000000089e+00,8.800000000000001155e-01,8.800000000000001155e-01,8.800000000000001155e-01,8.800000000000001155e-01,1.063620019286062579e+01,1.063620019286062579e+01
8.549241742053554916e+00,5.620504062165016545e-13,3.842071294784545898e+00,3.194486141204833984e+00,1.100000000000000089e+00,8.800000000000001155e-01,8.800000000000001155e-01,8.800000000000001155e-01,8.800000000000001155e-01,1.069301837467880745e+01,1.069301837467880745e+01
8.599241742053553850e+00,8.673617379883834533e-13,3.813836336135864258e+00,3.166251182556152344e+00,1.100000000000000089e+00,8.800000000000001155e-01,8.800000000000001155e-01,8.800000000000001155e-01,8.800000000000001155e-01,1.074983655649698733e+01,1.074983655649698733e+01
8.649241742053556337e+00,8.673617379883834533e-13,3.786129951477050781e+00,3.138544797897338867e+00,1.100000000000000089e+00,8.800000000000001155e-01,8.800000000000001155e-01,8.800000000000001155e-01,8.800000000000001155e-01,1.080665473831517076e+01,1.080665473831517076e+01
8.699241742053555271e+00,0.000000000000000000e+00,3.758850336074829102e+00,3.111265182495117188e+00,1.100000000000000089e+00,8.800000000000001155e-01,8.800000000000001155e-01,8.800000000000001155e-01,8.800000000000001155e-01,1.086347292013335064e+01,1.086347292013335064e+01
8.749241742053554205e+00,4.336808689942101545e-13,3.731988906860351562e+00,3.084403753280639648e+00,1.100000000000000089e+00,8.800000000000001155e-01,8.800000000000001155e-01,8.800000000000001155e-01,8.800000000000001155e-01,1.092029110195153052e+01,1.092029110195153052e+01
8.799241742053554916e+00,4.336808689942101545e-13,3.705719709396362305e+00,3.058134555816650391e+00,1.100000000000000089e+00,8.800000000000001155e-01,8.800000000000001155e-01,8.800000000000001155e-01,8.800000000000001155e-01,1.097710928376971218e+01,1.097710928376971218e+01
8.849241742053553850e+00,1.127570259384920774e-12,3.679849624633789062e+00,3.032264471054077148e+00,1.100000000000000089e+00,8.800000000000001155e-01,8.800000000000001155e-01,8.800000000000001155e-01,8.800000000000001155e-01,1.103392746558789206e+01,1.103392746558789206e+01
8.899241742053554560e+00,8.673617379882707661e-13,3.654529333114624023e+00,3.006944179534912109e+00,1.100000000000000089e+00,8.800000000000001155e-01,8.800000000000001155e-01,8.800000000000001155e-01,8.800000000000001155e-01,1.109074564740607549e+01,1.109074564740607549e+01
8.949241742053558823e+00,2.602085213964981430e-13,3.629714488983154297e+00,2.982129335403442383e+00,1.100000000000000089e+00,8.800000000000001155e-01,8.800000000000001155e-01,8.800000000000001155e-01,8.800000000000001155e-01,1.114756382922426248e+01,1.114756382922426248e+01
8.999241742053557758e+00,0.000000000000000000e+00,3.605343580245971680e+00,2.957758426666259766e+00,1.100000000000000089e+00,8.800000000000001155e-01,8.800000000000001155e-01,8.800000000000001155e-01,8.800000000000001155e-01,1.120438201104244236e+01,1.120438201104244236e+01
9.049241742053556692e+00,0.000000000000000000e+00,3.581647396087646484e+00,2.934062242507934570e+00,1.100000000000000089e+00,8.800000000000001155e-01,8.800000000000001155e-01,8.800000000000001155e-01,8.800000000000001155e-01,1.126120019286062224e+01,1.126120019286062224e+01
9.099241742053555626e+00,8.673617379883834533e-13,3.558402061462402344e+00,2.910816907882690430e+00,1.100000000000000089e+00,8.800000000000001155e-01,8.800000000000001155e-01,8.800000000000001155e-01,8.800000000000001155e-01,1.131801837467880212e+01,1.131801837467880212e+01
9.149241742053558113e+00,8.673617379883834533e-13,3.535729408264160156e+00,2.888144254684448242e+00,1.100000000000000089e+00,8.800000000000001155e-01,8.800000000000001155e-01,8.800000000000001155e-01,8.800000000000001155e-01,1.137483655649698555e+01,1.137483655649698555e+01
9.199241742053557047e+00,0.000000000000000000e+00,3.513641595840454102e+00,2.866056442260742188e+00,1.100000000000000089e+00,8.800000000000001155e-01,8.800000000000001155e-01,8.800000000000001155e-01,8.800000000000001155e-01,1.143165473831516543e+01,1.143165473831516543e+01
9.249241742053555981e+00,1.318389841742355721e-13,3.492017745971679688e+00,2.844432592391967773e+00,1.100000000000000089e+00,8.800000000000001155e-01,8.800000000000001155e-01,8.800000000000001155e-01,8.800000000000001155e-01,1.148847292013334531e+01,1.148847292013334531e+01
9.299241742053556692e+00,1.283695372222820084e-13,3.470053672790527344e+00,2.822468519210815430e+00,1.100000000000000089e+00,8.800000000000001155e-01,8.800000000000001155e-01,8.800000000000001155e-01,8.800000000000001155e-01,1.154529110195152874e+01,1.154529110195152874e+01
9.349241742053555626e+00,0.000000000000000000e+00,3.448269367218017578e+00,2.800684213638305664e+00,1.100000000000000089e+00,8.800000000000001155e-01,8.800000000000001155e-01,8.800000000000001155e-01,8.800000000000001155e-01,1.160210928376970863e+01,1.160210928376970863e+01
9.399241742053554560e+00,0.000000000000000000e+00,3.427030086517333984e+00,2.779444932937622070e+00,1.100000000000000089e+00,8.800000000000001155e-01,8.800000000000001155e-01,8.800000000000001155e-01,8.800000000000001155e-01,1.165892746558788851e+01,1.165892746558788851e+01
9.449241742053553494e+00,0.000000000000000000e+00,3.406438112258911133e+00,2.758852958679199219e+00,1.100000000000000089e+00,8.800000000000001155e-01,8.800000000000001155e-01,8.800000000000001155e-01,8.800000000000001155e-01,1.171574564740606839e+01,1.171574564740606839e+01
9.499241742053552429e+00,2.602085213964981430e-13,3.386382102966308594e+00,2.738796949386596680e+00,1.100000000000000089e+00,8.800000000000001155e-01,8.800000000000001155e-01,8.800000000000001155e-01,8.800000000000001155e-01,1.177256382922424827e+01,1.177256382922424827e+01
9.549241742053556692e+00,6.904199434386792556e-13,3.367052793502807617e+00,2.719467639923095703e+00,1.100000000000000089e+00,8.800000000000001155e-01,8.800000000000001155e-01,8.800000000000001155e-01,8.800000000000001155e-01,1.182938201104243525e+01,1.182938201104243525e+01
9.599241742053557402e+00,4.336808689942101545e-13,3.348307609558105469e+00,2.700722455978393555e+00,1.100000000000000089e+00,8.800000000000001155e-01,8.800000000000001155e-01,8.800000000000001155e-01,8.800000000000001155e-01,1.188620019286061691e+01,1.188620019286061691e+01
9.649241742053556337e+00,5.655198531684553696e-13,3.330168485641479492e+00,2.682583332061767578e+00,1.100000000000000089e+00,8.800000000000001155e-01,8.800000000000001155e-01,8.800000000000001155e-01,8.800000000000001155e-01,1.194301837467879679e+01,1.194301837467879679e+01
9.699241742053557047e+00,5.620504062165016545e-13,3.312752485275268555e+00,2.665167331695556641e+00,1.100000000000000089e+00,8.800000000000001155e-01,8.800000000000001155e-01,8.800000000000001155e-01,8.800000000000001155e-01,1.199983655649697845e+01,1.199983655649697845e+01
9.749241742053555981e+00,0.000000000000000000e+00,3.295940876007080078e+00,2.648355722427368164e+00,1.100000000000000089e+00,8.800000000000001155e-01,8.800000000000001155e-01,8.800000000000001155e-01,8.800000000000001155e-01,1.205665473831515833e+01,1.205665473831515833e+01
9.799241742053554916e+00,8.673617379883834533e-13,3.279873371124267578e+00,2.632288217544555664e+00,1.100000000000000089e+00,8.800000000000001155e-01,8.800000000000001155e-01,8.800000000000001155e-01,8.800000000000001155e-01,1.211347292013333821e+01,1.211347292013333821e+01
9.849241742053557402e+00,8.673617379883834533e-13,3.264467716217041016e+00,2.616882562637329102e+00,1.100000000000000089e+00,8.800000000000001155e-01,8.800000000000001155e-01,8.800000000000001155e-01,8.800000000000001155e-01,1.217029110195152164e+01,1.217029110195152164e+01
9.899241742053556337e+00,2.602085213964981430e-13,3.249693632125854492e+00,2.602108478546142578e+00,1.100000000000000089e+00,8.800000000000001155e-01,8.800000000000001155e-01,8.800000000000001155e-01,8.800000000000001155e-01,1.222710928376970152e+01,1.222710928376970152e+01
9.949241742053560600e+00,2.602085213964981430e-13,3.235709190368652344e+00,2.588124036788940430e+00,1.100000000000000089e+00,8.800000000000001155e-01,8.800000000000001155e-01,8.800000000000001155e-01,8.800000000000001155e-01,1.228392746558788851e+01,1.228392746558788851e+01
9.999241742053559534e+00,0.000000000000000000e+00,3.222398996353149414e+00,2.574813842773437500e+00,1.100000000000000089e+00,8.800000000000001155e-01,8.800000000000001155e-01,8.800000000000001155e-01,8.800000000000001155e-01,1.234074564740606839e+01,1.234074564740606839e+01
1.004924174205355847e+01,1.127570259384920774e-12,3.209843873977661133e+00,2.562258720397949219e+00,1.100000000000000089e+00,8.800000000000001155e-01,8.800000000000001155e-01,8.800000000000001155e-01,8.800000000000001155e-01,1.239756382922424827e+01,1.239756382922424827e+01
1.009924174205355918e+01,1.127570259384920774e-12,3.198018074035644531e+00,2.550432920455932617e+00,1.100000000000000089e+00,8.800000000000001155e-01,8.800000000000001155e-01,8.800000000000001155e-01,8.800000000000001155e-01,1.245438201104243170e+01,1.245438201104243170e+01
1.014924174205355811e+01,4.336808689942101545e-13,3.186848163604736328e+00,2.539263010025024414e+00,1.100000000000000089e+00,8.800000000000001155e-01,8.800000000000001155e-01,8.800000000000001155e-01,8.800000000000001155e-01,1.251120019286061158e+01,1.251120019286061158e+01
1.019924174205355882e+01,4.336808689942101545e-13,3.176520586013793945e+00,2.528935432434082031e+00,1.100000000000000089e+00,8.800000000000001155e-01,8.800000000000001155e-01,8.800000000000001155e-01,8.800000000000001155e-01,1.256801837467879324e+01,1.256801837467879324e+01
1.024924174205355776e+01,0.000000000000000000e+00,3.166934251785278320e+00,2.519349098205566406e+00,1.100000000000000089e+00,8.800000000000001155e-01,8.800000000000001155e-01,8.800000000000001155e-01,8.800000000000001155e-01,1.262483655649697312e+01,1.262483655649697312e+01
1.029924174205355669e+01,3.018418848199476727e-13,3.158105373382568359e+00,2.510520219802856445e+00,1.100000000000000089e+00,8.800000000000001155e-01,8.800000000000001155e-01,8.800000000000001155e-01,8.800000000000001155e-01,1.268165473831515300e+01,1.268165473831515300e+01
1.034924174205355918e+01,3.018418848199476727e-13,3.150058984756469727e+00,2.502473831176757812e+00,1.100000000000000089e+00,8.800000000000001155e-01,8.800000000000001155e-01,8.800000000000001155e-01,8.800000000000001155e-01,1.273847292013333821e+01,1.273847292013333821e+01
1.039924174205355811e+01,4.336808689942101545e-13,3.142708063125610352e+00,2.495122909545898438e+00,1.100000000000000089e+00,8.800000000000001155e-01,8.800000000000001155e-01,8.800000000000001155e-01,8.800000000000001155e-01,1.279529110195151809e+01,1.279529110195151809e+01
1.044924174205355882e+01,4.336808689942101545e-13,3.136210918426513672e+00,2.488625764846801758e+00,1.100000000000000089e+00,8.800000000000001155e-01,8.800000000000001155e-01,8.800000000000001155e-01,8.800000000000001155e-01,1.285210928376969974e+01,1.285210928376969974e+01
1.049924174205355776e+01,0.000000000000000000e+00,3.130507469177246094e+00,2.482922315597534180e+00,1.100000000000000089e+00,8.800000000000001155e-01,8.800000000000001155e-01,8.800000000000001155e-01,8.800000000000001155e-01,1.290892746558787962e+01,1.290892746558787962e+01
1.054924174205355669e+01,1.127570259384920774e-12,3.125566720962524414e+00,2.477981567382812500e+00,1.100000000000000089e+00,8.800000000000001155e-01,8.800000000000001155e-01,8.800000000000001155e-01,8.800000000000001155e-01,1.296574564740605950e+01,1.296574564740605950e+01
1.059924174205355740e+01,1.127570259384920774e-12,3.121443748474121094e+00,2.473858594894409180e+00,1.100000000000000089e+00,8.800000000000001155e-01,8.800000000000001155e-01,8.800000000000001155e-01,8.800000000000001155e-01,1.302256382922424294e+01,1.302256382922424294e+01
1.064924174205355634e+01,8.673617379883834533e-13,3.118042469024658203e+00,2.470457315444946289e+00,1.100000000000000089e+00,8.800000000000001155e-01,8.800000000000001155e-01,8.800000000000001155e-01,8.800000000000001155e-01,1.307938201104242282e+01,1.307938201104242282e+01
1.069924174205355882e+01,8.673617379883834533e-13,3.115503311157226562e+00,2.467918157577514648e+00,1.100000000000000089e+00,8.800000000000001155e-01,8.800000000000001155e-01,8.800000000000001155e-01,8.800000000000001155e-01,1.313620019286060625e+01,1.313620019286060625e+01
1.074924174205355776e+01,5.655198531684553696e-13,3.113787651062011719e+00,2.466202497482299805e+00,1.100000000000000089e+00,8.800000000000001155e-01,8.800000000000001155e-01,8.800000000000001155e-01,8.800000000000001155e-01,1.319301837467878613e+01,1.319301837467878613e+01
1.079924174205355847e+01,1.429412144204809680e-12,3.112830400466918945e+00,2.465245246887207031e+00,1.100000000000000089e+00,8.800000000000001155e-01,8.800000000000001155e-01,8.800000000000001155e-01,8.800000000000001155e-01,1.324983655649696779e+01,1.324983655649696779e+01
1.084924174205356096e+01,8.673617379883834533e-13,3.112705469131469727e+00,2.465120315551757812e+00,1.100000000000000089e+00,8.800000000000001155e-01,8.800000000000001155e-01,8.800000000000001155e-01,8.800000000000001155e-01,1.330665473831515122e+01,1.330665473831515122e+01
1.089924174205355989e+01,0.000000000000000000e+00,3.113314867019653320e+00,2.465729713439941406e+00,1.100000000000000089e+00,8.800000000000001155e-01,8.800000000000001155e-01,8.800000000000001155e-01,8.800000000000001155e-01,1.336347292013333110e+01,1.336347292013333110e+01
1.094924174205355882e+01,0.000000000000000000e+00,3.114789962768554688e+00,2.467204809188842773e+00,1.100000000000000089e+00,8.800000000000001155e-01,8.800000000000001155e-01,8.800000000000001155e-01,8.800000000000001155e-01,1.342029110195151098e+01,1.342029110195151098e+01
1.099924174205355776e+01,6.938893903906910309e-13,3.117091417312622070e+00,2.469506263732910156e+00,1.100000000000000089e+00,8.800000000000001155e-01,8.800000000000001155e-01,8.800000000000001155e-01,8.800000000000001155e-01,1.347710928376969086e+01,1.347710928376969086e+01
1.104924174205356024e+01,6.938893903906910309e-13,3.120138406753540039e+00,2.472553253173828125e+00,1.100000000000000089e+00,8.800000000000001155e-01,8.800000000000001155e-01,8.800000000000001155e-01,8.800000000000001155e-01,1.353392746558787607e+01,1.353392746558787607e+01
1.109924174205355918e+01,0.000000000000000000e+00,3.124011039733886719e+00,2.476425886154174805e+00,1.100000000000000089e+00,8.800000000000001155e-01,8.800000000000001155e-01,8.800000000000001155e-01,8.800000000000001155e-01,1.359074564740605595e+01,1.359074564740605595e+01
1.114924174205355811e+01,1.127570259384920774e-12,3.128615856170654297e+00,2.481030702590942383e+00,1.100000000000000089e+00,8.800000000000001155e-01,8.800000000000001155e-01,8.800000000000001155e-01,8.800000000000001155e-01,1.364756382922423583e+01,1.364756382922423583e+01
1.119924174205355882e+01,1.127570259384920774e-12,3.134084224700927734e+00,2.486499071121215820e+00,1.100000000000000089e+00,8.800000000000001155e-01,8.800000000000001155e-01,8.800000000000001155e-01,8.800000000000001155e-01,1.370438201104241926e+01,1.370438201104241926e+01
1.124924174205355776e+01,8.673617379883834533e-13,3.140356063842773438e+00,2.492770910263061523e+00,1.100000000000000089e+00,8.800000000000001155e-01,8.800000000000001155e-01,8.800000000000001155e-01,8.800000000000001155e-01,1.376120019286059915e+01,1.376120019286059915e+01
1.129924174205356024e+01,4.336808689941733494e-13,3.147355794906616211e+00,2.499770641326904297e+00,1.100000000000000089e+00,8.800000000000001155e-01,8.800000000000001155e-01,8.800000000000001155e-01,8.800000000000001155e-01,1.381801837467878258e+01,1.381801837467878258e+01
1.134924174205356096e+01,4.336808689942101545e-13,3.155145883560180664e+00,2.507560729980468750e+00,1.100000000000000089e+00,8.800000000000001155e-01,8.800000000000001155e-01,8.800000000000001155e-01,8.800000000000001155e-01,1.387483655649696423e+01,1.387483655649696423e+01
1.139924174205355989e+01,0.000000000000000000e+00,3.163655757904052734e+00,2.516070604324340820e+00,1.100000000000000089e+00,8.800000000000001155e-01,8.800000000000001155e-01,8.800000000000001155e-01,8.800000000000001155e-01,1.393165473831514412e+01,1.393165473831514412e+01
1.144924174205355882e+01,0.000000000000000000e+00,3.173021078109741211e+00,2.525435924530029297e+00,1.100000000000000089e+00,8.800000000000001155e-01,8.800000000000001155e-01,8.800000000000001155e-01,8.800000000000001155e-01,1.398847292013332400e+01,1.398847292013332400e+01
1.149924174205355776e+01,3.018418848199476727e-13,3.182687044143676758e+00,2.535101890563964844e+00,1.100000000000000089e+00,8.800000000000001155e-01,8.800000000000001155e-01,8.800000000000001155e-01,8.800000000000001155e-01,1.404529110195150388e+01,1.404529110195150388e+01
1.154924174205356024e+01,3.018418848199476727e-13,3.192113876342773438e+00,2.544528722763061523e+00,1.100000000000000089e+00,8.800000000000001155e-01,8.800000000000001155e-01,8.800000000000001155e-01,8.800000000000001155e-01,1.410210928376968909e+01,1.410210928376968909e+01
1.159924174205355918e+01,0.000000000000000000e+00,3.201972723007202148e+00,2.554387569427490234e+00,1.100000000000000089e+00,8.800000000000001155e-01,8.800000000000001155e-01,8.800000000000001155e-01,8.800000000000001155e-01,1.415892746558786897e+01,1.415892746558786897e+01
1.164924174205355811e+01,8.673617379883834533e-13,3.212549924850463867e+00,2.564964771270751953e+00,1.100000000000000089e+00,8.800000000000001155e-01,8.800000000000001155e-01,8.800000000000001155e-01,8.800000000000001155e-01,1.421574564740604885e+01,1.421574564740604885e+01
1.169924174205356060e+01,8.673617379883834533e-13,3.223954916000366211e+00,2.576369762420654297e+00,1.100000000000000089e+00,8.800000000000001155e-01,8.800000000000001155e-01,8.800000000000001155e-01,8.800000000000001155e-01,1.427256382922423228e+01,1.427256382922423228e+01
1.174924174205355953e+01,1.127570259384920774e-12,3.236083269119262695e+00,2.588498115539550781e+00,1.100000000000000089e+00,8.800000000000001155e-01,8.800000000000001155e-01,8.800000000000001155e-01,8.800000000000001155e-01,1.432938201104241216e+01,1.432938201104241216e+01
1.179924174205356024e+01,5.655198531684187160e-13,3.248890161514282227e+00,2.601305007934570312e+00,1.100000000000000089e+00,8.800000000000001155e-01,8.800000000000001155e-01,8.800000000000001155e-01,8.800000000000001155e-01,1.438620019286059559e+01,1.438620019286059559e+01
1.184924174205356096e+01,5.620504062165016545e-13,3.262397527694702148e+00,2.614812374114990234e+00,1.100000000000000089e+00,8.800000000000001155e-01,8.800000000000001155e-01,8.800000000000001155e-01,8.800000000000001155e-01,1.444301837467877725e+01,1.444301837467877725e+01
1.189924174205355989e+01,8.673617379883834533e-13,3.276615381240844727e+00,2.629030227661132812e+00,1.100000000000000089e+00,8.800000000000001155e-01,8.800000000000001155e-01,8.800000000000001155e-01,8.800000000000001155e-01,1.449983655649695713e+01,1.449983655649695713e+01
1.194924174205356238e+01,8.673617379883834533e-13,3.291595697402954102e+00,2.644010543823242188e+00,1.100000000000000089e+00,8.800000000000001155e-01,8.800000000000001155e-01,8.800000000000001155e-01,8.800000000000001155e-01,1.455665473831514056e+01,1.455665473831514056e+01
1.199924174205356131e+01,0.000000000000000000e+00,3.307252645492553711e+00,2.659667491912841797e+00,1.100000000000000089e+00,8.800000000000001155e-01,8.800000000000001155e-01,8.800000000000001155e-01,8.800000000000001155e-01,1.461347292013332044e+01,1.461347292013332044e+01
1.204924174205356024e+01,0.000000000000000000e+00,3.323546648025512695e+00,2.675961494445800781e+00,1.100000000000000089e+00,8.800000000000001155e-01,8.800000000000001155e-01,8.800000000000001155e-01,8.800000000000001155e-01,1.467029110195150032e+01,1.467029110195150032e+01
1.209924174205355918e+01,0.000000000000000000e+00,3.340484857559204102e+00,2.692899703979492188e+00,1.100000000000000089e+00,8.800000000000001155e-01,8.800000000000001155e-01,8.800000000000001155e-01,8.800000000000001155e-01,1.472710928376968020e+01,1.472710928376968020e+01
1.214924174205355811e+01,2.602085213964981430e-13,3.358115911483764648e+00,2.710530757904052734e+00,1.100000000000000089e+00,8.800000000000001155e-01,8.800000000000001155e-01,8.800000000000001155e-01,8.800000000000001155e-01,1.478392746558786008e+01,1.478392746558786008e+01
1.219924174205356238e+01,2.602085213964981430e-13,3.376436710357666016e+00,2.728851556777954102e+00,1.100000000000000089e+00,8.800000000000001155e-01,8.800000000000001155e-01,8.800000000000001155e-01,8.800000000000001155e-01,1.484074564740604707e+01,1.484074564740604707e+01
1.224924174205356131e+01,0.000000000000000000e+00,3.395378828048706055e+00,2.747793674468994141e+00,1.100000000000000089e+00,8.800000000000001155e-01,8.800000000000001155e-01,8.800000000000001155e-01,8.800000000000001155e-01,1.489756382922422695e+01,1.489756382922422695e+01
1.229924174205356024e+01,1.127570259384920774e-12,3.414910793304443359e+00,2.767325639724731445e+00,1.100000000000000089e+00,8.800000000000001155e-01,8.800000000000001155e-01,8.800000000000001155e-01,8.800000000000001155e-01,1.495438201104240683e+01,1.495438201104240683e+01
1.234924174205356096e+01,1.127570259384920774e-12,3.435030937194824219e+00,2.787445783615112305e+00,1.100000000000000089e+00,8.800000000000001155e-01,8.800000000000001155e-01,8.800000000000001155e-01,8.800000000000001155e-01,1.501120019286059026e+01,1.501120019286059026e+01
1.239924174205355989e+01,8.673617379883834533e-13,3.455817937850952148e+00,2.808232784271240234e+00,1.100000000000000089e+00,8.800000000000001155e-01,8.800000000000001155e-01,8.800000000000001155e-01,8.800000000000001155e-01,1.506801837467877014e+01,1.506801837467877014e+01
1.244924174205356238e+01,8.673617379883834533e-13,3.477219581604003906e+00,2.829634428024291992e+00,1.100000000000000089e+00,8.800000000000001155e-01,8.800000000000001155e-01,8.800000000000001155e-01,8.800000000000001155e-01,1.512483655649695358e+01,1.512483655649695358e+01
1.249924174205356131e+01,0.000000000000000000e+00,3.499181270599365234e+00,2.851596117019653320e+00,1.100000000000000089e+00,8.800000000000001155e-01,8.800000000000001155e-01,8.800000000000001155e-01,8.800000000000001155e-01,1.518165473831513346e+01,1.518165473831513346e+01
1.254924174205356024e+01,3.018418848199476727e-13,3.521683692932128906e+00,2.874098539352416992e+00,1.100000000000000089e+00,8.800000000000001155e-01,8.800000000000001155e-01,8.800000000000001155e-01,8.800000000000001155e-01,1.523847292013331334e+01,1.523847292013331334e+01
1.259924174205356273e+01,3.018418848199476727e-13,3.544718265533447266e+00,2.897133111953735352e+00,1.100000000000000089e+00,8.800000000000001155e-01,8.800000000000001155e-01,8.800000000000001155e-01,8.800000000000001155e-01,1.529529110195149855e+01,1.529529110195149855e+01
1.264924174205356167e+01,0.000000000000000000e+00,3.568390369415283203e+00,2.920805215835571289e+00,1.100000000000000089e+00,8.800000000000001155e-01,8.800000000000001155e-01,8.800000000000001155e-01,8.800000000000001155e-01,1.535210928376967843e+01,1.535210928376967843e+01
1.269924174205356060e+01,0.000000000000000000e+00,3.592599391937255859e+00,2.945014238357543945e+00,1.100000000000000089e+00,8.800000000000001155e-01,8.800000000000001155e-01,8.800000000000001155e-01,8.800000000000001155e-01,1.540892746558785831e+01,1.540892746558785831e+01
1.274924174205355953e+01,0.000000000000000000e+00,3.617310762405395508e+00,2.969725608825683594e+00,1.100000000000000089e+00,8.800000000000001155e-01,8.800000000000001155e-01,8.800000000000001155e-01,8.800000000000001155e-01,1.546574564740603819e+01,1.546574564740603819e+01
1.279924174205355847e+01,2.602085213964981430e-13,3.642510652542114258e+00,2.994925498962402344e+00,1.100000000000000089e+00,8.800000000000001155e-01,8.800000000000001155e-01,8.800000000000001155e-01,8.800000000000001155e-01,1.552256382922421807e+01,1.552256382922421807e+01
1.284924174205356273e+01,2.602085213964981430e-13,3.668189287185668945e+00,3.020604133605957031e+00,1.100000000000000089e+00,8.800000000000001155e-01,8.800000000000001155e-01,8.800000000000001155e-01,8.800000000000001155e-01,1.557938201104240505e+01,1.557938201104240505e+01
1.289924174205356167e+01,0.000000000000000000e+00,3.694474220275878906e+00,3.046889066696166992e+00,1.100000000000000089e+00,8.800000000000001155e-01,8.800000000000001155e-01,8.800000000000001155e-01,8.800000000000001155e-01,1.563620019286058493e+01,1.563620019286058493e+01
1.294924174205356060e+01,0.000000000000000000e+00,3.712080955505371094e+00,3.064495801925659180e+00,1.100000000000000089e+00,8.800000000000001155e-01,8.800000000000001155e-01,8.800000000000001155e-01,8.800000000000001155e-01,1.569301837467876481e+01,1.569301837467876481e+01
1.299924174205355953e+01,3.018418848199476727e-13,3.694696187973022461e+00,3.047111034393310547e+00,1.100000000000000089e+00,8.800000000000001155e-01,8.800000000000001155e-01,8.800000000000001155e-01,8.800000000000001155e-01,1.574983655649694470e+01,1.574983655649694470e+01
1.304924174205356202e+01,3.018418848199476727e-13,3.666036844253540039e+00,3.018451690673828125e+00,1.100000000000000089e+00,8.800000000000001155e-01,8.800000000000001155e-01,8.800000000000001155e-01,8.800000000000001155e-01,1.580665473831512990e+01,1.580665473831512990e+01
1.309924174205356096e+01,0.000000000000000000e+00,3.637758731842041016e+00,2.990173578262329102e+00,1.100000000000000089e+00,8.800000000000001155e-01,8.800000000000001155e-01,8.800000000000001155e-01,8.800000000000001155e-01,1.586347292013330978e+01,1.586347292013330978e+01
1.314924174205355989e+01,0.000000000000000000e+00,3.610093593597412109e+00,2.962508440017700195e+00,1.100000000000000089e+00,8.800000000000001155e-01,8.800000000000001155e-01,8.800000000000001155e-01,8.800000000000001155e-01,1.592029110195148967e+01,1.592029110195148967e+01
1.319924174205355882e+01,0.000000000000000000e+00,3.582814693450927734e+00,2.935229539871215820e+00,1.100000000000000089e+00,8.800000000000001155e-01,8.800000000000001155e-01,8.800000000000001155e-01,8.800000000000001155e-01,1.597710928376966955e+01,1.597710928376966955e+01
1.324924174205355776e+01,2.602085213964981430e-13,3.556053876876831055e+00,2.908468723297119141e+00,1.100000000000000089e+00,8.800000000000001155e-01,8.800000000000001155e-01,8.800000000000001155e-01,8.800000000000001155e-01,1.603392746558785120e+01,1.603392746558785120e+01
1.329924174205356202e+01,2.602085213964981430e-13,3.515435457229614258e+00,2.867850303649902344e+00,1.100000000000000089e+00,8.800000000000001155e-01,8.800000000000001155e-01,8.800000000000001155e-01,8.800000000000001155e-01,1.609074564740603819e+01,1.609074564740603819e+01
1.334924174205356096e+01,0.000000000000000000e+00,3.470183610916137695e+00,2.822598457336425781e+00,1.100000000000000089e+00,8.800000000000001155e-01,8.800000000000001155e-01,8.800000000000001155e-01,8.800000000000001155e-01,1.614756382922421807e+01,1.614756382922421807e+01
1.339924174205355989e+01,2.602085213964981430e-13,3.420906543731689453e+00,2.773321390151977539e+00,1.100000000000000089e+00,8.800000000000001155e-01,8.800000000000001155e-01,8.800000000000001155e-01,8.800000000000001155e-01,1.620438201104239795e+01,1.620438201104239795e+01
1.344924174205356415e+01,2.602085213964981430e-13,3.371570110321044922e+00,2.723984956741333008e+00,1.100000000000000089e+00,8.800000000000001155e-01,8.800000000000001155e-01,8.800000000000001155e-01,8.800000000000001155e-01,1.626120019286058493e+01,1.626120019286058493e+01
1.349924174205356309e+01,0.000000000000000000e+00,3.322242498397827148e+00,2.674657344818115234e+00,1.100000000000000089e+00,8.800000000000001155e-01,8.800000000000001155e-01,8.800000000000001155e-01,8.800000000000001155e-01,1.631801837467876481e+01,1.631801837467876481e+01
1.354924174205356202e+01,0.000000000000000000e+00,3.272983074188232422e+00,2.625397920608520508e+00,1.100000000000000089e+00,8.800000000000001155e-01,8.800000000000001155e-01,8.800000000000001155e-01,8.800000000000001155e-01,1.637483655649694470e+01,1.637483655649694470e+01
1.359924174205356096e+01,0.000000000000000000e+00,3.223664283752441406e+00,2.576079130172729492e+00,1.100000000000000089e+00,8.800000000000001155e-01,8.800000000000001155e-01,8.800000000000001155e-01,8.800000000000001155e-01,1.643165473831512458e+01,1.643165473831512458e+01
1.364924174205355989e+01,8.673617379883834533e-13,3.174478769302368164e+00,2.526893615722656250e+00,1.100000000000000089e+00,8.800000000000001155e-01,8.800000000000001155e-01,8.800000000000001155e-01,8.800000000000001155e-01,1.648847292013330446e+01,1.648847292013330446e+01
1.369924174205356238e+01,8.673617379883834533e-13,3.125262022018432617e+00,2.477676868438720703e+00,1.100000000000000089e+00,8.800000000000001155e-01,8.800000000000001155e-01,8.800000000000001155e-01,8.800000000000001155e-01,1.654529110195148789e+01,1.654529110195148789e+01
1.374924174205356131e+01,1.127570259384920774e-12,3.076027870178222656e+00,2.428442716598510742e+00,1.100000000000000089e+00,8.800000000000001155e-01,8.800000000000001155e-01,8.800000000000001155e-01,8.800000000000001155e-01,1.660210928376966777e+01,1.660210928376966777e+01
1.379924174205356202e+01,1.994931997373152463e-12,3.026903390884399414e+00,2.379318237304687500e+00,1.100000000000000089e+00,8.800000000000001155e-01,8.800000000000001155e-01,8.800000000000001155e-01,8.800000000000001155e-01,1.665892746558785120e+01,1.665892746558785120e+01
1.384924174205356451e+01,8.673617379883834533e-13,2.977723836898803711e+00,2.330138683319091797e+00,1.100000000000000089e+00,8.800000000000001155e-01,8.800000000000001155e-01,8.800000000000001155e-01,8.800000000000001155e-01,1.671574564740603464e+01,1.671574564740603464e+01
1.389924174205356344e+01,0.000000000000000000e+00,2.928654432296752930e+00,2.281069278717041016e+00,1.100000000000000089e+00,8.800000000000001155e-01,8.800000000000001155e-01,8.800000000000001155e-01,8.800000000000001155e-01,1.677256382922421452e+01,1.677256382922421452e+01
1.394924174205356238e+01,9.645062573514799620e-02,2.879588842391967773e+00,2.232003688812255859e+00,1.100000000000000089e+00,8.800000000000001155e-01,8.800000000000001155e-01,8.800000000000001155e-01,8.800000000000001155e-01,1.682938201104239440e+01,1.682938201104239440e+01
1.399924105158348020e+01,2.875114480159123298e-01,2.830430269241333008e+00,2.182845115661621094e+00,1.100000000000000089e+00,8.800000000000001155e-01,8.800000000000001155e-01,8.800000000000001155e-01,8.800000000000001155e-01,1.688619940823548049e+01,1.688619940823548049e+01
1.404923831226739495e+01,4.094857144944484273e-01,2.781296968460083008e+00,2.133711814880371094e+00,1.100000000000000089e+00,8.800000000000001155e-01,8.800000000000001155e-01,8.800000000000001155e-01,8.800000000000001155e-01,1.694301447719447395e+01,1.694301447719447395e+01
1.409923562095943517e+01,4.173905978891688795e-01,2.731911659240722656e+00,2.084326505661010742e+00,1.100000000000000089e+00,8.800000000000001155e-01,8.800000000000001155e-01,8.800000000000001155e-01,8.800000000000001155e-01,1.699982960070815352e+01,1.699982960070815352e+01
1.414923300538263540e+01,4.249103307097523152e-01,2.682484149932861328e+00,2.034898996353149414e+00,1.100000000000000089e+00,8.800000000000001155e-01,8.800000000000001155e-01,8.800000000000001155e-01,8.800000000000001155e-01,1.705664481027997326e+01,1.705664481027997326e+01
1.419923047882868339e+01,4.319953899601391978e-01,2.632867336273193359e+00,1.985282182693481445e+00,1.100000000000000089e+00,8.800000000000001155e-01,8.800000000000001155e-01,8.800000000000001155e-01,8.800000000000001155e-01,1.711346012101411773e+01,1.711346012101411773e+01
1.424922804312824809e+01,4.385970665154755310e-01,2.583156585693359375e+00,1.935571432113647461e+00,1.100000000000000089e+00,8.800000000000001155e-01,8.800000000000001155e-01,8.800000000000001155e-01,8.800000000000001155e-01,1.717027553499089620e+01,1.717027553499089620e+01
1.429922569154935097e+01,4.446681699098293250e-01,2.533340692520141602e+00,1.885755538940429688e+00,1.100000000000000089e+00,8.800000000000001155e-01,8.800000000000001155e-01,8.800000000000001155e-01,8.800000000000001155e-01,1.722709104456033202e+01,1.722709104456033202e+01
1.434922341153729874e+01,4.501637562814806981e-01,2.483444452285766602e+00,1.835859298706054688e+00,1.100000000000000089e+00,8.800000000000001155e-01,8.800000000000001155e-01,8.800000000000001155e-01,8.800000000000001155e-01,1.728390663545572536e+01,1.728390663545572536e+01
1.439922118721847966e+01,4.550418614544444740e-01,2.433475255966186523e+00,1.785890102386474609e+00,1.100000000000000089e+00,8.800000000000001155e-01,8.800000000000001155e-01,8.800000000000001155e-01,8.800000000000001155e-01,1.734072228963888662e+01,1.734072228963888662e+01
1.444921900160371031e+01,4.592642193488264968e-01,2.383526086807250977e+00,1.735940933227539062e+00,1.100000000000000089e+00,8.800000000000001155e-01,8.800000000000001155e-01,8.800000000000001155e-01,8.800000000000001155e-01,1.739753798780392202e+01,1.739753798780392202e+01
1.449921683844409515e+01,4.627969446726621361e-01,2.333469390869140625e+00,1.685884237289428711e+00,1.100000000000000089e+00,8.800000000000001155e-01,8.800000000000001155e-01,8.800000000000001155e-01,8.800000000000001155e-01,1.745435371148617776e+01,1.745435371148617776e+01
1.454921468371277449e+01,4.656111589227582837e-01,2.283571481704711914e+00,1.635986328125000000e+00,1.100000000000000089e+00,8.800000000000001155e-01,8.800000000000001155e-01,8.800000000000001155e-01,8.800000000000001155e-01,1.751116944474604153e+01,1.751116944474604153e+01
1.459921252670802083e+01,4.676835392123932511e-01,2.233576774597167969e+00,1.585991621017456055e+00,1.100000000000000089e+00,8.800000000000001155e-01,8.800000000000001155e-01,8.800000000000001155e-01,8.800000000000001155e-01,1.756798517542245719e+01,1.756798517542245719e+01
1.464921036079577377e+01,4.689967713918060110e-01,2.183745622634887695e+00,1.536160469055175781e+00,1.100000000000000089e+00,8.800000000000001155e-01,8.800000000000001155e-01,8.800000000000001155e-01,8.800000000000001155e-01,1.762480089597672261e+01,1.762480089597672261e+01
1.469920818383092431e+01,4.695398916472907636e-01,2.134027004241943359e+00,1.486441850662231445e+00,1.100000000000000089e+00,8.800000000000001155e-01,8.800000000000001155e-01,8.800000000000001155e-01,8.800000000000001155e-01,1.768161660397121082e+01,1.768161660397121082e+01
1.474920599831541068e+01,4.693085044505503345e-01,2.084351539611816406e+00,1.436766386032104492e+00,1.100000000000000089e+00,8.800000000000001155e-01,8.800000000000001155e-01,8.800000000000001155e-01,8.800000000000001155e-01,1.773843230224903778e+01,1.773843230224903778e+01
1.479920381136583174e+01,4.683048688275702753e-01,2.034952878952026367e+00,1.387367725372314453e+00,1.100000000000000089e+00,8.800000000000001155e-01,8.800000000000001155e-01,8.800000000000001155e-01,8.800000000000001155e-01,1.779524799889724207e+01,1.779524799889724207e+01
1.484920163457276310e+01,4.665378500253219429e-01,1.985806703567504883e+00,1.338221549987792969e+00,1.100000000000000089e+00,8.800000000000001155e-01,8.800000000000001155e-01,8.800000000000001155e-01,8.800000000000001155e-01,1.785206370708693768e+01,1.785206370708693768e+01
1.489919948383797355e+01,4.640227382310140869e-01,1.936860680580139160e+00,1.289275527000427246e+00,1.100000000000000089e+00,8.800000000000001155e-01,8.800000000000001155e-01,8.800000000000001155e-01,8.800000000000001155e-01,1.790887944488831351e+01,1.790887944488831351e+01
1.494919737927355996e+01,4.607809410779030168e-01,1.888176560401916504e+00,1.240591406822204590e+00,1.100000000000000089e+00,8.800000000000001155e-01,8.800000000000001155e-01,8.800000000000001155e-01,8.306504145085391588e-01,1.796569523515602640e+01,1.796733428172878178e+01
1.499919534523936626e+01,4.568395610279327723e-01,1.839964866638183594e+00,1.192379713058471680e+00,1.100000000000000089e+00,8.800000000000001155e-01,8.800000000000001155e-01,8.800000000000001155e-01,7.681042762487354514e-01,1.802251110557171643e+01,1.802988041998858648e+01
1.504919341058227999e+01,4.522308725277530139e-01,1.792199254035949707e+00,1.144614100456237793e+00,1.100000000000000089e+00,8.800000000000001155e-01,8.800000000000001155e-01,8.800000000000001155e-01,6.999914631663494147e-01,1.807932708891593521e+01,1.809799323307097296e+01
1.509919160912444447e+01,4.469917168640654137e-01,1.744875788688659668e+00,1.097290635108947754e+00,1.100000000000000089e+00,8.800000000000001155e-01,8.800000000000001155e-01,8.800000000000001155e-01,6.244931155917086141e-01,1.813614322362294118e+01,1.817349158064561365e+01
1.514918998042815801e+01,4.411628347076136381e-01,1.698065400123596191e+00,1.050480246543884277e+00,1.100000000000000089e+00,8.800000000000001155e-01,8.800000000000001155e-01,8.800000000000001155e-01,5.385117536451833331e-01,1.819295955464988879e+01,1.825947294259214004e+01
1.519918857084481800e+01,4.347881573041417758e-01,1.651842236518859863e+00,1.004257082939147949e+00,1.100000000000000089e+00,8.800000000000001155e-01,8.800000000000001155e-01,8.800000000000001155e-01,4.358872881613886641e-01,1.824977613466882076e+01,1.836209740807593604e+01
1.524918743483516259e+01,4.279140773836239697e-01,1.606283187866210938e+00,9.586980342864990234e-01,1.100000000000000089e+00,2.999999999999999889e-01,2.999999999999999889e-01,8.800000000000001155e-01,2.999999999999999889e-01,1.830659302556694001e+01,1.849798469623732444e+01
1.529918663652958699e+01,4.205887199696471401e-01,1.561468601226806641e+00,9.138834476470947266e-01,1.100000000000000089e+00,2.999999999999999889e-01,2.999999999999999889e-01,8.800000000000001155e-01,2.999999999999999889e-01,1.836341030021969445e+01,1.866464870188540814e+01
1.534918625148144855e+01,4.172102814197097831e-01,1.517482519149780273e+00,8.698973655700683594e-01,1.100000000000000089e+00,2.999999999999999889e-01,2.999999999999999889e-01,8.800000000000001155e-01,2.999999999999999889e-01,1.842022804448317430e+01,1.883131408505828119e+01
1.539918625148144926e+01,4.220104336436184544e-01,1.474418759346008301e+00,8.268336057662963867e-01,1.100000000000000089e+00,2.999999999999999889e-01,2.999999999999999889e-01,8.800000000000001155e-01,2.999999999999999889e-01,1.847704622630135773e+01,1.899798075172495260e+01
1.544918613677278429e+01,2.023309173292970331e-01,1.432388782501220703e+00,7.848036289215087891e-01,1.100000000000000089e+00,2.999999999999999889e-01,2.999999999999999889e-01,8.800000000000001155e-01,2.999999999999999889e-01,1.853386427776878520e+01,1.916464703602940034e+01
1.549918597579640256e+01,1.300928251695721537e-02,1.391181230545043945e+00,7.435960769653320312e-01,1.100000000000000089e+00,2.999999999999999889e-01,2.999999999999999889e-01,8.800000000000001155e-01,2.999999999999999889e-01,1.859068227665926187e+01,1.933131316610812789e+01
1.554918597579640327e+01,0.000000000000000000e+00,1.350587368011474609e+00,7.030022144317626953e-01,1.100000000000000089e+00,2.999999999999999889e-01,2.999999999999999889e-01,8.800000000000001155e-01,2.999999999999999889e-01,1.864750045847744531e+01,1.949797983277479574e+01
1.559918597579640398e+01,0.000000000000000000e+00,1.310644149780273438e+00,6.630589962005615234e-01,1.100000000000000089e+00,2.999999999999999889e-01,2.999999999999999889e-01,8.800000000000001155e-01,2.999999999999999889e-01,1.870431864029562874e+01,1.966464649944146359e+01
1.564918597579640469e+01,0.000000000000000000e+00,1.271412849426269531e+00,6.238276958465576172e-01,1.100000000000000089e+00,2.999999999999999889e-01,2.999999999999999889e-01,8.800000000000001155e-01,2.999999999999999889e-01,1.876113682211381217e+01,1.983131316610813144e+01
1.569918597579640185e+01,0.000000000000000000e+00,1.232961416244506836e+00,5.853762626647949219e-01,1.100000000000000089e+00,2.999999999999999889e-01,2.999999999999999889e-01,8.800000000000001155e-01,2.999999999999999889e-01,1.881795500393199205e+01,1.999797983277478863e+01
1.574918597579640256e+01,0.000000000000000000e+00,1.195365190505981445e+00,5.477800369262695312e-01,1.100000000000000089e+00,2.999999999999999889e-01,2.999999999999999889e-01,8.800000000000001155e-01,2.999999999999999889e-01,1.887477318575017549e+01,2.016464649944145648e+01
1.579918597579640327e+01,0.000000000000000000e+00,1.158707499504089355e+00,5.111223459243774414e-01,1.100000000000000089e+00,2.999999999999999889e-01,2.999999999999999889e-01,8.800000000000001155e-01,2.999999999999999889e-01,1.893159136756835892e+01,2.033131316610812434e+01
1.584918597579640398e+01,0.000000000000000000e+00,1.123080134391784668e+00,4.754949808120727539e-01,1.100000000000000089e+00,2.999999999999999889e-01,2.999999999999999889e-01,8.800000000000001155e-01,2.999999999999999889e-01,1.898840954938654235e+01,2.049797983277479219e+01
1.589918597579640469e+01,0.000000000000000000e+00,1.088584303855895996e+00,4.409991502761840820e-01,1.100000000000000089e+00,2.999999999999999889e-01,2.999999999999999889e-01,8.800000000000001155e-01,2.999999999999999889e-01,1.904522773120472579e+01,2.066464649944146004e+01
1.594918597579640185e+01,0.000000000000000000e+00,1.055330872535705566e+00,4.077457189559936523e-01,1.100000000000000089e+00,2.999999999999999889e-01,2.999999999999999889e-01,8.800000000000001155e-01,2.999999999999999889e-01,1.910204591302290567e+01,2.083131316610811723e+01
1.599918597579640256e+01,0.000000000000000000e+00,1.023441076278686523e+00,3.758559226989746094e-01,1.100000000000000089e+00,2.999999999999999889e-01,2.999999999999999889e-01,8.800000000000001155e-01,2.999999999999999889e-01,1.915886409484108910e+01,2.099797983277478508e+01
1.604918597579640505e+01,0.000000000000000000e+00,9.930462241172790527e-01,3.454610705375671387e-01,1.100000000000000089e+00,2.999999999999999889e-01,2.999999999999999889e-01,8.800000000000001155e-01,2.999999999999999889e-01,1.921568227665927253e+01,2.116464649944145293e+01
1.609918597579640576e+01,0.000000000000000000e+00,9.642875790596008301e-01,3.167024254798889160e-01,1.100000000000000089e+00,2.999999999999999889e-01,2.999999999999999889e-01,8.800000000000001155e-01,2.999999999999999889e-01,1.927250045847745596e+01,2.133131316610812078e+01
1.614918597579640647e+01,0.000000000000000000e+00,9.373155832290649414e-01,2.897304296493530273e-01,1.100000000000000089e+00,2.999999999999999889e-01,2.999999999999999889e-01,8.800000000000001155e-01,2.999999999999999889e-01,1.932931864029563940e+01,2.149797983277478863e+01
1.619918597579640362e+01,0.000000000000000000e+00,9.122886657714843750e-01,2.647035121917724609e-01,1.100000000000000089e+00,2.999999999999999889e-01,2.999999999999999889e-01,8.800000000000001155e-01,2.999999999999999889e-01,1.938613682211381928e+01,2.166464649944144583e+01
1.624918597579640434e+01,0.000000000000000000e+00,8.893708586692810059e-01,2.417857050895690918e-01,1.100000000000000089e+00,2.999999999999999889e-01,2.999999999999999889e-01,8.800000000000001155e-01,2.999999999999999889e-01,1.944295500393200271e+01,2.183131316610811368e+01
1.629918597579640505e+01,0.000000000000000000e+00,8.676799535751342773e-01,2.200947999954223633e-01,1.100000000000000089e+00,2.999999999999999889e-01,2.999999999999999889e-01,8.800000000000001155e-01,2.999999999999999889e-01,1.949977318575018614e+01,2.199797983277478153e+01
1.634918597579640576e+01,0.000000000000000000e+00,8.446724414825439453e-01,1.970872879028320312e-01,1.100000000000000089e+00,2.999999999999999889e-01,2.999999999999999889e-01,8.800000000000001155e-01,2.999999999999999889e-01,1.955659136756836958e+01,2.216464649944144938e+01
1.639918597579640647e+01,0.000000000000000000e+00,8.229108452796936035e-01,1.753256916999816895e-01,1.100000000000000089e+00,2.999999999999999889e-01,2.999999999999999889e-01,8.800000000000001155e-01,2.999999999999999889e-01,1.961340954938655301e+01,2.233131316610811723e+01
1.644918597579640362e+01,0.000000000000000000e+00,8.036739826202392578e-01,1.560888290405273438e-01,1.100000000000000089e+00,2.999999999999999889e-01,2.999999999999999889e-01,8.800000000000001155e-01,2.999999999999999889e-01,1.967022773120473289e+01,2.249797983277477442e+01
1.649918597579640434e+01,0.000000000000000000e+00,7.871466875076293945e-01,1.395615339279174805e-01,1.100000000000000089e+00,2.999999999999999889e-01,2.999999999999999889e-01,8.800000000000001155e-01,2.999999999999999889e-01,1.972704591302291632e+01,2.266464649944144227e+01
1.654918597579640505e+01,0.000000000000000000e+00,7.727214694023132324e-01,1.251363158226013184e-01,1.100000000000000089e+00,2.999999999999999889e-01,2.999999999999999889e-01,8.800000000000001155e-01,2.999999999999999889e-01,1.978386409484109976e+01,2.283131316610811012e+01
1.659918597579640576e+01,0.000000000000000000e+00,7.560153603553771973e-01,1.084302067756652832e-01,1.100000000000000089e+00,2.999999999999999889e-01,2.999999999999999889e-01,8.800000000000001155e-01,2.999999999999999889e-01,1.984068227665928319e+01,2.299797983277477798e+01
1.664918597579640647e+01,0.000000000000000000e+00,7.329142093658447266e-01,8.532905578613281250e-02,1.100000000000000089e+00,2.999999999999999889e-01,2.999999999999999889e-01,8.800000000000001155e-01,2.999999999999999889e-01,1.989750045847746662e+01,2.316464649944144583e+01
1.669918597579640362e+01,0.000000000000000000e+00,7.112501859664916992e-01,6.366503238677978516e-02,1.100000000000000089e+00,2.999999999999999889e-01,2.999999999999999889e-01,8.800000000000001155e-01,2.999999999999999889e-01,1.995431864029564650e+01,2.333131316610810302e+01
1.674918597579640434e+01,0.000000000000000000e+00,6.925235390663146973e-01,4.493838548660278320e-02,1.100000000000000089e+00,2.999999999999999889e-01,2.999999999999999889e-01,8.800000000000001155e-01,2.999999999999999889e-01,2.001113682211382994e+01,2.349797983277477087e+01
1.679918597579640505e+01,0.000000000000000000e+00,6.769773960113525391e-01,2.939224243164062500e-02,1.100000000000000089e+00,2.999999999999999889e-01,2.999999999999999889e-01,8.800000000000001155e-01,2.999999999999999889e-01,2.006795500393201337e+01,2.366464649944143872e+01
1.684918597579640576e+01,0.000000000000000000e+00,6.648342609405517578e-01,1.724910736083984375e-02,1.100000000000000089e+00,2.999999999999999889e-01,2.999999999999999889e-01,8.800000000000001155e-01,2.999999999999999889e-01,2.012477318575019680e+01,2.383131316610810657e+01
1.689918597579640647e+01,0.000000000000000000e+00,6.562823057174682617e-01,8.697152137756347656e-03,1.100000000000000089e+00,2.999999999999999889e-01,2.999999999999999889e-01,8.800000000000001155e-01,2.999999999999999889e-01,2.018159136756838024e+01,2.399797983277477442e+01
1.694918597579640362e+01,6.006186293316775546e-03,6.514625549316406250e-01,3.877401351928710938e-03,1.100000000000000089e+00,2.999999999999999889e-01,2.999999999999999889e-01,8.800000000000001155e-01,2.999999999999999889e-01,2.023840954938656012e+01,2.416464649944143162e+01
1.699918591846785887e+01,5.164112725379103042e-01,6.504426598548889160e-01,2.857506275177001953e-03,1.100000000000000089e+00,2.999999999999999889e-01,2.999999999999999889e-01,8.800000000000001155e-01,2.999999999999999889e-01,2.029522766605866835e+01,2.433131297501294910e+01
1.704918075478139627e+01,9.894762146548216064e-01,6.519691348075866699e-01,4.383981227874755859e-03,1.005303791552103698e+00,2.999999999999999889e-01,2.999999999999999889e-01,8.800000000000001155e-01,2.999999999999999889e-01,2.035203998005132675e+01,2.449796242939141067e+01
1.709917506425236056e+01,1.013401646558085512e+00,6.548498272895812988e-01,7.264673709869384766e-03,9.933657848005237323e-01,2.999999999999999889e-01,2.999999999999999889e-01,8.800000000000001155e-01,2.999999999999999889e-01,2.040885169535923893e+01,2.466461012762795235e+01
1.714916886332506607e+01,1.030361331381423051e+00,6.590046286582946777e-01,1.141947507858276367e-02,9.851564933375442923e-01,2.999999999999999889e-01,2.999999999999999889e-01,8.800000000000001155e-01,2.999999999999999889e-01,2.046566283066913172e+01,2.483125612453696718e+01
1.719916227422381638e+01,1.039708425562023919e+00,6.643548011779785156e-01,1.676964759826660156e-02,9.807181624179550639e-01,2.999999999999999889e-01,2.999999999999999889e-01,8.800000000000001155e-01,2.999999999999999889e-01,2.052247352487225740e+01,2.499790082753280274e+01
1.724915550288185528e+01,1.041075666214867912e+00,6.708154082298278809e-01,2.323025465011596680e-02,9.800739641546200032e-01,2.999999999999999889e-01,2.999999999999999889e-01,8.800000000000001155e-01,2.999999999999999889e-01,2.057928401198366331e+01,2.516454492305959434e+01
1.729914879390074489e+01,1.034408836796966380e+00,6.782882809638977051e-01,3.070312738418579102e-02,9.832272104862260775e-01,2.999999999999999889e-01,2.999999999999999889e-01,8.800000000000001155e-01,2.999999999999999889e-01,2.063609456995967406e+01,2.533118922645589066e+01
1.734914237519865310e+01,1.019971785071592807e+00,6.868804693222045898e-01,3.929531574249267578e-02,9.901612378402224746e-01,2.999999999999999889e-01,2.999999999999999889e-01,8.800000000000001155e-01,2.999999999999999889e-01,2.069290545779820789e+01,2.549783449744892039e+01
1.739913640760579128e+01,9.983221630370078259e-01,6.964563727378845215e-01,4.887121915817260742e-02,1.000839975636038215e+00,2.999999999999999889e-01,2.999999999999999889e-01,8.800000000000001155e-01,2.999999999999999889e-01,2.074971685826086443e+01,2.566448127213938335e+01
1.744913095338474207e+01,7.816672185933591921e-01,7.070135474205017090e-01,5.942839384078979492e-02,1.100000000000000089e+00,2.999999999999999889e-01,2.999999999999999889e-01,8.800000000000001155e-01,2.999999999999999889e-01,2.080652884210058318e+01,2.583112975806922051e+01
1.749913008553097171e+01,7.623762399692494973e-02,7.193237543106079102e-01,7.173860073089599609e-02,1.100000000000000089e+00,2.999999999999999889e-01,2.999999999999999889e-01,8.800000000000001155e-01,2.999999999999999889e-01,2.086334603772129981e+01,2.599779353188998599e+01
1.754913008553097242e+01,1.915134717478523471e-12,7.342874407768249512e-01,8.670228719711303711e-02,1.100000000000000089e+00,2.999999999999999889e-01,2.999999999999999889e-01,8.800000000000001155e-01,2.999999999999999889e-01,2.092016421953947969e+01,2.616446019855665028e+01
1.759913008553096958e+01,6.522560269672910795e-13,7.492812871932983398e-01,1.016961336135864258e-01,1.100000000000000089e+00,2.999999999999999889e-01,2.999999999999999889e-01,8.800000000000001155e-01,2.999999999999999889e-01,2.097698240135765957e+01,2.633112686522331103e+01
1.764913008553097029e+01,6.106226635438769918e-13,7.644641995429992676e-01,1.168790459632873535e-01,1.100000000000000089e+00,2.999999999999999889e-01,2.999999999999999889e-01,8.800000000000001155e-01,2.999999999999999889e-01,2.103380058317584300e+01,2.649779353188998243e+01
1.769913008553096745e+01,6.106226635438769918e-13,7.799435853958129883e-01,1.323584318161010742e-01,1.100000000000000089e+00,2.999999999999999889e-01,2.999999999999999889e-01,8.800000000000001155e-01,2.999999999999999889e-01,2.109061876499401933e+01,2.666446019855663607e+01
1.774913008553096816e+01,0.000000000000000000e+00,7.978981137275695801e-01,1.503129601478576660e-01,1.100000000000000089e+00,2.999999999999999889e-01,2.999999999999999889e-01,8.800000000000001155e-01,2.999999999999999889e-01,2.114743694681220276e+01,2.683112686522330748e+01
1.779913008553096887e+01,0.000000000000000000e+00,8.185858130455017090e-01,1.710006594657897949e-01,1.100000000000000089e+00,2.999999999999999889e-01,2.999999999999999889e-01,8.800000000000001155e-01,2.999999999999999889e-01,2.120425512863038620e+01,2.699779353188997888e+01
1.784913008553096958e+01,0.000000000000000000e+00,8.417327404022216797e-01,1.941475868225097656e-01,1.100000000000000089e+00,2.999999999999999889e-01,2.999999999999999889e-01,8.800000000000001155e-01,2.999999999999999889e-01,2.126107331044856963e+01,2.716446019855665028e+01
1.789913008553097029e+01,6.106226635438769918e-13,8.669038414955139160e-01,2.193186879158020020e-01,1.100000000000000089e+00,2.999999999999999889e-01,2.999999999999999889e-01,8.800000000000001155e-01,2.999999999999999889e-01,2.131789149226675306e+01,2.733112686522332169e+01
1.794913008553096745e+01,6.106226635438769918e-13,8.896272182464599609e-01,2.420420646667480469e-01,1.100000000000000089e+00,2.999999999999999889e-01,2.999999999999999889e-01,8.800000000000001155e-01,2.999999999999999889e-01,2.137470967408492939e+01,2.749779353188997533e+01
1.799913008553096816e+01,0.000000000000000000e+00,9.078846573829650879e-01,2.602995038032531738e-01,1.100000000000000089e+00,2.999999999999999889e-01,2.999999999999999889e-01,8.800000000000001155e-01,2.999999999999999889e-01,2.143152785590311282e+01,2.766446019855664673e+01
1.804913008553096887e+01,0.000000000000000000e+00,9.276190996170043945e-01,2.800339460372924805e-01,1.100000000000000089e+00,2.999999999999999889e-01,2.999999999999999889e-01,8.800000000000001155e-01,2.999999999999999889e-01,2.148834603772129626e+01,2.783112686522331813e+01
1.809913008553096958e+01,6.522560269672910795e-13,9.492241144180297852e-01,3.016389608383178711e-01,1.100000000000000089e+00,2.999999999999999889e-01,2.999999999999999889e-01,8.800000000000001155e-01,2.999999999999999889e-01,2.154516421953947969e+01,2.799779353188998954e+01
1.814913008553096674e+01,1.915134717478523471e-12,9.733300805091857910e-01,3.257449269294738770e-01,1.100000000000000089e+00,2.999999999999999889e-01,2.999999999999999889e-01,8.800000000000001155e-01,2.999999999999999889e-01,2.160198240135765957e+01,2.816446019855665028e+01
1.819913008553096745e+01,1.915134717478523471e-12,9.989814162254333496e-01,3.513962626457214355e-01,1.100000000000000089e+00,2.999999999999999889e-01,2.999999999999999889e-01,8.800000000000001155e-01,2.999999999999999889e-01,2.165880058317583945e+01,2.833112686522331458e+01
1.824913008553096461e+01,6.522560269672910795e-13,1.026739001274108887e+00,3.791538476943969727e-01,1.100000000000000089e+00,2.999999999999999889e-01,2.999999999999999889e-01,8.800000000000001155e-01,2.999999999999999889e-01,2.171561876499401933e+01,2.849779353188997533e+01
1.829913008553096532e+01,0.000000000000000000e+00,1.055887341499328613e+00,4.083021879196166992e-01,1.100000000000000089e+00,2.999999999999999889e-01,2.999999999999999889e-01,8.800000000000001155e-01,2.999999999999999889e-01,2.177243694681220276e+01,2.866446019855664673e+01
1.834913008553096603e+01,1.262878690511080426e-12,1.086759924888610840e+00,4.391747713088989258e-01,1.100000000000000089e+00,2.999999999999999889e-01,2.999999999999999889e-01,8.800000000000001155e-01,2.999999999999999889e-01,2.182925512863038620e+01,2.883112686522331813e+01
1.839913008553096674e+01,1.915134717478523471e-12,1.118914008140563965e+00,4.713288545608520508e-01,1.100000000000000089e+00,2.999999999999999889e-01,2.999999999999999889e-01,8.800000000000001155e-01,2.999999999999999889e-01,2.188607331044856608e+01,2.899779353188998243e+01
1.844913008553096390e+01,6.522560269672910795e-13,1.152352809906005859e+00,5.047676563262939453e-01,1.100000000000000089e+00,2.999999999999999889e-01,2.999999999999999889e-01,8.800000000000001155e-01,2.999999999999999889e-01,2.194289149226674596e+01,2.916446019855664318e+01
1.849913008553096461e+01,1.262878690511080426e-12,1.187002301216125488e+00,5.394171476364135742e-01,1.100000000000000089e+00,2.999999999999999889e-01,2.999999999999999889e-01,8.800000000000001155e-01,2.999999999999999889e-01,2.199970967408492939e+01,2.933112686522331458e+01
1.854913008553096532e+01,1.262878690511080426e-12,1.222579479217529297e+00,5.749943256378173828e-01,1.100000000000000089e+00,2.999999999999999889e-01,2.999999999999999889e-01,8.800000000000001155e-01,2.999999999999999889e-01,2.205652785590310927e+01,2.949779353188997888e+01
1.859913008553096603e+01,0.000000000000000000e+00,1.259335398674011230e+00,6.117502450942993164e-01,1.100000000000000089e+00,2.999999999999999889e-01,2.999999999999999889e-01,8.800000000000001155e-01,2.999999999999999889e-01,2.211334603772129270e+01,2.966446019855665028e+01
1.864913008553096674e+01,6.106226635438769918e-13,1.296699643135070801e+00,6.491144895553588867e-01,1.100000000000000089e+00,2.999999999999999889e-01,2.999999999999999889e-01,8.583259668854015256e-01,2.999999999999999889e-01,2.217087264775011946e+01,2.983112686522332169e+01
1.869913008553096390e+01,6.106226635438769918e-13,1.335230350494384766e+00,6.876451969146728516e-01,1.100000000000000089e+00,2.999999999999999889e-01,2.999999999999999889e-01,7.979495381474736027e-01,2.999999999999999889e-01,2.223124907648804793e+01,2.999779353188997533e+01
1.874913008553096461e+01,8.465968650314283916e-01,1.374132871627807617e+00,7.265477180480957031e-01,1.086830135627937066e+00,2.999999999999999889e-01,2.999999999999999889e-01,7.326141313336536065e-01,2.999999999999999889e-01,2.229658448330186715e+01,3.016446019855664673e+01
1.879910620765502927e+01,2.289528136250842394e+00,1.415322780609130859e+00,7.677376270294189453e-01,6.608866931491645946e-01,2.999999999999999889e-01,2.999999999999999889e-01,6.608866931491645946e-01,2.999999999999999889e-01,2.236831192148635594e+01,3.033104727230352182e+01
1.884907716187669635e+01,2.374586260789438352e+00,1.459707140922546387e+00,8.121219873428344727e-01,6.489422117930903067e-01,2.999999999999999889e-01,2.999999999999999889e-01,6.489422117930903067e-01,2.999999999999999889e-01,2.244461342015250693e+01,3.049761711970908351e+01
1.889904723527505936e+01,2.343119845368947018e+00,1.506650686264038086e+00,8.590655326843261719e-01,6.532850937132694824e-01,2.999999999999999889e-01,2.999999999999999889e-01,6.532850937132694824e-01,2.999999999999999889e-01,2.252135896708900376e+01,3.066418403103695667e+01
1.894901901668762179e+01,1.619362059297732692e+00,1.555385828018188477e+00,9.078006744384765625e-01,7.858289425622778657e-01,2.999999999999999889e-01,2.999999999999999889e-01,7.257582080094430177e-01,2.999999999999999889e-01,2.259383208138517674e+01,3.083075663574549452e+01
1.899901760865888889e+01,7.388214539166046424e-02,1.604954957962036133e+00,9.573698043823242188e-01,1.100000000000000089e+00,2.999999999999999889e-01,2.999999999999999889e-01,7.916578556646899356e-01,2.999999999999999889e-01,2.265973172904042343e+01,3.099741860898305745e+01
1.904901760865888960e+01,0.000000000000000000e+00,1.654576897621154785e+00,1.006991744041442871e+00,1.100000000000000089e+00,8.800000000000001155e-01,8.800000000000001155e-01,8.000804455301636642e-01,4.358898943540689963e-01,2.272255612669733438e+01,3.113330850333712618e+01
1.909901760865889031e+01,9.985569168026768860e-01,1.641497969627380371e+00,9.939128160476684570e-01,1.000722323472393427e+00,2.999999999999999889e-01,2.999999999999999889e-01,7.349345000200655509e-01,2.999999999999999889e-01,2.278770207220743416e+01,3.126919839769119491e+01
1.914899195523382502e+01,2.271797765794318469e+00,1.597071170806884766e+00,9.494860172271728516e-01,6.634606440248524972e-01,2.999999999999999889e-01,2.999999999999999889e-01,6.634606440248524972e-01,2.999999999999999889e-01,2.285917592820264588e+01,3.143577955294098203e+01
1.919896286988604217e+01,2.336643320063152895e+00,1.550985336303710938e+00,9.034001827239990234e-01,6.541898295067509750e-01,2.999999999999999889e-01,2.999999999999999889e-01,6.541898295067509750e-01,2.999999999999999889e-01,2.293502444137971708e+01,3.160234926844837489e+01
1.924893374310439498e+01,2.301928067989415627e+00,1.507767200469970703e+00,8.601820468902587891e-01,6.591042708667659289e-01,2.999999999999999889e-01,2.999999999999999889e-01,6.591042708667659289e-01,2.999999999999999889e-01,2.301112449117684733e+01,3.176891884584287951e+01
1.929890674468036948e+01,1.458417986354197060e+00,1.468083143234252930e+00,8.204979896545410156e-01,8.280546381904785314e-01,2.999999999999999889e-01,2.999999999999999889e-01,7.310023550076694132e-01,2.999999999999999889e-01,2.308302257531775226e+01,3.193549551776279216e+01
1.934890619469746298e+01,3.663224173611806522e-02,1.431645154953002930e+00,7.840600013732910156e-01,1.100000000000000089e+00,2.999999999999999889e-01,2.999999999999999889e-01,7.964692982538290611e-01,2.999999999999999889e-01,2.314848951856391324e+01,3.210216035115310262e+01
1.939890619469746014e+01,6.245004513516099624e-13,1.395984411239624023e+00,7.483992576599121094e-01,1.100000000000000089e+00,2.999999999999999889e-01,2.999999999999999889e-01,8.569500236658753600e-01,2.999999999999999889e-01,2.320897024397595843e+01,3.226882701781976692e+01
1.944890619469746440e+01,2.081668171172230676e-14,1.361265063285827637e+00,7.136799097061157227e-01,1.100000000000000089e+00,2.999999999999999889e-01,2.999999999999999889e-01,8.800000000000001155e-01,2.999999999999999889e-01,2.326654242431362718e+01,3.243549368448644543e+01
1.949890619469746156e+01,6.245004513517287080e-13,1.327548027038574219e+00,6.799628734588623047e-01,1.100000000000000089e+00,2.999999999999999889e-01,2.999999999999999889e-01,8.800000000000001155e-01,2.999999999999999889e-01,2.332336060613180351e+01,3.260216035115309552e+01
1.954890619469746227e+01,6.418476861113459235e-13,1.294763445854187012e+00,6.471782922744750977e-01,1.100000000000000089e+00,2.999999999999999889e-01,2.999999999999999889e-01,8.800000000000001155e-01,2.999999999999999889e-01,2.338017878794998694e+01,3.276882701781975982e+01
1.959890619469746653e+01,6.210310043996565501e-13,1.263288378715515137e+00,6.157032251358032227e-01,1.100000000000000089e+00,2.999999999999999889e-01,2.999999999999999889e-01,8.800000000000001155e-01,2.999999999999999889e-01,2.343699696976817393e+01,3.293549368448643833e+01
1.964890619469746369e+01,1.266348137463107145e-12,1.232775211334228516e+00,5.851900577545166016e-01,1.100000000000000089e+00,2.999999999999999889e-01,2.999999999999999889e-01,8.800000000000001155e-01,2.999999999999999889e-01,2.349381515158635381e+01,3.310216035115310262e+01
1.969890619469746440e+01,6.210310043997745890e-13,1.203930616378784180e+00,5.563454627990722656e-01,1.100000000000000089e+00,2.999999999999999889e-01,2.999999999999999889e-01,8.800000000000001155e-01,2.999999999999999889e-01,2.355063333340453724e+01,3.326882701781976692e+01
1.974890619469746156e+01,2.081668171172230676e-14,1.176167249679565430e+00,5.285820960998535156e-01,1.100000000000000089e+00,2.999999999999999889e-01,2.999999999999999889e-01,8.800000000000001155e-01,2.999999999999999889e-01,2.360745151522271357e+01,3.343549368448641701e+01
1.979890619469746582e+01,6.453171330632991338e-13,1.150222659111022949e+00,5.026375055313110352e-01,1.100000000000000089e+00,2.999999999999999889e-01,2.999999999999999889e-01,8.800000000000001155e-01,2.999999999999999889e-01,2.366426969704090055e+01,3.360216035115309552e+01
1.984890619469746653e+01,0.000000000000000000e+00,1.125654101371765137e+00,4.780689477920532227e-01,1.100000000000000089e+00,2.999999999999999889e-01,2.999999999999999889e-01,8.800000000000001155e-01,2.999999999999999889e-01,2.372108787885908399e+01,3.376882701781975982e+01
1.989890619469746724e+01,1.908195823574364211e-12,1.102952122688293457e+00,4.553669691085815430e-01,1.100000000000000089e+00,2.999999999999999889e-01,2.999999999999999889e-01,8.800000000000001155e-01,2.999999999999999889e-01,2.377790606067726742e+01,3.393549368448642412e+01
1.994890619469746795e+01,2.553512956637936379e-12,1.081988692283630371e+00,4.344035387039184570e-01,1.100000000000000089e+00,2.999999999999999889e-01,2.999999999999999889e-01,8.800000000000001155e-01,2.999999999999999889e-01,2.383472424249545085e+01,3.410216035115309552e+01
1.999890619469746511e+01,1.908195823574726103e-12,1.062958359718322754e+00,4.153732061386108398e-01,1.100000000000000089e+00,2.999999999999999889e-01,2.999999999999999889e-01,8.800000000000001155e-01,2.999999999999999889e-01,2.389154242431363073e+01,3.426882701781975271e+01
2.004890619469746227e+01,1.266348137463107145e-12,1.046001911163330078e+00,3.984167575836181641e-01,1.100000000000000089e+00,2.999999999999999889e-01,2.999999999999999889e-01,8.800000000000001155e-01,2.999999999999999889e-01,2.394836060613181061e+01,3.443549368448641701e+01
2.009890619469746298e+01,6.418476861113459235e-13,1.031086802482604980e+00,3.835016489028930664e-01,1.100000000000000089e+00,2.999999999999999889e-01,2.999999999999999889e-01,8.800000000000001155e-01,2.999999999999999889e-01,2.400517878794999405e+01,3.460216035115308131e+01
2.014890619469746724e+01,6.453171330632991338e-13,1.018662095069885254e+00,3.710769414901733398e-01,1.100000000000000089e+00,2.999999999999999889e-01,2.999999999999999889e-01,8.800000000000001155e-01,2.999999999999999889e-01,2.406199696976818103e+01,3.476882701781975982e+01
2.019890619469746795e+01,6.210310043997745890e-13,1.008377194404602051e+00,3.607920408248901367e-01,1.100000000000000089e+00,2.999999999999999889e-01,2.999999999999999889e-01,8.800000000000001155e-01,2.999999999999999889e-01,2.411881515158636446e+01,3.493549368448642412e+01
2.024890619469746511e+01,2.081668171172230676e-14,1.000681281089782715e+00,3.530961275100708008e-01,1.100000000000000089e+00,2.999999999999999889e-01,2.999999999999999889e-01,8.800000000000001155e-01,2.999999999999999889e-01,2.417563333340454079e+01,3.510216035115307420e+01
2.029890619469746937e+01,6.210310043996565501e-13,9.952574968338012695e-01,3.476723432540893555e-01,1.100000000000000089e+00,2.999999999999999889e-01,2.999999999999999889e-01,8.800000000000001155e-01,2.999999999999999889e-01,2.423245151522272778e+01,3.526882701781975271e+01
2.034890619469746653e+01,1.266348137463107145e-12,9.924304485321044922e-01,3.448452949523925781e-01,1.100000000000000089e+00,2.999999999999999889e-01,2.999999999999999889e-01,8.800000000000001155e-01,2.999999999999999889e-01,2.428926969704090766e+01,3.543549368448641701e+01
2.039890619469746724e+01,0.000000000000000000e+00,9.920116066932678223e-01,3.444264531135559082e-01,1.100000000000000089e+00,2.999999999999999889e-01,2.999999999999999889e-01,8.800000000000001155e-01,2.999999999999999889e-01,2.434608787885909109e+01,3.560216035115308131e+01
2.044890619469746795e+01,1.266348137463107145e-12,9.941223263740539551e-01,3.465371727943420410e-01,1.100000000000000089e+00,2.999999999999999889e-01,2.999999999999999889e-01,8.800000000000001155e-01,2.999999999999999889e-01,2.440290606067727452e+01,3.576882701781974561e+01
2.049890619469746511e+01,1.266348137463107145e-12,9.986870884895324707e-01,3.511019349098205566e-01,1.100000000000000089e+00,2.999999999999999889e-01,2.999999999999999889e-01,8.800000000000001155e-01,2.999999999999999889e-01,2.445972424249545440e+01,3.593549368448640990e+01
2.054890619469746582e+01,1.266348137463107145e-12,1.005684494972229004e+00,3.580993413925170898e-01,1.100000000000000089e+00,2.999999999999999889e-01,2.999999999999999889e-01,8.800000000000001155e-01,2.999999999999999889e-01,2.451654242431363784e+01,3.610216035115307420e+01
2.059890619469746298e+01,6.245004513516099624e-13,1.015319824218750000e+00,3.677346706390380859e-01,1.100000000000000089e+00,2.999999999999999889e-01,2.999999999999999889e-01,8.800000000000001155e-01,2.999999999999999889e-01,2.457336060613181772e+01,3.626882701781973850e+01
2.064890619469746724e+01,6.453171330632991338e-13,1.027274012565612793e+00,3.796888589859008789e-01,1.100000000000000089e+00,2.999999999999999889e-01,2.999999999999999889e-01,8.800000000000001155e-01,2.999999999999999889e-01,2.463017878795000470e+01,3.643549368448641701e+01
2.069890619469746795e+01,6.210310043997745890e-13,1.041485428810119629e+00,3.939002752304077148e-01,1.100000000000000089e+00,2.999999999999999889e-01,2.999999999999999889e-01,8.800000000000001155e-01,2.999999999999999889e-01,2.468699696976818814e+01,3.660216035115308131e+01
2.074890619469746511e+01,6.245004513517287080e-13,1.057834029197692871e+00,4.102488756179809570e-01,1.100000000000000089e+00,2.999999999999999889e-01,2.999999999999999889e-01,8.800000000000001155e-01,2.999999999999999889e-01,2.474381515158636446e+01,3.676882701781973140e+01
2.079890619469746582e+01,6.418476861113459235e-13,1.076239943504333496e+00,4.286547899246215820e-01,1.100000000000000089e+00,2.999999999999999889e-01,2.999999999999999889e-01,8.800000000000001155e-01,2.999999999999999889e-01,2.480063333340454790e+01,3.693549368448639569e+01
2.084890619469747008e+01,6.210310043996565501e-13,1.093829989433288574e+00,4.462448358535766602e-01,1.100000000000000089e+00,2.999999999999999889e-01,2.999999999999999889e-01,8.800000000000001155e-01,2.999999999999999889e-01,2.485745151522273488e+01,3.710216035115307420e+01
2.089890619469746724e+01,1.266348137463107145e-12,1.106792449951171875e+00,4.592072963714599609e-01,1.100000000000000089e+00,2.999999999999999889e-01,2.999999999999999889e-01,8.800000000000001155e-01,2.999999999999999889e-01,2.491426969704091476e+01,3.726882701781973850e+01
2.094890619469746795e+01,1.266348137463107145e-12,1.118064999580383301e+00,4.704798460006713867e-01,1.100000000000000089e+00,2.999999999999999889e-01,2.999999999999999889e-01,8.800000000000001155e-01,2.999999999999999889e-01,2.497108787885909820e+01,3.743549368448640280e+01
2.099890619469746511e+01,1.266348137463107145e-12,1.131416320800781250e+00,4.838311672210693359e-01,1.100000000000000089e+00,2.999999999999999889e-01,2.999999999999999889e-01,8.800000000000001155e-01,2.999999999999999889e-01,2.502790606067727808e+01,3.760216035115306710e+01
2.104890619469746582e+01,0.000000000000000000e+00,1.146938204765319824e+00,4.993530511856079102e-01,1.100000000000000089e+00,2.999999999999999889e-01,2.999999999999999889e-01,8.800000000000001155e-01,2.999999999999999889e-01,2.508472424249546151e+01,3.776882701781973140e+01
2.109890619469746653e+01,0.000000000000000000e+00,1.164436221122741699e+00,5.168510675430297852e-01,1.100000000000000089e+00,2.999999999999999889e-01,2.999999999999999889e-01,8.800000000000001155e-01,2.999999999999999889e-01,2.514154242431364494e+01,3.793549368448639569e+01
2.114890619469746724e+01,1.908195823574364211e-12,1.183767080307006836e+00,5.361819267272949219e-01,1.100000000000000089e+00,2.999999999999999889e-01,2.999999999999999889e-01,8.800000000000001155e-01,2.999999999999999889e-01,2.519836060613182838e+01,3.810216035115305999e+01
2.119890619469746795e+01,2.553512956637936379e-12,1.202561974525451660e+00,5.549768209457397461e-01,1.100000000000000089e+00,2.999999999999999889e-01,2.999999999999999889e-01,8.800000000000001155e-01,2.999999999999999889e-01,2.525517878795001181e+01,3.826882701781973140e+01
2.124890619469746511e+01,1.908195823574726103e-12,1.205682277679443359e+00,5.580971240997314453e-01,1.100000000000000089e+00,2.999999999999999889e-01,2.999999999999999889e-01,8.800000000000001155e-01,2.999999999999999889e-01,2.531199696976819169e+01,3.843549368448638859e+01
2.129890619469746227e+01,6.245004513516099624e-13,1.196996927261352539e+00,5.494117736816406250e-01,1.100000000000000089e+00,2.999999999999999889e-01,2.999999999999999889e-01,8.800000000000001155e-01,2.999999999999999889e-01,2.536881515158637157e+01,3.860216035115305289e+01
2.134890619469746653e+01,6.453171330632991338e-13,1.163696646690368652e+00,5.161114931106567383e-01,1.100000000000000089e+00,2.999999999999999889e-01,2.999999999999999889e-01,8.800000000000001155e-01,2.999999999999999889e-01,2.542563333340455856e+01,3.876882701781973140e+01
2.139890619469746724e+01,1.266348137463107145e-12,1.131318688392639160e+00,4.837335348129272461e-01,1.100000000000000089e+00,2.999999999999999889e-01,2.999999999999999889e-01,8.800000000000001155e-01,2.999999999999999889e-01,2.548245151522274199e+01,3.893549368448639569e+01
2.144890619469746440e+01,1.266348137463107145e-12,1.100249052047729492e+00,4.526638984680175781e-01,1.100000000000000089e+00,2.999999999999999889e-01,2.999999999999999889e-01,8.800000000000001155e-01,2.999999999999999889e-01,2.553926969704092187e+01,3.910216035115305999e+01
2.149890619469746511e+01,1.266348137463107145e-12,1.070707201957702637e+00,4.231220483779907227e-01,1.100000000000000089e+00,2.999999999999999889e-01,2.999999999999999889e-01,8.800000000000001155e-01,2.999999999999999889e-01,2.559608787885910530e+01,3.926882701781972429e+01
2.154890619469746227e+01,1.266348137463107145e-12,1.042824149131774902e+00,3.952389955520629883e-01,1.100000000000000089e+00,2.999999999999999889e-01,2.999999999999999889e-01,8.800000000000001155e-01,2.999999999999999889e-01,2.565290606067728518e+01,3.943549368448638859e+01
2.159890619469746298e+01,0.000000000000000000e+00,1.016609072685241699e+00,3.690239191055297852e-01,1.100000000000000089e+00,2.999999999999999889e-01,2.999999999999999889e-01,8.800000000000001155e-01,2.999999999999999889e-01,2.570972424249546862e+01,3.960216035115305289e+01
2.164890619469746369e+01,6.418476861113459235e-13,9.921938180923461914e-01,3.446086645126342773e-01,1.100000000000000089e+00,2.999999999999999889e-01,2.999999999999999889e-01,8.800000000000001155e-01,2.999999999999999889e-01,2.576654242431365205e+01,3.976882701781971718e+01
2.169890619469746795e+01,2.081668171172230676e-14,9.679166674613952637e-01,3.203315138816833496e-01,1.100000000000000089e+00,2.999999999999999889e-01,2.999999999999999889e-01,8.800000000000001155e-01,2.999999999999999889e-01,2.582336060613183903e+01,3.993549368448639569e+01
2.174890619469746511e+01,6.245004513517287080e-13,9.393656253814697266e-01,2.917804718017578125e-01,1.100000000000000089e+00,2.999999999999999889e-01,2.999999999999999889e-01,8.800000000000001155e-01,2.999999999999999889e-01,2.588017878795001536e+01,4.010216035115304578e+01
2.179890619469746582e+01,1.266348137463107145e-12,9.052111506462097168e-01,2.576259970664978027e-01,1.100000000000000089e+00,2.999999999999999889e-01,2.999999999999999889e-01,8.800000000000001155e-01,2.999999999999999889e-01,2.593699696976819880e+01,4.026882701781971008e+01
2.184890619469746298e+01,6.245004513516099624e-13,8.724483251571655273e-01,2.248631715774536133e-01,1.100000000000000089e+00,2.999999999999999889e-01,2.999999999999999889e-01,8.800000000000001155e-01,2.999999999999999889e-01,2.599381515158637868e+01,4.043549368448637438e+01
2.189890619469746724e+01,6.453171330632991338e-13,8.413778543472290039e-01,1.937927007675170898e-01,1.100000000000000089e+00,2.999999999999999889e-01,2.999999999999999889e-01,8.800000000000001155e-01,2.999999999999999889e-01,2.605063333340456566e+01,4.060216035115305289e+01
2.194890619469746795e+01,6.210310043997745890e-13,8.122439980506896973e-01,1.646588444709777832e-01,1.100000000000000089e+00,2.999999999999999889e-01,2.999999999999999889e-01,8.800000000000001155e-01,2.999999999999999889e-01,2.610745151522274909e+01,4.076882701781971718e+01
2.199890619469746511e+01,2.081668171172230676e-14,7.854213714599609375e-01,1.378362178802490234e-01,1.100000000000000089e+00,2.999999999999999889e-01,2.999999999999999889e-01,8.800000000000001155e-01,2.999999999999999889e-01,2.616426969704092542e+01,4.093549368448636727e+01
2.204890619469746937e+01,6.453171330632991338e-13,7.609040141105651855e-01,1.133188605308532715e-01,1.100000000000000089e+00,2.999999999999999889e-01,2.999999999999999889e-01,8.800000000000001155e-01,2.999999999999999889e-01,2.622108787885911241e+01,4.110216035115304578e+01
2.209890619469747008e+01,1.266348137463107145e-12,7.389219999313354492e-01,9.133684635162353516e-02,1.100000000000000089e+00,2.999999999999999889e-01,2.999999999999999889e-01,8.800000000000001155e-01,2.999999999999999889e-01,2.627790606067729584e+01,4.126882701781971008e+01
2.214890619469746724e+01,6.245004513516099624e-13,7.197052836418151855e-01,7.212013006210327148e-02,1.100000000000000089e+00,2.999999999999999889e-01,2.999999999999999889e-01,8.800000000000001155e-01,2.999999999999999889e-01,2.633472424249547572e+01,4.143549368448637438e+01
2.219890619469747151e+01,2.081668171172230676e-14,7.034766077995300293e-01,5.589145421981811523e-02,1.100000000000000089e+00,2.999999999999999889e-01,2.999999999999999889e-01,8.800000000000001155e-01,2.999999999999999889e-01,2.639154242431366271e+01,4.160216035115305289e+01
2.224890619469746866e+01,6.335821263450414076e-02,6.904649138450622559e-01,4.287976026535034180e-02,1.100000000000000089e+00,2.999999999999999889e-01,2.999999999999999889e-01,8.800000000000001155e-01,2.999999999999999889e-01,2.644836060613183903e+01,4.176882701781970297e+01
2.229890586360566118e+01,3.558281715129714695e-01,6.806551218032836914e-01,3.306996822357177734e-02,1.100000000000000089e+00,2.999999999999999889e-01,2.999999999999999889e-01,8.800000000000001155e-01,2.999999999999999889e-01,2.650517841170933053e+01,4.193549258084701137e+01
2.234890491652182476e+01,4.029956432340771610e-01,6.735625863075256348e-01,2.597743272781372070e-02,1.100000000000000089e+00,2.999999999999999889e-01,2.999999999999999889e-01,8.800000000000001155e-01,2.999999999999999889e-01,2.656199551729588038e+01,4.210215609056756136e+01
2.239890386158810998e+01,4.053785487892947459e-01,6.691008210182189941e-01,2.151566743850708008e-02,1.100000000000000089e+00,2.999999999999999889e-01,2.999999999999999889e-01,8.800000000000001155e-01,2.999999999999999889e-01,2.661881250032575252e+01,4.226881924078851682e+01
2.244890271650352531e+01,4.072995335977564468e-01,6.677283644676208496e-01,2.014321088790893555e-02,1.100000000000000089e+00,2.999999999999999889e-01,2.999999999999999889e-01,8.800000000000001155e-01,2.999999999999999889e-01,2.667562938091145242e+01,4.243548209050656794e+01
2.249890150401064659e+01,4.087469082434287970e-01,6.688003540039062500e-01,2.121520042419433594e-02,1.100000000000000089e+00,2.999999999999999889e-01,2.999999999999999889e-01,8.800000000000001155e-01,2.999999999999999889e-01,2.673244618489681557e+01,4.260214471553030080e+01
2.254890025091214056e+01,4.097117737908563262e-01,6.727432608604431152e-01,2.515810728073120117e-02,1.100000000000000089e+00,2.999999999999999889e-01,2.999999999999999889e-01,8.800000000000001155e-01,2.999999999999999889e-01,2.678926294273942332e+01,4.276880720520194501e+01
2.259889898689923271e+01,4.101881501138890385e-01,6.790732145309448242e-01,3.148806095123291016e-02,1.100000000000000089e+00,2.999999999999999889e-01,2.999999999999999889e-01,8.800000000000001155e-01,2.999999999999999889e-01,2.684607968817930157e+01,4.293546965849225927e+01
2.264889774324259264e+01,4.101730630738336103e-01,6.880775690078735352e-01,4.049241542816162109e-02,1.100000000000000089e+00,2.999999999999999889e-01,2.999999999999999889e-01,8.800000000000001155e-01,2.999999999999999889e-01,2.690289645675130359e+01,4.310213217963679710e+01
2.269889655140138629e+01,4.096665881860382941e-01,6.995558738708496094e-01,5.197072029113769531e-02,1.100000000000000089e+00,2.999999999999999889e-01,2.999999999999999889e-01,8.800000000000001155e-01,2.999999999999999889e-01,2.695971328420447932e+01,4.326879487349944498e+01
2.274889544160995669e+01,4.086718495853824407e-01,7.133360505104064941e-01,6.575089693069458008e-02,1.100000000000000089e+00,2.999999999999999889e-01,2.999999999999999889e-01,8.800000000000001155e-01,2.999999999999999889e-01,2.701653020489603563e+01,4.343545784086134631e+01
2.279889444150252586e+01,4.071949744745121946e-01,7.296540737152099609e-01,8.206892013549804688e-02,1.100000000000000089e+00,2.999999999999999889e-01,2.999999999999999889e-01,8.800000000000001155e-01,2.999999999999999889e-01,2.707334725022849753e+01,4.360212117383657215e+01
2.284889357483485384e+01,4.068629218586460872e-01,7.476592659950256348e-01,1.000741124153137207e-01,1.100000000000000089e+00,2.999999999999999889e-01,2.999999999999999889e-01,8.800000000000001155e-01,2.999999999999999889e-01,2.713016444719705333e+01,4.376878495161100346e+01
2.289889281972567403e+01,4.072892576643710738e-01,7.675454616546630859e-01,1.199603080749511719e-01,1.100000000000000089e+00,2.999999999999999889e-01,2.999999999999999889e-01,8.800000000000001155e-01,2.999999999999999889e-01,2.718698177093662238e+01,4.393544910124707314e+01
2.294889205120765041e+01,3.326053762995350160e-01,7.852104306221008301e-01,1.376252770423889160e-01,1.100000000000000089e+00,2.999999999999999889e-01,2.999999999999999889e-01,8.800000000000001155e-01,2.999999999999999889e-01,2.724379907943886892e+01,4.410211320618699204e+01
2.299889190641917480e+01,4.315270373534843551e-02,8.024914264678955078e-01,1.549062728881835938e-01,1.100000000000000089e+00,2.999999999999999889e-01,2.999999999999999889e-01,8.800000000000001155e-01,2.999999999999999889e-01,2.730061709672469306e+01,4.426877939022541142e+01
2.304889190641917551e+01,2.980254931728218404e-12,8.221783638000488281e-01,1.745932102203369141e-01,1.100000000000000089e+00,2.999999999999999889e-01,2.999999999999999889e-01,8.800000000000001155e-01,2.999999999999999889e-01,2.735743527854287649e+01,4.443544605689208282e+01
2.309889190641917267e+01,1.949829186997831008e-12,8.446358442306518555e-01,1.970506906509399414e-01,1.100000000000000089e+00,2.999999999999999889e-01,2.999999999999999889e-01,8.800000000000001155e-01,2.999999999999999889e-01,2.741425346036105637e+01,4.460211272355874712e+01
2.314889190641917693e+01,1.946359740045877394e-12,8.691971302032470703e-01,2.216119766235351562e-01,1.100000000000000089e+00,2.999999999999999889e-01,2.999999999999999889e-01,8.800000000000001155e-01,2.999999999999999889e-01,2.747107164217924336e+01,4.476877939022542563e+01
2.319889190641917409e+01,2.983724378680172018e-12,8.957312703132629395e-01,2.481461167335510254e-01,1.100000000000000089e+00,2.999999999999999889e-01,2.999999999999999889e-01,8.800000000000001155e-01,2.999999999999999889e-01,2.752788982399742324e+01,4.493544605689208993e+01
2.324889190641917480e+01,2.980254931728218404e-12,9.246137142181396484e-01,2.770285606384277344e-01,1.100000000000000089e+00,2.999999999999999889e-01,2.999999999999999889e-01,8.800000000000001155e-01,2.999999999999999889e-01,2.758470800581560667e+01,4.510211272355876133e+01
2.329889190641917196e+01,2.983724378680172018e-12,9.530174136161804199e-01,3.054322600364685059e-01,1.100000000000000089e+00,2.999999999999999889e-01,2.999999999999999889e-01,8.800000000000001155e-01,2.999999999999999889e-01,2.764152618763378655e+01,4.526877939022542563e+01
2.334889190641917267e+01,2.980254931728218404e-12,9.788134098052978516e-01,3.312282562255859375e-01,1.100000000000000089e+00,2.999999999999999889e-01,2.999999999999999889e-01,8.800000000000001155e-01,2.999999999999999889e-01,2.769834436945196998e+01,4.543544605689209703e+01
2.339889190641916983e+01,3.896188927043104172e-12,1.004181385040283203e+00,3.565962314605712891e-01,1.100000000000000089e+00,2.999999999999999889e-01,2.999999999999999889e-01,8.800000000000001155e-01,2.999999999999999889e-01,2.775516255127014986e+01,4.560211272355876133e+01
2.344889190641917764e+01,4.805184028455859049e-12,1.031124949455261230e+00,3.835397958755493164e-01,1.100000000000000089e+00,2.999999999999999889e-01,2.999999999999999889e-01,8.800000000000001155e-01,2.999999999999999889e-01,2.781198073308834040e+01,4.576877939022545405e+01
2.349889190641916770e+01,2.858824288410284578e-12,1.059531092643737793e+00,4.119459390640258789e-01,1.100000000000000089e+00,2.999999999999999889e-01,2.999999999999999889e-01,8.800000000000001155e-01,2.999999999999999889e-01,2.786879891490651318e+01,4.593544605689208993e+01
2.354889190641917196e+01,9.089951014118666074e-13,1.089848756790161133e+00,4.422636032104492188e-01,1.100000000000000089e+00,2.999999999999999889e-01,2.999999999999999889e-01,8.800000000000001155e-01,2.999999999999999889e-01,2.792561709672470016e+01,4.610211272355876844e+01
2.359889190641916912e+01,2.858824288409396813e-12,1.121476888656616211e+00,4.738917350769042969e-01,1.100000000000000089e+00,2.999999999999999889e-01,2.999999999999999889e-01,8.800000000000001155e-01,2.999999999999999889e-01,2.798243527854287649e+01,4.626877939022541852e+01
2.364889190641917693e+01,3.892719480091151365e-12,1.154191017150878906e+00,5.066058635711669922e-01,1.100000000000000089e+00,2.999999999999999889e-01,2.999999999999999889e-01,8.800000000000001155e-01,2.999999999999999889e-01,2.803925346036106703e+01,4.643544605689211124e+01
2.369889190641917409e+01,1.033895191682359994e-12,1.188335537910461426e+00,5.407503843307495117e-01,1.100000000000000089e+00,2.999999999999999889e-01,2.999999999999999889e-01,8.800000000000001155e-01,2.999999999999999889e-01,2.809607164217924691e+01,4.660211272355877554e+01
2.374889190641917125e+01,1.033895191682359994e-12,1.223589420318603516e+00,5.760042667388916016e-01,1.100000000000000089e+00,2.999999999999999889e-01,2.999999999999999889e-01,8.800000000000001155e-01,2.999999999999999889e-01,2.815288982399742324e+01,4.676877939022542563e+01
2.379889190641916841e+01,1.949829186997831008e-12,1.259482264518737793e+00,6.118971109390258789e-01,1.100000000000000089e+00,2.999999999999999889e-01,2.999999999999999889e-01,8.800000000000001155e-01,2.999999999999999889e-01,2.820970800581560312e+01,4.693544605689208993e+01
2.384889190641917267e+01,1.037364638633992308e-12,1.295908212661743164e+00,6.483230590820312500e-01,1.100000000000000089e+00,2.999999999999999889e-01,2.999999999999999889e-01,8.800000000000001155e-01,2.999999999999999889e-01,2.826652618763379010e+01,4.710211272355876844e+01
2.389889190641917338e+01,1.033895191682039098e-12,1.332834601402282715e+00,6.852494478225708008e-01,1.100000000000000089e+00,2.999999999999999889e-01,2.999999999999999889e-01,8.800000000000001155e-01,2.999999999999999889e-01,2.832334436945197353e+01,4.726877939022543984e+01
2.394889190641917764e+01,2.858824288410284578e-12,1.370271086692810059e+00,7.226859331130981445e-01,1.100000000000000089e+00,2.999999999999999889e-01,2.999999999999999889e-01,8.800000000000001155e-01,2.999999999999999889e-01,2.838016255127016052e+01,4.743544605689211835e+01
2.399889190641916770e+01,2.858824288410284578e-12,1.408483028411865234e+00,7.608978748321533203e-01,1.100000000000000089e+00,2.999999999999999889e-01,2.999999999999999889e-01,8.800000000000001155e-01,2.999999999999999889e-01,2.843698073308833330e+01,4.760211272355875423e+01
2.404889190641917196e+01,0.000000000000000000e+00,1.447618842124938965e+00,8.000336885452270508e-01,1.100000000000000089e+00,2.999999999999999889e-01,2.999999999999999889e-01,8.800000000000001155e-01,2.999999999999999889e-01,2.849379891490652028e+01,4.776877939022543273e+01
2.409889190641917622e+01,1.037364638633992308e-12,1.487240433692932129e+00,8.396552801132202148e-01,1.100000000000000089e+00,2.999999999999999889e-01,2.999999999999999889e-01,8.800000000000001155e-01,2.999999999999999889e-01,2.855061709672470727e+01,4.793544605689211124e+01
2.414889190641917693e+01,2.980254931728218404e-12,1.527377963066101074e+00,8.797928094863891602e-01,1.100000000000000089e+00,2.999999999999999889e-01,2.999999999999999889e-01,8.800000000000001155e-01,2.999999999999999889e-01,2.860743527854289070e+01,4.810211272355878265e+01
2.419889190641917409e+01,1.033895191682359994e-12,1.568352580070495605e+00,9.207674264907836914e-01,1.100000000000000089e+00,2.999999999999999889e-01,2.999999999999999889e-01,8.800000000000001155e-01,2.999999999999999889e-01,2.866425346036107058e+01,4.826877939022544695e+01
2.424889190641917125e+01,9.124645483638203226e-13,1.609691381454467773e+00,9.621062278747558594e-01,1.100000000000000089e+00,2.999999999999999889e-01,2.999999999999999889e-01,8.800000000000001155e-01,2.999999999999999889e-01,2.872107164217924691e+01,4.843544605689209703e+01
2.429889190641917551e+01,0.000000000000000000e+00,1.651363253593444824e+00,1.003778100013732910e+00,1.100000000000000089e+00,8.800000000000001155e-01,8.800000000000001155e-01,8.800000000000001155e-01,4.358898943540752691e-01,2.877788982399743389e+01,4.857133595124616932e+01
2.434889190641917978e+01,1.946359740045877394e-12,1.693771004676818848e+00,1.046185851097106934e+00,1.100000000000000089e+00,8.800000000000001155e-01,8.800000000000001155e-01,8.800000000000001155e-01,5.385164807134631415e-01,2.883470800581562088e+01,4.867396253760555425e+01
2.439889190641917693e+01,2.983724378680172018e-12,1.736461639404296875e+00,1.088876485824584961e+00,1.100000000000000089e+00,8.800000000000001155e-01,8.800000000000001155e-01,8.800000000000001155e-01,6.244997998398480465e-01,2.889152618763380076e+01,4.875994585673193882e+01
2.444889190641917764e+01,3.892719480092928511e-12,1.779409527778625488e+00,1.131824374198913574e+00,1.100000000000000089e+00,8.800000000000001155e-01,8.800000000000001155e-01,8.800000000000001155e-01,7.000000000000088374e-01,2.894834436945198419e+01,4.883544605689210272e+01
2.449889190641916770e+01,4.805184028455859049e-12,1.822904706001281738e+00,1.175319552421569824e+00,1.100000000000000089e+00,8.800000000000001155e-01,8.800000000000001155e-01,8.800000000000001155e-01,7.681145747868566298e-01,2.900516255127015697e+01,4.890356063167894973e+01
2.454889190641917551e+01,3.892719480091151365e-12,1.861189961433410645e+00,1.213604807853698730e+00,1.100000000000000089e+00,8.800000000000001155e-01,8.800000000000001155e-01,8.800000000000001155e-01,8.306623862918139922e-01,2.906198073308834751e+01,4.896610844318390576e+01
2.459889190641917267e+01,1.949829186997831008e-12,1.891076683998107910e+00,1.243491530418395996e+00,1.100000000000000089e+00,8.800000000000001155e-01,8.800000000000001155e-01,8.800000000000001155e-01,8.800000000000001155e-01,2.911879891490652739e+01,4.902456533146375506e+01
2.464889190641917693e+01,9.089951014118666074e-13,1.902460813522338867e+00,1.254875659942626953e+00,1.100000000000000089e+00,8.800000000000001155e-01,8.800000000000001155e-01,8.800000000000001155e-01,8.800000000000001155e-01,2.917561709672471437e+01,4.908138351328194204e+01
2.469889190641917409e+01,9.124645483638203226e-13,1.891379237174987793e+00,1.243794083595275879e+00,1.100000000000000089e+00,8.800000000000001155e-01,8.800000000000001155e-01,8.800000000000001155e-01,8.306623862918077750e-01,2.923243527854289070e+01,4.913984040156178423e+01
2.474889190641917835e+01,9.089951014118666074e-13,1.845718026161193848e+00,1.198132872581481934e+00,1.100000000000000089e+00,8.800000000000001155e-01,8.800000000000001155e-01,8.800000000000001155e-01,7.681145747868566298e-01,2.928925346036107769e+01,4.920238821306673316e+01
2.479889190641917551e+01,9.124645483638203226e-13,1.800354957580566406e+00,1.152769804000854492e+00,1.100000000000000089e+00,8.800000000000001155e-01,8.800000000000001155e-01,8.800000000000001155e-01,7.000000000000012879e-01,2.934607164217925401e+01,4.927050278785358728e+01
2.484889190641917978e+01,1.946359740045877394e-12,1.755341768264770508e+00,1.107756614685058594e+00,1.100000000000000089e+00,8.800000000000001155e-01,8.800000000000001155e-01,8.800000000000001155e-01,6.244997998398358341e-01,2.940288982399744100e+01,4.934600298801375118e+01
2.489889190641917693e+01,2.983724378680172018e-12,1.710464596748352051e+00,1.062879443168640137e+00,1.100000000000000089e+00,8.800000000000001155e-01,8.800000000000001155e-01,8.800000000000001155e-01,5.385164807134490417e-01,2.945970800581562088e+01,4.943198630714013575e+01
2.494889190641917764e+01,2.980254931728218404e-12,1.665850043296813965e+00,1.018264889717102051e+00,1.100000000000000089e+00,8.800000000000001155e-01,8.800000000000001155e-01,8.800000000000001155e-01,4.358898943540633897e-01,2.951652618763380431e+01,4.953461289349952068e+01
2.499889190641917480e+01,2.983724378680172018e-12,1.621759653091430664e+00,9.741744995117187500e-01,1.100000000000000089e+00,2.999999999999999889e-01,2.999999999999999889e-01,8.800000000000001155e-01,2.999999999999999889e-01,2.957334436945198419e+01,4.967050278785358586e+01
2.504889190641917551e+01,2.980254931728218404e-12,1.577867865562438965e+00,9.302827119827270508e-01,1.100000000000000089e+00,2.999999999999999889e-01,2.999999999999999889e-01,8.800000000000001155e-01,2.999999999999999889e-01,2.963016255127016763e+01,4.983716945452025726e+01
2.509889190641917267e+01,1.949829186997831008e-12,1.534228086471557617e+00,8.866429328918457031e-01,1.100000000000000089e+00,2.999999999999999889e-01,2.999999999999999889e-01,8.800000000000001155e-01,2.999999999999999889e-01,2.968698073308834751e+01,5.000383612118692156e+01
2.514889190641917693e+01,1.946359740045877394e-12,1.491296291351318359e+00,8.437111377716064453e-01,1.100000000000000089e+00,2.999999999999999889e-01,2.999999999999999889e-01,8.800000000000001155e-01,2.999999999999999889e-01,2.974379891490653449e+01,5.017050278785360007e+01
2.519889190641917409e+01,2.983724378680172018e-12,1.448660850524902344e+00,8.010756969451904297e-01,1.100000000000000089e+00,2.999999999999999889e-01,2.999999999999999889e-01,8.800000000000001155e-01,2.999999999999999889e-01,2.980061709672471437e+01,5.033716945452026437e+01
2.524889190641917480e+01,1.946359740046162141e-12,1.406332969665527344e+00,7.587478160858154297e-01,1.100000000000000089e+00,2.999999999999999889e-01,2.999999999999999889e-01,8.800000000000001155e-01,2.999999999999999889e-01,2.985743527854289781e+01,5.050383612118693577e+01
2.529889190641917196e+01,9.124645483638203226e-13,1.364851951599121094e+00,7.172667980194091797e-01,1.100000000000000089e+00,2.999999999999999889e-01,2.999999999999999889e-01,8.800000000000001155e-01,2.999999999999999889e-01,2.991425346036107413e+01,5.067050278785358586e+01
2.534889190641917622e+01,1.946359740045877394e-12,1.323840498924255371e+00,6.762553453445434570e-01,1.100000000000000089e+00,2.999999999999999889e-01,2.999999999999999889e-01,8.800000000000001155e-01,2.999999999999999889e-01,2.997107164217926112e+01,5.083716945452026437e+01
2.539889190641917338e+01,1.949829186997831008e-12,1.283273458480834961e+00,6.356883049011230469e-01,1.100000000000000089e+00,2.999999999999999889e-01,2.999999999999999889e-01,8.800000000000001155e-01,2.999999999999999889e-01,3.002788982399744100e+01,5.100383612118692866e+01
2.544889190641917764e+01,9.089951014118666074e-13,1.243651866912841797e+00,5.960667133331298828e-01,1.100000000000000089e+00,2.999999999999999889e-01,2.999999999999999889e-01,8.800000000000001155e-01,2.999999999999999889e-01,3.008470800581562798e+01,5.117050278785360717e+01
2.549889190641917480e+01,9.124645483638203226e-13,1.204773664474487305e+00,5.571885108947753906e-01,1.100000000000000089e+00,2.999999999999999889e-01,2.999999999999999889e-01,8.800000000000001155e-01,2.999999999999999889e-01,3.014152618763380431e+01,5.133716945452025726e+01
2.554889190641917907e+01,9.089951014118666074e-13,1.166532158851623535e+00,5.189470052719116211e-01,1.100000000000000089e+00,2.999999999999999889e-01,2.999999999999999889e-01,8.800000000000001155e-01,2.999999999999999889e-01,3.019834436945199130e+01,5.150383612118693577e+01
2.559889190641917622e+01,9.124645483638203226e-13,1.129377722740173340e+00,4.817925691604614258e-01,1.100000000000000089e+00,2.999999999999999889e-01,2.999999999999999889e-01,8.800000000000001155e-01,2.999999999999999889e-01,3.025516255127016763e+01,5.167050278785358586e+01
2.564889190641918049e+01,9.749145934988399752e-13,1.092757344245910645e+00,4.451721906661987305e-01,1.100000000000000089e+00,2.999999999999999889e-01,2.999999999999999889e-01,8.800000000000001155e-01,2.999999999999999889e-01,3.031198073308835461e+01,5.183716945452026437e+01
2.569889190641918120e+01,1.037364638634152857e-12,1.056331276893615723e+00,4.087461233139038086e-01,1.100000000000000089e+00,2.999999999999999889e-01,2.999999999999999889e-01,8.800000000000001155e-01,2.999999999999999889e-01,3.036879891490653804e+01,5.200383612118693577e+01
2.574889190641917835e+01,2.008809785181342140e-12,1.019905447959899902e+00,3.723202943801879883e-01,1.100000000000000089e+00,2.999999999999999889e-01,2.999999999999999889e-01,8.800000000000001155e-01,2.999999999999999889e-01,3.042561709672471792e+01,5.217050278785360007e+01
2.579889190641917551e+01,2.983724378680172018e-12,9.841967821121215820e-01,3.366116285324096680e-01,1.100000000000000089e+00,2.999999999999999889e-01,2.999999999999999889e-01,8.800000000000001155e-01,2.999999999999999889e-01,3.048243527854289781e+01,5.233716945452026437e+01
2.584889190641917622e+01,2.008809785181030332e-12,9.493570923805236816e-01,3.017719388008117676e-01,1.100000000000000089e+00,2.999999999999999889e-01,2.999999999999999889e-01,8.800000000000001155e-01,2.999999999999999889e-01,3.053925346036108124e+01,5.250383612118693577e+01
2.589889190641917693e+01,0.000000000000000000e+00,9.158354401588439941e-01,2.682502865791320801e-01,1.100000000000000089e+00,2.999999999999999889e-01,2.999999999999999889e-01,8.800000000000001155e-01,2.999999999999999889e-01,3.059607164217926467e+01,5.267050278785360717e+01
2.594889190641917764e+01,6.245004513517125269e-14,8.842931389808654785e-01,2.367079854011535645e-01,1.100000000000000089e+00,2.999999999999999889e-01,2.999999999999999889e-01,8.800000000000001155e-01,2.999999999999999889e-01,3.065288982399744810e+01,5.283716945452027858e+01
2.599889190641917480e+01,9.124645483638203226e-13,8.542206883430480957e-01,2.066355347633361816e-01,1.100000000000000089e+00,2.999999999999999889e-01,2.999999999999999889e-01,8.800000000000001155e-01,2.999999999999999889e-01,3.070970800581562443e+01,5.300383612118692866e+01
2.604889190641917907e+01,9.749145934988399752e-13,8.258212804794311523e-01,1.782361268997192383e-01,1.100000000000000089e+00,2.999999999999999889e-01,2.999999999999999889e-01,8.800000000000001155e-01,2.999999999999999889e-01,3.076652618763381142e+01,5.317050278785360717e+01
2.609889190641917978e+01,1.037364638634152857e-12,8.001789450645446777e-01,1.525937914848327637e-01,1.100000000000000089e+00,2.999999999999999889e-01,2.999999999999999889e-01,8.800000000000001155e-01,2.999999999999999889e-01,3.082334436945199485e+01,5.333716945452027858e+01
2.614889190641917693e+01,1.033895191682199243e-12,7.765951156616210938e-01,1.290099620819091797e-01,1.100000000000000089e+00,2.999999999999999889e-01,2.999999999999999889e-01,8.800000000000001155e-01,2.999999999999999889e-01,3.088016255127017473e+01,5.350383612118694288e+01
2.619889190641917764e+01,1.037364638634152857e-12,7.552814483642578125e-01,1.076962947845458984e-01,1.100000000000000089e+00,2.999999999999999889e-01,2.999999999999999889e-01,8.800000000000001155e-01,2.999999999999999889e-01,3.093698073308835816e+01,5.367050278785361428e+01
2.624889190641917480e+01,1.033895191682199243e-12,7.372500300407409668e-01,8.966487646102905273e-02,1.100000000000000089e+00,2.999999999999999889e-01,2.999999999999999889e-01,8.800000000000001155e-01,2.999999999999999889e-01,3.099379891490653804e+01,5.383716945452027858e+01
2.629889190641917551e+01,0.000000000000000000e+00,7.221319675445556641e-01,7.454681396484375000e-02,1.100000000000000089e+00,2.999999999999999889e-01,2.999999999999999889e-01,8.800000000000001155e-01,2.999999999999999889e-01,3.105061709672472148e+01,5.400383612118694998e+01
2.634889190641917622e+01,1.513940532428637020e-01,7.099261283874511719e-01,6.234097480773925781e-02,1.100000000000000089e+00,2.999999999999999889e-01,2.999999999999999889e-01,8.800000000000001155e-01,2.999999999999999889e-01,3.110743527854290491e+01,5.417050278785362138e+01
2.639889109341837425e+01,3.121739388798567272e-01,7.009016275405883789e-01,5.331647396087646484e-02,1.100000000000000089e+00,2.999999999999999889e-01,2.999999999999999889e-01,8.800000000000001155e-01,2.999999999999999889e-01,3.116425253649653726e+01,5.433716674451761008e+01
2.644888748952536872e+01,4.080334317428546131e-01,6.946904659271240234e-01,4.710531234741210938e-02,1.100000000000000089e+00,2.999999999999999889e-01,2.999999999999999889e-01,8.800000000000001155e-01,2.999999999999999889e-01,3.122106662298175905e+01,5.450382139820759164e+01
2.649888427034968430e+01,4.184967611478780936e-01,6.908646225929260254e-01,4.327946901321411133e-02,1.100000000000000089e+00,2.999999999999999889e-01,2.999999999999999889e-01,8.800000000000001155e-01,2.999999999999999889e-01,3.127788114664575403e+01,5.467047733428864831e+01
2.654888213814193421e+01,4.286200853310722092e-01,6.897410750389099121e-01,4.215592145919799805e-02,1.100000000000000089e+00,2.999999999999999889e-01,2.999999999999999889e-01,8.800000000000001155e-01,2.999999999999999889e-01,3.133469690550058218e+01,5.483713689359614563e+01
2.659888172963228214e+01,4.917150318985898938e-01,6.909642815589904785e-01,4.337912797927856445e-02,1.100000000000000089e+00,2.999999999999999889e-01,2.999999999999999889e-01,8.800000000000001155e-01,2.999999999999999889e-01,3.139151462310324803e+01,5.500380219856396735e+01
2.664888172963228641e+01,4.586946113141037173e-01,6.945037245750427246e-01,4.691857099533081055e-02,1.100000000000000089e+00,2.999999999999999889e-01,2.999999999999999889e-01,8.800000000000001155e-01,2.999999999999999889e-01,3.144833280492143501e+01,5.517046886523064586e+01
2.669888019908121990e+01,4.541086636909210106e-01,7.009002566337585449e-01,5.331510305404663086e-02,1.100000000000000089e+00,2.999999999999999889e-01,2.999999999999999889e-01,8.800000000000001155e-01,2.999999999999999889e-01,3.150514924747703915e+01,5.533713043006041943e+01
2.674887724623613039e+01,4.621984063414116828e-01,7.094438672065734863e-01,6.185871362686157227e-02,1.100000000000000089e+00,2.999999999999999889e-01,2.999999999999999889e-01,8.800000000000001155e-01,2.999999999999999889e-01,3.156196407378944002e+01,5.550378725391012580e+01
2.679887336698329392e+01,4.695976445994527460e-01,7.202431559562683105e-01,7.265800237655639648e-02,1.100000000000000089e+00,2.999999999999999889e-01,2.999999999999999889e-01,8.800000000000001155e-01,2.999999999999999889e-01,3.161877784736576302e+01,5.567044098973401134e+01
2.684886901702521556e+01,4.762363758154443683e-01,7.330533266067504883e-01,8.546817302703857422e-02,1.100000000000000089e+00,2.999999999999999889e-01,2.999999999999999889e-01,8.800000000000001155e-01,2.999999999999999889e-01,3.167559108604976359e+01,5.583709315654041916e+01
2.689886461542006302e+01,4.820495350206575602e-01,7.478269934654235840e-01,1.002418398857116699e-01,1.100000000000000089e+00,2.999999999999999889e-01,2.999999999999999889e-01,8.800000000000001155e-01,2.999999999999999889e-01,3.173240426604390763e+01,5.600374515118991070e+01
2.694886054878539383e+01,4.869784336017515813e-01,7.643765807151794434e-01,1.167914271354675293e-01,1.100000000000000089e+00,2.999999999999999889e-01,2.999999999999999889e-01,8.800000000000001155e-01,2.999999999999999889e-01,3.178921782668632900e+01,5.617039826240768008e+01
2.699885717605438984e+01,4.909721182290022190e-01,7.741506099700927734e-01,1.265654563903808594e-01,1.100000000000000089e+00,2.999999999999999889e-01,2.999999999999999889e-01,8.800000000000001155e-01,2.999999999999999889e-01,3.184603217585564394e+01,5.633705368663766677e+01
2.704885483366236443e+01,4.939885950869791209e-01,7.820382118225097656e-01,1.344530582427978516e-01,1.100000000000000089e+00,2.999999999999999889e-01,2.999999999999999889e-01,8.800000000000001155e-01,2.999999999999999889e-01,3.190284769586470404e+01,5.650371254533091303e+01
2.709885384103542449e+01,5.148238052054573410e-01,7.915173768997192383e-01,1.439322233200073242e-01,1.100000000000000089e+00,2.999999999999999889e-01,2.999999999999999889e-01,8.800000000000001155e-01,2.999999999999999889e-01,3.195966474969772619e+01,5.667037590324110852e+01
2.714885384103542521e+01,5.276568005040789267e-01,8.027078509330749512e-01,1.551226973533630371e-01,1.100000000000000089e+00,2.999999999999999889e-01,2.999999999999999889e-01,8.800000000000001155e-01,2.999999999999999889e-01,3.201648293151590963e+01,5.683704256990777992e+01
2.719885322012041939e+01,4.969964379131345256e-01,8.155400753021240234e-01,1.679549217224121094e-01,1.100000000000000089e+00,2.999999999999999889e-01,2.999999999999999889e-01,8.800000000000001155e-01,2.999999999999999889e-01,3.207330040774886015e+01,5.700370716685776529e+01
2.724885117810808666e+01,4.961451025059753217e-01,8.299961090087890625e-01,1.824109554290771484e-01,1.100000000000000089e+00,2.999999999999999889e-01,2.999999999999999889e-01,8.800000000000001155e-01,2.999999999999999889e-01,3.213011626909847962e+01,5.717036702681665616e+01
2.729884802637348429e+01,4.942621468960463060e-01,8.459915518760681152e-01,1.984063982963562012e-01,1.100000000000000089e+00,2.999999999999999889e-01,2.999999999999999889e-01,8.800000000000001155e-01,2.999999999999999889e-01,3.218693086940006509e+01,5.733702318770131967e+01
2.734884408178700355e+01,4.913676771500772311e-01,8.634405732154846191e-01,2.158554196357727051e-01,1.100000000000000089e+00,2.999999999999999889e-01,2.999999999999999889e-01,8.800000000000001155e-01,2.999999999999999889e-01,3.224374456873361083e+01,5.750367670574638623e+01
2.739883967224368178e+01,4.874926534755363305e-01,8.822581171989440918e-01,2.346729636192321777e-01,1.100000000000000089e+00,2.999999999999999889e-01,2.999999999999999889e-01,8.800000000000001155e-01,2.999999999999999889e-01,3.230055773970710931e+01,5.767032867393531603e+01
2.744883514210739506e+01,4.826781062384835064e-01,9.023539423942565918e-01,2.547687888145446777e-01,1.100000000000000089e+00,2.999999999999999889e-01,2.999999999999999889e-01,8.800000000000001155e-01,2.999999999999999889e-01,3.235737077364314729e+01,5.783698024014768890e+01
2.749883085745604205e+01,4.769741166976773639e-01,9.236377477645874023e-01,2.760525941848754883e-01,1.100000000000000089e+00,2.999999999999999889e-01,2.999999999999999889e-01,8.800000000000001155e-01,2.999999999999999889e-01,3.241418408653933625e+01,5.800363262464318126e+01
2.754882721101141385e+01,4.704386076652308235e-01,9.460582137107849121e-01,2.984730601310729980e-01,1.100000000000000089e+00,2.999999999999999889e-01,2.999999999999999889e-01,8.800000000000001155e-01,2.999999999999999889e-01,3.247099812467043733e+01,5.817028713649442295e+01
2.759882462663793135e+01,4.631359955743566958e-01,9.695277214050292969e-01,3.219425678253173828e-01,1.100000000000000089e+00,2.999999999999999889e-01,2.999999999999999889e-01,8.800000000000001155e-01,2.999999999999999889e-01,3.252781336970056714e+01,5.833694518858280986e+01
2.764882356330007696e+01,4.834161445960326042e-01,9.939664602279663086e-01,3.463813066482543945e-01,1.100000000000000089e+00,2.999999999999999889e-01,2.999999999999999889e-01,8.800000000000001155e-01,2.999999999999999889e-01,3.258463034318027951e+01,5.850360831078995716e+01
2.769882356330007767e+01,4.837974318938129126e-01,1.019246220588684082e+00,3.716610670089721680e-01,1.100000000000000089e+00,2.999999999999999889e-01,2.999999999999999889e-01,8.800000000000001155e-01,2.999999999999999889e-01,3.264144852499845939e+01,5.867027497745662146e+01
2.774882270817908392e+01,4.394688958130146816e-01,1.045289278030395508e+00,3.977041244506835938e-01,1.100000000000000089e+00,2.999999999999999889e-01,2.999999999999999889e-01,8.800000000000001155e-01,2.999999999999999889e-01,3.269826573508823486e+01,5.883693879371997326e+01
2.779882029674494603e+01,4.298338615458382472e-01,1.072117447853088379e+00,4.245322942733764648e-01,1.100000000000000089e+00,2.999999999999999889e-01,2.999999999999999889e-01,8.800000000000001155e-01,2.999999999999999889e-01,3.275508117664035268e+01,5.900359742227285409e+01
2.784881690581947211e+01,4.197751928007452671e-01,1.099682807922363281e+00,4.520976543426513672e-01,1.100000000000000089e+00,2.999999999999999889e-01,2.999999999999999889e-01,8.800000000000001155e-01,2.999999999999999889e-01,3.281189550513413167e+01,5.917025278585461479e+01
2.789881317369197333e+01,4.093686222479330228e-01,1.127942681312561035e+00,4.803575277328491211e-01,1.100000000000000089e+00,2.999999999999999889e-01,2.999999999999999889e-01,8.800000000000001155e-01,2.999999999999999889e-01,3.286870944589833954e+01,5.933690701209628315e+01
2.794880980048539243e+01,3.510592705608254760e-01,1.156858325004577637e+00,5.092731714248657227e-01,1.100000000000000089e+00,2.999999999999999889e-01,2.999999999999999889e-01,8.800000000000001155e-01,2.999999999999999889e-01,3.292552379452722278e+01,5.950356243474101348e+01
2.799880923189444104e+01,1.892428656068267934e-01,1.186489582061767578e+00,5.389044284820556641e-01,1.100000000000000089e+00,2.999999999999999889e-01,2.999999999999999889e-01,8.800000000000001155e-01,2.999999999999999889e-01,3.298234133021932735e+01,5.967022720610451358e+01
2.804880923189444175e+01,0.000000000000000000e+00,1.217089653015136719e+00,5.695044994354248047e-01,1.100000000000000089e+00,2.999999999999999889e-01,2.999999999999999889e-01,8.800000000000001155e-01,2.999999999999999889e-01,3.303915951203750723e+01,5.983689387277118499e+01
2.809880923189444246e+01,0.000000000000000000e+00,1.248942494392395020e+00,6.013573408126831055e-01,1.100000000000000089e+00,2.999999999999999889e-01,2.999999999999999889e-01,8.800000000000001155e-01,2.999999999999999889e-01,3.309597769385568711e+01,6.000356053943785639e+01
2.814880923189444317e+01,0.000000000000000000e+00,1.281954765319824219e+00,6.343696117401123047e-01,1.100000000000000089e+00,2.999999999999999889e-01,2.999999999999999889e-01,8.800000000000001155e-01,2.999999999999999889e-01,3.315279587567386699e+01,6.017022720610452780e+01
2.819880923189444388e+01,0.000000000000000000e+00,1.316039204597473145e+00,6.684540510177612305e-01,1.100000000000000089e+00,2.999999999999999889e-01,2.999999999999999889e-01,8.800000000000001155e-01,2.999999999999999889e-01,3.320961405749204687e+01,6.033689387277119920e+01
2.824880923189444104e+01,0.000000000000000000e+00,1.351114749908447266e+00,7.035295963287353516e-01,1.100000000000000089e+00,2.999999999999999889e-01,2.999999999999999889e-01,8.800000000000001155e-01,2.999999999999999889e-01,3.326643223931022675e+01,6.050356053943785639e+01
2.829880923189444175e+01,0.000000000000000000e+00,1.386730670928955078e+00,7.391455173492431641e-01,1.100000000000000089e+00,2.999999999999999889e-01,2.999999999999999889e-01,8.800000000000001155e-01,2.999999999999999889e-01,3.332325042112840663e+01,6.067022720610452780e+01
2.834880923189444246e+01,0.000000000000000000e+00,1.421820759773254395e+00,7.742356061935424805e-01,1.100000000000000089e+00,2.999999999999999889e-01,2.999999999999999889e-01,8.800000000000001155e-01,2.999999999999999889e-01,3.338006860294658651e+01,6.083689387277119920e+01
2.839880923189444317e+01,0.000000000000000000e+00,1.457423925399780273e+00,8.098387718200683594e-01,1.100000000000000089e+00,2.999999999999999889e-01,2.999999999999999889e-01,8.800000000000001155e-01,2.999999999999999889e-01,3.343688678476476639e+01,6.100356053943787060e+01
2.844880923189444388e+01,0.000000000000000000e+00,1.492527127265930176e+00,8.449419736862182617e-01,1.100000000000000089e+00,2.999999999999999889e-01,2.999999999999999889e-01,8.800000000000001155e-01,2.999999999999999889e-01,3.349370496658294627e+01,6.117022720610454201e+01
2.849880923189444104e+01,0.000000000000000000e+00,1.528118848800659180e+00,8.805336952209472656e-01,1.100000000000000089e+00,2.999999999999999889e-01,2.999999999999999889e-01,8.800000000000001155e-01,2.999999999999999889e-01,3.355052314840112615e+01,6.133689387277119920e+01
2.854880923189444175e+01,0.000000000000000000e+00,1.563233971595764160e+00,9.156488180160522461e-01,1.100000000000000089e+00,2.999999999999999889e-01,2.999999999999999889e-01,8.800000000000001155e-01,2.999999999999999889e-01,3.360734133021930603e+01,6.150356053943787060e+01
2.859880923189444246e+01,0.000000000000000000e+00,1.599141716957092285e+00,9.515565633773803711e-01,1.100000000000000089e+00,2.999999999999999889e-01,2.999999999999999889e-01,8.800000000000001155e-01,2.999999999999999889e-01,3.366415951203748591e+01,6.167022720610454201e+01
2.864880923189444317e+01,0.000000000000000000e+00,1.635789752006530762e+00,9.882045984268188477e-01,1.100000000000000089e+00,2.999999999999999889e-01,2.999999999999999889e-01,8.800000000000001155e-01,2.999999999999999889e-01,3.372097769385566579e+01,6.183689387277121341e+01
2.869880923189444388e+01,0.000000000000000000e+00,1.673129677772521973e+00,1.025544524192810059e+00,1.100000000000000089e+00,8.800000000000001155e-01,8.800000000000001155e-01,8.800000000000001155e-01,4.358898943540689963e-01,3.377779587567384567e+01,6.197278376712528569e+01
2.874880923189444104e+01,0.000000000000000000e+00,1.711116075515747070e+00,1.063530921936035156e+00,1.100000000000000089e+00,8.800000000000001155e-01,8.800000000000001155e-01,8.800000000000001155e-01,5.385164807134463771e-01,3.383461405749202555e+01,6.207541035348466352e+01
2.879880923189444175e+01,0.000000000000000000e+00,1.749706745147705078e+00,1.102121591567993164e+00,1.100000000000000089e+00,8.800000000000001155e-01,8.800000000000001155e-01,8.800000000000001155e-01,6.244997998398374994e-01,3.389143223931020543e+01,6.216139367261105519e+01
2.884880923189444246e+01,0.000000000000000000e+00,1.788862586021423340e+00,1.141277432441711426e+00,1.100000000000000089e+00,8.800000000000001155e-01,8.800000000000001155e-01,8.800000000000001155e-01,6.999999999999989564e-01,3.394825042112838531e+01,6.223689387277121909e+01
2.889880923189444317e+01,0.000000000000000000e+00,1.818271517753601074e+00,1.170686364173889160e+00,1.100000000000000089e+00,8.800000000000001155e-01,8.800000000000001155e-01,8.800000000000001155e-01,7.681145747868608487e-01,3.400506860294656519e+01,6.230500844755808032e+01
2.894880923189444388e+01,0.000000000000000000e+00,1.802413940429687500e+00,1.154828786849975586e+00,1.100000000000000089e+00,8.800000000000001155e-01,8.800000000000001155e-01,8.800000000000001155e-01,6.999999999999989564e-01,3.406188678476474507e+01,6.237312302234494155e+01
2.899880923189444104e+01,0.000000000000000000e+00,1.758483290672302246e+00,1.110898137092590332e+00,1.100000000000000089e+00,8.800000000000001155e-01,8.800000000000001155e-01,8.800000000000001155e-01,6.244997998398431616e-01,3.411870496658292495e+01,6.244862322250509834e+01
2.904880923189444175e+01,0.000000000000000000e+00,1.714885234832763672e+00,1.067300081253051758e+00,1.100000000000000089e+00,8.800000000000001155e-01,8.800000000000001155e-01,8.800000000000001155e-01,5.385164807134530385e-01,3.417552314840110483e+01,6.253460654163149002e+01
2.909880923189444246e+01,0.000000000000000000e+00,1.671645879745483398e+00,1.024060726165771484e+00,1.100000000000000089e+00,8.800000000000001155e-01,8.800000000000001155e-01,8.800000000000001155e-01,4.358898943540689963e-01,3.423234133021928471e+01,6.263723312799087495e+01
2.914880923189444317e+01,0.000000000000000000e+00,1.628793597221374512e+00,9.812084436416625977e-01,1.100000000000000089e+00,2.999999999999999889e-01,2.999999999999999889e-01,8.800000000000001155e-01,2.999999999999999889e-01,3.428915951203746459e+01,6.277312302234494723e+01
2.919880923189444388e+01,0.000000000000000000e+00,1.586359858512878418e+00,9.387747049331665039e-01,1.100000000000000089e+00,2.999999999999999889e-01,2.999999999999999889e-01,8.800000000000001155e-01,2.999999999999999889e-01,3.434597769385564447e+01,6.293978968901161863e+01
2.924880923189444104e+01,0.000000000000000000e+00,1.544379234313964844e+00,8.967940807342529297e-01,1.100000000000000089e+00,2.999999999999999889e-01,2.999999999999999889e-01,8.800000000000001155e-01,2.999999999999999889e-01,3.440279587567382436e+01,6.310645635567827583e+01
2.929880923189444175e+01,0.000000000000000000e+00,1.502889633178710938e+00,8.553044795989990234e-01,1.100000000000000089e+00,2.999999999999999889e-01,2.999999999999999889e-01,8.800000000000001155e-01,2.999999999999999889e-01,3.445961405749200424e+01,6.327312302234494723e+01
2.934880923189444246e+01,0.000000000000000000e+00,1.461933016777038574e+00,8.143478631973266602e-01,1.100000000000000089e+00,2.999999999999999889e-01,2.999999999999999889e-01,8.800000000000001155e-01,2.999999999999999889e-01,3.451643223931018412e+01,6.343978968901161863e+01
2.939880923189444317e+01,0.000000000000000000e+00,1.421555280685424805e+00,7.739701271057128906e-01,1.100000000000000089e+00,2.999999999999999889e-01,2.999999999999999889e-01,8.800000000000001155e-01,2.999999999999999889e-01,3.457325042112836400e+01,6.360645635567829004e+01
2.944880923189444388e+01,0.000000000000000000e+00,1.381807208061218262e+00,7.342220544815063477e-01,1.100000000000000089e+00,2.999999999999999889e-01,2.999999999999999889e-01,8.800000000000001155e-01,2.999999999999999889e-01,3.463006860294654388e+01,6.377312302234496144e+01
2.949880923189444104e+01,0.000000000000000000e+00,1.342744708061218262e+00,6.951595544815063477e-01,1.100000000000000089e+00,2.999999999999999889e-01,2.999999999999999889e-01,8.800000000000001155e-01,2.999999999999999889e-01,3.468688678476472376e+01,6.393978968901161863e+01
2.954880923189444175e+01,0.000000000000000000e+00,1.304429650306701660e+00,6.568444967269897461e-01,1.100000000000000089e+00,2.999999999999999889e-01,2.999999999999999889e-01,8.800000000000001155e-01,2.999999999999999889e-01,3.474370496658290364e+01,6.410645635567829004e+01
2.959880923189444246e+01,0.000000000000000000e+00,1.266929507255554199e+00,6.193443536758422852e-01,1.100000000000000089e+00,2.999999999999999889e-01,2.999999999999999889e-01,8.800000000000001155e-01,2.999999999999999889e-01,3.480052314840108352e+01,6.427312302234496144e+01
2.964880923189444317e+01,0.000000000000000000e+00,1.230319023132324219e+00,5.827338695526123047e-01,1.100000000000000089e+00,2.999999999999999889e-01,2.999999999999999889e-01,8.800000000000001155e-01,2.999999999999999889e-01,3.485734133021926340e+01,6.443978968901163284e+01
2.969880923189444388e+01,0.000000000000000000e+00,1.194679856300354004e+00,5.470947027206420898e-01,1.100000000000000089e+00,2.999999999999999889e-01,2.999999999999999889e-01,8.800000000000001155e-01,2.999999999999999889e-01,3.491415951203744328e+01,6.460645635567830425e+01
2.974880923189444104e+01,0.000000000000000000e+00,1.159632325172424316e+00,5.120471715927124023e-01,1.100000000000000089e+00,2.999999999999999889e-01,2.999999999999999889e-01,8.800000000000001155e-01,2.999999999999999889e-01,3.497097769385562316e+01,6.477312302234496144e+01
2.979880923189444175e+01,0.000000000000000000e+00,1.123976588249206543e+00,4.763914346694946289e-01,1.100000000000000089e+00,2.999999999999999889e-01,2.999999999999999889e-01,8.800000000000001155e-01,2.999999999999999889e-01,3.502779587567380304e+01,6.493978968901163284e+01
2.984880923189444246e+01,0.000000000000000000e+00,1.088948845863342285e+00,4.413636922836303711e-01,1.100000000000000089e+00,2.999999999999999889e-01,2.999999999999999889e-01,8.800000000000001155e-01,2.999999999999999889e-01,3.508461405749198292e+01,6.510645635567830425e+01
2.989880923189444317e+01,0.000000000000000000e+00,1.053274154663085938e+00,4.056890010833740234e-01,1.100000000000000089e+00,2.999999999999999889e-01,2.999999999999999889e-01,8.800000000000001155e-01,2.999999999999999889e-01,3.514143223931016280e+01,6.527312302234497565e+01
2.994880923189444388e+01,0.000000000000000000e+00,1.018269062042236328e+00,3.706839084625244141e-01,1.100000000000000089e+00,2.999999999999999889e-01,2.999999999999999889e-01,8.800000000000001155e-01,2.999999999999999889e-01,3.519825042112834268e+01,6.543978968901164706e+01
2.999880923189444104e+01,0.000000000000000000e+00,9.825730323791503906e-01,3.349878787994384766e-01,1.100000000000000089e+00,2.999999999999999889e-01,2.999999999999999889e-01,8.800000000000001155e-01,2.999999999999999889e-01,3.525506860294652256e+01,6.560645635567830425e+01
3.004880923189444175e+01,0.000000000000000000e+00,9.475939869880676270e-01,3.000088334083557129e-01,1.100000000000000089e+00,2.999999999999999889e-01,2.999999999999999889e-01,8.800000000000001155e-01,2.999999999999999889e-01,3.531188678476470244e+01,6.577312302234497565e+01
3.009880923189444246e+01,0.000000000000000000e+00,9.118735194206237793e-01,2.642883658409118652e-01,1.100000000000000089e+00,2.999999999999999889e-01,2.999999999999999889e-01,8.800000000000001155e-01,2.999999999999999889e-01,3.536870496658288232e+01,6.593978968901164706e+01
3.014880923189444673e+01,0.000000000000000000e+00,8.775497078895568848e-01,2.299645543098449707e-01,1.100000000000000089e+00,2.999999999999999889e-01,2.999999999999999889e-01,8.800000000000001155e-01,2.999999999999999889e-01,3.542552314840106931e+01,6.610645635567833267e+01
3.019880923189444388e+01,0.000000000000000000e+00,8.447927832603454590e-01,1.972076296806335449e-01,1.100000000000000089e+00,2.999999999999999889e-01,2.999999999999999889e-01,8.800000000000001155e-01,2.999999999999999889e-01,3.548234133021924919e+01,6.627312302234498986e+01
3.024880923189444104e+01,0.000000000000000000e+00,8.137918710708618164e-01,1.662067174911499023e-01,1.100000000000000089e+00,2.999999999999999889e-01,2.999999999999999889e-01,8.800000000000001155e-01,2.999999999999999889e-01,3.553915951203742907e+01,6.643978968901164706e+01
3.029880923189443820e+01,0.000000000000000000e+00,7.847550511360168457e-01,1.371698975563049316e-01,1.100000000000000089e+00,2.999999999999999889e-01,2.999999999999999889e-01,8.800000000000001155e-01,2.999999999999999889e-01,3.559597769385560895e+01,6.660645635567830425e+01
3.034880923189444246e+01,0.000000000000000000e+00,7.579076886177062988e-01,1.103225350379943848e-01,1.100000000000000089e+00,2.999999999999999889e-01,2.999999999999999889e-01,8.800000000000001155e-01,2.999999999999999889e-01,3.565279587567379593e+01,6.677312302234498986e+01
3.039880923189444673e+01,0.000000000000000000e+00,7.334901094436645508e-01,8.590495586395263672e-02,1.100000000000000089e+00,2.999999999999999889e-01,2.999999999999999889e-01,8.800000000000001155e-01,2.999999999999999889e-01,3.570961405749198292e+01,6.693978968901167548e+01
3.044880923189444388e+01,0.000000000000000000e+00,7.117519378662109375e-01,6.416678428649902344e-02,1.100000000000000089e+00,2.999999999999999889e-01,2.999999999999999889e-01,8.800000000000001155e-01,2.999999999999999889e-01,3.576643223931016280e+01,6.710645635567833267e+01
3.049880923189444104e+01,0.000000000000000000e+00,6.929447054862976074e-01,4.535955190658569336e-02,1.100000000000000089e+00,2.999999999999999889e-01,2.999999999999999889e-01,8.800000000000001155e-01,2.999999999999999889e-01,3.582325042112834268e+01,6.727312302234498986e+01
3.054880923189443820e+01,0.000000000000000000e+00,6.773121356964111328e-01,2.972698211669921875e-02,1.100000000000000089e+00,2.999999999999999889e-01,2.999999999999999889e-01,8.800000000000001155e-01,2.999999999999999889e-01,3.588006860294652256e+01,6.743978968901164706e+01
3.059880923189444246e+01,0.000000000000000000e+00,6.650773882865905762e-01,1.749223470687866211e-02,1.100000000000000089e+00,2.999999999999999889e-01,2.999999999999999889e-01,8.800000000000001155e-01,2.999999999999999889e-01,3.593688678476470955e+01,6.760645635567833267e+01
3.064880923189444673e+01,0.000000000000000000e+00,6.564298868179321289e-01,8.844733238220214844e-03,1.100000000000000089e+00,2.999999999999999889e-01,2.999999999999999889e-01,8.800000000000001155e-01,2.999999999999999889e-01,3.599370496658289653e+01,6.777312302234501828e+01
3.069880923189444388e+01,0.000000000000000000e+00,6.515120863914489746e-01,3.926932811737060547e-03,1.100000000000000089e+00,2.999999999999999889e-01,2.999999999999999889e-01,8.800000000000001155e-01,2.999999999999999889e-01,3.605052314840107641e+01,6.793978968901167548e+01
3.074880923189444104e+01,0.000000000000000000e+00,6.499999761581420898e-01,2.414822578430175781e-03,1.100000000000000089e+00,2.999999999999999889e-01,2.999999999999999889e-01,8.800000000000001155e-01,2.999999999999999889e-01,3.610734133021925629e+01,6.810645635567833267e+01
3.079880923189443820e+01,0.000000000000000000e+00,6.499999761581420898e-01,2.414822578430175781e-03,1.100000000000000089e+00,2.999999999999999889e-01,2.999999999999999889e-01,8.800000000000001155e-01,2.999999999999999889e-01,3.616415951203743617e+01,6.827312302234498986e+01
3.084880923189444246e+01,0.000000000000000000e+00,6.499999761581420898e-01,2.414822578430175781e-03,1.100000000000000089e+00,2.999999999999999889e-01,2.999999999999999889e-01,8.800000000000001155e-01,2.999999999999999889e-01,3.622097769385562316e+01,6.843978968901167548e+01
3.089880923189444673e+01,0.000000000000000000e+00,6.499999761581420898e-01,2.414822578430175781e-03,1.100000000000000089e+00,2.999999999999999889e-01,2.999999999999999889e-01,8.800000000000001155e-01,2.999999999999999889e-01,3.627779587567381014e+01,6.860645635567836109e+01
3.094880923189444388e+01,0.000000000000000000e+00,6.504081487655639648e-01,2.822995185852050781e-03,1.100000000000000089e+00,2.999999999999999889e-01,2.999999999999999889e-01,8.502567367114797214e-01,2.999999999999999889e-01,3.633559076696263190e+01,6.877312302234501828e+01
3.099880923189444104e+01,0.000000000000000000e+00,6.531376838684082031e-01,5.552530288696289062e-03,1.100000000000000089e+00,2.999999999999999889e-01,2.999999999999999889e-01,7.892632756712174569e-01,2.999999999999999889e-01,3.639658422800289372e+01,6.893978968901167548e+01
3.104880923189443820e+01,7.373629088507650531e-01,6.596531271934509277e-01,1.206797361373901367e-02,1.100000000000000089e+00,2.999999999999999889e-01,2.999999999999999889e-01,7.231434977397402930e-01,2.999999999999999889e-01,3.646270400593436989e+01,6.910645635567833267e+01
3.109878572983694411e+01,2.364158287385719870e+00,6.680465936660766602e-01,2.046144008636474609e-02,6.503718339828787887e-01,2.999999999999999889e-01,2.999999999999999889e-01,6.503718339828787887e-01,2.999999999999999889e-01,3.653547566969123039e+01,6.927304468215335476e+01
3.114875102533465778e+01,2.564361759348069647e+00,6.742641329765319824e-01,2.667897939682006836e-02,6.244682380937682797e-01,2.999999999999999889e-01,2.999999999999999889e-01,6.244682380937682797e-01,2.999999999999999889e-01,3.661386243614472136e+01,6.943959566714573839e+01
3.119871430997520889e+01,2.589753729168219110e+00,6.777601838111877441e-01,3.017503023147583008e-02,6.213993096619753187e-01,2.999999999999999889e-01,2.999999999999999889e-01,6.213993096619753187e-01,2.999999999999999889e-01,3.669406885091257209e+01,6.960613994928091586e+01
3.124867947505673627e+01,2.497787822482747888e+00,6.779429316520690918e-01,3.035777807235717773e-02,6.327355386564167405e-01,2.999999999999999889e-01,2.999999999999999889e-01,6.327355386564167405e-01,2.999999999999999889e-01,3.677374954098911530e+01,6.977269049955266667e+01
3.129864906165105864e+01,1.599675441356950056e+00,6.765980720520019531e-01,2.901291847229003906e-02,7.906496104106550682e-01,2.999999999999999889e-01,2.999999999999999889e-01,7.073142406791154135e-01,2.999999999999999889e-01,3.684832824301181375e+01,6.993925578820041267e+01
3.134864815598215770e+01,5.222275466424823598e-02,6.733629703521728516e-01,2.577781677246093750e-02,1.100000000000000089e+00,2.999999999999999889e-01,2.999999999999999889e-01,7.747848886818032854e-01,2.999999999999999889e-01,3.691579889101450362e+01,7.010591943597074760e+01
3.139864815598215841e+01,1.155325835000497585e-12,6.664381623268127441e-01,1.885300874710083008e-02,1.100000000000000089e+00,2.999999999999999889e-01,2.999999999999999889e-01,8.368342868989522287e-01,2.999999999999999889e-01,3.697784828923165179e+01,7.027258610263741900e+01
3.144864815598215912e+01,4.011738091789041755e-02,6.698506474494934082e-01,2.226549386978149414e-02,1.100000000000000089e+00,2.999999999999999889e-01,2.999999999999999889e-01,8.800000000000001155e-01,2.999999999999999889e-01,3.703609502903822204e+01,7.043925276930409041e+01
3.149864790142353144e+01,5.082367688265055916e-01,6.706951260566711426e-01,2.310997247695922852e-02,1.100000000000000089e+00,2.999999999999999889e-01,2.999999999999999889e-01,8.800000000000001155e-01,2.999999999999999889e-01,3.709291292158523135e+01,7.060591858744199101e+01
3.154864573568885078e+01,6.391942571554023456e-01,6.725081801414489746e-01,2.492302656173706055e-02,1.100000000000000089e+00,2.999999999999999889e-01,2.999999999999999889e-01,8.800000000000001155e-01,2.999999999999999889e-01,3.714972864234128025e+01,7.077257803499306021e+01
3.159864346940439006e+01,6.428445656413639409e-01,6.710042953491210938e-01,2.341914176940917969e-02,1.100000000000000089e+00,2.999999999999999889e-01,2.999999999999999889e-01,8.800000000000001155e-01,2.999999999999999889e-01,3.720654424883620948e+01,7.093923714737819353e+01
3.164864127273629890e+01,6.453614433588956700e-01,6.649987697601318359e-01,1.741361618041992188e-02,1.100000000000000089e+00,2.999999999999999889e-01,2.999999999999999889e-01,8.800000000000001155e-01,2.999999999999999889e-01,3.726335993444065053e+01,7.110589649181788729e+01
3.169863905220502787e+01,6.228552281458346052e-01,6.671555638313293457e-01,1.957041025161743164e-02,1.100000000000000089e+00,2.999999999999999889e-01,2.999999999999999889e-01,8.800000000000001155e-01,2.999999999999999889e-01,3.732017559292783915e+01,7.127255575671364340e+01
3.174863728427819254e+01,2.043676742594285889e-01,6.786760687828063965e-01,3.109091520309448242e-02,1.100000000000000089e+00,2.999999999999999889e-01,2.999999999999999889e-01,8.800000000000001155e-01,2.999999999999999889e-01,3.737699176573825355e+01,7.143921653029086372e+01
3.179863728427819325e+01,1.002670169114524828e-12,6.789588332176208496e-01,3.137367963790893555e-02,1.100000000000000089e+00,2.999999999999999889e-01,2.999999999999999889e-01,8.800000000000001155e-01,2.999999999999999889e-01,3.743380994755644053e+01,7.160588319695753512e+01
3.184863728427819396e+01,1.006139616066478241e-12,6.886853575706481934e-01,4.110020399093627930e-02,1.100000000000000089e+00,2.999999999999999889e-01,2.999999999999999889e-01,8.800000000000001155e-01,2.999999999999999889e-01,3.749062812937462041e+01,7.177254986362420652e+01
3.189863728427819467e+01,2.008809785181154732e-12,7.127089500427246094e-01,6.512379646301269531e-02,1.100000000000000089e+00,2.999999999999999889e-01,2.999999999999999889e-01,8.800000000000001155e-01,2.999999999999999889e-01,3.754744631119280740e+01,7.193921653029087793e+01
3.194863728427819183e+01,3.014949401247936299e-12,7.235571146011352539e-01,7.597196102142333984e-02,1.100000000000000089e+00,2.999999999999999889e-01,2.999999999999999889e-01,8.800000000000001155e-01,2.999999999999999889e-01,3.760426449301098728e+01,7.210588319695753512e+01
3.199863728427819254e+01,1.006139616066478241e-12,7.360510230064392090e-01,8.846586942672729492e-02,1.100000000000000089e+00,2.999999999999999889e-01,2.999999999999999889e-01,8.800000000000001155e-01,2.999999999999999889e-01,3.766108267482916716e+01,7.227254986362420652e+01
3.204863728427819325e+01,1.006139616066629904e-12,7.603756189346313477e-01,1.127904653549194336e-01,1.100000000000000089e+00,2.999999999999999889e-01,2.999999999999999889e-01,8.800000000000001155e-01,2.999999999999999889e-01,3.771790085664735415e+01,7.243921653029087793e+01
3.209863728427819041e+01,2.008809785181457655e-12,7.849682569503784180e-01,1.373831033706665039e-01,1.100000000000000089e+00,2.999999999999999889e-01,2.999999999999999889e-01,8.580574298426009161e-01,2.999999999999999889e-01,3.777543635477473316e+01,7.260588319695752091e+01
3.214863728427818756e+01,1.006139616066478241e-12,8.000442385673522949e-01,1.524590849876403809e-01,1.100000000000000089e+00,2.999999999999999889e-01,2.999999999999999889e-01,7.976606752925019528e-01,2.999999999999999889e-01,3.783583310932483101e+01,7.277254986362419231e+01
3.219863728427819183e+01,1.006139616066629904e-12,7.949388623237609863e-01,1.473537087440490723e-01,1.100000000000000089e+00,2.999999999999999889e-01,2.999999999999999889e-01,7.322994967280023193e-01,2.999999999999999889e-01,3.790119428788933220e+01,7.293921653029086372e+01
3.224863728427818899e+01,1.190901772341409481e+00,7.544210553169250488e-01,1.068359017372131348e-01,9.163513609680743466e-01,2.999999999999999889e-01,2.999999999999999889e-01,6.605017433043578468e-01,2.999999999999999889e-01,3.797299204131297756e+01,7.310588319695750670e+01
3.229859792364412385e+01,2.973170635834793796e+00,7.176592350006103516e-01,7.007408142089843750e-02,5.799493720802024743e-01,2.999999999999999889e-01,2.999999999999999889e-01,5.799493720802024743e-01,2.999999999999999889e-01,3.805354441253713560e+01,7.327241866151062766e+01
3.234854571607935014e+01,3.247966242057813702e+00,6.882298588752746582e-01,4.064470529556274414e-02,5.548738355587364834e-01,2.999999999999999889e-01,2.999999999999999889e-01,5.548738355587364834e-01,2.999999999999999889e-01,3.814157185522425664e+01,7.343891130296138670e+01
3.239848635512453967e+01,3.276764339693543526e+00,6.674214601516723633e-01,1.983630657196044922e-02,5.524301787655930829e-01,2.999999999999999889e-01,2.999999999999999889e-01,5.524301787655930829e-01,2.999999999999999889e-01,3.823177407322246779e+01,7.360538009977868512e+01
3.244842943779116240e+01,3.063298842055902416e+00,6.550177931785583496e-01,7.432639598846435547e-03,5.713540584668390654e-01,2.999999999999999889e-01,2.999999999999999889e-01,5.713540584668390654e-01,2.999999999999999889e-01,3.832065783046329699e+01,7.377185704200076088e+01
3.249838444007282590e+01,1.901096838278469869e+00,6.501387953758239746e-01,2.553641796112060547e-03,7.252669380664298338e-01,2.999999999999999889e-01,2.999999999999999889e-01,6.529590068984884033e-01,2.999999999999999889e-01,3.840226277889494355e+01,7.393837371627297728e+01
3.254838346736338650e+01,5.553383840819021977e-02,6.499999761581420898e-01,2.414822578430175781e-03,1.100000000000000089e+00,2.999999999999999889e-01,2.999999999999999889e-01,7.255022531122691243e-01,2.999999999999999889e-01,3.847480602510872671e+01,7.410503714057483649e+01
3.259838346736338366e+01,0.000000000000000000e+00,6.509621739387512207e-01,3.377020359039306641e-03,1.100000000000000089e+00,2.999999999999999889e-01,2.999999999999999889e-01,7.914249928268460854e-01,2.999999999999999889e-01,3.854072876482330656e+01,7.427170380724149368e+01
3.264838346736338082e+01,4.250866576115294032e-02,6.547899246215820312e-01,7.204771041870117188e-03,1.100000000000000089e+00,2.999999999999999889e-01,2.999999999999999889e-01,8.203854619435893003e-01,2.999999999999999889e-01,3.860277079942112266e+01,7.443837047390815087e+01
3.269838289783940155e+01,1.383999963975831582e+00,6.622711420059204102e-01,1.468598842620849609e-02,8.500255122102244876e-01,2.999999999999999889e-01,2.999999999999999889e-01,7.569897259648634691e-01,2.999999999999999889e-01,3.866616653539984583e+01,7.460503524216154858e+01
3.274835995044387715e+01,2.113810338841553005e+00,6.700233221054077148e-01,2.243816852569580078e-02,6.878076329958902058e-01,2.999999999999999889e-01,2.999999999999999889e-01,6.878076329958902058e-01,2.999999999999999889e-01,3.873534862836881842e+01,7.477162541750979585e+01
3.279833447219181153e+01,2.205923924905172306e+00,6.762214303016662598e-01,2.863627672195434570e-02,6.732939848192830423e-01,2.999999999999999889e-01,2.999999999999999889e-01,6.732939848192830423e-01,2.999999999999999889e-01,3.880878109085924166e+01,7.493820715666957710e+01
3.284830849437705069e+01,2.184799906115444390e+00,6.805900335311889648e-01,3.300487995147705078e-02,6.765410697137171914e-01,2.999999999999999889e-01,2.999999999999999889e-01,6.765410697137171914e-01,2.999999999999999889e-01,3.888282572619067423e+01,7.510478723062037432e+01
3.289828295549239812e+01,2.112464346156840200e+00,6.830708980560302734e-01,3.548574447631835938e-02,6.880267222840422692e-01,2.999999999999999889e-01,2.999999999999999889e-01,6.880267222840422692e-01,2.999999999999999889e-01,3.895607157210380933e+01,7.527136876767153240e+01
3.294826018353945329e+01,1.117799924724366178e+00,6.818160414695739746e-01,3.423088788986206055e-02,9.458406215796587579e-01,2.999999999999999889e-01,2.999999999999999889e-01,7.571890296821721655e-01,2.999999999999999889e-01,3.902523387950193978e+01,7.543795952782838299e+01
3.299826006538472001e+01,1.097458401241976737e-02,6.760662198066711426e-01,2.848106622695922852e-02,1.100000000000000089e+00,2.999999999999999889e-01,2.999999999999999889e-01,8.205699180213515964e-01,2.999999999999999889e-01,3.908861476784112199e+01,7.560462580064594817e+01
3.304826006538472427e+01,3.018418848199817010e-13,6.734109520912170410e-01,2.582579851150512695e-02,1.100000000000000089e+00,2.999999999999999889e-01,2.999999999999999889e-01,8.793946726934236402e-01,2.999999999999999889e-01,3.914743952251319570e+01,7.577129246731261958e+01
3.309826006538472143e+01,5.497322236093980970e-03,6.744036674499511719e-01,2.681851387023925781e-02,1.100000000000000089e+00,2.999999999999999889e-01,2.999999999999999889e-01,8.800000000000001155e-01,2.999999999999999889e-01,3.920427725287127174e+01,7.593795913397927677e+01
3.314826001526686383e+01,8.416496278203141612e-01,6.792836785316467285e-01,3.169852495193481445e-02,1.090019662598773253e+00,2.999999999999999889e-01,2.999999999999999889e-01,8.474502192054351735e-01,2.999999999999999889e-01,3.926216598312381478e+01,7.610462563358640864e+01
3.319824624047105743e+01,1.617600990533954564e+00,6.853488683700561523e-01,3.776371479034423828e-02,7.862565889218020576e-01,2.999999999999999889e-01,2.999999999999999889e-01,7.862565889218020576e-01,2.999999999999999889e-01,3.932335961340744745e+01,7.627124638426705872e+01
3.324823122770031603e+01,1.657419575984603322e+00,6.905831694602966309e-01,4.299801588058471680e-02,7.767544821686201972e-01,2.999999999999999889e-01,2.999999999999999889e-01,7.767544821686201972e-01,2.999999999999999889e-01,3.938731947671716682e+01,7.643786300836460157e+01
3.329821602410665804e+01,1.671013417026860459e+00,6.914377212524414062e-01,4.385256767272949219e-02,7.735885472327760359e-01,2.999999999999999889e-01,2.999999999999999889e-01,7.735885472327760359e-01,2.999999999999999889e-01,3.945180171769017363e+01,7.660447899638575109e+01
3.334820141727460197e+01,1.649412072672586715e+00,6.883037090301513672e-01,4.071855545043945312e-02,7.786376784511558347e-01,2.999999999999999889e-01,2.999999999999999889e-01,7.786376784511558347e-01,2.999999999999999889e-01,3.951620649624739201e+01,7.677109697361221663e+01
3.339818739355778376e+01,1.405928331834124911e+00,6.820967197418212891e-01,3.451156616210937500e-02,8.433705052747465514e-01,2.999999999999999889e-01,2.999999999999999889e-01,8.403859749366162646e-01,2.999999999999999889e-01,3.957795479273285366e+01,7.693771689455614649e+01
3.344818269223902263e+01,2.235384106286562311e-01,6.763319969177246094e-01,2.874684333801269531e-02,1.100000000000000089e+00,2.999999999999999889e-01,2.999999999999999889e-01,8.800000000000001155e-01,2.999999999999999889e-01,3.963607581837430160e+01,7.710436789016027603e+01
3.349818269223901979e+01,9.055256544598326178e-13,6.736218333244323730e-01,2.603667974472045898e-02,1.100000000000000089e+00,2.999999999999999889e-01,2.999999999999999889e-01,8.800000000000001155e-01,2.999999999999999889e-01,3.969289400019248149e+01,7.727103455682693323e+01
3.354818269223902405e+01,1.491862189340088685e-13,6.745522022247314453e-01,2.696704864501953125e-02,1.100000000000000089e+00,2.999999999999999889e-01,2.999999999999999889e-01,8.573608310476736882e-01,2.999999999999999889e-01,3.975045256730930987e+01,7.743770122349361884e+01
3.359818269223901410e+01,4.741151696908325053e-01,6.789337992668151855e-01,3.134864568710327148e-02,1.100000000000000089e+00,2.999999999999999889e-01,2.999999999999999889e-01,7.969112840302684520e-01,2.999999999999999889e-01,3.981090211432671566e+01,7.760436789016026182e+01
3.364816987710251794e+01,1.868833230339904006e+00,6.830655336380004883e-01,3.548038005828857422e-02,7.315006663618056626e-01,2.999999999999999889e-01,2.999999999999999889e-01,7.315006663618056626e-01,2.999999999999999889e-01,3.987631273199517778e+01,7.777099183970527463e+01
3.369814769717908831e+01,2.070569562485764958e+00,6.810903549194335938e-01,3.350520133972167969e-02,6.949524450167385847e-01,2.999999999999999889e-01,2.999999999999999889e-01,6.949524450167385847e-01,2.999999999999999889e-01,3.994638558567386610e+01,7.793758457329384726e+01
3.374812423355893287e+01,2.104596994803815235e+00,6.773779392242431641e-01,2.979278564453125000e-02,6.893115047802814699e-01,2.999999999999999889e-01,2.999999999999999889e-01,6.893115047802814699e-01,2.999999999999999889e-01,4.001859224306340934e+01,7.810417302789332439e+01
3.379810019053415004e+01,2.066012887134865750e+00,6.720871925354003906e-01,2.450203895568847656e-02,6.957183958398203139e-01,2.999999999999999889e-01,2.999999999999999889e-01,6.957183958398203139e-01,2.999999999999999889e-01,4.009075813197720350e+01,7.827075955114403882e+01
3.384807744341620861e+01,1.945366071341295466e+00,6.653783917427062988e-01,1.779323816299438477e-02,7.169672718184577631e-01,2.999999999999999889e-01,2.999999999999999889e-01,7.169672718184577631e-01,2.999999999999999889e-01,4.016151308338108095e+01,7.843735039408423404e+01
3.389806098614968732e+01,6.426879703288410628e-01,6.575652956962585449e-01,9.980142116546630859e-03,1.100000000000000089e+00,2.999999999999999889e-01,2.999999999999999889e-01,7.835873622805344940e-01,2.999999999999999889e-01,4.022813317384315468e+01,7.860396220319583449e+01
3.394806098614969159e+01,0.000000000000000000e+00,6.518927812576293945e-01,4.307627677917480469e-03,1.100000000000000089e+00,2.999999999999999889e-01,2.999999999999999889e-01,8.449906238093853883e-01,2.999999999999999889e-01,4.028953643537200691e+01,7.877062886986252011e+01
3.399806098614968874e+01,0.000000000000000000e+00,6.499999761581420898e-01,2.414822578430175781e-03,1.100000000000000089e+00,2.999999999999999889e-01,2.999999999999999889e-01,8.800000000000001155e-01,2.999999999999999889e-01,4.034750776496634472e+01,7.893729553652917730e+01
3.404806098614969301e+01,0.000000000000000000e+00,6.499999761581420898e-01,2.414822578430175781e-03,1.100000000000000089e+00,2.999999999999999889e-01,2.999999999999999889e-01,8.800000000000001155e-01,2.999999999999999889e-01,4.040432594678453171e+01,7.910396220319586291e+01
3.409806098614969017e+01,0.000000000000000000e+00,6.499999761581420898e-01,2.414822578430175781e-03,1.100000000000000089e+00,2.999999999999999889e-01,2.999999999999999889e-01,8.800000000000001155e-01,2.999999999999999889e-01,4.046114412860271159e+01,7.927062886986252011e+01
3.414806098614968732e+01,0.000000000000000000e+00,6.499999761581420898e-01,2.414822578430175781e-03,1.100000000000000089e+00,2.999999999999999889e-01,2.999999999999999889e-01,8.800000000000001155e-01,2.999999999999999889e-01,4.051796231042089147e+01,7.943729553652917730e+01
3.419806098614969159e+01,0.000000000000000000e+00,6.500274538993835449e-01,2.442300319671630859e-03,1.100000000000000089e+00,2.999999999999999889e-01,2.999999999999999889e-01,8.800000000000001155e-01,2.999999999999999889e-01,4.057478049223907846e+01,7.960396220319586291e+01
3.424806098614968874e+01,0.000000000000000000e+00,6.520022749900817871e-01,4.417121410369873047e-03,1.100000000000000089e+00,2.999999999999999889e-01,2.999999999999999889e-01,8.800000000000001155e-01,2.999999999999999889e-01,4.063159867405725834e+01,7.977062886986252011e+01
3.429806098614969301e+01,2.727940782787456608e-02,6.577824354171752930e-01,1.019728183746337891e-02,1.100000000000000089e+00,2.999999999999999889e-01,2.999999999999999889e-01,8.800000000000001155e-01,2.999999999999999889e-01,4.068841685587544532e+01,7.993729553652920572e+01
3.434806062582090647e+01,8.232956287733669276e-01,6.672028899192810059e-01,1.961773633956909180e-02,1.100000000000000089e+00,2.999999999999999889e-01,2.999999999999999889e-01,8.800000000000001155e-01,2.999999999999999889e-01,4.074523462822909892e+01,8.010396100209992198e+01
3.439804847515360819e+01,1.469071113174185150e+00,6.782005429267883301e-01,3.061538934707641602e-02,8.250468118422445984e-01,2.999999999999999889e-01,2.999999999999999889e-01,8.250468118422445984e-01,2.999999999999999889e-01,4.080386979177477258e+01,8.027058716654225634e+01
3.444803532764119325e+01,1.562254133383057297e+00,6.891347765922546387e-01,4.154962301254272461e-02,8.000629492830558798e-01,2.999999999999999889e-01,2.999999999999999889e-01,8.000629492830558798e-01,2.999999999999999889e-01,4.086538791649881830e+01,8.043721000816753985e+01
3.449802093315030049e+01,1.632571887352560980e+00,6.997526884078979492e-01,5.216753482818603516e-02,7.826432484852552385e-01,2.999999999999999889e-01,2.999999999999999889e-01,7.826432484852552385e-01,2.999999999999999889e-01,4.092855264736243015e+01,8.060382869319788313e+01
3.454800520979069489e+01,1.673524942150414363e+00,7.098153829574584961e-01,6.223022937774658203e-02,7.730078518059889658e-01,2.999999999999999889e-01,2.999999999999999889e-01,7.730078518059889658e-01,2.999999999999999889e-01,4.099281419885176092e+01,8.077044294866587393e+01
3.459798849545232002e+01,1.681033673419173313e+00,7.145279645919799805e-01,6.694281101226806641e-02,7.712795091760624722e-01,2.999999999999999889e-01,2.999999999999999889e-01,7.712795091760624722e-01,2.999999999999999889e-01,4.105754733974833925e+01,8.093705390087130525e+01
3.464797149921397335e+01,1.654354868043923066e+00,7.157083749771118164e-01,6.812322139739990234e-02,7.774736217585896947e-01,2.999999999999999889e-01,2.999999999999999889e-01,7.774736217585896947e-01,2.999999999999999889e-01,4.112209346109369079e+01,8.110366391341014491e+01
3.469795505544217917e+01,1.596253035907419182e+00,7.158628702163696289e-01,6.827771663665771484e-02,7.914967426120484983e-01,2.999999999999999889e-01,2.999999999999999889e-01,7.914967426120484983e-01,2.999999999999999889e-01,4.118580856669832002e+01,8.127027576750415960e+01
3.474793989884914680e+01,1.512357325645878658e+00,7.156300544738769531e-01,6.804490089416503906e-02,8.131539815553633366e-01,2.999999999999999889e-01,2.999999999999999889e-01,8.131539815553633366e-01,2.999999999999999889e-01,4.124810853348131445e+01,8.143689191219405643e+01
3.479792664987984807e+01,1.296649712748911609e+00,7.148264646530151367e-01,6.724131107330322266e-02,8.781903608564198827e-01,2.999999999999999889e-01,2.999999999999999889e-01,8.724636953941107276e-01,2.999999999999999889e-01,4.130741824732006506e+01,8.160351441562973207e+01
3.484792157394442569e+01,2.671481065182507719e-01,7.143513560295104980e-01,6.676620244979858398e-02,1.100000000000000089e+00,2.999999999999999889e-01,2.999999999999999889e-01,8.800000000000001155e-01,2.999999999999999889e-01,4.136447497744917001e+01,8.177016416251164799e+01
3.489792157394442285e+01,9.783840404508567992e-13,7.158739566802978516e-01,6.828880310058593750e-02,1.100000000000000089e+00,2.999999999999999889e-01,2.999999999999999889e-01,8.800000000000001155e-01,2.999999999999999889e-01,4.142129315926734989e+01,8.193683082917831939e+01
3.494792157394442711e+01,9.818534874028102114e-13,7.171051502227783203e-01,6.951999664306640625e-02,1.100000000000000089e+00,2.999999999999999889e-01,2.999999999999999889e-01,8.800000000000001155e-01,2.999999999999999889e-01,4.147811134108553688e+01,8.210349749584499079e+01
3.499792157394442427e+01,9.783840404508567992e-13,7.182144522666931152e-01,7.062929868698120117e-02,1.100000000000000089e+00,2.999999999999999889e-01,2.999999999999999889e-01,8.800000000000001155e-01,2.999999999999999889e-01,4.153492952290371676e+01,8.227016416251166220e+01
3.504792157394442853e+01,9.818534874028102114e-13,7.213620543479919434e-01,7.377690076828002930e-02,1.100000000000000089e+00,2.999999999999999889e-01,2.999999999999999889e-01,8.800000000000001155e-01,2.999999999999999889e-01,4.159174770472190374e+01,8.243683082917833360e+01
3.509792157394442569e+01,2.060851489460776408e-12,7.278607487678527832e-01,8.027559518814086914e-02,1.100000000000000089e+00,2.999999999999999889e-01,2.999999999999999889e-01,8.800000000000001155e-01,2.999999999999999889e-01,4.164856588654008362e+01,8.260349749584500501e+01
3.514792157394442285e+01,3.139849491517820508e-12,7.375271320343017578e-01,8.994197845458984375e-02,1.100000000000000089e+00,2.999999999999999889e-01,2.999999999999999889e-01,8.800000000000001155e-01,2.999999999999999889e-01,4.170538406835825640e+01,8.277016416251164799e+01
3.519792157394442711e+01,3.139849491517820508e-12,7.506756782531738281e-01,1.030905246734619141e-01,1.100000000000000089e+00,2.999999999999999889e-01,2.999999999999999889e-01,8.800000000000001155e-01,2.999999999999999889e-01,4.176220225017644339e+01,8.293683082917833360e+01
3.524792157394442427e+01,1.078998002057663678e-12,7.667602300643920898e-01,1.191750764846801758e-01,1.100000000000000089e+00,2.999999999999999889e-01,2.999999999999999889e-01,8.800000000000001155e-01,2.999999999999999889e-01,4.181902043199461616e+01,8.310349749584497658e+01
3.529792157394442853e+01,9.818534874028102114e-13,7.846633195877075195e-01,1.370781660079956055e-01,1.100000000000000089e+00,2.999999999999999889e-01,2.999999999999999889e-01,8.800000000000001155e-01,2.999999999999999889e-01,4.187583861381280315e+01,8.327016416251164799e+01
3.534792157394442569e+01,9.783840404510076546e-13,8.008075356483459473e-01,1.532223820686340332e-01,1.100000000000000089e+00,2.999999999999999889e-01,2.999999999999999889e-01,8.800000000000001155e-01,2.999999999999999889e-01,4.193265679563098303e+01,8.343683082917831939e+01
3.539792157394442285e+01,2.935152121352569792e-12,8.186203837394714355e-01,1.710352301597595215e-01,1.100000000000000089e+00,2.999999999999999889e-01,2.999999999999999889e-01,8.800000000000001155e-01,2.999999999999999889e-01,4.198947497744916291e+01,8.360349749584497658e+01
3.544792157394442711e+01,2.938621568304523002e-12,8.388558030128479004e-01,1.912706494331359863e-01,1.100000000000000089e+00,2.999999999999999889e-01,2.999999999999999889e-01,8.800000000000001155e-01,2.999999999999999889e-01,4.204629315926734989e+01,8.377016416251166220e+01
3.549792157394442427e+01,1.956768080901864252e-12,8.618928790092468262e-01,2.143077254295349121e-01,1.100000000000000089e+00,2.999999999999999889e-01,2.999999999999999889e-01,8.800000000000001155e-01,2.999999999999999889e-01,4.210311134108552977e+01,8.393683082917831939e+01
3.554792157394442853e+01,9.818534874028102114e-13,8.870329856872558594e-01,2.394478321075439453e-01,1.100000000000000089e+00,2.999999999999999889e-01,2.999999999999999889e-01,8.800000000000001155e-01,2.999999999999999889e-01,4.215992952290371676e+01,8.410349749584499079e+01
3.559792157394442569e+01,2.060851489460776408e-12,9.139828681945800781e-01,2.663977146148681641e-01,1.100000000000000089e+00,2.999999999999999889e-01,2.999999999999999889e-01,8.800000000000001155e-01,2.999999999999999889e-01,4.221674770472189664e+01,8.427016416251166220e+01
3.564792157394442285e+01,1.078998002057663678e-12,9.430618882179260254e-01,2.954767346382141113e-01,1.100000000000000089e+00,2.999999999999999889e-01,2.999999999999999889e-01,8.800000000000001155e-01,2.999999999999999889e-01,4.227356588654006941e+01,8.443683082917830518e+01
3.569792157394442711e+01,9.818534874028102114e-13,9.738886952400207520e-01,3.263035416603088379e-01,1.100000000000000089e+00,2.999999999999999889e-01,2.999999999999999889e-01,8.800000000000001155e-01,2.999999999999999889e-01,4.233038406835825640e+01,8.460349749584497658e+01
3.574792157394442427e+01,1.309572795239684340e-01,1.006018877029418945e+00,3.584337234497070312e-01,1.100000000000000089e+00,2.999999999999999889e-01,2.999999999999999889e-01,8.800000000000001155e-01,2.999999999999999889e-01,4.238720225017643628e+01,8.477016416251164799e+01
3.579791956559694199e+01,1.085668559154059576e+00,1.039878845214843750e+00,3.922936916351318359e-01,9.597350805243879401e-01,2.999999999999999889e-01,2.999999999999999889e-01,8.800000000000001155e-01,2.999999999999999889e-01,4.244401814978157006e+01,8.493682413468671655e+01
3.584791053895411750e+01,1.344063228042230440e+00,1.077033162117004395e+00,4.294480085372924805e-01,8.625616599503961313e-01,2.999999999999999889e-01,2.999999999999999889e-01,8.625616599503961313e-01,2.999999999999999889e-01,4.250139456808128102e+01,8.510346071254396350e+01
3.589790097286725512e+01,1.362017628118188828e+00,1.115272879600524902e+00,4.676877260208129883e-01,8.568575657142658564e-01,2.999999999999999889e-01,2.999999999999999889e-01,8.568575657142658564e-01,2.999999999999999889e-01,4.255954261384808746e+01,8.527009549225442697e+01
3.594789049079060561e+01,1.369724587274550709e+00,1.122446894645690918e+00,4.748617410659790039e-01,8.544435469335819322e-01,2.999999999999999889e-01,2.999999999999999889e-01,8.544435469335819322e-01,2.999999999999999889e-01,4.261796543325010589e+01,8.543672721866559527e+01
3.599787970952897354e+01,1.361093131552633562e+00,1.105235457420349121e+00,4.576503038406372070e-01,8.571485184010301239e-01,2.999999999999999889e-01,2.999999999999999889e-01,8.571485184010301239e-01,2.999999999999999889e-01,4.267637797178754511e+01,8.560335794779348362e+01
3.604786941345837903e+01,1.335158933851669172e+00,1.092056989669799805e+00,4.444718360900878906e-01,8.654331307606653034e-01,2.999999999999999889e-01,2.999999999999999889e-01,8.654331307606653034e-01,2.999999999999999889e-01,4.273441841817652431e+01,8.576999029422484000e+01
3.609786019217254704e+01,1.137375809101784263e+00,1.084406137466430664e+00,4.368209838867187500e-01,9.376656498848653376e-01,2.999999999999999889e-01,2.999999999999999889e-01,8.800000000000001155e-01,2.999999999999999889e-01,4.279170022156750264e+01,8.593662622327207146e+01
3.614785766986119597e+01,1.604194161198691515e-01,1.081840276718139648e+00,4.342551231384277344e-01,1.100000000000000089e+00,2.999999999999999889e-01,2.999999999999999889e-01,8.800000000000001155e-01,2.999999999999999889e-01,4.284851553712278616e+01,8.610328448223424402e+01
3.619785766986119313e+01,2.718311686855914403e-12,1.081984162330627441e+00,4.343990087509155273e-01,1.100000000000000089e+00,2.999999999999999889e-01,2.999999999999999889e-01,8.800000000000001155e-01,2.999999999999999889e-01,4.290533371894096604e+01,8.626995114890091543e+01
3.624785766986119029e+01,2.305447499573159665e-12,1.084411501884460449e+00,4.368263483047485352e-01,1.100000000000000089e+00,2.999999999999999889e-01,2.999999999999999889e-01,8.800000000000001155e-01,2.999999999999999889e-01,4.296215190075914592e+01,8.643661781556757262e+01
3.629785766986119455e+01,4.128641872824515128e-13,1.089109301567077637e+00,4.415241479873657227e-01,1.100000000000000089e+00,2.999999999999999889e-01,2.999999999999999889e-01,8.800000000000001155e-01,2.999999999999999889e-01,4.301897008257733290e+01,8.660328448223424402e+01
3.634785766986119171e+01,4.128641872825355738e-13,1.096123933792114258e+00,4.485387802124023438e-01,1.100000000000000089e+00,2.999999999999999889e-01,2.999999999999999889e-01,8.800000000000001155e-01,2.999999999999999889e-01,4.307578826439551278e+01,8.676995114890091543e+01
3.639785766986118887e+01,1.242062008799307648e-12,1.105321288108825684e+00,4.577361345291137695e-01,1.100000000000000089e+00,2.999999999999999889e-01,2.999999999999999889e-01,8.800000000000001155e-01,2.999999999999999889e-01,4.313260644621369266e+01,8.693661781556757262e+01
3.644785766986119313e+01,1.477984401532228739e-12,1.116630077362060547e+00,4.690449237823486328e-01,1.100000000000000089e+00,2.999999999999999889e-01,2.999999999999999889e-01,8.800000000000001155e-01,2.999999999999999889e-01,4.318942462803187965e+01,8.710328448223425823e+01
3.649785766986119029e+01,1.477984401532228739e-12,1.130112051963806152e+00,4.825268983840942383e-01,1.100000000000000089e+00,2.999999999999999889e-01,2.999999999999999889e-01,8.800000000000001155e-01,2.999999999999999889e-01,4.324624280985005242e+01,8.726995114890090122e+01
3.654785766986119455e+01,1.240327285323331042e-12,1.145615935325622559e+00,4.980307817459106445e-01,1.100000000000000089e+00,2.999999999999999889e-01,2.999999999999999889e-01,8.800000000000001155e-01,2.999999999999999889e-01,4.330306099166823941e+01,8.743661781556758683e+01
3.659785766986119171e+01,3.132910597614729151e-12,1.162997722625732422e+00,5.154125690460205078e-01,1.100000000000000089e+00,2.999999999999999889e-01,2.999999999999999889e-01,8.800000000000001155e-01,2.999999999999999889e-01,4.335987917348641929e+01,8.760328448223424402e+01
3.664785766986118887e+01,2.720046410331891210e-12,1.182236075401306152e+00,5.346509218215942383e-01,1.100000000000000089e+00,2.999999999999999889e-01,2.999999999999999889e-01,8.800000000000001155e-01,2.999999999999999889e-01,4.341669735530459917e+01,8.776995114890090122e+01
3.669785766986118603e+01,4.145989107584282189e-13,1.203350782394409180e+00,5.557656288146972656e-01,1.100000000000000089e+00,2.999999999999999889e-01,2.999999999999999889e-01,8.800000000000001155e-01,2.999999999999999889e-01,4.347351553712277905e+01,8.793661781556757262e+01
3.674785766986119029e+01,4.128641872824515128e-13,1.226064085960388184e+00,5.784789323806762695e-01,1.100000000000000089e+00,2.999999999999999889e-01,2.999999999999999889e-01,8.800000000000001155e-01,2.999999999999999889e-01,4.353033371894096604e+01,8.810328448223424402e+01
3.679785766986118745e+01,4.145989107584282189e-13,1.245116114616394043e+00,5.975309610366821289e-01,1.100000000000000089e+00,2.999999999999999889e-01,2.999999999999999889e-01,8.800000000000001155e-01,2.999999999999999889e-01,4.358715190075914592e+01,8.826995114890091543e+01
3.684785766986119171e+01,2.102358084890091627e-01,1.242868661880493164e+00,5.952835083007812500e-01,1.100000000000000089e+00,2.999999999999999889e-01,2.999999999999999889e-01,8.800000000000001155e-01,2.999999999999999889e-01,4.364397008257733290e+01,8.843661781556758683e+01
3.689785558652069852e+01,7.469975462546601941e-01,1.203052878379821777e+00,5.554677248001098633e-01,1.100000000000000089e+00,2.999999999999999889e-01,2.999999999999999889e-01,8.800000000000001155e-01,2.999999999999999889e-01,4.370078589696313287e+01,8.860327753776593340e+01
3.694785165048239151e+01,7.750016516324419458e-01,1.159068346023559570e+00,5.114831924438476562e-01,1.100000000000000089e+00,2.999999999999999889e-01,2.999999999999999889e-01,8.800000000000001155e-01,2.999999999999999889e-01,4.375759960601051546e+01,8.876993108430491475e+01
3.699784806457282116e+01,8.330544841768532383e-01,1.116870880126953125e+00,4.692857265472412109e-01,1.095628439387253072e+00,2.999999999999999889e-01,2.999999999999999889e-01,8.800000000000001155e-01,2.999999999999999889e-01,4.381441371293145437e+01,8.893658579793967078e+01
3.704784427707330963e+01,7.964071465567487129e-01,1.076477646827697754e+00,4.288924932479858398e-01,1.100000000000000089e+00,2.999999999999999889e-01,2.999999999999999889e-01,8.800000000000001155e-01,2.999999999999999889e-01,4.387122759077291789e+01,8.910323983960797989e+01
3.709784004724023276e+01,8.351243662585348115e-01,1.038036465644836426e+00,3.904513120651245117e-01,1.094269822199455344e+00,2.999999999999999889e-01,2.999999999999999889e-01,8.800000000000001155e-01,2.999999999999999889e-01,4.392804096596260166e+01,8.926989240683104754e+01
3.714783618258817910e+01,8.220848680533668906e-01,1.002361536026000977e+00,3.547763824462890625e-01,1.100000000000000089e+00,2.999999999999999889e-01,2.999999999999999889e-01,8.800000000000001155e-01,2.999999999999999889e-01,4.398485475613072282e+01,8.943654619132419725e+01
3.719783172515052883e+01,8.113371044371087137e-01,9.691764116287231445e-01,3.215912580490112305e-01,1.100000000000000089e+00,2.999999999999999889e-01,2.999999999999999889e-01,8.800000000000001155e-01,2.999999999999999889e-01,4.404166787267884331e+01,8.960319799986535827e+01
3.724782794264859831e+01,8.357881266979061419e-01,9.394004344940185547e-01,2.918152809143066406e-01,1.093835216071063376e+00,2.999999999999999889e-01,2.999999999999999889e-01,8.800000000000001155e-01,2.999999999999999889e-01,4.409848175619937649e+01,8.976985205819225655e+01
3.729782400315608015e+01,7.832527302355167809e-01,9.113628864288330078e-01,2.637777328491210938e-01,1.100000000000000089e+00,2.999999999999999889e-01,2.999999999999999889e-01,8.800000000000001155e-01,2.999999999999999889e-01,4.415529546132151495e+01,8.993650559321719129e+01
3.734782018289376992e+01,8.122405475275238373e-01,8.826700448989868164e-01,2.350848913192749023e-01,1.100000000000000089e+00,2.999999999999999889e-01,2.999999999999999889e-01,8.800000000000001155e-01,2.999999999999999889e-01,4.421210930193252864e+01,9.010315952567616193e+01
3.739781668981039076e+01,6.702754606298407802e-01,8.564223647117614746e-01,2.088372111320495605e-01,1.100000000000000089e+00,2.999999999999999889e-01,2.999999999999999889e-01,8.800000000000001155e-01,2.999999999999999889e-01,4.426892351433777861e+01,9.026981454873155997e+01
3.744781521879222908e+01,1.270218739864100443e-01,8.332006335258483887e-01,1.856154799461364746e-01,1.100000000000000089e+00,2.999999999999999889e-01,2.999999999999999889e-01,8.800000000000001155e-01,2.999999999999999889e-01,4.432574002454441597e+01,9.043647631200435910e+01
3.749781521879222623e+01,9.679756995949733384e-13,8.098894357681274414e-01,1.623042821884155273e-01,1.100000000000000089e+00,2.999999999999999889e-01,2.999999999999999889e-01,8.800000000000001155e-01,2.999999999999999889e-01,4.438255820636259585e+01,9.060314297867103051e+01
3.754781521879223050e+01,1.117161918529127383e-12,7.843905091285705566e-01,1.368053555488586426e-01,1.100000000000000089e+00,2.999999999999999889e-01,2.999999999999999889e-01,8.800000000000001155e-01,2.999999999999999889e-01,4.443937638818078284e+01,9.076980964533770191e+01
3.759781521879222765e+01,2.085137618124403644e-12,7.604426145553588867e-01,1.128574609756469727e-01,1.100000000000000089e+00,2.999999999999999889e-01,2.999999999999999889e-01,8.800000000000001155e-01,2.999999999999999889e-01,4.449619456999896272e+01,9.093647631200435910e+01
3.764781521879222481e+01,9.679756995949733384e-13,7.390120029449462891e-01,9.142684936523437500e-02,1.100000000000000089e+00,2.999999999999999889e-01,2.999999999999999889e-01,8.800000000000001155e-01,2.999999999999999889e-01,4.455301275181714260e+01,9.110314297867103051e+01
3.769781521879222908e+01,1.117161918529127383e-12,7.208057045936584473e-01,7.322055101394653320e-02,1.100000000000000089e+00,2.999999999999999889e-01,2.999999999999999889e-01,8.800000000000001155e-01,2.999999999999999889e-01,4.460983093363532959e+01,9.126980964533770191e+01
3.774781521879222623e+01,1.491862189340022799e-13,7.053477168083190918e-01,5.776256322860717773e-02,1.100000000000000089e+00,2.999999999999999889e-01,2.999999999999999889e-01,8.800000000000001155e-01,2.999999999999999889e-01,4.466664911545350947e+01,9.143647631200435910e+01
3.779781521879223050e+01,5.129831515917674528e-02,6.931260824203491211e-01,4.554092884063720703e-02,1.100000000000000089e+00,2.999999999999999889e-01,2.999999999999999889e-01,8.800000000000001155e-01,2.999999999999999889e-01,4.472346729727169645e+01,9.160314297867104472e+01
3.784781512454090091e+01,1.511674567030696914e-01,6.846248507499694824e-01,3.703969717025756836e-02,1.100000000000000089e+00,2.999999999999999889e-01,2.999999999999999889e-01,8.800000000000001155e-01,2.999999999999999889e-01,4.478028537198609627e+01,9.176980933116662698e+01
3.789781499169136225e+01,1.486810360712057244e-01,6.789465546607971191e-01,3.136140108108520508e-02,1.100000000000000089e+00,2.999999999999999889e-01,2.999999999999999889e-01,8.800000000000001155e-01,2.999999999999999889e-01,4.483710340283889195e+01,9.193647555500149338e+01
3.794781484610699351e+01,1.554473457334086539e-01,6.764539480209350586e-01,2.886879444122314453e-02,1.100000000000000089e+00,2.999999999999999889e-01,2.999999999999999889e-01,8.800000000000001155e-01,2.999999999999999889e-01,4.489392141922029111e+01,9.210314173638694513e+01
3.799781471051799286e+01,1.503363733977857442e-01,6.777943372726440430e-01,3.020918369293212891e-02,1.100000000000000089e+00,2.999999999999999889e-01,2.999999999999999889e-01,8.800000000000001155e-01,2.999999999999999889e-01,4.495073944696006407e+01,9.226980795109028577e+01
3.804781456025816055e+01,1.540264995470214948e-01,6.821162104606628418e-01,3.453105688095092773e-02,1.100000000000000089e+00,2.999999999999999889e-01,2.999999999999999889e-01,8.800000000000001155e-01,2.999999999999999889e-01,4.500755745802843677e+01,9.243647411689083526e+01
3.809781442317125766e+01,1.519150678189843673e-01,6.894411444664001465e-01,4.185599088668823242e-02,1.100000000000000089e+00,2.999999999999999889e-01,2.999999999999999889e-01,8.800000000000001155e-01,2.999999999999999889e-01,4.506437548406604776e+01,9.260314032660114947e+01
3.814781427103322642e+01,1.524874942726311688e-01,7.001240253448486328e-01,5.253887176513671875e-02,1.100000000000000089e+00,2.999999999999999889e-01,2.999999999999999889e-01,8.800000000000001155e-01,2.999999999999999889e-01,4.512119349300010640e+01,9.276980648614105007e+01
3.819781413376409773e+01,1.533878831459601355e-01,7.139664888381958008e-01,6.638133525848388672e-02,1.100000000000000089e+00,2.999999999999999889e-01,2.999999999999999889e-01,8.800000000000001155e-01,2.999999999999999889e-01,4.517801151883063682e+01,9.293647269524394972e+01
3.824781398261184506e+01,1.508594293162364430e-01,7.304882407188415527e-01,8.290308713912963867e-02,1.100000000000000089e+00,2.999999999999999889e-01,2.999999999999999889e-01,8.800000000000001155e-01,2.999999999999999889e-01,4.523482952888489450e+01,9.310313885806976941e+01
3.829781384646106090e+01,1.547259642646087452e-01,7.495169043540954590e-01,1.019317507743835449e-01,1.100000000000000089e+00,2.999999999999999889e-01,2.999999999999999889e-01,8.800000000000001155e-01,2.999999999999999889e-01,4.529164755598627323e+01,9.326980507090048889e+01
3.834781369902486858e+01,1.383554786025212313e-01,7.707941532135009766e-01,1.232089996337890625e-01,1.100000000000000089e+00,2.999999999999999889e-01,2.999999999999999889e-01,8.800000000000001155e-01,2.999999999999999889e-01,4.534846557026332192e+01,9.343647124611317167e+01
3.839781362419144983e+01,3.400989668213358352e-02,7.948185205459594727e-01,1.472333669662475586e-01,1.100000000000000089e+00,2.999999999999999889e-01,2.999999999999999889e-01,8.800000000000001155e-01,2.999999999999999889e-01,4.540528366704353402e+01,9.360313766333511865e+01
3.844781362419144699e+01,2.244732177914368851e-12,8.210445642471313477e-01,1.734594106674194336e-01,1.100000000000000089e+00,2.999999999999999889e-01,2.999999999999999889e-01,8.800000000000001155e-01,2.999999999999999889e-01,4.546210184886171390e+01,9.376980433000179005e+01
3.849781362419144415e+01,3.615163723935502003e-12,8.492765426635742188e-01,2.016913890838623047e-01,1.100000000000000089e+00,2.999999999999999889e-01,2.999999999999999889e-01,8.800000000000001155e-01,2.999999999999999889e-01,4.551892003067988668e+01,9.393647099666843303e+01
3.854781362419144841e+01,1.370431546021436276e-12,8.790706992149353027e-01,2.314855456352233887e-01,1.100000000000000089e+00,2.999999999999999889e-01,2.999999999999999889e-01,8.800000000000001155e-01,2.999999999999999889e-01,4.557573821249807366e+01,9.410313766333511865e+01
3.859781362419144557e+01,1.745131816832442361e-12,9.097676873207092285e-01,2.621825337409973145e-01,1.100000000000000089e+00,2.999999999999999889e-01,2.999999999999999889e-01,8.800000000000001155e-01,2.999999999999999889e-01,4.563255639431625355e+01,9.426980433000179005e+01
3.864781362419144983e+01,2.619432448724860371e-12,9.404647350311279297e-01,2.928795814514160156e-01,1.100000000000000089e+00,2.999999999999999889e-01,2.999999999999999889e-01,8.800000000000001155e-01,2.999999999999999889e-01,4.568937457613444053e+01,9.443647099666847566e+01
3.869781362419144699e+01,3.115563362855135968e-12,9.711617827415466309e-01,3.235766291618347168e-01,1.100000000000000089e+00,2.999999999999999889e-01,2.999999999999999889e-01,8.800000000000001155e-01,2.999999999999999889e-01,4.574619275795262041e+01,9.460313766333513286e+01
3.874781362419144415e+01,2.744332538994954202e-12,9.981411695480346680e-01,3.505560159683227539e-01,1.100000000000000089e+00,2.999999999999999889e-01,2.999999999999999889e-01,8.800000000000001155e-01,2.999999999999999889e-01,4.580301093977079319e+01,9.476980433000177584e+01
3.879781362419145552e+01,1.866562460150960019e-12,9.674441814422607422e-01,3.198590278625488281e-01,1.100000000000000089e+00,2.999999999999999889e-01,2.999999999999999889e-01,8.800000000000001155e-01,2.999999999999999889e-01,4.585982912158898728e+01,9.493647099666847566e+01
3.884781362419144557e+01,3.615163723936111079e-12,9.367471337318420410e-01,2.891619801521301270e-01,1.100000000000000089e+00,2.999999999999999889e-01,2.999999999999999889e-01,8.800000000000001155e-01,2.999999999999999889e-01,4.591664730340716005e+01,9.510313766333511865e+01
3.889781362419144983e+01,6.231126725707885713e-12,9.060500860214233398e-01,2.584649324417114258e-01,1.100000000000000089e+00,2.999999999999999889e-01,2.999999999999999889e-01,8.800000000000001155e-01,2.999999999999999889e-01,4.597346548522534704e+01,9.526980433000180426e+01
3.894781362419144699e+01,5.734995811580297645e-12,8.753530383110046387e-01,2.277678847312927246e-01,1.100000000000000089e+00,2.999999999999999889e-01,2.999999999999999889e-01,8.800000000000001155e-01,2.999999999999999889e-01,4.603028366704352692e+01,9.543647099666847566e+01
3.899781362419144415e+01,2.615963001773347408e-12,8.450706005096435547e-01,1.974854469299316406e-01,1.100000000000000089e+00,2.999999999999999889e-01,2.999999999999999889e-01,8.800000000000001155e-01,2.999999999999999889e-01,4.608710184886169969e+01,9.560313766333511865e+01
3.904781362419144841e+01,8.743006318922712947e-13,8.158138990402221680e-01,1.682287454605102539e-01,1.100000000000000089e+00,2.999999999999999889e-01,2.999999999999999889e-01,8.800000000000001155e-01,2.999999999999999889e-01,4.614392003067988668e+01,9.576980433000179005e+01
3.909781362419144557e+01,1.370431546021436276e-12,7.889531254768371582e-01,1.413679718971252441e-01,1.100000000000000089e+00,2.999999999999999889e-01,2.999999999999999889e-01,8.800000000000001155e-01,2.999999999999999889e-01,4.620073821249806656e+01,9.593647099666846145e+01
3.914781362419144983e+01,3.611694276983548792e-12,7.644909024238586426e-01,1.169057488441467285e-01,1.100000000000000089e+00,2.999999999999999889e-01,2.999999999999999889e-01,8.800000000000001155e-01,2.999999999999999889e-01,4.625755639431625355e+01,9.610313766333514707e+01
3.919781362419144699e+01,2.244732177914368851e-12,7.424633502960205078e-01,9.487819671630859375e-02,1.100000000000000089e+00,2.999999999999999889e-01,2.999999999999999889e-01,8.800000000000001155e-01,2.999999999999999889e-01,4.631437457613442632e+01,9.626980433000179005e+01
3.924781362419144415e+01,1.962987166963706814e-02,7.230602502822875977e-01,7.547509670257568359e-02,1.100000000000000089e+00,2.999999999999999889e-01,2.999999999999999889e-01,8.800000000000001155e-01,2.999999999999999889e-01,4.637119275795260620e+01,9.643647099666846145e+01
3.929781348493788329e+01,2.312928527446699023e-01,7.065076828002929688e-01,5.892252922058105469e-02,1.100000000000000089e+00,2.999999999999999889e-01,2.999999999999999889e-01,8.800000000000001155e-01,2.999999999999999889e-01,4.642801078152810845e+01,9.660313719915660613e+01
3.934781238435960660e+01,3.558040711017048663e-01,6.931239366531372070e-01,4.553878307342529297e-02,1.100000000000000089e+00,2.999999999999999889e-01,2.999999999999999889e-01,8.800000000000001155e-01,2.999999999999999889e-01,4.648482771268916025e+01,9.676980019722901716e+01
3.939781128815247513e+01,4.215729335141416567e-01,6.820470094680786133e-01,3.446185588836669922e-02,1.100000000000000089e+00,2.999999999999999889e-01,2.999999999999999889e-01,8.800000000000001155e-01,2.999999999999999889e-01,4.654164464881741736e+01,9.693646320987191700e+01
3.944781027341463187e+01,3.526752464458495218e-01,6.734353899955749512e-01,2.585023641586303711e-02,1.100000000000000089e+00,2.999999999999999889e-01,2.999999999999999889e-01,8.800000000000001155e-01,2.999999999999999889e-01,4.659846167752441204e+01,9.710312649407910612e+01
3.949780919620892661e+01,4.182090721335753325e-01,6.674040555953979492e-01,1.981890201568603516e-02,1.100000000000000089e+00,2.999999999999999889e-01,2.999999999999999889e-01,8.800000000000001155e-01,2.999999999999999889e-01,4.665527863524520313e+01,9.726978957006008386e+01
3.954780791033252285e+01,3.758422076909220255e-01,6.641846895217895508e-01,1.659953594207763672e-02,1.100000000000000089e+00,2.999999999999999889e-01,2.999999999999999889e-01,8.800000000000001155e-01,2.999999999999999889e-01,4.671209535584019790e+01,9.743645195047207608e+01
3.959780673987361155e+01,3.978475924257879326e-01,6.639862060546875000e-01,1.640105247497558594e-02,1.100000000000000089e+00,2.999999999999999889e-01,2.999999999999999889e-01,8.800000000000001155e-01,2.999999999999999889e-01,4.676891220759144119e+01,9.760311471560905261e+01
3.964780529943228515e+01,4.040037565522267560e-01,6.663709878921508789e-01,1.878583431243896484e-02,1.100000000000000089e+00,2.999999999999999889e-01,2.999999999999999889e-01,8.800000000000001155e-01,2.999999999999999889e-01,4.682572875254448519e+01,9.776977658080464550e+01
3.969780412204955411e+01,3.771348223896884844e-01,6.713181138038635254e-01,2.373296022415161133e-02,1.100000000000000089e+00,2.999999999999999889e-01,2.999999999999999889e-01,8.800000000000001155e-01,2.999999999999999889e-01,4.688254559642774666e+01,9.793643932286221343e+01
3.974780282683665433e+01,4.290375135895744263e-01,6.791210174560546875e-01,3.153586387634277344e-02,1.100000000000000089e+00,2.999999999999999889e-01,2.999999999999999889e-01,8.800000000000001155e-01,2.999999999999999889e-01,4.693936230641308782e+01,9.810310167215253330e+01
3.979780171711673376e+01,3.612667207402424085e-01,6.896222233772277832e-01,4.203706979751586914e-02,1.100000000000000089e+00,2.999999999999999889e-01,2.999999999999999889e-01,8.800000000000001155e-01,2.999999999999999889e-01,4.699617922718590535e+01,9.826976463975280751e+01
3.984780066369299334e+01,4.396576362524248216e-01,7.025282382965087891e-01,5.494308471679687500e-02,1.100000000000000089e+00,2.999999999999999889e-01,2.999999999999999889e-01,8.800000000000001155e-01,2.999999999999999889e-01,4.705299621193164938e+01,9.843642779500700613e+01
3.989779953325309947e+01,3.664885320825048143e-01,7.175545692443847656e-01,6.996941566467285156e-02,1.100000000000000089e+00,2.999999999999999889e-01,2.999999999999999889e-01,8.800000000000001155e-01,2.999999999999999889e-01,4.710981310915904174e+01,9.860309069354069322e+01
3.994779838167917774e+01,4.145642149039545643e-01,7.346223592758178711e-01,8.703720569610595703e-02,1.100000000000000089e+00,2.999999999999999889e-01,2.999999999999999889e-01,8.800000000000001155e-01,2.999999999999999889e-01,4.716662998237049464e+01,9.876975352162763500e+01
3.999779698220555701e+01,3.872262720830819127e-01,7.542052865028381348e-01,1.066201329231262207e-01,1.100000000000000089e+00,2.999999999999999889e-01,2.999999999999999889e-01,8.800000000000001155e-01,2.999999999999999889e-01,4.722344657387774447e+01,9.893641552338223732e+01
4.004779580586471610e+01,3.863077164963796828e-01,7.755479812622070312e-01,1.279628276824951172e-01,1.100000000000000089e+00,2.999999999999999889e-01,2.999999999999999889e-01,8.800000000000001155e-01,2.999999999999999889e-01,4.728026341894497619e+01,9.910307826891278182e+01
4.009779443110771524e+01,4.076492754849825872e-01,7.985063791275024414e-01,1.509212255477905273e-01,1.100000000000000089e+00,2.999999999999999889e-01,2.999999999999999889e-01,8.800000000000001155e-01,2.999999999999999889e-01,4.733708003853929114e+01,9.926974035305610755e+01
4.014779331454440836e+01,3.542978062648780013e-01,8.200164437294006348e-01,1.724312901496887207e-01,1.100000000000000089e+00,2.999999999999999889e-01,2.999999999999999889e-01,8.800000000000001155e-01,2.999999999999999889e-01,4.739389695153553106e+01,9.943640329784508936e+01
4.019779232213637243e+01,4.285351730036806028e-01,8.351535201072692871e-01,1.875683665275573730e-01,1.100000000000000089e+00,2.999999999999999889e-01,2.999999999999999889e-01,8.800000000000001155e-01,2.999999999999999889e-01,4.745071400561730712e+01,9.960306665648496960e+01
4.024779137038166965e+01,3.470400684604786901e-01,8.486558198928833008e-01,2.010706663131713867e-01,1.100000000000000089e+00,2.999999999999999889e-01,2.999999999999999889e-01,8.800000000000001155e-01,2.999999999999999889e-01,4.750753110589605654e+01,9.976973015063596506e+01
4.029779029678421409e+01,2.261328077116157853e-01,8.642565608024597168e-01,2.166714072227478027e-01,1.100000000000000089e+00,2.999999999999999889e-01,2.999999999999999889e-01,8.800000000000001155e-01,2.999999999999999889e-01,4.756434806771712687e+01,9.993639323864444179e+01
4.034779018921165061e+01,1.450938717131735993e-02,8.818731904029846191e-01,2.342880368232727051e-01,1.100000000000000089e+00,2.999999999999999889e-01,2.999999999999999889e-01,8.800000000000001155e-01,2.999999999999999889e-01,4.762116612729376186e+01,1.001030595467359063e+02
4.039779018921165488e+01,3.191891195797541643e-13,9.018316268920898438e-01,2.542464733123779297e-01,1.100000000000000089e+00,2.999999999999999889e-01,2.999999999999999889e-01,8.800000000000001155e-01,2.999999999999999889e-01,4.767798430911194885e+01,1.002697262134025920e+02
4.044779018921164493e+01,4.250072516144204895e-12,9.240267872810363770e-01,2.764416337013244629e-01,1.100000000000000089e+00,2.999999999999999889e-01,2.999999999999999889e-01,8.800000000000001155e-01,2.999999999999999889e-01,4.773480249093012162e+01,1.004363928800692349e+02
4.049779018921164919e+01,5.110495360227218105e-12,9.482943415641784668e-01,3.007091879844665527e-01,1.100000000000000089e+00,2.999999999999999889e-01,2.999999999999999889e-01,8.800000000000001155e-01,2.999999999999999889e-01,4.779162067274830150e+01,1.006030595467359063e+02
4.054779018921165346e+01,6.973588373426590844e-13,9.744828343391418457e-01,3.268976807594299316e-01,1.100000000000000089e+00,2.999999999999999889e-01,2.999999999999999889e-01,8.800000000000001155e-01,2.999999999999999889e-01,4.784843885456648849e+01,1.007697262134025777e+02
4.059779018921165061e+01,7.008282842946125976e-13,1.002440214157104492e+00,3.548550605773925781e-01,1.100000000000000089e+00,2.999999999999999889e-01,2.999999999999999889e-01,8.800000000000001155e-01,2.999999999999999889e-01,4.790525703638466837e+01,1.009363928800692349e+02
4.064779018921165488e+01,1.935951399189967276e-12,1.032182216644287109e+00,3.845970630645751953e-01,1.100000000000000089e+00,2.999999999999999889e-01,2.999999999999999889e-01,8.800000000000001155e-01,2.999999999999999889e-01,4.796207521820285535e+01,1.011030595467359063e+02
4.069779018921165203e+01,1.398187121637514525e-12,1.063548326492309570e+00,4.159631729125976562e-01,1.100000000000000089e+00,2.999999999999999889e-01,2.999999999999999889e-01,8.800000000000001155e-01,2.999999999999999889e-01,4.801889340002103523e+01,1.012697262134025777e+02
4.074779018921164919e+01,2.095545958980100100e-12,1.096271157264709473e+00,4.486860036849975586e-01,1.100000000000000089e+00,2.999999999999999889e-01,2.999999999999999889e-01,8.800000000000001155e-01,2.999999999999999889e-01,4.807571158183920801e+01,1.014363928800692207e+02
4.079779018921165346e+01,7.008282842945391894e-13,1.130205750465393066e+00,4.826205968856811523e-01,1.100000000000000089e+00,2.999999999999999889e-01,2.999999999999999889e-01,8.800000000000001155e-01,2.999999999999999889e-01,4.813252976365739499e+01,1.016030595467359063e+02
4.084779018921165061e+01,1.935951399189967276e-12,1.165283679962158203e+00,5.176985263824462891e-01,1.100000000000000089e+00,2.999999999999999889e-01,2.999999999999999889e-01,8.800000000000001155e-01,2.999999999999999889e-01,4.818934794547557487e+01,1.017697262134025777e+02
4.089779018921165488e+01,2.636779683484787981e-12,1.187119364738464355e+00,5.395342111587524414e-01,1.100000000000000089e+00,2.999999999999999889e-01,2.999999999999999889e-01,8.800000000000001155e-01,2.999999999999999889e-01,4.824616612729376186e+01,1.019363928800692491e+02
4.094779018921165203e+01,6.973588373428448769e-13,1.169472694396972656e+00,5.218875408172607422e-01,1.100000000000000089e+00,2.999999999999999889e-01,2.999999999999999889e-01,8.800000000000001155e-01,2.999999999999999889e-01,4.830298430911194174e+01,1.021030595467359063e+02
4.099779018921164919e+01,2.796374243274510043e-12,1.146264076232910156e+00,4.986789226531982422e-01,1.100000000000000089e+00,2.999999999999999889e-01,2.999999999999999889e-01,8.800000000000001155e-01,2.999999999999999889e-01,4.835980249093011452e+01,1.022697262134025493e+02
4.104779018921165346e+01,6.973588373424565302e-13,1.125035881996154785e+00,4.774507284164428711e-01,1.100000000000000089e+00,2.999999999999999889e-01,2.999999999999999889e-01,8.800000000000001155e-01,2.999999999999999889e-01,4.841662067274830150e+01,1.024363928800692349e+02
4.109779018921165772e+01,1.595945597898687518e-13,1.105519533157348633e+00,4.579343795776367188e-01,1.100000000000000089e+00,2.999999999999999889e-01,2.999999999999999889e-01,8.800000000000001155e-01,2.999999999999999889e-01,4.847343885456648849e+01,1.026030595467359205e+02
4.114779018921165488e+01,5.377642775528684614e-13,1.088087797164916992e+00,4.405026435852050781e-01,1.100000000000000089e+00,2.999999999999999889e-01,2.999999999999999889e-01,8.800000000000001155e-01,2.999999999999999889e-01,4.853025703638466837e+01,1.027697262134025777e+02
4.119779018921165203e+01,2.477185123695048552e-12,1.072569251060485840e+00,4.249840974807739258e-01,1.100000000000000089e+00,2.999999999999999889e-01,2.999999999999999889e-01,8.800000000000001155e-01,2.999999999999999889e-01,4.858707521820284825e+01,1.029363928800692491e+02
4.124779018921164919e+01,4.253541963094578465e-12,1.059271693229675293e+00,4.116865396499633789e-01,1.100000000000000089e+00,2.999999999999999889e-01,2.999999999999999889e-01,8.800000000000001155e-01,2.999999999999999889e-01,4.864389340002102813e+01,1.031030595467359063e+02
4.129779018921165346e+01,3.781697177629254178e-13,1.048082232475280762e+00,4.004970788955688477e-01,1.100000000000000089e+00,2.999999999999999889e-01,2.999999999999999889e-01,8.800000000000001155e-01,2.999999999999999889e-01,4.870071158183921511e+01,1.032697262134025920e+02
4.134779018921165061e+01,3.330669073875829897e-12,1.039218664169311523e+00,3.916335105895996094e-01,1.100000000000000089e+00,2.999999999999999889e-01,2.999999999999999889e-01,8.800000000000001155e-01,2.999999999999999889e-01,4.875752976365738789e+01,1.034363928800692349e+02
4.139779018921165488e+01,6.973588373426590844e-13,1.032612085342407227e+00,3.850269317626953125e-01,1.100000000000000089e+00,2.999999999999999889e-01,2.999999999999999889e-01,8.800000000000001155e-01,2.999999999999999889e-01,4.881434794547557487e+01,1.036030595467359063e+02
4.144779018921165203e+01,6.973588373427886343e-13,1.028617501258850098e+00,3.810323476791381836e-01,1.100000000000000089e+00,2.999999999999999889e-01,2.999999999999999889e-01,8.800000000000001155e-01,2.999999999999999889e-01,4.887116612729375476e+01,1.037697262134025635e+02
4.149779018921164919e+01,1.595945597898687518e-13,1.026998519897460938e+00,3.794133663177490234e-01,1.100000000000000089e+00,2.999999999999999889e-01,2.999999999999999889e-01,8.800000000000001155e-01,2.999999999999999889e-01,4.892798430911193464e+01,1.039363928800692207e+02
4.154779018921165346e+01,2.099015405932054118e-12,1.027808666229248047e+00,3.802235126495361328e-01,1.100000000000000089e+00,2.999999999999999889e-01,2.999999999999999889e-01,8.800000000000001155e-01,2.999999999999999889e-01,4.898480249093012162e+01,1.041030595467359063e+02
4.159779018921165061e+01,1.557781681427033628e-12,1.030552387237548828e+00,3.829672336578369141e-01,1.100000000000000089e+00,2.999999999999999889e-01,2.999999999999999889e-01,8.800000000000001155e-01,2.999999999999999889e-01,4.904162067274829440e+01,1.042697262134025493e+02
4.164779018921166198e+01,1.776356839399690462e-12,1.033020615577697754e+00,3.854354619979858398e-01,1.100000000000000089e+00,2.999999999999999889e-01,2.999999999999999889e-01,8.800000000000001155e-01,2.999999999999999889e-01,4.909843885456648849e+01,1.044363928800692491e+02
4.169779018921166625e+01,2.095545958980320224e-12,1.035573959350585938e+00,3.879888057708740234e-01,1.100000000000000089e+00,2.999999999999999889e-01,2.999999999999999889e-01,8.800000000000001155e-01,2.999999999999999889e-01,4.915525703638467547e+01,1.046030595467359205e+02
4.174779018921165630e+01,8.569533971326353990e-13,1.040485382080078125e+00,3.929002285003662109e-01,1.100000000000000089e+00,2.999999999999999889e-01,2.999999999999999889e-01,8.800000000000001155e-01,2.999999999999999889e-01,4.921207521820284825e+01,1.047697262134025635e+02
4.179779018921166056e+01,7.008282842945391894e-13,1.047795414924621582e+00,4.002102613449096680e-01,1.100000000000000089e+00,2.999999999999999889e-01,2.999999999999999889e-01,8.800000000000001155e-01,2.999999999999999889e-01,4.926889340002103523e+01,1.049363928800692491e+02
4.184779018921165772e+01,6.973588373425859791e-13,1.057583928108215332e+00,4.099987745285034180e-01,1.100000000000000089e+00,2.999999999999999889e-01,2.999999999999999889e-01,8.800000000000001155e-01,2.999999999999999889e-01,4.932571158183921511e+01,1.051030595467359205e+02
4.189779018921166198e+01,1.398187121637255223e-12,1.069599032402038574e+00,4.220138788223266602e-01,1.100000000000000089e+00,2.999999999999999889e-01,2.999999999999999889e-01,8.800000000000001155e-01,2.999999999999999889e-01,4.938252976365740210e+01,1.052697262134026062e+02
4.194779018921165914e+01,5.412337245049229488e-13,1.083751678466796875e+00,4.361665248870849609e-01,1.100000000000000089e+00,2.999999999999999889e-01,2.999999999999999889e-01,8.800000000000001155e-01,2.999999999999999889e-01,4.943934794547558198e+01,1.054363928800692634e+02
4.199779018921164919e+01,1.554312234475242987e-12,1.099965333938598633e+00,4.523801803588867188e-01,1.100000000000000089e+00,2.999999999999999889e-01,2.999999999999999889e-01,8.800000000000001155e-01,2.999999999999999889e-01,4.949616612729375476e+01,1.056030595467359063e+02
4.204779018921165346e+01,2.095545958979711148e-12,1.118141174316406250e+00,4.705560207366943359e-01,1.100000000000000089e+00,2.999999999999999889e-01,2.999999999999999889e-01,8.800000000000001155e-01,2.999999999999999889e-01,4.955298430911194174e+01,1.057697262134025920e+02
4.209779018921165061e+01,1.398187121637255223e-12,1.138189196586608887e+00,4.906040430068969727e-01,1.100000000000000089e+00,2.999999999999999889e-01,2.999999999999999889e-01,8.800000000000001155e-01,2.999999999999999889e-01,4.960980249093012162e+01,1.059363928800692491e+02
4.214779018921165488e+01,2.099015405932054118e-12,1.160009384155273438e+00,5.124242305755615234e-01,1.100000000000000089e+00,2.999999999999999889e-01,2.999999999999999889e-01,8.800000000000001155e-01,2.999999999999999889e-01,4.966662067274830861e+01,1.061030595467359348e+02
4.219779018921165203e+01,4.031497358170161888e-12,1.183648586273193359e+00,5.360634326934814453e-01,1.100000000000000089e+00,2.999999999999999889e-01,2.999999999999999889e-01,8.800000000000001155e-01,2.999999999999999889e-01,4.972343885456648138e+01,1.062697262134025777e+02
4.224779018921165630e+01,1.939420846141560614e-12,1.208156943321228027e+00,5.605717897415161133e-01,1.100000000000000089e+00,2.999999999999999889e-01,2.999999999999999889e-01,8.800000000000001155e-01,2.999999999999999889e-01,4.978025703638466837e+01,1.064363928800692634e+02
4.229779018921166056e+01,3.781697177630047835e-13,1.232736706733703613e+00,5.851515531539916992e-01,1.100000000000000089e+00,2.999999999999999889e-01,2.999999999999999889e-01,8.800000000000001155e-01,2.999999999999999889e-01,4.983707521820285535e+01,1.066030595467359490e+02
4.234779018921165061e+01,3.781697177630047835e-13,1.257858037948608398e+00,6.102728843688964844e-01,1.100000000000000089e+00,2.999999999999999889e-01,2.999999999999999889e-01,8.800000000000001155e-01,2.999999999999999889e-01,4.989389340002102813e+01,1.067697262134025920e+02
4.239779018921165488e+01,3.174543961036812601e-12,1.284085512161254883e+00,6.365003585815429688e-01,1.100000000000000089e+00,2.999999999999999889e-01,2.999999999999999889e-01,8.800000000000001155e-01,2.999999999999999889e-01,4.995071158183921511e+01,1.069363928800692776e+02
4.244779018921165914e+01,4.250072516143414873e-12,1.311662554740905762e+00,6.640774011611938477e-01,1.100000000000000089e+00,2.999999999999999889e-01,2.999999999999999889e-01,8.800000000000001155e-01,2.999999999999999889e-01,5.000752976365740210e+01,1.071030595467359632e+02
4.249779018921165630e+01,1.078998002057647320e-12,1.340509533882141113e+00,6.929243803024291992e-01,1.100000000000000089e+00,2.999999999999999889e-01,2.999999999999999889e-01,8.800000000000001155e-01,2.999999999999999889e-01,5.006434794547557487e+01,1.072697262134026062e+02
4.254779018921166056e+01,8.604228440845894170e-13,1.370541930198669434e+00,7.229567766189575195e-01,1.100000000000000089e+00,2.999999999999999889e-01,2.999999999999999889e-01,8.800000000000001155e-01,2.999999999999999889e-01,5.012116612729376186e+01,1.074363928800692918e+02
4.259779018921165061e+01,1.554312234475242987e-12,1.401868224143981934e+00,7.542830705642700195e-01,1.100000000000000089e+00,2.999999999999999889e-01,2.999999999999999889e-01,8.800000000000001155e-01,2.999999999999999889e-01,5.017798430911193464e+01,1.076030595467359348e+02
4.264779018921165488e+01,2.095545958979711148e-12,1.434263467788696289e+00,7.866783142089843750e-01,1.100000000000000089e+00,2.999999999999999889e-01,2.999999999999999889e-01,8.800000000000001155e-01,2.999999999999999889e-01,5.023480249093012162e+01,1.077697262134026204e+02
4.269779018921165203e+01,6.973588373427154280e-13,1.467629671096801758e+00,8.200445175170898438e-01,1.100000000000000089e+00,2.999999999999999889e-01,2.999999999999999889e-01,8.800000000000001155e-01,2.999999999999999889e-01,5.029162067274830150e+01,1.079363928800692776e+02
4.274779018921164919e+01,6.973588373425859791e-13,1.501247406005859375e+00,8.536622524261474609e-01,1.100000000000000089e+00,2.999999999999999889e-01,2.999999999999999889e-01,8.800000000000001155e-01,2.999999999999999889e-01,5.034843885456648138e+01,1.081030595467359490e+02
4.279779018921165346e+01,5.377642775527686989e-13,1.536981701850891113e+00,8.893965482711791992e-01,1.100000000000000089e+00,2.999999999999999889e-01,2.999999999999999889e-01,8.800000000000001155e-01,2.999999999999999889e-01,5.040525703638466837e+01,1.082697262134026346e+02
4.284779018921165061e+01,5.377642775527686989e-13,1.570509314537048340e+00,9.229241609573364258e-01,1.100000000000000089e+00,2.999999999999999889e-01,2.999999999999999889e-01,8.800000000000001155e-01,2.999999999999999889e-01,5.046207521820284825e+01,1.084363928800692918e+02
4.289779018921165488e+01,2.099015405932054118e-12,1.600480079650878906e+00,9.528949260711669922e-01,1.100000000000000089e+00,2.999999999999999889e-01,2.999999999999999889e-01,8.800000000000001155e-01,2.999999999999999889e-01,5.051889340002103523e+01,1.086030595467359774e+02
4.294779018921165203e+01,3.174543961038656390e-12,1.643498778343200684e+00,9.959136247634887695e-01,1.100000000000000089e+00,2.999999999999999889e-01,2.999999999999999889e-01,8.800000000000001155e-01,2.999999999999999889e-01,5.057571158183920801e+01,1.087697262134026204e+02
4.299779018921164919e+01,2.855354841457454104e-12,1.625145196914672852e+00,9.775600433349609375e-01,1.100000000000000089e+00,2.999999999999999889e-01,2.999999999999999889e-01,8.800000000000001155e-01,2.999999999999999889e-01,5.063252976365738078e+01,1.089363928800692634e+02
4.304779018921166056e+01,1.616762279610089973e-12,1.592001080513000488e+00,9.444159269332885742e-01,1.100000000000000089e+00,2.999999999999999889e-01,2.999999999999999889e-01,8.800000000000001155e-01,2.999999999999999889e-01,5.068934794547557487e+01,1.091030595467359632e+02
4.309779018921165772e+01,1.595945597898687518e-13,1.554412841796875000e+00,9.068276882171630859e-01,1.100000000000000089e+00,2.999999999999999889e-01,2.999999999999999889e-01,8.800000000000001155e-01,2.999999999999999889e-01,5.074616612729375476e+01,1.092697262134026204e+02
4.314779018921166198e+01,3.781697177630047835e-13,1.517178416252136230e+00,8.695932626724243164e-01,1.100000000000000089e+00,2.999999999999999889e-01,2.999999999999999889e-01,8.669256681499446504e-01,2.999999999999999889e-01,5.080340954744792015e+01,1.094363928800693060e+02
4.319779018921165203e+01,1.345639561344232071e-01,1.481075406074523926e+00,8.334902524948120117e-01,1.100000000000000089e+00,2.999999999999999889e-01,2.999999999999999889e-01,8.071927366479743071e-01,2.999999999999999889e-01,5.086314247894988938e+01,1.096030595467359490e+02
4.324778713480725401e+01,1.681031727229132855e+00,1.445174455642700195e+00,7.975893020629882812e-01,7.712799556447519356e-01,2.999999999999999889e-01,2.999999999999999889e-01,7.426750452964205884e-01,2.999999999999999889e-01,5.092766017030144354e+01,1.097697160320546317e+02
4.329776190472815500e+01,2.214267181661567996e+00,1.407608628273010254e+00,7.600234746932983398e-01,6.720243173161517536e-01,2.999999999999999889e-01,2.999999999999999889e-01,6.720243173161517536e-01,2.999999999999999889e-01,5.099831089828171571e+01,1.099362985984576255e+02
4.334773434287041738e+01,2.253731388540553660e+00,1.367085337638854980e+00,7.195001840591430664e-01,6.661145549839394553e-01,2.999999999999999889e-01,2.999999999999999889e-01,6.661145549839394553e-01,2.999999999999999889e-01,5.107300036314475022e+01,1.101028733922651526e+02
4.339770697228429697e+01,2.213449585043408163e+00,1.323951482772827148e+00,6.763663291931152344e-01,6.721484209063617321e-01,2.999999999999999889e-01,2.999999999999999889e-01,6.721484209063617321e-01,2.999999999999999889e-01,5.114768318754349963e+01,1.102694488236447654e+02
4.344768223871609081e+01,1.660685060752817410e+00,1.278673410415649414e+00,6.310882568359375000e-01,7.759904215655190063e-01,2.999999999999999889e-01,2.999999999999999889e-01,7.427880132248348977e-01,2.999999999999999889e-01,5.121832277986197113e+01,1.104360330450840735e+02
4.349767970396278827e+01,1.207359335874441247e-01,1.232102274894714355e+00,5.845171213150024414e-01,1.100000000000000089e+00,2.999999999999999889e-01,2.999999999999999889e-01,8.072973201267836796e-01,2.999999999999999889e-01,5.128283208676391780e+01,1.106026912625730603e+02
4.354767970396279253e+01,0.000000000000000000e+00,1.185698032379150391e+00,5.381128787994384766e-01,1.100000000000000089e+00,2.999999999999999889e-01,2.999999999999999889e-01,8.670230464548766003e-01,2.999999999999999889e-01,5.134255781309200728e+01,1.107693579292397459e+02
4.359767970396279679e+01,1.650494845678442679e-01,1.139598131179809570e+00,4.920129776000976562e-01,1.100000000000000089e+00,2.999999999999999889e-01,2.999999999999999889e-01,8.800000000000001155e-01,2.999999999999999889e-01,5.139979804252282491e+01,1.109360245959064173e+02
4.364767654337979508e+01,1.316482690291251867e+00,1.094022870063781738e+00,4.464377164840698242e-01,8.715502331628898203e-01,2.999999999999999889e-01,2.999999999999999889e-01,8.557525843807655130e-01,2.999999999999999889e-01,5.145740629829256818e+01,1.111026807272964163e+02
4.369766359191977045e+01,1.581431742935698104e+00,1.050454020500183105e+00,4.028688669204711914e-01,7.951970753180651608e-01,2.999999999999999889e-01,2.999999999999999889e-01,7.951970753180651608e-01,2.999999999999999889e-01,5.151796180735527031e+01,1.112693042224296676e+02
4.374765043325302827e+01,1.596679560982092960e+00,1.009687304496765137e+00,3.621021509170532227e-01,7.913910182813681526e-01,2.999999999999999889e-01,2.999999999999999889e-01,7.913910182813681526e-01,2.999999999999999889e-01,5.158097355127911499e+01,1.114359270268738555e+02
4.379763721237448237e+01,1.574576789738736826e+00,9.717229604721069336e-01,3.241378068923950195e-01,7.969261490747227006e-01,2.999999999999999889e-01,2.999999999999999889e-01,7.969261490747227006e-01,2.999999999999999889e-01,5.164391662102464409e+01,1.116025496239453787e+02
4.384762420567550123e+01,1.141443887535721791e+00,9.358758926391601562e-01,2.882907390594482422e-01,9.359932495968021904e-01,2.999999999999999889e-01,2.999999999999999889e-01,8.573594775128468015e-01,2.999999999999999889e-01,5.170434994946276674e+01,1.117691729349487701e+02
4.389762325282040933e+01,6.567977670983060623e-02,9.019132256507873535e-01,2.543280720710754395e-01,1.100000000000000089e+00,2.999999999999999889e-01,2.999999999999999889e-01,8.800000000000001155e-01,2.999999999999999889e-01,5.176190746452175517e+01,1.119358364254318019e+02
4.394762325282041360e+01,2.066055659888820728e-12,8.695040345191955566e-01,2.219188809394836426e-01,1.100000000000000089e+00,2.999999999999999889e-01,2.999999999999999889e-01,8.800000000000001155e-01,2.999999999999999889e-01,5.181872564633994216e+01,1.121025030920984733e+02
4.399762325282040365e+01,4.423544863741100429e-12,8.385272622108459473e-01,1.909421086311340332e-01,1.100000000000000089e+00,2.999999999999999889e-01,2.999999999999999889e-01,8.800000000000001155e-01,2.999999999999999889e-01,5.187554382815811493e+01,1.122691697587651021e+02
4.404762325282041502e+01,7.424616477180243629e-13,8.096548914909362793e-01,1.620697379112243652e-01,1.100000000000000089e+00,2.999999999999999889e-01,2.999999999999999889e-01,8.800000000000001155e-01,2.999999999999999889e-01,5.193236200997630903e+01,1.124358364254318019e+02
4.409762325282041218e+01,2.938621568304872373e-12,7.829338908195495605e-01,1.353487372398376465e-01,1.100000000000000089e+00,2.999999999999999889e-01,2.999999999999999889e-01,8.800000000000001155e-01,2.999999999999999889e-01,5.198918019179448180e+01,1.126025030920984449e+02
4.414762325282041644e+01,3.970782036510340329e-12,7.583032846450805664e-01,1.107181310653686523e-01,1.100000000000000089e+00,2.999999999999999889e-01,2.999999999999999889e-01,8.800000000000001155e-01,2.999999999999999889e-01,5.204599837361266879e+01,1.127691697587651305e+02
4.419762325282041360e+01,3.681083216023129582e-12,7.365925312042236328e-01,8.900737762451171875e-02,1.100000000000000089e+00,2.999999999999999889e-01,2.999999999999999889e-01,8.800000000000001155e-01,2.999999999999999889e-01,5.210281655543084867e+01,1.129358364254318019e+02
4.424762325282041076e+01,1.033895191682193588e-12,7.175536155700683594e-01,6.996846199035644531e-02,1.100000000000000089e+00,2.999999999999999889e-01,2.999999999999999889e-01,8.800000000000001155e-01,2.999999999999999889e-01,5.215963473724902855e+01,1.131025030920984591e+02
4.429762325282041502e+01,2.914335439641195963e-13,7.014212608337402344e-01,5.383610725402832031e-02,1.100000000000000089e+00,2.999999999999999889e-01,2.999999999999999889e-01,8.800000000000001155e-01,2.999999999999999889e-01,5.221645291906721553e+01,1.132691697587651305e+02
4.434762325282041218e+01,2.255140518769748501e-13,6.887979507446289062e-01,4.121279716491699219e-02,1.100000000000000089e+00,2.999999999999999889e-01,2.999999999999999889e-01,8.800000000000001155e-01,2.999999999999999889e-01,5.227327110088538831e+01,1.134358364254317877e+02
4.439762325282041644e+01,2.272487753529515815e-13,6.794430613517761230e-01,3.185790777206420898e-02,1.100000000000000089e+00,2.999999999999999889e-01,2.999999999999999889e-01,8.800000000000001155e-01,2.999999999999999889e-01,5.233008928270357529e+01,1.136025030920984733e+02
4.444762325282041360e+01,8.083811398053165062e-13,6.736253499984741211e-01,2.604019641876220703e-02,1.100000000000000089e+00,2.999999999999999889e-01,2.999999999999999889e-01,8.800000000000001155e-01,2.999999999999999889e-01,5.238690746452174807e+01,1.137691697587651305e+02
4.449762325282041076e+01,0.000000000000000000e+00,6.701711416244506836e-01,2.258598804473876953e-02,1.100000000000000089e+00,2.999999999999999889e-01,2.999999999999999889e-01,8.800000000000001155e-01,2.999999999999999889e-01,5.244372564633992795e+01,1.139358364254318019e+02
4.454762325282040791e+01,1.840541608011309932e-12,6.642858386039733887e-01,1.670068502426147461e-02,1.100000000000000089e+00,2.999999999999999889e-01,2.999999999999999889e-01,8.800000000000001155e-01,2.999999999999999889e-01,5.250054382815810783e+01,1.141025030920984733e+02
4.459762325282041218e+01,1.323594012170113578e-12,6.614552736282348633e-01,1.387012004852294922e-02,1.100000000000000089e+00,2.999999999999999889e-01,2.999999999999999889e-01,8.800000000000001155e-01,2.999999999999999889e-01,5.255736200997629481e+01,1.142691697587651447e+02
4.464762325282041644e+01,1.323594012170113578e-12,6.624366641044616699e-01,1.485151052474975586e-02,1.100000000000000089e+00,2.999999999999999889e-01,2.999999999999999889e-01,8.800000000000001155e-01,2.999999999999999889e-01,5.261418019179448180e+01,1.144358364254318161e+02
4.469762325282042070e+01,7.424616477183189047e-13,6.671282052993774414e-01,1.954305171966552734e-02,1.100000000000000089e+00,2.999999999999999889e-01,2.999999999999999889e-01,8.800000000000001155e-01,2.999999999999999889e-01,5.267099837361266879e+01,1.146025030920984875e+02
4.474762325282041076e+01,2.196159920586672921e-12,6.755293607711791992e-01,2.794420719146728516e-02,1.100000000000000089e+00,2.999999999999999889e-01,2.999999999999999889e-01,8.800000000000001155e-01,2.999999999999999889e-01,5.272781655543083446e+01,1.147691697587651163e+02
4.479762325282042212e+01,3.230055112268225120e-12,6.874440312385559082e-01,3.985887765884399414e-02,1.100000000000000089e+00,2.999999999999999889e-01,2.999999999999999889e-01,8.800000000000001155e-01,2.999999999999999889e-01,5.278463473724902855e+01,1.149358364254318303e+02
4.484762325282041928e+01,2.272487753529692519e-13,7.027053833007812500e-01,5.512022972106933594e-02,1.100000000000000089e+00,2.999999999999999889e-01,2.999999999999999889e-01,8.800000000000001155e-01,2.999999999999999889e-01,5.284145291906720132e+01,1.151025030920984733e+02
4.489762325282042355e+01,2.357489203852141972e-12,7.201753258705139160e-01,7.259017229080200195e-02,1.100000000000000089e+00,2.999999999999999889e-01,2.999999999999999889e-01,8.800000000000001155e-01,2.999999999999999889e-01,5.289827110088538831e+01,1.152691697587651589e+02
4.494762325282042070e+01,8.083811398053165062e-13,7.383524179458618164e-01,9.076726436614990234e-02,1.100000000000000089e+00,2.999999999999999889e-01,2.999999999999999889e-01,8.800000000000001155e-01,2.999999999999999889e-01,5.295508928270356819e+01,1.154358364254318303e+02
4.499762325282041786e+01,2.914335439641195963e-13,7.571853399276733398e-01,1.096001863479614258e-01,1.100000000000000089e+00,2.999999999999999889e-01,2.999999999999999889e-01,8.800000000000001155e-01,2.999999999999999889e-01,5.301190746452174096e+01,1.156025030920984875e+02
4.504762325282042212e+01,5.169475958410454991e-13,7.779047489166259766e-01,1.303195953369140625e-01,1.100000000000000089e+00,2.999999999999999889e-01,2.999999999999999889e-01,8.800000000000001155e-01,2.999999999999999889e-01,5.306872564633992795e+01,1.157691697587651589e+02
4.509762325282041928e+01,1.840541608011309932e-12,8.011949658393859863e-01,1.536098122596740723e-01,1.100000000000000089e+00,2.999999999999999889e-01,2.999999999999999889e-01,8.800000000000001155e-01,2.999999999999999889e-01,5.312554382815810783e+01,1.159358364254318303e+02
4.514762325282042355e+01,2.357489203852610088e-12,8.268470764160156250e-01,1.792619228363037109e-01,1.100000000000000089e+00,2.999999999999999889e-01,2.999999999999999889e-01,8.800000000000001155e-01,2.999999999999999889e-01,5.318236200997629481e+01,1.161025030920985017e+02
4.519762325282042070e+01,1.840541608011675459e-12,8.524851799011230469e-01,2.049000263214111328e-01,1.100000000000000089e+00,2.999999999999999889e-01,2.999999999999999889e-01,8.800000000000001155e-01,2.999999999999999889e-01,5.323918019179447469e+01,1.162691697587651589e+02
4.524762325282041786e+01,2.896988204880851329e-13,8.565669655799865723e-01,2.089818120002746582e-01,1.100000000000000089e+00,2.999999999999999889e-01,2.999999999999999889e-01,8.800000000000001155e-01,2.999999999999999889e-01,5.329599837361265458e+01,1.164358364254318161e+02
4.529762325282042212e+01,1.550842787523136295e-12,8.303877115249633789e-01,1.828025579452514648e-01,1.100000000000000089e+00,2.999999999999999889e-01,2.999999999999999889e-01,8.800000000000001155e-01,2.999999999999999889e-01,5.335281655543084156e+01,1.166025030920985017e+02
4.534762325282041928e+01,2.357489203852610088e-12,8.063665628433227539e-01,1.587814092636108398e-01,1.100000000000000089e+00,2.999999999999999889e-01,2.999999999999999889e-01,8.800000000000001155e-01,2.999999999999999889e-01,5.340963473724902144e+01,1.167691697587651589e+02
4.539762325282042355e+01,1.323594012170216167e-12,7.846419811248779297e-01,1.370568275451660156e-01,1.100000000000000089e+00,2.999999999999999889e-01,2.999999999999999889e-01,8.800000000000001155e-01,2.999999999999999889e-01,5.346645291906720843e+01,1.169358364254318303e+02
4.544762325282042070e+01,3.681083216023129582e-12,7.658916115760803223e-01,1.183064579963684082e-01,1.100000000000000089e+00,2.999999999999999889e-01,2.999999999999999889e-01,8.800000000000001155e-01,2.999999999999999889e-01,5.352327110088538831e+01,1.171025030920985017e+02
4.549762325282041786e+01,2.357489203852610088e-12,7.498061656951904297e-01,1.022210121154785156e-01,1.100000000000000089e+00,2.999999999999999889e-01,2.999999999999999889e-01,8.800000000000001155e-01,2.999999999999999889e-01,5.358008928270356819e+01,1.172691697587651589e+02
4.554762325282042212e+01,2.357489203852610088e-12,7.367652058601379395e-01,8.918005228042602539e-02,1.100000000000000089e+00,2.999999999999999889e-01,2.999999999999999889e-01,8.800000000000001155e-01,2.999999999999999889e-01,5.363690746452175517e+01,1.174358364254318303e+02
4.559762325282041928e+01,1.549108064047159690e-12,7.270436286926269531e-01,7.945847511291503906e-02,1.100000000000000089e+00,2.999999999999999889e-01,2.999999999999999889e-01,8.800000000000001155e-01,2.999999999999999889e-01,5.369372564633993505e+01,1.176025030920984875e+02
4.564762325282042355e+01,2.896988204880851329e-13,7.205364108085632324e-01,7.295125722885131836e-02,1.100000000000000089e+00,2.999999999999999889e-01,2.999999999999999889e-01,8.800000000000001155e-01,2.999999999999999889e-01,5.375054382815812204e+01,1.177691697587651731e+02
4.569762325282042070e+01,1.840541608011675459e-12,7.164087295532226562e-01,6.882357597351074219e-02,1.100000000000000089e+00,2.999999999999999889e-01,2.999999999999999889e-01,8.800000000000001155e-01,2.999999999999999889e-01,5.380736200997630192e+01,1.179358364254318303e+02
4.574762325282041786e+01,2.357489203852610088e-12,7.115722298622131348e-01,6.398707628250122070e-02,1.100000000000000089e+00,2.999999999999999889e-01,2.999999999999999889e-01,8.800000000000001155e-01,2.999999999999999889e-01,5.386418019179448180e+01,1.181025030920984875e+02
4.579762325282042212e+01,3.025792454495862538e-02,7.076051235198974609e-01,6.001996994018554688e-02,1.100000000000000089e+00,2.999999999999999889e-01,2.999999999999999889e-01,8.800000000000001155e-01,2.999999999999999889e-01,5.392099837361266879e+01,1.182691697587651589e+02
4.584762297650656393e+01,7.552834141824983361e-01,7.071686983108520508e-01,5.958354473114013672e-02,1.100000000000000089e+00,2.999999999999999889e-01,2.999999999999999889e-01,8.800000000000001155e-01,2.999999999999999889e-01,5.397781624143782864e+01,1.184358355043856363e+02
4.589761655977942212e+01,1.092069249235066541e+00,7.083311676979064941e-01,6.074601411819458008e-02,9.569184119050300197e-01,2.999999999999999889e-01,2.999999999999999889e-01,8.800000000000001155e-01,2.999999999999999889e-01,5.403462713152062236e+01,1.186024807819618445e+02
4.594761007997822588e+01,1.095860990329224682e+00,7.085835933685302734e-01,6.099843978881835938e-02,9.552614814430971935e-01,2.999999999999999889e-01,2.999999999999999889e-01,8.800000000000001155e-01,2.999999999999999889e-01,5.409143794992834842e+01,1.187691258492911857e+02
4.599760370154123024e+01,1.089481470124299411e+00,6.976475715637207031e-01,5.006241798400878906e-02,9.580541929354108310e-01,2.999999999999999889e-01,2.999999999999999889e-01,8.800000000000001155e-01,2.999999999999999889e-01,5.414824888352267607e+01,1.189357712545012049e+02
4.604759761293195197e+01,5.404933836188874352e-01,6.822774410247802734e-01,3.469228744506835938e-02,1.100000000000000089e+00,2.999999999999999889e-01,2.999999999999999889e-01,8.800000000000001155e-01,2.999999999999999889e-01,5.420506014646667836e+01,1.191024176258036107e+02
4.609759761293194202e+01,3.416537885936702447e-12,6.689431667327880859e-01,2.135801315307617188e-02,1.100000000000000089e+00,2.999999999999999889e-01,2.999999999999999889e-01,8.800000000000001155e-01,2.999999999999999889e-01,5.426187832828485114e+01,1.192690842924702537e+02
4.614759761293194629e+01,5.208147113358491641e-03,6.591274142265319824e-01,1.154226064682006836e-02,1.100000000000000089e+00,2.999999999999999889e-01,2.999999999999999889e-01,8.800000000000001155e-01,2.999999999999999889e-01,5.431869651010303812e+01,1.194357509591369251e+02
4.619759760184850705e+01,2.055724732812664324e-01,6.529867649078369141e-01,5.401611328125000000e-03,1.100000000000000089e+00,2.999999999999999889e-01,2.999999999999999889e-01,8.800000000000001155e-01,2.999999999999999889e-01,5.437551467932640747e+01,1.196024175888587990e+02
4.624759708904115030e+01,3.147391697597060611e-01,6.501348018646240234e-01,2.549648284912109375e-03,1.100000000000000089e+00,2.999999999999999889e-01,2.999999999999999889e-01,8.800000000000001155e-01,2.999999999999999889e-01,5.443233227840895694e+01,1.197690825461676098e+02
4.629759657768165937e+01,3.140445897564476674e-01,6.503457427024841309e-01,2.760589122772216797e-03,1.100000000000000089e+00,2.999999999999999889e-01,2.999999999999999889e-01,8.800000000000001155e-01,2.999999999999999889e-01,5.448914987913680363e+01,1.199357475083026401e+02
4.634759605317066899e+01,3.137731319895021853e-01,6.536143422126770020e-01,6.029188632965087891e-03,1.100000000000000089e+00,2.999999999999999889e-01,2.999999999999999889e-01,8.800000000000001155e-01,2.999999999999999889e-01,5.454596746491976944e+01,1.201024124265993436e+02
4.639759552060450432e+01,1.764697139667391335e-01,6.598920226097106934e-01,1.230686902999877930e-02,1.100000000000000089e+00,2.999999999999999889e-01,2.999999999999999889e-01,8.800000000000001155e-01,2.999999999999999889e-01,5.460278504154912582e+01,1.202690773180454471e+02
4.644759551852419577e+01,1.556694771592815208e-03,6.694288849830627441e-01,2.184373140335083008e-02,1.100000000000000089e+00,2.999999999999999889e-01,2.999999999999999889e-01,8.800000000000001155e-01,2.999999999999999889e-01,5.465960322100332291e+01,1.204357439777777614e+02
4.649759551852419293e+01,1.523954573645657142e-12,6.825061440467834473e-01,3.492099046707153320e-02,1.100000000000000089e+00,2.999999999999999889e-01,2.999999999999999889e-01,8.800000000000001155e-01,2.999999999999999889e-01,5.471642140282150280e+01,1.206024106444444186e+02
4.654759551852419719e+01,2.727418985103990905e-12,6.989285349845886230e-01,5.134338140487670898e-02,1.100000000000000089e+00,2.999999999999999889e-01,2.999999999999999889e-01,8.800000000000001155e-01,2.999999999999999889e-01,5.477323958463968268e+01,1.207690773111110900e+02
4.659759551852420145e+01,1.203030730589793945e-12,7.184651494026184082e-01,7.087999582290649414e-02,1.100000000000000089e+00,2.999999999999999889e-01,2.999999999999999889e-01,8.800000000000001155e-01,2.999999999999999889e-01,5.483005776645786966e+01,1.209357439777777756e+02
4.664759551852419861e+01,1.071191746415919962e-13,7.408670783042907715e-01,9.328192472457885742e-02,1.100000000000000089e+00,2.999999999999999889e-01,2.999999999999999889e-01,8.800000000000001155e-01,2.999999999999999889e-01,5.488687594827604954e+01,1.211024106444444328e+02
4.669759551852419577e+01,1.737759242059802656e-12,7.658799886703491211e-01,1.182948350906372070e-01,1.100000000000000089e+00,2.999999999999999889e-01,2.999999999999999889e-01,8.800000000000001155e-01,2.999999999999999889e-01,5.494369413009422232e+01,1.212690773111110758e+02
4.674759551852420003e+01,2.941223653518089163e-12,7.932537794113159180e-01,1.456686258316040039e-01,1.100000000000000089e+00,2.999999999999999889e-01,2.999999999999999889e-01,8.800000000000001155e-01,2.999999999999999889e-01,5.500051231191240930e+01,1.214357439777777614e+02
4.679759551852420429e+01,1.096345236817580181e-12,8.227500319480895996e-01,1.751648783683776855e-01,1.100000000000000089e+00,2.999999999999999889e-01,2.999999999999999889e-01,8.800000000000001155e-01,2.999999999999999889e-01,5.505733049373059629e+01,1.216024106444444328e+02
4.684759551852419435e+01,5.347285114698577541e-13,8.541463613510131836e-01,2.065612077713012695e-01,1.100000000000000089e+00,2.999999999999999889e-01,2.999999999999999889e-01,8.800000000000001155e-01,2.999999999999999889e-01,5.511414867554876906e+01,1.217690773111110758e+02
4.689759551852420572e+01,1.095911555948137856e-12,8.872389793395996094e-01,2.396538257598876953e-01,1.100000000000000089e+00,2.999999999999999889e-01,2.999999999999999889e-01,8.800000000000001155e-01,2.999999999999999889e-01,5.517096685736696315e+01,1.219357439777777756e+02
4.694759551852420287e+01,2.834104478877446652e-12,9.218431115150451660e-01,2.742579579353332520e-01,1.100000000000000089e+00,2.999999999999999889e-01,2.999999999999999889e-01,8.800000000000001155e-01,2.999999999999999889e-01,5.522778503918514303e+01,1.221024106444444328e+02
4.699759551852420003e+01,1.523954573645632505e-12,9.578161835670471191e-01,3.102310299873352051e-01,1.100000000000000089e+00,2.999999999999999889e-01,2.999999999999999889e-01,8.800000000000001155e-01,2.999999999999999889e-01,5.528460322100332291e+01,1.222690773111110900e+02
4.704759551852420429e+01,1.071191746415692265e-13,9.917242527008056641e-01,3.441390991210937500e-01,1.100000000000000089e+00,2.999999999999999889e-01,2.999999999999999889e-01,8.800000000000001155e-01,2.999999999999999889e-01,5.534142140282150990e+01,1.224357439777777614e+02
4.709759551852420145e+01,1.631073748287053526e-12,1.021453619003295898e+00,3.738684654235839844e-01,1.100000000000000089e+00,2.999999999999999889e-01,2.999999999999999889e-01,8.800000000000001155e-01,2.999999999999999889e-01,5.539823958463968978e+01,1.226024106444444186e+02
4.714759551852420572e+01,3.047909147290965318e-12,1.052267432212829590e+00,4.046822786331176758e-01,1.100000000000000089e+00,2.999999999999999889e-01,2.999999999999999889e-01,8.800000000000001155e-01,2.999999999999999889e-01,5.545505776645787677e+01,1.227690773111111042e+02
4.719759551852420287e+01,1.417269079873208714e-12,1.084510445594787598e+00,4.369252920150756836e-01,1.100000000000000089e+00,2.999999999999999889e-01,2.999999999999999889e-01,8.800000000000001155e-01,2.999999999999999889e-01,5.551187594827605665e+01,1.229357439777777614e+02
4.724759551852420003e+01,1.066854937725750247e-13,1.118058085441589355e+00,4.704729318618774414e-01,1.100000000000000089e+00,2.999999999999999889e-01,2.999999999999999889e-01,8.800000000000001155e-01,2.999999999999999889e-01,5.556869413009423653e+01,1.231024106444444186e+02
4.729759551852420429e+01,1.310149905231510821e-12,1.152797341346740723e+00,5.052121877670288086e-01,1.100000000000000089e+00,2.999999999999999889e-01,2.999999999999999889e-01,8.800000000000001155e-01,2.999999999999999889e-01,5.562551231191242351e+01,1.232690773111110900e+02
4.734759551852420145e+01,2.620299810462722355e-12,1.188619494438171387e+00,5.410343408584594727e-01,1.100000000000000089e+00,2.999999999999999889e-01,2.999999999999999889e-01,8.800000000000001155e-01,2.999999999999999889e-01,5.568233049373060339e+01,1.234357439777777472e+02
4.739759551852420572e+01,1.203030730589793945e-12,1.225428223609924316e+00,5.778430700302124023e-01,1.100000000000000089e+00,2.999999999999999889e-01,2.999999999999999889e-01,8.800000000000001155e-01,2.999999999999999889e-01,5.573914867554879038e+01,1.236024106444444328e+02
4.744759551852420287e+01,1.071191746415919962e-13,1.263136506080627441e+00,6.155513525009155273e-01,1.100000000000000089e+00,2.999999999999999889e-01,2.999999999999999889e-01,8.800000000000001155e-01,2.999999999999999889e-01,5.579596685736697026e+01,1.237690773111110900e+02
4.749759551852420003e+01,1.737759242059802656e-12,1.301298379898071289e+00,6.537132263183593750e-01,1.100000000000000089e+00,2.999999999999999889e-01,2.999999999999999889e-01,8.800000000000001155e-01,2.999999999999999889e-01,5.585278503918514303e+01,1.239357439777777330e+02
4.754759551852420429e+01,3.047909147290965318e-12,1.338892698287963867e+00,6.913075447082519531e-01,1.100000000000000089e+00,2.999999999999999889e-01,2.999999999999999889e-01,8.800000000000001155e-01,2.999999999999999889e-01,5.590960322100333002e+01,1.241024106444444186e+02
4.759759551852420145e+01,1.631073748287027273e-12,1.377174258232116699e+00,7.295891046524047852e-01,1.100000000000000089e+00,2.999999999999999889e-01,2.999999999999999889e-01,8.800000000000001155e-01,2.999999999999999889e-01,5.596642140282150990e+01,1.242690773111110758e+02
4.764759551852420572e+01,3.209238430557134019e-13,1.414688467979431152e+00,7.671033143997192383e-01,1.100000000000000089e+00,2.999999999999999889e-01,2.999999999999999889e-01,8.800000000000001155e-01,2.999999999999999889e-01,5.602323958463969689e+01,1.244357439777777614e+02
4.769759551852420287e+01,1.523954573645980664e-12,1.452953457832336426e+00,8.053683042526245117e-01,1.100000000000000089e+00,2.999999999999999889e-01,2.999999999999999889e-01,8.800000000000001155e-01,2.999999999999999889e-01,5.608005776645786966e+01,1.246024106444444044e+02
4.774759551852420003e+01,2.620299810462722355e-12,1.491908550262451172e+00,8.443233966827392578e-01,1.100000000000000089e+00,2.999999999999999889e-01,2.999999999999999889e-01,8.800000000000001155e-01,2.999999999999999889e-01,5.613687594827604954e+01,1.247690773111110616e+02
4.779759551852420429e+01,1.203030730589793945e-12,1.531502127647399902e+00,8.839169740676879883e-01,1.100000000000000089e+00,2.999999999999999889e-01,2.999999999999999889e-01,8.800000000000001155e-01,2.999999999999999889e-01,5.619369413009423653e+01,1.249357439777777472e+02
4.784759551852420145e+01,1.066854937725750247e-13,1.571684956550598145e+00,9.240998029708862305e-01,1.100000000000000089e+00,2.999999999999999889e-01,2.999999999999999889e-01,8.800000000000001155e-01,2.999999999999999889e-01,5.625051231191241641e+01,1.251024106444444044e+02
4.789759551852420572e+01,1.310149905231510821e-12,1.612412333488464355e+00,9.648271799087524414e-01,1.100000000000000089e+00,2.999999999999999889e-01,2.999999999999999889e-01,8.800000000000001155e-01,2.999999999999999889e-01,5.630733049373060339e+01,1.252690773111110758e+02
4.794759551852420287e+01,2.834104478877446652e-12,1.653643608093261719e+00,1.006058454513549805e+00,1.100000000000000089e+00,8.800000000000001155e-01,8.800000000000001155e-01,8.800000000000001155e-01,4.358898943540622239e-01,5.636414867554878327e+01,1.254049672054651410e+02
4.799759551852420003e+01,1.631073748287027273e-12,1.695341467857360840e+00,1.047756314277648926e+00,1.100000000000000089e+00,8.800000000000001155e-01,8.800000000000001155e-01,8.800000000000001155e-01,5.385164807134430465e-01,5.642096685736696315e+01,1.255075937918245188e+02
4.804759551852420429e+01,3.209238430557134019e-13,1.737472057342529297e+00,1.089886903762817383e+00,1.100000000000000089e+00,8.800000000000001155e-01,8.800000000000001155e-01,8.800000000000001155e-01,6.244997998398416073e-01,5.647778503918515014e+01,1.255935771109509176e+02
4.809759551852420145e+01,1.737759242059802656e-12,1.780004024505615234e+00,1.132418870925903320e+00,1.100000000000000089e+00,8.800000000000001155e-01,8.800000000000001155e-01,8.800000000000001155e-01,6.999999999999937383e-01,5.653460322100332291e+01,1.256690773111110673e+02
4.814759551852420572e+01,3.047909147290965318e-12,1.794013381004333496e+00,1.146428227424621582e+00,1.100000000000000089e+00,8.800000000000001155e-01,8.800000000000001155e-01,8.800000000000001155e-01,7.681145747868614038e-01,5.659142140282150990e+01,1.257371918858979285e+02
4.819759551852420287e+01,1.417269079873208714e-12,1.774848699569702148e+00,1.127263545989990234e+00,1.100000000000000089e+00,8.800000000000001155e-01,8.800000000000001155e-01,8.800000000000001155e-01,7.681145747868618479e-01,5.664823958463968978e+01,1.258022863413883385e+02
4.824759551852420003e+01,2.138046684141214815e-13,1.748336315155029297e+00,1.100751161575317383e+00,1.100000000000000089e+00,8.800000000000001155e-01,8.800000000000001155e-01,8.800000000000001155e-01,7.000000000000039524e-01,5.670505776645786966e+01,1.258704009161751998e+02
4.829759551852420429e+01,1.095911555948370702e-12,1.722619533538818359e+00,1.075034379959106445e+00,1.100000000000000089e+00,8.800000000000001155e-01,8.800000000000001155e-01,8.800000000000001155e-01,6.244997998398360561e-01,5.676187594827605665e+01,1.259459011163353637e+02
4.834759551852420145e+01,2.513180635821431994e-12,1.697374105453491211e+00,1.049788951873779297e+00,1.100000000000000089e+00,8.800000000000001155e-01,8.800000000000001155e-01,8.800000000000001155e-01,5.385164807134567022e-01,5.681869413009422942e+01,1.260318844354617482e+02
4.839759551852420572e+01,1.203030730589793945e-12,1.671212673187255859e+00,1.023627519607543945e+00,1.100000000000000089e+00,8.800000000000001155e-01,8.800000000000001155e-01,8.800000000000001155e-01,4.358898943540627791e-01,5.687551231191241641e+01,1.261345110218211403e+02
4.844759551852420287e+01,0.000000000000000000e+00,1.645952224731445312e+00,9.983670711517333984e-01,1.100000000000000089e+00,2.999999999999999889e-01,2.999999999999999889e-01,8.800000000000001155e-01,2.999999999999999889e-01,5.693233049373059629e+01,1.262704009161752055e+02
4.849759551852420003e+01,1.523954573645657142e-12,1.621829032897949219e+00,9.742438793182373047e-01,1.100000000000000089e+00,2.999999999999999889e-01,2.999999999999999889e-01,8.800000000000001155e-01,2.999999999999999889e-01,5.698914867554877617e+01,1.264370675828418626e+02
4.854759551852420429e+01,2.941223653518714799e-12,1.598903536796569824e+00,9.513183832168579102e-01,1.100000000000000089e+00,2.999999999999999889e-01,2.999999999999999889e-01,8.800000000000001155e-01,2.999999999999999889e-01,5.704596685736695605e+01,1.266037342495085340e+02
4.859759551852420145e+01,1.631073748287027273e-12,1.577228784561157227e+00,9.296436309814453125e-01,1.100000000000000089e+00,2.999999999999999889e-01,2.999999999999999889e-01,8.800000000000001155e-01,2.999999999999999889e-01,5.710278503918513593e+01,1.267704009161751912e+02
4.864759551852420572e+01,2.138046684141214815e-13,1.556857466697692871e+00,9.092723131179809570e-01,1.100000000000000089e+00,2.999999999999999889e-01,2.999999999999999889e-01,8.800000000000001155e-01,2.999999999999999889e-01,5.715960322100332291e+01,1.269370675828418769e+02
4.869759551852420287e+01,1.310149905231789510e-12,1.537842154502868652e+00,8.902570009231567383e-01,1.100000000000000089e+00,2.999999999999999889e-01,2.999999999999999889e-01,8.800000000000001155e-01,2.999999999999999889e-01,5.721642140282150280e+01,1.271037342495085340e+02
4.874759551852420003e+01,2.513180635821431994e-12,1.520233869552612305e+00,8.726487159729003906e-01,1.100000000000000089e+00,2.999999999999999889e-01,2.999999999999999889e-01,8.800000000000001155e-01,2.999999999999999889e-01,5.727323958463967557e+01,1.272704009161751770e+02
4.879759551852420429e+01,1.203030730589793945e-12,1.504082679748535156e+00,8.564975261688232422e-01,1.100000000000000089e+00,2.999999999999999889e-01,2.999999999999999889e-01,8.800000000000001155e-01,2.999999999999999889e-01,5.733005776645786256e+01,1.274370675828418626e+02
4.884759551852420145e+01,2.138046684141214815e-13,1.489436268806457520e+00,8.418511152267456055e-01,1.100000000000000089e+00,2.999999999999999889e-01,2.999999999999999889e-01,8.800000000000001155e-01,2.999999999999999889e-01,5.738687594827604244e+01,1.276037342495085198e+02
4.889759551852420572e+01,1.203030730589812726e-12,1.476339578628540039e+00,8.287544250488281250e-01,1.100000000000000089e+00,2.999999999999999889e-01,2.999999999999999889e-01,8.800000000000001155e-01,2.999999999999999889e-01,5.744369413009422942e+01,1.277704009161752055e+02
4.894759551852420287e+01,2.941223653519338819e-12,1.464834213256835938e+00,8.172490596771240234e-01,1.100000000000000089e+00,2.999999999999999889e-01,2.999999999999999889e-01,8.800000000000001155e-01,2.999999999999999889e-01,5.750051231191240930e+01,1.279370675828418626e+02
4.899759551852420003e+01,1.737759242059774787e-12,1.454959154129028320e+00,8.073740005493164062e-01,1.100000000000000089e+00,2.999999999999999889e-01,2.999999999999999889e-01,8.800000000000001155e-01,2.999999999999999889e-01,5.755733049373058208e+01,1.281037342495085056e+02
4.904759551852420429e+01,2.138046684141214815e-13,1.446745157241821289e+00,7.991600036621093750e-01,1.100000000000000089e+00,2.999999999999999889e-01,2.999999999999999889e-01,8.800000000000001155e-01,2.999999999999999889e-01,5.761414867554876906e+01,1.282704009161751912e+02
4.909759551852420145e+01,1.523954573645657142e-12,1.440220475196838379e+00,7.926353216171264648e-01,1.100000000000000089e+00,2.999999999999999889e-01,2.999999999999999889e-01,8.800000000000001155e-01,2.999999999999999889e-01,5.767096685736694894e+01,1.284370675828418484e+02
4.914759551852420572e+01,2.941223653518714799e-12,1.435408830642700195e+00,7.878236770629882812e-01,1.100000000000000089e+00,2.999999999999999889e-01,2.999999999999999889e-01,8.800000000000001155e-01,2.999999999999999889e-01,5.772778503918512882e+01,1.286037342495085056e+02
4.919759551852420287e+01,1.417269079873208714e-12,1.431551575660705566e+00,7.839664220809936523e-01,1.100000000000000089e+00,2.999999999999999889e-01,2.999999999999999889e-01,8.800000000000001155e-01,2.999999999999999889e-01,5.778460322100330870e+01,1.287704009161751628e+02
4.924759551852420003e+01,2.138046684141214815e-13,1.427788734436035156e+00,7.802035808563232422e-01,1.100000000000000089e+00,2.999999999999999889e-01,2.999999999999999889e-01,8.800000000000001155e-01,2.999999999999999889e-01,5.784142140282148858e+01,1.289370675828418200e+02
4.929759551852420429e+01,1.203030730589812726e-12,1.424025893211364746e+00,7.764407396316528320e-01,1.100000000000000089e+00,2.999999999999999889e-01,2.999999999999999889e-01,8.800000000000001155e-01,2.999999999999999889e-01,5.789823958463967557e+01,1.291037342495085056e+02
4.934759551852420145e+01,2.727418985104569689e-12,1.420262932777404785e+00,7.726777791976928711e-01,1.100000000000000089e+00,2.999999999999999889e-01,2.999999999999999889e-01,8.800000000000001155e-01,2.999999999999999889e-01,5.795505776645785545e+01,1.292704009161751628e+02
4.939759551852420572e+01,1.310149905231490020e-12,1.417274355888366699e+00,7.696892023086547852e-01,1.100000000000000089e+00,2.999999999999999889e-01,2.999999999999999889e-01,8.800000000000001155e-01,2.999999999999999889e-01,5.801187594827604244e+01,1.294370675828418484e+02
4.944759551852420287e+01,0.000000000000000000e+00,1.415940523147583008e+00,7.683553695678710938e-01,1.100000000000000089e+00,2.999999999999999889e-01,2.999999999999999889e-01,8.800000000000001155e-01,2.999999999999999889e-01,5.806869413009422232e+01,1.296037342495085056e+02
4.949759551852420003e+01,1.631073748287053526e-12,1.416371345520019531e+00,7.687861919403076172e-01,1.100000000000000089e+00,2.999999999999999889e-01,2.999999999999999889e-01,8.800000000000001155e-01,2.999999999999999889e-01,5.812551231191240220e+01,1.297704009161751628e+02
4.954759551852420429e+01,3.155028321932858293e-12,1.418564796447753906e+00,7.709796428680419922e-01,1.100000000000000089e+00,2.999999999999999889e-01,2.999999999999999889e-01,8.800000000000001155e-01,2.999999999999999889e-01,5.818233049373058918e+01,1.299370675828418484e+02
4.959759551852420145e+01,1.737759242059774787e-12,1.422512173652648926e+00,7.749270200729370117e-01,1.100000000000000089e+00,2.999999999999999889e-01,2.999999999999999889e-01,8.800000000000001155e-01,2.999999999999999889e-01,5.823914867554876196e+01,1.301037342495085056e+02
4.964759551852420572e+01,2.138046684141214815e-13,1.428201675415039062e+00,7.806165218353271484e-01,1.100000000000000089e+00,2.999999999999999889e-01,2.999999999999999889e-01,8.800000000000001155e-01,2.999999999999999889e-01,5.829596685736694894e+01,1.302704009161751912e+02
4.969759551852420287e+01,1.417269079873231736e-12,1.435613512992858887e+00,7.880283594131469727e-01,1.100000000000000089e+00,2.999999999999999889e-01,2.999999999999999889e-01,8.800000000000001155e-01,2.999999999999999889e-01,5.835278503918512882e+01,1.304370675828418484e+02
4.974759551852420003e+01,2.727418985104569689e-12,1.444719672203063965e+00,7.971345186233520508e-01,1.100000000000000089e+00,2.999999999999999889e-01,2.999999999999999889e-01,8.800000000000001155e-01,2.999999999999999889e-01,5.840960322100330870e+01,1.306037342495085056e+02
4.979759551852420429e+01,1.310149905231490020e-12,1.455487966537475586e+00,8.079028129577636719e-01,1.100000000000000089e+00,2.999999999999999889e-01,2.999999999999999889e-01,8.800000000000001155e-01,2.999999999999999889e-01,5.846642140282149569e+01,1.307704009161751912e+02
4.984759551852420145e+01,2.138046684141214815e-13,1.467881560325622559e+00,8.202964067459106445e-01,1.100000000000000089e+00,2.999999999999999889e-01,2.999999999999999889e-01,8.800000000000001155e-01,2.999999999999999889e-01,5.852323958463967557e+01,1.309370675828418484e+02
4.989759551852420572e+01,1.203030730589812726e-12,1.481859087944030762e+00,8.342739343643188477e-01,1.100000000000000089e+00,2.999999999999999889e-01,2.999999999999999889e-01,8.800000000000001155e-01,2.999999999999999889e-01,5.858005776645786256e+01,1.311037342495085340e+02
4.994759551852420287e+01,2.834104478877446652e-12,1.497375607490539551e+00,8.497904539108276367e-01,1.100000000000000089e+00,2.999999999999999889e-01,2.999999999999999889e-01,8.800000000000001155e-01,2.999999999999999889e-01,5.863687594827604244e+01,1.312704009161751912e+02
4.999759551852420003e+01,1.523954573645632505e-12,1.514383316040039062e+00,8.667981624603271484e-01,1.100000000000000089e+00,2.999999999999999889e-01,2.999999999999999889e-01,8.800000000000001155e-01,2.999999999999999889e-01,5.869369413009422232e+01,1.314370675828418484e+02
5.004759551852420429e+01,1.071191746415692265e-13,1.532831788063049316e+00,8.852466344833374023e-01,1.100000000000000089e+00,2.999999999999999889e-01,2.999999999999999889e-01,8.800000000000001155e-01,2.999999999999999889e-01,5.875051231191240930e+01,1.316037342495085340e+02
5.009759551852420145e+01,1.631073748287053526e-12,1.552178144454956055e+00,9.045929908752441406e-01,1.100000000000000089e+00,2.999999999999999889e-01,2.999999999999999889e-01,8.800000000000001155e-01,2.999999999999999889e-01,5.880733049373058918e+01,1.317704009161751912e+02
5.014759551852420572e+01,3.047909147290965318e-12,1.570684313774108887e+00,9.230991601943969727e-01,1.100000000000000089e+00,2.999999999999999889e-01,2.999999999999999889e-01,8.800000000000001155e-01,2.999999999999999889e-01,5.886414867554877617e+01,1.319370675828418769e+02
5.019759551852420287e+01,1.310149905231768103e-12,1.589960932731628418e+00,9.423757791519165039e-01,1.100000000000000089e+00,2.999999999999999889e-01,2.999999999999999889e-01,8.800000000000001155e-01,2.999999999999999889e-01,5.892096685736695605e+01,1.321037342495085340e+02
5.024759551852420003e+01,3.209238430557134019e-13,1.610530138015747070e+00,9.629449844360351562e-01,1.100000000000000089e+00,2.999999999999999889e-01,2.999999999999999889e-01,8.800000000000001155e-01,2.999999999999999889e-01,5.897778503918512882e+01,1.322704009161751912e+02
5.029759551852420429e+01,1.203030730589812726e-12,1.632377743721008301e+00,9.847925901412963867e-01,1.100000000000000089e+00,2.999999999999999889e-01,2.999999999999999889e-01,8.800000000000001155e-01,2.999999999999999889e-01,5.903460322100331581e+01,1.324370675828418769e+02
5.034759551852420145e+01,2.620299810462722355e-12,1.655466198921203613e+00,1.007881045341491699e+00,1.100000000000000089e+00,8.800000000000001155e-01,8.800000000000001155e-01,8.800000000000001155e-01,4.358898943540622239e-01,5.909142140282149569e+01,1.325729574771959278e+02
5.039759551852420572e+01,1.095911555948353335e-12,1.679725646972656250e+00,1.032140493392944336e+00,1.100000000000000089e+00,8.800000000000001155e-01,8.800000000000001155e-01,8.800000000000001155e-01,5.385164807134562581e-01,5.914823958463968268e+01,1.326755840635553341e+02
5.044759551852420287e+01,1.071191746415919962e-13,1.705105423927307129e+00,1.057520270347595215e+00,1.100000000000000089e+00,8.800000000000001155e-01,8.800000000000001155e-01,8.800000000000001155e-01,6.244997998398360561e-01,5.920505776645785545e+01,1.327615673826817044e+02
5.049759551852420003e+01,1.631073748287053526e-12,1.731555700302124023e+00,1.083970546722412109e+00,1.100000000000000089e+00,8.800000000000001155e-01,8.800000000000001155e-01,8.800000000000001155e-01,6.999999999999938494e-01,5.926187594827603533e+01,1.328370675828418541e+02
5.054759551852420429e+01,3.047909147290965318e-12,1.759027481079101562e+00,1.111442327499389648e+00,1.100000000000000089e+00,8.800000000000001155e-01,8.800000000000001155e-01,8.800000000000001155e-01,7.681145747868615148e-01,5.931869413009422232e+01,1.329051821576287296e+02
5.059759551852420145e+01,1.631073748287027273e-12,1.787473201751708984e+00,1.139888048171997070e+00,1.100000000000000089e+00,8.800000000000001155e-01,8.800000000000001155e-01,8.800000000000001155e-01,8.306623862918059986e-01,5.937551231191240220e+01,1.329677299691336714e+02
5.064759551852420572e+01,3.209238430557134019e-13,1.816846728324890137e+00,1.169261574745178223e+00,1.100000000000000089e+00,8.800000000000001155e-01,8.800000000000001155e-01,8.800000000000001155e-01,8.800000000000001155e-01,5.943233049373058918e+01,1.330261868574135349e+02
5.069759551852420287e+01,1.523954573645980664e-12,1.847103238105773926e+00,1.199518084526062012e+00,1.100000000000000089e+00,8.800000000000001155e-01,8.800000000000001155e-01,8.800000000000001155e-01,8.800000000000001155e-01,5.948914867554876196e+01,1.330830050392317219e+02
5.074759551852420003e+01,2.620299810462722355e-12,1.878199458122253418e+00,1.230614304542541504e+00,1.100000000000000089e+00,8.800000000000001155e-01,8.800000000000001155e-01,8.800000000000001155e-01,8.800000000000001155e-01,5.954596685736694184e+01,1.331398232210499089e+02
5.079759551852420429e+01,1.095911555948353335e-12,1.910094261169433594e+00,1.262509107589721680e+00,1.100000000000000089e+00,8.800000000000001155e-01,8.800000000000001155e-01,8.800000000000001155e-01,8.800000000000001155e-01,5.960278503918512882e+01,1.331966414028680958e+02
5.084759551852420145e+01,3.209238430557134019e-13,1.942747712135314941e+00,1.295162558555603027e+00,1.100000000000000089e+00,8.800000000000001155e-01,8.800000000000001155e-01,8.800000000000001155e-01,8.800000000000001155e-01,5.965960322100330160e+01,1.332534595846862828e+02
5.089759551852420572e+01,1.203030730589812726e-12,1.975194096565246582e+00,1.327608942985534668e+00,1.100000000000000089e+00,8.800000000000001155e-01,8.800000000000001155e-01,8.800000000000001155e-01,8.800000000000001155e-01,5.971642140282148858e+01,1.333102777665044698e+02
5.094759551852420287e+01,2.834104478877446652e-12,2.007953166961669922e+00,1.360368013381958008e+00,1.100000000000000089e+00,8.800000000000001155e-01,8.800000000000001155e-01,8.800000000000001155e-01,8.800000000000001155e-01,5.977323958463966846e+01,1.333670959483226568e+02
5.099759551852420003e+01,1.631073748287027273e-12,2.040383100509643555e+00,1.392797946929931641e+00,1.100000000000000089e+00,8.800000000000001155e-01,8.800000000000001155e-01,8.800000000000001155e-01,8.800000000000001155e-01,5.983005776645784834e+01,1.334239141301408438e+02
5.104759551852420429e+01,3.209238430557134019e-13,2.073253154754638672e+00,1.425668001174926758e+00,1.100000000000000089e+00,8.800000000000001155e-01,8.800000000000001155e-01,8.800000000000001155e-01,8.800000000000001155e-01,5.988687594827603533e+01,1.334807323119590308e+02
5.109759551852420145e+01,1.737759242059802656e-12,2.106794595718383789e+00,1.459209442138671875e+00,1.100000000000000089e+00,8.800000000000001155e-01,8.800000000000001155e-01,8.800000000000001155e-01,8.800000000000001155e-01,5.994369413009420811e+01,1.335375504937772178e+02
5.114759551852420572e+01,3.047909147290965318e-12,2.137207031250000000e+00,1.489621877670288086e+00,1.100000000000000089e+00,8.800000000000001155e-01,8.800000000000001155e-01,8.800000000000001155e-01,8.800000000000001155e-01,6.000051231191239509e+01,1.335943686755954047e+02
5.119759551852420287e+01,1.417269079873208714e-12,2.141400814056396484e+00,1.493815660476684570e+00,1.100000000000000089e+00,8.800000000000001155e-01,8.800000000000001155e-01,8.800000000000001155e-01,8.800000000000001155e-01,6.005733049373057497e+01,1.336511868574135917e+02
5.124759551852420003e+01,2.138046684141214815e-13,2.124493360519409180e+00,1.476908206939697266e+00,1.100000000000000089e+00,8.800000000000001155e-01,8.800000000000001155e-01,8.800000000000001155e-01,8.800000000000001155e-01,6.011414867554875485e+01,1.337080050392317787e+02
5.129759551852420429e+01,1.095911555948370702e-12,2.092943668365478516e+00,1.445358514785766602e+00,1.100000000000000089e+00,8.800000000000001155e-01,8.800000000000001155e-01,8.795705935541732190e-01,8.795705935541732190e-01,6.017098072330309577e+01,1.337648370869861196e+02
5.134759551852420145e+01,3.930449715694470061e-12,2.047423839569091797e+00,1.399838685989379883e+00,1.100000000000000089e+00,8.800000000000001155e-01,8.800000000000001155e-01,8.207584474406901531e-01,8.207584474406901531e-01,6.022979286941657762e+01,1.338236492330996157e+02
5.139759551852420572e+01,4.037135209466614759e-12,1.999164581298828125e+00,1.351579427719116211e+00,1.100000000000000089e+00,8.800000000000001155e-01,8.800000000000001155e-01,7.573931799569103562e-01,7.573931799569103562e-01,6.029315813690035952e+01,1.338870145005834047e+02
5.144759551852420287e+01,2.365667160965713098e-02,1.950986266136169434e+00,1.303401112556457520e+00,1.100000000000000089e+00,8.800000000000001155e-01,8.800000000000001155e-01,6.882183004289010864e-01,6.882183004289010864e-01,6.036233301642836580e+01,1.339561893801114252e+02
5.149759518559461213e+01,1.916773684185612225e+00,1.902911067008972168e+00,1.255325913429260254e+00,7.222949540446235162e-01,8.800000000000001155e-01,7.222949540446235162e-01,6.112651592430506930e-01,6.112651592430506930e-01,6.043928615761421952e+01,1.340331425212972647e+02
5.154753423702060644e+01,3.652741305673714578e+00,1.856534123420715332e+00,1.208948969841003418e+00,5.232274763928603800e-01,8.800000000000001155e-01,5.232274763928603800e-01,5.232274763928603800e-01,5.232274763928603800e-01,6.052732384046441183e+01,1.341211802041474641e+02
5.159745739355449956e+01,3.873136989750626480e+00,1.814913034439086914e+00,1.167327880859375000e+00,5.081226694909471986e-01,8.800000000000001155e-01,5.081226694909471986e-01,5.081226694909471986e-01,5.081226694909471986e-01,6.062413510622734236e+01,1.342179914699104017e+02
5.164737587581986134e+01,3.725638527161629021e+00,1.779728293418884277e+00,1.132143139839172363e+00,5.180833579869906780e-01,8.800000000000001155e-01,5.180833579869906780e-01,5.180833579869906780e-01,5.180833579869906780e-01,6.072142255324818194e+01,1.343152789169312484e+02
5.169730912609148987e+01,2.630282869966561687e+00,1.752780795097351074e+00,1.105195641517639160e+00,6.165932579887215548e-01,8.800000000000001155e-01,6.165932579887215548e-01,6.068581929630073590e-01,6.068581929630073590e-01,6.081019738822419640e+01,1.344040537519072700e+02
5.174730255810207069e+01,1.930231471068684090e-01,1.732562780380249023e+00,1.084977626800537109e+00,1.100000000000000089e+00,8.800000000000001155e-01,8.800000000000001155e-01,6.842979836207959687e-01,6.842979836207959687e-01,6.088763717888198812e+01,1.344814935425650617e+02
5.179730255810207495e+01,1.804112415015692828e-13,1.713963508605957031e+00,1.066378355026245117e+00,1.100000000000000089e+00,8.800000000000001155e-01,8.800000000000001155e-01,7.538326938966600776e-01,7.538326938966600776e-01,6.095717188915785556e+01,1.345510282528409221e+02
5.184730255810207211e+01,2.358429440746927508e-01,1.696759104728698730e+00,1.049173951148986816e+00,1.100000000000000089e+00,8.800000000000001155e-01,8.800000000000001155e-01,8.174739937071355822e-01,8.174739937071355822e-01,6.102081318896833295e+01,1.346146695526514065e+02
5.189729728618902982e+01,1.487264520939690193e+00,1.681452035903930664e+00,1.033866882324218750e+00,8.199849682226035830e-01,8.800000000000001155e-01,8.199849682226035830e-01,8.199849682226035830e-01,8.199849682226035830e-01,6.108187698262583609e+01,1.346757333463089026e+02
5.194728160745879109e+01,1.713544219518267742e+00,1.671075344085693359e+00,1.023490190505981445e+00,7.639278478415946205e-01,8.800000000000001155e-01,7.639278478415946205e-01,7.639278478415946205e-01,7.639278478415946205e-01,6.114499197325261548e+01,1.347388483369356891e+02
5.199726558670648302e+01,1.731440039804604591e+00,1.666326999664306641e+00,1.018741846084594727e+00,7.599696903566367512e-01,8.800000000000001155e-01,7.599696903566367512e-01,7.599696903566367512e-01,7.599696903566367512e-01,6.121059215698515743e+01,1.348044485206682452e+02
5.204724991516989263e+01,1.702647245624164363e+00,1.667377471923828125e+00,1.019792318344116211e+00,7.663685251594607450e-01,8.800000000000001155e-01,7.663685251594607450e-01,7.663685251594607450e-01,7.663685251594607450e-01,6.127608790092354951e+01,1.348699442646066302e+02
5.209723482636541547e+01,9.751789472459316821e-01,1.673342943191528320e+00,1.025757789611816406e+00,1.012646442992280793e+00,8.800000000000001155e-01,8.800000000000001155e-01,8.290298780780619436e-01,8.290298780780619436e-01,6.133874925384215260e+01,1.349326056175252404e+02
5.214723473142577603e+01,1.271240373031090783e-02,1.680911302566528320e+00,1.033326148986816406e+00,1.100000000000000089e+00,8.800000000000001155e-01,8.800000000000001155e-01,8.800000000000001155e-01,8.800000000000001155e-01,6.139726187050464290e+01,1.349911182341877236e+02
5.219723473142577319e+01,0.000000000000000000e+00,1.689800977706909180e+00,1.042215824127197266e+00,1.100000000000000089e+00,8.800000000000001155e-01,8.800000000000001155e-01,8.800000000000001155e-01,8.800000000000001155e-01,6.145408005232282278e+01,1.350479364160059106e+02
5.224723473142577035e+01,1.356553758213861734e-12,1.700099349021911621e+00,1.052514195442199707e+00,1.100000000000000089e+00,8.800000000000001155e-01,8.800000000000001155e-01,8.800000000000001155e-01,8.800000000000001155e-01,6.151089823414100266e+01,1.351047545978240976e+02
5.229723473142576751e+01,1.356553758213861734e-12,1.711800575256347656e+00,1.064215421676635742e+00,1.100000000000000089e+00,8.800000000000001155e-01,8.800000000000001155e-01,8.800000000000001155e-01,8.800000000000001155e-01,6.156771641595918254e+01,1.351615727796422846e+02
5.234723473142576466e+01,1.356553758213861734e-12,1.724904417991638184e+00,1.077319264411926270e+00,1.100000000000000089e+00,8.800000000000001155e-01,8.800000000000001155e-01,8.800000000000001155e-01,8.800000000000001155e-01,6.162453459777736242e+01,1.352183909614604715e+02
5.239723473142576182e+01,1.356553758213861734e-12,1.739368677139282227e+00,1.091783523559570312e+00,1.100000000000000089e+00,8.800000000000001155e-01,8.800000000000001155e-01,8.800000000000001155e-01,8.800000000000001155e-01,6.168135277959554230e+01,1.352752091432786585e+02
5.244723473142575898e+01,0.000000000000000000e+00,1.755095005035400391e+00,1.107509851455688477e+00,1.100000000000000089e+00,8.800000000000001155e-01,8.800000000000001155e-01,8.800000000000001155e-01,8.800000000000001155e-01,6.173817096141372218e+01,1.353320273250968455e+02
5.249723473142575614e+01,0.000000000000000000e+00,1.772066473960876465e+00,1.124481320381164551e+00,1.100000000000000089e+00,8.800000000000001155e-01,8.800000000000001155e-01,8.800000000000001155e-01,8.800000000000001155e-01,6.179498914323190206e+01,1.353888455069150325e+02
5.254723473142575330e+01,0.000000000000000000e+00,1.790357351303100586e+00,1.142772197723388672e+00,1.100000000000000089e+00,8.800000000000001155e-01,8.800000000000001155e-01,8.800000000000001155e-01,8.800000000000001155e-01,6.185180732505008194e+01,1.354456636887332195e+02
5.259723473142575045e+01,5.117434254130534836e-13,1.809795618057250977e+00,1.162210464477539062e+00,1.100000000000000089e+00,8.800000000000001155e-01,8.800000000000001155e-01,8.800000000000001155e-01,8.800000000000001155e-01,6.190862550686826182e+01,1.355024818705514065e+02
5.264723473142575472e+01,3.330669073875466087e-13,1.830337882041931152e+00,1.182752728462219238e+00,1.100000000000000089e+00,8.800000000000001155e-01,8.800000000000001155e-01,8.800000000000001155e-01,8.800000000000001155e-01,6.196544368868644881e+01,1.355593000523695935e+02
5.269723473142574477e+01,8.448103328009028634e-13,1.852090120315551758e+00,1.204504966735839844e+00,1.100000000000000089e+00,8.800000000000001155e-01,8.800000000000001155e-01,8.800000000000001155e-01,8.800000000000001155e-01,6.202226187050462158e+01,1.356161182341877804e+02
5.274723473142574193e+01,5.117434254130534836e-13,1.874906897544860840e+00,1.227321743965148926e+00,1.100000000000000089e+00,8.800000000000001155e-01,8.800000000000001155e-01,8.800000000000001155e-01,8.800000000000001155e-01,6.207908005232280146e+01,1.356729364160059674e+02
5.279723473142574619e+01,3.330669073875466087e-13,1.898149847984313965e+00,1.250564694404602051e+00,1.100000000000000089e+00,8.800000000000001155e-01,8.800000000000001155e-01,8.800000000000001155e-01,8.800000000000001155e-01,6.213589823414098845e+01,1.357297545978241544e+02
5.284723473142573624e+01,1.689620665601462011e-12,1.921388506889343262e+00,1.273803353309631348e+00,1.100000000000000089e+00,8.800000000000001155e-01,8.800000000000001155e-01,8.800000000000001155e-01,8.800000000000001155e-01,6.219271641595916122e+01,1.357865727796423414e+02
5.289723473142574051e+01,1.689620665601462011e-12,1.944647192955017090e+00,1.297062039375305176e+00,1.100000000000000089e+00,8.800000000000001155e-01,8.800000000000001155e-01,8.800000000000001155e-01,8.800000000000001155e-01,6.224953459777734821e+01,1.358433909614605284e+02
5.294723473142573056e+01,8.448103328009028634e-13,1.968250751495361328e+00,1.320665597915649414e+00,1.100000000000000089e+00,8.800000000000001155e-01,8.800000000000001155e-01,8.800000000000001155e-01,8.800000000000001155e-01,6.230635277959552099e+01,1.359002091432787154e+02
5.299723473142572772e+01,5.117434254130534836e-13,1.992781162261962891e+00,1.345196008682250977e+00,1.100000000000000089e+00,8.800000000000001155e-01,8.800000000000001155e-01,8.800000000000001155e-01,8.800000000000001155e-01,6.236317096141370087e+01,1.359570273250969024e+02
5.304723473142573198e+01,3.330669073875466087e-13,2.018379449844360352e+00,1.370794296264648438e+00,1.100000000000000089e+00,8.800000000000001155e-01,8.800000000000001155e-01,8.800000000000001155e-01,8.800000000000001155e-01,6.241998914323188785e+01,1.360138455069150893e+02
5.309723473142572203e+01,3.330669073875466087e-13,2.044820308685302734e+00,1.397235155105590820e+00,1.100000000000000089e+00,8.800000000000001155e-01,8.800000000000001155e-01,8.800000000000001155e-01,8.800000000000001155e-01,6.247680732505006063e+01,1.360706636887332763e+02
5.314723473142572630e+01,5.117434254130534836e-13,2.072067022323608398e+00,1.424481868743896484e+00,1.100000000000000089e+00,8.800000000000001155e-01,8.800000000000001155e-01,8.800000000000001155e-01,8.800000000000001155e-01,6.253362550686824761e+01,1.361274818705514633e+02
5.319723473142572345e+01,8.448103328009028634e-13,2.100236177444458008e+00,1.452651023864746094e+00,1.100000000000000089e+00,8.800000000000001155e-01,8.800000000000001155e-01,8.800000000000001155e-01,8.800000000000001155e-01,6.259044368868642749e+01,1.361843000523696503e+02
5.324723473142571351e+01,1.689620665601462011e-12,2.129208087921142578e+00,1.481622934341430664e+00,1.100000000000000089e+00,8.800000000000001155e-01,8.800000000000001155e-01,8.800000000000001155e-01,8.800000000000001155e-01,6.264726187050460027e+01,1.362411182341878373e+02
5.329723473142571777e+01,8.448103328005590463e-13,2.158883571624755859e+00,1.511298418045043945e+00,1.100000000000000089e+00,8.800000000000001155e-01,8.800000000000001155e-01,8.800000000000001155e-01,8.800000000000001155e-01,6.270408005232278725e+01,1.362979364160060243e+02
5.334723473142571493e+01,1.356553758213861734e-12,2.189306735992431641e+00,1.541721582412719727e+00,1.100000000000000089e+00,8.800000000000001155e-01,8.800000000000001155e-01,8.800000000000001155e-01,8.800000000000001155e-01,6.276089823414096713e+01,1.363547545978242113e+02
5.339723473142571208e+01,1.356553758213861734e-12,2.220532894134521484e+00,1.572947740554809570e+00,1.100000000000000089e+00,8.800000000000001155e-01,8.800000000000001155e-01,8.800000000000001155e-01,8.800000000000001155e-01,6.281771641595914701e+01,1.364115727796423982e+02
5.344723473142570924e+01,8.448103328009028634e-13,2.252372503280639648e+00,1.604787349700927734e+00,1.100000000000000089e+00,8.800000000000001155e-01,8.800000000000001155e-01,8.800000000000001155e-01,8.800000000000001155e-01,6.287453459777732689e+01,1.364683909614605852e+02
5.349723473142569929e+01,3.330669073875466087e-13,2.284792184829711914e+00,1.637207031250000000e+00,1.100000000000000089e+00,8.800000000000001155e-01,8.800000000000001155e-01,8.800000000000001155e-01,8.800000000000001155e-01,6.293135277959549967e+01,1.365252091432787722e+02
5.354723473142570356e+01,5.117434254130534836e-13,2.317991495132446289e+00,1.670406341552734375e+00,1.100000000000000089e+00,8.800000000000001155e-01,8.800000000000001155e-01,8.800000000000001155e-01,8.800000000000001155e-01,6.298817096141368665e+01,1.365820273250969592e+02
5.359723473142570072e+01,0.000000000000000000e+00,2.313893079757690430e+00,1.666307926177978516e+00,1.100000000000000089e+00,8.800000000000001155e-01,8.800000000000001155e-01,8.800000000000001155e-01,8.800000000000001155e-01,6.304498914323186654e+01,1.366388455069151462e+02
5.364723473142569787e+01,0.000000000000000000e+00,2.276022672653198242e+00,1.628437519073486328e+00,1.100000000000000089e+00,8.800000000000001155e-01,8.800000000000001155e-01,8.800000000000001155e-01,8.800000000000001155e-01,6.310180732505004642e+01,1.366956636887333332e+02
5.369723473142569503e+01,0.000000000000000000e+00,2.231846809387207031e+00,1.584261655807495117e+00,1.100000000000000089e+00,8.800000000000001155e-01,8.800000000000001155e-01,8.800000000000001155e-01,8.800000000000001155e-01,6.315862550686822630e+01,1.367524818705515202e+02
5.374723473142569219e+01,1.356553758213861734e-12,2.187545299530029297e+00,1.539960145950317383e+00,1.100000000000000089e+00,8.800000000000001155e-01,8.800000000000001155e-01,8.800000000000001155e-01,8.800000000000001155e-01,6.321544368868640618e+01,1.368093000523697071e+02
5.379723473142568935e+01,1.356553758213861734e-12,2.143265008926391602e+00,1.495679855346679688e+00,1.100000000000000089e+00,8.800000000000001155e-01,8.800000000000001155e-01,8.800000000000001155e-01,8.800000000000001155e-01,6.327226187050458606e+01,1.368661182341878941e+02
5.384723473142568650e+01,5.117434254130534836e-13,2.099036931991577148e+00,1.451451778411865234e+00,1.100000000000000089e+00,8.800000000000001155e-01,8.800000000000001155e-01,8.800000000000001155e-01,8.800000000000001155e-01,6.332908005232276594e+01,1.369229364160060811e+02
5.389723473142569077e+01,3.330669073875466087e-13,2.054754495620727539e+00,1.407169342041015625e+00,1.100000000000000089e+00,8.800000000000001155e-01,8.800000000000001155e-01,8.800000000000001155e-01,8.800000000000001155e-01,6.338589823414095292e+01,1.369797545978242681e+02
5.394723473142568082e+01,8.448103328009028634e-13,2.010495424270629883e+00,1.362910270690917969e+00,1.100000000000000089e+00,8.800000000000001155e-01,8.800000000000001155e-01,8.800000000000001155e-01,8.800000000000001155e-01,6.344271641595912570e+01,1.370365727796424551e+02
5.399723473142567798e+01,0.000000000000000000e+00,1.966229677200317383e+00,1.318644523620605469e+00,1.100000000000000089e+00,8.800000000000001155e-01,8.800000000000001155e-01,8.800000000000001155e-01,8.800000000000001155e-01,6.349953459777730558e+01,1.370933909614606421e+02
5.404723473142567514e+01,1.356553758213861734e-12,1.922354578971862793e+00,1.274769425392150879e+00,1.100000000000000089e+00,8.800000000000001155e-01,8.800000000000001155e-01,8.800000000000001155e-01,8.800000000000001155e-01,6.355635277959548546e+01,1.371502091432788291e+02
5.409723473142567229e+01,2.201364091014118666e-12,1.878747820854187012e+00,1.231162667274475098e+00,1.100000000000000089e+00,8.800000000000001155e-01,8.800000000000001155e-01,8.800000000000001155e-01,8.306623862918131040e-01,6.361317096141366534e+01,1.372086660315586926e+02
5.414723473142567656e+01,1.689620665601462011e-12,1.835410118103027344e+00,1.187824964523315430e+00,1.100000000000000089e+00,8.800000000000001155e-01,8.800000000000001155e-01,8.800000000000001155e-01,7.681145747868587392e-01,6.366998914323185232e+01,1.372712138430636344e+02
5.419723473142566661e+01,8.448103328009028634e-13,1.792460560798645020e+00,1.144875407218933105e+00,1.100000000000000089e+00,8.800000000000001155e-01,8.800000000000001155e-01,8.800000000000001155e-01,7.000000000000081712e-01,6.372680732505002510e+01,1.373393284178504814e+02
5.424723473142566377e+01,5.117434254130534836e-13,1.749916076660156250e+00,1.102330923080444336e+00,1.100000000000000089e+00,8.800000000000001155e-01,8.800000000000001155e-01,8.800000000000001155e-01,6.244997998398498229e-01,6.378362550686820498e+01,1.374148286180106311e+02
5.429723473142566803e+01,3.330669073875466087e-13,1.707717299461364746e+00,1.060132145881652832e+00,1.100000000000000089e+00,8.800000000000001155e-01,8.800000000000001155e-01,8.800000000000001155e-01,5.385164807134484866e-01,6.384044368868639197e+01,1.375008119371370299e+02
5.434723473142565808e+01,1.689620665601462011e-12,1.665924668312072754e+00,1.018339514732360840e+00,1.100000000000000089e+00,8.800000000000001155e-01,8.800000000000001155e-01,8.800000000000001155e-01,4.358898943540817639e-01,6.389726187050456474e+01,1.376034385234964077e+02
5.439723473142566235e+01,8.448103328005590463e-13,1.624691486358642578e+00,9.771063327789306641e-01,1.100000000000000089e+00,2.999999999999999889e-01,2.999999999999999889e-01,8.800000000000001155e-01,2.999999999999999889e-01,6.395408005232275173e+01,1.377393284178504871e+02
5.444723473142565950e+01,2.201364091015014105e-12,1.583903789520263672e+00,9.363186359405517578e-01,1.100000000000000089e+00,2.999999999999999889e-01,2.999999999999999889e-01,8.800000000000001155e-01,2.999999999999999889e-01,6.401089823414093871e+01,1.379059950845171443e+02
5.449723473142565666e+01,3.046174423815270027e-12,1.543632388114929199e+00,8.960472345352172852e-01,1.100000000000000089e+00,2.999999999999999889e-01,2.999999999999999889e-01,8.800000000000001155e-01,2.999999999999999889e-01,6.406771641595911149e+01,1.380726617511838015e+02
5.454723473142566093e+01,1.689620665601462011e-12,1.504050254821777344e+00,8.564651012420654297e-01,1.100000000000000089e+00,2.999999999999999889e-01,2.999999999999999889e-01,8.800000000000001155e-01,2.999999999999999889e-01,6.412453459777729847e+01,1.382393284178504871e+02
5.459723473142565098e+01,3.330669073875466087e-13,1.465085983276367188e+00,8.175008296966552734e-01,1.100000000000000089e+00,2.999999999999999889e-01,2.999999999999999889e-01,8.800000000000001155e-01,2.999999999999999889e-01,6.418135277959547125e+01,1.384059950845171159e+02
5.464723473142565524e+01,5.117434254130534836e-13,1.426762580871582031e+00,7.791774272918701172e-01,1.100000000000000089e+00,2.999999999999999889e-01,2.999999999999999889e-01,8.800000000000001155e-01,2.999999999999999889e-01,6.423817096141365823e+01,1.385726617511838015e+02
5.469723473142565240e+01,8.448103328009028634e-13,1.389203667640686035e+00,7.416185140609741211e-01,1.100000000000000089e+00,2.999999999999999889e-01,2.999999999999999889e-01,8.800000000000001155e-01,2.999999999999999889e-01,6.429498914323184522e+01,1.387393284178504587e+02
5.474723473142564245e+01,3.330669073875466087e-13,1.352485537528991699e+00,7.049003839492797852e-01,1.100000000000000089e+00,2.999999999999999889e-01,2.999999999999999889e-01,8.800000000000001155e-01,2.999999999999999889e-01,6.435180732505001799e+01,1.389059950845170874e+02
5.479723473142564671e+01,5.117434254130534836e-13,1.316597819328308105e+00,6.690126657485961914e-01,1.100000000000000089e+00,2.999999999999999889e-01,2.999999999999999889e-01,8.800000000000001155e-01,2.999999999999999889e-01,6.440862550686820498e+01,1.390726617511837730e+02
5.484723473142564387e+01,0.000000000000000000e+00,1.281630039215087891e+00,6.340448856353759766e-01,1.100000000000000089e+00,2.999999999999999889e-01,2.999999999999999889e-01,8.800000000000001155e-01,2.999999999999999889e-01,6.446544368868639197e+01,1.392393284178504302e+02
5.489723473142564103e+01,0.000000000000000000e+00,1.247338414192199707e+00,5.997532606124877930e-01,1.100000000000000089e+00,2.999999999999999889e-01,2.999999999999999889e-01,8.800000000000001155e-01,2.999999999999999889e-01,6.452226187050457895e+01,1.394059950845170874e+02
5.494723473142563819e+01,0.000000000000000000e+00,1.212572336196899414e+00,5.649871826171875000e-01,1.100000000000000089e+00,2.999999999999999889e-01,2.999999999999999889e-01,8.800000000000001155e-01,2.999999999999999889e-01,6.457908005232276594e+01,1.395726617511837446e+02
5.499723473142563535e+01,1.356553758213861734e-12,1.177736997604370117e+00,5.301518440246582031e-01,1.100000000000000089e+00,2.999999999999999889e-01,2.999999999999999889e-01,8.800000000000001155e-01,2.999999999999999889e-01,6.463589823414095292e+01,1.397393284178504018e+02
5.504723473142563250e+01,1.356553758213861734e-12,1.143788576126098633e+00,4.962034225463867188e-01,1.100000000000000089e+00,2.999999999999999889e-01,2.999999999999999889e-01,8.800000000000001155e-01,2.999999999999999889e-01,6.469271641595913991e+01,1.399059950845170590e+02
5.509723473142562966e+01,1.356553758213861734e-12,1.111044287681579590e+00,4.634591341018676758e-01,1.100000000000000089e+00,2.999999999999999889e-01,2.999999999999999889e-01,8.800000000000001155e-01,2.999999999999999889e-01,6.474953459777732689e+01,1.400726617511837162e+02
5.514723473142562682e+01,1.356553758213861734e-12,1.079588890075683594e+00,4.320037364959716797e-01,1.100000000000000089e+00,2.999999999999999889e-01,2.999999999999999889e-01,8.800000000000001155e-01,2.999999999999999889e-01,6.480635277959551388e+01,1.402393284178503734e+02
5.519723473142562398e+01,0.000000000000000000e+00,1.049577474594116211e+00,4.019923210144042969e-01,1.100000000000000089e+00,2.999999999999999889e-01,2.999999999999999889e-01,8.800000000000001155e-01,2.999999999999999889e-01,6.486317096141370087e+01,1.404059950845170306e+02
5.524723473142562113e+01,0.000000000000000000e+00,1.021152138710021973e+00,3.735669851303100586e-01,1.100000000000000089e+00,2.999999999999999889e-01,2.999999999999999889e-01,8.800000000000001155e-01,2.999999999999999889e-01,6.491998914323188785e+01,1.405726617511836878e+02
5.529723473142561829e+01,0.000000000000000000e+00,9.944025874137878418e-01,3.468174338340759277e-01,1.100000000000000089e+00,2.999999999999999889e-01,2.999999999999999889e-01,8.800000000000001155e-01,2.999999999999999889e-01,6.497680732505007484e+01,1.407393284178503450e+02
5.534723473142561545e+01,5.117434254130534836e-13,9.694824814796447754e-01,3.218973278999328613e-01,1.100000000000000089e+00,2.999999999999999889e-01,2.999999999999999889e-01,8.800000000000001155e-01,2.999999999999999889e-01,6.503362550686826182e+01,1.409059950845170022e+02
5.539723473142561971e+01,3.330669073875466087e-13,9.465635418891906738e-01,2.989783883094787598e-01,1.100000000000000089e+00,2.999999999999999889e-01,2.999999999999999889e-01,8.800000000000001155e-01,2.999999999999999889e-01,6.509044368868644881e+01,1.410726617511836878e+02
5.544723473142560977e+01,8.448103328009028634e-13,9.257639050483703613e-01,2.781787514686584473e-01,1.100000000000000089e+00,2.999999999999999889e-01,2.999999999999999889e-01,8.800000000000001155e-01,2.999999999999999889e-01,6.514726187050462158e+01,1.412393284178503166e+02
5.549723473142560692e+01,5.117434254130534836e-13,9.072386622428894043e-01,2.596535086631774902e-01,1.100000000000000089e+00,2.999999999999999889e-01,2.999999999999999889e-01,8.800000000000001155e-01,2.999999999999999889e-01,6.520408005232280857e+01,1.414059950845169737e+02
5.554723473142561119e+01,3.330669073875466087e-13,8.910960555076599121e-01,2.435109019279479980e-01,1.100000000000000089e+00,2.999999999999999889e-01,2.999999999999999889e-01,8.800000000000001155e-01,2.999999999999999889e-01,6.526089823414099556e+01,1.415726617511836594e+02
5.559723473142560124e+01,1.689620665601462011e-12,8.762336373329162598e-01,2.286484837532043457e-01,1.100000000000000089e+00,2.999999999999999889e-01,2.999999999999999889e-01,8.800000000000001155e-01,2.999999999999999889e-01,6.531771641595916833e+01,1.417393284178502881e+02
5.564723473142560550e+01,1.689620665601462011e-12,8.613711595535278320e-01,2.137860059738159180e-01,1.100000000000000089e+00,2.999999999999999889e-01,2.999999999999999889e-01,8.800000000000001155e-01,2.999999999999999889e-01,6.537453459777735532e+01,1.419059950845169737e+02
5.569723473142559556e+01,8.448103328009028634e-13,8.465087413787841797e-01,1.989235877990722656e-01,1.100000000000000089e+00,2.999999999999999889e-01,2.999999999999999889e-01,8.800000000000001155e-01,2.999999999999999889e-01,6.543135277959552809e+01,1.420726617511836025e+02
5.574723473142559271e+01,5.117434254130534836e-13,8.316462635993957520e-01,1.840611100196838379e-01,1.100000000000000089e+00,2.999999999999999889e-01,2.999999999999999889e-01,8.800000000000001155e-01,2.999999999999999889e-01,6.548817096141371508e+01,1.422393284178502597e+02
5.579723473142559698e+01,3.330669073875466087e-13,8.180088400840759277e-01,1.704236865043640137e-01,1.100000000000000089e+00,2.999999999999999889e-01,2.999999999999999889e-01,8.800000000000001155e-01,2.999999999999999889e-01,6.554498914323190206e+01,1.424059950845169453e+02
5.584723473142558703e+01,3.330669073875466087e-13,8.069944977760314941e-01,1.594093441963195801e-01,1.100000000000000089e+00,2.999999999999999889e-01,2.999999999999999889e-01,8.800000000000001155e-01,2.999999999999999889e-01,6.560180732505007484e+01,1.425726617511835741e+02
5.589723473142559129e+01,5.117434254130534836e-13,7.989621758460998535e-01,1.513770222663879395e-01,1.100000000000000089e+00,2.999999999999999889e-01,2.999999999999999889e-01,8.800000000000001155e-01,2.999999999999999889e-01,6.565862550686826182e+01,1.427393284178502597e+02
5.594723473142558845e+01,8.448103328009028634e-13,7.939962148666381836e-01,1.464110612869262695e-01,1.100000000000000089e+00,2.999999999999999889e-01,2.999999999999999889e-01,8.800000000000001155e-01,2.999999999999999889e-01,6.571544368868644881e+01,1.429059950845169169e+02
5.599723473142557850e+01,1.689620665601462011e-12,7.921346426010131836e-01,1.445494890213012695e-01,1.100000000000000089e+00,2.999999999999999889e-01,2.999999999999999889e-01,8.800000000000001155e-01,2.999999999999999889e-01,6.577226187050462158e+01,1.430726617511835457e+02
5.604723473142558277e+01,8.448103328005590463e-13,7.934304475784301758e-01,1.458452939987182617e-01,1.100000000000000089e+00,2.999999999999999889e-01,2.999999999999999889e-01,8.800000000000001155e-01,2.999999999999999889e-01,6.582908005232280857e+01,1.432393284178502313e+02
5.609723473142557992e+01,1.356553758213861734e-12,7.978845834732055664e-01,1.502994298934936523e-01,1.100000000000000089e+00,2.999999999999999889e-01,2.999999999999999889e-01,8.800000000000001155e-01,2.999999999999999889e-01,6.588589823414099556e+01,1.434059950845168885e+02
5.614723473142557708e+01,1.356553758213861734e-12,8.053745627403259277e-01,1.577894091606140137e-01,1.100000000000000089e+00,2.999999999999999889e-01,2.999999999999999889e-01,8.800000000000001155e-01,2.999999999999999889e-01,6.594271641595918254e+01,1.435726617511835457e+02
5.619723473142557424e+01,8.448103328009028634e-13,8.137325048446655273e-01,1.661473512649536133e-01,1.100000000000000089e+00,2.999999999999999889e-01,2.999999999999999889e-01,8.800000000000001155e-01,2.999999999999999889e-01,6.599953459777736953e+01,1.437393284178502029e+02
5.624723473142556429e+01,3.330669073875466087e-13,8.213273882865905762e-01,1.737422347068786621e-01,1.100000000000000089e+00,2.999999999999999889e-01,2.999999999999999889e-01,8.800000000000001155e-01,2.999999999999999889e-01,6.605635277959554230e+01,1.439059950845168316e+02
5.629723473142556855e+01,5.117434254130534836e-13,8.310012817382812500e-01,1.834161281585693359e-01,1.100000000000000089e+00,2.999999999999999889e-01,2.999999999999999889e-01,8.800000000000001155e-01,2.999999999999999889e-01,6.611317096141372929e+01,1.440726617511835173e+02
5.634723473142556571e+01,0.000000000000000000e+00,8.434543609619140625e-01,1.958692073822021484e-01,1.100000000000000089e+00,2.999999999999999889e-01,2.999999999999999889e-01,8.800000000000001155e-01,2.999999999999999889e-01,6.616998914323191627e+01,1.442393284178501744e+02
5.639723473142556287e+01,0.000000000000000000e+00,8.587675690650939941e-01,2.111824154853820801e-01,1.100000000000000089e+00,2.999999999999999889e-01,2.999999999999999889e-01,8.800000000000001155e-01,2.999999999999999889e-01,6.622680732505010326e+01,1.444059950845168316e+02
5.644723473142556003e+01,0.000000000000000000e+00,8.766537308692932129e-01,2.290685772895812988e-01,1.100000000000000089e+00,2.999999999999999889e-01,2.999999999999999889e-01,8.800000000000001155e-01,2.999999999999999889e-01,6.628362550686829024e+01,1.445726617511834888e+02
5.649723473142555719e+01,1.356553758213861734e-12,8.968716263771057129e-01,2.492864727973937988e-01,1.100000000000000089e+00,2.999999999999999889e-01,2.999999999999999889e-01,8.800000000000001155e-01,2.999999999999999889e-01,6.634044368868647723e+01,1.447393284178501460e+02
5.654723473142555434e+01,1.356553758213861734e-12,9.193676114082336426e-01,2.717824578285217285e-01,1.100000000000000089e+00,2.999999999999999889e-01,2.999999999999999889e-01,8.800000000000001155e-01,2.999999999999999889e-01,6.639726187050466422e+01,1.449059950845168032e+02
5.659723473142555150e+01,1.356553758213861734e-12,9.428402185440063477e-01,2.952550649642944336e-01,1.100000000000000089e+00,2.999999999999999889e-01,2.999999999999999889e-01,8.800000000000001155e-01,2.999999999999999889e-01,6.645408005232285120e+01,1.450726617511834604e+02
5.664723473142554866e+01,1.356553758213861734e-12,9.661769270896911621e-01,3.185917735099792480e-01,1.100000000000000089e+00,2.999999999999999889e-01,2.999999999999999889e-01,8.800000000000001155e-01,2.999999999999999889e-01,6.651089823414103819e+01,1.452393284178501176e+02
5.669723473142554582e+01,0.000000000000000000e+00,9.889827370643615723e-01,3.413975834846496582e-01,1.100000000000000089e+00,2.999999999999999889e-01,2.999999999999999889e-01,8.800000000000001155e-01,2.999999999999999889e-01,6.656771641595922517e+01,1.454059950845167748e+02
5.674723473142554298e+01,0.000000000000000000e+00,1.013360619544982910e+00,3.657754659652709961e-01,1.100000000000000089e+00,2.999999999999999889e-01,2.999999999999999889e-01,8.800000000000001155e-01,2.999999999999999889e-01,6.662453459777741216e+01,1.455726617511834320e+02
5.679723473142554013e+01,0.000000000000000000e+00,1.039457917213439941e+00,3.918727636337280273e-01,1.100000000000000089e+00,2.999999999999999889e-01,2.999999999999999889e-01,8.800000000000001155e-01,2.999999999999999889e-01,6.668135277959559915e+01,1.457393284178500892e+02
5.684723473142553729e+01,5.117434254130534836e-13,1.067130565643310547e+00,4.195454120635986328e-01,1.100000000000000089e+00,2.999999999999999889e-01,2.999999999999999889e-01,8.800000000000001155e-01,2.999999999999999889e-01,6.673817096141378613e+01,1.459059950845167464e+02
5.689723473142554155e+01,3.330669073875466087e-13,1.096545696258544922e+00,4.489605426788330078e-01,1.100000000000000089e+00,2.999999999999999889e-01,2.999999999999999889e-01,8.800000000000001155e-01,2.999999999999999889e-01,6.679498914323197312e+01,1.460726617511834320e+02
5.694723473142553161e+01,8.448103328009028634e-13,1.127416610717773438e+00,4.798314571380615234e-01,1.100000000000000089e+00,2.999999999999999889e-01,2.999999999999999889e-01,8.800000000000001155e-01,2.999999999999999889e-01,6.685180732505014589e+01,1.462393284178500608e+02
5.699723473142552876e+01,5.117434254130534836e-13,1.159487605094909668e+00,5.119024515151977539e-01,1.100000000000000089e+00,2.999999999999999889e-01,2.999999999999999889e-01,8.800000000000001155e-01,2.999999999999999889e-01,6.690862550686833288e+01,1.464059950845167180e+02
5.704723473142553303e+01,3.330669073875466087e-13,1.192800760269165039e+00,5.452156066894531250e-01,1.100000000000000089e+00,2.999999999999999889e-01,2.999999999999999889e-01,8.800000000000001155e-01,2.999999999999999889e-01,6.696544368868651986e+01,1.465726617511834036e+02
5.709723473142552308e+01,1.689620665601462011e-12,1.227417945861816406e+00,5.798327922821044922e-01,1.100000000000000089e+00,2.999999999999999889e-01,2.999999999999999889e-01,8.800000000000001155e-01,2.999999999999999889e-01,6.702226187050469264e+01,1.467393284178500323e+02
5.714723473142552734e+01,1.689620665601462011e-12,1.262930512428283691e+00,6.153453588485717773e-01,1.100000000000000089e+00,2.999999999999999889e-01,2.999999999999999889e-01,8.800000000000001155e-01,2.999999999999999889e-01,6.707908005232287962e+01,1.469059950845167180e+02
5.719723473142551740e+01,5.117434254132617934e-13,1.299258112907409668e+00,6.516729593276977539e-01,1.100000000000000089e+00,2.999999999999999889e-01,2.999999999999999889e-01,8.800000000000001155e-01,2.999999999999999889e-01,6.713589823414105240e+01,1.470726617511833467e+02
5.724723473142551455e+01,2.201364091014118666e-12,1.335381388664245605e+00,6.877962350845336914e-01,1.100000000000000089e+00,2.999999999999999889e-01,2.999999999999999889e-01,8.800000000000001155e-01,2.999999999999999889e-01,6.719271641595923938e+01,1.472393284178500039e+02
5.729723473142551882e+01,1.689620665601462011e-12,1.371123075485229492e+00,7.235379219055175781e-01,1.100000000000000089e+00,2.999999999999999889e-01,2.999999999999999889e-01,8.800000000000001155e-01,2.999999999999999889e-01,6.724953459777742637e+01,1.474059950845166895e+02
5.734723473142550887e+01,3.330669073875466087e-13,1.407279849052429199e+00,7.596946954727172852e-01,1.100000000000000089e+00,2.999999999999999889e-01,2.999999999999999889e-01,8.800000000000001155e-01,2.999999999999999889e-01,6.730635277959559915e+01,1.475726617511833183e+02
5.739723473142551313e+01,1.041170240901098942e-01,1.444386959075927734e+00,7.968018054962158203e-01,1.100000000000000089e+00,2.999999999999999889e-01,2.999999999999999889e-01,8.800000000000001155e-01,2.999999999999999889e-01,6.736317096141378613e+01,1.477393284178500039e+02
5.744723311899159057e+01,1.074004153971922282e+00,1.482127547264099121e+00,8.345423936843872070e-01,9.649326894718972536e-01,2.999999999999999889e-01,2.999999999999999889e-01,8.800000000000001155e-01,2.999999999999999889e-01,6.741998731092070329e+01,1.479059897097369287e+02
5.749722351113485530e+01,1.337452701713758296e+00,1.515375137329101562e+00,8.677899837493896484e-01,8.646906915863542542e-01,2.999999999999999889e-01,2.999999999999999889e-01,8.646906915863542542e-01,2.999999999999999889e-01,6.747729304698536623e+01,1.480726243502144825e+02
5.754721384791548644e+01,1.344626486364536300e+00,1.536464214324951172e+00,8.888790607452392578e-01,8.623809793195069684e-01,2.999999999999999889e-01,2.999999999999999889e-01,8.623809793195069684e-01,2.999999999999999889e-01,6.753518333332699797e+01,1.482392588061499055e+02
5.759720446043178299e+01,1.324015284103211787e+00,1.517901420593261719e+00,8.703162670135498047e-01,8.690674831208564655e-01,2.999999999999999889e-01,2.999999999999999889e-01,8.690674831208564655e-01,2.999999999999999889e-01,6.759292760189833871e+01,1.484058941812042178e+02
5.764719591232883289e+01,5.396628448322009497e-01,1.496140241622924805e+00,8.485550880432128906e-01,1.100000000000000089e+00,2.999999999999999889e-01,2.999999999999999889e-01,8.671957618760887110e-01,2.999999999999999889e-01,6.765051270835164132e+01,1.485725323541943794e+02
5.769719591232882294e+01,1.575128916187324746e-12,1.476999282836914062e+00,8.294141292572021484e-01,1.100000000000000089e+00,2.999999999999999889e-01,2.999999999999999889e-01,8.074828106008596906e-01,2.999999999999999889e-01,6.771022565962687167e+01,1.487391990208610366e+02
5.774719591232882010e+01,6.431442533752440571e-02,1.459367752075195312e+00,8.117825984954833984e-01,1.100000000000000089e+00,2.999999999999999889e-01,2.999999999999999889e-01,7.429861973252707141e-01,2.999999999999999889e-01,6.777472227290246565e+01,1.489058656875276938e+02
5.779719453470747936e+01,1.836808703397480258e+00,1.442963004112243652e+00,7.953778505325317383e-01,7.378499220334390207e-01,2.999999999999999889e-01,2.999999999999999889e-01,6.723326889706845444e-01,2.999999999999999889e-01,6.784537578125704727e+01,1.490725277621232294e+02
5.784715371072823586e+01,2.839998253309145237e+00,1.423945307731628418e+00,7.763601541519165039e-01,5.933910115741823921e-01,2.999999999999999889e-01,2.999999999999999889e-01,5.933910115741823921e-01,2.999999999999999889e-01,6.792431745865354742e+01,1.492390583488590892e+02
5.789710851698981031e+01,2.907878918090362141e+00,1.399859547615051270e+00,7.522743940353393555e-01,5.864241412759239047e-01,2.999999999999999889e-01,2.999999999999999889e-01,5.864241412759239047e-01,2.999999999999999889e-01,6.800899988732196277e+01,1.494055743697309993e+02
5.794706405199290344e+01,2.797186216258944036e+00,1.370861649513244629e+00,7.232764959335327148e-01,5.979148092837448525e-01,2.999999999999999889e-01,2.999999999999999889e-01,5.979148092837448525e-01,2.999999999999999889e-01,6.809336008670489093e+01,1.495720928197413002e+02
5.799702609437149192e+01,1.314389390060619611e+00,1.337554097175598145e+00,6.899689435958862305e-01,8.722439737328835374e-01,2.999999999999999889e-01,2.999999999999999889e-01,6.763329090898927420e-01,2.999999999999999889e-01,6.817177818651103394e+01,1.497386329610032760e+02
5.804702609437149619e+01,0.000000000000000000e+00,1.302513599395751953e+00,6.549284458160400391e-01,1.100000000000000089e+00,2.999999999999999889e-01,2.999999999999999889e-01,7.466098070063140746e-01,2.999999999999999889e-01,6.824205508442744872e+01,1.499052996276699616e+02
5.809702609437149334e+01,0.000000000000000000e+00,1.266848206520080566e+00,6.192630529403686523e-01,1.100000000000000089e+00,2.999999999999999889e-01,2.999999999999999889e-01,8.108182311208843585e-01,2.999999999999999889e-01,6.830626350854201689e+01,1.500719662943366188e+02
5.814702609437149761e+01,0.000000000000000000e+00,1.231825590133666992e+00,5.842404365539550781e-01,1.100000000000000089e+00,2.999999999999999889e-01,2.999999999999999889e-01,8.703023635024832450e-01,2.999999999999999889e-01,6.836574764092361534e+01,1.502386329610033044e+02
5.819702609437149476e+01,0.000000000000000000e+00,1.196142673492431641e+00,5.485575199127197266e-01,1.100000000000000089e+00,2.999999999999999889e-01,2.999999999999999889e-01,8.800000000000001155e-01,2.999999999999999889e-01,6.842288062667807935e+01,1.504052996276699616e+02
5.824702609437149192e+01,0.000000000000000000e+00,1.161140203475952148e+00,5.135550498962402344e-01,1.100000000000000089e+00,2.999999999999999889e-01,2.999999999999999889e-01,8.800000000000001155e-01,2.999999999999999889e-01,6.847969880849625213e+01,1.505719662943366188e+02
5.829702609437149619e+01,0.000000000000000000e+00,1.125437974929809570e+00,4.778528213500976562e-01,1.100000000000000089e+00,2.999999999999999889e-01,2.999999999999999889e-01,8.800000000000001155e-01,2.999999999999999889e-01,6.853651699031443911e+01,1.507386329610033044e+02
5.834702609437149334e+01,0.000000000000000000e+00,1.090859770774841309e+00,4.432746171951293945e-01,1.100000000000000089e+00,2.999999999999999889e-01,2.999999999999999889e-01,8.800000000000001155e-01,2.999999999999999889e-01,6.859333517213261189e+01,1.509052996276699616e+02
5.839702609437149761e+01,0.000000000000000000e+00,1.057516098022460938e+00,4.099309444427490234e-01,1.100000000000000089e+00,2.999999999999999889e-01,2.999999999999999889e-01,8.800000000000001155e-01,2.999999999999999889e-01,6.865015335395079887e+01,1.510719662943366473e+02
5.844702609437149476e+01,2.039977741737487582e-01,1.025527119636535645e+00,3.779419660568237305e-01,1.100000000000000089e+00,2.999999999999999889e-01,2.999999999999999889e-01,8.800000000000001155e-01,2.999999999999999889e-01,6.870697153576897165e+01,1.512386329610033044e+02
5.849702520547510431e+01,4.294272524140502201e-01,9.946205019950866699e-01,3.470353484153747559e-01,1.100000000000000089e+00,2.999999999999999889e-01,2.999999999999999889e-01,8.800000000000001155e-01,2.999999999999999889e-01,6.876378870747761596e+01,1.514052966646819982e+02
5.854702427251359609e+01,4.335538468425746972e-01,9.644470810890197754e-01,3.168619275093078613e-01,1.100000000000000089e+00,2.999999999999999889e-01,2.999999999999999889e-01,8.800000000000001155e-01,2.999999999999999889e-01,6.882060582911226732e+01,1.515719602214769566e+02
5.859702336808526013e+01,4.365685184307682709e-01,9.350787401199340820e-01,2.874935865402221680e-01,1.100000000000000089e+00,2.999999999999999889e-01,2.999999999999999889e-01,8.800000000000001155e-01,2.999999999999999889e-01,6.887742298317097323e+01,1.517386238733824939e+02
5.864702245993958485e+01,4.360177166238861646e-01,9.065962433815002441e-01,2.590110898017883301e-01,1.100000000000000089e+00,2.999999999999999889e-01,2.999999999999999889e-01,8.800000000000001155e-01,2.999999999999999889e-01,6.893424013300543152e+01,1.519052875128969049e+02
5.869702151014300995e+01,4.360539537418737233e-01,8.790960907936096191e-01,2.315109372138977051e-01,1.100000000000000089e+00,2.999999999999999889e-01,2.999999999999999889e-01,8.800000000000001155e-01,2.999999999999999889e-01,6.899105723550931657e+01,1.520719510135749886e+02
5.874702052102376371e+01,4.356031884592483916e-01,8.526836037635803223e-01,2.050984501838684082e-01,1.100000000000000089e+00,2.999999999999999889e-01,2.999999999999999889e-01,8.800000000000001155e-01,2.999999999999999889e-01,6.904787429332834847e+01,1.522386143831774916e+02
5.879701949987757814e+01,4.345445752857117205e-01,8.274762034416198730e-01,1.798910498619079590e-01,1.100000000000000089e+00,2.999999999999999889e-01,2.999999999999999889e-01,8.800000000000001155e-01,2.999999999999999889e-01,6.910469131475313986e+01,1.524052776460235350e+02
5.884701845499979811e+01,4.328858803505314934e-01,8.036040663719177246e-01,1.560189127922058105e-01,1.100000000000000089e+00,2.999999999999999889e-01,2.999999999999999889e-01,8.800000000000001155e-01,2.999999999999999889e-01,6.916150830921020543e+01,1.525719408297642588e+02
5.889701739515634671e+01,3.914090554780613185e-01,7.812094092369079590e-01,1.336242556571960449e-01,1.100000000000000089e+00,2.999999999999999889e-01,2.999999999999999889e-01,8.800000000000001155e-01,2.999999999999999889e-01,6.921832528666082851e+01,1.527386039636194255e+02
5.894701693801836484e+01,7.986251988718012784e-02,7.605434060096740723e-01,1.129582524299621582e-01,1.100000000000000089e+00,2.999999999999999889e-01,2.999999999999999889e-01,8.800000000000001155e-01,2.999999999999999889e-01,6.927514294900403513e+01,1.529052691064928240e+02
5.899701693801836200e+01,5.846018114040719095e-13,7.424890398979187012e-01,9.490388631820678711e-02,1.100000000000000089e+00,2.999999999999999889e-01,2.999999999999999889e-01,8.800000000000001155e-01,2.999999999999999889e-01,6.933196113082222212e+01,1.530719357731594812e+02
5.904701693801836626e+01,2.203098814490630081e-13,7.274203896522521973e-01,7.983523607254028320e-02,1.100000000000000089e+00,2.999999999999999889e-01,2.999999999999999889e-01,8.800000000000001155e-01,2.999999999999999889e-01,6.938877931264040910e+01,1.532386024398261668e+02
5.909701693801835631e+01,2.185751579730861252e-13,7.154844403266906738e-01,6.789928674697875977e-02,1.100000000000000089e+00,2.999999999999999889e-01,2.999999999999999889e-01,8.800000000000001155e-01,2.999999999999999889e-01,6.944559749445858188e+01,1.534052691064927956e+02
5.914701693801836058e+01,5.863365348800484136e-13,7.051839232444763184e-01,5.759876966476440430e-02,1.100000000000000089e+00,2.999999999999999889e-01,2.999999999999999889e-01,8.800000000000001155e-01,2.999999999999999889e-01,6.950241567627676886e+01,1.535719357731594812e+02
5.919701693801835773e+01,8.049116928534376129e-13,6.948834061622619629e-01,4.729825258255004883e-02,1.100000000000000089e+00,2.999999999999999889e-01,2.999999999999999889e-01,8.800000000000001155e-01,2.999999999999999889e-01,6.955923385809495585e+01,1.537386024398261384e+02
5.924701693801834779e+01,2.185751579730861252e-13,6.845828890800476074e-01,3.699773550033569336e-02,1.100000000000000089e+00,2.999999999999999889e-01,2.999999999999999889e-01,8.800000000000001155e-01,2.999999999999999889e-01,6.961605203991312862e+01,1.539052691064927672e+02
5.929701693801835205e+01,5.863365348800484136e-13,6.742823719978332520e-01,2.669721841812133789e-02,1.100000000000000089e+00,2.999999999999999889e-01,2.999999999999999889e-01,8.800000000000001155e-01,2.999999999999999889e-01,6.967287022173131561e+01,1.540719357731594528e+02
5.934701693801834921e+01,0.000000000000000000e+00,6.657165288925170898e-01,1.813137531280517578e-02,1.100000000000000089e+00,2.999999999999999889e-01,2.999999999999999889e-01,8.800000000000001155e-01,2.999999999999999889e-01,6.972968840354950260e+01,1.542386024398261100e+02
5.939701693801834637e+01,1.391248227733453210e-12,6.607206463813781738e-01,1.313549280166625977e-02,1.100000000000000089e+00,2.999999999999999889e-01,2.999999999999999889e-01,8.800000000000001155e-01,2.999999999999999889e-01,6.978650658536768958e+01,1.544052691064927672e+02
5.944701693801834352e+01,3.449128562415623711e-02,6.594915390014648438e-01,1.190638542175292969e-02,1.100000000000000089e+00,2.999999999999999889e-01,2.999999999999999889e-01,8.800000000000001155e-01,2.999999999999999889e-01,6.984332476718587657e+01,1.545719357731594243e+02
5.949701660517725799e+01,1.091393127322427770e+00,6.619734764099121094e-01,1.438832283020019531e-02,9.572147731877040933e-01,2.999999999999999889e-01,2.999999999999999889e-01,8.218943401238177904e-01,2.999999999999999889e-01,6.990208243031469237e+01,1.547386013303558059e+02
5.954700122858954359e+01,1.737495498346430356e+00,6.654977798461914062e-01,1.791262626647949219e-02,7.586442245894984282e-01,2.999999999999999889e-01,2.999999999999999889e-01,7.586442245894984282e-01,2.999999999999999889e-01,6.996533254584900874e+01,1.549052167417300723e+02
5.959698406382941727e+01,1.778983530498924992e+00,6.683787703514099121e-01,2.079361677169799805e-02,7.497457908384125291e-01,2.999999999999999889e-01,2.999999999999999889e-01,7.497457908384125291e-01,2.999999999999999889e-01,7.003160563799181659e+01,1.550718261925296702e+02
5.964696631665893989e+01,1.843640218324353874e+00,6.706795692443847656e-01,2.309441566467285156e-02,7.364816206617019745e-01,2.999999999999999889e-01,2.999999999999999889e-01,7.364816206617019745e-01,2.999999999999999889e-01,7.009886620988379491e+01,1.552384337019614122e+02
5.969694843236907644e+01,1.790953357551062997e+00,6.719271540641784668e-01,2.434200048446655273e-02,7.472361295179758001e-01,2.999999999999999889e-01,2.999999999999999889e-01,7.472361295179758001e-01,2.999999999999999889e-01,7.016624036605882964e+01,1.554050407543285246e+02
5.974693089713711913e+01,1.753847418680331671e+00,6.725180149078369141e-01,2.493286132812500000e-02,7.550993493568628478e-01,2.999999999999999889e-01,2.999999999999999889e-01,7.550993493568628478e-01,2.999999999999999889e-01,7.023278005106377009e+01,1.555716489702219860e+02
5.979691501255715025e+01,1.377731350372505492e+00,6.721338033676147461e-01,2.454864978790283203e-02,8.519571058229942206e-01,2.999999999999999889e-01,2.999999999999999889e-01,8.186227814074220621e-01,2.999999999999999889e-01,7.029630348311432897e+01,1.557382626882887564e+02
5.984691213307955593e+01,1.496475146685720681e-01,6.723962426185607910e-01,2.481108903884887695e-02,1.100000000000000089e+00,2.999999999999999889e-01,2.999999999999999889e-01,8.775747827302450288e-01,2.999999999999999889e-01,7.035525548443715138e+01,1.559049197566967848e+02
5.989691213307956019e+01,2.012279232132805020e-12,6.722169518470764160e-01,2.463179826736450195e-02,1.100000000000000089e+00,2.999999999999999889e-01,2.999999999999999889e-01,8.800000000000001155e-01,2.999999999999999889e-01,7.041215206771917678e+01,1.560715864233634704e+02
5.994691213307955735e+01,2.008809785181457655e-12,6.723567247390747070e-01,2.477157115936279297e-02,1.100000000000000089e+00,2.999999999999999889e-01,2.999999999999999889e-01,8.800000000000001155e-01,2.999999999999999889e-01,7.046897024953736377e+01,1.562382530900301276e+02
5.999691213307955451e+01,1.031713479103970113e-02,6.725639700889587402e-01,2.497881650924682617e-02,1.100000000000000089e+00,2.999999999999999889e-01,2.999999999999999889e-01,8.800000000000001155e-01,2.999999999999999889e-01,7.052578843135553655e+01,1.564049197566967848e+02
6.004691202053812304e+01,8.884199792780718141e-01,6.722267270088195801e-01,2.464157342910766602e-02,1.060940043997481430e+00,2.999999999999999889e-01,2.999999999999999889e-01,8.373805880467913854e-01,2.999999999999999889e-01,7.058401651173163316e+01,1.565715860482253561e+02
6.009689707109788515e+01,1.663239981711180482e+00,6.725668311119079590e-01,2.498167753219604492e-02,7.753941888601373345e-01,2.999999999999999889e-01,2.999999999999999889e-01,7.753941888601373345e-01,2.999999999999999889e-01,7.064600291091828410e+01,1.567382028834245489e+02
6.014688120000586480e+01,1.760092025782626246e+00,6.722787022590637207e-01,2.469354867935180664e-02,7.537586556706898921e-01,2.999999999999999889e-01,2.999999999999999889e-01,7.537586556706898921e-01,2.999999999999999889e-01,7.071137783937851395e+01,1.569048166464511667e+02
6.019686434363612904e+01,1.759622518350865139e+00,6.714239120483398438e-01,2.383875846862792969e-02,7.538592089664153395e-01,2.999999999999999889e-01,2.999999999999999889e-01,7.538592089664153395e-01,2.999999999999999889e-01,7.077768528346321375e+01,1.570714271252187189e+02
6.024684700142098137e+01,1.769536666783405154e+00,6.699977517127990723e-01,2.241259813308715820e-02,7.517444265792075919e-01,2.999999999999999889e-01,2.999999999999999889e-01,7.517444265792075919e-01,2.999999999999999889e-01,7.084408078969714495e+01,1.572380359845015505e+02
6.029683024145682424e+01,1.712315645915005291e+00,6.679854393005371094e-01,2.040028572082519531e-02,7.642018549448199582e-01,2.999999999999999889e-01,2.999999999999999889e-01,7.642018549448199582e-01,2.999999999999999889e-01,7.091002407627006221e+01,1.574046467846210078e+02
6.034681451048484746e+01,1.463096384150868845e+00,6.653554439544677734e-01,1.777029037475585938e-02,8.267296841924576256e-01,2.999999999999999889e-01,2.999999999999999889e-01,8.267296841924576256e-01,2.999999999999999889e-01,7.097286055640562097e+01,1.575712610147143948e+02
6.039680875343088928e+01,2.552316558044210870e-01,6.627818942070007324e-01,1.519674062728881836e-02,1.100000000000000089e+00,2.999999999999999889e-01,2.999999999999999889e-01,8.800000000000001155e-01,2.999999999999999889e-01,7.103144539665194657e+01,1.577379084912012104e+02
6.044680875343088644e+01,2.461572612411572731e-12,6.633476614952087402e-01,1.576250791549682617e-02,1.100000000000000089e+00,2.999999999999999889e-01,2.999999999999999889e-01,8.800000000000001155e-01,2.999999999999999889e-01,7.108826357847011934e+01,1.579045751578678676e+02
6.049680875343088360e+01,3.396588565962195703e-12,6.676762700080871582e-01,2.009111642837524414e-02,1.100000000000000089e+00,2.999999999999999889e-01,2.999999999999999889e-01,8.800000000000001155e-01,2.999999999999999889e-01,7.114508176028830633e+01,1.580712418245345248e+02
6.054680875343088786e+01,3.708838791638370755e-12,6.756772994995117188e-01,2.809214591979980469e-02,1.100000000000000089e+00,2.999999999999999889e-01,2.999999999999999889e-01,8.800000000000001155e-01,2.999999999999999889e-01,7.120189994210649331e+01,1.582379084912012104e+02
6.059680875343088502e+01,3.708838791638370755e-12,6.860475540161132812e-01,3.846240043640136719e-02,1.100000000000000089e+00,2.999999999999999889e-01,2.999999999999999889e-01,8.800000000000001155e-01,2.999999999999999889e-01,7.125871812392466609e+01,1.584045751578678676e+02
6.064680875343088928e+01,6.227657278756309338e-13,6.970231533050537109e-01,4.943799972534179688e-02,1.100000000000000089e+00,2.999999999999999889e-01,2.999999999999999889e-01,8.800000000000001155e-01,2.999999999999999889e-01,7.131553630574285307e+01,1.585712418245345532e+02
6.069680875343088644e+01,3.084338340287368859e-12,6.920012235641479492e-01,4.441606998443603516e-02,1.100000000000000089e+00,2.999999999999999889e-01,2.999999999999999889e-01,8.800000000000001155e-01,2.999999999999999889e-01,7.137235448756102585e+01,1.587379084912012104e+02
6.074680875343088360e+01,3.708838791638370755e-12,6.810255646705627441e-01,3.344041109085083008e-02,1.100000000000000089e+00,2.999999999999999889e-01,2.999999999999999889e-01,8.800000000000001155e-01,2.999999999999999889e-01,7.142917266937919862e+01,1.589045751578678676e+02
6.079680875343088786e+01,3.396588565962195703e-12,6.710780262947082520e-01,2.349287271499633789e-02,1.100000000000000089e+00,2.999999999999999889e-01,2.999999999999999889e-01,8.800000000000001155e-01,2.999999999999999889e-01,7.148599085119738561e+01,1.590712418245345532e+02
6.084680875343088502e+01,3.396588565962195703e-12,6.639477610588073730e-01,1.636260747909545898e-02,1.100000000000000089e+00,2.999999999999999889e-01,2.999999999999999889e-01,8.800000000000001155e-01,2.999999999999999889e-01,7.154280903301557260e+01,1.592379084912012104e+02
6.089680875343088928e+01,3.708838791638370755e-12,6.605243682861328125e-01,1.293921470642089844e-02,1.100000000000000089e+00,2.999999999999999889e-01,2.999999999999999889e-01,8.800000000000001155e-01,2.999999999999999889e-01,7.159962721483375958e+01,1.594045751578678960e+02
6.094680875343088644e+01,3.084338340287368859e-12,6.608940362930297852e-01,1.330888271331787109e-02,1.100000000000000089e+00,2.999999999999999889e-01,2.999999999999999889e-01,8.800000000000001155e-01,2.999999999999999889e-01,7.165644539665193236e+01,1.595712418245345532e+02
6.099680875343088360e+01,6.245004513516076400e-13,6.650304198265075684e-01,1.744526624679565430e-02,1.100000000000000089e+00,2.999999999999999889e-01,2.999999999999999889e-01,8.800000000000001155e-01,2.999999999999999889e-01,7.171326357847010513e+01,1.597379084912012104e+02
6.104680875343088786e+01,3.708838791638370755e-12,6.728451251983642578e-01,2.525997161865234375e-02,1.100000000000000089e+00,2.999999999999999889e-01,2.999999999999999889e-01,8.800000000000001155e-01,2.999999999999999889e-01,7.177008176028829212e+01,1.599045751578678960e+02
6.109680875343088502e+01,3.708838791638370755e-12,6.841880083084106445e-01,3.660285472869873047e-02,1.100000000000000089e+00,2.999999999999999889e-01,2.999999999999999889e-01,8.800000000000001155e-01,2.999999999999999889e-01,7.182689994210646489e+01,1.600712418245345532e+02
6.114680875343088928e+01,3.396588565962195703e-12,6.966391801834106445e-01,4.905402660369873047e-02,1.100000000000000089e+00,2.999999999999999889e-01,2.999999999999999889e-01,8.800000000000001155e-01,2.999999999999999889e-01,7.188371812392465188e+01,1.602379084912012388e+02
6.119680875343088644e+01,2.461572612411572731e-12,7.080264687538146973e-01,6.044131517410278320e-02,1.100000000000000089e+00,2.999999999999999889e-01,2.999999999999999889e-01,8.800000000000001155e-01,2.999999999999999889e-01,7.194053630574283886e+01,1.604045751578678960e+02
6.124680875343088360e+01,1.837072161059417710e-12,7.217473983764648438e-01,7.416224479675292969e-02,1.100000000000000089e+00,2.999999999999999889e-01,2.999999999999999889e-01,8.800000000000001155e-01,2.999999999999999889e-01,7.199735448756101164e+01,1.605712418245345532e+02
6.129680875343088786e+01,2.147587663259039594e-12,7.385570406913757324e-01,9.097188711166381836e-02,1.100000000000000089e+00,2.999999999999999889e-01,2.999999999999999889e-01,8.800000000000001155e-01,2.999999999999999889e-01,7.205417266937919862e+01,1.607379084912012388e+02
6.134680875343088502e+01,3.122502256758362327e-13,7.582440376281738281e-01,1.106588840484619141e-01,1.100000000000000089e+00,2.999999999999999889e-01,2.999999999999999889e-01,8.800000000000001155e-01,2.999999999999999889e-01,7.211099085119737140e+01,1.609045751578678960e+02
6.139680875343088928e+01,3.084338340286726663e-12,7.808330655097961426e-01,1.332479119300842285e-01,1.100000000000000089e+00,2.999999999999999889e-01,2.999999999999999889e-01,8.800000000000001155e-01,2.999999999999999889e-01,7.216780903301555838e+01,1.610712418245345532e+02
6.144680875343088644e+01,2.773822838087170615e-12,8.058468699455261230e-01,1.582617163658142090e-01,1.100000000000000089e+00,2.999999999999999889e-01,2.999999999999999889e-01,8.800000000000001155e-01,2.999999999999999889e-01,7.222462721483374537e+01,1.612379084912012104e+02
6.149680875343088360e+01,2.147587663259039594e-12,8.326321840286254883e-01,1.850470304489135742e-01,1.100000000000000089e+00,2.999999999999999889e-01,2.999999999999999889e-01,8.800000000000001155e-01,2.999999999999999889e-01,7.228144539665191814e+01,1.614045751578678676e+02
6.154680875343088786e+01,1.837072161059417710e-12,8.590867519378662109e-01,2.115015983581542969e-01,1.100000000000000089e+00,2.999999999999999889e-01,2.999999999999999889e-01,8.800000000000001155e-01,2.999999999999999889e-01,7.233826357847010513e+01,1.615712418245345532e+02
6.159680875343088502e+01,9.367506770275087486e-13,8.861795067787170410e-01,2.385943531990051270e-01,1.100000000000000089e+00,2.999999999999999889e-01,2.999999999999999889e-01,8.800000000000001155e-01,2.999999999999999889e-01,7.239508176028827791e+01,1.617379084912012104e+02
6.164680875343088928e+01,3.396588565962195703e-12,9.127559661865234375e-01,2.651708126068115234e-01,1.100000000000000089e+00,2.999999999999999889e-01,2.999999999999999889e-01,8.800000000000001155e-01,2.999999999999999889e-01,7.245189994210646489e+01,1.619045751578678960e+02
6.169680875343088644e+01,2.461572612411572731e-12,9.411813616752624512e-01,2.935962080955505371e-01,1.100000000000000089e+00,2.999999999999999889e-01,2.999999999999999889e-01,8.800000000000001155e-01,2.999999999999999889e-01,7.250871812392465188e+01,1.620712418245345532e+02
6.174680875343088360e+01,1.837072161059417710e-12,9.712799191474914551e-01,3.236947655677795410e-01,1.100000000000000089e+00,2.999999999999999889e-01,2.999999999999999889e-01,8.800000000000001155e-01,2.999999999999999889e-01,7.256553630574282465e+01,1.622379084912012104e+02
6.179680875343088786e+01,2.147587663259039594e-12,1.002889871597290039e+00,3.553047180175781250e-01,1.100000000000000089e+00,2.999999999999999889e-01,2.999999999999999889e-01,8.800000000000001155e-01,2.999999999999999889e-01,7.262235448756101164e+01,1.624045751578678960e+02
6.184680875343088502e+01,2.459837888935084187e-12,1.036198854446411133e+00,3.886137008666992188e-01,1.100000000000000089e+00,2.999999999999999889e-01,2.999999999999999889e-01,8.800000000000001155e-01,2.999999999999999889e-01,7.267917266937918441e+01,1.625712418245345532e+02
6.189680875343088928e+01,2.461572612411060994e-12,1.070754528045654297e+00,4.231693744659423828e-01,1.100000000000000089e+00,2.999999999999999889e-01,2.999999999999999889e-01,8.800000000000001155e-01,2.999999999999999889e-01,7.273599085119737140e+01,1.627379084912012388e+02
6.194680875343088644e+01,0.000000000000000000e+00,1.106421947479248047e+00,4.588367938995361328e-01,1.100000000000000089e+00,2.999999999999999889e-01,2.999999999999999889e-01,8.800000000000001155e-01,2.999999999999999889e-01,7.279280903301554417e+01,1.629045751578678960e+02
6.199680875343088360e+01,2.769575701622201680e-01,1.143090963363647461e+00,4.955058097839355469e-01,1.100000000000000089e+00,2.999999999999999889e-01,2.999999999999999889e-01,8.800000000000001155e-01,2.999999999999999889e-01,7.284962721483371695e+01,1.630712418245345532e+02
6.204680483047889084e+01,1.000621099158372829e+00,1.180354595184326172e+00,5.327694416046142578e-01,9.996895950075416204e-01,2.999999999999999889e-01,2.999999999999999889e-01,8.800000000000001155e-01,2.999999999999999889e-01,7.290644093875191345e+01,1.632378954146945773e+02
6.209679849579435285e+01,1.081220146396201454e+00,1.217032313346862793e+00,5.694471597671508789e-01,9.617073502598498802e-01,2.999999999999999889e-01,2.999999999999999889e-01,8.800000000000001155e-01,2.999999999999999889e-01,7.296325192206494137e+01,1.634045409657461221e+02
6.214679167036857166e+01,1.106219649022178064e+00,1.252074122428894043e+00,6.044889688491821289e-01,9.507784199091217081e-01,2.999999999999999889e-01,2.999999999999999889e-01,8.800000000000001155e-01,2.999999999999999889e-01,7.302006234771747017e+01,1.635711848809935134e+02
6.219678436180967651e+01,1.121837577544141595e+00,1.284455776214599609e+00,6.368706226348876953e-01,9.441369798999834639e-01,2.999999999999999889e-01,2.999999999999999889e-01,8.800000000000001155e-01,2.999999999999999889e-01,7.307687222435509966e+01,1.637378271857972152e+02
6.224677668090601657e+01,1.127356363452319599e+00,1.314984679222106934e+00,6.673995256423950195e-01,9.418232118416610676e-01,2.999999999999999889e-01,2.999999999999999889e-01,8.800000000000001155e-01,2.999999999999999889e-01,7.313368167787366758e+01,1.639044682494516962e+02
6.229676881664384069e+01,1.122518932559818383e+00,1.344173073768615723e+00,6.965879201889038086e-01,9.438503967095598357e-01,2.999999999999999889e-01,2.999999999999999889e-01,8.800000000000001155e-01,2.999999999999999889e-01,7.319049092303028203e+01,1.640711087019111005e+02
6.234676098713759984e+01,1.107556668171469472e+00,1.372658014297485352e+00,7.250728607177734375e-01,9.502043667402769733e-01,2.999999999999999889e-01,2.999999999999999889e-01,8.800000000000001155e-01,2.999999999999999889e-01,7.324730020768228655e+01,1.642377492702236168e+02
6.239675338710760855e+01,1.083163928459235814e+00,1.399816155433654785e+00,7.522310018539428711e-01,9.608440511517444271e-01,2.999999999999999889e-01,2.999999999999999889e-01,8.800000000000001155e-01,2.999999999999999889e-01,7.330410975310275035e+01,1.644043906034569886e+02
6.244674615318020017e+01,1.020468692423848411e+00,1.426113605499267578e+00,7.785284519195556641e-01,9.899201337705233472e-01,2.999999999999999889e-01,2.999999999999999889e-01,8.800000000000001155e-01,2.999999999999999889e-01,7.336091971454887073e+01,1.645710331570323035e+02
6.249674099251429737e+01,3.649320394876603424e-01,1.451537013053894043e+00,8.039518594741821289e-01,1.100000000000000089e+00,2.999999999999999889e-01,2.999999999999999889e-01,8.800000000000001155e-01,2.999999999999999889e-01,7.341773203197398345e+01,1.647376826214793084e+02
6.254674099251429453e+01,3.056582764670997987e-12,1.477265000343322754e+00,8.296798467636108398e-01,1.100000000000000089e+00,2.999999999999999889e-01,2.999999999999999889e-01,8.800000000000001155e-01,2.999999999999999889e-01,7.347455021379217044e+01,1.649043492881459656e+02
6.259674099251429880e+01,3.056582764670997987e-12,1.504398584365844727e+00,8.568134307861328125e-01,1.100000000000000089e+00,2.999999999999999889e-01,2.999999999999999889e-01,8.800000000000001155e-01,2.999999999999999889e-01,7.353136839561035742e+01,1.650710159548126512e+02
6.264674099251429595e+01,9.610368056912470558e-13,1.532671213150024414e+00,8.850860595703125000e-01,1.100000000000000089e+00,2.999999999999999889e-01,2.999999999999999889e-01,8.800000000000001155e-01,2.999999999999999889e-01,7.358818657742854441e+01,1.652376826214793084e+02
6.269674099251429311e+01,2.095545958980054460e-12,1.561880469322204590e+00,9.142953157424926758e-01,1.100000000000000089e+00,2.999999999999999889e-01,2.999999999999999889e-01,8.800000000000001155e-01,2.999999999999999889e-01,7.364500475924671719e+01,1.654043492881459656e+02
6.274674099251429737e+01,3.056582764670997987e-12,1.592265725135803223e+00,9.446805715560913086e-01,1.100000000000000089e+00,2.999999999999999889e-01,2.999999999999999889e-01,8.800000000000001155e-01,2.999999999999999889e-01,7.370182294106490417e+01,1.655710159548126512e+02
6.279674099251429453e+01,9.610368056912470558e-13,1.623646140098571777e+00,9.760609865188598633e-01,1.100000000000000089e+00,2.999999999999999889e-01,2.999999999999999889e-01,8.755331818134997057e-01,2.999999999999999889e-01,7.375878569234522786e+01,1.657376826214793084e+02
6.284674099251429169e+01,1.134509153288781151e-12,1.655787944793701172e+00,1.008202791213989258e+00,1.100000000000000089e+00,8.800000000000001155e-01,8.800000000000001155e-01,8.164302495966674345e-01,4.358898943540605586e-01,7.381788862456205891e+01,1.658735725158333594e+02
6.289674099251429595e+01,1.134509153288781151e-12,1.688902020454406738e+00,1.041316866874694824e+00,1.100000000000000089e+00,8.800000000000001155e-01,8.800000000000001155e-01,7.527007057632322251e-01,5.385164807134531495e-01,7.388161816839549090e+01,1.659761991021927656e+02
6.294674099251429311e+01,1.653527007851906261e-01,1.722892642021179199e+00,1.075307488441467285e+00,1.100000000000000089e+00,8.800000000000001155e-01,8.800000000000001155e-01,6.830507685790814243e-01,6.244997998398373884e-01,7.395126810557964347e+01,1.660621824213191360e+02
6.299673550088170515e+01,2.727996868672457165e+00,1.757786273956298828e+00,1.110201120376586914e+00,6.054496971026153140e-01,8.800000000000001155e-01,6.054496971026153140e-01,6.054496971026153140e-01,6.054496971026153140e-01,7.402886917705610870e+01,1.661434776427761051e+02
6.304666427185372157e+01,3.747969865149065605e+00,1.797842621803283691e+00,1.150257468223571777e+00,5.165376172253208775e-01,8.800000000000001155e-01,5.165376172253208775e-01,5.165376172253208775e-01,5.165376172253208775e-01,7.411786977507432539e+01,1.662324782407943076e+02
6.309658931972253981e+01,3.450372056076895788e+00,1.842966437339782715e+00,1.195381283760070801e+00,5.383528742235967890e-01,8.800000000000001155e-01,5.383528742235967890e-01,5.383528742235967890e-01,5.383528742235967890e-01,7.421252424067718323e+01,1.663271327063971796e+02
6.314654984959855710e+01,7.992587204108673182e-01,1.891355872154235840e+00,1.243770718574523926e+00,1.100000000000000089e+00,8.800000000000001155e-01,8.800000000000001155e-01,6.242955044983430346e-01,6.242955044983430346e-01,7.429846687095192692e+01,1.664130753366719375e+02
6.319654984959855426e+01,5.976921712705134809e-02,1.923367023468017578e+00,1.275781869888305664e+00,1.100000000000000089e+00,8.800000000000001155e-01,8.800000000000001155e-01,6.998177455143824721e-01,6.998177455143824721e-01,7.437398911196797258e+01,1.664885975776879832e+02
6.324654904014752788e+01,1.067894303578428516e+00,1.908337116241455078e+00,1.260751962661743164e+00,9.676891353238494808e-01,8.800000000000001155e-01,8.800000000000001155e-01,7.679474318172957448e-01,7.679474318172957448e-01,7.444211879827088296e+01,1.665567272639908936e+02
6.329653802487684544e+01,1.447930343398897923e+00,1.878428697586059570e+00,1.230843544006347656e+00,8.310481083292086124e-01,8.800000000000001155e-01,8.310481083292086124e-01,8.304945680095817684e-01,8.304945680095817684e-01,7.450466593446316210e+01,1.666192744001831727e+02
6.334652696410209671e+01,1.399899774283180243e+00,1.846438884735107422e+00,1.198853731155395508e+00,8.451845085639984045e-01,8.800000000000001155e-01,8.451845085639984045e-01,8.451845085639984045e-01,8.451845085639984045e-01,7.456433003115579083e+01,1.666789384968757872e+02
6.339651881430638980e+01,4.168018027321620522e-01,1.812599539756774902e+00,1.165014386177062988e+00,1.100000000000000089e+00,8.800000000000001155e-01,8.800000000000001155e-01,8.800000000000001155e-01,8.306623862918074419e-01,7.462228539761790103e+01,1.667386000928816543e+02
6.344651881430638696e+01,2.841368633433257455e-12,1.778740763664245605e+00,1.131155610084533691e+00,1.100000000000000089e+00,8.800000000000001155e-01,8.800000000000001155e-01,8.800000000000001155e-01,7.681145747868647344e-01,7.467910357943607380e+01,1.668011479043865961e+02
6.349651881430638412e+01,2.936236323524816997e-12,1.745656847953796387e+00,1.098071694374084473e+00,1.100000000000000089e+00,8.800000000000001155e-01,8.800000000000001155e-01,8.800000000000001155e-01,7.000000000000082823e-01,7.473592176125424658e+01,1.668692624791734431e+02
6.354651881430638838e+01,9.475926987521977156e-14,1.713392496109008789e+00,1.065807342529296875e+00,1.100000000000000089e+00,8.800000000000001155e-01,8.800000000000001155e-01,8.800000000000001155e-01,6.244997998398368333e-01,7.479273994307243356e+01,1.669447626793336212e+02
6.359651881430638554e+01,6.310056643865422498e-14,1.681994915008544922e+00,1.034409761428833008e+00,1.100000000000000089e+00,8.800000000000001155e-01,8.800000000000001155e-01,8.800000000000001155e-01,5.385164807134524834e-01,7.484955812489060634e+01,1.670307459984599916e+02
6.364651881430638980e+01,6.310056643865422498e-14,1.651513695716857910e+00,1.003928542137145996e+00,1.100000000000000089e+00,8.800000000000001155e-01,8.800000000000001155e-01,8.800000000000001155e-01,4.358898943540605031e-01,7.490637630670879332e+01,1.671333725848193694e+02
6.369651881430638696e+01,0.000000000000000000e+00,1.622000336647033691e+00,9.744151830673217773e-01,1.100000000000000089e+00,2.999999999999999889e-01,2.999999999999999889e-01,8.800000000000001155e-01,2.999999999999999889e-01,7.496319448852696610e+01,1.672692624791734204e+02
6.374651881430638412e+01,6.310056643865422498e-14,1.593508839607238770e+00,9.459236860275268555e-01,1.100000000000000089e+00,2.999999999999999889e-01,2.999999999999999889e-01,8.800000000000001155e-01,2.999999999999999889e-01,7.502001267034513887e+01,1.674359291458400776e+02
6.379651881430638838e+01,6.310056643865422498e-14,1.566094875335693359e+00,9.185097217559814453e-01,1.100000000000000089e+00,2.999999999999999889e-01,2.999999999999999889e-01,8.800000000000001155e-01,2.999999999999999889e-01,7.507683085216332586e+01,1.676025958125067632e+02
6.384651881430638554e+01,6.310056643865422498e-14,1.539816379547119141e+00,8.922312259674072266e-01,1.100000000000000089e+00,2.999999999999999889e-01,2.999999999999999889e-01,8.800000000000001155e-01,2.999999999999999889e-01,7.513364903398149863e+01,1.677692624791734204e+02
6.389651881430638980e+01,2.904577620088554095e-12,1.514732003211975098e+00,8.671468496322631836e-01,1.100000000000000089e+00,2.999999999999999889e-01,2.999999999999999889e-01,8.800000000000001155e-01,2.999999999999999889e-01,7.519046721579968562e+01,1.679359291458401060e+02
6.394651881430638696e+01,2.841477053650506006e-12,1.490902423858642578e+00,8.433172702789306641e-01,1.100000000000000089e+00,2.999999999999999889e-01,2.999999999999999889e-01,8.800000000000001155e-01,2.999999999999999889e-01,7.524728539761785839e+01,1.681025958125067632e+02
6.399651881430638412e+01,0.000000000000000000e+00,1.467939615249633789e+00,8.203544616699218750e-01,1.100000000000000089e+00,2.999999999999999889e-01,2.999999999999999889e-01,8.800000000000001155e-01,2.999999999999999889e-01,7.530410357943603117e+01,1.682692624791734204e+02
6.404651881430638127e+01,1.262011328772815403e-13,1.444246530532836914e+00,7.966613769531250000e-01,1.100000000000000089e+00,2.999999999999999889e-01,2.999999999999999889e-01,8.800000000000001155e-01,2.999999999999999889e-01,7.536092176125420394e+01,1.684359291458400776e+02
6.409651881430639264e+01,9.465084965795106414e-14,1.421101689338684082e+00,7.735165357589721680e-01,1.100000000000000089e+00,2.999999999999999889e-01,2.999999999999999889e-01,8.800000000000001155e-01,2.999999999999999889e-01,7.541773994307240514e+01,1.686025958125067916e+02
6.414651881430638980e+01,3.155028321933046988e-14,1.399291396141052246e+00,7.517062425613403320e-01,1.100000000000000089e+00,2.999999999999999889e-01,2.999999999999999889e-01,8.800000000000001155e-01,2.999999999999999889e-01,7.547455812489059213e+01,1.687692624791734488e+02
6.419651881430638696e+01,0.000000000000000000e+00,1.378949403762817383e+00,7.313642501831054688e-01,1.100000000000000089e+00,2.999999999999999889e-01,2.999999999999999889e-01,8.800000000000001155e-01,2.999999999999999889e-01,7.553137630670876490e+01,1.689359291458401060e+02
6.424651881430638412e+01,0.000000000000000000e+00,1.360141873359680176e+00,7.125567197799682617e-01,1.100000000000000089e+00,2.999999999999999889e-01,2.999999999999999889e-01,8.800000000000001155e-01,2.999999999999999889e-01,7.558819448852693768e+01,1.691025958125067632e+02
6.429651881430638127e+01,1.262011328772815403e-13,1.342933297157287598e+00,6.953481435775756836e-01,1.100000000000000089e+00,2.999999999999999889e-01,2.999999999999999889e-01,8.800000000000001155e-01,2.999999999999999889e-01,7.564501267034511045e+01,1.692692624791734204e+02
6.434651881430639264e+01,1.263095530945300655e-13,1.327386140823364258e+00,6.798009872436523438e-01,1.100000000000000089e+00,2.999999999999999889e-01,2.999999999999999889e-01,8.800000000000001155e-01,2.999999999999999889e-01,7.570183085216331165e+01,1.694359291458401344e+02
6.439651881430638980e+01,2.841368633433257455e-12,1.313559174537658691e+00,6.659740209579467773e-01,1.100000000000000089e+00,2.999999999999999889e-01,2.999999999999999889e-01,8.800000000000001155e-01,2.999999999999999889e-01,7.575864903398148442e+01,1.696025958125067916e+02
6.444651881430638696e+01,2.841477053650506006e-12,1.301507592201232910e+00,6.539224386215209961e-01,1.100000000000000089e+00,2.999999999999999889e-01,2.999999999999999889e-01,8.800000000000001155e-01,2.999999999999999889e-01,7.581546721579965720e+01,1.697692624791734488e+02
6.449651881430638412e+01,0.000000000000000000e+00,1.291280984878540039e+00,6.436958312988281250e-01,1.100000000000000089e+00,2.999999999999999889e-01,2.999999999999999889e-01,8.800000000000001155e-01,2.999999999999999889e-01,7.587228539761782997e+01,1.699359291458401060e+02
6.454651881430638127e+01,1.262011328772815403e-13,1.282922983169555664e+00,6.353378295898437500e-01,1.100000000000000089e+00,2.999999999999999889e-01,2.999999999999999889e-01,8.800000000000001155e-01,2.999999999999999889e-01,7.592910357943600275e+01,1.701025958125067632e+02
6.459651881430639264e+01,1.263095530945300655e-13,1.276470541954040527e+00,6.288853883743286133e-01,1.100000000000000089e+00,2.999999999999999889e-01,2.999999999999999889e-01,8.800000000000001155e-01,2.999999999999999889e-01,7.598592176125420394e+01,1.702692624791734772e+02
6.464651881430638980e+01,0.000000000000000000e+00,1.271952509880065918e+00,6.243673563003540039e-01,1.100000000000000089e+00,2.999999999999999889e-01,2.999999999999999889e-01,8.800000000000001155e-01,2.999999999999999889e-01,7.604273994307237672e+01,1.704359291458401344e+02
6.469651881430638696e+01,0.000000000000000000e+00,1.269389510154724121e+00,6.218043565750122070e-01,1.100000000000000089e+00,2.999999999999999889e-01,2.999999999999999889e-01,8.800000000000001155e-01,2.999999999999999889e-01,7.609955812489054949e+01,1.706025958125067916e+02
6.474651881430638412e+01,3.155028321933046988e-14,1.268043398857116699e+00,6.204582452774047852e-01,1.100000000000000089e+00,2.999999999999999889e-01,2.999999999999999889e-01,8.800000000000001155e-01,2.999999999999999889e-01,7.615637630670872227e+01,1.707692624791734488e+02
6.479651881430638127e+01,9.475926987519957672e-14,1.266932606697082520e+00,6.193474531173706055e-01,1.100000000000000089e+00,2.999999999999999889e-01,2.999999999999999889e-01,8.800000000000001155e-01,2.999999999999999889e-01,7.621319448852690925e+01,1.709359291458401060e+02
6.484651881430639264e+01,1.263095530945300655e-13,1.265821814537048340e+00,6.182366609573364258e-01,1.100000000000000089e+00,2.999999999999999889e-01,2.999999999999999889e-01,8.800000000000001155e-01,2.999999999999999889e-01,7.627001267034511045e+01,1.711025958125068200e+02
6.489651881430638980e+01,2.841368633433257455e-12,1.264710903167724609e+00,6.171257495880126953e-01,1.100000000000000089e+00,2.999999999999999889e-01,2.999999999999999889e-01,8.800000000000001155e-01,2.999999999999999889e-01,7.632683085216328323e+01,1.712692624791734772e+02
6.494651881430638696e+01,2.841477053650506006e-12,1.264351725578308105e+00,6.167665719985961914e-01,1.100000000000000089e+00,2.999999999999999889e-01,2.999999999999999889e-01,8.800000000000001155e-01,2.999999999999999889e-01,7.638364903398145600e+01,1.714359291458401344e+02
6.499651881430638412e+01,0.000000000000000000e+00,1.265731930732727051e+00,6.181467771530151367e-01,1.100000000000000089e+00,2.999999999999999889e-01,2.999999999999999889e-01,8.800000000000001155e-01,2.999999999999999889e-01,7.644046721579962878e+01,1.716025958125067916e+02
6.504651881430638127e+01,1.262011328772815403e-13,1.261698126792907715e+00,6.141129732131958008e-01,1.100000000000000089e+00,2.999999999999999889e-01,2.999999999999999889e-01,8.800000000000001155e-01,2.999999999999999889e-01,7.649728539761780155e+01,1.717692624791734488e+02
6.509651881430639264e+01,1.263095530945300655e-13,1.232668280601501465e+00,5.850831270217895508e-01,1.100000000000000089e+00,2.999999999999999889e-01,2.999999999999999889e-01,8.800000000000001155e-01,2.999999999999999889e-01,7.655410357943600275e+01,1.719359291458401628e+02
6.514651881430638980e+01,0.000000000000000000e+00,1.186909794807434082e+00,5.393246412277221680e-01,1.100000000000000089e+00,2.999999999999999889e-01,2.999999999999999889e-01,8.800000000000001155e-01,2.999999999999999889e-01,7.661092176125417552e+01,1.721025958125068200e+02
6.519651881430638696e+01,0.000000000000000000e+00,1.138234972953796387e+00,4.906498193740844727e-01,1.100000000000000089e+00,2.999999999999999889e-01,2.999999999999999889e-01,8.800000000000001155e-01,2.999999999999999889e-01,7.666773994307234830e+01,1.722692624791734772e+02
6.524651881430638412e+01,0.000000000000000000e+00,1.089679121971130371e+00,4.420939683914184570e-01,1.100000000000000089e+00,2.999999999999999889e-01,2.999999999999999889e-01,8.800000000000001155e-01,2.999999999999999889e-01,7.672455812489052107e+01,1.724359291458401344e+02
6.529651881430638127e+01,1.262011328772815403e-13,1.041259169578552246e+00,3.936740159988403320e-01,1.100000000000000089e+00,2.999999999999999889e-01,2.999999999999999889e-01,8.709101727983070695e-01,2.999999999999999889e-01,7.678167127755452270e+01,1.726025958125067916e+02
6.534651881430639264e+01,2.967786606743824078e-12,9.929949045181274414e-01,3.454097509384155273e-01,1.100000000000000089e+00,2.999999999999999889e-01,2.999999999999999889e-01,8.114705965613016048e-01,2.999999999999999889e-01,7.684111085379153394e+01,1.727692624791735057e+02
6.539651881430638980e+01,9.421662867902953487e-01,9.449102878570556641e-01,2.973251342773437500e-01,1.030234810237774745e+00,2.999999999999999889e-01,2.999999999999999889e-01,7.473182247768084263e-01,2.999999999999999889e-01,7.690526322557602157e+01,1.729359291458401628e+02
6.544649546464891898e+01,2.180876542460703504e+00,8.977540731430053711e-01,2.501689195632934570e-01,6.771493398051194879e-01,2.999999999999999889e-01,2.999999999999999889e-01,6.771493398051194879e-01,2.999999999999999889e-01,7.697543211054771461e+01,1.731025179803152412e+02
6.549646692988063990e+01,2.354935504703891791e+00,8.534666895866394043e-01,2.058815360069274902e-01,6.516441356504886206e-01,2.999999999999999889e-01,2.999999999999999889e-01,6.516441356504886206e-01,2.999999999999999889e-01,7.705064540163432696e+01,1.732690895310876442e+02
6.554643711377832460e+01,2.421727911075576500e+00,8.129992485046386719e-01,1.654140949249267578e-01,6.425949769365337794e-01,2.999999999999999889e-01,2.999999999999999889e-01,6.425949769365337794e-01,2.999999999999999889e-01,7.712786480168443859e+01,1.734356568107465932e+02
6.559640632034103191e+01,2.371188016340963767e+00,7.773864865303039551e-01,1.298013329505920410e-01,6.494070578335473520e-01,2.999999999999999889e-01,2.999999999999999889e-01,6.494070578335473520e-01,2.999999999999999889e-01,7.720521639280883619e+01,1.736022208326222938e+02
6.564637621896250153e+01,2.234238936530221764e+00,7.484830617904663086e-01,1.008979082107543945e-01,6.690139782991696427e-01,2.999999999999999889e-01,2.999999999999999889e-01,6.690139782991696427e-01,2.999999999999999889e-01,7.728101903438083298e+01,1.737687871613605353e+02
6.569635037138550615e+01,1.387911653657765365e+00,7.263408899307250977e-01,7.875573635101318359e-02,8.488268112179374603e-01,2.999999999999999889e-01,2.999999999999999889e-01,7.399513551617283857e-01,2.999999999999999889e-01,7.735195641124339261e+01,1.739353676694371984e+02
6.574634991960546415e+01,3.960146041258109928e-02,7.108374834060668945e-01,6.325232982635498047e-02,1.100000000000000089e+00,2.999999999999999889e-01,2.999999999999999889e-01,8.046906886783157242e-01,2.999999999999999889e-01,7.741669574475997706e+01,1.741020328301703728e+02
6.579634991960546131e+01,1.602884491802220385e-12,6.985130906105041504e-01,5.092793703079223633e-02,1.100000000000000089e+00,2.999999999999999889e-01,2.999999999999999889e-01,8.645964980530362887e-01,2.999999999999999889e-01,7.747660155413470306e+01,1.742686994968370300e+02
6.584634991960547268e+01,1.606353938754173191e-12,6.894435286521911621e-01,4.185837507247924805e-02,1.100000000000000089e+00,2.999999999999999889e-01,2.999999999999999889e-01,8.800000000000001155e-01,2.999999999999999889e-01,7.753392139864409671e+01,1.744353661635037440e+02
6.589634991960546984e+01,1.825164535727758497e-01,6.842056512832641602e-01,3.662049770355224609e-02,1.100000000000000089e+00,2.999999999999999889e-01,2.999999999999999889e-01,8.800000000000001155e-01,2.999999999999999889e-01,7.759073958046226949e+01,1.746020328301704012e+02
6.594634657665542932e+01,1.180779326849734634e+00,6.817550063133239746e-01,3.416985273361206055e-02,9.202707732605995838e-01,2.999999999999999889e-01,2.999999999999999889e-01,8.800000000000001155e-01,2.999999999999999889e-01,7.764755396347358385e+01,1.747686883536702851e+02
6.599633640629627962e+01,1.398980134979183054e+00,6.802839040756225586e-01,3.269875049591064453e-02,8.454622598984290471e-01,2.999999999999999889e-01,2.999999999999999889e-01,8.454622598984290471e-01,2.999999999999999889e-01,7.770549765868230452e+01,1.749353211191397861e+02
6.604632600824493238e+01,1.412134196245581785e+00,6.791195273399353027e-01,3.153437376022338867e-02,8.415152970579491409e-01,2.999999999999999889e-01,2.999999999999999889e-01,8.415152970579491409e-01,2.999999999999999889e-01,7.776476294261274802e+01,1.751019531256352764e+02
6.609631482181431750e+01,1.409641357357007685e+00,6.779016256332397461e-01,3.031647205352783203e-02,8.422590449036672089e-01,2.999999999999999889e-01,2.999999999999999889e-01,8.422590449036672089e-01,2.999999999999999889e-01,7.782414003647100742e+01,1.752685825041999124e+02
6.614630369824205047e+01,1.392424469101167572e+00,6.769343614578247070e-01,2.934920787811279297e-02,8.474501808915865242e-01,2.999999999999999889e-01,2.999999999999999889e-01,8.474501808915865242e-01,2.999999999999999889e-01,7.788330865041309892e+01,1.754352120922923746e+02
6.619629365006748856e+01,1.281542286525266361e+00,6.761057376861572266e-01,2.852058410644531250e-02,8.833514565970354004e-01,2.999999999999999889e-01,2.999999999999999889e-01,8.800000000000001155e-01,2.999999999999999889e-01,7.794118580644158101e+01,1.756018452650438633e+02
6.624628843965049896e+01,2.894786858796954965e-01,6.757372021675109863e-01,2.815204858779907227e-02,1.100000000000000089e+00,2.999999999999999889e-01,2.999999999999999889e-01,8.800000000000001155e-01,2.999999999999999889e-01,7.799799806733136620e+01,1.757684945636538885e+02
6.629628843965049612e+01,1.634109514369797460e-12,6.759491562843322754e-01,2.836400270462036133e-02,1.100000000000000089e+00,2.999999999999999889e-01,2.999999999999999889e-01,8.800000000000001155e-01,2.999999999999999889e-01,7.805481624914953898e+01,1.759351612303205457e+02
6.634628843965050748e+01,2.041769531224467286e-12,6.724929213523864746e-01,2.490776777267456055e-02,1.100000000000000089e+00,2.999999999999999889e-01,2.999999999999999889e-01,8.800000000000001155e-01,2.999999999999999889e-01,7.811163443096772596e+01,1.761018278969872597e+02
6.639628843965050464e+01,8.883098261715379265e-03,6.707838177680969238e-01,2.319866418838500977e-02,1.100000000000000089e+00,2.999999999999999889e-01,2.999999999999999889e-01,8.800000000000001155e-01,2.999999999999999889e-01,7.816845261278589874e+01,1.762684945636539169e+02
6.644628841508976791e+01,3.206723427494408973e-01,6.714935898780822754e-01,2.390843629837036133e-02,1.100000000000000089e+00,2.999999999999999889e-01,2.999999999999999889e-01,8.800000000000001155e-01,2.999999999999999889e-01,7.822527076669415180e+01,1.764351611484514422e+02
6.649628705154498221e+01,4.913458842803579696e-01,6.673653721809387207e-01,1.978021860122680664e-02,1.100000000000000089e+00,2.999999999999999889e-01,2.999999999999999889e-01,8.800000000000001155e-01,2.999999999999999889e-01,7.828208739902962066e+01,1.766018232699688042e+02
6.654628573154622018e+01,4.998415755629500024e-01,6.629950404167175293e-01,1.540988683700561523e-02,1.100000000000000089e+00,2.999999999999999889e-01,2.999999999999999889e-01,8.800000000000001155e-01,2.999999999999999889e-01,7.833890408084921830e+01,1.767684855366396164e+02
6.659628442322731701e+01,4.943028990739446460e-01,6.611274480819702148e-01,1.354229450225830078e-02,1.100000000000000089e+00,2.999999999999999889e-01,2.999999999999999889e-01,8.800000000000001155e-01,2.999999999999999889e-01,7.839572077594138477e+01,1.769351478422432820e+02
6.664628303781462648e+01,4.932220403684543508e-01,6.618269085884094238e-01,1.424175500869750977e-02,1.100000000000000089e+00,2.999999999999999889e-01,2.999999999999999889e-01,8.800000000000001155e-01,2.999999999999999889e-01,7.845253738342697147e+01,1.771018098908676563e+02
6.669628173779156555e+01,4.989376261587113448e-01,6.650732159614562988e-01,1.748806238174438477e-02,1.100000000000000089e+00,2.999999999999999889e-01,2.999999999999999889e-01,8.800000000000001155e-01,2.999999999999999889e-01,7.850935408794622106e+01,1.772684722241241104e+02
6.674628043872138505e+01,2.810284477200900022e-01,6.708084344863891602e-01,2.322328090667724609e-02,1.100000000000000089e+00,2.999999999999999889e-01,2.999999999999999889e-01,8.800000000000001155e-01,2.999999999999999889e-01,7.856617079354829514e+01,1.774351345605568326e+02
6.679628042508052488e+01,4.487719973022872601e-03,6.795021891593933105e-01,3.191703557968139648e-02,1.100000000000000089e+00,2.999999999999999889e-01,2.999999999999999889e-01,8.800000000000001155e-01,2.999999999999999889e-01,7.862298895986549496e+01,1.776018011817539559e+02
6.684628042508053625e+01,9.688430613326668973e-13,6.917024254798889160e-01,4.411727190017700195e-02,1.100000000000000089e+00,2.999999999999999889e-01,2.999999999999999889e-01,8.800000000000001155e-01,2.999999999999999889e-01,7.867980714168369616e+01,1.777684678484206700e+02
6.689628042508053340e+01,1.942890293094492718e-13,7.072636485099792480e-01,5.967849493026733398e-02,1.100000000000000089e+00,2.999999999999999889e-01,2.999999999999999889e-01,8.800000000000001155e-01,2.999999999999999889e-01,7.873662532350186893e+01,1.779351345150873271e+02
6.694628042508053056e+01,1.934216675714606663e-13,7.259318828582763672e-01,7.834672927856445312e-02,1.100000000000000089e+00,2.999999999999999889e-01,2.999999999999999889e-01,8.800000000000001155e-01,2.999999999999999889e-01,7.879344350532004171e+01,1.781018011817539843e+02
6.699628042508052772e+01,0.000000000000000000e+00,7.474994063377380371e-01,9.991425275802612305e-02,1.100000000000000089e+00,2.999999999999999889e-01,2.999999999999999889e-01,8.800000000000001155e-01,2.999999999999999889e-01,7.885026168713821448e+01,1.782684678484206415e+02
6.704628042508052488e+01,9.688430613326668973e-13,7.717236876487731934e-01,1.241385340690612793e-01,1.100000000000000089e+00,2.999999999999999889e-01,2.999999999999999889e-01,8.800000000000001155e-01,2.999999999999999889e-01,7.890707986895638726e+01,1.784351345150872987e+02
6.709628042508053625e+01,1.162264728904127740e-12,7.983481287956237793e-01,1.507629752159118652e-01,1.100000000000000089e+00,2.999999999999999889e-01,2.999999999999999889e-01,8.800000000000001155e-01,2.999999999999999889e-01,7.896389805077458846e+01,1.786018011817540128e+02
6.714628042508053340e+01,1.934216675714606663e-13,8.271341919898986816e-01,1.795490384101867676e-01,1.100000000000000089e+00,2.999999999999999889e-01,2.999999999999999889e-01,8.800000000000001155e-01,2.999999999999999889e-01,7.902071623259276123e+01,1.787684678484206700e+02
6.719628042508053056e+01,0.000000000000000000e+00,8.578568696975708008e-01,2.102717161178588867e-01,1.100000000000000089e+00,2.999999999999999889e-01,2.999999999999999889e-01,8.800000000000001155e-01,2.999999999999999889e-01,7.907753441441093400e+01,1.789351345150873271e+02
6.724628042508052772e+01,0.000000000000000000e+00,8.903086781501770020e-01,2.427235245704650879e-01,1.100000000000000089e+00,2.999999999999999889e-01,2.999999999999999889e-01,8.800000000000001155e-01,2.999999999999999889e-01,7.913435259622910678e+01,1.791018011817539843e+02
6.729628042508052488e+01,7.754213937614106280e-13,9.243010282516479492e-01,2.767158746719360352e-01,1.100000000000000089e+00,2.999999999999999889e-01,2.999999999999999889e-01,8.800000000000001155e-01,2.999999999999999889e-01,7.919117077804727955e+01,1.792684678484206415e+02
6.734628042508053625e+01,9.688430613328714710e-13,9.597175121307373047e-01,3.121323585510253906e-01,1.100000000000000089e+00,2.999999999999999889e-01,2.999999999999999889e-01,8.800000000000001155e-01,2.999999999999999889e-01,7.924798895986548075e+01,1.794351345150873556e+02
6.739628042508053340e+01,0.000000000000000000e+00,9.964516758918762207e-01,3.488665223121643066e-01,1.100000000000000089e+00,2.999999999999999889e-01,2.999999999999999889e-01,8.800000000000001155e-01,2.999999999999999889e-01,7.930480714168365353e+01,1.796018011817540128e+02
6.744628042508053056e+01,1.934216675714606663e-13,1.034287333488464355e+00,3.867021799087524414e-01,1.100000000000000089e+00,2.999999999999999889e-01,2.999999999999999889e-01,8.800000000000001155e-01,2.999999999999999889e-01,7.936162532350182630e+01,1.797684678484206700e+02
6.749628042508052772e+01,3.877106968807872041e-13,1.073102712631225586e+00,4.255175590515136719e-01,1.100000000000000089e+00,2.999999999999999889e-01,2.999999999999999889e-01,8.800000000000001155e-01,2.999999999999999889e-01,7.941844350531999908e+01,1.799351345150873271e+02
6.754628042508053909e+01,1.934216675713381089e-13,1.112791180610656738e+00,4.652060270309448242e-01,1.100000000000000089e+00,2.999999999999999889e-01,2.999999999999999889e-01,8.800000000000001155e-01,2.999999999999999889e-01,7.947526168713818606e+01,1.801018011817540128e+02
6.759628042508055046e+01,7.754213937615744081e-13,1.152754068374633789e+00,5.051689147949218750e-01,1.100000000000000089e+00,2.999999999999999889e-01,2.999999999999999889e-01,8.800000000000001155e-01,2.999999999999999889e-01,7.953207986895637305e+01,1.802684678484206984e+02
6.764628042508054762e+01,1.934216675714606663e-13,1.192370295524597168e+00,5.447851419448852539e-01,1.100000000000000089e+00,2.999999999999999889e-01,2.999999999999999889e-01,8.800000000000001155e-01,2.999999999999999889e-01,7.958889805077454582e+01,1.804351345150873556e+02
6.769628042508054477e+01,3.877106968807872041e-13,1.232511520385742188e+00,5.849263668060302734e-01,1.100000000000000089e+00,2.999999999999999889e-01,2.999999999999999889e-01,8.800000000000001155e-01,2.999999999999999889e-01,7.964571623259271860e+01,1.806018011817540128e+02
6.774628042508055614e+01,2.040902169487049993e-12,1.273464679718017578e+00,6.258795261383056641e-01,1.100000000000000089e+00,2.999999999999999889e-01,2.999999999999999889e-01,8.800000000000001155e-01,2.999999999999999889e-01,7.970253441441090558e+01,1.807684678484206984e+02
6.779628042508053909e+01,4.468647674115919033e-12,1.315029382705688477e+00,6.674442291259765625e-01,1.100000000000000089e+00,2.999999999999999889e-01,2.999999999999999889e-01,8.800000000000001155e-01,2.999999999999999889e-01,7.975935259622907836e+01,1.809351345150873271e+02
6.784628042508055046e+01,2.040034807748080928e-12,1.357146382331848145e+00,7.095612287521362305e-01,1.100000000000000089e+00,2.999999999999999889e-01,2.999999999999999889e-01,8.800000000000001155e-01,2.999999999999999889e-01,7.981617077804727955e+01,1.811018011817540412e+02
6.789628042508054762e+01,0.000000000000000000e+00,1.399763226509094238e+00,7.521780729293823242e-01,1.100000000000000089e+00,2.999999999999999889e-01,2.999999999999999889e-01,8.800000000000001155e-01,2.999999999999999889e-01,7.987298895986545233e+01,1.812684678484206984e+02
6.794628042508054477e+01,2.815456201510821992e-12,1.442833781242370605e+00,7.952486276626586914e-01,1.100000000000000089e+00,2.999999999999999889e-01,2.999999999999999889e-01,8.800000000000001155e-01,2.999999999999999889e-01,7.992980714168362510e+01,1.814351345150873556e+02
6.799628042508054193e+01,2.816323563248810395e-12,1.486316442489624023e+00,8.387312889099121094e-01,1.100000000000000089e+00,2.999999999999999889e-01,2.999999999999999889e-01,8.800000000000001155e-01,2.999999999999999889e-01,7.998662532350179788e+01,1.816018011817540128e+02
6.804628042508053909e+01,2.040034807748080928e-12,1.530174612998962402e+00,8.825894594192504883e-01,1.100000000000000089e+00,2.999999999999999889e-01,2.999999999999999889e-01,8.800000000000001155e-01,2.999999999999999889e-01,8.004344350531997065e+01,1.817684678484206700e+02
6.809628042508055046e+01,4.468647674115919033e-12,1.574481010437011719e+00,9.268958568572998047e-01,1.100000000000000089e+00,2.999999999999999889e-01,2.999999999999999889e-01,8.800000000000001155e-01,2.999999999999999889e-01,8.010026168713817185e+01,1.819351345150873840e+02
6.814628042508053340e+01,2.428612866368443143e-12,1.619141221046447754e+00,9.715560674667358398e-01,1.100000000000000089e+00,2.999999999999999889e-01,2.999999999999999889e-01,8.800000000000001155e-01,2.999999999999999889e-01,8.015707986895634463e+01,1.821018011817540128e+02
6.819628042508053056e+01,3.877106968807872041e-13,1.664087891578674316e+00,1.016502737998962402e+00,1.100000000000000089e+00,8.800000000000001155e-01,8.800000000000001155e-01,8.800000000000001155e-01,4.358898943540621129e-01,8.021389805077451740e+01,1.822376910761080637e+02
6.824628042508054193e+01,5.819997261902363497e-13,1.709297180175781250e+00,1.061712026596069336e+00,1.100000000000000089e+00,8.800000000000001155e-01,8.800000000000001155e-01,8.800000000000001155e-01,5.385164807134550369e-01,8.027071623259270439e+01,1.823403176624674700e+02
6.829628042508053909e+01,7.754213937615744081e-13,1.754747390747070312e+00,1.107162237167358398e+00,1.100000000000000089e+00,8.800000000000001155e-01,8.800000000000001155e-01,8.800000000000001155e-01,6.244997998398345018e-01,8.032753441441087716e+01,1.824263009815938403e+02
6.834628042508055046e+01,5.819997261901135651e-13,1.786987543106079102e+00,1.139402389526367188e+00,1.100000000000000089e+00,8.800000000000001155e-01,8.800000000000001155e-01,8.800000000000001155e-01,7.000000000000070610e-01,8.038435259622906415e+01,1.825018011817540184e+02
6.839628042508054762e+01,3.877106968807872041e-13,1.779923915863037109e+00,1.132338762283325195e+00,1.100000000000000089e+00,8.800000000000001155e-01,8.800000000000001155e-01,8.800000000000001155e-01,7.681145747868642903e-01,8.044117077804723692e+01,1.825699157565408655e+02
6.844628042508055898e+01,7.754213937617381883e-13,1.759398102760314941e+00,1.111812949180603027e+00,1.100000000000000089e+00,8.800000000000001155e-01,8.800000000000001155e-01,8.800000000000001155e-01,8.306623862918164347e-01,8.049798895986542391e+01,1.826324635680458073e+02
6.849628042508055614e+01,3.877106968809509842e-13,1.740091443061828613e+00,1.092506289482116699e+00,1.100000000000000089e+00,8.800000000000001155e-01,8.800000000000001155e-01,8.800000000000001155e-01,8.306623862918038892e-01,8.055480714168359668e+01,1.826926564945886753e+02
6.854628042508055330e+01,7.754213937614106280e-13,1.722011446952819824e+00,1.074426293373107910e+00,1.100000000000000089e+00,8.800000000000001155e-01,8.800000000000001155e-01,8.800000000000001155e-01,7.681145747868598495e-01,8.061162532350176946e+01,1.827552043060936171e+02
6.859628042508056467e+01,7.745540320234225273e-13,1.705198764801025391e+00,1.057613611221313477e+00,1.100000000000000089e+00,8.800000000000001155e-01,8.800000000000001155e-01,8.800000000000001155e-01,6.999999999999820810e-01,8.066844350531997065e+01,1.828233188808804925e+02
6.864628042508056183e+01,0.000000000000000000e+00,1.689400672912597656e+00,1.041815519332885742e+00,1.100000000000000089e+00,8.800000000000001155e-01,8.800000000000001155e-01,8.800000000000001155e-01,6.244997998398232886e-01,8.072526168713814343e+01,1.828988190810406422e+02
6.869628042508055898e+01,0.000000000000000000e+00,1.673155784606933594e+00,1.025570631027221680e+00,1.100000000000000089e+00,8.800000000000001155e-01,8.800000000000001155e-01,8.800000000000001155e-01,5.385164807134353859e-01,8.078207986895631620e+01,1.829848024001670410e+02
6.874628042508055614e+01,1.942890293094492718e-13,1.657232284545898438e+00,1.009647130966186523e+00,1.100000000000000089e+00,8.800000000000001155e-01,8.800000000000001155e-01,8.800000000000001155e-01,4.358898943540540638e-01,8.083889805077448898e+01,1.830874289865264188e+02
6.879628042508055330e+01,1.163132090642115942e-12,1.642606377601623535e+00,9.950212240219116211e-01,1.100000000000000089e+00,2.999999999999999889e-01,2.999999999999999889e-01,8.800000000000001155e-01,2.999999999999999889e-01,8.089571623259266175e+01,1.832233188808804698e+02
6.884628042508056467e+01,1.356553758213617781e-12,1.629411697387695312e+00,9.818265438079833984e-01,1.100000000000000089e+00,2.999999999999999889e-01,2.999999999999999889e-01,8.800000000000001155e-01,2.999999999999999889e-01,8.095253441441086295e+01,1.833899855475471838e+02
6.889628042508056183e+01,7.754213937617381883e-13,1.617648482322692871e+00,9.700633287429809570e-01,1.100000000000000089e+00,2.999999999999999889e-01,2.999999999999999889e-01,8.800000000000001155e-01,2.999999999999999889e-01,8.100935259622903573e+01,1.835566522142138126e+02
6.894628042508057320e+01,5.819997261902363497e-13,1.607349753379821777e+00,9.597645998001098633e-01,1.100000000000000089e+00,2.999999999999999889e-01,2.999999999999999889e-01,8.800000000000001155e-01,2.999999999999999889e-01,8.106617077804722271e+01,1.837233188808804982e+02
6.899628042508057035e+01,1.934216675714606663e-13,1.598545551300048828e+00,9.509603977203369141e-01,1.100000000000000089e+00,2.999999999999999889e-01,2.999999999999999889e-01,8.800000000000001155e-01,2.999999999999999889e-01,8.112298895986539549e+01,1.838899855475471554e+02
6.904628042508056751e+01,5.811323644521252625e-13,1.591262102127075195e+00,9.436769485473632812e-01,1.100000000000000089e+00,2.999999999999999889e-01,2.999999999999999889e-01,8.800000000000001155e-01,2.999999999999999889e-01,8.117980714168356826e+01,1.840566522142138126e+02
6.909628042508057888e+01,1.942890293093261843e-13,1.585521817207336426e+00,9.379366636276245117e-01,1.100000000000000089e+00,2.999999999999999889e-01,2.999999999999999889e-01,8.800000000000001155e-01,2.999999999999999889e-01,8.123662532350175525e+01,1.842233188808804982e+02
6.914628042508059025e+01,5.819997261902363497e-13,1.581342339515686035e+00,9.337571859359741211e-01,1.100000000000000089e+00,2.999999999999999889e-01,2.999999999999999889e-01,8.800000000000001155e-01,2.999999999999999889e-01,8.129344350531994223e+01,1.843899855475471838e+02
6.919628042508058741e+01,0.000000000000000000e+00,1.578741669654846191e+00,9.311565160751342773e-01,1.100000000000000089e+00,2.999999999999999889e-01,2.999999999999999889e-01,8.800000000000001155e-01,2.999999999999999889e-01,8.135026168713811501e+01,1.845566522142138410e+02
6.924628042508058456e+01,0.000000000000000000e+00,1.577721595764160156e+00,9.301364421844482422e-01,1.100000000000000089e+00,2.999999999999999889e-01,2.999999999999999889e-01,8.800000000000001155e-01,2.999999999999999889e-01,8.140707986895628778e+01,1.847233188808804982e+02
6.929628042508058172e+01,1.163132090642115942e-12,1.578283667564392090e+00,9.306985139846801758e-01,1.100000000000000089e+00,2.999999999999999889e-01,2.999999999999999889e-01,8.800000000000001155e-01,2.999999999999999889e-01,8.146389805077446056e+01,1.848899855475471554e+02
6.934628042508059309e+01,9.688430613326668973e-13,1.580427289009094238e+00,9.328421354293823242e-01,1.100000000000000089e+00,2.999999999999999889e-01,2.999999999999999889e-01,8.800000000000001155e-01,2.999999999999999889e-01,8.152071623259266175e+01,1.850566522142138695e+02
6.939628042508059025e+01,0.000000000000000000e+00,1.584146738052368164e+00,9.365615844726562500e-01,1.100000000000000089e+00,2.999999999999999889e-01,2.999999999999999889e-01,8.800000000000001155e-01,2.999999999999999889e-01,8.157753441441083453e+01,1.852233188808805266e+02
6.944628042508058741e+01,1.942890293094492718e-13,1.589430809020996094e+00,9.418456554412841797e-01,1.100000000000000089e+00,2.999999999999999889e-01,2.999999999999999889e-01,8.800000000000001155e-01,2.999999999999999889e-01,8.163435259622900730e+01,1.853899855475471838e+02
6.949628042508058456e+01,1.934216675714606663e-13,1.595868706703186035e+00,9.482835531234741211e-01,1.100000000000000089e+00,2.999999999999999889e-01,2.999999999999999889e-01,8.800000000000001155e-01,2.999999999999999889e-01,8.169117077804718008e+01,1.855566522142138410e+02
6.954628042508058172e+01,5.811323644521252625e-13,1.602688431739807129e+00,9.551032781600952148e-01,1.100000000000000089e+00,2.999999999999999889e-01,2.999999999999999889e-01,8.800000000000001155e-01,2.999999999999999889e-01,8.174798895986535285e+01,1.857233188808804982e+02
6.959628042508059309e+01,1.942890293093261843e-13,1.609508156776428223e+00,9.619230031967163086e-01,1.100000000000000089e+00,2.999999999999999889e-01,2.999999999999999889e-01,8.800000000000001155e-01,2.999999999999999889e-01,8.180480714168353984e+01,1.858899855475471838e+02
6.964628042508060446e+01,5.819997261902363497e-13,1.616327881813049316e+00,9.687427282333374023e-01,1.100000000000000089e+00,2.999999999999999889e-01,2.999999999999999889e-01,8.800000000000001155e-01,2.999999999999999889e-01,8.186162532350172683e+01,1.860566522142138695e+02
6.969628042508060162e+01,3.008877869082585353e-12,1.623507857322692871e+00,9.759227037429809570e-01,1.100000000000000089e+00,2.999999999999999889e-01,2.999999999999999889e-01,8.800000000000001155e-01,2.999999999999999889e-01,8.191844350531989960e+01,1.862233188808805266e+02
6.974628042508059877e+01,2.816323563248810395e-12,1.631787776947021484e+00,9.842026233673095703e-01,1.100000000000000089e+00,2.999999999999999889e-01,2.999999999999999889e-01,8.800000000000001155e-01,2.999999999999999889e-01,8.197526168713807238e+01,1.863899855475471838e+02
6.979628042508059593e+01,1.846613140176533651e-12,1.641549348831176758e+00,9.939641952514648438e-01,1.100000000000000089e+00,2.999999999999999889e-01,2.999999999999999889e-01,8.800000000000001155e-01,2.999999999999999889e-01,8.203207986895624515e+01,1.865566522142138410e+02
6.984628042508060730e+01,1.652324110867387125e-12,1.652765750885009766e+00,1.005180597305297852e+00,1.100000000000000089e+00,8.800000000000001155e-01,8.800000000000001155e-01,8.800000000000001155e-01,4.358898943541047455e-01,8.208889805077444635e+01,1.866925421085679488e+02
6.989628042508060446e+01,2.815456201511416528e-12,1.665406942367553711e+00,1.017821788787841797e+00,1.100000000000000089e+00,8.800000000000001155e-01,8.800000000000001155e-01,8.800000000000001155e-01,5.385164807134699139e-01,8.214571623259261912e+01,1.867951686949273267e+02
6.994628042508060162e+01,2.816323563249405335e-12,1.679444789886474609e+00,1.031859636306762695e+00,1.100000000000000089e+00,8.800000000000001155e-01,8.800000000000001155e-01,8.800000000000001155e-01,6.244997998398458261e-01,8.220253441441079190e+01,1.868811520140536970e+02
6.999628042508059877e+01,1.934216675714606663e-13,1.694842338562011719e+00,1.047257184982299805e+00,1.100000000000000089e+00,8.800000000000001155e-01,8.800000000000001155e-01,8.800000000000001155e-01,6.999999999999970690e-01,8.225935259622896467e+01,1.869566522142138467e+02
7.004628042508059593e+01,9.688430613326668973e-13,1.711562395095825195e+00,1.063977241516113281e+00,1.100000000000000089e+00,8.800000000000001155e-01,8.800000000000001155e-01,8.800000000000001155e-01,7.681145747868551865e-01,8.231617077804713745e+01,1.870247667890006937e+02
7.009628042508060730e+01,9.688430613326668973e-13,1.729565739631652832e+00,1.081980586051940918e+00,1.100000000000000089e+00,8.800000000000001155e-01,8.800000000000001155e-01,8.800000000000001155e-01,8.306623862918206536e-01,8.237298895986533864e+01,1.870873146005056640e+02
7.014628042508060446e+01,1.942890293094492718e-13,1.748811960220336914e+00,1.101226806640625000e+00,1.100000000000000089e+00,8.800000000000001155e-01,8.800000000000001155e-01,8.800000000000001155e-01,8.800000000000001155e-01,8.242980714168351142e+01,1.871457714887854991e+02
7.019628042508060162e+01,1.934216675714606663e-13,1.769259095191955566e+00,1.121673941612243652e+00,1.100000000000000089e+00,8.800000000000001155e-01,8.800000000000001155e-01,8.800000000000001155e-01,8.800000000000001155e-01,8.248662532350168419e+01,1.872025896706036860e+02
7.024628042508059877e+01,0.000000000000000000e+00,1.790864944458007812e+00,1.143279790878295898e+00,1.100000000000000089e+00,8.800000000000001155e-01,8.800000000000001155e-01,8.800000000000001155e-01,8.800000000000001155e-01,8.254344350531985697e+01,1.872594078524218730e+02
7.029628042508059593e+01,9.688430613326668973e-13,1.813602566719055176e+00,1.166017413139343262e+00,1.100000000000000089e+00,8.800000000000001155e-01,8.800000000000001155e-01,8.800000000000001155e-01,8.800000000000001155e-01,8.260026168713802974e+01,1.873162260342400600e+02
7.034628042508060730e+01,1.162264728904127740e-12,1.837424278259277344e+00,1.189839124679565430e+00,1.100000000000000089e+00,8.800000000000001155e-01,8.800000000000001155e-01,8.800000000000001155e-01,8.800000000000001155e-01,8.265707986895623094e+01,1.873730442160582470e+02
7.039628042508060446e+01,1.934216675714606663e-13,1.862282395362854004e+00,1.214697241783142090e+00,1.100000000000000089e+00,8.800000000000001155e-01,8.800000000000001155e-01,8.800000000000001155e-01,8.800000000000001155e-01,8.271389805077440371e+01,1.874298623978764340e+02
7.044628042508060162e+01,0.000000000000000000e+00,1.888134598731994629e+00,1.240549445152282715e+00,1.100000000000000089e+00,8.800000000000001155e-01,8.800000000000001155e-01,8.800000000000001155e-01,8.800000000000001155e-01,8.277071623259257649e+01,1.874866805796946210e+02
7.049628042508059877e+01,0.000000000000000000e+00,1.914939641952514648e+00,1.267354488372802734e+00,1.100000000000000089e+00,8.800000000000001155e-01,8.800000000000001155e-01,8.800000000000001155e-01,8.800000000000001155e-01,8.282753441441074926e+01,1.875434987615128080e+02
7.054628042508059593e+01,7.754213937614106280e-13,1.942656517028808594e+00,1.295071363449096680e+00,1.100000000000000089e+00,8.800000000000001155e-01,8.800000000000001155e-01,8.800000000000001155e-01,8.800000000000001155e-01,8.288435259622892204e+01,1.876003169433309949e+02
7.059628042508060730e+01,9.688430613328714710e-13,1.971025705337524414e+00,1.323440551757812500e+00,1.100000000000000089e+00,8.800000000000001155e-01,8.800000000000001155e-01,8.800000000000001155e-01,8.800000000000001155e-01,8.294117077804712324e+01,1.876571351251491819e+02
7.064628042508060446e+01,0.000000000000000000e+00,1.999382376670837402e+00,1.351797223091125488e+00,1.100000000000000089e+00,8.800000000000001155e-01,8.800000000000001155e-01,8.800000000000001155e-01,8.800000000000001155e-01,8.299798895986529601e+01,1.877139533069673689e+02
7.069628042508060162e+01,1.934216675714606663e-13,2.027410507202148438e+00,1.379825353622436523e+00,1.100000000000000089e+00,8.800000000000001155e-01,8.800000000000001155e-01,8.800000000000001155e-01,8.800000000000001155e-01,8.305480714168346879e+01,1.877707714887855559e+02
7.074628042508059877e+01,3.877106968807872041e-13,2.056246757507324219e+00,1.408661603927612305e+00,1.100000000000000089e+00,8.800000000000001155e-01,8.800000000000001155e-01,8.800000000000001155e-01,8.800000000000001155e-01,8.311162532350164156e+01,1.878275896706037429e+02
7.079628042508061014e+01,1.934216675713381089e-13,2.085879087448120117e+00,1.438293933868408203e+00,1.100000000000000089e+00,8.800000000000001155e-01,8.800000000000001155e-01,8.800000000000001155e-01,8.800000000000001155e-01,8.316844350531982855e+01,1.878844078524219299e+02
7.084628042508062151e+01,7.754213937615744081e-13,2.116273164749145508e+00,1.468688011169433594e+00,1.100000000000000089e+00,8.800000000000001155e-01,8.800000000000001155e-01,8.800000000000001155e-01,8.800000000000001155e-01,8.322526168713801553e+01,1.879412260342401169e+02
7.089628042508061867e+01,1.934216675714606663e-13,2.147395372390747070e+00,1.499810218811035156e+00,1.100000000000000089e+00,8.800000000000001155e-01,8.800000000000001155e-01,8.800000000000001155e-01,8.800000000000001155e-01,8.328207986895618831e+01,1.879980442160583038e+02
7.094628042508061583e+01,0.000000000000000000e+00,2.179213047027587891e+00,1.531627893447875977e+00,1.100000000000000089e+00,8.800000000000001155e-01,8.800000000000001155e-01,8.800000000000001155e-01,8.800000000000001155e-01,8.333889805077436108e+01,1.880548623978764908e+02
7.099628042508061299e+01,1.934216675714198475e-13,2.211699008941650391e+00,1.564113855361938477e+00,1.100000000000000089e+00,8.800000000000001155e-01,8.800000000000001155e-01,8.800000000000001155e-01,8.800000000000001155e-01,8.339571623259253386e+01,1.881116805796946778e+02
7.104628042508061014e+01,3.877106968807053140e-13,2.244864702224731445e+00,1.597279548645019531e+00,1.100000000000000089e+00,8.800000000000001155e-01,8.800000000000001155e-01,8.800000000000001155e-01,8.800000000000001155e-01,8.345253441441072084e+01,1.881684987615128648e+02
7.109628042508062151e+01,5.819997261901135651e-13,2.278640508651733398e+00,1.631055355072021484e+00,1.100000000000000089e+00,8.800000000000001155e-01,8.800000000000001155e-01,8.800000000000001155e-01,8.800000000000001155e-01,8.350935259622890783e+01,1.882253169433310518e+02
7.114628042508061867e+01,0.000000000000000000e+00,2.312998533248901367e+00,1.665413379669189453e+00,1.100000000000000089e+00,8.800000000000001155e-01,8.800000000000001155e-01,8.800000000000001155e-01,8.800000000000001155e-01,8.356617077804708060e+01,1.882821351251492388e+02
7.119628042508061583e+01,0.000000000000000000e+00,2.347912311553955078e+00,1.700327157974243164e+00,1.100000000000000089e+00,8.800000000000001155e-01,8.800000000000001155e-01,8.800000000000001155e-01,8.800000000000001155e-01,8.362298895986525338e+01,1.883389533069674258e+02
7.124628042508061299e+01,0.000000000000000000e+00,2.383356094360351562e+00,1.735770940780639648e+00,1.100000000000000089e+00,8.800000000000001155e-01,8.800000000000001155e-01,8.800000000000001155e-01,8.800000000000001155e-01,8.367980714168342615e+01,1.883957714887856127e+02
7.129628042508061014e+01,5.811323644521252625e-13,2.419306039810180664e+00,1.771720886230468750e+00,1.100000000000000089e+00,8.800000000000001155e-01,8.800000000000001155e-01,8.800000000000001155e-01,8.800000000000001155e-01,8.373662532350159893e+01,1.884525896706037997e+02
7.134628042508062151e+01,3.877106968807053140e-13,2.455739021301269531e+00,1.808153867721557617e+00,1.100000000000000089e+00,8.800000000000001155e-01,8.800000000000001155e-01,8.800000000000001155e-01,8.800000000000001155e-01,8.379344350531978591e+01,1.885094078524219867e+02
7.139628042508061867e+01,5.819997261903592353e-13,2.492675065994262695e+00,1.845089912414550781e+00,1.100000000000000089e+00,8.800000000000001155e-01,8.800000000000001155e-01,8.800000000000001155e-01,8.800000000000001155e-01,8.385026168713797290e+01,1.885662260342401737e+02
7.144628042508061583e+01,7.754213937617381883e-13,2.530068397521972656e+00,1.882483243942260742e+00,1.100000000000000089e+00,8.800000000000001155e-01,8.800000000000001155e-01,8.800000000000001155e-01,8.800000000000001155e-01,8.390707986895614567e+01,1.886230442160583323e+02
7.149628042508062720e+01,2.234323837058259612e-12,2.567884206771850586e+00,1.920299053192138672e+00,1.100000000000000089e+00,8.800000000000001155e-01,8.800000000000001155e-01,8.800000000000001155e-01,8.800000000000001155e-01,8.396389805077433266e+01,1.886798623978765193e+02
7.154628042508062435e+01,4.856358370996706338e-12,2.606103181838989258e+00,1.958518028259277344e+00,1.100000000000000089e+00,8.800000000000001155e-01,8.800000000000001155e-01,8.800000000000001155e-01,8.800000000000001155e-01,8.402071623259250543e+01,1.887366805796947062e+02
7.159628042508063572e+01,2.234323837057658613e-12,2.644707202911376953e+00,1.997122049331665039e+00,1.100000000000000089e+00,8.800000000000001155e-01,8.800000000000001155e-01,8.800000000000001155e-01,8.800000000000001155e-01,8.407753441441069242e+01,1.887934987615128932e+02
7.164628042508063288e+01,2.815456201510821992e-12,2.683678865432739258e+00,2.036093711853027344e+00,1.100000000000000089e+00,8.800000000000001155e-01,8.800000000000001155e-01,8.800000000000001155e-01,8.800000000000001155e-01,8.413435259622886520e+01,1.888503169433310802e+02
7.169628042508063004e+01,2.622034533939099827e-12,2.723001718521118164e+00,2.075416564941406250e+00,1.100000000000000089e+00,8.800000000000001155e-01,8.800000000000001155e-01,8.800000000000001155e-01,8.800000000000001155e-01,8.419117077804703797e+01,1.889071351251492672e+02
7.174628042508062720e+01,3.877106968808690941e-13,2.762685298919677734e+00,2.115100145339965820e+00,1.100000000000000089e+00,8.800000000000001155e-01,8.800000000000001155e-01,8.800000000000001155e-01,8.800000000000001155e-01,8.424798895986522496e+01,1.889639533069674542e+02
7.179628042508062435e+01,1.846613140176923411e-12,2.802673816680908203e+00,2.155088663101196289e+00,1.100000000000000089e+00,8.800000000000001155e-01,8.800000000000001155e-01,8.800000000000001155e-01,8.800000000000001155e-01,8.430480714168339773e+01,1.890207714887856412e+02
7.184628042508063572e+01,4.856358370995680440e-12,2.842427015304565430e+00,2.194841861724853516e+00,1.100000000000000089e+00,8.800000000000001155e-01,8.800000000000001155e-01,8.800000000000001155e-01,8.800000000000001155e-01,8.436162532350159893e+01,1.890775896706038282e+02
7.189628042508063288e+01,2.816323563248810395e-12,2.882313728332519531e+00,2.234728574752807617e+00,1.100000000000000089e+00,8.800000000000001155e-01,8.800000000000001155e-01,8.800000000000001155e-01,8.800000000000001155e-01,8.441844350531977170e+01,1.891344078524220151e+02
7.194628042508063004e+01,0.000000000000000000e+00,2.922170877456665039e+00,2.274585723876953125e+00,1.100000000000000089e+00,8.800000000000001155e-01,8.800000000000001155e-01,8.800000000000001155e-01,8.800000000000001155e-01,8.447526168713794448e+01,1.891912260342402021e+02
7.199628042508062720e+01,1.942890293094492718e-13,2.961960077285766602e+00,2.314374923706054688e+00,1.100000000000000089e+00,8.800000000000001155e-01,8.800000000000001155e-01,8.800000000000001155e-01,8.800000000000001155e-01,8.453207986895611725e+01,1.892480442160583891e+02
7.204628042508062435e+01,1.163132090642115942e-12,3.002046585083007812e+00,2.354461431503295898e+00,1.100000000000000089e+00,8.800000000000001155e-01,8.800000000000001155e-01,8.800000000000001155e-01,8.800000000000001155e-01,8.458889805077429003e+01,1.893048623978765761e+02
7.209628042508063572e+01,1.356553758213617781e-12,3.042421817779541016e+00,2.394836664199829102e+00,1.100000000000000089e+00,8.800000000000001155e-01,8.800000000000001155e-01,8.800000000000001155e-01,8.800000000000001155e-01,8.464571623259249122e+01,1.893616805796947631e+02
7.214628042508063288e+01,7.754213937617381883e-13,3.083124876022338867e+00,2.435539722442626953e+00,1.100000000000000089e+00,8.800000000000001155e-01,8.800000000000001155e-01,8.800000000000001155e-01,8.800000000000001155e-01,8.470253441441066400e+01,1.894184987615129216e+02
7.219628042508064425e+01,5.819997261902363497e-13,3.124091386795043945e+00,2.476506233215332031e+00,1.100000000000000089e+00,8.800000000000001155e-01,8.800000000000001155e-01,8.800000000000001155e-01,8.800000000000001155e-01,8.475935259622885098e+01,1.894753169433311086e+02
7.224628042508064141e+01,1.934216675714606663e-13,3.165313005447387695e+00,2.517727851867675781e+00,1.100000000000000089e+00,8.800000000000001155e-01,8.800000000000001155e-01,8.800000000000001155e-01,8.800000000000001155e-01,8.481617077804702376e+01,1.895321351251492956e+02
7.229628042508063857e+01,5.811323644521252625e-13,3.206776380538940430e+00,2.559191226959228516e+00,1.100000000000000089e+00,8.800000000000001155e-01,8.800000000000001155e-01,8.800000000000001155e-01,8.800000000000001155e-01,8.487298895986519653e+01,1.895889533069674826e+02
7.234628042508064993e+01,5.819997261901135651e-13,3.248471975326538086e+00,2.600886821746826172e+00,1.100000000000000089e+00,8.800000000000001155e-01,8.800000000000001155e-01,8.800000000000001155e-01,8.800000000000001155e-01,8.492980714168338352e+01,1.896457714887856696e+02
7.239628042508064709e+01,1.934216675714198475e-13,3.290390729904174805e+00,2.642805576324462891e+00,1.100000000000000089e+00,8.800000000000001155e-01,8.800000000000001155e-01,8.800000000000001155e-01,8.800000000000001155e-01,8.498662532350155630e+01,1.897025896706038566e+02
7.244628042508064425e+01,3.877106968808690941e-13,3.332523345947265625e+00,2.684938192367553711e+00,1.100000000000000089e+00,8.800000000000001155e-01,8.800000000000001155e-01,8.800000000000001155e-01,8.800000000000001155e-01,8.504344350531974328e+01,1.897594078524220436e+02
7.249628042508064141e+01,0.000000000000000000e+00,3.350236177444458008e+00,2.702651023864746094e+00,1.100000000000000089e+00,8.800000000000001155e-01,8.800000000000001155e-01,8.800000000000001155e-01,8.800000000000001155e-01,8.510026168713791606e+01,1.898162260342402305e+02
7.254628042508063857e+01,1.163132090642115942e-12,3.365044832229614258e+00,2.717459678649902344e+00,1.100000000000000089e+00,8.800000000000001155e-01,8.800000000000001155e-01,8.800000000000001155e-01,8.800000000000001155e-01,8.515707986895608883e+01,1.898730442160584175e+02
7.259628042508064993e+01,9.688430613326668973e-13,3.380526065826416016e+00,2.732940912246704102e+00,1.100000000000000089e+00,8.800000000000001155e-01,8.800000000000001155e-01,8.800000000000001155e-01,8.800000000000001155e-01,8.521389805077429003e+01,1.899298623978766045e+02
7.264628042508064709e+01,0.000000000000000000e+00,3.396670341491699219e+00,2.749085187911987305e+00,1.100000000000000089e+00,8.800000000000001155e-01,8.800000000000001155e-01,8.800000000000001155e-01,8.800000000000001155e-01,8.527071623259246280e+01,1.899866805796947915e+02
7.269628042508064425e+01,1.942890293094492718e-13,3.412704467773437500e+00,2.765119314193725586e+00,1.100000000000000089e+00,8.800000000000001155e-01,8.800000000000001155e-01,8.800000000000001155e-01,8.800000000000001155e-01,8.532753441441063558e+01,1.900434987615129785e+02
7.274628042508064141e+01,1.934216675714606663e-13,3.428663730621337891e+00,2.781078577041625977e+00,1.100000000000000089e+00,8.800000000000001155e-01,8.800000000000001155e-01,8.800000000000001155e-01,8.800000000000001155e-01,8.538435259622880835e+01,1.901003169433311655e+02
7.279628042508063857e+01,5.811323644521252625e-13,3.443218231201171875e+00,2.795633077621459961e+00,1.100000000000000089e+00,8.800000000000001155e-01,8.800000000000001155e-01,8.800000000000001155e-01,8.800000000000001155e-01,8.544117077804698113e+01,1.901571351251493525e+02
7.284628042508064993e+01,1.942890293093261843e-13,3.459843158721923828e+00,2.812258005142211914e+00,1.100000000000000089e+00,8.800000000000001155e-01,8.800000000000001155e-01,8.800000000000001155e-01,8.800000000000001155e-01,8.549798895986516811e+01,1.902139533069675394e+02
7.289628042508066130e+01,5.819997261902363497e-13,3.435575246810913086e+00,2.787990093231201172e+00,1.100000000000000089e+00,8.800000000000001155e-01,8.800000000000001155e-01,8.800000000000001155e-01,8.800000000000001155e-01,8.555480714168335510e+01,1.902707714887857264e+02
7.294628042508065846e+01,1.934216675714606663e-13,3.410628557205200195e+00,2.763043403625488281e+00,1.100000000000000089e+00,8.800000000000001155e-01,8.800000000000001155e-01,8.800000000000001155e-01,8.800000000000001155e-01,8.561162532350152787e+01,1.903275896706039134e+02
7.299628042508065562e+01,0.000000000000000000e+00,3.382566452026367188e+00,2.734981298446655273e+00,1.100000000000000089e+00,8.800000000000001155e-01,8.800000000000001155e-01,8.800000000000001155e-01,8.800000000000001155e-01,8.566844350531970065e+01,1.903844078524221004e+02
7.304628042508065278e+01,9.688430613326668973e-13,3.354012012481689453e+00,2.706426858901977539e+00,1.100000000000000089e+00,8.800000000000001155e-01,8.800000000000001155e-01,8.800000000000001155e-01,8.800000000000001155e-01,8.572526168713787342e+01,1.904412260342402874e+02
7.309628042508066414e+01,1.162264728904127740e-12,3.325035810470581055e+00,2.677450656890869141e+00,1.100000000000000089e+00,8.800000000000001155e-01,8.800000000000001155e-01,8.800000000000001155e-01,8.800000000000001155e-01,8.578207986895607462e+01,1.904980442160584744e+02
7.314628042508066130e+01,0.000000000000000000e+00,3.290536880493164062e+00,2.642951726913452148e+00,1.100000000000000089e+00,8.800000000000001155e-01,8.800000000000001155e-01,8.800000000000001155e-01,8.800000000000001155e-01,8.583889805077424739e+01,1.905548623978766614e+02
7.319628042508065846e+01,0.000000000000000000e+00,3.252484321594238281e+00,2.604899168014526367e+00,1.100000000000000089e+00,8.800000000000001155e-01,8.800000000000001155e-01,8.800000000000001155e-01,8.800000000000001155e-01,8.589571623259242017e+01,1.906116805796948483e+02
7.324628042508065562e+01,3.877106968808690941e-13,3.207556009292602539e+00,2.559970855712890625e+00,1.100000000000000089e+00,8.800000000000001155e-01,8.800000000000001155e-01,8.800000000000001155e-01,8.800000000000001155e-01,8.595253441441059294e+01,1.906684987615130353e+02
7.329628042508065278e+01,4.081340135112834777e-02,3.162769079208374023e+00,2.515183925628662109e+00,1.100000000000000089e+00,8.800000000000001155e-01,8.800000000000001155e-01,8.800000000000001155e-01,8.800000000000001155e-01,8.600935259622877993e+01,1.907253169433312223e+02
7.334628022259012425e+01,2.985132592377683358e-01,3.118176698684692383e+00,2.470591545104980469e+00,1.100000000000000089e+00,8.800000000000001155e-01,8.800000000000001155e-01,8.800000000000001155e-01,8.800000000000001155e-01,8.606617054794409682e+01,1.907821348950465392e+02
7.339627942883952016e+01,3.570837990467343181e-01,3.074090719223022461e+00,2.426505565643310547e+00,1.100000000000000089e+00,8.800000000000001155e-01,8.800000000000001155e-01,8.800000000000001155e-01,8.800000000000001155e-01,8.612298782777295969e+01,1.908389521748754021e+02
7.344627862778881422e+01,3.580026038108198860e-01,3.030619144439697266e+00,2.383033990859985352e+00,1.100000000000000089e+00,8.800000000000001155e-01,8.800000000000001155e-01,8.800000000000001155e-01,8.800000000000001155e-01,8.617980509930625033e+01,1.908957694464086785e+02
7.349627783311339613e+01,3.585924889598971488e-01,2.987807273864746094e+00,2.340222120285034180e+00,1.100000000000000089e+00,8.800000000000001155e-01,8.800000000000001155e-01,8.800000000000001155e-01,8.800000000000001155e-01,8.623662237808417785e+01,1.909525867251866202e+02
7.354627705938464999e+01,3.588506039756989563e-01,2.945701122283935547e+00,2.298115968704223633e+00,1.100000000000000089e+00,8.800000000000001155e-01,8.800000000000001155e-01,8.800000000000001155e-01,8.800000000000001155e-01,8.629343968066514492e+01,1.910094040277676015e+02
7.359627632146548137e+01,3.587756876751244661e-01,2.904347896575927734e+00,2.256762742996215820e+00,1.100000000000000089e+00,8.800000000000001155e-01,8.800000000000001155e-01,8.800000000000001155e-01,8.800000000000001155e-01,8.635025702393882341e+01,1.910662213710412800e+02
7.364627563387948328e+01,3.591344492787555409e-01,2.863795042037963867e+00,2.216209888458251953e+00,1.100000000000000089e+00,8.800000000000001155e-01,8.800000000000001155e-01,8.800000000000001155e-01,8.800000000000001155e-01,8.640707442440927366e+01,1.911230387715117445e+02
7.369627499313423868e+01,3.601090681224315415e-01,2.824091672897338867e+00,2.176506519317626953e+00,1.100000000000000089e+00,8.800000000000001155e-01,8.800000000000001155e-01,8.800000000000001155e-01,8.800000000000001155e-01,8.646389187810785870e+01,1.911798562252103295e+02
7.374627434450901831e+01,3.528639234976135297e-01,2.785288810729980469e+00,2.137703657150268555e+00,1.100000000000000089e+00,8.800000000000001155e-01,8.800000000000001155e-01,8.800000000000001155e-01,8.800000000000001155e-01,8.652070932285192839e+01,1.912366736699543992e+02
7.379627373040213456e+01,1.584805666145430725e-01,2.747425556182861328e+00,2.099840402603149414e+00,1.100000000000000089e+00,8.800000000000001155e-01,8.800000000000001155e-01,8.800000000000001155e-01,8.800000000000001155e-01,8.657752680682138191e+01,1.912934911539238385e+02
7.384627373040214593e+01,2.662800535623547677e-13,2.710221290588378906e+00,2.062636137008666992e+00,1.100000000000000089e+00,8.800000000000001155e-01,8.800000000000001155e-01,8.800000000000001155e-01,8.800000000000001155e-01,8.663434498863958311e+01,1.913503093357420255e+02
7.389627373040214309e+01,0.000000000000000000e+00,2.673433542251586914e+00,2.025848388671875000e+00,1.100000000000000089e+00,8.800000000000001155e-01,8.800000000000001155e-01,8.800000000000001155e-01,8.800000000000001155e-01,8.669116317045775588e+01,1.914071275175602125e+02
7.394627373040214025e+01,8.868773770932371641e-14,2.637080192565917969e+00,1.989495038986206055e+00,1.100000000000000089e+00,8.800000000000001155e-01,8.800000000000001155e-01,8.800000000000001155e-01,8.800000000000001155e-01,8.674798135227592866e+01,1.914639456993783995e+02
7.399627373040213740e+01,8.890457814382084254e-14,2.601179122924804688e+00,1.953593969345092773e+00,1.100000000000000089e+00,8.800000000000001155e-01,8.800000000000001155e-01,8.800000000000001155e-01,8.800000000000001155e-01,8.680479953409411564e+01,1.915207638811965865e+02
7.404627373040213456e+01,2.574546478783239128e-12,2.565749406814575195e+00,1.918164253234863281e+00,1.100000000000000089e+00,8.800000000000001155e-01,8.800000000000001155e-01,8.800000000000001155e-01,8.800000000000001155e-01,8.686161771591228842e+01,1.915775820630147734e+02
7.409627373040214593e+01,2.574546478783239128e-12,2.530811071395874023e+00,1.883225917816162109e+00,1.100000000000000089e+00,8.800000000000001155e-01,8.800000000000001155e-01,8.800000000000001155e-01,8.800000000000001155e-01,8.691843589773048961e+01,1.916344002448329604e+02
7.414627373040214309e+01,0.000000000000000000e+00,2.496384382247924805e+00,1.848799228668212891e+00,1.100000000000000089e+00,8.800000000000001155e-01,8.800000000000001155e-01,8.800000000000001155e-01,8.800000000000001155e-01,8.697525407954866239e+01,1.916912184266511474e+02
7.419627373040214025e+01,8.868773770932371641e-14,2.462491273880004883e+00,1.814906120300292969e+00,1.100000000000000089e+00,8.800000000000001155e-01,8.800000000000001155e-01,8.800000000000001155e-01,8.800000000000001155e-01,8.703207226136683516e+01,1.917480366084693344e+02
7.424627373040213740e+01,8.890457814382084254e-14,2.429153680801391602e+00,1.781568527221679688e+00,1.100000000000000089e+00,8.800000000000001155e-01,8.800000000000001155e-01,8.800000000000001155e-01,8.800000000000001155e-01,8.708889044318502215e+01,1.918048547902875214e+02
7.429627373040213456e+01,1.775923158531067189e-13,2.396395444869995117e+00,1.748810291290283203e+00,1.100000000000000089e+00,8.800000000000001155e-01,8.800000000000001155e-01,8.800000000000001155e-01,8.800000000000001155e-01,8.714570862500319492e+01,1.918616729721057084e+02
7.434627373040214593e+01,8.868773770928591420e-14,2.364239931106567383e+00,1.716654777526855469e+00,1.100000000000000089e+00,8.800000000000001155e-01,8.800000000000001155e-01,8.800000000000001155e-01,8.800000000000001155e-01,8.720252680682138191e+01,1.919184911539238954e+02
7.439627373040214309e+01,8.890457814382084254e-14,2.332712650299072266e+00,1.685127496719360352e+00,1.100000000000000089e+00,8.800000000000001155e-01,8.800000000000001155e-01,8.800000000000001155e-01,8.800000000000001155e-01,8.725934498863956890e+01,1.919753093357420823e+02
7.444627373040214025e+01,0.000000000000000000e+00,2.301839113235473633e+00,1.654253959655761719e+00,1.100000000000000089e+00,8.800000000000001155e-01,8.800000000000001155e-01,8.800000000000001155e-01,8.800000000000001155e-01,8.731616317045774167e+01,1.920321275175602693e+02
7.449627373040213740e+01,8.868773770932371641e-14,2.271646499633789062e+00,1.624061346054077148e+00,1.100000000000000089e+00,8.800000000000001155e-01,8.800000000000001155e-01,8.800000000000001155e-01,8.800000000000001155e-01,8.737298135227591445e+01,1.920889456993784563e+02
7.454627373040213456e+01,8.868773770928591420e-14,2.242161989212036133e+00,1.594576835632324219e+00,1.100000000000000089e+00,8.800000000000001155e-01,8.800000000000001155e-01,8.800000000000001155e-01,8.800000000000001155e-01,8.742979953409410143e+01,1.921457638811966433e+02
7.459627373040214593e+01,1.773754754186096432e-13,2.213413953781127930e+00,1.565828800201416016e+00,1.100000000000000089e+00,8.800000000000001155e-01,8.800000000000001155e-01,8.800000000000001155e-01,8.800000000000001155e-01,8.748661771591228842e+01,1.922025820630148303e+02
7.464627373040214309e+01,8.631958582736128094e-02,2.185431718826293945e+00,1.537846565246582031e+00,1.100000000000000089e+00,8.800000000000001155e-01,8.800000000000001155e-01,8.800000000000001155e-01,8.800000000000001155e-01,8.754343589773046119e+01,1.922594002448330173e+02
7.469627289161597616e+01,5.200747955696798375e-01,2.158427715301513672e+00,1.510842561721801758e+00,1.100000000000000089e+00,8.800000000000001155e-01,8.800000000000001155e-01,8.800000000000001155e-01,8.800000000000001155e-01,8.760025312638254036e+01,1.923162174734850964e+02
7.474626864183332486e+01,8.271489031927343749e-01,2.133376598358154297e+00,1.485791444778442383e+00,1.099532702866640621e+00,8.800000000000001155e-01,8.800000000000001155e-01,8.800000000000001155e-01,8.800000000000001155e-01,8.765706647890226577e+01,1.923730308260048218e+02
7.479626478040826498e+01,7.575880475948741921e-01,2.111048936843872070e+00,1.463463783264160156e+00,1.100000000000000089e+00,8.800000000000001155e-01,8.800000000000001155e-01,8.800000000000001155e-01,8.800000000000001155e-01,8.771388027273742694e+01,1.924298446198399688e+02
7.484625894684312186e+01,8.456622592550608886e-01,2.091414690017700195e+00,1.443829536437988281e+00,1.087430539168915189e+00,8.800000000000001155e-01,8.800000000000001155e-01,8.800000000000001155e-01,8.800000000000001155e-01,8.777069182550431492e+01,1.924866561726068710e+02
7.489625455129818477e+01,8.583469348167894752e-01,2.074822664260864258e+00,1.427237510681152344e+00,1.079365592452359301e+00,8.800000000000001155e-01,8.800000000000001155e-01,8.800000000000001155e-01,8.800000000000001155e-01,8.782750501238507468e+01,1.925434693594876308e+02
7.494624785320050364e+01,8.281125301950006401e-01,2.061362743377685547e+00,1.413777589797973633e+00,1.098892785117258963e+00,8.800000000000001155e-01,8.800000000000001155e-01,8.800000000000001155e-01,8.800000000000001155e-01,8.788431558272861821e+01,1.926002799298311743e+02
7.499624338645915600e+01,9.666201204698949834e-01,2.051040410995483398e+00,1.403455257415771484e+00,1.017119743513444474e+00,8.800000000000001155e-01,8.800000000000001155e-01,8.800000000000001155e-01,8.800000000000001155e-01,8.794112868870435307e+01,1.926570930358069234e+02
7.504623851976882065e+01,8.559373275180162111e-01,2.044260978698730469e+00,1.396675825119018555e+00,1.080883822375657388e+00,8.800000000000001155e-01,8.800000000000001155e-01,8.800000000000001155e-01,8.800000000000001155e-01,8.799794134019261094e+01,1.927139056872951812e+02
7.509623120703764698e+01,9.127463586461018741e-01,2.040865421295166016e+00,1.393280267715454102e+00,1.046706558710141177e+00,8.800000000000001155e-01,8.800000000000001155e-01,8.800000000000001155e-01,8.800000000000001155e-01,8.805475121208901612e+01,1.927707155591915864e+02
7.514622631022614030e+01,9.451463748288229105e-01,2.040939331054687500e+00,1.393354177474975586e+00,1.028609340124935212e+00,8.800000000000001155e-01,8.800000000000001155e-01,8.800000000000001155e-01,8.800000000000001155e-01,8.811156382934866826e+01,1.928275281764512386e+02
7.519621963442408230e+01,8.613539800235321398e-01,2.031844377517700195e+00,1.384259223937988281e+00,1.077479875950988930e+00,8.800000000000001155e-01,8.800000000000001155e-01,8.800000000000001155e-01,8.800000000000001155e-01,8.816837442502814781e+01,1.928843387721307181e+02
7.524621334364822189e+01,9.419925951230739836e-01,1.994801521301269531e+00,1.347216367721557617e+00,1.030329787074526937e+00,8.800000000000001155e-01,8.800000000000001155e-01,8.800000000000001155e-01,8.800000000000001155e-01,8.822518545823740510e+01,1.929411498053399612e+02
7.529620862688395277e+01,8.725183001405193428e-01,1.950025558471679688e+00,1.302440404891967773e+00,1.070564227996482431e+00,8.800000000000001155e-01,8.800000000000001155e-01,8.800000000000001155e-01,8.800000000000001155e-01,8.828199828009618955e+01,1.929979626271987456e+02
7.534620164625016514e+01,8.345963011151358302e-01,1.906655550003051758e+00,1.259070396423339844e+00,1.094615950246738523e+00,8.800000000000001155e-01,8.800000000000001155e-01,8.800000000000001155e-01,8.800000000000001155e-01,8.833880852937598149e+01,1.930547728764785234e+02
7.539619726986333603e+01,8.994258178774928725e-01,1.864694476127624512e+00,1.217109322547912598e+00,1.054428959418640233e+00,8.800000000000001155e-01,8.800000000000001155e-01,8.800000000000001155e-01,8.306420494552947398e-01,8.839562173802730172e+01,1.931132253430586445e+02
7.544619228733937177e+01,7.539507579325073205e-01,1.824331760406494141e+00,1.176746606826782227e+00,1.100000000000000089e+00,8.800000000000001155e-01,8.800000000000001155e-01,8.800000000000001155e-01,7.680990687217594814e-01,8.845243425788642355e+01,1.931757683237921697e+02
7.549618757741964714e+01,8.458062149214705672e-01,1.785870790481567383e+00,1.138285636901855469e+00,1.087337995246576261e+00,8.800000000000001155e-01,8.800000000000001155e-01,8.800000000000001155e-01,6.999897136463327785e-01,8.850924708752310721e+01,1.932438776788675909e+02
7.554618384780393114e+01,6.863712995874430289e-01,1.749062061309814453e+00,1.101476907730102539e+00,1.100000000000000089e+00,8.800000000000001155e-01,8.800000000000001155e-01,8.800000000000001155e-01,6.244942421208686811e-01,8.856606103114160078e+01,1.933193731503930621e+02
7.559618037702499294e+01,3.474656013393392917e-01,1.713737726211547852e+00,1.066152572631835938e+00,1.100000000000000089e+00,8.800000000000001155e-01,8.800000000000001155e-01,8.800000000000001155e-01,5.385164807134361631e-01,8.862287526889281253e+01,1.934053509118004968e+02
7.564618037702499009e+01,7.285838599104267230e-14,1.679030895233154297e+00,1.031445741653442383e+00,1.100000000000000089e+00,8.800000000000001155e-01,8.800000000000001155e-01,8.800000000000001155e-01,4.358898943540470139e-01,8.867969345071099951e+01,1.935079774981598746e+02
7.569618037702498725e+01,7.285838599104267230e-14,1.644324064254760742e+00,9.967389106750488281e-01,1.100000000000000089e+00,2.999999999999999889e-01,2.999999999999999889e-01,8.800000000000001155e-01,2.999999999999999889e-01,8.873651163252917229e+01,1.936438673925139256e+02
7.574618037702498441e+01,7.285838599104267230e-14,1.609721302986145020e+00,9.621361494064331055e-01,1.100000000000000089e+00,2.999999999999999889e-01,2.999999999999999889e-01,8.800000000000001155e-01,2.999999999999999889e-01,8.879332981434735927e+01,1.938105340591805827e+02
7.579618037702498157e+01,1.828398543679144722e-12,1.575588226318359375e+00,9.280030727386474609e-01,1.100000000000000089e+00,2.999999999999999889e-01,2.999999999999999889e-01,8.800000000000001155e-01,2.999999999999999889e-01,8.885014799616553205e+01,1.939772007258472115e+02
7.584618037702499294e+01,3.871902798378791523e-12,1.542410135269165039e+00,8.948249816894531250e-01,1.100000000000000089e+00,2.999999999999999889e-01,2.999999999999999889e-01,8.800000000000001155e-01,2.999999999999999889e-01,8.890696617798373325e+01,1.941438673925139256e+02
7.589618037702499009e+01,4.017619570363210154e-12,1.510028600692749023e+00,8.624434471130371094e-01,1.100000000000000089e+00,2.999999999999999889e-01,2.999999999999999889e-01,8.800000000000001155e-01,2.999999999999999889e-01,8.896378435980190602e+01,1.943105340591805827e+02
7.594618037702498725e+01,4.017619570363210154e-12,1.478499650955200195e+00,8.309144973754882812e-01,1.100000000000000089e+00,2.999999999999999889e-01,2.999999999999999889e-01,8.800000000000001155e-01,2.999999999999999889e-01,8.902060254162007880e+01,1.944772007258472399e+02
7.599618037702498441e+01,1.974115315661769244e-12,1.448332071304321289e+00,8.007469177246093750e-01,1.100000000000000089e+00,2.999999999999999889e-01,2.999999999999999889e-01,8.800000000000001155e-01,2.999999999999999889e-01,8.907742072343825157e+01,1.946438673925138971e+02
7.604618037702498157e+01,7.285838599099877377e-14,1.419166445732116699e+00,7.715812921524047852e-01,1.100000000000000089e+00,2.999999999999999889e-01,2.999999999999999889e-01,8.800000000000001155e-01,2.999999999999999889e-01,8.913423890525643856e+01,1.948105340591805543e+02
7.609618037702499294e+01,2.119832087643182883e-12,1.391058325767517090e+00,7.434731721878051758e-01,1.100000000000000089e+00,2.999999999999999889e-01,2.999999999999999889e-01,8.800000000000001155e-01,2.999999999999999889e-01,8.919105708707463975e+01,1.949772007258472684e+02
7.614618037702499009e+01,4.017619570363210154e-12,1.364254474639892578e+00,7.166693210601806641e-01,1.100000000000000089e+00,2.999999999999999889e-01,2.999999999999999889e-01,8.800000000000001155e-01,2.999999999999999889e-01,8.924787526889281253e+01,1.951438673925139256e+02
7.619618037702498725e+01,4.017619570363210154e-12,1.338936924934387207e+00,6.913517713546752930e-01,1.100000000000000089e+00,2.999999999999999889e-01,2.999999999999999889e-01,8.800000000000001155e-01,2.999999999999999889e-01,8.930469345071098530e+01,1.953105340591805827e+02
7.624618037702498441e+01,2.046973701652789891e-12,1.314908385276794434e+00,6.673232316970825195e-01,1.100000000000000089e+00,2.999999999999999889e-01,2.999999999999999889e-01,8.800000000000001155e-01,2.999999999999999889e-01,8.936151163252915808e+01,1.954772007258472399e+02
7.629618037702498157e+01,7.285838599099877377e-14,1.292231082916259766e+00,6.446459293365478516e-01,1.100000000000000089e+00,2.999999999999999889e-01,2.999999999999999889e-01,8.800000000000001155e-01,2.999999999999999889e-01,8.941832981434734506e+01,1.956438673925138971e+02
7.634618037702499294e+01,1.457167719820414713e-13,1.271365404129028320e+00,6.237802505493164062e-01,1.100000000000000089e+00,2.999999999999999889e-01,2.999999999999999889e-01,8.800000000000001155e-01,2.999999999999999889e-01,8.947514799616554626e+01,1.958105340591806112e+02
7.639618037702499009e+01,7.285838599104267230e-14,1.252110123634338379e+00,6.045249700546264648e-01,1.100000000000000089e+00,2.999999999999999889e-01,2.999999999999999889e-01,8.800000000000001155e-01,2.999999999999999889e-01,8.953196617798371904e+01,1.959772007258472399e+02
7.644618037702498725e+01,2.046973701652789891e-12,1.234462380409240723e+00,5.868772268295288086e-01,1.100000000000000089e+00,2.999999999999999889e-01,2.999999999999999889e-01,8.800000000000001155e-01,2.999999999999999889e-01,8.958878435980190602e+01,1.961438673925138971e+02
7.649618037702498441e+01,4.017619570363210154e-12,1.218572258949279785e+00,5.709871053695678711e-01,1.100000000000000089e+00,2.999999999999999889e-01,2.999999999999999889e-01,8.800000000000001155e-01,2.999999999999999889e-01,8.964560254162007880e+01,1.963105340591805543e+02
7.654618037702498157e+01,1.901256929670164562e-12,1.204755425453186035e+00,5.571702718734741211e-01,1.100000000000000089e+00,2.999999999999999889e-01,2.999999999999999889e-01,8.800000000000001155e-01,2.999999999999999889e-01,8.970242072343825157e+01,1.964772007258472115e+02
7.659618037702499294e+01,2.119832087643182883e-12,1.192807316780090332e+00,5.452221632003784180e-01,1.100000000000000089e+00,2.999999999999999889e-01,2.999999999999999889e-01,8.800000000000001155e-01,2.999999999999999889e-01,8.975923890525645277e+01,1.966438673925139256e+02
7.664618037702499009e+01,2.046973701652789891e-12,1.182693123817443848e+00,5.351079702377319336e-01,1.100000000000000089e+00,2.999999999999999889e-01,2.999999999999999889e-01,8.800000000000001155e-01,2.999999999999999889e-01,8.981605708707462554e+01,1.968105340591805827e+02
7.669618037702498725e+01,1.974115315661769244e-12,1.174720764160156250e+00,5.271356105804443359e-01,1.100000000000000089e+00,2.999999999999999889e-01,2.999999999999999889e-01,8.800000000000001155e-01,2.999999999999999889e-01,8.987287526889281253e+01,1.969772007258472399e+02
7.674618037702498441e+01,1.901256929670164562e-12,1.168995261192321777e+00,5.214101076126098633e-01,1.100000000000000089e+00,2.999999999999999889e-01,2.999999999999999889e-01,8.800000000000001155e-01,2.999999999999999889e-01,8.992969345071098530e+01,1.971438673925138971e+02
7.679618037702499578e+01,2.119832087643182883e-12,1.165219306945800781e+00,5.176341533660888672e-01,1.100000000000000089e+00,2.999999999999999889e-01,2.999999999999999889e-01,8.676339149637654069e-01,2.999999999999999889e-01,8.998691367237400129e+01,1.973105340591806112e+02
7.684618037702499294e+01,4.516447222862435273e-01,1.163441061973571777e+00,5.158559083938598633e-01,1.100000000000000089e+00,2.999999999999999889e-01,2.999999999999999889e-01,8.079533466700647981e-01,2.999999999999999889e-01,9.004659424066770157e+01,1.974772007258472684e+02
7.689616850817580485e+01,1.808932096846814996e+00,1.165261983871459961e+00,5.176768302917480469e-01,7.435135157438153009e-01,2.999999999999999889e-01,2.999999999999999889e-01,7.435135157438153009e-01,2.999999999999999889e-01,9.011103407159394862e+01,1.976438278296833175e+02
7.694614499303266086e+01,2.069189511748321220e+00,1.173583149909973145e+00,5.259979963302612305e-01,6.951841564594716250e-01,2.999999999999999889e-01,2.999999999999999889e-01,6.951841564594716250e-01,2.999999999999999889e-01,9.018050868856516900e+01,1.978104161125395137e+02
7.699611818151203124e+01,2.183699597529126901e+00,1.188778042793273926e+00,5.411928892135620117e-01,6.767114938419001025e-01,2.999999999999999889e-01,2.999999999999999889e-01,6.767114938419001025e-01,2.999999999999999889e-01,9.025336144302706032e+01,1.979769934074707294e+02
7.704608948652244749e+01,2.225078764011811039e+00,1.210976123809814453e+00,5.633909702301025391e-01,6.703896575109317135e-01,2.999999999999999889e-01,2.999999999999999889e-01,6.703896575109317135e-01,2.999999999999999889e-01,9.032755231571724153e+01,1.981435644241720979e+02
7.709606074905995854e+01,2.185934020045989357e+00,1.239422798156738281e+00,5.918376445770263672e-01,6.763655442425535735e-01,2.999999999999999889e-01,2.999999999999999889e-01,6.763655442425535735e-01,2.999999999999999889e-01,9.040176218321573742e+01,1.983101352992971442e+02
7.714603396808618641e+01,2.073341398601079799e+00,1.273273110389709473e+00,6.256879568099975586e-01,6.944877510377359675e-01,2.999999999999999889e-01,2.999999999999999889e-01,6.944877510377359675e-01,2.999999999999999889e-01,9.047467037725557759e+01,1.984767126960512087e+02
7.719601095531756130e+01,1.844196644465391000e+00,1.310902357101440430e+00,6.633172035217285156e-01,7.363705076351199086e-01,2.999999999999999889e-01,2.999999999999999889e-01,7.363705076351199086e-01,2.999999999999999889e-01,9.054452633528418914e+01,1.986433026534891155e+02
7.724599821800892130e+01,5.030821062787593778e-01,1.337690472602844238e+00,6.901053190231323242e-01,1.100000000000000089e+00,2.999999999999999889e-01,2.999999999999999889e-01,8.013838343125695429e-01,2.999999999999999889e-01,9.060953966196163378e+01,1.988099268624603155e+02
7.729599821800893267e+01,0.000000000000000000e+00,1.302653670310974121e+00,6.550685167312622070e-01,1.100000000000000089e+00,2.999999999999999889e-01,2.999999999999999889e-01,8.615196166643790399e-01,2.999999999999999889e-01,9.066967544431344095e+01,1.989765935291270296e+02
7.734599821800892983e+01,0.000000000000000000e+00,1.266984343528747559e+00,6.193991899490356445e-01,1.100000000000000089e+00,2.999999999999999889e-01,2.999999999999999889e-01,8.800000000000001155e-01,2.999999999999999889e-01,9.072709656035664239e+01,1.991432601957936868e+02
7.739599821800892698e+01,0.000000000000000000e+00,1.231965661048889160e+00,5.843805074691772461e-01,1.100000000000000089e+00,2.999999999999999889e-01,2.999999999999999889e-01,8.800000000000001155e-01,2.999999999999999889e-01,9.078391474217481516e+01,1.993099268624603440e+02
7.744599821800892414e+01,0.000000000000000000e+00,1.196278810501098633e+00,5.486936569213867188e-01,1.100000000000000089e+00,2.999999999999999889e-01,2.999999999999999889e-01,8.658932623700154041e-01,2.999999999999999889e-01,9.084119201230085139e+01,1.994765935291270011e+02
7.749599821800892130e+01,0.000000000000000000e+00,1.161648392677307129e+00,5.140632390975952148e-01,1.100000000000000089e+00,2.999999999999999889e-01,2.999999999999999889e-01,8.060838305150364036e-01,2.999999999999999889e-01,9.090100144415582406e+01,1.996432601957936583e+02
7.754599821800893267e+01,1.463978358882278563e-01,1.128171801567077637e+00,4.805866479873657227e-01,1.100000000000000089e+00,2.999999999999999889e-01,2.999999999999999889e-01,7.414655365003630649e-01,2.999999999999999889e-01,9.096561973817050273e+01,1.998099268624603724e+02
7.759599416487667156e+01,2.083228563773780184e+00,1.096245169639587402e+00,4.486600160598754883e-01,6.928377444398601259e-01,2.999999999999999889e-01,2.999999999999999889e-01,6.706558343012424261e-01,2.999999999999999889e-01,9.103642944036961637e+01,1.999765800186861782e+02
7.764595348285969578e+01,2.858281170752955624e+00,1.070098280906677246e+00,4.225131273269653320e-01,5.914901623157030608e-01,2.999999999999999889e-01,2.999999999999999889e-01,5.914901623157030608e-01,2.999999999999999889e-01,9.111559511235515174e+01,2.001431110786295733e+02
7.769590920029429526e+01,2.903651005012330533e+00,1.052193760871887207e+00,4.046086072921752930e-01,5.868509226664492262e-01,2.999999999999999889e-01,2.999999999999999889e-01,5.868509226664492262e-01,2.999999999999999889e-01,9.120038502263032854e+01,2.003096301367448859e+02
7.774586640237885149e+01,2.757714645881181426e+00,1.043339610099792480e+00,3.957544565200805664e-01,6.021786270963397358e-01,2.999999999999999889e-01,2.999999999999999889e-01,6.021786270963397358e-01,2.999999999999999889e-01,9.128441523381309253e+01,2.004761541436934067e+02
7.779583263399686643e+01,1.010911474652930853e+00,1.043806910514831543e+00,3.962217569351196289e-01,9.945885081405770878e-01,2.999999999999999889e-01,2.999999999999999889e-01,6.801114336398675908e-01,2.999999999999999889e-01,9.136234804035662194e+01,2.006427082490868088e+02
7.784583263399686359e+01,0.000000000000000000e+00,1.049234390258789062e+00,4.016492366790771484e-01,1.100000000000000089e+00,2.999999999999999889e-01,2.999999999999999889e-01,7.500343739907350260e-01,2.999999999999999889e-01,9.143227098070748582e+01,2.008093749157534660e+02
7.789583263399686075e+01,1.578598363139279168e-12,1.056985259056091309e+00,4.094001054763793945e-01,1.100000000000000089e+00,2.999999999999999889e-01,2.999999999999999889e-01,6.887563416352943113e-01,2.999999999999999889e-01,9.150177379227969254e+01,2.009760415824201232e+02
7.794583263399685791e+01,1.627017247864485761e+00,1.066927194595336914e+00,4.193420410156250000e-01,7.839780828257650880e-01,2.999999999999999889e-01,2.999999999999999889e-01,6.118703278823449665e-01,2.999999999999999889e-01,9.157865980603264688e+01,2.011427082490867804e+02
7.799576962882925102e+01,3.642837176887899986e+00,1.082908630371093750e+00,4.353234767913818359e-01,5.239382678122057602e-01,2.999999999999999889e-01,2.999999999999999889e-01,5.239382678122057602e-01,2.999999999999999889e-01,9.166659186610279164e+01,2.013091648985281097e+02
7.804569303325781959e+01,3.785529044243787666e+00,1.109006285667419434e+00,4.614211320877075195e-01,5.139687435884221500e-01,2.999999999999999889e-01,2.999999999999999889e-01,5.139687435884221500e-01,2.999999999999999889e-01,9.176279201482554981e+01,2.014755762466233193e+02
7.809561888207130664e+01,3.379495423410992405e+00,1.144040226936340332e+00,4.964550733566284180e-01,5.439688973942544692e-01,2.999999999999999889e-01,2.999999999999999889e-01,5.439688973942544692e-01,2.999999999999999889e-01,9.185717536386134441e+01,2.016419957426682856e+02
7.814558139255971980e+01,7.866693562918567473e-01,1.185288429260253906e+00,5.377032756805419922e-01,1.100000000000000089e+00,2.999999999999999889e-01,2.999999999999999889e-01,6.291479812485588630e-01,2.999999999999999889e-01,9.194235444771564403e+01,2.018085374442963200e+02
7.819558139255971696e+01,8.985867605561748967e-13,1.228065848350524902e+00,5.804806947708129883e-01,1.100000000000000089e+00,2.999999999999999889e-01,2.999999999999999889e-01,7.041499714614233296e-01,2.999999999999999889e-01,9.201735643792851249e+01,2.019752041109629772e+02
7.824558139255971412e+01,3.016200996849618954e-01,1.271746754646301270e+00,6.241616010665893555e-01,1.100000000000000089e+00,2.999999999999999889e-01,2.999999999999999889e-01,7.718984274560500847e-01,2.999999999999999889e-01,9.208510489392314469e+01,2.021418707776296344e+02
7.829557750670825556e+01,9.549671305037379376e-01,1.316045641899108887e+00,6.684604883193969727e-01,1.023306630592722755e+00,2.999999999999999889e-01,2.999999999999999889e-01,8.341579050792559125e-01,2.999999999999999889e-01,9.214736437154634530e+01,2.023085244914581153e+02
7.834557248453008071e+01,9.784074034204546244e-01,1.361611247062683105e+00,7.140260934829711914e-01,1.010974345036044442e+00,2.999999999999999889e-01,2.999999999999999889e-01,8.800000000000001155e-01,2.999999999999999889e-01,9.220569619462249022e+01,2.024751744175308659e+02
7.839556733940777633e+01,9.747683797808959216e-01,1.408477306365966797e+00,7.608921527862548828e-01,1.012859681296863323e+00,2.999999999999999889e-01,2.999999999999999889e-01,8.800000000000001155e-01,2.999999999999999889e-01,9.226250852971077165e+01,2.026418239337898513e+02
7.844556237394307630e+01,4.839440238580373643e-01,1.456396102905273438e+00,8.088109493255615234e-01,1.100000000000000089e+00,2.999999999999999889e-01,2.999999999999999889e-01,8.800000000000001155e-01,2.999999999999999889e-01,9.231932106895543200e+01,2.028084740489075273e+02
7.849556237394307345e+01,2.039167446010139780e-12,1.504730224609375000e+00,8.571450710296630859e-01,1.100000000000000089e+00,2.999999999999999889e-01,2.999999999999999889e-01,8.800000000000001155e-01,2.999999999999999889e-01,9.237613925077360477e+01,2.029751407155741845e+02
7.854556237394308482e+01,1.164866814118296919e-12,1.553140401840209961e+00,9.055552482604980469e-01,1.100000000000000089e+00,2.999999999999999889e-01,2.999999999999999889e-01,8.800000000000001155e-01,2.999999999999999889e-01,9.243295743259180597e+01,2.031418073822408985e+02
7.859556237394308198e+01,3.877106968809372012e-13,1.601619243621826172e+00,9.540340900421142578e-01,1.100000000000000089e+00,2.999999999999999889e-01,2.999999999999999889e-01,8.800000000000001155e-01,2.999999999999999889e-01,9.248977561440997874e+01,2.033084740489075273e+02
7.864556237394307914e+01,2.815456201510723441e-12,1.650161027908325195e+00,1.002575874328613281e+00,1.100000000000000089e+00,8.800000000000001155e-01,8.800000000000001155e-01,8.800000000000001155e-01,4.358898943540635007e-01,9.254659379622816573e+01,2.034443639432615782e+02
7.869556237394307630e+01,2.815456201510723441e-12,1.698760032653808594e+00,1.051174879074096680e+00,1.100000000000000089e+00,8.800000000000001155e-01,8.800000000000001155e-01,8.800000000000001155e-01,5.385164807134423803e-01,9.260341197804633850e+01,2.035469905296209561e+02
7.874556237394307345e+01,7.762887554993711626e-13,1.747336626052856445e+00,1.099751472473144531e+00,1.100000000000000089e+00,8.800000000000001155e-01,8.800000000000001155e-01,8.800000000000001155e-01,6.244997998398302830e-01,9.266023015986452549e+01,2.036329738487473549e+02
7.879556237394308482e+01,7.771561172373592633e-13,1.792348980903625488e+00,1.144763827323913574e+00,1.100000000000000089e+00,8.800000000000001155e-01,8.800000000000001155e-01,8.800000000000001155e-01,7.000000000000091704e-01,9.271704834168272669e+01,2.037084740489075330e+02
7.884556237394308198e+01,0.000000000000000000e+00,1.829320073127746582e+00,1.181734919548034668e+00,1.100000000000000089e+00,8.800000000000001155e-01,8.800000000000001155e-01,8.800000000000001155e-01,7.681145747868669549e-01,9.277386652350091367e+01,2.037765886236943800e+02
7.889556237394307914e+01,2.815456201510723441e-12,1.857041358947753906e+00,1.209456205368041992e+00,1.100000000000000089e+00,8.800000000000001155e-01,8.800000000000001155e-01,8.800000000000001155e-01,8.306623862918111056e-01,9.283068470531910066e+01,2.038391364351993218e+02
7.894556237394307630e+01,2.815456201510723441e-12,1.879754543304443359e+00,1.232169389724731445e+00,1.100000000000000089e+00,8.800000000000001155e-01,8.800000000000001155e-01,8.800000000000001155e-01,8.800000000000001155e-01,9.288750288713727343e+01,2.038975933234791569e+02
7.899556237394307345e+01,3.885780586187618246e-13,1.902487635612487793e+00,1.254902482032775879e+00,1.100000000000000089e+00,8.800000000000001155e-01,8.800000000000001155e-01,8.800000000000001155e-01,8.800000000000001155e-01,9.294432106895546042e+01,2.039544115052973439e+02
7.904556237394308482e+01,3.877106968807735221e-13,1.933491468429565430e+00,1.285906314849853516e+00,1.100000000000000089e+00,8.800000000000001155e-01,8.800000000000001155e-01,8.800000000000001155e-01,8.800000000000001155e-01,9.300113925077364740e+01,2.040112296871155309e+02
7.909556237394308198e+01,2.815456201510723441e-12,1.952556371688842773e+00,1.304971218109130859e+00,1.100000000000000089e+00,8.800000000000001155e-01,8.800000000000001155e-01,8.800000000000001155e-01,8.800000000000001155e-01,9.305795743259183439e+01,2.040680478689337178e+02
7.914556237394307914e+01,2.815456201510723441e-12,1.961210966110229492e+00,1.313625812530517578e+00,1.100000000000000089e+00,8.800000000000001155e-01,8.800000000000001155e-01,8.800000000000001155e-01,8.800000000000001155e-01,9.311477561441000717e+01,2.041248660507519048e+02
7.919556237394307630e+01,0.000000000000000000e+00,1.977449655532836914e+00,1.329864501953125000e+00,1.100000000000000089e+00,8.800000000000001155e-01,8.800000000000001155e-01,8.800000000000001155e-01,8.800000000000001155e-01,9.317159379622819415e+01,2.041816842325700918e+02
7.924556237394307345e+01,7.762887554993711626e-13,1.993147730827331543e+00,1.345562577247619629e+00,1.100000000000000089e+00,8.800000000000001155e-01,8.800000000000001155e-01,8.800000000000001155e-01,8.800000000000001155e-01,9.322841197804638114e+01,2.042385024143882788e+02
7.929556237394308482e+01,7.771561172373592633e-13,2.007609605789184570e+00,1.360024452209472656e+00,1.100000000000000089e+00,8.800000000000001155e-01,8.800000000000001155e-01,8.800000000000001155e-01,8.800000000000001155e-01,9.328523015986458233e+01,2.042953205962064658e+02
7.934556237394308198e+01,2.815456201510723441e-12,2.023203134536743164e+00,1.375617980957031250e+00,1.100000000000000089e+00,8.800000000000001155e-01,8.800000000000001155e-01,8.800000000000001155e-01,8.800000000000001155e-01,9.334204834168276932e+01,2.043521387780246528e+02
7.939556237394307914e+01,2.815456201510723441e-12,2.039901494979858398e+00,1.392316341400146484e+00,1.100000000000000089e+00,8.800000000000001155e-01,8.800000000000001155e-01,8.800000000000001155e-01,8.800000000000001155e-01,9.339886652350094209e+01,2.044089569598428398e+02
7.944556237394307630e+01,3.885780586189258572e-13,2.057677268981933594e+00,1.410092115402221680e+00,1.100000000000000089e+00,8.800000000000001155e-01,8.800000000000001155e-01,8.586763461735211767e-01,8.586763461735211767e-01,9.345638154072659631e+01,2.044664719770684940e+02
7.949556237394307345e+01,1.164866814118296919e-12,2.076512336730957031e+00,1.428927183151245117e+00,1.100000000000000089e+00,8.800000000000001155e-01,8.800000000000001155e-01,7.983264166228787317e-01,7.983264166228787317e-01,9.351673147027723587e+01,2.045268219066191477e+02
7.954556237394308482e+01,7.771561172373592633e-13,2.096370935440063477e+00,1.448785781860351562e+00,1.100000000000000089e+00,8.800000000000001155e-01,8.800000000000001155e-01,7.330246022323543276e-01,7.330246022323543276e-01,9.358203328466775872e+01,2.045921237210096706e+02
7.959556237394308198e+01,2.815456201510723441e-12,2.117223501205444336e+00,1.469638347625732422e+00,1.100000000000000089e+00,8.800000000000001155e-01,8.800000000000001155e-01,6.613055779878955764e-01,6.613055779878955764e-01,9.365375230891221747e+01,2.046638427452541293e+02
7.964556237394307914e+01,2.815456201510723441e-12,2.139039993286132812e+00,1.491454839706420898e+00,1.100000000000000089e+00,8.800000000000001155e-01,8.800000000000001155e-01,5.807969244735288195e-01,5.807969244735288195e-01,9.373426096242658900e+01,2.047443513987684867e+02
7.969556237394307630e+01,0.000000000000000000e+00,2.161790609359741211e+00,1.514205455780029297e+00,1.100000000000000089e+00,8.800000000000001155e-01,8.800000000000001155e-01,4.871602071987338745e-01,4.871602071987338745e-01,9.382789767970137973e+01,2.048379881160432774e+02
7.974556237394307345e+01,7.762887554993711626e-13,2.185445070266723633e+00,1.537859916687011719e+00,1.100000000000000089e+00,8.800000000000001155e-01,8.800000000000001155e-01,3.705739703189049883e-01,3.705739703189049883e-01,9.394448391658120556e+01,2.049545743529231174e+02
7.979556237394308482e+01,2.651666085026723014e-12,2.209973573684692383e+00,1.562388420104980469e+00,1.100000000000000089e+00,8.800000000000001155e-01,8.800000000000001155e-01,1.931969654986636642e-01,1.931969654986636642e-01,9.412186092140144922e+01,2.051319513577433611e+02
7.981422490768203204e+01,0.000000000000000000e+00,2.219233989715576172e+00,1.571648836135864258e+00,1.100000000000000089e+00,8.800000000000001155e-01,8.800000000000001155e-01,0.000000000000000000e+00,0.000000000000000000e+00,9.431505788690010661e+01,2.053251483232420185e+02
