time,gt_x,gt_y,gt_yaw,raw_x,raw_y,raw_yaw,ekf_x,ekf_y,ekf_yaw
0.4,0.004456350792002522,4.696819652952126e-11,-3.0662119389324394e-10,-2.30863841324304e-07,-4.999115336427717e-14,1.8944736892829493e-07,1.6574198902258174e-09,9.292993951825174e-13,0.0024950365432521568
0.5,0.029946625546726585,-3.781483807731278e-06,-3.140798804308038e-06,-8.621855018690416e-07,2.341773315997376e-15,-3.0088635764040853e-07,7.449155211561508e-07,1.0209682913426426e-09,0.003986213303853949
0.6,0.02518116437684329,-7.860351894362962e-06,6.800664385941352e-08,-1.4126607354488637e-06,1.763161943421527e-13,-3.3417113608615386e-07,1.155130743712331e-06,2.3965578682407523e-09,0.004807383677344497
0.7,0.01730067209314423,-7.844062293268152e-06,5.109523280157841e-08,-1.6171293659127293e-06,2.4685919459518816e-13,-3.6251998283608376e-07,1.6971584351047283e-06,4.832418585303276e-09,0.006058518695078278
0.8,0.010374238919337258,-7.829667469184874e-06,3.4881440057318866e-08,-1.5852811217040484e-06,2.3517163667672127e-13,-3.2816594834474455e-07,1.8556024465268808e-06,6.020321818014506e-09,0.0068491732234656506
0.9,0.008799226686002028,-8.59922450075271e-06,2.8033218037481196e-07,-1.5849600848005384e-06,2.349809290573487e-13,-2.867987922765016e-07,1.8704290548679964e-06,6.286878926432579e-09,0.00737063010856299
1.0,0.01263643102405302,-8.98476024805679e-06,3.5438296842176263e-07,-1.6130466945463032e-06,2.4329273503858447e-13,-3.120316996595657e-07,1.8694746234582182e-06,6.33518377768391e-09,0.007824818278659414
1.1,0.01672258373386568,-9.154194404350888e-06,6.692142268580372e-09,-1.6744057436418513e-06,2.6548321762867725e-13,-4.1510296738758853e-07,1.8693353175708082e-06,6.350811262622117e-09,0.008297880223625776
1.2,0.02171554738832109,-9.670070085635487e-06,-3.547763122734062e-07,-1.7787300949803239e-06,3.192869479789859e-13,-6.192931067368123e-07,1.869314981240179e-06,6.356260707849377e-09,0.008777194857630845
1.3,0.028058782811666037,-1.004565145468296e-05,-1.2682339320246385e-06,-2.3844254595402958e-06,8.620075027783039e-13,-9.413419039718991e-07,1.8693120241474198e-06,6.358652035626107e-09,0.009520790191653
1.4,0.028120818390181847,-1.2797941522416304e-05,2.1674832734397823e-06,-3.2272426029553087e-06,1.6709180320149347e-12,-9.783981859140732e-07,2.4173684762277412e-06,1.1382017879510736e-08,0.010406071682070655
1.5,0.02797218400150653,-1.2782568295775697e-05,2.13805020355495e-06,-4.0157975280014765e-06,2.4578350794230058e-12,-1.1191497485908591e-06,3.259070803661024e-06,1.9843261818833475e-08,0.010895621780806379
1.6,0.029216204551486123,-1.311738305772569e-05,1.2599174124624961e-06,-4.163747238966875e-06,2.6449091184868172e-12,-1.4020385279476448e-06,3.960049689891615e-06,2.752798398371155e-08,0.01180001226223748
1.7,0.029349051320865276,-1.368653812092466e-05,-1.9495669995529118e-07,-4.580300327052506e-06,3.303031183048257e-12,-1.8319412050832714e-06,3.9600401866772e-06,2.7804879430088253e-08,0.012192827993564154
1.8,0.029329829508973705,-1.4297297827852924e-05,-1.8429992856707796e-06,-5.028751768827965e-06,4.105634086464767e-12,-1.4352619704019791e-06,3.9600390988698405e-06,2.7874159851936596e-08,0.012208918966873001
1.9,0.02934183128190764,-1.6815764323811887e-05,4.5744432627488265e-06,-6.606475859014741e-06,5.698673856309947e-12,-6.115337442773663e-07,4.695991193899043e-06,3.679118359024792e-08,0.01264126399503551
2.0,0.02934029029212422,-1.669018433606197e-05,4.930033268141569e-06,-8.17872655416053e-06,6.1340961666992136e-12,3.651556551237996e-08,6.337438974247523e-06,5.735830378040625e-08,0.013195785705487533
2.1,0.029338507863400715,-1.675225614304718e-05,5.76115415403314e-06,-9.743720411245317e-06,5.53735493612901e-12,6.906706630824026e-07,8.806495112935076e-06,8.963471927363322e-08,0.013799580441441951
2.2,0.02933686802603964,-1.6745753730813074e-05,6.363975349338938e-06,-1.1305091100215385e-05,3.9266943638320045e-12,1.3375103861903792e-06,1.1673770409616644e-05,1.2887065266901314e-07,0.01432583872637104
2.3,0.029335235850059482,-1.674119702362909e-05,6.962087876677436e-06,-1.2508200540428865e-05,1.8851132634222394e-12,2.259958175852235e-06,1.4526115126674083e-05,1.6975908280375e-07,0.015025964403854215
2.4,0.02933371703163209,-1.8086325255226875e-05,8.847389225047577e-06,-1.4060788495106245e-05,-2.196347889344507e-12,2.9426096381553827e-06,1.659372907215372e-05,2.0099039457657165e-07,0.01556052648783305
2.5,0.029331872906002514,-1.8102255480703264e-05,9.477882435064687e-06,-1.527091447795998e-05,-6.33633421044796e-12,3.936343423659637e-06,1.752075207608709e-05,2.1592896473110622e-07,0.016150385377326704
2.6,0.02933014010572408,-1.942318811262416e-05,1.1307941803504721e-05,-1.6830863389957168e-05,-1.3065392225935473e-11,4.587566644110998e-06,1.8452881675863064e-05,2.3116115977123198e-07,0.01669915887137473
2.7,0.02932850965466237,-1.9420893212775472e-05,1.1904215758130629e-05,-1.7987469269997822e-05,-1.9095147610425805e-11,5.6598736185517204e-06,1.9425227121642546e-05,2.47404585694224e-07,0.017100820762487798
2.8,0.029326931004649354,-2.082350013718776e-05,1.4226229052639785e-05,-1.9547306531961432e-05,-2.8444050331865436e-11,6.304124995104153e-06,2.0355669478719204e-05,2.634333740910776e-07,0.017818221365209108
2.9,0.02931640658557169,-2.109395731277774e-05,1.555439540676939e-05,-2.0728538869347583e-05,-3.679125034154966e-11,7.424966636278077e-06,2.128287384109929e-05,2.7993005146405623e-07,0.01832646425500642
3.0,0.029323683230976318,-2.2194259863676243e-05,1.6996630377068878e-05,-2.2061431170034732e-05,-4.7011689379245625e-11,8.307382776827077e-06,2.335062091263373e-05,3.1758833250136585e-07,0.019191558726811414
3.1,0.029320867466033174,-2.354407260179516e-05,1.9205012883975428e-05,-2.3453677477453207e-05,-5.91754339225933e-11,8.999769063945292e-06,2.554184781344574e-05,3.5941444068247713e-07,0.02000443678950723
3.2,0.029320448140049027,-2.3588839065232474e-05,1.9918394233885535e-05,-2.4620360001571615e-05,-7.013499965434799e-11,1.0035623461026244e-05,2.7898904931527752e-05,4.0597476664937337e-07,0.020173017596811563
3.3,0.0293188462674411,-2.4885316711019108e-05,2.181592441979953e-05,-2.617035869382101e-05,-8.624087367838501e-11,1.0703786693799513e-05,3.121526173153681e-05,4.730090919866239e-07,0.021015723530128462
3.4,0.029317205503129898,-2.4885631938556598e-05,2.2411788271272162e-05,-2.7335410003082797e-05,-9.932706334755113e-11,1.1728884178596025e-05,3.3084163553246945e-05,5.130073835193787e-07,0.022155723335038218
3.5,0.029315610805309058,-2.628085889145975e-05,2.4696649557791715e-05,-2.889506662154932e-05,-1.1815299378007613e-10,1.2375076474974385e-05,3.5071564529614614e-05,5.565531595709273e-07,0.02221588568346481
3.6,0.02931398078997669,-2.627872563298808e-05,2.529488162841249e-05,-3.0058254047239916e-05,-1.3337126944700262e-10,1.3491573546659727e-05,3.791798572471909e-05,6.197887325531907e-07,0.02278530367763443
3.7,0.02931250584638603,-2.768160470110201e-05,2.7641818677420525e-05,-3.145489430260494e-05,-1.5254104012806488e-10,1.4435818394716451e-05,3.876987549647226e-05,6.397398123605082e-07,0.023291234606902984
3.8,0.029300561329238396,-2.8947693649041688e-05,2.9429522440988053e-05,-3.2783656785537585e-05,-1.722195780618199e-10,1.5049500575911852e-05,3.972779633654511e-05,6.622264090259507e-07,0.023797857785315214
3.9,0.02930923628655471,-2.895731381698769e-05,3.0097169940620478e-05,-3.4007288503631156e-05,-1.9111034942737037e-10,1.610157031021917e-05,4.066753417567281e-05,6.846849512780037e-07,0.024362882109410375
4.0,0.029307711597084226,-3.036545598970175e-05,3.242485684377741e-05,-3.549882941960297e-05,-2.1567215135384444e-10,1.6765953976010515e-05,4.16140316522396e-05,7.075688208494855e-07,0.024242164262567093
4.1,0.029306051128159694,-3.036684233272441e-05,3.300956726395791e-05,-3.668139722738385e-05,-2.36066033712548e-10,1.7884399229926302e-05,4.245962106300986e-05,7.281263565477873e-07,0.024417522810047318
4.2,0.029304177912743666,-3.179677038404237e-05,3.5418880000955154e-05,-3.8240337230882535e-05,-2.643545051504168e-10,1.8534498816307066e-05,4.3364215538399385e-05,7.502840406278901e-07,0.024799117453075264
4.3,0.029302547141932693,-3.1794769311088826e-05,3.601557650757202e-05,-3.940573190444183e-05,-2.866143485185702e-10,1.9455305135356302e-05,4.430803878274432e-05,7.737910132671792e-07,0.025491061404383272
4.4,0.029300922546943074,-3.3075731612775134e-05,3.7848642859605664e-05,-4.0846747967942664e-05,-3.151258516394427e-10,2.0646759117076336e-05,4.525094396158717e-05,7.978002960163489e-07,0.026003405820893367
4.5,0.029283383907602333,-3.458438134004461e-05,4.001620186828274e-05,-4.212220848116372e-05,-3.41768523490559e-10,2.1169532988349504e-05,4.613456169905468e-05,8.209055546787545e-07,0.026917266386553684
4.6,0.02929774823680748,-3.444366114093723e-05,4.062386790464182e-05,-4.3395723737067225e-05,-3.691340376858501e-10,2.2234477420341146e-05,4.705537564173318e-05,8.455676936116529e-07,0.027306123622792233
4.7,0.029296142099223578,-3.582415972982388e-05,4.2941721209510774e-05,-4.4863068297051256e-05,-4.022285080414402e-10,2.2932682376868698e-05,4.802858940850383e-05,8.722551601169909e-07,0.028235222622638365
4.8,0.029294467438199998,-3.584568346547702e-05,4.353377756365811e-05,-4.6031183555512126e-05,-4.2941704129215233e-10,2.38492159034049e-05,5.051240926247175e-05,9.41448057722506e-07,0.02857877796844227
4.9,0.029292865976290116,-3.7242648286784234e-05,4.586151298944302e-05,-4.758803415726772e-05,-4.671289539714211e-10,2.4506989692679408e-05,5.2517896411408554e-05,9.98864415970957e-07,0.029245955762288067
5.0,0.029291232717882858,-3.7240388306607276e-05,4.645530841451304e-05,-4.874474324311869e-05,-4.961814276851905e-10,2.556726057445149e-05,5.524046130378732e-05,1.078037549700663e-06,0.029592104964302014
5.1,0.029289619612243627,-3.854040903038604e-05,4.835253511675587e-05,-5.0304581697205085e-05,-5.365811109752229e-10,2.621175604698866e-05,5.688787054720602e-05,1.1271499831670825e-06,0.030195787201734756
5.2,0.029280869988711638,-4.0941473136314415e-05,5.5257116363875624e-05,-5.146987295922714e-05,-5.680016410439705e-10,2.7241328869464585e-05,5.875869834988393e-05,1.1835968196127144e-06,0.030607403216032492
5.3,0.029286394044382314,-3.993262709934339e-05,5.123464523302922e-05,-5.281876696298424e-05,-6.051880130083202e-10,2.821768125042966e-05,6.068350010190125e-05,1.2426763337336292e-06,0.0313171558123529
5.4,0.02928402437303927,-4.131268081510505e-05,5.352017952493863e-05,-5.4192898032339286e-05,-6.445405376179115e-10,2.9001662997487137e-05,6.313666539132642e-05,1.3194153187907386e-06,0.03209392648704057
5.5,0.02928328971081652,-4.1333764062582306e-05,5.418138058970357e-05,-5.5371149409021934e-05,-6.790491806156803e-10,2.988642274519466e-05,6.409302479358911e-05,1.3503450055136091e-06,0.032175188823347974
5.6,0.02928148025752688,-4.2630153210989106e-05,5.606755044177955e-05,-5.6918169455626695e-05,-7.259155962527045e-10,3.055936816110805e-05,6.497998118698577e-05,1.379056568639894e-06,0.032500394101412415
5.7,0.02928002081780771,-4.2609452077123334e-05,5.663641816883086e-05,-5.8073360529707215e-05,-7.618680614577091e-10,3.162963135989307e-05,6.594451126111772e-05,1.4105103028455834e-06,0.03300857890670345
5.8,0.02927846580940535,-4.402114424491406e-05,5.895118772647018e-05,-5.9633165011249005e-05,-8.117359996862801e-10,3.227573926041756e-05,6.668065255740917e-05,1.4348825360635808e-06,0.03343510243668086
5.9,0.029276834808867842,-4.402070826562804e-05,5.9552474466183405e-05,-6.081505851529824e-05,-8.507090720101557e-10,3.340244338994745e-05,6.75371445551966e-05,1.4633858258064238e-06,0.03333659880583349
6.0,0.029275010355283536,-4.540421184448596e-05,6.17480169763771e-05,-6.221241108046648e-05,-8.977049450228639e-10,3.435061796717605e-05,6.875629650925492e-05,1.5040587705257858e-06,0.033520975495042314
6.1,0.029261706885143485,-4.670534215972916e-05,6.370013877386287e-05,-6.354054054986582e-05,-9.43815860552693e-10,3.496837199559349e-05,6.966788028056091e-05,1.5347455564410051e-06,0.03400481170485303
6.2,0.029271706435819493,-4.672787146177101e-05,6.43893530513316e-05,-6.476470359758596e-05,-9.870823821908233e-10,3.6015583436552156e-05,7.062755257583692e-05,1.567429267275179e-06,0.034525501066648326
6.3,0.029270168163796607,-4.812594030195218e-05,6.673155978282665e-05,-6.625686731305438e-05,-1.0413638039748001e-09,3.6681988056413e-05,7.157632552919222e-05,1.60025575703651e-06,0.035196066116921124
6.4,0.029268498682387713,-4.812727138945785e-05,6.730476966243115e-05,-6.743859944295376e-05,-1.0852667482028386e-09,3.779506115882558e-05,7.250242621911106e-05,1.6329247732696782e-06,0.03599911419129315
6.5,0.02926688277516485,-4.950060433573575e-05,6.947871503371827e-05,-6.899752974929303e-05,-1.1445950951605623e-09,3.844529539932388e-05,7.393509797496193e-05,1.6842498690392569e-06,0.03659876645356095
6.6,0.02926525216894607,-4.949800789291662e-05,7.00747490590267e-05,-7.016266645370095e-05,-1.1900454522954295e-09,3.9376897156368703e-05,7.644643491668403e-05,1.775556395179079e-06,0.03699498150837427
6.7,0.02926364621545838,-5.089602102887115e-05,7.240046280329643e-05,-7.160812051650605e-05,-1.2474245873632588e-09,4.052594936181242e-05,7.839669083168042e-05,1.847847044561778e-06,0.03758803527774268
6.8,0.02924635530964142,-5.238288078392271e-05,7.430234648681163e-05,-7.287962307180466e-05,-1.2993044478700989e-09,4.1083549501735055e-05,8.230450131103093e-05,1.9942425945528157e-06,0.038257626210259583
6.9,0.0292604031249589,-5.219289552691757e-05,7.489518790778781e-05,-7.41828090447452e-05,-1.3532734248643214e-09,4.200470392791651e-05,8.392496695811017e-05,2.05678683030536e-06,0.0388040146411798
7.0,0.029259458812067634,-5.351168068666799e-05,7.705187207272066e-05,-7.560465504952438e-05,-1.4136608421536372e-09,4.2756668724767186e-05,8.553149306770498e-05,2.1191995969559806e-06,0.03908047234335669
7.1,0.029257122322516226,-5.359503431023292e-05,7.780572947686564e-05,-7.677163072596973e-05,-1.4640400973125972e-09,4.385883025090981e-05,8.836394313597838e-05,2.2300190510687846e-06,0.03988235131197279
7.2,0.029255708309537692,-5.498733673972738e-05,8.012814714829659e-05,-7.832751316178516e-05,-1.5327013843979562e-09,4.45168628221693e-05,8.996358565629429e-05,2.294311360904932e-06,0.04079707300290947
7.3,0.02925407410026367,-5.498678599801431e-05,8.072504832291728e-05,-7.949279168162358e-05,-1.5851565297000016e-09,4.543011118379095e-05,9.093476844768314e-05,2.3341761069028024e-06,0.041138131349561013
7.4,0.02925243450203551,-5.626457064698172e-05,8.258200790606772e-05,-8.105258532627048e-05,-1.6566125762990294e-09,4.607448424325273e-05,9.18609751419581e-05,2.3724395660329637e-06,0.041598000992467014
7.5,0.02924584482689661,-5.6145183399395265e-05,8.450625607579264e-05,-8.22081636722724e-05,-1.7107674860231264e-09,4.7150226821932826e-05,9.282873162665238e-05,2.4127374829119233e-06,0.04200484173615019
7.6,0.029249248935384185,-5.7674369973815436e-05,8.549599299697918e-05,-8.357642716976338e-05,-1.7757280371542346e-09,4.813791702969577e-05,9.369680572932617e-05,2.4493580582146025e-06,0.042753288790076165
7.7,0.029247418288525513,-5.907851256519835e-05,8.784857289423307e-05,-8.494999685958114e-05,-1.8424193472189316e-09,4.8920662353423715e-05,9.456377572504797e-05,2.48638843527893e-06,0.04313984265685355
7.8,0.029245744347814007,-5.9102523275691994e-05,8.850341372749092e-05,-8.613164838220763e-05,-1.9005602778632894e-09,4.981049508610599e-05,9.550928553190558e-05,2.527140100430724e-06,0.043432570552398714
7.9,0.029244135143820463,-6.0380145029549e-05,9.03427637506511e-05,-8.7675341744513e-05,-1.9780733110459244e-09,5.0486187498879816e-05,9.644058088491708e-05,2.5676993909145594e-06,0.04406950159705937
8.0,0.029242490874460965,-6.0380828222819585e-05,9.093427195376053e-05,-8.88317811882477e-05,-2.0370931547659994e-09,5.155306643817199e-05,9.741188800627683e-05,2.6104625014533224e-06,0.04444207630624943
8.1,0.02924091342119698,-6.17830484559108e-05,9.325374830968164e-05,-9.039149612282442e-05,-2.1180257244973834e-09,5.219983058098197e-05,9.826190963265539e-05,2.6483401606140202e-06,0.045030176282077256
8.2,0.029239282693708298,-6.178212599357149e-05,9.385411011374996e-05,-9.157252795843973e-05,-2.1804897712895483e-09,5.332113346997674e-05,9.918819189595381e-05,2.6900408376864777e-06,0.04548318026647319
8.3,0.029237665228367352,-6.315426146795315e-05,9.602414981416623e-05,-9.297148541143288e-05,-2.2554032692968892e-09,5.42750263166117e-05,0.00010108268132630667,2.775877269960994e-06,0.045734214356023435
8.4,0.029223080554512827,-6.446663451459945e-05,9.797909100385859e-05,-9.429775497396085e-05,-2.3278684305076366e-09,5.489795449256731e-05,0.00010338229326259634,2.881706306970278e-06,0.04737136970011114
8.5,0.029234430024048415,-6.454910391735983e-05,9.89472194420719e-05,-9.552248171438694e-05,-2.395546363634362e-09,5.593995508592432e-05,0.00010572258649448772,2.991853401603158e-06,0.04780363841279236
8.6,0.029232862956150723,-6.584231230574833e-05,0.00010086005187286392,-9.701456399120189e-05,-2.479547791474815e-09,5.6604002400479015e-05,0.00010772112310942212,3.0874583458377597e-06,0.04828521488274036
8.7,0.029231187281748932,-6.58461058817531e-05,0.0001014420909515531,-9.818074994604935e-05,-2.546090034285927e-09,5.762547757290672e-05,0.00010957934306209516,3.177373869806059e-06,0.048869547464536735
8.8,0.0292295941687513,-6.724112860964962e-05,0.00010372877945108428,-9.973940583030034e-05,-2.636448520182177e-09,5.827728228606589e-05,0.00011111123967915424,3.2523542422604286e-06,0.049270495335097926
8.9,0.029227962725577913,-6.723824263847654e-05,0.00010432377163811384,-0.00010090246716679528,-2.704966294558743e-09,5.939437187178192e-05,0.00011395628792139428,3.392382240488122e-06,0.04983409897450636
9.0,0.029226287645291105,-6.866163548257711e-05,0.00010672250912145287,-0.00010246164661302405,-2.797975188682067e-09,6.004589452217421e-05,0.00011526894856074085,3.45820415221062e-06,0.050367505340919744
9.1,0.029209555002092488,-7.017201275385527e-05,0.00010860705412745924,-0.00010362795310953886,-2.868840353469702e-09,6.0954760173821364e-05,0.00011623514963125449,3.5071999539689957e-06,0.05099257349052592
9.2,0.029223033454387676,-6.994020928268933e-05,0.00010915462779183435,-0.00010494071769546534,-2.9493533948439994e-09,6.193214851510965e-05,0.0001171208701886942,3.5525154925403957e-06,0.05153029253575717
9.3,0.029221243084850523,-7.126838891969477e-05,0.00011134411228546177,-0.00010634326494212978,-3.036858509467029e-09,6.267341428264626e-05,0.00011795077392365016,3.5954551885983756e-06,0.052315441171351236
9.4,0.02922003293903026,-7.132815579372954e-05,0.00011204524021111359,-0.00010753032011902385,-3.1117424180465363e-09,6.378357382571578e-05,0.00011875763221681812,3.6377614293228876e-06,0.05310271267018966
9.5,0.02921816358326505,-7.275736362287287e-05,0.00011445916405328603,-0.00010908490881607082,-3.21132132182648e-09,6.444395301213667e-05,0.00011994052583185278,3.70042719259397e-06,0.0537063640912311
9.6,0.02921652880700566,-7.275637132653153e-05,0.00011505279689131437,-0.00011025027105943794,-3.2869957920791466e-09,6.536477535497488e-05,0.00012088320335010414,3.751185120825966e-06,0.05446584589497018
9.7,0.0292149047455965,-7.403746650472477e-05,0.00011688697667159771,-0.00011181005160884921,-3.3895304858101183e-09,6.600921308079076e-05,0.00012179871764717595,3.8010085331813307e-06,0.0547848855717981
9.8,0.029210810230592917,-7.273490042993118e-05,0.00011605283334250547,-0.00011296674443254388,-3.466780384705784e-09,6.708202689300123e-05,0.00012276963393746925,3.854309187294991e-06,0.05542135605079127
9.9,0.029211730236647738,-7.54057707074487e-05,0.00011966354209341521,-0.0001143344508359846,-3.558964301969695e-09,6.806847853364614e-05,0.00012368992919859254,3.9054303609141204e-06,0.056182479488822795
10.0,0.02921098703884188,-7.671326589548165e-05,0.0001217006203515214,-0.00011570774736653396,-3.65300609068556e-09,6.884733304542541e-05,0.0001246132052993663,3.9573190207522e-06,0.05675202949197347
10.1,0.02920844922581081,-7.680806269566073e-05,0.00012257505533449703,-0.00011688969263122679,-3.734710596833346e-09,6.97420312924399e-05,0.0001269974927056624,4.092011677757229e-06,0.0569455229801724
10.2,0.02920686023604374,-7.820350364991364e-05,0.00012491124064554498,-0.0001184328364468323,-3.8429472322613895e-09,7.042375650503307e-05,0.00012886637568998105,4.19862158202599e-06,0.05738062477583039
10.3,0.029205214390762936,-7.820300904568739e-05,0.0001254981646603534,-0.00011958975941221284,-3.925041490434452e-09,7.148294474959216e-05,0.00013158177543676284,4.354558648434205e-06,0.058030361641098135
10.4,0.029203602143418887,-7.950296540870653e-05,0.0001273964897890538,-0.00012114947450553197,-4.037057192021676e-09,7.21298328337724e-05,0.00013472855113575593,4.537163597538591e-06,0.05867377424233946
10.5,0.029201971747417236,-7.950128328345881e-05,0.00012799531373071073,-0.00012231466351237647,-4.121893016986089e-09,7.316091575264366e-05,0.00013659556910015306,4.6469812583214695e-06,0.0590016520064347
10.6,0.02920057609546465,-8.088766027934146e-05,0.00013026733017663068,-0.00012372416992460056,-4.225450218909615e-09,7.419389087382366e-05,0.00013877060806907933,4.775597561075005e-06,0.05957006579248373
10.7,0.02918468234377138,-8.223214295958663e-05,0.00013226648571109604,-0.00012503780978573555,-4.3233976759356205e-09,7.492356611169131e-05,0.0001411517798190836,4.917640165304019e-06,0.060219195378985346
10.8,0.0291970713325539,-8.231602169348283e-05,0.0001332756934057741,-0.0001262806217391881,-4.416834583681078e-09,7.587467166282436e-05,0.0001420880614517987,4.974599410115703e-06,0.060857741860654735
10.9,0.029195631116667235,-8.355309163654776e-05,0.00013507420736485844,-0.00012776320268315374,-4.52984772271256e-09,7.648336194296466e-05,0.00014303292239625426,5.032328981960837e-06,0.061385414960389614
11.0,0.02919400247999406,-8.357290296502116e-05,0.00013568461484093238,-0.00012891946217302217,-4.618848666363822e-09,7.754954201806464e-05,0.00014398168656639345,5.090653497559856e-06,0.06176437138514074
11.1,0.029192242253533215,-8.499624919040054e-05,0.0001380289211463541,-0.0001304783310785396,-4.740278087162751e-09,7.820183925513084e-05,0.00014489307027437909,5.147072048341919e-06,0.062261843629490665
11.2,0.02919081745193537,-8.498283453640447e-05,0.00013859858079826167,-0.00013166011770667586,-4.833436390213592e-09,7.932900606768536e-05,0.0001457482584265238,5.200489586377006e-06,0.0630033585120281
11.3,0.02918894248760577,-8.641343045885258e-05,0.0001410088592906281,-0.0001332195640362367,-4.957544970513688e-09,7.997307208937653e-05,0.00014666892000185646,5.258628840952238e-06,0.06392717747587721
11.4,0.029172981295635305,-8.786327864630595e-05,0.00014290340600923282,-0.00013438567426807382,-5.051638422968986e-09,8.089749274825859e-05,0.00014761110934043457,5.318853254688393e-06,0.06453523993372429
11.5,0.029185688289212624,-8.769211767087051e-05,0.00014344160170906082,-0.00013569899108078343,-5.158360269160809e-09,8.186991780915981e-05,0.00014855805876896528,5.379840003507156e-06,0.06450128855585013
11.6,0.0291832560056133,-8.902803809319562e-05,0.00014564738390383903,-0.000137102138093065,-5.273872190100894e-09,8.261326924825488e-05,0.00014942842251661285,5.43615549563138e-06,0.06493520959497592
11.7,0.029182480432571187,-8.90917567446548e-05,0.00014635863346325266,-0.00013828841873541586,-5.37234952723533e-09,8.371792437943854e-05,0.00015035072046006262,5.49627383597085e-06,0.06583346415280736
11.8,0.02918092673884556,-9.045436521868671e-05,0.0001485082780632548,-0.00013984294077029852,-5.5029134240117126e-09,8.437859350523369e-05,0.00015161074424835491,5.579120785974256e-06,0.06634681591255445
11.9,0.029179289475802436,-9.04526198889551e-05,0.00014910126470429435,-0.00014100804739592548,-5.60179379611803e-09,8.531021680519799e-05,0.0001541173526212699,5.745231927971094e-06,0.06703769847446071
12.0,0.029177815389108505,-9.185653320044056e-05,0.00015145179307776965,-0.00014256783901215293,-5.735424748618297e-09,8.595465771226135e-05,0.00015616031539546636,5.882525929091187e-06,0.0679635046940101
12.1,0.029176186099813088,-9.185577550066769e-05,0.00015205182961952916,-0.00014372499849762111,-5.835769634217987e-09,8.70198786263107e-05,0.00015887869082565535,6.066889775413106e-06,0.06837307901864624
12.2,0.029174385064401946,-9.315808431190596e-05,0.0001539529075860363,-0.00014509283796515707,-5.955228871151574e-09,8.800934250285724e-05,0.00016035323976413987,6.16832943740976e-06,0.06905643800723066
12.3,0.0291685695080474,-9.447239900284337e-05,0.00015599215680500795,-0.00014645017105725916,-6.075232484263661e-09,8.869514607094556e-05,0.00016202920766450224,6.284272256120883e-06,0.06961806286989423
12.4,0.029171359872245818,-9.454281547453958e-05,0.00015682465271451976,-0.00014764809871404693,-6.181916244904773e-09,8.96838977498392e-05,0.00016433600720365,6.445080111073725e-06,0.07046061389747334
12.5,0.029169703390656217,-9.595127913654823e-05,0.00015919605162909774,-0.00014917315933357428,-6.319284761884062e-09,9.04574303737576e-05,0.00016639939099535693,6.590309718201324e-06,0.07059384842466448
12.6,0.029168055772809405,-9.595232195884872e-05,0.0001597856753570552,-0.00015033874768688096,-6.425215898904732e-09,9.136913610126043e-05,0.00016736446575844348,6.658874572891558e-06,0.07095389929283212
12.7,0.02916641695219861,-9.723011130075247e-05,0.00016164384609855656,-0.00015189842059591546,-6.568320866942111e-09,9.20173036507764e-05,0.00016824517904037633,6.721616400263502e-06,0.07137406263307101
12.8,0.029164790431184178,-9.722806867901655e-05,0.00016224205432522796,-0.00015305377951263527,-6.675459630096578e-09,9.30936599899527e-05,0.0001692114559622149,6.790735960164816e-06,0.07180213132747233
12.9,0.029163023580916155,-9.865226745593097e-05,0.00016458550476094346,-0.00015448638227005603,-6.80927211368967e-09,9.416620967504805e-05,0.00016992482518855438,6.84217927248495e-06,0.07243895236792582
13.0,0.02914591544099073,-0.00010002428746507993,0.0001665676899179336,-0.00015579574261423846,-6.933009325431946e-09,9.486633758510054e-05,0.0001709842241027743,6.918845408990078e-06,0.07257041092220556
13.1,0.029159726152065576,-0.00010006885823574673,0.0001675680707107394,-0.00015703912378551302,-7.051278753829219e-09,9.581971283229917e-05,0.0001720131390762245,6.993608989144682e-06,0.07272779378157489
13.2,0.02915782319763497,-0.00010131249345802696,0.0001693805993675724,-0.00015852121176867815,-7.193809108995045e-09,9.643400185254608e-05,0.0001729172010467354,7.0596515758595865e-06,0.0734532995370447
13.3,0.02915647250153736,-0.00010134745038705917,0.0001700006163150352,-0.0001596791783532187,-7.306028247216491e-09,9.749612053193292e-05,0.0001738861446833093,7.131065574574489e-06,0.07446168833555358
13.4,0.029154897076078767,-0.00010274930148542717,0.00017232247228085202,-0.0001612374967324089,-7.458491645838319e-09,9.814969856025895e-05,0.0001748232827457097,7.200905301622571e-06,0.0750965263661875
13.5,0.029153264924286177,-0.00010274726914527388,0.00017291760784957373,-0.00016241842507801093,-7.575127534036212e-09,9.927147145043763e-05,0.00017574787488667788,7.270283528731911e-06,0.07511832080107436
13.6,0.02915170326666087,-0.00010411138510964618,0.0001750648552531603,-0.00016397787903616232,-7.730336782694993e-09,9.99156526354968e-05,0.00017749435519121115,7.401814766686481e-06,0.075955086780478
13.7,0.02913662159610949,-0.00010505332017756443,0.00017603164901442895,-0.00016514372493179323,-7.847655691355332e-09,0.0001008508264330712,0.0001799987370947796,7.591504611824794e-06,0.07578141278037666
13.8,0.0291484118407016,-0.0001055164578064282,0.0001780174682982921,-0.00016645762623533907,-7.98062513769754e-09,0.00010181793686619793,0.00018198831758614204,7.74292809530622e-06,0.07637279649983439
13.9,0.029145497622041515,-0.00010679102287684032,0.0001799624525554325,-0.00016786066866043898,-8.124109901552687e-09,0.00010255900820836754,0.00018552654744241796,8.013259367182236e-06,0.0767669492789758
14.0,0.02914516898034976,-0.00010681368400121862,0.00018051388786506555,-0.0001690325651549577,-8.244751423758079e-09,0.00010356921725428536,0.00018734222631028332,8.152902500943947e-06,0.07676592619284975
14.1,0.029143581562795055,-0.00010820788544752945,0.0001828043472208281,-0.00017058564627237856,-8.406160703685982e-09,0.00010423427490893452,0.00018911801682572666,8.289715749545041e-06,0.07712778570760527
14.2,0.029141944276785542,-0.00010820609305258483,0.00018339722949915088,-0.00017174871902025257,-8.528044378452984e-09,0.00010535127132115043,0.0001919597977708352,8.509042070254174e-06,0.0772371520751209
14.3,0.029140269829716795,-0.0001096294522503321,0.00018579686397123473,-0.00017330847447402398,-8.692771630844657e-09,0.00010599657873611678,0.0001931815978636104,8.604147210599895e-06,0.07808177599400774
14.4,0.029138640810427163,-0.00010962817541372117,0.00018639586147500123,-0.00017447414593334924,-8.81708561604109e-09,0.00010691464337351187,0.000194151032099794,8.680126732827276e-06,0.07849663071658629
14.5,0.029137199984793322,-0.00011088654194047292,0.00018820668784648133,-0.0001758515750768916,-8.964850386757311e-09,0.00010796032706411191,0.00019507485439830834,8.752755361590646e-06,0.07858243151243452
14.6,0.029131224458674134,-0.00011222624156312053,0.00019028915752691445,-0.0001771895905451276,-9.109829616836478e-09,0.00010863552262722784,0.00019602948840460998,8.828045722302725e-06,0.07908346166075794
14.7,0.029134014670135492,-0.00011229657147514216,0.00019112232830840342,-0.0001784068121893533,-9.24250072609945e-09,0.00010963594395776587,0.0001968841865771507,8.89593266486706e-06,0.07992764592470054
14.8,0.029132214958653535,-0.00011367816438502243,0.00019333395763265816,-0.0001799313693766774,-9.410234743304076e-09,0.00011040802657736873,0.00019776906456882434,8.966846493487397e-06,0.08077451000950009
14.9,0.029130560462694473,-0.00011367938150008563,0.0001939206368689647,-0.0001810972016485326,-9.539440394198668e-09,0.0001113270490465443,0.000198709801737129,9.042904465527292e-06,0.08133992701599098
15.0,0.029128887249362415,-0.00011500614735495157,0.000195967143858688,-0.0001826566940284257,-9.713638969149488e-09,0.00011197556929535102,0.00019964430822738796,9.119093025433038e-06,0.08201029896979342
15.1,0.029127258984264378,-0.0001150050699332379,0.00019656777651213094,-0.0001838131727971561,-9.843947181249488e-09,0.00011304885383211561,0.0002006135844647022,9.198736418012913e-06,0.08263710247062095
15.2,0.029125678376407338,-0.00011640632477303172,0.00019888487194250643,-0.00018523552073716236,-1.0005164878492282e-08,0.00011422079138399942,0.0002014528595379379,9.268302117485438e-06,0.08329378059897673
15.3,0.029108201741728727,-0.00011780628791466303,0.00020087343413850765,-0.0001865543001025266,-1.0156098618638742e-08,0.00011481639752941761,0.00020220127291029785,9.330741852487515e-06,0.08356115302182347
15.4,0.029122486835904935,-0.00011776754280050795,0.00020162922953781984,-0.0001877979531445261,-1.0299201424663229e-08,0.0001157746974752349,0.00020458232438110875,9.529832394307661e-06,0.08413447609703711
15.5,0.02912022937496283,-0.00011908519903402987,0.00020371999612692836,-0.00018927950903970003,-1.0471239339619675e-08,0.0001163949047880211,0.000206558253659387,9.696308637626427e-06,0.0844820258362961
15.6,0.029119195983210246,-0.0001191727352247024,0.00020458226232272607,-0.000190437976727755,-1.060661457122241e-08,0.00011744922045527539,0.0002092532821912214,9.92453694765458e-06,0.0851771489831328
15.7,0.029117746023713288,-0.0001204467172062374,0.00020643852743349047,-0.00019199627257328108,-1.0790166836409585e-08,0.00011810298022722671,0.00021106541505548743,1.0079338231561187e-05,0.08560035553508025
15.8,0.02911611388146479,-0.00012044552616040141,0.0002070363660249006,-0.0001931613628177904,-1.0928472012556602e-08,0.0001191343869936744,0.00021292919677533232,1.0239521368887809e-05,0.0863999098048257
15.9,0.029114358059771445,-0.00012186585006571622,0.00020936648168135168,-0.0001947208953689681,-1.1114795891842161e-08,0.00011977893729334689,0.0002146535206107931,1.0388892645387889e-05,0.08700770554226199
16.0,0.029100657606898325,-0.00012239996370362775,0.00021035551980513536,-0.00019588457372716694,-1.1255094077986227e-08,0.00012089957310470167,0.00021748470298961505,1.0635409011545968e-05,0.08759362072396022
16.1,0.029111253438032336,-0.00012326717403653877,0.00021231547026059842,-0.0001972165785010066,-1.1416464974068274e-08,0.00012177570856199223,0.00021842606055088096,1.071852514273678e-05,0.0879614501271111
16.2,0.029107968009463067,-0.00012455782963608172,0.0002142900388748486,-0.00019861008267307314,-1.1586776800822052e-08,0.0001224614363784525,0.00021937782980445273,1.0802582922419614e-05,0.08826808576644521
16.3,0.02910798406632476,-0.00012454345632256195,0.00021477385792764516,-0.00019977345337943682,-1.1729734756115527e-08,0.00012351772939475203,0.00022027216452110505,1.088185710237801e-05,0.0887912597886984
16.4,0.029106437253294603,-0.00012595388774574494,0.00021709379345389817,-0.00020132533994302694,-1.1921975245560292e-08,0.00012418195149005098,0.00022103128433816174,1.094957346121596e-05,0.08951467672657659
16.5,0.02910479897121943,-0.00012595362157141404,0.0002176893785305524,-0.00020250719555046348,-1.206939458311488e-08,0.00012530874565757098,0.00022188289822154585,1.10259007284589e-05,0.08977345940423871
16.6,0.029102924623284916,-0.00012738432915181694,0.00022010073794909849,-0.0002040669378163469,-1.2265245969365465e-08,0.00012595472804780575,0.00022307985980375098,1.1133638369091034e-05,0.09039580434981781
16.7,0.029101295597489082,-0.00012738310183374568,0.00022069984038972294,-0.00020523264018836387,-1.241282182320763e-08,0.000126880357542489,0.00022402015283159185,1.121887891152055e-05,0.09085486311591835
16.8,0.029099670084094455,-0.00012866344695213215,0.00022253472643241762,-0.000206610621647116,-1.2588141073452103e-08,0.00012792098825263316,0.0002249388458701559,1.1302638044231317e-05,0.09147209240232111
16.9,0.029089719605987423,-0.00012999186064004218,0.00022459663148022385,-0.00020794922999936908,-1.2759898409835577e-08,0.00012859828251799273,0.00022589564143829041,1.139037170713607e-05,0.09196514732070442
17.0,0.029096462118324527,-0.0001300633438663233,0.00022545331728644383,-0.0002091654502764541,-1.2916728249491837e-08,0.00012959847007751216,0.00022681597868234082,1.1475195967663188e-05,0.0922568337440258
17.1,0.029094869743773726,-0.00013143364920760274,0.00022764030438762473,-0.00021069016885132878,-1.3114908815298038e-08,0.00013036555682393756,0.00022793455041975047,1.1578703371995847e-05,0.092804484783998
17.2,0.02909321524800881,-0.00013143459521248413,0.00022822628167895224,-0.00021185575104513268,-1.3267345297680448e-08,0.00013129536279676317,0.00023043097647616417,1.1810831073385151e-05,0.09369506621792552
17.3,0.029091798039881555,-0.00013282815035646064,0.00023054919183130947,-0.0002134152343207141,-1.3472667839203228e-08,0.000131943958904891,0.00023233229315927715,1.198949543528488e-05,0.09445815911989955
17.4,0.029089980628584405,-0.00013282994696296767,0.00023115095406141153,-0.00021457218866180274,-1.3626115700222266e-08,0.0001330095155036342,0.0002350452508720703,1.22459630354761e-05,0.09495944847485488
17.5,0.029088366968045048,-0.0001341303475207081,0.00023305128660744333,-0.0002160033524509097,-1.3816900264092217e-08,0.00013418658243636482,0.00023802103082487902,1.252907678789966e-05,0.09540311990466212
17.6,0.02907085663919666,-0.00013556227198167664,0.0002351800814040909,-0.00021729747987534186,-1.3990840299088215e-08,0.00013468697580673277,0.00023981206652474806,1.2701018450871747e-05,0.09621171575954067
17.7,0.02908514162693863,-0.00013552304679178304,0.00023593654712653807,-0.00021855707865025406,-1.4160910714872755e-08,0.0001357394474802635,0.00024224000492451258,1.2935170204479243e-05,0.09686258504158661
17.8,0.02908288615099205,-0.00013684075304358747,0.00023802731864742025,-0.0002200205923872215,-1.4360060389954194e-08,0.00013645129063101592,0.00024423260218563224,1.3128808404863931e-05,0.09736170491363765
17.9,0.029081837183311154,-0.0001369439226462661,0.000238934370771185,-0.0002211881951947318,-1.4519792735477893e-08,0.00013735657462508587,0.00024517392952937204,1.322132015175863e-05,0.09820340211633347
18.0,0.029080400818461742,-0.00013820243241019205,0.0002407469821654392,-0.0002227459638634968,-1.4734372651483937e-08,0.00013801311401978735,0.00024609753901928214,1.3312517354731787e-05,0.09895971524591603
18.1,0.029078768668893903,-0.00013820125496360203,0.00024134487023934722,-0.00022390121181303481,-1.4894551284679908e-08,0.00013908980276795618,0.0002470610060203955,1.3408020548478117e-05,0.09905622599772504
18.2,0.029077212912478247,-0.00013961343008816625,0.00024366259962869632,-0.00022546109010844267,-1.5112043291577844e-08,0.00013973451196737,0.0002479472053245292,1.3496211676520971e-05,0.09959832898435543
18.3,0.02906648128670587,-0.0001398980739284469,0.0002450177683519658,-0.00022664325040924911,-1.527814831478362e-08,0.00014086496229639013,0.00024879953540336353,1.3581537690373018e-05,0.10053562474299024
18.4,0.029073757885890044,-0.00014099686781269744,0.0002464627257937658,-0.00022797585577467798,-1.5466192140840426e-08,0.00014174327047593313,0.0002497352045985522,1.3675832376550753e-05,0.10112125976520049
18.5,0.029070667281435453,-0.00014232899632676,0.0002486313901570662,-0.00022936883563701713,-1.5664248224420612e-08,0.00014243473684516018,0.00025066849916844535,1.377061806665967e-05,0.1020924923581894
18.6,0.029070454098790194,-0.00014232117273468053,0.00024910719496371746,-0.000230535783027303,-1.583093931242308e-08,0.0001434855781107971,0.00025162414959300426,1.3868288136557535e-05,0.10222949245699715
18.7,0.029068921033101023,-0.00014368998528053084,0.00025129105111735243,-0.00023208524551177837,-1.6053815396470606e-08,0.00014415241975141468,0.0002524803484915964,1.395612026333477e-05,0.10244159691948347
18.8,0.0290672801495363,-0.00014368975311727673,0.0002518856942872131,-0.00023326624732714922,-1.622470150821146e-08,0.00014527383351584875,0.0002534025549294178,1.4051103251134816e-05,0.103337020486804
18.9,0.029065629329723862,-0.00014509533264118893,0.000254202014310324,-0.00023482599099804657,-1.6451694186024674e-08,0.00014591991572249105,0.00025497248978644584,1.4213640253678712e-05,0.10402145889308337
19.0,0.029064000460197643,-0.00014509360753548888,0.00025480070642458117,-0.00023599143101076482,-1.6622501751152757e-08,0.00014685631301891505,0.0002574719354958097,1.4473905741248575e-05,0.1044010122087704
19.1,0.029062393661454244,-0.0001464908897994568,0.0002571277486027127,-0.0002373699932747315,-1.6825415404779162e-08,0.00014789164277628658,0.00025955062513505,1.4691627776119646e-05,0.10473141646922636
19.2,0.029050636894801245,-0.00014775565078765045,0.00025891044559988224,-0.0002387084982996638,-1.7023884355672523e-08,0.0001485666423243858,0.0002619004826384509,1.4938741549198808e-05,0.10535500052537576
19.3,0.029059150680298435,-0.00014778835943010196,0.00025962566287279255,-0.0002399147713212486,-1.720350606022369e-08,0.00014959044503721217,0.000263560363826984,1.511457988449491e-05,0.10611968906991043
19.4,0.02905778200699315,-0.0001491750477855784,0.0002619227424302873,-0.0002414336082064336,-1.7431240265367537e-08,0.00015024386366868937,0.00026488699141385974,1.5255883806787416e-05,0.10637332943503221
19.5,0.029055925832227054,-0.0001491810421169817,0.0002625106169360226,-0.00024259732102097062,-1.760664717573957e-08,0.00015135899734695482,0.00026772403087472617,1.5558570461747257e-05,0.10691537250326852
19.6,0.029054452861531646,-0.00015058477015107797,0.0002648627956717139,-0.00024415655469267844,-1.7843061079263503e-08,0.00015200815277495203,0.0002694027061958283,1.5739103765530757e-05,0.10768683193474055
19.7,0.02905282189140529,-0.00015058363438753396,0.00026546203894049216,-0.0002453220656694358,-1.802089847738435e-08,0.0001529268318298961,0.0002703696984151572,1.5843888171413173e-05,0.10809533077923417
19.8,0.02905118183762666,-0.00015186176649931358,0.0002673220087445726,-0.00024675678548966923,-1.8240793875953873e-08,0.00015414183863450562,0.00027124700975913606,1.5939136743639037e-05,0.10827837867507259
19.9,0.02903337122219642,-0.00015335397058743972,0.00026950225698351815,-0.000248037619434893,-1.8438519113279966e-08,0.0001546500631818819,0.00027208410778367046,1.6030283193896865e-05,0.1088793354679965
20.0,0.02904799643526179,-0.00015327207645654095,0.00027023918256185027,-0.0002493163856003047,-1.8636703351294565e-08,0.00015571400800674416,0.0002728996672850507,1.6119490990873436e-05,0.10949793393952537
20.1,0.029045757757393677,-0.00015461049078005826,0.00027237071549682034,-0.0002507795311745653,-1.8865022161278485e-08,0.00015642454316809522,0.0002740608339585711,1.624697562083191e-05,0.10988332972455504
20.2,0.02904449200503583,-0.00015470087680578807,0.000273249760098613,-0.00025194808874830384,-1.904821873655587e-08,0.00015733650680614975,0.00027499782623885394,1.6350464655588434e-05,0.11058467312608063
20.3,0.02904287157495528,-0.0001559815768447273,0.0002750885317116081,-0.0002535049693867917,-1.9293769966830832e-08,0.00015799411537224226,0.0002759035664400796,1.6451096980315897e-05,0.11134118466197493
20.4,0.029041238655891283,-0.00015597979466206423,0.000275683620143106,-0.00025466135960433865,-1.9477197098797946e-08,0.00015906765453986858,0.0002768699856504714,1.6559279075264324e-05,0.11256874385097901
20.5,0.029039660419306793,-0.0001573825409336934,0.00027800574376104993,-0.0002562212595407025,-1.9725847792506768e-08,0.00015971273828441755,0.0002777947031108755,1.6663632549553633e-05,0.11299170478579713
20.6,0.02902913614352458,-0.00015765554168370292,0.0002793343084294776,-0.0002574025434952208,-1.9915418206461294e-08,0.00016083780403843904,0.00027871615470316546,1.676809290515872e-05,0.11320280109141567
20.7,0.029036412714789996,-0.00015875411263800119,0.00028077981376548814,-0.0002587354514411249,-2.01301243542045e-08,0.00016172085527728423,0.00028077217410648166,1.7001534438984243e-05,0.11349822440456946
20.8,0.029033595599664237,-0.00016010480409808588,0.00028298836955647827,-0.000260127869694082,-2.0355911607446487e-08,0.00016241845037769778,0.0002829496715457845,1.7249656625256233e-05,0.11385271944369615
20.9,0.029033177644858424,-0.00016014955850073503,0.0002837059853075405,-0.0002612955118137392,-2.0546019338105754e-08,0.00016346122609197042,0.0002852920603398878,1.751765495032054e-05,0.11455030857448706
21.0,0.029031575881367032,-0.00016144754173698042,0.00028560951309276433,-0.0002628447586453557,-2.0799810250067446e-08,0.0001641285425043371,0.00028860700926661837,1.7898640713554996e-05,0.11511571809105055
21.1,0.02903009538661501,-0.00016142246617282163,0.0002861614314136468,-0.00026400997746802617,-2.0991674170062202e-08,0.00016515934597371095,0.0002904638072546109,1.811385072179356e-05,0.11590365192214287
21.2,0.029028340341060378,-0.000162843002480248,0.00028849281850018587,-0.0002655696822504209,-2.1249807061756077e-08,0.00016580598689451765,0.0002924234804706342,1.834206519846855e-05,0.11654346493441581
21.3,0.029026710261290587,-0.00016284123932559422,0.0002890918317341086,-0.00026673302595355453,-2.1443524417245624e-08,0.0001669279171757918,0.0002952517010934429,1.8672739214138865e-05,0.11704589578083702
21.4,0.029025235373894124,-0.0001642444995015666,0.0002914426180534768,-0.00026812968459206184,-2.16769930264882e-08,0.00016787281297467817,0.0002960973398788739,1.8772896724930427e-05,0.11779377445212959
21.5,0.029013291868472464,-0.00016551369911336862,0.000293229746712886,-0.0002694586423417557,-2.1900591677105516e-08,0.00016849194675319174,0.00029704890691265766,1.8885582576328148e-05,0.11811977162662082
21.6,0.029021965757526972,-0.000165521101377308,0.00029390265383818966,-0.00027068219977558394,-2.210722727725422e-08,0.00016954501215795572,0.00029798212945416225,1.899652875180842e-05,0.11891926790129757
21.7,0.029020436238811773,-0.0001669333234008881,0.00029624449842232813,-0.00027217402886698977,-2.2360712297129604e-08,0.0001702145504355604,0.0002989222213096795,1.9108824918038708e-05,0.11943171537069897
21.8,0.02901878060203776,-0.00016693150079838626,0.00029681972695770565,-0.000273356772699816,-2.2562601424578898e-08,0.0001713389754420939,0.0002997618452749681,1.920960442989794e-05,0.11990117094385369
21.9,0.029016907458273337,-0.00016836215813059976,0.00029923306648715637,-0.00027491575259071656,-2.2830123030113308e-08,0.00017198925666253988,0.00030066028142443027,1.9317926392903725e-05,0.12068543705290033
22.0,0.029015276612548158,-0.00016836038655759227,0.00029983045576654165,-0.0002760813048332142,-2.3031249013022314e-08,0.0001729155441901899,0.0003015975370959735,1.9431500642761237e-05,0.121141504925896
22.1,0.029013652033530134,-0.0001696418379842915,0.0003016674441120603,-0.00027752236589529187,-2.3280907368841667e-08,0.00017410773043617672,0.00030253385170358544,1.9545413089739576e-05,0.12142609049663791
22.2,0.028996114162190875,-0.0001711550599425532,0.0003038343830493157,-0.0002787979932106971,-2.3503317704112814e-08,0.00017463583038397753,0.00030341107271584947,1.9652402743220315e-05,0.12152273269494072
22.3,0.029010443947441896,-0.00017104201894537098,0.000304587534663249,-0.000280071448648383,-2.3726114747647352e-08,0.00017570176326770344,0.00030432662496687887,1.976427307421162e-05,0.12189478443167488
22.4,0.02900887199567676,-0.00017239164708663724,0.00030676561144879553,-0.00028153906820916,-2.3984453664539438e-08,0.00017640513242881642,0.0003052942872281548,1.9882853658747813e-05,0.12239105850337918
22.5,0.02900719689808429,-0.00017241353506100403,0.00030736197439149585,-0.00028270741146299783,-2.4190957212959648e-08,0.00017732796604584672,0.00030775784445848646,2.018573181585477e-05,0.12329730073270848
22.6,0.02900559555596311,-0.0001738114167761537,0.00030969417235502403,-0.00028426424654948043,-2.446760924720824e-08,0.00017798558119827164,0.0003097493991691116,2.0432311846084146e-05,0.12379128011634644
22.7,0.029003962176783443,-0.00017380913021496658,0.0003102881665906134,-0.00028542111213117886,-2.4674222716349962e-08,0.0001790514099059578,0.00031245241412159347,2.076827400714173e-05,0.12423319219647232
22.8,0.02900234910074699,-0.00017510964814692963,0.00031218930260599727,-0.0002869810119510756,-2.495404424157325e-08,0.00017969656684291323,0.0003140871857053436,2.0972976530332256e-05,0.12519618275897043
22.9,0.028993600220458215,-0.00017751293048669922,0.0003190944885259906,-0.00028814645536453626,-2.5164351328847475e-08,0.0001807314731569227,0.0003159443298264739,2.1206607776814204e-05,0.12581917537708656
23.0,0.028999123524931187,-0.00017650271639924284,0.00031507608068189835,-0.0002894953624994213,-2.540858240105677e-08,0.00018170846172427794,0.0003178544553901243,2.144822264046876e-05,0.12652638765676794
23.1,0.02899675331574158,-0.00017788358147486995,0.00031736193431403765,-0.0002908696907931088,-2.5658893777429802e-08,0.00018249792135421945,0.000320289446863808,2.1757816008389862e-05,0.1273487953514854
23.2,0.028996019193702326,-0.00017790468095575033,0.00031802748363654853,-0.00029204792010184284,-2.5874255936880606e-08,0.00018338383780221675,0.00032123839992349683,2.187990987906882e-05,0.12808912054828003
23.3,0.02899439176505804,-0.00017918092549908026,0.00031989164350198617,-0.00029359517340355867,-2.615863612499742e-08,0.00018406175052150368,0.0003221185075284581,2.1993526926476628e-05,0.1288412449642048
23.4,0.02899275024753567,-0.00017918126905854762,0.0003204871815476959,-0.0002947505212798763,-2.6371944398353244e-08,0.00018513778196797037,0.0003230755013105785,2.2117627929561363e-05,0.12974372733738027
23.5,0.028991195317317534,-0.00018059349198269753,0.00032280591330883195,-0.00029631038004339057,-2.666126515533872e-08,0.0001857842553107004,0.0003238075642814236,2.2213137879924308e-05,0.13006220993708797
23.6,0.02898935726145649,-0.00018060492301123665,0.00032343403409072226,-0.00029747220146270835,-2.6877875339836703e-08,0.00018671963338310753,0.00032465731418022123,2.232432411078512e-05,0.13066953613874233
23.7,0.02898789922038721,-0.00018191389060158542,0.0003253802739741864,-0.000298908762646374,-2.714660840965755e-08,0.00018791806690395156,0.00032583156545876673,2.2478584847759137e-05,0.13143711488114057
23.8,0.028971821814585862,-0.00018336462729225437,0.00032730181953865894,-0.00030024669660041423,-2.7398171270738163e-08,0.0001883670547765371,0.0003269096625856871,2.2621085700090568e-05,0.13212727572415922
23.9,0.0289845853697464,-0.0001833606745955108,0.0003281157884813616,-0.0003015752485011314,-2.764875571794357e-08,0.00018920156975346604,0.0003280762968376936,2.2776019177780945e-05,0.1326201540478875
24.0,0.028981659802760577,-0.00018462048382552286,0.0003298039643193972,-0.0003030676459291019,-2.793183304297451e-08,0.00019007110397020806,0.00033051823532828954,2.3101411838728896e-05,0.1333709203094487
24.1,0.028981199833845492,-0.00018471450583813597,0.000330707196359348,-0.0003042476615588253,-2.815645932155067e-08,0.0001909633706537644,0.00033151486635891737,2.3235531778285354e-05,0.13408927330870765
24.2,0.02897942215292894,-0.00018601482506392435,0.00033267488856846634,-0.00030580006061784923,-2.8453505589817227e-08,0.00019166727587622298,0.00033245046458664376,2.3361868220713913e-05,0.13464157336032
24.3,0.028977782521008008,-0.00018601290468500098,0.00033318801176025347,-0.0003069207504481204,-2.866886688340475e-08,0.00019267209642177339,0.0003343102387102419,2.3613464625738192e-05,0.1351631227046893
24.4,0.02897640496914429,-0.0001873975935979378,0.00033545435291460916,-0.00030848027419551555,-2.8969881076752166e-08,0.00019332256564372037,0.00033550955932965345,2.377670434340599e-05,0.13572401948837562
24.5,0.028974773528225143,-0.00018739808368847675,0.0003360556944114641,-0.0003096910210980277,-2.920478942481531e-08,0.00019432190440018315,0.0003363585182970722,2.3892648471445525e-05,0.13580178909312882
24.6,0.0289730183542025,-0.0001887077444997525,0.0003378838302757819,-0.00031112813042219104,-2.9484550014626e-08,0.00019551709517423915,0.0003372125522950668,2.4009536184799438e-05,0.1365046915000026
24.7,0.028956924125965528,-0.00019015429673307837,0.00033980922559084857,-0.0003124507415438107,-2.97434555382624e-08,0.00019612079403022765,0.0003382899954942302,2.4157403004019153e-05,0.13683037564194897
24.8,0.028969718255664682,-0.00019015094635010162,0.0003407682790559781,-0.00031377949075569246,-3.000438000027881e-08,0.00019695505352667665,0.00033945116332112903,2.4317256841380057e-05,0.1372435085040013
24.9,0.028966839693271428,-0.0001914098000704541,0.0003424565929656989,-0.0003152123985521592,-3.028726944106201e-08,0.00019771581909802278,0.00034189045372544195,2.4653719742723692e-05,0.13749154205809958
25.0,0.028966253266415727,-0.0001914685894632019,0.0003431598845621166,-0.00031641038153867575,-3.0524563353015486e-08,0.00019870521486295276,0.0003447351394516662,2.5047354456196313e-05,0.13807880160936878
25.1,0.028964655169138414,-0.00019277737447773952,0.00034510196315069814,-0.00031792520542180824,-3.082606362263368e-08,0.00019934268025952062,0.0003467839553092416,2.533254088551617e-05,0.13909159119738562
25.2,0.028963170835177268,-0.00019282624816220793,0.0003458817215251291,-0.00031912993836053893,-3.106676301372744e-08,0.00020025716624062138,0.00034863407418211744,2.55915811531326e-05,0.13976271881657806
25.3,0.02896131693017961,-0.0001942336189267778,0.0003479358006493522,-0.0003206898885072834,-3.137974493172619e-08,0.00020091035657647988,0.000349937906034598,2.5775179604299603e-05,0.1402234521474775
25.4,0.02895961754307933,-0.00019416107570598305,0.0003482523084538263,-0.00032189161075418555,-3.16219474819896e-08,0.00020206499670021318,0.0003509008276945325,2.59112658418822e-05,0.14061764064779958
25.5,0.028957929134449063,-0.00019560419037493282,0.00035057142869778754,-0.0003234516298255389,-3.193757401283977e-08,0.00020271059703754995,0.00035168714307607805,2.6022606139841806e-05,0.14077120247158223
25.6,0.02895630028959589,-0.0001956031577322429,0.0003511713072849231,-0.0003246352972289088,-3.217826346619858e-08,0.00020365533578244865,0.0003526219346687242,2.615521790396764e-05,0.14146423580282144
25.7,0.028954863438471187,-0.00019689506683578744,0.00035290609101496054,-0.0003260609219360191,-3.246904389395826e-08,0.00020465781331495704,0.0003534830132402673,2.6277789210346796e-05,0.14174988102766622
25.8,0.02894087200660183,-0.00019823053677829266,0.00035466003044302605,-0.0003274049275190742,-3.2744626255582934e-08,0.0002052941753281988,0.0003542713593354269,2.6390452006414732e-05,0.1426156908593141
25.9,0.02895147916539862,-0.0001982044708606355,0.0003553323986855491,-0.00032868463275862516,-3.300780236565541e-08,0.00020637829225728056,0.0003552066218246052,2.652461161603761e-05,0.143029755702594
26.0,0.028949695678200327,-0.00019959942672417163,0.0003574478265477099,-0.0003301642207655667,-3.3313648822800165e-08,0.00020709140139448946,0.00035650034028488273,2.671084265154945e-05,0.14367641680256077
26.1,0.028948179438929723,-0.0001996477551114847,0.0003582158152256138,-0.0003313703247954659,-3.356378326892143e-08,0.0002080103635398271,0.0003574439694784528,2.6847301424977618e-05,0.14387702166821095
26.2,0.028946351200983073,-0.00020096386609227878,0.0003600102504783335,-0.00033292573534013224,-3.388789682248828e-08,0.00020868612018778925,0.00036027265392549987,2.7256528022491475e-05,0.14392214298020303
26.3,0.028944714791192618,-0.00020096512070692603,0.0003606064483074689,-0.0003341250051815376,-3.413876085295633e-08,0.00020971726636689748,0.00036309423606749883,2.7665891992765536e-05,0.14473757939571397
26.4,0.028943001776029383,-0.00020229375738079936,0.0003624647301600979,-0.0003356851677563416,-3.446648092277724e-08,0.00021036790444480327,0.000365066171734926,2.7953885166263693e-05,0.14592581925572418
26.5,0.02894153146541899,-0.00020226713070594298,0.0003630202455522343,-0.000336892683423657,-3.47212393291355e-08,0.0002113722998534604,0.0003669176008654802,2.8225825463005527e-05,0.14642864227491095
26.6,0.028939674528936313,-0.0002037162986895599,0.00036530877578936743,-0.00033845268768407146,-3.5051545560606075e-08,0.0002120169017592771,0.00036873847420996174,2.8494015250165495e-05,0.1463439184119791
26.7,0.028935811020971224,-0.0002025445114785937,0.00036444805642307413,-0.0003396523509651267,-3.5306800965707976e-08,0.00021315357499184724,0.00037143420907561605,2.889153553279147e-05,0.14687454544167447
26.8,0.028936340160815636,-0.00020504024299127462,0.00036772498146640174,-0.00034104677543896647,-3.5604347409085984e-08,0.0002140649380064628,0.0003732845847804364,2.9165382452979072e-05,0.14725400926648605
26.9,0.02892515650753545,-0.00020633279024541047,0.00036943240001945554,-0.00034239614247057914,-3.5893720723704805e-08,0.00021474583504234456,0.00037542786955038396,2.9483029105157282e-05,0.14728076413327587
27.0,0.028933018162034745,-0.0002063881482691069,0.00037029327222652843,-0.00034367095114860944,-3.61678901664907e-08,0.00021576805167827375,0.0003763422921157497,2.9619249522845036e-05,0.1482454080160844
27.1,0.028931203384117473,-0.00020767976008480556,0.00037212491061412544,-0.0003451644127258245,-3.6490652735219834e-08,0.00021638752215179304,0.00037746364736791966,2.97867498270586e-05,0.1488673286927882
27.2,0.028929725720099504,-0.00020777852310047736,0.0003729971253593767,-0.0003463672545066733,-3.675144572427027e-08,0.00021750799837192601,0.00037842453579699757,2.9930724868199372e-05,0.1488432997611051
27.3,0.028927976397661447,-0.00020914662704374284,0.0003750290508185911,-0.00034792355341290804,-3.709038677080788e-08,0.00021817762254408633,0.00037924405441297005,3.005371418655754e-05,0.14917065284830872
27.4,0.028926341902224224,-0.00020914816096452902,0.00037562393773707604,-0.00034910606458020063,-3.734887813378845e-08,0.00021911304577546672,0.0003801776081211378,3.019404284856671e-05,0.14956211245242745
27.5,0.02892490807905271,-0.0002104403727182317,0.0003773563269418693,-0.00035066629889252875,-3.76912818409701e-08,0.0002197628387039456,0.00038094474715549506,3.030975643467135e-05,0.15023197225481472
27.6,0.02892327756425898,-0.00021043916867643034,0.00037795549909645256,-0.0003518754465469381,-3.795776207314786e-08,0.00022075566695223579,0.0003817924896697957,3.0438196980977223e-05,0.15129404843671634
27.7,0.028921523225164128,-0.00021175033332313051,0.00037978229852593255,-0.00035343542994352033,-3.8302731661705665e-08,0.00022140047576049655,0.00038265628026183554,3.056983302252334e-05,0.15208128719415837
27.8,0.02891311677881156,-0.00021420718770765376,0.00038667826897661594,-0.00035463493953439673,-3.85692456447251e-08,0.00022255454772272907,0.0003836137734870958,3.071634400530863e-05,0.15224967822705904
27.9,0.028918223442686474,-0.00021319363238168698,0.0003826660298747175,-0.00035602834872324525,-3.887968307943178e-08,0.00022345693503754926,0.0003848793595739199,3.091043567214364e-05,0.1525954410518706
28.0,0.02891035403024688,-0.000214443886177943,0.0003842074386380473,-0.0003573966787871744,-3.91859968842831e-08,0.0002241504484030671,0.00038582862879900506,3.1056355206657126e-05,0.15258050038026355
28.1,0.028914758336430927,-0.00021451159301463853,0.0003850586862286409,-0.00035865274300454775,-3.946796077797537e-08,0.00022516236068238521,0.0003882663470663286,3.143120338039214e-05,0.1529145660628614
28.2,0.028913085486760966,-0.00021582828506708725,0.0003869338978709905,-0.0003601563187280405,-3.980705075783873e-08,0.0002258334921987222,0.00039042377965458773,3.1763830246721105e-05,0.15346047536313517
28.3,0.02891141425205105,-0.00021583818525417882,0.0003875154143277864,-0.0003613660095024537,-4.008072978528158e-08,0.0002268185087226294,0.0003922673462336911,3.204910543664491e-05,0.15404656307744496
28.4,0.028909721511489427,-0.00021726020817592763,0.0003897640430618436,-0.00036292410467719994,-4.043472617283697e-08,0.00022748374875591274,0.000393800659992728,3.2286977460547665e-05,0.15398204564037346
28.5,0.028908088273757817,-0.00021726002813713974,0.00039035967643590036,-0.0003641233554053263,-4.070819126774939e-08,0.00022861512555811872,0.0003964917305976613,3.2705126095759864e-05,0.1549444187014555
28.6,0.02890638452527492,-0.00021858634142684486,0.0003921782337448131,-0.0003656834850960596,-4.1065266610307736e-08,0.00022926407085981185,0.0003982650138731573,3.29821599203498e-05,0.15546776847036536
28.7,0.02890475469230135,-0.00021858408956616334,0.00039277601254193744,-0.000366867141784979,-4.133729468106332e-08,0.00023021127840002105,0.00040074797341123905,3.337124469539236e-05,0.15619971134638772
28.8,0.02890306212098542,-0.00021993470126837635,0.00039474709597380896,-0.0003684271632825161,-4.169695016853326e-08,0.00023085649143737686,0.00040196940246774475,3.356387239931093e-05,0.1565885546834409
28.9,0.02889144924901093,-0.00021823669892736354,0.0003905608628925584,-0.00036963563028528647,-4.1976843013341635e-08,0.00023185470573037372,0.0004028853875587868,3.3708662445602554e-05,0.1569025227689002
29.0,0.028899700444157333,-0.00022125420862443115,0.0003971705543460209,-0.0003710103666516219,-4.229606221884156e-08,0.00023285361623813844,0.00040382376341844254,3.385735048091962e-05,0.15774257344265785
29.1,0.02889646409992743,-0.0002225603918382647,0.0003989857776292944,-0.0003723950389423146,-4.2619066544257064e-08,0.00023364594915592315,0.0004047726103389592,3.4008246359158385e-05,0.15826077280878614
29.2,0.028896385078625606,-0.00022269476953994013,0.00040007901123759795,-0.0003736348301962373,-4.290905049599592e-08,0.00023455921883845993,0.0004055545049483634,3.4133172495705857e-05,0.15906314937974933
29.3,0.02889498593522964,-0.00022397430215570822,0.0004018099899805038,-0.00037513800082310543,-4.326218819960349e-08,0.0002352324985455287,0.0004064729319946484,3.428044104699078e-05,0.15967751831918875
29.4,0.028893113103752782,-0.00022399734938558652,0.00040243738307900456,-0.00037634859414236544,-4.354746675603518e-08,0.00023620755512735164,0.00040731123823609913,3.4415575793120284e-05,0.16070056397079618
29.5,0.028891569286191368,-0.00022529484230169819,0.0004042385692520647,-0.0003779074102923767,-4.391629010822005e-08,0.00023687112384588097,0.0004081177982086521,3.454611445074419e-05,0.16075207566371055
29.6,0.0288899369398784,-0.0002252952713654604,0.0004048379166234643,-0.00037910644624657185,-4.420099755848934e-08,0.00023802063157799878,0.00040907392704591224,3.470123794392257e-05,0.16144564793602506
29.7,0.02888826760408124,-0.00022673984332076578,0.00040712184795002886,-0.0003806665854557584,-4.457275109533892e-08,0.0002386688031970464,0.00041034605526983425,3.490838657890368e-05,0.16231755164994538
29.8,0.02888663722618654,-0.00022673895896896333,0.000407722330729212,-0.0003818682618268679,-4.486024037628312e-08,0.000239619958049262,0.00041130620446545266,3.506569039370101e-05,0.16309949714822566
29.9,0.028884801897907333,-0.00022805878873656334,0.00040951627819012096,-0.0003834279129020324,-4.5234493922881096e-08,0.00024026492281184423,0.00041486765548796694,3.5650310886031185e-05,0.16356064586712366
30.0,0.028870644296139288,-0.0002289823284158423,0.0004102089040438713,-0.00038462811063417026,-4.552378784752823e-08,0.00024130481269404514,0.00041767181905527325,3.611294298058103e-05,0.164011066865015
30.1,0.028881457472476373,-0.00022938537178599937,0.000411973550935968,-0.00038599270317052467,-4.5853499784196864e-08,0.00024225275848448262,0.0004192632113193804,3.63767533491633e-05,0.1645801960350172
30.2,0.02887978475130524,-0.00023080153126979423,0.0004142013413116428,-0.00038739613050165546,-4.619409168073017e-08,0.0002429562591172274,0.00042092057134059346,3.6651975053440575e-05,0.16485206704350444
30.3,0.028878131031291457,-0.0002308073054194758,0.00041481876910967353,-0.0003886172335146834,-4.649120558968669e-08,0.00024395850375368475,0.00042326047629360217,3.704107847871314e-05,0.16514244063387834
30.4,0.028876448139008866,-0.0002321223925505989,0.0004166409701324854,-0.00039015576703271376,-4.6867138629842565e-08,0.0002447375479182203,0.00042523428741519226,3.737036489118599e-05,0.1659048225787164
30.5,0.0288747970626904,-0.00023213134657693884,0.000417235919482305,-0.0003913404249716872,-4.7157479251769155e-08,0.000245669998346119,0.00042770973411478976,3.778462396127347e-05,0.16644173454482536
30.6,0.02887310751697101,-0.00023348005207436424,0.0004192084027869389,-0.00039289958514531636,-4.7541059842005943e-08,0.0002463301833478797,0.00042921820119109247,3.8038031425079624e-05,0.16652398285708958
30.7,0.028871475181354352,-0.0002334795717711693,0.0004198048352433883,-0.00039410761106450324,-4.783929271935083e-08,0.0002473251800581406,0.00043013254001918595,3.819192381770986e-05,0.16679785522893117
30.8,0.028869744011223237,-0.00023480129364546662,0.00042163084921434423,-0.00039566785661316424,-4.822576383193419e-08,0.0002479726972442557,0.00043126753354907964,3.8383159408293445e-05,0.16737170985688316
30.9,0.028868116283501107,-0.00023480059452118946,0.00042223290482001837,-0.00039686716671198603,-4.8524000869424486e-08,0.0002491195285584595,0.00043222649671999,3.85451997578857e-05,0.16775436372112515
31.0,0.02886642825810438,-0.00023624210115408647,0.00042453946693200677,-0.00039842251253298274,-4.891186472884108e-08,0.0002497482512589356,0.00043303215254558036,3.868175496488527e-05,0.16836063617935904
31.1,0.028850837691488967,-0.0002377442623998589,0.00042617151186635647,-0.0003996103413653104,-4.920937179705603e-08,0.0002507078625372411,0.00043387968897245,3.882582782458325e-05,0.1689257447536085
31.2,0.028863363292086656,-0.00023753304631602808,0.00042687294630266537,-0.0004009753599115802,-4.955203783893047e-08,0.0002516542059563399,0.00043469430845187424,3.896472471803191e-05,0.16928241693920076
31.3,0.0288602165329544,-0.0002388934920597068,0.0004288831108352215,-0.00040237997756316867,-4.990613845764037e-08,0.0002523475426463979,0.0004355496937511249,3.9110860852107626e-05,0.16946755199366614
31.4,0.028859979242363887,-0.00023884266149028533,0.00042930011782321773,-0.00040360947008687224,-5.021687924190018e-08,0.00025336286591782977,0.0004364446221377125,3.9264078705962756e-05,0.1700582595882125
31.5,0.02885832469602168,-0.0002402797337597993,0.00043159020992440835,-0.00040513941768511664,-5.0605118211550456e-08,0.0002541463312152777,0.00043770938197651416,3.948121324588633e-05,0.17076110012481818
31.6,0.028856679437887313,-0.00024028623803353546,0.00043218509831709597,-0.0004063417106713431,-5.0911114303156005e-08,0.00025508561875977026,0.00043866493300443447,3.9645774662770546e-05,0.17057030786508148
31.7,0.028854846540019942,-0.00024160521322302638,0.0004339801761295714,-0.000407901139515986,-5.130944896722739e-08,0.0002557428824727256,0.00043997197417612317,3.987100468457157e-05,0.1709451830713445
31.8,0.028853214765236036,-0.0002416037133323572,0.00043457700950923813,-0.00040910061126555767,-5.161688245138432e-08,0.00025677995097142455,0.0004427804383195534,4.035563069468327e-05,0.17135848803886078
31.9,0.028851500796674683,-0.00024293303297419976,0.0004364371485637422,-0.0004106608012394052,-5.201802965173778e-08,0.0002574264973370751,0.0004445407803059577,4.066033485668862e-05,0.1716959651543152
32.0,0.02884987072368736,-0.00024293181010628308,0.0004370373219506647,-0.0004118687879030416,-5.232981889844179e-08,0.0002584341115496541,0.0004463837256450681,4.0979962027783196e-05,0.17210538501334985
32.1,0.028848173791746874,-0.00024435533728850363,0.0004392831593316839,-0.000413306285733451,-5.2701777865036754e-08,0.0002595840485730318,0.0004482485110251157,4.13041228871882e-05,0.17252113642566846
32.2,0.028831925982153776,-0.00024578695023370775,0.0004409201734010885,-0.0004146286888092468,-5.304539937820687e-08,0.00026021675012684493,0.00045047447007554703,4.169234820944633e-05,0.17360922755296507
32.3,0.028844839392528597,-0.00024567944932289866,0.0004417011764396027,-0.00041595833806850696,-5.339171837368554e-08,0.00026105797877490567,0.00045261742782504996,4.206778515897753e-05,0.17400004241492276
32.4,0.02884157157321555,-0.000246987394308302,0.0004435982789705584,-0.0004173727136364561,-5.376159699347793e-08,0.00026181071759936623,0.000454775846844053,4.244748571778219e-05,0.17498059552633483
32.5,0.028841551037315897,-0.0002469961986566976,0.0004441309704939941,-0.00041859332100953507,-5.4081593595411983e-08,0.00026276625055608087,0.00045568535692215025,4.260872257971533e-05,0.17550030982750844
32.6,0.02883979841990856,-0.0002483424370196334,0.00044610282203117244,-0.0004201412082542523,-5.4488962862738057e-08,0.00026345426254265086,0.0004565944994081712,4.2770228696473175e-05,0.17635679169794022
32.7,0.028838156090392968,-0.0002483472414450574,0.00044669561984403774,-0.0004213409456882108,-5.4805630005890025e-08,0.00026459102126475737,0.0004575516491938361,4.294072431956956e-05,0.17673272388881806
32.8,0.0288364721580618,-0.0002497888843608657,0.0004490072446121353,-0.00042290056569092057,-5.521870532064934e-08,0.0002652462958270263,0.00045833626816325386,4.3080936276637574e-05,0.17721657062193752
32.9,0.02883504105657048,-0.00024976934334225074,0.0004495580273290761,-0.0004240833640806771,-5.553301637900228e-08,0.0002661872472709911,0.00045926559026274595,4.324728924312353e-05,0.17747217363526255
33.0,0.02883319888890308,-0.0002510930073849344,0.0004513665518835243,-0.0004256435434246509,-5.594884746067019e-08,0.00026683333891973094,0.00046013853988942236,4.340390894161749e-05,0.17792339469554666
33.1,0.028831568437455296,-0.0002510926495166048,0.00045196857991993024,-0.00042685317110800774,-5.627245670935739e-08,0.00026782934250997906,0.0004609821336125102,4.3555628399504204e-05,0.17837497394264157
33.2,0.028829836882881144,-0.00025241285633562425,0.0004537912949980737,-0.00042829030647755395,-5.6657862770173494e-08,0.0002690248630548832,0.00046183034457346903,4.370863383081192e-05,0.17910437000687032
33.3,0.028813678568638545,-0.00025387350935167905,0.0004557000952707341,-0.0004296128871127083,-5.7013983301009246e-08,0.0002696295951107217,0.0004629004895292394,4.390222748872856e-05,0.1795416755439551
33.4,0.028826721627545553,-0.00025383432855296964,0.0004566531281526077,-0.00043094163775963255,-5.737258308683158e-08,0.0002704640897174397,0.00046405441386394906,4.4111416232967186e-05,0.17946740080207862
33.5,0.028823840716309498,-0.00025509352311097816,0.0004583417295511603,-0.00043237484748564987,-5.7760888975132196e-08,0.00027122726953350616,0.000466477208679293,4.455114234437608e-05,0.18018205964266676
33.6,0.0288232564913491,-0.0002551523657567711,0.0004590470884248644,-0.0004335807324107245,-5.8088396777791926e-08,0.000272228939688502,0.00046929824431134095,4.506444030526614e-05,0.18031780110699028
33.7,0.02882171290923606,-0.00025645012201990793,0.00046086402215014105,-0.00043513471574842423,-5.851200664870851e-08,0.0002729121021524367,0.00047145816555544,4.545832081308207e-05,0.18065243025143843
33.8,0.028819912323465393,-0.00025647926487460337,0.0004615056321338394,-0.0004363426924878368,-5.884224886068763e-08,0.00027391134193086714,0.0004732991564150087,4.5794239067839156e-05,0.18033212198415235
33.9,0.02881821707669774,-0.00025790313355661724,0.00046375403635474206,-0.0004379027280365447,-5.9270135096804134e-08,0.0002745642597404046,0.00047494205850568495,4.609411246574261e-05,0.18076912560398561
34.0,0.028816586308005564,-0.0002579013636206815,0.00046435160695449496,-0.00043910228104291536,-5.9600229239138896e-08,0.00027570040983434716,0.0004776223198852724,4.6583670593612464e-05,0.18080870942670227
34.1,0.028814881782991665,-0.000259228129710272,0.0004661718999896334,-0.0004406623275621812,-6.003073710194964e-08,0.00027634651483996375,0.00047950340949332574,4.692766478129588e-05,0.18103549937838545
34.2,0.02881325307404548,-0.00025922675789095517,0.00046677154231420233,-0.0004418464676941544,-6.035871396659066e-08,0.00027729668899310206,0.00048197527871914417,4.7380529136727256e-05,0.18187743764087874
34.3,0.028811559403885627,-0.00026057645322851266,0.0004687427065110776,-0.0004432751408285656,-6.075531695686056e-08,0.0002783270591389391,0.0004828560214961198,4.754273211372863e-05,0.1820636447404999
34.4,0.028796842028667533,-0.00026191899361352065,0.0004704740770182404,-0.00044461519250567247,-6.112876755204981e-08,0.0002789415755418623,0.0004839700368729988,4.7748073075850334e-05,0.18278642012141022
34.5,0.02880826648252078,-0.00026196723289925223,0.0004714491057628147,-0.0004459252601551607,-6.149467394117766e-08,0.0002798725501302311,0.00048491741492402235,4.792325124975906e-05,0.1832853774114551
34.6,0.028807023299333417,-0.00026320780306952885,0.00047310375051650664,-0.00044737481184765654,-6.190106784107362e-08,0.0002807346320278305,0.00048573852245240826,4.8075404596515575e-05,0.1833813650618177
34.7,0.028804882266161656,-0.0002633370036973339,0.00047407825343101403,-0.0004485618508597979,-6.223464739496398e-08,0.0002816435997845272,0.00048666596736101616,4.82475360844277e-05,0.18400647929862132
34.8,0.02880345470341414,-0.0002646254936040495,0.00047581377161740084,-0.0004501180001691386,-6.267350239432719e-08,0.00028232295214245537,0.00048744807495409206,4.839310891172523e-05,0.18442944687121057
34.9,0.02880181754083718,-0.00026462821315346763,0.0004764124769597671,-0.00045132744611438893,-6.301554571309982e-08,0.0002833111979789149,0.0004882896834616037,4.8550197266909704e-05,0.18520808867999883
35.0,0.028800064271818707,-0.00026593890892374694,0.00047824075640161983,-0.00045288763758684277,-6.3458169294647e-08,0.0002839635145795373,0.0004891265841135271,4.8706950224591494e-05,0.1857374833966913
35.1,0.028798434019618534,-0.00026593805227739017,0.0004788405589761338,-0.00045408701382087233,-6.379952372177621e-08,0.0002851174606089455,0.0004900789683850942,4.888574342026504e-05,0.18588173719434553
35.2,0.028796763862215188,-0.00026738302962623343,0.0004811264851305689,-0.000455647028393439,-6.424471607288785e-08,0.00028576308211710817,0.0004913406344214406,4.9122982353676e-05,0.1862969299337686
35.3,0.028795141034779318,-0.0002674177225173219,0.0004816980445779972,-0.0004568491811816175,-6.458901949975882e-08,0.0002867171549930879,0.0004922962822595173,4.930329938112667e-05,0.1871395073138367
35.4,0.02879329821977165,-0.00026870182067828703,0.0004835224371615154,-0.0004582609216599854,-6.49942335215826e-08,0.00028772354970351023,0.00049433949006999,4.968975020674021e-05,0.1878011674202454
35.5,0.028780669181360775,-0.0002700169133046565,0.00048526067240335077,-0.00045960926501067425,-6.538270008003881e-08,0.00028840347958303383,0.0004968642160773239,5.0169041535294356e-05,0.18825520019057115
35.6,0.02878995372468322,-0.00027002865244190097,0.0004859815500181102,-0.00046088398923412136,-6.575073850308574e-08,0.00028942908510255587,0.0004985090591371199,5.048265446231305e-05,0.18886085041807882
35.7,0.028788094868016645,-0.00027136420055576217,0.0004879816811611807,-0.0004623775064855825,-6.618352421785313e-08,0.00029005672938089093,0.000499880994252999,5.074484356794514e-05,0.18902242233018274
35.8,0.02878662726399095,-0.00027145081932967524,0.0004888284436461157,-0.00046358106937937764,-6.653312211907352e-08,0.0002911697484453525,0.0005025400467556666,5.125330181427613e-05,0.18930875584918322
35.9,0.028784927939180492,-0.00027277390595711345,0.0004906516167877853,-0.00046513735574774015,-6.698670025273785e-08,0.00029183991662608505,0.0005043441210651422,5.1599322967018253e-05,0.19001197720878873
36.0,0.028783293237931495,-0.0002727751400922741,0.0004912473255423804,-0.0004663212100419944,-6.73326885676131e-08,0.00029278359078788456,0.0005068118504507032,5.207387944943432e-05,0.19075436930170583
36.1,0.02878160185197475,-0.00027412531382962907,0.0004932203708357261,-0.00046788140634818396,-6.779001742723884e-08,0.0002934343770309433,0.0005083376143470107,5.236848601074068e-05,0.19091652398048603
36.2,0.028779971244209494,-0.00027412365743385966,0.000493817882678185,-0.00046908982050198955,-6.814535247939146e-08,0.00029443362229815005,0.0005092479495340423,5.254462487132616e-05,0.19113885049446228
36.3,0.028778239374159582,-0.00027544570377257557,0.0004956457342164814,-0.00047064985106889213,-6.860525799217346e-08,0.00029507869507266186,0.0005101720010392208,5.272347561552014e-05,0.19133090561704352
36.4,0.02877223860384426,-0.0002753659703505962,0.0004974748094340443,-0.0004718496848768799,-6.896023052930361e-08,0.00029622849469223276,0.0005111266084529722,5.2908513916319875e-05,0.19189036607566728
36.5,0.028774923620837008,-0.0002768865933771528,0.000498556411843273,-0.00047324369767834824,-6.937349913780316e-08,0.00029713376851249023,0.0005118978743869629,5.305840945351462e-05,0.1923536663856156
36.6,0.02876540885907675,-0.0002781260012696039,0.0005000515614913433,-0.000474593092411558,-6.977498336936437e-08,0.0002978183273859966,0.0005128165265767667,5.323735845575826e-05,0.1929914022943677
36.7,0.02877185857893189,-0.00027817776004081024,0.0005008916164453915,-0.00047586845561668105,-7.015523115432996e-08,0.0002988421245460924,0.0005136612757816121,5.340257727202577e-05,0.1940130409125591
36.8,0.02877009590889409,-0.0002794725384372791,0.0005027285733286876,-0.0004773629518965223,-7.060238187068113e-08,0.0002994598429120279,0.0005144544974616011,5.355827929337349e-05,0.19421714451308442
36.9,0.02876847452566357,-0.0002794876299902094,0.0005033204947905627,-0.0004785652957435035,-7.096296587585802e-08,0.0003005937348768268,0.0005153915970548894,5.374253618955594e-05,0.19448220048341067
37.0,0.028766808749899994,-0.00028092989741694405,0.0005056083697668919,-0.0004801226012639579,-7.143151507709834e-08,0.0003012604712623242,0.000516656177819323,5.399161633433352e-05,0.19500894060849921
37.1,0.028764988005596095,-0.00028093483389570633,0.0005062104246055892,-0.0004813244065444189,-7.179409202373388e-08,0.00030220901182709866,0.0005176106124604453,5.418037880056481e-05,0.19607756679271326
37.2,0.02876334020149866,-0.00028225147189924046,0.0005080033780723695,-0.00048288454641616524,-7.226611719453155e-08,0.0003028589064164678,0.0005207764778244979,5.480799833334828e-05,0.1967833778036266
37.3,0.028761709861971026,-0.0002822491054347589,0.0005086005198271702,-0.0004840844502283378,-7.263028117135906e-08,0.0003038997469945159,0.0005235704849249042,5.536452413758929e-05,0.1971876583054699
37.4,0.028759995162221413,-0.0002835787266522319,0.0005104627329731373,-0.0004856444937507075,-7.310489734064432e-08,0.000304545301462237,0.0005253448114098512,5.5719597004478296e-05,0.1980781798508688
37.5,0.028750050004109476,-0.0002838517967657973,0.000511792564689216,-0.00048685290981862064,-7.347382138328951e-08,0.0003055547027822643,0.0005271800988187388,5.6088034195763316e-05,0.19880033877199943
37.6,0.028756599407688797,-0.00028492998613938967,0.0005130293903078174,-0.0004882282258703775,-7.389451893365373e-08,0.00030654837539601757,0.0005291506903437682,5.648484918713849e-05,0.19927400300762543
37.7,0.02875106105423911,-0.00028624190736025514,0.0005148459367044809,-0.0004896130242756149,-7.431960058360481e-08,0.0003073390054565042,0.0005314671003247039,5.695248528016672e-05,0.1997583565545205
37.8,0.028753333758278786,-0.0002863254332013542,0.0005157302528227677,-0.0004908530615672371,-7.47010212399553e-08,0.0003082574209280667,0.0005336137115889567,5.738712615260359e-05,0.20029883762925424
37.9,0.028751680704371466,-0.0002876621642163189,0.0005177142530850993,-0.0004923572778613305,-7.516525957568609e-08,0.00030893470274887035,0.0005354237687449391,5.7755169900537654e-05,0.20152837556116865
38.0,0.028750011550359122,-0.0002876738895237233,0.0005183018168989716,-0.0004935678430346905,-7.553974288365782e-08,0.00030991486342617794,0.0005363318334161834,5.7940762076169345e-05,0.20146567833330023
38.1,0.028748283282302566,-0.0002889935711115179,0.0005201318892727873,-0.0004951259958716547,-7.602324442824373e-08,0.0003105801019302803,0.0005374506725842728,5.816918102230103e-05,0.20132495148704152
38.2,0.02874665031370334,-0.00028899377871052816,0.0005207280461135196,-0.0004963254062221038,-7.639643190910034e-08,0.00031172484593967675,0.0005384034123908569,5.83637461933457e-05,0.20156761354870723
38.3,0.028744965146344746,-0.0002904364441712547,0.0005230404462309771,-0.0004978855691029776,-7.688317907140479e-08,0.00031237403627900294,0.0005392095505860093,5.85287568385456e-05,0.20259652472685408
38.4,0.028743335030764927,-0.00029043505736995413,0.0005236396215573101,-0.0004990688164360603,-7.725345836379994e-08,0.0003133185789901309,0.0005401343979785412,5.871856235102449e-05,0.20287854193734423
38.5,0.028741899633415217,-0.000291728012166403,0.0005253758706884533,-0.0005006288307896316,-7.774276897278897e-08,0.0003139639665413313,0.0005408786772136064,5.887179890368808e-05,0.20359466799532933
38.6,0.028728815322287465,-0.0002922588764667163,0.0005261134942556359,-0.0005018388917013758,-7.812360981673401e-08,0.00031496161358040187,0.0005417176171925805,5.9045024510853296e-05,0.20436566782507407
38.7,0.028738514999933518,-0.0002930380091912089,0.0005278055309699541,-0.0005032130738051097,-7.85569213679591e-08,0.000315965955473767,0.0005425962103170521,5.922707754024917e-05,0.20503118295322748
38.8,0.028737625856908786,-0.00029436190732635346,0.0005296432812169327,-0.0005045988164714577,-7.899535925462868e-08,0.0003167634956854913,0.0005435337283775,5.9422016582834614e-05,0.2057620261007215
38.9,0.028735014674475336,-0.0002945009934724972,0.0005307407251318234,-0.0005058379765353248,-7.938819807028018e-08,0.0003176750917582134,0.0005448058192624923,5.968735437693655e-05,0.20647795175042483
39.0,0.028733408684758138,-0.0002957916467505609,0.0005324940187999888,-0.0005073609953372105,-7.987260271467053e-08,0.00031836296214654666,0.0005457344159925259,5.9881923192808886e-05,0.20709744854203402
39.1,0.028731749787281664,-0.0002957999346773574,0.0005330881323343913,-0.0005085619228123364,-8.025544728694078e-08,0.00031938905622204124,0.0005485268737620036,6.046777641217253e-05,0.20756350464516637
39.2,0.02873003822741106,-0.00029712750989785273,0.0005349504418852791,-0.0005101210918085576,-8.075396877906082e-08,0.0003200495708874255,0.0005504649039409341,6.0876002784058416e-05,0.20810583385540318
39.3,0.028728405532767745,-0.0002971271450260004,0.0005355484688795963,-0.0005113290672929444,-8.114123554868095e-08,0.000321055751669872,0.0005522964481625449,6.12629210442063e-05,0.20880880316578415
39.4,0.028726709268717746,-0.0002985517534276857,0.0005377980733913541,-0.0005128893302619432,-8.164273500254123e-08,0.00032170359340638366,0.0005539807409509497,6.16198940075252e-05,0.2094538786559154
39.5,0.02872507947768952,-0.00029854949832135706,0.0005383961212838231,-0.0005140893244937684,-8.2029602926489e-08,0.00032284311713913635,0.0005566465589345947,6.218621415516454e-05,0.2101249420517485
39.6,0.02872337429482724,-0.00029987646038706227,0.0005402183262682455,-0.0005156489187231265,-8.253350769027404e-08,0.00032348827451280857,0.000558358786015787,6.25515297516802e-05,0.21061165516047275
39.7,0.028708396910131773,-0.00030136250926446594,0.0005420675908516362,-0.0005168337774577657,-8.291762514624857e-08,0.0003244404921978941,0.0005608148499153062,6.30762552256328e-05,0.21092885790898872
39.8,0.028720051842393558,-0.0003012249446270776,0.0005427908687463166,-0.0005181982374467146,-8.336074568839523e-08,0.00032538577746180704,0.0005617158337993464,6.32694674516931e-05,0.2111392668163487
39.9,0.028717644005355054,-0.0003025944668147077,0.0005448247455082416,-0.0005196027266882225,-8.381836552199266e-08,0.0003260870486475185,0.0005626199876748069,6.346346406975358e-05,0.21164971922934095
40.0,0.028716690130643967,-0.0003025448802817447,0.0005452178640954936,-0.0005208158827249252,-8.421440830060634e-08,0.0003271177357342747,0.0005635603273347276,6.366550856621469e-05,0.21195972306403596
40.1,0.02871502324281025,-0.00030397879531851216,0.0005475439427902832,-0.0005223625559151533,-8.472092464537969e-08,0.00032788192205946397,0.0005643451433401475,6.383441089526241e-05,0.2121843397085221
40.2,0.028713374596271116,-0.00030398603455872634,0.0005481299222313643,-0.0005235463640368393,-8.51094878604345e-08,0.0003288133177213252,0.0005652678379175214,6.403324300418398e-05,0.21267460405856486
40.3,0.028711941874631088,-0.0003052775141567655,0.000549866223062373,-0.0005251059712204439,-8.562285499738074e-08,0.0003294719895349716,0.0005661517598875245,6.422401765118116e-05,0.2127457359425166
40.4,0.028710309780574397,-0.0003052775209024388,0.0005504657599803282,-0.0005263155473369007,-8.60220497385658e-08,0.0003304667304699384,0.0005669898677820815,6.440509994082129e-05,0.2130139005671255
40.5,0.028708555583585184,-0.0003065888499794103,0.0005522957819271176,-0.0005278758370298886,-8.653827130113314e-08,0.0003311144421022948,0.0005678099958153179,6.458252604707881e-05,0.21336815689111968
40.6,0.028706929581990136,-0.00030658739780675643,0.0005528955828541295,-0.0005290756602184269,-8.693641122643222e-08,0.0003322715945029753,0.0005687569554318994,6.478781113941372e-05,0.21416212436397042
40.7,0.028705255349467038,-0.00030803282227258365,0.0005551835698418623,-0.0005305364699167182,-8.742212091167621e-08,0.00033329833152208197,0.0005700183932649316,6.506194752861531e-05,0.21457656475241296
40.8,0.028688821081205726,-0.0003094705836022448,0.0005568254303466913,-0.0005318380752687227,-8.785632047975057e-08,0.0003338725100454946,0.0005724360872737067,6.558844616477372e-05,0.21509347927004704
40.9,0.02870198970438114,-0.00030934358751045387,0.0005575684377467217,-0.0005331837191631851,-8.830603310744614e-08,0.00033480783442735795,0.000574854570293243,6.611671276360789e-05,0.21568234139768638
41.0,0.028698538517554998,-0.0003106855754955138,0.0005595387315642306,-0.0005345983862831052,-8.8780315472749e-08,0.0003355604489680706,0.0005772525492359953,6.664168075660404e-05,0.21578009549001334
41.1,0.02869844512504251,-0.00031067871814004976,0.0005600417376637815,-0.0005358193036824433,-8.919043037960309e-08,0.00033651983356698423,0.0005790253298468955,6.703054951400285e-05,0.21625338420026402
41.2,0.028696762058059905,-0.00031209714221692373,0.0005623004049435827,-0.0005373668487478208,-8.97118426901234e-08,0.00033721548482326,0.0005804937050139873,6.735320704683534e-05,0.2165612305729201
41.3,0.02869511863790759,-0.0003121011318249207,0.0005628902685260024,-0.0005385672772627356,-9.011722053649893e-08,0.00033834492483895853,0.0005831502440134806,6.793769951404293e-05,0.21724956913428667
41.4,0.028693415651153503,-0.0003134268807057934,0.0005647130571436942,-0.0005401269122986837,-9.064532982436941e-08,0.00033900053065969755,0.0005850591177179258,6.835908590201863e-05,0.2177172610553876
41.5,0.028691784550672336,-0.0003134257325317866,0.0005653108293554066,-0.0005413109756406054,-9.104730481276422e-08,0.00033994994792969446,0.0005875132302700602,6.890167851482754e-05,0.21796261317725915
41.6,0.028690092226375537,-0.00031477650671950886,0.0005672852819640159,-0.0005428711961506759,-9.157822547916029e-08,0.00034059676547031385,0.0005886969452789742,6.916435798764859e-05,0.2186993310116666
41.7,0.02868846174777003,-0.0003147763459937629,0.0005678876968886498,-0.0005440800800620207,-9.1990798235766e-08,0.00034159913377093177,0.0005896020218920127,6.936582756207187e-05,0.21947307973603736
41.8,0.028686729953300197,-0.0003160967367115506,0.0005697127902871361,-0.0005455112995860183,-9.248017457118875e-08,0.00034277305053622515,0.0005907340403835845,6.961824476799133e-05,0.2199092175289631
41.9,0.028670572154035033,-0.00031755925462641,0.0005716216185711821,-0.0005468401740821269,-9.293600915787036e-08,0.0003433953155265206,0.0005915602950320928,6.980323413157784e-05,0.2209910959941308
42.0,0.028683414136808867,-0.00031753783971535254,0.0005726253368471748,-0.0005481695206697616,-9.339282468010366e-08,0.0003442321470392345,0.0005924747884477248,7.000865342951228e-05,0.22177520821153762
42.1,0.02868034785400237,-0.0003187882467479205,0.00057428684350959,-0.0005495838076531793,-9.388032338343822e-08,0.00034498676133578926,0.0005933075518585532,7.019642376557229e-05,0.22240551673304937
42.2,0.028680349015275296,-0.00031882925906310584,0.00057496215393318,-0.0005508029118581956,-9.430133574564583e-08,0.00034594359078523744,0.0005941037286388572,7.037645680746346e-05,0.2228825502088569
42.3,0.02867860515453918,-0.00032013527528972617,0.0005767942721403001,-0.0005523538903190904,-9.483853601122842e-08,0.0003466301039357825,0.000594915383563968,7.056043604835987e-05,0.22346115995724428
42.4,0.02867696495427973,-0.00032013939336134967,0.000577392698178013,-0.0005535539184483278,-9.525511178954131e-08,0.00034777844780916044,0.0005958576124482621,7.077453176967243e-05,0.22408118345582168
42.5,0.028675296336296688,-0.00032158358883623174,0.0005796804541829705,-0.000555113750855863,-9.579800361091568e-08,0.00034843254558328317,0.0005971128189982629,7.106046140490247e-05,0.22468211931793347
42.6,0.028673464709441893,-0.0003216024817928771,0.0005803286018236158,-0.0005563158294612176,-9.621745228547318e-08,0.00034938612729067597,0.0005980616216880815,7.127739774937981e-05,0.2253768049293897
42.7,0.028672029747711755,-0.0003228954038472375,0.0005820655833032642,-0.000557875920434353,-9.676305907474844e-08,0.00035003282385188874,0.0005997218203356504,7.165794599290755e-05,0.22648447662621776
42.8,0.028670199814128248,-0.0003229026081188224,0.0005826790924794792,-0.0005590763036027544,-9.718408108985887e-08,0.00035107656093573755,0.0006024971603849106,7.229641782445532e-05,0.22706460997964673
42.9,0.028668484733299603,-0.00032423107212021954,0.0005845400758553307,-0.0005604947093928245,-9.768246952916511e-08,0.0003522164763420398,0.0006040486577876786,7.26554089792374e-05,0.22804491015473397
43.0,0.028653028644391173,-0.0003256286368252873,0.0005864164204173296,-0.0005618449973926376,-9.815839523457961e-08,0.00035273291593481906,0.0006055055592938444,7.299373545171119e-05,0.22895935587151708
43.1,0.0286651577675188,-0.00032565361405980883,0.0005873895445754557,-0.0005631556432594536,-9.862116135461459e-08,0.00035365872848150897,0.0006078798966699121,7.354659140233818e-05,0.22984129875807902
43.2,0.028663070913710422,-0.00032690104657067656,0.0005890576973487115,-0.0005646053215014008,-9.913455199793256e-08,0.0003545189683412258,0.000609727192821958,7.397900364464483e-05,0.23082081800459262
43.3,0.028661823282522328,-0.00032697820321489864,0.0005898109169670557,-0.0005657959507654405,-9.955698925072762e-08,0.0003554334869207459,0.0006121554835605301,7.454905890061215e-05,0.2313314575394383
43.4,0.028660139509314456,-0.0003283240304438941,0.0005917905930859361,-0.000567349804075628,-1.0010985308361879e-07,0.0003561163937214461,0.0006139771076510512,7.497832636941289e-05,0.2319359370543653
43.5,0.028658500966192678,-0.0003283269532068711,0.0005923840687749816,-0.0005685586704316327,-1.0054092891933768e-07,0.00035711054749843526,0.0006148792998138397,7.519190808080291e-05,0.23262818478270553
43.6,0.028656770291989524,-0.0003296484150810945,0.000594214026497439,-0.0005701187467446669,-1.0109863880765687e-07,0.0003577636284173328,0.0006157864092554798,7.540685242962702e-05,0.23291978048952122
43.7,0.028655139690169848,-0.00032964711286246614,0.0005948119923381217,-0.0005713184584164813,-1.0152861165556938e-07,0.00035891300099758107,0.0006167326289701459,7.56313893064658e-05,0.23340257848378174
43.8,0.028653453732457042,-0.00033109023155543946,0.0005971260626890205,-0.0005728785367440139,-1.0208894607283688e-07,0.0003595594319707969,0.0006175022030844498,7.581444145817912e-05,0.2339636335376119
43.9,0.02865182482448384,-0.0003310896289245582,0.00059772665476819,-0.0005740622654584178,-1.0251531658037e-07,0.00036050679274413154,0.0006184205983794503,7.603345370950652e-05,0.23503480907835755
44.0,0.028650388255977648,-0.00033238177385683156,0.0005994635722581995,-0.0005754879018854916,-1.0302971300372525e-07,0.00036150984872277905,0.0006192664486095095,7.623591479187408e-05,0.2355838626420929
44.1,0.028636397917222084,-0.0003337206336812282,0.0006012176332847863,-0.0005768325732699465,-1.0351635166723679e-07,0.0003621513069333232,0.0006200408365910511,7.64216592276226e-05,0.23554847160479048
44.2,0.028647003633279305,-0.00033369198140577024,0.000601894932079697,-0.0005781122071183737,-1.0398023309926762e-07,0.0003632362591818043,0.0006209595936834579,7.664216514996653e-05,0.23575216342877564
44.3,0.02864522072523448,-0.0003350874540763891,0.0006040112921864117,-0.0005795927037670172,-1.0451850201918617e-07,0.0003639548976025626,0.0006222317235259288,7.694779408922383e-05,0.23622625193905927
44.4,0.02864370345145201,-0.00033513606463214933,0.0006047840295941185,-0.0005807997263674944,-1.0495816597189702e-07,0.00036488038576967157,0.0006231585538979563,7.717103538946528e-05,0.2369028902523377
44.5,0.028641874748494105,-0.0003364531759120981,0.0006065848313054131,-0.0005823551018774368,-1.055262636827964e-07,0.00036555616837703986,0.0006259247928964163,7.783846671085201e-05,0.23780472068871783
44.6,0.028640238248762433,-0.0003364543015649938,0.0006071805197828174,-0.0005835552092956788,-1.0596556630446992e-07,0.00036659342472483263,0.0006286961966431136,7.850975122891145e-05,0.23843865193566274
44.7,0.028638524731956154,-0.00033778342715843533,0.0006090440429890497,-0.0005851154271975436,-1.0653805923823125e-07,0.00036724453954217767,0.0006306493608328256,7.898479838065515e-05,0.23919511825035122
44.8,0.028636893906840547,-0.00033778182234036073,0.0006096426191508623,-0.0005863237874534208,-1.0698256313859969e-07,0.00036825488667975895,0.0006324674750483927,7.942803415358541e-05,0.23947199322812976
44.9,0.02863519694577364,-0.00033920673336694865,0.0006118939810486768,-0.0005878838523500059,-1.075576297382267e-07,0.0003689002251053349,0.000634256193020557,7.986459678210039e-05,0.23950202782972838
45.0,0.028631333178634453,-0.00033803594507670525,0.0006110339954581347,-0.0005890843542513609,-1.0800140727012543e-07,0.00037004272890492,0.0006369034262393878,8.051125431532718e-05,0.24010606873761878
45.1,0.028631862007920526,-0.0003405314853416281,0.0006143161105310724,-0.0005904787784518452,-1.0851772410307349e-07,0.0003709546341516991,0.0006387200485784774,8.095603148916173e-05,0.2404020536609027
45.2,0.02862067976720114,-0.00034182675160559237,0.0006160235964474312,-0.0005918290425936924,-1.0901913880563788e-07,0.0003716415604124462,0.0006408243565300585,8.147214672412758e-05,0.24115937835669607
45.3,0.028628539461275804,-0.000341880208219264,0.0006168902699808001,-0.0005931037653232516,-1.0949328861898333e-07,0.0003726646561860024,0.0006417220099485672,8.169328734643262e-05,0.2416756619125134
45.4,0.02862674405849297,-0.00034317167097627115,0.0006187237522451051,-0.0005945982118412185,-1.1005074498953508e-07,0.00037328983759225376,0.0006428224796291316,8.196475780709445e-05,0.24252548629861154
45.5,0.02862517772678377,-0.00034320039550468726,0.0006193189200524893,-0.000595801894845817,-1.1050058236857865e-07,0.0003744166134200595,0.0006437657063795313,8.219806069287924e-05,0.24284550665067117
45.6,0.028623496665115634,-0.0003446403195144662,0.0006216376723489847,-0.0005973582508071236,-1.1108374152939051e-07,0.00037508651567313294,0.0006445699631467526,8.239737863398882e-05,0.24326414721565456
45.7,0.028621912147282266,-0.0003445961551105287,0.0006220219744329487,-0.0005985416008547566,-1.1152809696312519e-07,0.0003760280048052978,0.0006454861936593424,8.262481315181838e-05,0.24385945951649074
45.8,0.028620427779231714,-0.0003459344821721361,0.0006239702827948094,-0.0006001018911827845,-1.1211534611403772e-07,0.00037667828468506033,0.0006462409486633499,8.281267969565813e-05,0.24449597185359417
45.9,0.028618589868327018,-0.0003459451071640482,0.0006245955508891056,-0.0006013118800888633,-1.1257188155781082e-07,0.00037767698726087865,0.0006470729126259181,8.302016880299475e-05,0.24486080872583266
46.0,0.028616857733744304,-0.0003472673873076914,0.0006264260621406661,-0.0006028719231476355,-1.1316166888250595e-07,0.000378322543490365,0.0006479214179547052,8.323218170646699e-05,0.24528563330204217
46.1,0.02861085702090395,-0.00034718846464324696,0.0006282553430144814,-0.0006040722671304,-1.1361673369520317e-07,0.0003794823709234105,0.0006488610640868088,8.34674218679745e-05,0.24588825075890872
46.2,0.028613541707830287,-0.00034870870291969677,0.0006293397604862095,-0.0006054656756761321,-1.1414583596468914e-07,0.00038038529344061866,0.0006501145830084269,8.378175783366085e-05,0.24606283558274253
46.3,0.028604027712178754,-0.0003499493366965137,0.0006308349564991978,-0.0006068348999979982,-1.146672266706664e-07,0.0003810847820520879,0.000651046073783094,8.40158397568532e-05,0.24661080349004327
46.4,0.0286104763738213,-0.0003500002690125832,0.0006316779552351431,-0.0006080908748313376,-1.1514627636097848e-07,0.0003820975464157492,0.0006534385798899888,8.461748359267726e-05,0.24667252321871003
46.5,0.028608602784915754,-0.00035132483935585194,0.0006335671064218114,-0.0006095954289680617,-1.1572171186719996e-07,0.0003827743153152872,0.0006555555395741947,8.515083581521035e-05,0.24737507197036224
46.6,0.028606931746029688,-0.0003513355804858471,0.0006341526842109493,-0.0006108059727276419,-1.1618556914048886e-07,0.0003837656028507817,0.0006573639945829019,8.560717742880892e-05,0.24722983181286382
46.7,0.028605426020108488,-0.00035275323006131524,0.0006364005727341823,-0.0006123641054558084,-1.1678411840446662e-07,0.00038443106935943174,0.0006588687914440585,8.598704505194089e-05,0.24730243103636515
46.8,0.028603791815761996,-0.0003527548967249354,0.0006369996105579375,-0.000613564190830494,-1.1724612679690522e-07,0.00038556836264101236,0.0006615093174369372,8.665398989797557e-05,0.24787535838615218
46.9,0.028601957179551676,-0.0003540751343469748,0.0006387983336182388,-0.0006151243751267148,-1.1784809097791876e-07,0.000386217870392765,0.0006632469273272286,8.709400569216605e-05,0.24854775190002956
47.0,0.028600271097780645,-0.00035408313061789784,0.0006394249080749468,-0.0006163088625698829,-1.1830622368880783e-07,0.0003871708470452216,0.0006656830582202683,8.77117678760164e-05,0.24868572621325855
47.1,0.028598611854304394,-0.0003554028011497553,0.0006412606360749373,-0.0006178689457775933,-1.1891076393191937e-07,0.0003878168320290216,0.000666882422711386,8.801668121806535e-05,0.2491426845644919
47.2,0.02858696504530443,-0.0003537389277984771,0.0006372151017778962,-0.000619078238160788,-1.1938066395242126e-07,0.00038882069797610335,0.000667781052862849,8.824572984714156e-05,0.2500973962078674
47.3,0.028595284618286778,-0.00035682560381037075,0.0006441114005419572,-0.0006204529732525791,-1.1991566993257024e-07,0.0003898201445012818,0.0006687015891314942,8.848101333908699e-05,0.25099506310627817
47.4,0.028589678302644073,-0.0003580671252676996,0.0006456468580703219,-0.0006218385334737516,-1.2045637465609648e-07,0.0003906183816903521,0.0006696322574168809,8.871961889279524e-05,0.2516769130175942
47.5,0.02859194988780227,-0.00035815037688546517,0.0006465341060730656,-0.0006230782357053867,-1.209409371600729e-07,0.00039153250227450345,0.0006703987286349605,8.891668365958786e-05,0.25200733345440485
47.6,0.0285904959363776,-0.0003594784674655574,0.0006484886135152485,-0.0006245823806680173,-1.2153042172830928e-07,0.000392211368188673,0.0006712994856077613,8.914869869287067e-05,0.252806836545016
47.7,0.028588627401414803,-0.00035949926897543784,0.0006491086163226157,-0.0006257938260253542,-1.2200607400793275e-07,0.0003931926822694063,0.0006721215872600564,8.936116582491791e-05,0.2537559105791362
47.8,0.028586898868698654,-0.0003608193163557728,0.0006509414487680514,-0.0006273526781478033,-1.2261962234320915e-07,0.0003938564371589943,0.0006729124883664563,8.956622147666537e-05,0.2543133286385341
47.9,0.028585265874637444,-0.00036081960004379884,0.0006515378168401543,-0.0006285525478056663,-1.230928925320102e-07,0.00039501181819374335,0.0006738499972502426,8.980985617824726e-05,0.25493064881888466
48.0,0.0285837808846671,-0.0003622429843275357,0.0006538039164853776,-0.0006301127420674199,-1.2370959631364423e-07,0.00039566056785711207,0.0006750983391331784,9.013508602588802e-05,0.25573845384043337
48.1,0.02858215044951644,-0.0003622424664747528,0.0006544050961606824,-0.0006313152537796631,-1.2418607395226382e-07,0.00039661747304689917,0.0006760396825184126,9.038121920460046e-05,0.25627612380574377
48.2,0.028580314616415303,-0.0003635627769197867,0.0006562041085827706,-0.0006328749631439708,-1.2480521251886074e-07,0.00039726321281717943,0.0006795192299392679,9.129190386774037e-05,0.2567852144254331
48.3,0.02856615769012158,-0.0003644899800613202,0.0006568969314691754,-0.0006340759890879877,-1.2528327024813142e-07,0.0003983087227019141,0.0006822683749419813,9.201381063112569e-05,0.25744536179469635
48.4,0.028576969637211968,-0.0003648901746403941,0.0006586671326036421,-0.0006354405795141501,-1.2582722811658888e-07,0.0003992571988932013,0.0006838447466939089,9.242913967013775e-05,0.2578574115317381
48.5,0.028575297503680427,-0.0003663069276703747,0.000660895911466631,-0.0006368448987610636,-1.2638852769770807e-07,0.00039996660009459676,0.000685469347761871,9.285759499464396e-05,0.2581189933269495
48.6,0.028573642664033217,-0.00036631293453283505,0.0006615181327366865,-0.0006380659118824126,-1.2687733171875043e-07,0.000400969683874981,0.0006877634654147654,9.34632186848825e-05,0.25855973880799127
48.7,0.028571959017230107,-0.0003676302765876436,0.0006633504869692503,-0.0006396054258647433,-1.274952328856185e-07,0.00040175432221585804,0.0006896982413014914,9.397472924392805e-05,0.2586029182891354
48.8,0.028570308134057046,-0.000367637794697251,0.0006639410486974269,-0.0006407909145536113,-1.2797192043784602e-07,0.0004026929624894623,0.0006921242751981913,9.461701027809389e-05,0.25955371118338444
48.9,0.028568618117394338,-0.0003689871151937864,0.0006659187627353653,-0.0006423501325912641,-1.2860034821350335e-07,0.0004033533700853064,0.0006936025904928683,9.500965740431718e-05,0.2599565636078862
49.0,0.028566985712538576,-0.0003689868406897812,0.0006665156781262558,-0.000643558996542495,-1.2908861069049685e-07,0.00040435420325904734,0.0006944985503723793,9.524830944910361e-05,0.2605590143235727
49.1,0.02856525403737148,-0.00037030902417282654,0.0006683467436341682,-0.0006451192957760765,-1.297201077848155e-07,0.00040500231576655386,0.0006956103611800612,9.554488099896586e-05,0.2613758657812973
49.2,0.028563626304595434,-0.00037030874348726494,0.0006689496495119008,-0.0006463194431710978,-1.3020701595275523e-07,0.00040615487845655163,0.0006965499118482793,9.579612949781011e-05,0.2616293822898476
49.3,0.02856193776201438,-0.0003717506189969975,0.0006712611147175037,-0.0006478748438933095,-1.308391469585724e-07,0.0004067843620704458,0.0006973391115521811,9.60075685715888e-05,0.26215061464051137
49.4,0.0285463481241297,-0.0003732566537573432,0.000672893149820364,-0.0006490635081060529,-1.313235316962499e-07,0.00040774960232207677,0.0006981693680963642,9.623042636670426e-05,0.2628590417889815
49.5,0.02855887223350932,-0.00037304231432899694,0.0006736003094239814,-0.0006504285242880157,-1.3188056206539956e-07,0.00040869646988400205,0.0006989693283689451,9.644556404311926e-05,0.26300419194101604
49.6,0.028555723591824504,-0.00037440370603908325,0.0006756113661845327,-0.0006518340371038296,-1.324556202184783e-07,0.00040939569304539316,0.0006998072496247876,9.667130808178756e-05,0.2638049474047753
49.7,0.02855530288854775,-0.0003743746339567518,0.0006760565246342518,-0.0006530640165806124,-1.3295965077228864e-07,0.0004104125410211016,0.0007019349641605307,9.724610629004027e-05,0.26422783046352966
49.8,0.028553832609442303,-0.00037579141952640596,0.0006783312844356982,-0.0006545943710518056,-1.3358834153327737e-07,0.00041120090786794664,0.0007019349641605307,9.724610629004027e-05,0.26422783046352966
49.9,0.028552187296089555,-0.00037579715195383036,0.0006789239579807528,-0.0006557975153848397,-1.340835155408914e-07,0.0004121462492574252,0.0007028709678006089,9.749924935600726e-05,0.26401747857774116
50.0,0.028550353896585102,-0.0003771167586225287,0.0006807242874075235,-0.0006573569879435617,-1.3472679320875514e-07,0.0004128038747712528,0.0007041516455056522,9.784572111772124e-05,0.26461761434025705
50.1,0.02854872205559248,-0.00037711550252259187,0.0006813216090937346,-0.0006585572970695242,-1.3522296619737546e-07,0.0004138467219808337,0.0007069028229851143,9.859096356822429e-05,0.2651631827564784
50.2,0.028547007585041723,-0.000378445266292318,0.000683186783601519,-0.0006601175418234347,-1.3586919053956757e-07,0.00041449388514642696,0.0007086265361217226,9.905918863709195e-05,0.2657016106071211
50.3,0.02854537746354882,-0.0003784444511457911,0.0006837877362364804,-0.0006613263692066303,-1.3637106853242252e-07,0.0004155072133821893,0.0007104313656584889,9.955058808166443e-05,0.26658667169660977
50.4,0.028543680043270455,-0.000379868376565457,0.0006860385446881596,-0.0006627638939954567,-1.3696883141288323e-07,0.0004166577950001679,0.0007122576977050322,0.00010004899230095676,0.2668140679635551
50.5,0.028527433260070328,-0.0003813039860600766,0.0006876755890020982,-0.0006640871657742763,-1.3752053558378375e-07,0.0004172962400542911,0.0007144368231865327,0.00010064464772469805,0.26738907572804066
50.6,0.028540345077370757,-0.0003811933035518001,0.000688462302896475,-0.0006654168095994496,-1.380757133210497e-07,0.0004181379738184687,0.0007165333838043559,0.00010121901626216804,0.267965572180156
50.7,0.028537072912672462,-0.00038250214404623306,0.0006903600840338656,-0.0006668320844344271,-1.386681455548327e-07,0.00041889658950834826,0.0007186466840143973,0.00010179930548171063,0.2686108324472569
50.8,0.028537022428855047,-0.0003825422970759639,0.000691037944830416,-0.0006680532078205108,-1.391800993905843e-07,0.0004198536827943337,0.0007195381857411548,0.00010204486902785353,0.2686078241165011
50.9,0.028535372866059606,-0.00038393004403830967,0.000693160412205964,-0.0006696014761907622,-1.398307894287243e-07,0.0004205465412164628,0.0007204283740749684,0.00010229035061141064,0.26968579006384014
51.0,0.028533729395659763,-0.000383933718095982,0.0006937492879284595,-0.0006708020557764725,-1.4033628271867618e-07,0.00042168929087989406,0.0007213654765862136,0.00010254932735732661,0.27020173274551273
51.1,0.02853197625963511,-0.0003853049231751477,0.0006957848833517082,-0.000672361731237325,-1.409943952089893e-07,0.00042234497545003184,0.0007221332067564865,0.00010276197098077624,0.2704993829961854
51.2,0.02853034494459993,-0.0003853045299991121,0.0006963836736253561,-0.0006735453707851662,-1.4149488121018808e-07,0.0004232916894867474,0.0007230429566175459,0.00010301428498834721,0.27107691338767737
51.3,0.028528702422759632,-0.0003866097627212873,0.0006981498339825552,-0.0006751056050693143,-1.4215584712936516e-07,0.0004239384060296258,0.0007238974303856975,0.0001032517639168301,0.2715854406824805
51.4,0.028527071913652644,-0.000386609824823701,0.0006987526832073083,-0.0006763160768242185,-1.4266985790098e-07,0.00042494010114104525,0.0007247231939111851,0.00010348162388364416,0.271738350836054
51.5,0.02852552449101582,-0.00038790831772804414,0.0007005565425769833,-0.00067775323488525,-1.4328106350455695e-07,0.0004261362592833519,0.0007255534857839051,0.00010371289178677206,0.2716894214065865
51.6,0.028509431637153203,-0.00038936061258407683,0.0007024820849907392,-0.0006790766920027067,-1.4384535599621937e-07,0.00042674673614770593,0.000726601017906487,0.00010400483831781106,0.2721741010514046
51.7,0.028522224064419514,-0.00038935264819072254,0.0007034478488460024,-0.0006804054368999222,-1.4441272320574312e-07,0.0004275817273574737,0.0007277317678714806,0.00010432039983101243,0.272555944477814
51.8,0.028519336328515603,-0.0003906126085057493,0.0007051370588650731,-0.0006818395528964651,-1.4502660681121933e-07,0.00042835079742869586,0.0007301032909804102,0.00010498318554459993,0.27333720078151647
51.9,0.02851895832339419,-0.00039066377680266405,0.0007058355701069243,-0.0006830468395860491,-1.4554418975511856e-07,0.0004293588092684323,0.0007328526632706277,0.00010575370395565215,0.2741048184380292
52.0,0.028517214107283227,-0.00039197039024913276,0.0007076711789977151,-0.0006846003189434583,-1.462117601597591e-07,0.00043004200160844883,0.0007349827391926285,0.00010635234850268605,0.27427795612169426
52.1,0.028515573954932375,-0.0003919743554327484,0.0007082690771304083,-0.0006858091453363237,-1.467321796831151e-07,0.0004310471822953841,0.0007367840880576599,0.00010685945261739493,0.27479008681310085
52.2,0.028513717893219038,-0.0003934236660549807,0.000710565276559701,-0.000687369232312665,-1.4740522582769313e-07,0.00043170054917717686,0.0007383921669309254,0.00010731274135561673,0.2749633143393878
52.3,0.02851208706318539,-0.00039342220575161707,0.0007111634912085128,-0.0006885696322971436,-1.4792418290153697e-07,0.00043284242902601086,0.0007410144053260253,0.00010805281169250008,0.27589117544541036
52.4,0.028510382022901827,-0.00039474940576666496,0.0007129887956262957,-0.0006901297334696851,-1.4859986379176778e-07,0.0004334891874809802,0.000742854216482724,0.00010857390352146087,0.27670706133169004
52.5,0.028508808231559813,-0.00039473848154080495,0.0007135614386962429,-0.0006913147184865623,-1.4911429092929333e-07,0.0004344450201014926,0.0007452716920966412,0.00010926015394658808,0.2773843995955086
52.6,0.02850709287598189,-0.0003960671529845845,0.0007154249546507735,-0.00069274339729999,-1.4973541043933449e-07,0.0004354759565714465,0.000746132859273416,0.00010950584227141986,0.277760496266703
52.7,0.02849163741544395,-0.0003974667257086569,0.0007173013477753404,-0.0006940843458328038,-1.5031984558428214e-07,0.00043609627112866387,0.0007472218687815156,0.00010981651083064721,0.27832698432541103
52.8,0.028503696829889194,-0.000397419066883328,0.0007179962590937002,-0.0006953944071004433,-1.5089163284993757e-07,0.00043702774190998873,0.0007481482285267271,0.000110081306188908,0.2788450530455426
52.9,0.02850251317355311,-0.0003987310169184884,0.0007199325542875304,-0.000696844868162082,-1.5152623660839014e-07,0.00043789570007785224,0.0007489510391004209,0.00011031122220875382,0.2793242510282765
53.0,0.028500380847069403,-0.0003988607285778007,0.0007209122406470252,-0.0006980334590185474,-1.5204705392484192e-07,0.00043881147070188437,0.0007498576606022816,0.00011057125747698846,0.27981669107303936
53.1,0.02849895282918714,-0.00040015009244083585,0.0007226539292069168,-0.0006995889581171769,-1.5273019925176718e-07,0.0004394903837362141,0.000750624157168162,0.00011079140530981357,0.2797551897156038
53.2,0.028497315547877756,-0.00040015269298040513,0.0007232521274553043,-0.0007007992573221158,-1.5326270584181017e-07,0.00044048453634887974,0.0007514470541085579,0.0001110277535867787,0.27960222842121224
53.3,0.02849537725944275,-0.00040148607592087435,0.000725110377803813,-0.0007023594998477023,-1.5395057267930566e-07,0.0004411373151937577,0.0007522662190536254,0.0001112630901825015,0.27999680448170516
53.4,0.02849374662861148,-0.000401484942913636,0.0007257086988203814,-0.0007035597263911335,-1.544808168194202e-07,0.0004422969772692966,0.0007531974939008668,0.00011153097832577166,0.28066980743328684
53.5,0.02849226082032202,-0.00040290876658884546,0.0007279768346858522,-0.000705119795731418,-1.5517123624445838e-07,0.00044294325939552644,0.0007544426296563799,0.00011188995005833071,0.2816324552361603
53.6,0.02849043148200555,-0.0004029279027001361,0.0007286263448690142,-0.000706322800007365,-1.5570487668143338e-07,0.00044390298951315716,0.0007553769034612357,0.0001121601144830998,0.2818274335321158
53.7,0.02848899462689261,-0.0004042202246047452,0.0007303658005539133,-0.0007077345402946016,-1.563319966477273e-07,0.0004449099271717097,0.0007573749314919021,0.00011273819082557004,0.28195290703509934
53.8,0.028476166902820652,-0.00040554658982211976,0.0007321168170961925,-0.0007090837868720428,-1.5693281277170472e-07,0.00044559564775009224,0.0007598434961796996,0.00011345335157292279,0.2825087065906116
53.9,0.028485449533057237,-0.0004055560726217298,0.000732843278694443,-0.0007103584261857972,-1.5750119030941553e-07,0.00044662212807178905,0.0007614512246725089,0.00011392012620911446,0.28288949398592517
54.0,0.028483600089751676,-0.0004068914832550155,0.0007348451329182318,-0.0007118529347068391,-1.58169196611136e-07,0.00044725525960970556,0.0007627922908131154,0.00011430999276988092,0.2831240282659307
54.1,0.028482122523437244,-0.0004069790663841685,0.0007356958854051712,-0.0007130573494831113,-1.58708375486273e-07,0.0004483743519103612,0.0007653923479726696,0.00011506637319053064,0.28361368027134987
54.2,0.028480422663840283,-0.0004083029896698664,0.000737524763134592,-0.0007146136910616756,-1.5940663382171506e-07,0.00044904480638036467,0.000767153740681431,0.00011558003289873617,0.2842836131521027
54.3,0.028478787919080407,-0.00040830420609448275,0.0007381204623885599,-0.0007157983947948898,-1.5993911405294928e-07,0.0004499943320586791,0.0007695657344118478,0.00011628488697900337,0.28525268186766395
54.4,0.02847712991281206,-0.00040962347310611783,0.0007399577459588191,-0.0007173586468084307,-1.6064174790100514e-07,0.0004506456067944378,0.0007710577584044751,0.00011672264886105912,0.2858871931920587
54.5,0.02847549905771552,-0.0004096220455267961,0.0007405566680117522,-0.0007185679148317525,-1.6118744825630985e-07,0.00045165054659509904,0.000771947292084986,0.00011698431125788876,0.28608331996936465
54.6,0.02847373297782093,-0.0004109760322633062,0.0007425294979587349,-0.0007201280054714238,-1.6189264466164386e-07,0.00045229635934524603,0.0007728502355969642,0.00011725009691337087,0.28663401208579997
54.7,0.02846773231535201,-0.0004108978282287259,0.0007443589633734205,-0.0007213286874090471,-1.6243664131209277e-07,0.00045345173375633104,0.0007737829429673575,0.00011752499530217603,0.2869837739479949
54.8,0.02847041668552743,-0.0004124177248477538,0.0007454458610900839,-0.000722722700005139,-1.6306908146394945e-07,0.0004543575505666972,0.0007745360746622284,0.00011774741528748614,0.28766842662569747
54.9,0.028460903365412155,-0.0004136594466436424,0.0007469410991112678,-0.0007240730017770114,-1.6368314135798657e-07,0.00045504790148569814,0.0007754335546474839,0.0001180128762275467,0.28808304327103096
55.0,0.028467351065135763,-0.0004137096445485792,0.0007477867109872634,-0.0007253482793192501,-1.642638752635271e-07,0.0004560725683625127,0.0007762587852606836,0.00011825757076261037,0.28904270316427266
55.1,0.02846561741377557,-0.0004150043406664397,0.000749625272897612,-0.000726843770746222,-1.6494646758700071e-07,0.00045669576899871927,0.0007770336177153361,0.00011848792386872972,0.2895416494546653
55.2,0.028463781678615775,-0.00041504215631082395,0.0007502444368317075,-0.0007280469583396665,-1.6549649032627875e-07,0.0004578357825593463,0.0007779489771681445,0.0001187605022991488,0.2898695038509657
55.3,0.028462100352407385,-0.0004164824914825072,0.0007525660753931619,-0.0007296043305219692,-1.6620994393856707e-07,0.00045850276209218104,0.0007791851920081822,0.0001191291915159878,0.2904751118572602
55.4,0.028460410644091785,-0.00041639749320480473,0.0007528358177324557,-0.0007308069951025844,-1.6676189249111968e-07,0.0004594571097594357,0.0007801173803528076,0.00011940788463357306,0.2909548247972913
55.5,0.028458831047702818,-0.0004177855274848837,0.0007549148560307212,-0.0007323671872467324,-1.6747927107234764e-07,0.0004601075524710532,0.000783197745820109,0.0001203297779114028,0.2917230625026193
55.6,0.028457400539607103,-0.0004177762169930107,0.0007555015841977941,-0.0007335679449774187,-1.680325155426771e-07,0.0004611540535049375,0.0007859265844876823,0.00012114927593726497,0.29273386896750425
55.7,0.028455645392721277,-0.00041908806138511614,0.0007573361762300586,-0.0007351280499572916,-1.687524841847467e-07,0.00046180037705434153,0.0007876751880149357,0.00012167608789734188,0.2927452549450656
55.8,0.028447240156156052,-0.0004215481109072875,0.0007642326822752024,-0.000736337316241059,-1.693118359795731e-07,0.0004628153297400539,0.0007894674310771828,0.00012221672700930592,0.29354828357349844
55.9,0.028452344803432866,-0.000420532586247661,0.0007602287581682162,-0.0007377126311295544,-1.6994881647697217e-07,0.00046380953750826764,0.0007913923480794253,0.00012279819165405347,0.2936115912478582
56.0,0.02844447768412189,-0.0004217857675864442,0.0007617703254323292,-0.0007390983426982777,-1.7059210357095158e-07,0.00046460597497448996,0.0007936545276471536,0.0001234821427931584,0.29389846625986416
56.1,0.028448822891469928,-0.0004218619038475452,0.0007626587458770666,-0.0007403382914006978,-1.711685002568016e-07,0.0004655252392040187,0.000795750403341149,0.00012411704890380977,0.29495593936807507
56.2,0.028447204765961184,-0.00042316852878850455,0.0007645081559117931,-0.0007418435065209436,-1.7186977596459246e-07,0.00046620800539309506,0.000797517784369963,0.0001246537730695186,0.29521672837120977
56.3,0.028445533846459512,-0.0004231797295988493,0.0007650958259440148,-0.0007430549458314948,-1.7243505832704227e-07,0.0004671942535646314,0.000798404414582964,0.00012492372478167018,0.29561335096072233
56.4,0.028443840373631044,-0.00042460284001024577,0.0007673529143455665,-0.0007446131379373368,-1.731636435744024e-07,0.0004678597602918101,0.0007994964313514601,0.0001252565484079917,0.2965304834846479
56.5,0.02844220702540261,-0.00042460283721352214,0.0007679489626807874,-0.0007458134071956857,-1.7372587902824348e-07,0.0004690102844742319,0.0008004263649016639,0.00012554081772600488,0.2974151432732597
56.6,0.028440502476850822,-0.0004259298579779437,0.0007697753060239568,-0.000747373624942775,-1.7445804323485538e-07,0.00046966004562258915,0.0008012129798933167,0.00012578195167116878,0.2979751277462531
56.7,0.028438872556729604,-0.0004259281507008184,0.0007703741465556224,-0.0007485577297605635,-1.7501483786452717e-07,0.0004706102477458984,0.0008021154966017974,0.0001260591298705652,0.29864253392821194
56.8,0.028437386550760665,-0.0004272673087146532,0.0007723262962415676,-0.0007501178053783164,-1.7574955513700355e-07,0.0004712564103980831,0.0008028436484644186,0.00012628317199143044,0.2985954752557329
56.9,0.028424302732421847,-0.00042780148618967,0.0007730641199509498,-0.0007513287197543331,-1.7632113726960868e-07,0.0004722595952726335,0.0008036623589667418,0.00012653532626381606,0.2993118439091851
57.0,0.02843381665549569,-0.00042860018454297054,0.0007747852229899457,-0.0007527029005158589,-1.769706046830438e-07,0.0004732644721103174,0.0008045205621791733,0.00012680008981854653,0.29972384155060594
57.1,0.028430582824651603,-0.0004299075218427481,0.0007766005803863815,-0.0007540895597469894,-1.7762745861814757e-07,0.0004740678247667075,0.0008054354606483137,0.0001270827739879833,0.30008356883141213
57.2,0.028430500462362663,-0.0004300419864186473,0.0007777025123323501,-0.0007553286309771053,-1.782151808442146e-07,0.00047498025944839404,0.0008066885693288409,0.00012747046546394158,0.3005939116817857
57.3,0.028429093909549764,-0.0004313261430731345,0.0007794534731224356,-0.0007568526552294853,-1.7893964956036606e-07,0.0004756736391783499,0.0008075947961637178,0.00012775144779085534,0.3010725180556938
57.4,0.02842723498930983,-0.00043134174570811463,0.0007800555800818845,-0.0007580544387842818,-1.7951182210699198e-07,0.0004767058168860658,0.000810320554476,0.00012859706803018575,0.30121618740305867
57.5,0.028425522902827474,-0.0004326699442410658,0.0007819231478776692,-0.0007596136654229876,-1.802556544755748e-07,0.0004773665786024298,0.0008122115916710086,0.00012918494005272632,0.3019814608082401
57.6,0.028423890154255525,-0.0004326697765168126,0.0007825215808815767,-0.0007608225040319627,-1.8083337179321765e-07,0.00047837851288596325,0.0008139988861128951,0.0001297417447524322,0.3025965722316628
57.7,0.028422380478149746,-0.0004340901690658557,0.0007847707062148601,-0.0007623828208343952,-1.8158036233127316e-07,0.0004790269516753944,0.0008156427422073953,0.00013025484650218094,0.3029362425839856
57.8,0.028420750012889472,-0.00043408984782420014,0.0007853722501056944,-0.0007635836778359747,-1.8215643539267415e-07,0.000480172129718187,0.0008182441355364454,0.00013106749701777317,0.303123182438294
57.9,0.028418857827042805,-0.00043542034242549573,0.0007872021011340978,-0.0007651433291667632,-1.82905737578205e-07,0.0004808180610963134,0.0008199128002782911,0.0001315898035904405,0.3037972315869625
58.0,0.02840475730805488,-0.00043633955829815234,0.0007878668714178856,-0.0007663290461199067,-1.8347668695007937e-07,0.0004817758076671163,0.0008223093582946436,0.00013234072169886213,0.3040386505552787
58.1,0.02841553480769358,-0.00043676964215659737,0.0007897802762656888,-0.0007676935040883542,-1.8413448468426075e-07,0.0004827216233613595,0.0008231894272867344,0.0001326171812670785,0.304341749032574
58.2,0.02841312633540444,-0.0004381399570141253,0.0007918151335836805,-0.0007690989135756758,-1.8481353245394415e-07,0.0004834287032612861,0.0008240716457459595,0.0001328943565872996,0.30454330686178943
58.3,0.028412172507704784,-0.0004380904090881547,0.0007922129485175025,-0.000770311960472446,-1.854004027050118e-07,0.0004844604790915453,0.0008249891806063957,0.00013318294540569795,0.30523335120769673
58.4,0.02841050505192469,-0.00043952617912207197,0.0007945475581402883,-0.0007718596616267726,-1.861507824027599e-07,0.0004852299204398014,0.0008257544554588485,0.000133424149486493,0.3058538721749656
58.5,0.028408856423219706,-0.0004395323759634145,0.0007951306771216197,-0.0007730443267717059,-1.8672603337058447e-07,0.00048616742091691983,0.0008266545242310411,0.00013370831359050192,0.3063887645155012
58.6,0.028407216124541917,-0.00044083636773406873,0.0007969005381477201,-0.0007746039942118413,-1.8748484033126356e-07,0.00048682632075373406,0.0008275167004195911,0.00013398092935840432,0.30646347530195206
58.7,0.028405583684612077,-0.000440836210993946,0.0007974977052958873,-0.0007758144365306836,-1.8807479233320683e-07,0.00048782679467704787,0.0008283341947895414,0.00013423971016540172,0.30696137139748736
58.8,0.028404036280090805,-0.0004421364048337677,0.0007993071450054739,-0.0007773747799127835,-1.888365678456965e-07,0.0004884751130577035,0.0008291340556957222,0.00013449334468743546,0.30769129874621054
58.9,0.02840241031315511,-0.00044213534688289537,0.0007999076961235028,-0.0007785754689744004,-1.8942394054595126e-07,0.0004896379199232455,0.0008300575332782779,0.00013478676774367806,0.30834872958146936
59.0,0.02840073550782684,-0.0004435811682130898,0.0008022005883157066,-0.0007800363332148514,-1.9013955969539475e-07,0.0004906654000170073,0.0008312886973426796,0.00013517866713907962,0.3087594098454312
59.1,0.028384509962161783,-0.0004450714388634341,0.0008038565077848403,-0.0007813388055644176,-1.9077902008258392e-07,0.0004912451521643304,0.0008336462238919219,0.0001359301075914227,0.3090961484179194
59.2,0.028397269259599903,-0.00044490082099615547,0.0008046035441703202,-0.0007826844438825092,-1.914404978985243e-07,0.0004921809820368242,0.0008359930281977861,0.00013667953117097332,0.30967940592226323
59.3,0.028394014991602833,-0.0004462357113375072,0.0008065621969565008,-0.000784100035052966,-1.9213787304660363e-07,0.0004929394074581993,0.0008383312939138966,0.000137427498011391,0.3100000552759081
59.4,0.028393924103548393,-0.00044622875505539956,0.000807070079933121,-0.0007853214853680068,-1.9274039827884873e-07,0.0004939003396982768,0.0008400755690802651,0.00013798645078317206,0.31046829711129587
59.5,0.028392240561450628,-0.00044764858408907776,0.0008093362978096788,-0.0007868694193663325,-1.935055631149991e-07,0.0004946007857978681,0.0008415076511609169,0.00013844601668898754,0.3108070912295517
59.6,0.028390597052575524,-0.00044765199588368403,0.0008099242969405919,-0.0007880707147009518,-1.9410030194376308e-07,0.0004957361434202669,0.0008440975943316419,0.00013927786820789432,0.3114085866818868
59.7,0.02838889352745852,-0.0004489782890981687,0.00081175215734024,-0.0007896304052903121,-1.948739118446907e-07,0.0004963921696885685,0.0008459583622327032,0.00013987674163325236,0.3116681462926909
59.8,0.028387262372117292,-0.00044897741561084346,0.0008123505279395584,-0.0007908153341766153,-1.954626817187826e-07,0.0004973472860645168,0.0008483507070604667,0.00014064719657298007,0.31175100401498035
59.9,0.028385569533705093,-0.00045032863093796306,0.0008143299036739032,-0.0007923756094902594,-1.9623920468820068e-07,0.0004979947221816522,0.0008495047099359441,0.0001410192017826671,0.31181556259291293
60.0,0.028383938997669368,-0.00045032889155147794,0.0008149331344728739,-0.0007935853621909003,-1.9684249093600295e-07,0.0004990027318667557,0.0008503871832835447,0.00014130380095790288,0.3121069797897631
60.1,0.028382206666517126,-0.00045164967548789293,0.0008167630723205198,-0.0007950166084073257,-1.9755716017395733e-07,0.0005001772877628313,0.0008514906720095476,0.0001416598710343397,0.3124030809367068
60.2,0.028366049956009116,-0.00045311616696262075,0.0008186719630153516,-0.000796346379595863,-1.9822261961638054e-07,0.0005008052267829251,0.0008522963345166884,0.00014192030463431262,0.31318771650230837
60.3,0.02837889029539762,-0.0004530915870511949,0.0008196812810610357,-0.0007976757208663158,-1.9888868520097881e-07,0.0005016425637204955,0.0008531879740217354,0.00014220888344031445,0.31325419293218143
60.4,0.028375818467543834,-0.00045434281971223477,0.0008213434242690602,-0.0007990909350293321,-1.9959927997705753e-07,0.0005024029903537353,0.0008540000286884171,0.00014247201657983645,0.3137141878001993
60.5,0.028375824579606537,-0.0004543837612005566,0.000822023721777481,-0.0008003106187689183,-2.00212491263259e-07,0.0005033614258404553,0.0008547783479239459,0.00014272463347271696,0.31444282227030795
60.6,0.028374080023669274,-0.0004556908906655042,0.0008238625002733154,-0.0008018619422810163,-2.0099402386722445e-07,0.0005040526632386249,0.0008555706353798112,0.00014298223446241047,0.3147929387349823
60.7,0.02837227958988111,-0.00045571967919978755,0.0008245026404486052,-0.0008030628385751449,-2.0159995130986028e-07,0.0005052069125355013,0.0008564894396484152,0.00014328135831318014,0.31514717877090254
60.8,0.02837077081184012,-0.0004571394284959193,0.0008267527134275418,-0.0008046227281452206,-2.0238843425504126e-07,0.0005058614450902607,0.0008577251612440848,0.00014368419595501614,0.3157348502206035
60.9,0.028369139283450008,-0.00045713973355455446,0.0008273541269449482,-0.0008058256792362987,-2.029975699577332e-07,0.0005068207134411988,0.0008586503585067153,0.00014398647738409883,0.31625952543302666
61.0,0.02836730355659691,-0.0004584604899654456,0.0008291566104116481,-0.0008073858241614935,-2.037888168736052e-07,0.000507468053845038,0.000860269633410766,0.00014451619726881621,0.31688893806166796
61.1,0.028365673636937212,-0.00045845966455327025,0.0008297577306423784,-0.000808587076059542,-2.043992674323307e-07,0.0005085174011343254,0.0008629761788405542,0.00014540315270901948,0.31733747415088465
61.2,0.028363958018643536,-0.0004597885188018823,0.0008316235661757385,-0.0008100055039858235,-2.0512098260199528e-07,0.0005096579467536522,0.0008644887220420075,0.00014590018283306886,0.3178462025455228
61.3,0.028348503112671786,-0.00046118987421377784,0.0008335000024742693,-0.0008113566961775904,-2.058099665306712e-07,0.0005101800701747313,0.0008659094892453909,0.00014636775738178468,0.3183822965469754
61.4,0.028360630484564064,-0.00046121188433862983,0.0008344787090997445,-0.0008126673357692993,-2.064790872982459e-07,0.0005111063783515311,0.0008682253225416341,0.0001471305747174232,0.31860887563328893
61.5,0.02835853566127706,-0.00046245985376768163,0.0008361474027007476,-0.000814117947105352,-2.072212110442776e-07,0.0005119724468405686,0.0008700265218196015,0.00014772494475086544,0.3192089786415864
61.6,0.028357295401515804,-0.00046253729241523385,0.0008369057441195303,-0.0008153100414692111,-2.0783186890311847e-07,0.0005128935365097767,0.0008723932808886589,0.00014850686976554427,0.3195191373160546
61.7,0.028355611137275548,-0.00046388416383173536,0.0008388917299186896,-0.0008168633546431602,-2.0862912479772984e-07,0.0005135761809301459,0.0008741709801078282,0.00014909508245789532,0.31979195494071605
61.8,0.02835397250832759,-0.00046388686345356174,0.0008394845077348293,-0.000818073097448832,-2.0925100132188322e-07,0.0005145762012069479,0.0008750509796281194,0.00014938690739787924,0.3204298692530758
61.9,0.028352241290557238,-0.0004652088358446666,0.0008413194566649886,-0.0008196332253364865,-2.1005439646965032e-07,0.0005152297456262765,0.0008759357780659917,0.00014968062190203138,0.32084783844683823
62.0,0.028350610634187923,-0.00046520785541424235,0.000841918090158829,-0.0008208338107082373,-2.106737374448275e-07,0.0005163847898213989,0.0008768586381672044,0.00014998736640015113,0.321340068280476
62.1,0.02834892417457697,-0.0004666514003277184,0.0008442370980994867,-0.0008223939436533891,-2.1147976892181962e-07,0.0005170318742398899,0.0008776087441979018,0.0001502372483425663,0.322220724070497
62.2,0.028347295222819143,-0.00046665120754024524,0.000844838453923114,-0.0008235785443373975,-2.1209300001369162e-07,0.0005179848443956185,0.0008785043385893265,0.00015053611689999982,0.3226679693958704
62.3,0.028345858098588972,-0.0004679436851569871,0.0008465802321954881,-0.000825004184773266,-2.128319054176204e-07,0.000518988464920505,0.0008793291699642526,0.00015081195362935782,0.3233114117810793
62.4,0.028331869041079812,-0.0004692859750834704,0.0008483344088540782,-0.0008263497811101657,-2.1353078748100362e-07,0.0005196356626112986,0.0008800842924695858,0.00015106485742100587,0.3233777515300518
62.5,0.02834247287040552,-0.00046925472718278735,0.0008490172439523812,-0.0008276293422757367,-2.141961537602338e-07,0.0005207214453611046,0.000880980214510742,0.0001513650965987279,0.3235783519576847
62.6,0.028340690533237213,-0.0004706507191766899,0.0008511344797202891,-0.0008291108412278317,-2.149681081130888e-07,0.0005214455803269472,0.0008822218161759739,0.00015178156427298769,0.32418286623019665
62.7,0.02833897188613522,-0.0004707188047545446,0.0008519597063731593,-0.0008303188204734289,-2.155983672501053e-07,0.0005223773007073338,0.0008831254338648808,0.00015208516535852556,0.3243803438886311
62.8,0.02833754360045653,-0.00047200861683686403,0.0008537046706064822,-0.0008318741701565681,-2.164114180854371e-07,0.0005230531725266313,0.0008858112997308144,0.00015298768964394204,0.32424223114080347
62.9,0.028335706332077267,-0.00047201873234405676,0.0008543141268465103,-0.0008330751496761651,-2.1704019302426038e-07,0.0005240962365699137,0.000888514343534694,0.00015389720534183718,0.32553646425644217
63.0,0.028333992276830734,-0.0004733483420308393,0.0008561826352557407,-0.0008346354231053861,-2.1785845409205016e-07,0.0005247478458921361,0.0008904348447837847,0.00015454501070626253,0.3255586501658968
63.1,0.028332361395302243,-0.00047334707368869934,0.0008567818631598085,-0.0008358446596433529,-2.1849374273755917e-07,0.00052576384894288,0.0008922078410949107,0.000155143957949203,0.32632506207907225
63.2,0.028330663919248766,-0.00047477242255985504,0.0008590381841139901,-0.0008374047849184659,-2.1931456584725269e-07,0.0005264099216654729,0.0008939525690624999,0.00015573444711792703,0.32691966087913454
63.3,0.028326799891491224,-0.000473602633038896,0.0008581789338676239,-0.0008386061571425268,-2.1994789759369559e-07,0.000527557969589775,0.0008965335376970709,0.00015660943422859532,0.3276998426402808
63.4,0.028327328379330937,-0.0004760979831539264,0.0008614659637962317,-0.0008400005811849905,-2.2068385784583914e-07,0.0005284704161001379,0.0008983040723151232,0.00015721134064281732,0.3280852150073728
63.5,0.028316147534938434,-0.0004773959741454789,0.0008631735190855413,-0.0008413517743161304,-2.213984579337477e-07,0.0005291630992220093,0.0009003551500064168,0.00015790954042839634,0.3286566862708273
63.6,0.02832400525187818,-0.00047744752489158634,0.0008640457320374269,-0.0008426264121237188,-2.2207335939993316e-07,0.0005301870697520491,0.0009012300320897796,0.0001582082539936508,0.3290554220071549
63.7,0.028322228846228446,-0.00047873880734114135,0.0008658809173931576,-0.0008441218755027155,-2.2286677108488824e-07,0.0005308177117955274,0.0009023023367293163,0.00015857448682687298,0.32947891849179056
63.8,0.028320642915067737,-0.00047876854415847866,0.0008664800456298333,-0.0008453264292896589,-2.2350668604952296e-07,0.0005319504785155267,0.0009032217205940322,0.00015888898575758264,0.3300360581716652
63.9,0.028318961347808543,-0.0004802092364944266,0.0008688042852399895,-0.0008468828472521896,-2.2433505713944412e-07,0.0005326207324884249,0.0009040055012095029,0.00015915745249496106,0.3302168880983923
64.0,0.028317326728814186,-0.0004802108245274372,0.0008693995169261534,-0.0008480670733041329,-2.249663001368025e-07,0.0005335680550656197,0.0009048985083894734,0.00015946361196099795,0.33071111159162925
64.1,0.028315891858638302,-0.0004815038441280538,0.0008711420449533121,-0.0008496274196904908,-2.257993877517971e-07,0.0005342188418378626,0.0009056359610194462,0.00015971688350892364,0.3313215793959306
64.2,0.028314261221018707,-0.0004815033406975891,0.000871742540357913,-0.0008508382898047748,-2.264470205851515e-07,0.0005352232303561668,0.0009064468427567799,0.00015999569829789524,0.33144322084769806
64.3,0.028312505811423347,-0.00048281539341445926,0.0008735794860907481,-0.0008523983922834362,-2.2728261921256462e-07,0.0005358695315806029,0.0009072746245165479,0.00016028071508000468,0.33220884731734057
64.4,0.028304100945316782,-0.00048527642571463713,0.0008804761597813739,-0.0008535996134819588,-2.279272702007637e-07,0.0005370349497147668,0.0009094236675736823,0.00016102276027680492,0.33358847715410817
64.5,0.028309004609604838,-0.0004842797210002637,0.0008765228613078328,-0.0008549930215056772,-2.2867590773278965e-07,0.0005379384066768547,0.0009094236675736823,0.00016102276027680492,0.33358847715410817
64.6,0.02830133853470781,-0.00048551437722429763,0.0008780163629092675,-0.0008563631851016489,-2.294135360628943e-07,0.0005386437258710911,0.0009103312101127617,0.00016133724376554283,0.3340492867790275
64.7,0.02830573867707739,-0.00048558000184104283,0.000878878930128924,-0.0008576190716026816,-2.3009042852468454e-07,0.0005396573378571034,0.0009126625365042095,0.00016214583990955525,0.33466008586494556
64.8,0.028304064245444467,-0.0004868966258794777,0.0008807576752727697,-0.0008591246508443995,-2.3090348206046022e-07,0.0005403396267744338,0.0009147246768808687,0.00016286304597284832,0.3355914059167165
64.9,0.028302553702127406,-0.00048688318923961076,0.0008813043065303435,-0.0008603360934153294,-2.315585666271354e-07,0.0005413370059475365,0.0009164855817067664,0.00016347686097792344,0.3357018459708078
65.0,0.02830088719286355,-0.0004883265283674493,0.0008836005191085296,-0.0008618942682168622,-2.3240265592646207e-07,0.0005420027798095293,0.0009179511936948251,0.0001639884897724837,0.3362543819047447
65.1,0.02829925292970205,-0.0004883283116644012,0.0008841997934883823,-0.0008630952410204212,-2.3305424807837836e-07,0.0005431458996031275,0.0009205223330442129,0.00016488677488720398,0.33663355556774593
65.2,0.02829741773571494,-0.0004896490690187597,0.0008860035754094463,-0.0008646554800865447,-2.339020924374623e-07,0.0005437959845286244,0.0009222121025463732,0.00016547809531829852,0.3367778381862126
65.3,0.0282957873055785,-0.0004896472412484117,0.0008866017291327812,-0.0008658408538902595,-2.3454736082267193e-07,0.0005447546779614481,0.0009245840222880806,0.0001663089089889621,0.33761343050787135
65.4,0.028294038002524752,-0.000491008893909612,0.0008886119524939526,-0.0008674009985016305,-2.3539777899407367e-07,0.0005454014317545051,0.0009257525191976588,0.0001667193406705196,0.3380037659163566
65.5,0.02828242486104135,-0.0004893164170189727,0.0008844263388987771,-0.0008686111738359241,-2.3605873212686202e-07,0.0005464109131263453,0.0009266273391115887,0.0001670270675399017,0.3384757025879612
65.6,0.02829067515510498,-0.0004923300486757202,0.0008910469259064604,-0.0008699859077645719,-2.3681038270845004e-07,0.0005474108949910604,0.000927523586112873,0.00016734262855165982,0.3388972743045801
65.7,0.0282874420833123,-0.0004936377413161895,0.0008928623239784667,-0.0008713724133375935,-2.37569963448405e-07,0.0005482150055500112,0.0009284296612294315,0.00016766215985072687,0.3396844259541587
65.8,0.02828735869686945,-0.0004937722316468591,0.0008939668875614722,-0.0008726120276174501,-2.3824985092371136e-07,0.0005491299724772547,0.0009291754996105841,0.00016792558075210805,0.3396126282935714
65.9,0.028285949917134855,-0.0004950577573553129,0.0008957238291047684,-0.0008741172024486025,-2.390769581926665e-07,0.0005498143983084106,0.0009300525025581692,0.0001682355124020294,0.3400497312450619
66.0,0.028284292889263023,-0.0004950646734235974,0.0008963108720242743,-0.0008753295523031378,-2.397440372712706e-07,0.0005508018623793818,0.0009308529814616665,0.000168518767127404,0.3405437686406671
66.1,0.028282540615516435,-0.0004963750864467574,0.0008981485524260067,-0.0008768884435934437,-2.406032966142831e-07,0.0005514658809055697,0.0009316231282702244,0.00016879167436381146,0.34097607854264883
66.2,0.028280723415170253,-0.0004963975999740779,0.0008987716271500467,-0.0008780892016203097,-2.412661708831941e-07,0.0005526270937778893,0.0009325360104563403,0.00016911565548093346,0.34174043305203816
66.3,0.028279237911784796,-0.0004978213666975822,0.0009010427471482142,-0.0008796494509649195,-2.421288159954997e-07,0.0005532764333833041,0.0009337526016980405,0.00016954810584972018,0.34203943136658654
66.4,0.028277607419915363,-0.0004978212206369309,0.0009016446150662609,-0.0008808528519299931,-2.4279532513356864e-07,0.0005542390635936694,0.0009346692323403737,0.00016987456448825584,0.34259222464644623
66.5,0.028275771028904058,-0.0004991420101363357,0.0009034486442095409,-0.0008824126193555721,-2.4366034033481255e-07,0.0005548855733762836,0.0009380459526854777,0.00017107826722900554,0.3433930806049866
66.6,0.028261614771319953,-0.0005000728821197783,0.0009041416637736584,-0.0008836145266901225,-2.443282014875737e-07,0.0005559366770045492,0.0009407225943995384,0.000172035410595276,0.3443429290609219
66.7,0.02827242544407263,-0.000500470220899615,0.0009059173742024219,-0.000884979115122701,-2.450872562798504e-07,0.0005568856829255812,0.0009422725316853463,0.00017259165177687774,0.3449482691966891
66.8,0.028270753897015367,-0.0005018875662504878,0.0009081471324686107,-0.0008863843780519958,-2.4587044934256676e-07,0.0005576009567091921,0.0009438538184801839,0.00017315975812854956,0.3452136461130904
66.9,0.028269097888164004,-0.0005018938056470931,0.000908774110443439,-0.0008876053023645934,-2.465516777517264e-07,0.0005586048750440974,0.0009460872683498307,0.0001739627552648582,0.3455557759815646
67.0,0.0282674134252766,-0.0005032133042578719,0.000910616455667329,-0.0008891458466483506,-2.474128440401137e-07,0.0005593950846822922,0.0009479702875249718,0.0001746408948142762,0.3462131189173455
67.1,0.028265762746959272,-0.0005032194836251665,0.0009112027467398805,-0.0008903322152980147,-2.480769072343726e-07,0.0005603398194311674,0.0009503308423180526,0.00017549222931263105,0.3467109799965789
67.2,0.028264072207368967,-0.0005045693977747694,0.0009131856515198196,-0.0008918914919767253,-2.489511737551906e-07,0.000561000518467705,0.0009517693898186935,0.0001760119148472854,0.3466830930189531
67.3,0.028262439736351508,-0.0005045693492826838,0.0009137830452493279,-0.0008931012429268172,-2.496305113262444e-07,0.0005620071538776652,0.0009526413104302237,0.0001763272776142726,0.34726165239048373
67.4,0.028260707507973812,-0.0005058919883208497,0.0009156191286879306,-0.0008946615959065429,-2.5050802488972935e-07,0.0005626558706196285,0.0009537230068137382,0.0001767188150873633,0.3477471818678786
67.5,0.028259079769740007,-0.0005058921302083976,0.0009162228728680969,-0.0008958626288321303,-2.5118464365053937e-07,0.0005638141431861313,0.0009546373739575624,0.0001770502180070324,0.34794544639728386
67.6,0.028257390663463326,-0.0005073343739598249,0.0009185391997777446,-0.0008974180842446388,-2.520620294254076e-07,0.0005644443834923013,0.0009554053209183946,0.00017732882806161082,0.34828478519125033
67.7,0.028241801945187578,-0.0005088442901315722,0.0009201712269052686,-0.0008986076310717011,-2.527343230093952e-07,0.0005654152254461536,0.0009562133154932252,0.0001776221777569615,0.34849560891256093
67.8,0.02825432452654377,-0.000508626817799708,0.0009208840686577187,-0.0008999726450079368,-2.535065686668042e-07,0.0005663626165905345,0.0009569937226385537,0.00017790590423040343,0.349364124763745
67.9,0.02825117405498004,-0.0005099891561254306,0.0009228960084752462,-0.0009013790986212276,-2.5430376876562525e-07,0.0005670676903385706,0.0009578091397330915,0.00017820288811236777,0.3498282842162341
68.0,0.028250939293559037,-0.0005099381046474112,0.0009233226943343976,-0.0009026096003765246,-2.550020297567082e-07,0.0005680861139413077,0.0009586636951303209,0.00017851474425755953,0.35070849281049615
68.1,0.0282492837387214,-0.0005113782727645938,0.0009256285845144233,-0.0009041403709251672,-2.5587226024648295e-07,0.0005688792884746955,0.0009598920496290357,0.00017896368968219991,0.35085824007284583
68.2,0.028247638417956734,-0.0005113832994358716,0.0009262191093877968,-0.0009053444080282971,-2.565576542450141e-07,0.0005698305882147839,0.0009608025800103382,0.00017929709358407902,0.3514478640769073
68.3,0.028245747991848903,-0.0005127134196161031,0.0009280527900136078,-0.0009069039261989771,-2.5744686251102696e-07,0.0005704886212176597,0.0009620485207860132,0.00017975402103788054,0.35242143216942157
68.4,0.02824417256758967,-0.0005127025244612613,0.000928622437575235,-0.0009081051149302481,-2.5813281136782986e-07,0.0005715371840401162,0.0009647243659085561,0.0001807369923679809,0.3527815646273666
68.5,0.028242457553892597,-0.0005140327278836662,0.0009304925857282589,-0.0009096654143260612,-2.5902510316811315e-07,0.0005721849700915936,0.0009664001589959187,0.00018135427841896713,0.35345580081866335
68.6,0.02824082738414939,-0.0005140323239747112,0.0009310943092378891,-0.0009108751235095818,-2.597181119666077e-07,0.0005732039503800728,0.0009681551234878488,0.0001820017771443086,0.35403854696490716
68.7,0.028239245224576753,-0.0005153633716850956,0.0009330451059794345,-0.0009123126754815018,-2.6054258389396834e-07,0.0005743551752102312,0.0009699312116951313,0.0001826581128794471,0.35442059764696
68.8,0.028222883666795533,-0.000516896261934729,0.0009349870890269864,-0.0009136368553990722,-2.6130349199356705e-07,0.0005749992923766766,0.0009720494625847342,0.00018344184242462085,0.354843263111119
68.9,0.028235793865030064,-0.0005167823885551222,0.0009357794308074828,-0.0009149664939179177,-2.6206835597872844e-07,0.0005758415308591589,0.000974086273404926,0.0001841965063858431,0.35524798905305915
69.0,0.028232517467155615,-0.0005180921274371389,0.0009376778829297815,-0.000916382706436943,-2.6288452945701403e-07,0.0005766059463135681,0.0009761409820096573,0.00018495859191631223,0.3554111789629272
69.1,0.02823247063281218,-0.000518132202511002,0.0009383606810864652,-0.0009176043779146191,-2.6358938287211394e-07,0.0005775646250982836,0.0009770087515148147,0.0001852808969676807,0.3555897255695719
69.2,0.028230750541806716,-0.0005194495676594982,0.0009402064432390072,-0.0009191530330423447,-2.6448448212332043e-07,0.0005782622237994754,0.0009778744318334896,0.0001856024077255763,0.35564587242084655
69.3,0.028229108260575776,-0.0005194534860075451,0.0009407965699779818,-0.0009203544921237708,-2.651798367445179e-07,0.0005794108487685855,0.0009787858129199692,0.00018594099271527064,0.3558761246947091
69.4,0.028227423348600865,-0.0005208961794615412,0.0009431182846025803,-0.0009219142238284541,-2.660839765400882e-07,0.0005800669813742136,0.0009795321047931414,0.00018621851060696243,0.3563792430319972
69.5,0.028225791975613385,-0.0005208960798068637,0.0009437177145356101,-0.0009230987434334516,-2.667716626541663e-07,0.0005810193788272803,0.000980416899977503,0.00018654781130316648,0.3565715415212462
69.6,0.02822435622393088,-0.0005221895462159542,0.0009454618879845312,-0.0009246590324623745,-2.6767875304774476e-07,0.0005816667258948282,0.000981247935043837,0.00018685745215485822,0.35708829789258595
69.7,0.02822272529487874,-0.0005221905769012661,0.0009460663470791317,-0.0009258703877882365,-2.683842084712883e-07,0.0005826740450401207,0.0009820510545780884,0.00018715707071582124,0.35746453758979635
69.8,0.028220970356059777,-0.0005235010599645608,0.0009479011491822416,-0.0009273075687647787,-2.692221165376016e-07,0.0005838708406452778,0.0009828584953006242,0.00018745862879084903,0.3577434451465937
69.9,0.028204878637019072,-0.0005249573200492584,0.0009498267797927661,-0.0009286319420051415,-2.69995704795507e-07,0.00058448699744775,0.0009838770495178095,0.0001878393786919951,0.358155015162624
70.0,0.028217669370081508,-0.0005249461963197469,0.0009507981090026545,-0.0009299606812441427,-2.7077266566798565e-07,0.0005853224852430974,0.000984977661476615,0.00018825136646421126,0.3587498748276832
70.1,0.02821477498663797,-0.0005262069266813096,0.0009524879207307383,-0.0009313957438352874,-2.7161332950899066e-07,0.0005860973859875345,0.0009872834698799516,0.00018911552138747758,0.3592433696352759
70.2,0.028214403014977244,-0.0005262581364461669,0.0009531914615611296,-0.0009326044494138831,-2.723221912681572e-07,0.0005871116485916106,0.0009899457607895918,0.0001901146777782141,0.3592969891309592
70.3,0.028212497261869765,-0.0005275915477015649,0.0009550777137660583,-0.0009341574486565412,-2.732345453627116e-07,0.0005877949068009798,0.0009920325513665753,0.00019089878196107123,0.35979436954415955
70.4,0.02821085770656546,-0.0005275945229354318,0.0009556733497117286,-0.0009353671656794785,-2.7394618696322895e-07,0.0005888059459192056,0.0009937840710353902,0.00019155767760504556,0.3600891805112087
70.5,0.028209348656260253,-0.0005290145080931682,0.0009579260447148532,-0.0009369273046653376,-2.748653814476279e-07,0.000589459794117853,0.0009953482335540807,0.00019214691991588132,0.36080839942045495
70.6,0.02820753056266853,-0.0005290182751523278,0.0009585307410581144,-0.0009381285939401893,-2.755742409152466e-07,0.000590607354306141,0.000997897678879503,0.00019310844851903644,0.3612724077481634
70.7,0.02820582496410275,-0.0005303459066403501,0.0009603610039251938,-0.0009396887495795218,-2.764960837696623e-07,0.0005912547701047898,0.0009996861574230274,0.00019378480003581514,0.36235957542214026
70.8,0.028204196166393802,-0.0005303453597434521,0.0009609621882010162,-0.0009408746224392432,-2.7719799077812166e-07,0.0005922162213214715,0.0010020361779889298,0.00019467498802340415,0.3626783816966408
70.9,0.028202501438838918,-0.0005316958460577654,0.0009629431135804892,-0.0009423033069525158,-2.7804451852091504e-07,0.0005932477242747831,0.0010028732058790226,0.00019499328354969115,0.36338723166552805
71.0,0.028187786510784876,-0.000533045595829803,0.0009646746773034507,-0.0009436451956099166,-2.78841081538754e-07,0.0005938738019692956,0.0010039313117807187,0.00019539592992621156,0.3643605322352221
71.1,0.028199138559855362,-0.0005330172044994717,0.0009653797733195441,-0.000944955250507235,-2.7961956365903855e-07,0.0005948057694254086,0.0010048314942360044,0.0001957394057785489,0.36525661125923
71.2,0.028197945908929108,-0.0005343294608732164,0.0009673165865422032,-0.0009464066647530679,-2.8048359310670677e-07,0.0005956795742641098,0.001005611544642209,0.0001960375439981968,0.36520736876410465
71.3,0.028195821997781315,-0.0005344596780166153,0.0009683014291938466,-0.0009475968283225232,-2.811928896782053e-07,0.0005966020588862121,0.001006492362320666,0.00019637451077519555,0.3659659617461109
71.4,0.028194393467256086,-0.0005357498744856037,0.0009700492285627742,-0.0009491517007404266,-2.821211033324194e-07,0.0005972805989243179,0.0010072387746496974,0.00019666077424725838,0.36716309062649616
71.5,0.028192756079688967,-0.0005357523966404664,0.0009706469523170369,-0.0009503628977437923,-2.82845122334585e-07,0.0005982806108081971,0.0010080379761073495,0.00019696792049398948,0.36742163391199517
71.6,0.028191001704354325,-0.0005370640892846471,0.000972485312563044,-0.0009519231917306233,-2.837792204529585e-07,0.0005989338847891427,0.001008834202641128,0.00019727449496088404,0.36824807303108
71.7,0.02818749980148024,-0.0005385293055577293,0.0009754308448751174,-0.0009531243142576197,-2.844993969854676e-07,0.0006000992538809408,0.0010109592673020556,0.000198094335267343,0.3687930725796088
71.8,0.02818749980148024,-0.0005385293055577293,0.0009754308448751174,-0.0009546844381451789,-2.854360321931771e-07,0.0006007462013720105,0.0010109592673020556,0.000198094335267343,0.3687930725796088
71.9,0.028186077324531482,-0.000538545341996983,0.0009759554398665238,-0.0009558883402520615,-2.861600549020492e-07,0.0006017115871022091,0.0010118664468534919,0.00019844499195888245,0.3691932505277837
72.0,0.028184233363925663,-0.0005398302454599101,0.000977789665994909,-0.0009573000802875032,-2.8700995992758947e-07,0.0006027190685886296,0.001013806819459049,0.00019919552308131155,0.36960318981052076
72.1,0.028171606987834222,-0.0005411514938805576,0.0009795280994431329,-0.0009586502768553256,-2.878242785925909e-07,0.0006034105804442706,0.001016203682851974,0.00020012375402586496,0.36987400163095885
72.2,0.028180887680477672,-0.0005411587124332549,0.0009802601406367264,-0.0009599248321948289,-2.885937628920008e-07,0.0006044379315433466,0.0010177642638750312,0.00020072887787001193,0.3700733813213613
72.3,0.02817904733636094,-0.0005424939746743873,0.0009822638571904169,-0.00096142037833842,-2.894982608010123e-07,0.0006050765584717485,0.0010190660176473368,0.00020123425927366653,0.3708173517815238
72.4,0.028177746785311996,-0.0005425787895672972,0.0009831147124818702,-0.0009626256893935287,-2.902280660129181e-07,0.0006062016222632638,0.0010215904568556208,0.00020221553080008897,0.3716421589641255
72.5,0.02817591725891875,-0.000543897365594198,0.0009849248666242054,-0.0009641820896748299,-2.911719933265182e-07,0.0006068724714832799,0.001023297991464914,0.00020288105492239237,0.37212465984838855
72.6,0.02817422484299437,-0.0005439084900369227,0.0009855487315514686,-0.000965367691343698,-2.9189200035842353e-07,0.0006078278259347882,0.0010256389867083758,0.00020379425689219164,0.3722545909959666
72.7,0.028172532413218182,-0.0005452596193600283,0.0009875317219409628,-0.0009669279990764495,-2.9284092848112684e-07,0.0006084796190004148,0.001027088095577045,0.00020436065695953425,0.37312414670615845
72.8,0.028170901686244743,-0.0005452586477883711,0.0009881305786839142,-0.0009681381702697512,-2.9357804630312934e-07,0.0006094902569444417,0.001027951470368746,0.00020469877421523276,0.3733478102335444
72.9,0.028169168723976228,-0.0005465815757797571,0.0009899684029552175,-0.000969698320486228,-2.9452952386868935e-07,0.0006101368135624046,0.0010288278694493365,0.00020504223842462944,0.3738676194880529
73.0,0.028163168166198706,-0.0005465049012376021,0.0009917982650617773,-0.0009708999008499596,-2.952635903490118e-07,0.0006112977711108032,0.0010297329741327478,0.0002053976192243813,0.37510425809055675
73.1,0.028165901714769428,-0.000547978709411338,0.0009926803214960075,0.0030266950165332065,2.1494572143522763e-06,0.0006115867906126807,0.0010304632459262177,0.00020568525472649453,0.3760386776802171
73.2,0.031270329912577464,-0.0005447765661062451,0.0009928796579948248,0.01702422330447171,1.0712147162082345e-05,0.0006118005000581272,0.004751426100342326,0.0016720769218508509,0.37653164176444903
73.3,0.04114054325708296,-0.0005364928925792768,0.000996315264851958,0.04102207791531113,2.5397984669074618e-05,0.0006120616781668795,0.017771631295316087,0.006815414675510336,0.3773487498966604
73.4,0.05677571181073396,-0.0005208973257584149,0.0009966826353841145,0.07499899223443224,4.5144590852637995e-05,0.0005164799677353242,0.04008662377722717,0.01564843852175943,0.37733143734653696
73.5,0.0781814882614331,-0.0005066235836514075,0.0009229520901500769,0.11881573911438764,7.211907221385366e-05,0.0014573833331005313,0.07169508603997526,0.028174881687530504,0.37784673724487755
73.6,0.12191579060072119,-0.0004460171693742382,0.002621651483223441,0.16825131203741603,0.0005194491559503728,0.018494459179993636,0.11240875026520895,0.04434727081315447,0.3797423320574405
73.7,0.1715661986052122,0.00010801911736785919,0.018954650078500952,0.2182347588765943,0.0019441776005681693,0.038505318229217614,0.15825579875837598,0.06284997480417955,0.39651121614406365
73.8,0.22151275528946668,0.001556151823315157,0.037067803113372426,0.26818993371418076,0.004370227017533627,0.05853633062140496,0.20436639633575404,0.08220423557041082,0.41487007012481325
73.9,0.2715250956277787,0.003916395731887174,0.05543642663143481,0.31807186004818827,0.0077943256036384755,0.07853663180239832,0.2501349807330228,0.10236911473987068,0.43359506234272355
74.0,0.3213971661174517,0.0071867903452691485,0.07353194166630397,0.3678740381597437,0.01221540967423558,0.09854130901768365,0.2955080321006388,0.12337602325090483,0.4524561198901971
74.1,0.37128704096779147,0.01136936848621809,0.09170777487048776,0.41758206150872795,0.01763209773732811,0.1185355529970774,0.34047597773326727,0.1452368338813796,0.4715440366217037
74.2,0.4209745515382047,0.01644411404854733,0.10979151472333962,0.4671884307065681,0.024042595014558243,0.13849464099996114,0.38502909694783755,0.16793939969684185,0.4897293496721133
74.3,0.470635732633259,0.022423255774014595,0.12784882810964437,0.51665710145436,0.0314418738892998,0.15845404883437134,0.42916756767638825,0.19147165796242444,0.5084188946126689
74.4,0.5201809712324565,0.02929812342451757,0.14590642981879812,0.5659683638874228,0.03982700753156327,0.17841378535608485,0.4728643305110646,0.2158144425643715,0.52655242965687
74.5,0.5695941039271489,0.037066493436067834,0.16396425972021844,0.6150850966390787,0.049191775873077624,0.19840054206674257,0.516105950875738,0.2409572477965847,0.5451813882172645
74.6,0.6188789842434534,0.0457381210127052,0.18233996572637243,0.6640093743583688,0.05953778075322374,0.21838718938241963,0.5588492185355809,0.2668883636082664,0.5641253267553815
74.7,0.6679196848020722,0.055292086682731105,0.20041672483152065,0.7127301165316579,0.07086157698513428,0.2383488756625002,0.6011098260703325,0.29362510906506684,0.5828670751548756
74.8,0.7168364165569138,0.06574118700601835,0.21847620711309276,0.7612152386665075,0.08315565773225518,0.2583116565646988,0.6428695770142304,0.3211596004896969,0.6018287860550667
74.9,0.76555660065225,0.07707198275595188,0.2365366629816076,0.8094357182078058,0.09641248092105348,0.27828199917285623,0.6841044592344926,0.349474204006616,0.6203969945154333
75.0,0.813629034117065,0.08916852448880079,0.2547538243215151,0.8573720567453419,0.11062767704919922,0.2982817661506322,0.7247837520457566,0.37855041761943664,0.6395932766755187
75.1,0.8623272886407709,0.1023796383935622,0.27302467115701695,0.9050339789186281,0.12580396271356398,0.31824808969904766,0.7649051813333577,0.40839424350405074,0.6585018363015607
75.2,0.9122734632342908,0.11692692764940535,0.2918113370085118,0.9523834332017529,0.14192883587413754,0.3382155742528385,0.804472133122825,0.4389966733965118,0.6769013408459105
75.3,0.9581276615509198,0.1311858149636655,0.3091539513183317,0.9994015651524499,0.158995935040728,0.3581841507604369,0.8434655324904149,0.4703268455992857,0.695283572077103
75.4,1.005148505414954,0.14672087651301519,0.32703948614861683,1.0460516318754924,0.1769918901858273,0.37817378888921377,0.8818759400731053,0.5023692278467151,0.7136115083811679
75.5,1.0528254539363826,0.16344197645327188,0.34557313459180605,1.0923433376445526,0.1959213223594138,0.3981556898738281,0.9196581656231918,0.5351043853765665,0.7330372569074294
75.6,1.0996923095019557,0.1808492737242638,0.3636472218955118,1.1382547641607665,0.21577450844563045,0.418127873256082,0.9568391540233884,0.5685596324270549,0.7511253703451064
75.7,1.1462613527284018,0.19910916791802957,0.3817166673317365,1.1837606034164254,0.23654067997150133,0.4381011398198862,0.9933986028557596,0.6026990536530386,0.769658323415717
75.8,1.1920323183745383,0.21801243926360647,0.3996063279768517,1.2288370299117242,0.25820882517213284,0.4580767928259325,1.029313378183136,0.637516209284364,0.788877988228747
75.9,1.2384053018271113,0.2381526300247243,0.41808456429394436,1.2734578211008263,0.28076682339656583,0.4780777276771568,1.0645562491862515,0.6730025394492491,0.8077983858084452
76.0,1.283863248505383,0.25889790106163724,0.4361808361837489,1.3176305404070228,0.3042188849332926,0.49806369583582405,1.0991118408378413,0.7091401019017727,0.8266520425199262
76.1,1.3285316711340773,0.28026304064498275,0.45407887314565415,1.36133299330304,0.3285526188882916,0.5180416448420826,1.1329983251341744,0.7459281583091272,0.8448128790694068
76.2,1.373706912561693,0.30288216017853076,0.4723345613524995,1.4045379142325627,0.35375292665625196,0.5380156916624382,1.1662053881493124,0.7833368473729787,0.8631970510831299
76.3,1.4180397888657295,0.32609393928665054,0.49080149135499396,1.447214143658722,0.37980094535728426,0.5580012628169574,1.1987081344648332,0.8213539820955271,0.8823467220555445
76.4,1.4614717844248633,0.34987953248112147,0.5091015238964142,1.4893805701753444,0.40670898892331137,0.5779827294900451,1.2304827446725672,0.859965172322134,0.9009050494590726
76.5,1.505334815650432,0.3749489532781411,0.5273605457978674,1.5309932158458732,0.4344488952095129,0.5979650189892266,1.261545925929324,0.8991723782897109,0.9191562724082035
76.6,1.5483324923142432,0.40057443276165094,0.545698189761476,1.5720327973227233,0.46300810929619696,0.6179656957268751,1.2918672649506249,0.9389456102627766,0.9384077488081926
76.7,1.5907730279095738,0.426931963001196,0.5637931674931268,1.612509965624342,0.49239427029557653,0.6379514808612278,1.3214266482103743,0.9792724283838825,0.9569767912548022
76.8,1.6327830927229139,0.45408690355288855,0.5818741626943538,1.6523926910170548,0.5225841352019283,0.6579375556754979,1.3502365164824113,1.0201641659154934,0.9758412167942574
76.9,1.6742946945206403,0.48199638298793546,0.5999566711259349,1.691657648769603,0.5535598694578923,0.6779261513270548,1.378273493730738,1.0615896440380859,0.9945569479473699
77.0,1.7153207266776869,0.510671511388742,0.6181225683157627,1.7302844911617075,0.585305492009542,0.6979214015734663,1.4055204186303745,1.1035288922704873,1.0135928893372435
77.1,1.7557634963575497,0.5400463525248527,0.6363006598188949,1.768268032309204,0.61781638455087,0.7179219294695722,1.4319602831239209,1.1459660265381495,1.0326053321520927
77.2,1.7956540711479043,0.5701534932446342,0.6547108464993256,1.8056069946988844,0.6510920971425386,0.737915339725609,1.4575879314783136,1.1888989684080689,1.0517245060703821
77.3,1.8350214186951013,0.6010078791346343,0.6727989277694685,1.842277706565568,0.6851116019871186,0.7579071494353424,1.482406834453891,1.232324116098329,1.0703279920318651
77.4,1.8738274356738396,0.6325714856078332,0.6908868198034783,1.8782610267201374,0.7198574156619333,0.7779001015237852,1.5064150379776038,1.2762075241008586,1.08860115933895
77.5,1.9120561952687132,0.6648318191904959,0.7089757064970371,1.913529078595838,0.7553018260529246,0.7978907084494047,1.5296108970640954,1.320525768539901,1.1070101096566054
77.6,1.9496965715351078,0.6977926485835031,0.7273152475725736,1.9480887840813303,0.7914522611390914,0.8178878911982462,1.5519659975631257,1.3652392572994347,1.1259381530430976
77.7,1.9867003748459882,0.7314021469043176,0.7454075416948496,1.9819245070903144,0.8282926660465886,0.8378842429456617,1.57348802815242,1.4103891576341905,1.1448864213821632
77.8,2.0231142684238677,0.7656977987299285,0.7634997395195858,2.0150126832863213,0.8657975041333551,0.8578827423517087,1.5941619211826412,1.455938475760539,1.1632687167291451
77.9,2.0589190124751786,0.8006687243280197,0.7818198458436872,2.0473340402993605,0.9039446217937123,0.8778824046542617,1.6139798822537554,1.5018524139109695,1.181939915076536
78.0,2.094019383658616,0.8362260955946597,0.7999151026215721,2.078894333790631,0.9427407540186783,0.8978822070864109,1.632938378082927,1.5481188927373266,1.2004276211633271
78.1,2.128505864048679,0.8724496916994519,0.8180107110537373,2.109677877321982,0.9821671871279589,0.9178830652447902,1.65104909370696,1.5947374926290374,1.218389356243882
78.2,2.1623360513483814,0.9092965338105801,0.8361071212836658,2.139664744698678,1.0221986639140304,0.9378792085186916,1.6683089126240072,1.6416869917532475,1.2368748096776663
78.3,2.1955073805432104,0.9467674691379593,0.8542782920838616,2.1688346750334597,1.0628070816011512,0.9578789794132211,1.6846991094346007,1.6889425669197675,1.255474921685897
78.4,2.2276250980333008,0.9843948997842527,0.8721921814838154,2.1971891946582214,1.1039942391407893,0.9778756832096899,1.7002024720359858,1.736478442215026,1.2742049701018012
78.5,2.259741977728708,1.0234353656416224,0.8905526808172581,2.2247110783534403,1.1457350283023016,0.997867753469085,1.7148223348379992,1.7843014945766653,1.2925892332973916
78.6,2.2907881285457807,1.0626116707135398,0.9088791164751345,2.2513939662826523,1.1880192131985836,1.017867228449209,1.728550152760474,1.832380279326947,1.3113008898043552
78.7,2.3211084164392246,1.1023416008136695,0.9269740155224656,2.277229268481885,1.2308342348582162,1.0378693369278975,1.7413809352881726,1.8807060700364375,1.329875461778734
78.8,2.350719983331346,1.1426339098158347,0.9450730327161285,2.3022102735710455,1.2741702430342303,1.057878185428824,1.753312712555004,1.9292704699504941,1.3484833927972277
78.9,2.379322742997092,1.1830597111603742,0.9629960052361188,2.326310293530165,1.317980068561717,1.0778707067503215,1.7643378567434809,1.9780617791679396,1.367360332664532
79.0,2.407751848427234,1.2248368704180526,0.9814583748624749,2.3495328912305493,1.3622698859445599,1.0978754321415176,1.7744431173355777,2.0270326652270567,1.385967327151777
79.1,2.43511537619368,1.2666670373980407,0.9995604145992759,2.371868643020639,1.4070232192027134,1.117879885737568,1.7836352224941847,2.0761937162158444,1.404574473583141
79.2,2.461746236023984,1.3090356558078455,1.0177389163971935,2.3932971603419455,1.4521978454372926,1.1378794609960965,1.7919078337715018,2.125521970626642,1.4234024992091
79.3,2.487568051223538,1.35181989485901,1.03583391293393,2.413817903160315,1.497791414752846,1.1578742698506204,1.7992505999417112,2.174979990304177,1.4421892944891743
79.4,2.5126488067514936,1.3951375773180508,1.0540093714328385,2.4334229655119204,1.5437863566575152,1.1778695734451075,1.8056672971908663,2.2245666384588976,1.4607036384299186
79.5,2.5369130769580384,1.4388575075255634,1.072186433321919,2.452104410109862,1.5901640767007645,1.197868714651245,1.8111660926653168,2.2742629882543537,1.4789302977107088
79.6,2.560357172824552,1.48296329791679,1.0902808061752536,2.4698549149291913,1.636906233312825,1.2178632073044828,1.8157409445428427,2.3240534430969273,1.4980265435555111
79.7,2.5830399697545845,1.5275756134192922,1.1084555069683268,2.486667027195968,1.6839935659035972,1.2378621174070024,1.81937410176687,2.3739255771807364,1.5171006102405453
79.8,2.6048748952209553,1.5725106385996526,1.1266880543474163,2.5025341489242754,1.7314070045000665,1.2578561373365589,1.8220616413314366,2.4238549592362943,1.535877114091497
79.9,2.625901485088884,1.6178729431031686,1.1447864110945125,2.5174560355794715,1.7791495210654364,1.2778773730909827,1.8238041847561504,2.473824703078333,1.5549133438926954
80.0,2.6461135567004304,1.6636290064928947,1.1629024887326989,2.5314168665083456,1.8271726339537515,1.2978844706052903,1.8246046701554133,2.5238392663645937,1.5735240871169387
80.1,2.6655047928341724,1.70977931148017,1.1810810479233032,2.544411199070982,1.875453151465435,1.3178832239778524,1.824465872377042,2.573851718917666,1.5923782510905529
80.2,2.6840199372301723,1.7561801277047873,1.1991751701168465,2.5564375699548463,1.9239840120116527,1.337878619783183,1.823394433421012,2.623840313021135,1.6106916437054686
80.3,2.7017217706970937,1.8029963025520372,1.217355510401707,2.5674911116087036,1.9727455028625398,1.3578743219205776,1.8213991941333143,2.6738006472861593,1.6291848063660308
80.4,2.718547435554646,1.8500612365693905,1.2355375855294062,2.5775675899050543,2.021718891783375,1.377873889320863,1.8184791233923765,2.723715436708554,1.6478124758083428
80.5,2.7345177000923115,1.8974244374495766,1.253632339616637,2.5866626566599056,2.0708831355708828,1.3978683645018237,1.8146315594129112,2.773567298481701,1.6664409255352608
80.6,2.7496428326913662,1.9451288051181799,1.2718111185236207,2.5947729217540996,2.1202200019852557,1.4178669410819653,1.8098543428906149,2.823331692119,1.6852476481665473
80.7,2.763893481544027,1.9930669631477436,1.2899407268894039,2.6018949988535374,2.169709435889829,1.4378662575417833,1.804143680619951,2.8730046012572874,1.7040512816115239
80.8,2.7774121645342675,2.041778352335731,1.308216573291464,2.6080259347642945,2.2193310432301674,1.457863447992396,1.7975072867435102,2.9225623023535205,1.7224075020377205
80.9,2.7898898758653004,2.090130423634972,1.3263234577116474,2.613163436807516,2.269065681993886,1.4778628625274146,1.7899603635934414,2.971985085900435,1.7406008884274662
81.0,2.801399669619764,2.138306650542365,1.3442375486331557,2.617305324957838,2.3188928817913586,1.4978604044527621,1.7815082317129647,3.021265654316021,1.7590325926259769
81.1,2.8121399330900068,2.1871315258762407,1.3623480037648237,2.6204500124409154,2.3687931744341424,1.5178598936931833,1.772151908517168,3.0703825660295654,1.7774219147786745
81.2,2.8219918985857886,2.236135646508045,1.3804429086877108,2.6225961797636392,2.4187458982503665,1.5378576791038308,1.7618925889614958,3.1193188381875987,1.7959033903141086
81.3,2.830966822968463,2.28537353268969,1.3986012744571508,2.6237430087807474,2.4687320272197795,1.557857163420636,1.750728935616904,3.168056775950515,1.814570260932043
81.4,2.839030537338294,2.3346689043842757,1.4166960651658667,2.62388999998282,2.518730449243211,1.5778557816290697,1.738664173410364,3.216579461913807,1.8329466749231291
81.5,2.8462173227918903,2.3842113092112927,1.434811452542713,2.623037091171748,2.568722457926544,1.5978553931752415,1.7257074510344412,3.2648670595965537,1.851372367056389
81.6,2.852488607299257,2.4337466185873917,1.4529064673661078,2.621184078263299,2.6186952390588782,1.617869430635764,1.7118578905257893,3.3129108287376368,1.8700779080996306
81.7,2.8578673273190023,2.483442464342255,1.471073213538057,2.6183319891282983,2.668613037635359,1.6378699280060696,1.697113071014532,3.3606907018382794,1.8888696126660023
81.8,2.862345594104967,2.533244862657238,1.4891687005783978,2.614482416975028,2.718463548082351,1.6578638491353992,1.6814771942873332,3.408183131076572,1.9075550336234681
81.9,2.865920413728917,2.5831611128076735,1.5073558098802056,2.6096364884815584,2.768229721746878,1.6778689229722719,1.6649505810805394,3.4553730291932165,1.9266083227874526
82.0,2.86858659343889,2.6330341460940665,1.5254636186435462,2.603795693869753,2.817891113076412,1.6978697427203226,1.647532932669683,3.5022454552127513,1.9454899613952243
82.1,2.8703430011622,2.6830576446691974,1.5437745116737662,2.5969634082501396,2.8674225081593554,1.7178725574160907,1.6292364074677355,3.5487818054672533,1.9640924184247897
82.2,2.8711917562465157,2.733003516070366,1.5618781547612495,2.5891402071974152,2.9168142423856147,1.7378813775007462,1.6100787414176225,3.5949703745723487,1.9823687420317302
82.3,2.8711288686528036,2.7830771521285134,1.5801821254197097,2.580332286127719,2.966031560139778,1.7578819824813936,1.590066165843014,3.6407995693195114,2.0012226847011583
82.4,2.8701580818649224,2.8330205549925576,1.5982711560927934,2.5705402954445487,3.0150691058159635,1.7778967496958815,1.5692044742940827,3.6862396299744313,2.019867447641512
82.5,2.8682788336411704,2.883025530819538,1.6164403991804044,2.5597704954218625,3.0638947188826817,1.797896824282963,1.5474914797904633,3.731287521996741,2.0387718536996173
82.6,2.865497578465359,2.932917089164081,1.6345357847190936,2.5480271143662607,3.1124935915215572,1.8178869612905393,1.5249390736648798,3.7759126318553133,2.0574945233915676
82.7,2.8617999716553846,2.982851470603809,1.6528696862284686,2.5353142084084173,3.1608485764100402,1.8378846341779174,1.5015499253140199,3.8201028554180207,2.0765726072202146
82.8,2.8571990422528875,3.032640137727758,1.67106351544142,2.521636268812501,3.2089417657128556,1.8578828891141286,1.4773313699103643,3.8638460887243085,2.0951399261335077
82.9,2.851698424899854,3.0822920909651894,1.6891511127998515,2.5069949263881433,3.2567698188287864,1.8778421819829152,1.4522988679617699,3.907133389778053,2.113674284939568
83.0,2.845294233890347,3.1319003155983585,1.7072085568240842,2.4914019084835255,3.3042962271215277,1.8978018047816854,1.4264636857488693,3.9499646036165577,2.1318637315163897
83.1,2.8379953466126673,3.181384864542201,1.7252662063940858,2.474864456240746,3.3514991939950614,1.9177607207529765,1.399842597855273,3.9923120653067894,2.1506083149690007
83.2,2.829798976397116,3.2307706123101334,1.7434883207495921,2.457393110366262,3.3983466202599453,1.9377612591561948,1.3724373221039234,4.034151681558892,2.1694894173056767
83.3,2.8207098833366517,3.2799539288158064,1.7615843608185193,2.4389882840945414,3.444835444300304,1.9577615726420634,1.344260654726844,4.075456489765556,2.188176633185513
83.4,2.8107302136381507,3.328957064220211,1.7798079049851177,2.419658216468207,3.490945198354426,1.9777438396270888,1.315310621260266,4.116223043386154,2.2072824434185634
83.5,2.7998657473692377,3.37776371341571,1.798311723216617,2.399410217313112,3.5366608792334167,1.9977399348396634,1.2855940342214591,4.156431851191195,2.226210694266049
83.6,2.7880978747036136,3.426356681034196,1.8164387896165026,2.378245454293265,3.5819777705225215,2.017711828545709,1.2551255215948567,4.196076250218004,2.2446709636304036
83.7,2.7754465245474402,3.4747513332980766,1.8345012212243026,2.3561784369256173,3.626866681275586,2.037677781025575,1.2239122400960532,4.235162755527744,2.263239041746961
83.8,2.7619243833882092,3.522909613174084,1.8525649413276233,2.3332195637002697,3.6713061530736706,2.0576447621845437,1.1919865310906883,4.273669825372122,2.281110038567002
83.9,2.747534544635676,3.5708158534663816,1.8706295312404098,2.309379624229472,3.7152754559151226,2.0776101444948902,1.1593637265796402,4.311588386320102,2.2996433922925377
84.0,2.732269981873536,3.6184958347405467,1.8888510604299977,2.2846743269691263,3.758744728378576,2.097610887292183,1.1260494177376943,4.3488954343123805,2.3182992538722336
84.1,2.715990238202079,3.6663063377963887,1.9071282365733393,2.259098664199255,3.8017216010193993,2.1175943431731477,1.0920569771674804,4.38556324584426,2.33705194789888
84.2,2.6991986296506405,3.712840642645186,1.925022720310097,2.232665159228852,3.844186550316535,2.1375661246124107,1.0573797169544974,4.421603350258279,2.3553601630074414
84.3,2.6813782515960436,3.7595795623822275,1.943091899087343,2.205388819837983,3.886115190285581,2.1575389240977967,1.0220382846855998,4.457002074713359,2.3738511003266005
84.4,2.662716254422291,3.8059889400190796,1.9611620317211829,2.1772818265675467,3.927488835953169,2.177506812149204,0.9860478309096581,4.491740837560665,2.3924501323204486
84.5,2.6432135801603893,3.8520752090396493,1.9796259918389982,2.1483660569662817,3.968276134262825,2.1974967609177023,0.9494210957127471,4.525788758338724,2.4117178838914732
84.6,2.6228594028802057,3.897777538777707,1.9980087557334962,2.1186392555919342,4.008478552332191,2.217497491430697,0.9121585262254193,4.559127530557431,2.4308001764262603
84.7,2.6016926402612883,3.9430602103667636,2.0161045303481604,2.088102891031807,4.048094069626371,2.237477317584954,0.8742744571484201,4.591758847825242,2.4490607466931125
84.8,2.5799176880067116,3.987538733855416,2.0339974151701057,2.0567801359247913,4.087093023930242,2.257456166411118,0.835775147418712,4.623695019657085,2.4676763311655914
84.9,2.556887411554258,4.032505730362828,2.05225389913365,2.0246844721943047,4.125458474281732,2.277436011597886,0.7966882117774127,4.654909274061536,2.4863856455407203
85.0,2.5332801373042138,4.076605983885997,2.0703304634119464,1.9918333628047633,4.163169805783378,2.297416980709492,0.7570216545057782,4.68538370193542,2.505453021139165
85.1,2.5088618367016773,4.120300410648254,2.088672453236188,1.9582447919856305,4.2002059854993465,2.317418209936518,0.7167936282291606,4.71509735544185,2.524275080075121
85.2,2.483692136645129,4.163463292488854,2.1067691188229545,1.9239134604490813,4.2365724014976776,2.3374090661285165,0.6760251455963926,4.744044557951587,2.5427493876626026
85.3,2.4577216432879685,4.206202709728857,2.1248536506225224,1.888855983242698,4.2722519020036325,2.3573935978084135,0.6347137271530068,4.772234164858374,2.5614785368636706
85.4,2.430977556594082,4.24847445780177,2.1429349170241423,1.8530960666639185,4.307220249359699,2.3773829930588075,0.5928791903709643,4.799656875900858,2.57978323067377
85.5,2.403457861823165,4.290275664951301,2.1612543423251998,1.8166564320791458,4.341454930312008,2.3973840252189085,0.5505486904407981,4.8262998015564635,2.5983432541634133
85.6,2.3755078602934407,4.331093888453341,2.1791701264666683,1.779533050551967,4.374959698449531,2.417380060411927,0.5077468275652623,4.852144376188582,2.6169382378795762
85.7,2.3462228947296775,4.3722435966631075,2.1974411061757846,1.7417371751538062,4.407724557996574,2.4373691782921774,0.46446374293681064,4.877193174583536,2.63561172420863
85.8,2.3164833964605775,4.412464547544626,2.2155264487543866,1.703303238322061,4.439719788816942,2.4573598042039166,0.4207086528442025,4.901434488231766,2.6544511475319434
85.9,2.2860002454908024,4.452164286698679,2.2337042746522813,1.6642452533142595,4.470933675126649,2.4773559374049787,0.37651634798702227,4.924841941356497,2.673366626882655
86.0,2.254841193653586,4.491253716312207,2.2518872845741447,1.6245701817467766,4.501360926204632,2.4973561066545016,0.33190270848876013,4.947416918380694,2.691531612026276
86.1,2.222991495262881,4.529754771505797,2.269983027864832,1.5842975761075186,4.530986568718598,2.517352965076013,0.2868811375560199,4.969167113892771,2.70992689004765
86.2,2.190384367359445,4.567724449187412,2.288527093644969,1.5434304557921215,4.559807986994731,2.5373513702639787,0.2414649726572703,4.990078445559353,2.728846377173478
86.3,2.1571476906878377,4.605029755631703,2.3066206736676276,1.5019846854780792,4.587813673727357,2.5573474667853064,0.19565351668151107,5.0101430224944155,2.747425890592309
86.4,2.12320252365672,4.641770640523328,2.3247128843251352,1.4599923133350303,4.614981835496801,2.577346343538999,0.14946796586057084,5.029353655053409,2.7660363777884216
86.5,2.088578625155426,4.677905064538594,2.3432248231795043,1.417478545027846,4.641296272712816,2.5973468592155453,0.10293515669431419,5.0476941056783176,2.785016218652652
86.6,2.0533501147979454,4.713340114336818,2.3613206310644865,1.3744394141542748,4.66675964805295,2.6173469603852726,0.056091204181666715,5.065143297519139,2.8038979671000805
86.7,2.0178182187162688,4.747816149043856,2.3792354917135285,1.3308881769292902,4.691363737727005,2.6373475753993754,0.008905796445424517,5.081708556469807,2.8230161685312174
86.8,1.9809285565576926,4.7823359013843,2.3975125800500616,1.2868598106846416,4.715088653216197,2.6573445956653874,-0.03859425293838141,5.097389496648031,2.841166137867422
86.9,1.9437626606501288,4.815864277399792,2.415693013629364,1.242379111837302,4.737921580663007,2.6773405602793696,-0.08637086350506862,5.112178031814098,2.8603290054654016
87.0,1.9060445622317792,4.848668011263975,2.433872086539065,1.1974502813390453,4.759860784811475,2.6973405862683415,-0.13440534273761895,5.126059649111644,2.8790837836153007
87.1,1.8677370085873308,4.880782178546134,2.451967448024219,1.152092472396847,4.78089687786316,2.717335114013458,-0.18269086785585179,5.139041030679443,2.897470699246263
87.2,1.828812067742115,4.912227562582512,2.470138612074496,1.1063230538136948,4.801021810278435,2.737334836242065,-0.2312088597356002,5.151123193223255,2.9161558156444163
87.3,1.789391167601255,4.94291095687903,2.4882338105400508,1.0601612397768592,4.820227062372318,2.7573336233196994,-0.279944384522887,5.162297367766164,2.9349588225286403
87.4,1.7493483674405996,4.972920219726645,2.5065567363629593,1.0136201010938195,4.83850704388323,2.7773348186923874,-0.32887613271694666,5.1725524015699325,2.9538677468677785
87.5,1.7088346204905414,5.002149537623884,2.52465522022536,0.9667054930381772,4.855858684613445,2.7973444970090533,-0.3780010280781724,5.18188949979419,2.972411374124726
87.6,1.6681590519119194,5.030396023441152,2.5425790385954357,0.9194599265585385,4.872265935443447,2.817343303937937,-0.42730837014770856,5.1903114346996135,2.991076916975019
87.7,1.6261148241742645,5.058473829866324,2.5610426121786776,0.8719097942932679,4.887720658918629,2.837342667984506,-0.4767496984555663,5.197810789826235,3.0096657612113193
87.8,1.5840575070140537,5.085461119880493,2.5791374005093455,0.8240488445633667,4.90222463763722,2.8573495242424234,-0.5263151935878897,5.204389039256179,3.028196723826338
87.9,1.5414876544364746,5.111702515998753,2.5972415325682476,0.7759002698785644,4.915770043070044,2.877356953631829,-0.5760079771597437,5.2100390226965905,3.0473522103114226
88.0,1.4984178811985043,5.137184674471989,2.6154253640161604,0.7275081752990559,4.928345154633875,2.8973567634409547,-0.6258027535316186,5.214749310681174,3.0661329624524662
88.1,1.454954490077205,5.161846973733834,2.633520592578966,0.6788750805486732,4.939950035953526,2.9173499606409234,-0.67566033508387,5.218521790393913,3.084756638471443
88.2,1.410981078954715,5.185752652779975,2.651690971798539,0.6300196441361187,4.95058011754441,2.937349086253118,-0.7255797507296506,5.221361541036738,3.103460358908634
88.3,1.366671949071055,5.20881203192859,2.66978559295475,0.5809620688148762,4.960231099003425,2.957344693204297,-0.775543483965226,5.223268661166653,3.122092459116858
88.4,1.3218635277196775,5.23109870927921,2.688090776036215,0.5317088388380606,4.96890111270974,2.977355202102724,-0.8255328154068999,5.224243744654713,3.1407277904649598
88.5,1.2767243350652386,5.252540267278109,2.7061998050771017,0.4822826815557026,4.97658498491345,2.997375395958685,-0.8755454683887761,5.22429396461829,-3.1242644824874235
88.6,1.231144960867616,5.2731888223280725,2.7244635843353078,0.43273452149129865,4.983276133559896,3.0173601381975685,-0.925551951752846,5.223431450569887,-3.1062297668035623
88.7,1.1852294899528257,5.29298107744533,2.74258779519908,0.38304672472125634,4.988976596111858,3.0373762773705715,-0.9755205759420341,5.22165571360563,-3.087622004784273
88.8,1.138956438183451,5.311945812148809,2.7607023979011314,0.3332543624816294,4.993681314226713,3.0573892228509396,-1.025464470941421,5.218955126696376,-3.0689644194684385
88.9,1.0923024442219373,5.330082518021604,2.778892146469275,0.28339330505940746,4.997387995468916,3.0773881211301677,-1.075344645813407,5.215332567007242,-3.0507724939887124
89.0,1.045414306191898,5.347339141936159,2.7969862599705055,0.2334680397216211,5.000096989931436,3.097382153621516,-1.1251383569485822,5.210794267987014,-3.0322584299222988
89.1,0.9981325319687104,5.363771538118693,2.8151614758463124,0.18349887425448969,5.001807148680878,3.1173776663753934,-1.1748396193355068,5.20533595948312,-3.013637330007266
89.2,0.950649585406135,5.379314789893039,2.8333314938859533,0.13350500085367767,5.002518021943341,3.1373741911882225,-1.224420628858038,5.198956226935799,-2.9950154398857074
89.3,0.9028450457205324,5.394009080724142,2.85142813948384,0.08350790213889689,5.002229125355292,-3.1258185052059986,-1.273884293746847,5.19165152973144,-2.9762639259026025
89.4,0.8547655453105331,5.407837057312033,2.8696018415298163,0.033525761606224995,5.000940607057353,-3.105819542313214,-1.3231971294479798,5.183422396522035,-2.957469873353575
89.5,0.8060289270885714,5.420900720684121,2.8879685806324322,-0.016421159802465116,4.998652638844428,-3.085816643694825,-1.372352197846321,5.174268667371195,-2.9387236440424833
89.6,0.7579793485027879,5.432845511442413,2.9058795003284223,-0.06631967475463539,4.995365631850582,-3.0658191242656656,-1.4213274343980982,5.16419709257881,-2.9201333460846657
89.7,0.7092077479771801,5.444036491261607,2.9242176986307054,-0.11613540707369654,4.991082259936774,-3.0458190653314747,-1.470104651926853,5.15320621937051,-2.9009579473088154
89.8,0.6608086330796862,5.454222645549637,2.9421377393612813,-0.1658751657059384,4.985800488630013,-3.0257827652321123,-1.5186698434929424,5.141296416516383,-2.882388641966769
89.9,0.6116827371890526,5.4636399106966325,2.9602675369006413,-0.215482849635047,4.979526127060118,-3.0057812631575715,-1.5670184037992525,5.128473174965273,-2.863524667370172
90.0,0.5618695894465361,5.472246351068803,2.9786235613553607,-0.2649505855508452,4.97226176130795,-2.985787739377762,-1.61510190557051,5.114747692167401,-2.844749044668932
90.1,0.5124341301506254,5.479861934896956,2.9967993954687775,-0.31426379391497516,4.964009638981419,-2.9657886636342554,-1.6629150016344418,5.1001215186392,-2.8259030687061406
90.2,0.4634434401417222,5.486507887159459,3.014712902132267,-0.3634012625128214,4.954773551602905,-2.9457986100807547,-1.7104446882681295,5.084599266267792,-2.8071685102190136
90.3,0.412726079014279,5.492444456251619,3.033310140501036,-0.4123455531688995,4.944556518142639,-2.9258010161307726,-1.7576647204331062,5.068188997942606,-2.788267676142192
90.4,0.3634527977759983,5.497301697709905,3.0513091838939816,-0.4610754106680748,4.933362863008278,-2.9058019384293816,-1.804581727975298,5.050899100235831,-2.7702007628377388
90.5,0.3136658211888055,5.501305025245927,3.069404798313081,-0.5095849211541497,4.921192806867317,-2.8857835665606304,-1.8511706386046005,5.032747258902742,-2.751514548182482
90.6,0.2637055756058909,5.504410039581579,3.087766519348527,-0.5578282505177173,4.90805849444253,-2.865783656645955,-1.8974288882607018,5.013727759200459,-2.732881581289856
90.7,0.21428536840969256,5.506579609791225,3.1056810132655905,-0.6058006355138988,4.8939616001310595,-2.845791233238559,-1.9433118610481013,4.993859102466844,-2.714461265763053
90.8,0.16376078613944092,5.507879716298139,3.1241873800084172,-0.6534802581955838,4.8789089386381175,-2.8257912456622614,-1.9888198347158301,4.9731366196959605,-2.695436904850735
90.9,0.11379982880554837,5.508247492412212,-3.1409023323496483,-0.7008600055456611,4.86290165877324,-2.8057627050005736,-2.033927489010056,4.951565589875202,-2.676839243385912
91.0,0.06377317897034271,5.507708764583678,-3.12272738170485,-0.7478987979313161,4.845953271042188,-2.7857657535320137,-2.078640363683936,4.929145908955908,-2.658077104096384
91.1,0.013779926837565445,5.506263120571749,-3.1046316514312946,-0.7945893247767171,4.828067651692214,-2.7657692389578536,-2.1229109974912213,4.905905410314868,-2.6396618317879477
91.2,-0.03617684011607636,5.5039087986952815,-3.0864301403673444,-0.8409063659507119,4.8092553287704325,-2.7458196406225426,-2.1667415437104114,4.881842061344953,-2.6206798608934094
91.3,-0.08620783406449467,5.50062685020879,-3.0675980678883157,-0.8868456016107146,4.789519137728877,-2.7258193751051736,-2.210106844359208,4.856953573317296,-2.6014421184138614
91.4,-0.13609994696030076,5.496424039214797,-3.049501933674689,-0.932380234655504,4.768868569554964,-2.705824949341196,-2.2529920515517943,4.8312462336160245,-2.5827456843455074
91.5,-0.18579179968267034,5.491329641236405,-3.0312488599244745,-0.9774935898449668,4.747311334656088,-2.6858247046872075,-2.2953814978613916,4.804736578959958,-2.563854541104077
91.6,-0.23539502075794527,5.485328944325232,-3.013153201582063,-1.022167098100978,4.724856028638655,-2.665824064917502,-2.337269080700065,4.777433827144029,-2.545280942204368
91.7,-0.2849500258804173,5.478417482725741,-2.994931723228332,-1.0663894085394527,4.701508302263651,-2.6458398075797764,-2.3786393139388076,4.7493533289993275,-2.526581016536587
91.8,-0.3347978310003463,5.470535700233508,-2.976676602136415,-1.1101471769125089,4.677276565940711,-2.6258794947515587,-2.419488615994464,4.720499930177957,-2.5080318955191934
91.9,-0.38356265392627537,5.461920875022476,-2.958798737133824,-1.1534126672737346,4.652176240983725,-2.6059188269568034,-2.4598022821284276,4.690888943571347,-2.489584733000968
92.0,-0.4326558358190335,5.452335459111032,-2.9407399411016133,-1.1961686429435312,4.6262172850660574,-2.5859571965703414,-2.4995574611301428,4.660532029584772,-2.4706507444341193
92.1,-0.4815680541989714,5.441865017073257,-2.9226802566455445,-1.2383872329037573,4.599416698284597,-2.565978648481906,-2.5387397792388606,4.629439152761106,-2.4523126138009514
92.2,-0.5302107799568362,5.430508016667061,-2.9034049210680823,-1.2800550828062525,4.5717819652607075,-2.545984464373135,-2.5773197334614837,4.597620639889699,-2.432671335888458
92.3,-0.5790174154091575,5.418125827063591,-2.884934278036238,-1.3211666011959966,4.543316230021516,-2.525993031220905,-2.6152857760217914,4.565078089422876,-2.4142670509441633
92.4,-0.6267658600959414,5.405084114523565,-2.8670333075087173,-1.3617137090844098,4.5140261780934905,-2.50602657800435,-2.6526426717265803,4.531832082295259,-2.395922446864089
92.5,-0.6747745596606605,5.391040048082603,-2.8489693790809527,-1.4016663236139095,4.483933672832095,-2.4860627782143294,-2.6893859760186407,4.4978910839554995,-2.377164308837973
92.6,-0.7225548771840654,5.376122961165001,-2.8307508453068735,-1.4409952462670492,4.453060299240968,-2.4660623334979204,-2.725484622602589,4.463271056936993,-2.3582766210815866
92.7,-0.7700279132740481,5.360344036153709,-2.812654983753977,-1.4797070927622056,4.421400012008009,-2.446077251440977,-2.7609166430795944,4.427992418458557,-2.3397347288152144
92.8,-0.8171446045721884,5.343730048115921,-2.7945780404900034,-1.5177866731099243,4.388966272333885,-2.4261061043300898,-2.795700181812446,4.392056952436214,-2.321681722088573
92.9,-0.8640108704518626,5.3262471990353255,-2.7765093355125354,-1.5552110030571205,4.355778487593706,-2.4061338827026786,-2.8298229704899405,4.355482024111109,-2.3029732603989097
93.0,-0.9105536841273085,5.307920407491874,-2.7584396189347777,-1.5919651119091975,4.321849857233099,-2.3861605633602307,-2.863268106895908,4.318286445029745,-2.284970036868092
93.1,-0.9567578240496635,5.288755611281069,-2.7403689378047194,-1.6280165598476624,4.287210737379088,-2.3661724993410584,-2.8960287019581132,4.280486368844734,-2.266584085399165
93.2,-1.0026136574546025,5.268726466986955,-2.7213416279351756,-1.663380320930588,4.251845689873934,-2.3461877419377175,-2.9280619164924824,4.2421059483622265,-2.2473355930189083
93.3,-1.0480621152873735,5.247866185604484,-2.7032641341573047,-1.6980357625673939,4.21577589741626,-2.3262107466980932,-2.959388295624925,4.203114731845659,-2.229221289956204
93.4,-1.0931391496832,5.226182398660844,-2.6851902614736964,-1.731963793609442,4.179020972601873,-2.306232672419168,-2.9899977884520053,4.1635525017925605,-2.211130962063909
93.5,-1.1378169635478501,5.203687432331704,-2.667115474553458,-1.7651468825047023,4.14160004452788,-2.286249928282237,-3.019880296319767,4.12343819565272,-2.192708363100026
93.6,-1.1821086653739903,5.180372808084203,-2.648934589298759,-1.7975665972982233,4.103533419507924,-2.266255248256932,-3.049014793497675,4.082787676465879,-2.174155322463643
93.7,-1.2259017686857312,5.156291527700982,-2.630730854609678,-1.8292313261448803,4.064811442986381,-2.2462736242715113,-3.0773853698475038,4.04161057267444,-2.155456496832052
93.8,-1.26928895542865,5.13139783013714,-2.6126523967587425,-1.8601160641952583,4.025464472763941,-2.2262909092223255,-3.1049913654264527,3.99989679259743,-2.1366708029542782
93.9,-1.312219070099045,5.105723840275463,-2.5945728618509274,-1.8901975863898688,3.985522152503329,-2.206292964914063,-3.131812905703801,3.9576743092939624,-2.1180977052999155
94.0,-1.3546825194404555,5.079264478255388,-2.5762440676893466,-1.9194768449445176,3.9449826173893388,-2.1862982873442087,-3.157832606252482,3.914972857992104,-2.099354422702785
94.1,-1.3966136945082408,5.052067067685017,-2.5581556121187674,-1.9479475980569678,3.903855058982287,-2.166312110829638,-3.1830508311033854,3.871788408676549,-2.080602498426477
94.2,-1.4380816645097405,5.024092744043412,-2.5400729300485367,-1.9755864886720687,3.8621733085724874,-2.1463285937249084,-3.2074564039965012,3.828124753053303,-2.0614534715869013
94.3,-1.4790657906309768,4.995351001411731,-2.5217852507047236,-2.00238082373464,3.8199564041139826,-2.126329896459868,-3.231021354814107,3.7840127466209945,-2.042339040276967
94.4,-1.519447378298047,4.965916874038944,-2.503692789198881,-2.028335482591876,3.7771963546180642,-2.106340278495946,-3.2537500619110546,3.7394724285386403,-2.0242485365716427
94.5,-1.559331047977997,4.935726587802338,-2.4856071183013846,-2.053429712611706,3.7339269623296656,-2.0863529609901743,-3.275663329564449,3.6945062464423835,-2.005931738946492
94.6,-1.598672374397749,4.904811507064067,-2.467439344971132,-2.0776440938193597,3.6901825119703786,-2.0663547273745926,-3.296737192865447,3.6491577992464803,-1.9872399805951986
94.7,-1.6374106494147973,4.873215419178592,-2.4493429991043385,-2.1009787016251686,3.645962937826399,-2.046357800005691,-3.316966758117554,3.603432810946123,-1.96892808796166
94.8,-1.6756110356164444,4.840886100152149,-2.431175280634937,-2.123423555417851,3.6012872495575015,-2.0263564041015467,-3.336348564742424,3.5573423289420876,-1.9503388738760092
94.9,-1.7131770339122827,4.807895249503798,-2.412659343054899,-2.1449715103854574,3.5561692250015224,-2.0063565910701784,-3.354873771527978,3.5109021832576346,-1.9318643236874464
95.0,-1.7500993837341745,4.77425062816154,-2.3945643667035736,-2.165621731737697,3.5106099627741054,-1.9863601922848348,-3.3725401418792793,3.464122352633576,-1.913446946736228
95.1,-1.7864577710895846,4.739895899254058,-2.376471994963011,-2.1853568130798666,3.464646946758453,-1.9663625959571995,-3.3893413301362325,3.4170067841283296,-1.894631320223595
95.2,-1.8221885857893743,4.704889105034394,-2.358378642838869,-2.204162049765653,3.4183161399607855,-1.946372358283209,-3.4052571358039256,3.369584810175723,-1.875811320520087
95.3,-1.8572827369606317,4.669224868008388,-2.3400487388805273,-2.222038755784403,3.3716140003701724,-1.926372490668244,-3.420274552071573,3.321888707849633,-1.8570733487259385
95.4,-1.8916856769382921,4.632970575322117,-2.3219532817220503,-2.2389826913656297,3.324550495287425,-1.9063715162261086,-3.434393694821006,3.273914530820007,-1.8381550508480424
95.5,-1.925455749261425,4.5960687306013535,-2.3038569146222247,-2.254979887564754,3.2771640426410302,-1.886375860493538,-3.4476094657927208,3.225670394618015,-1.8193230155162683
95.6,-1.9585715449348853,4.558536657229958,-2.285686916978257,-2.270021830896733,3.2294815545227182,-1.86637618280973,-3.4599140059949463,3.177194683776229,-1.8006541294861969
95.7,-1.9909424175930788,4.520480339857817,-2.267591226313661,-2.2841085546816804,3.181503629596958,-1.8463793677252476,-3.471307685106021,3.128510032695208,-1.7820692654449197
95.8,-2.0226650375041437,4.481783950659791,-2.2494246161891143,-2.2972317419271064,3.133258190992918,-1.826379806831642,-3.4817885652732596,3.0796163191833075,-1.7631029271891827
95.9,-2.0536360774046734,4.442577229040283,-2.2313296548470096,-2.309387570554798,3.084760798054064,-1.8063877200938763,-3.491340826600044,3.0305371113448767,-1.7439605797029762
96.0,-2.0839351745773937,4.402748537508808,-2.2130586189977133,-2.3205741928643446,3.03601640181633,-1.7863833724891534,-3.4999583017783205,2.9812935095977067,-1.725142374622056
96.1,-2.113470213899653,4.362428281820959,-2.194957529905553,-2.3307829853333395,2.9870617416606624,-1.7663885720206793,-3.5076458646339184,2.9318753811850695,-1.7061798032425441
96.2,-2.1423072512687016,4.321514456088416,-2.17663746279013,-2.340010436526389,2.9379146723144456,-1.7463859388361416,-3.5143953523394003,2.882334508952559,-1.6873195528783986
96.3,-2.1703456100255707,4.280158807603367,-2.1585376831348584,-2.3482552467004685,2.888578311558948,-1.7263748069031506,-3.5202127880084775,2.832665370493908,-1.6686607351586153
96.4,-2.197661983060953,4.238254622498686,-2.140431724202778,-2.355510272545577,2.839094049468251,-1.7063725167324517,-3.5250997904217307,2.7828833050585793,-1.6499057321324686
96.5,-2.2242306371063485,4.195832699747184,-2.122254118946836,-2.361772450263594,2.789489036301108,-1.6863733604657432,-3.52904826350792,2.7330265286617554,-1.6309082355592817
96.6,-2.249976374742984,4.153019366323882,-2.1041596032234557,-2.3670416320697516,2.7397684963419495,-1.6663798017366442,-3.532058557084879,2.683117147387882,-1.6124059568828286
96.7,-2.2749836355969832,4.109669762973708,-2.0859911258132806,-2.3713156057604303,2.6899531212196233,-1.6463867654681386,-3.5341352529696275,2.6331560125991604,-1.5935824745121718
96.8,-2.2991835175939186,4.065902524654729,-2.067823069399887,-2.3745927075137363,2.640062493588631,-1.626393898278152,-3.5352800638177078,2.5831690290606195,-1.5751796324296659
96.9,-2.322798487610965,4.021290897669872,-2.0494708206843097,-2.3768717747572157,2.5901151810803076,-1.6063943411695072,-3.535495516789044,2.533169353681326,-1.5564490545598004
97.0,-2.3451525410618634,3.977144182523706,-2.031556783879313,-2.3781516923767776,2.5401329919871802,-1.5863998048257903,-3.5347827809817938,2.4831743456216926,-1.5380762937603234
97.1,-2.3669459063018485,3.9320998258966484,-2.013380556803896,-2.3784319134502683,2.490135816738405,-1.5664064046064916,-3.5331462652848744,2.43320898757305,-1.5195695902097084
97.2,-2.3878865863044036,3.886742366079875,-1.9951944965358333,-2.37771168393903,2.4401218587396802,-1.546386240111617,-3.5305911419540723,2.3832742176810444,-1.501407581223499
97.3,-2.4088133846151756,3.8391143267161714,-1.9763535251747535,-2.3759902673492035,2.3901313732490177,-1.526363612687682,-3.527117909916939,2.3333739235411186,-1.482816239592577
97.4,-2.427330401627741,3.794807856367589,-1.958961349315623,-2.373269619660846,2.3402001582012866,-1.5063626380519815,-3.5227291838231722,2.283545914370639,-1.4647233096507082
97.5,-2.445804294110643,3.7482890958666686,-1.9407863626492246,-2.369551571406404,2.2903406150043306,-1.4863706128406602,-3.517439190751839,2.2338221150087594,-1.4468173863648393
97.6,-2.4634059826749293,3.7015127556197225,-1.9226167584936795,-2.3648373756451297,2.2405640666993865,-1.4663710007346051,-3.5112427214197126,2.1842073341359396,-1.4279721034936588
97.7,-2.480163114178304,3.6544074143741154,-1.9045213030856527,-2.359129062327801,2.1908928940736176,-1.4463786052029124,-3.5041271668111573,2.134716126163023,-1.4094276529271634
97.8,-2.496228403665666,3.6064915792803798,-1.8861684435903485,-2.352428730536792,2.141345572851806,-1.4263847531216431,-3.496093655464082,2.085365598105285,-1.3908596951214418
97.9,-2.5111090421549034,3.55928199229633,-1.868172639909181,-2.344738914681997,2.0919411699846497,-1.4063850974334957,-3.48715376865855,2.0361712351422314,-1.3728557781786732
98.0,-2.525274814120104,3.511364384057973,-1.8499860908604573,-2.33606274097604,2.0427013919767374,-1.3863845723151302,-3.477307581982503,1.9871500960412694,-1.3538122926851648
98.1,-2.5385976230585405,3.4630496482762485,-1.8318705768284298,-2.3264034278905785,1.9936440187020215,-1.3663852869063977,-3.466547769363572,1.9383214615598012,-1.335280901806881
98.2,-2.5509922146966217,3.414727073514261,-1.8137670090935925,-2.3157651537624284,1.9447899058413578,-1.3463879743727605,-3.4548831341273627,1.889701030188966,-1.3168539191179172
98.3,-2.5625499062664328,3.3660059503664104,-1.7956718015838258,-2.304152120975448,1.896158676258411,-1.326388570971726,-3.442322055265385,1.8413044296708085,-1.2983889909635744
98.4,-2.5731998486751784,3.317188465708039,-1.7774972979855554,-2.291568825437327,1.8477691860147079,-1.3063900573001894,-3.428863500066129,1.7931496392708415,-1.2795183715694327
98.5,-2.582960897874135,3.268194411341638,-1.7594028921692824,-2.2780145419461615,1.799623168849953,-1.28635650444147,-3.41450998430672,1.7452545946048312,-1.2610973105656842
98.6,-2.5918456814678064,3.2189678344272266,-1.7412697549909992,-2.2635020363922917,1.751768892216028,-1.2663445322903029,-3.399259480780149,1.6976159491452554,-1.2421833550969084
98.7,-2.599838435077184,3.1695523328497206,-1.7231097581058679,-2.248037778342639,1.70422191480469,-1.2463483599518057,-3.383131744090137,1.650289023699437,-1.2239687509851171
98.8,-2.6069328134523215,3.120020576645086,-1.7049748794582475,-2.23162563389874,1.656993005815337,-1.2263487175799102,-3.366131193640316,1.6032677910436721,-1.205289528456919
98.9,-2.6131262592826534,3.0703804869795133,-1.6868798741083846,-2.2142725264960124,1.61010237723236,-1.2063504626805035,-3.3482620644648544,1.5565697756113615,-1.1868300455940926
99.0,-2.618405763667933,3.020772104799052,-1.668786436092709,-2.1959851789336575,1.5635677263254544,-1.186354425195627,-3.3295266747822745,1.5102124596384492,-1.167964819765232
99.1,-2.6227984814441125,2.97090127601652,-1.650605000062344,-2.176771325856698,1.5174089599954612,-1.166356489399549,-3.3099348513441385,1.4642106464132096,-1.149857184974164
99.2,-2.6262554243008704,2.9214887202461775,-1.6325660844377896,-2.1566377564279158,1.4716425096137293,-1.1463567160983896,-3.289497610075457,1.4185780294005204,-1.1311427385532289
99.3,-2.62884068233504,2.8715456802407147,-1.6144707170340624,-2.1355927717796406,1.426287499941038,-1.12635528077512,-3.2682163200891443,1.3733329349576313,-1.1125381899880542
99.4,-2.630532053479636,2.8211594020037714,-1.5961998833069242,-2.1136407406026736,1.381355315840548,-1.106340667903542,-3.2460915069933796,1.3284866619310738,-1.0937523671265619
99.5,-2.631295255379954,2.7710984888440215,-1.577943565894556,-2.0907983919458264,1.3368789635231706,-1.086340244898437,-3.223128930105123,1.284062601146877,-1.0749142762457604
99.6,-2.63115031540168,2.721149835206039,-1.5598554638469235,-2.0670707713747816,1.2928676667866996,-1.066339713619347,-3.199340750331055,1.240083814899885,-1.05627061505019
99.7,-2.63009818782783,2.6711184525682983,-1.5416988811768633,-2.04246802594223,1.2493402737537687,-1.0463396597251517,-3.174736705933381,1.1965602769318426,-1.037618874521223
99.8,-2.628142978305077,2.6211920439933203,-1.5236034928320987,-2.0169999660601823,1.2063137601515457,-1.026343217347763,-3.149318658128267,1.1535028955699131,-1.0186283137920353
99.9,-2.6252770051286314,2.571256384679503,-1.5054007740328663,-1.990674023685511,1.1638011285361742,-1.0063516403531232,-3.123091944729335,1.110935139281126,-0.9996576995318787
100.0,-2.621550742591059,2.5219114351452054,-1.4875003045019726,-1.9634962835497358,1.1218101753564789,-0.986392336945567,-3.096064699663655,1.0688599289993832,-0.9812037001735623
100.1,-2.6168381887830163,2.4716119071022535,-1.469262715432227,-1.9354858419798646,1.0803698857118726,-0.9664334691830575,-3.0682491523723163,1.0272876848994674,-0.9623416168858636
100.2,-2.611269346808555,2.4219031247138956,-1.4512059944956126,-1.9066573264299267,1.0395015884934153,-0.9464716795942432,-3.0396604666387503,0.9862431746859187,-0.9437461874209802
100.3,-2.6047993584802747,2.3722617803452715,-1.4329833772962963,-1.8770260536849515,0.9992285579589996,-0.9264712879436056,-3.0103181544271966,0.9457436049837091,-0.9253164080134011
100.4,-2.597439767102937,2.322849353022034,-1.4148862613314326,-1.8465871002065384,0.9595447826489172,-0.9064991424603398,-2.9802327561719846,0.9058075794854513,-0.9063403077705509
100.5,-2.5891766689963323,2.273519412684741,-1.396824040555504,-1.8153584423684455,0.9204718396343093,-0.8865387917042844,-2.9493975375512957,0.8664275043538368,-0.8879869071951387
100.6,-2.580024720974964,2.2243436119121127,-1.3787655307990618,-1.7833560869995178,0.8820299254622181,-0.8665776846632548,-2.917836019728138,0.8276218612908502,-0.8695002560334283
100.7,-2.569986217563832,2.175341031283796,-1.3607063855080224,-1.7506049196884017,0.8442491930771152,-0.846587543714849,-2.88556828623728,0.7894013793113975,-0.8514988791578554
100.8,-2.559167326009624,2.1269942627788794,-1.3425871047087077,-1.7171001008362294,0.8071256922720447,-0.8266014050723618,-2.852619995057756,0.7517858802138148,-0.8332143502725321
100.9,-2.547249020576349,2.077944352711112,-1.3243294125538687,-1.6828522181740249,0.7706696507163866,-0.8066365924665865,-2.8189781019395577,0.714780708233537,-0.8141676898313454
101.0,-2.534559066021495,2.0295602845739524,-1.3062669876478463,-1.6478832886472936,0.734904534254135,-0.78667074179565,-2.784648428127763,0.6784006106663212,-0.7960208768348325
101.1,-2.5209972410430104,1.981413223481879,-1.2882036255588822,-1.6122133288190208,0.6998505614579396,-0.7667015693771637,-2.7496567831229966,0.6426565502021733,-0.7777498089535774
101.2,-2.5065548739874406,1.9334774393825969,-1.269772198607839,-1.575859099286185,0.6655251758531197,-0.7466999247354302,-2.7140111933846236,0.607576036851607,-0.7583597558151574
101.3,-2.491262848391299,1.8859145436326752,-1.2516750900979603,-1.538816196972631,0.6319248992447757,-0.7267176327436939,-2.6777234891354107,0.5731782608406925,-0.7402455019050509
101.4,-2.4750968885163656,1.8385909257513215,-1.2336008088120811,-1.5011033283273156,0.5990655552577596,-0.7067470220929385,-2.6407941612173946,0.5394518485067998,-0.7214060594902235
101.5,-2.4580750717366877,1.7915552698409505,-1.2155325981020924,-1.4627469385266538,0.5669700982683606,-0.6867747118008316,-2.6032401525953874,0.5064098694309647,-0.7032132031285282
101.6,-2.4401952327280516,1.7448057612901706,-1.1971994334253926,-1.423768113113715,0.5356568400143188,-0.6667732799956598,-2.565089060390307,0.4740859664836493,-0.6838870429577035
101.7,-2.4214924149731405,1.698470965021716,-1.17910248151453,-1.384159016528781,0.5051199797471183,-0.6467908657824765,-2.526335066290679,0.44249262884158064,-0.6650337848578705
101.8,-2.4019361229804437,1.6524399949353852,-1.1610274609121245,-1.3439427410780094,0.4753765518112759,-0.6268155821482815,-2.4869789805116946,0.4116253884736718,-0.6463254916471322
101.9,-2.3815484565600946,1.6067622718329184,-1.1429551341717044,-1.3031403276855418,0.44644231954667285,-0.6068392671851951,-2.4470462217521973,0.3815009869047557,-0.6274709134651794
102.0,-2.3601223861359757,1.561009321980562,-1.124701184168952,-1.2617819260294043,0.4183384455606947,-0.5868498020262198,-2.406555779809964,0.3521303852474371,-0.6088999859802915
102.1,-2.338299097544104,1.5165327844336838,-1.1065738395384184,-1.2198704706417502,0.391067754828329,-0.5668524941198074,-2.365535358207467,0.32353385453336087,-0.5899420405582507
102.2,-2.315473948747587,1.472070948981891,-1.0884841125977875,-1.1774072904625001,0.3646307102878379,-0.546872524340323,-2.323988497059101,0.2957078129461513,-0.5716941215008516
102.3,-2.29182896261028,1.4279908703702706,-1.0704072283888835,-1.134424350644671,0.339047293604735,-0.5268915326169499,-2.281922558162543,0.26864163624455106,-0.5534284153253202
102.4,-2.2673910138616398,1.3843453535455004,-1.0523293896388566,-1.09095802503277,0.31433825858585507,-0.5069161035778066,-2.2393629817018863,0.24235826043307102,-0.5344998626793728
102.5,-2.242137463781533,1.3411389756869196,-1.0334543061495662,-1.046995916411817,0.2904973403005915,-0.486924382395505,-2.19633776006878,0.21689346864586107,-0.5154456736848925
102.6,-2.2161125681333718,1.2984420171262776,-1.015368942937366,-1.0025596711788312,0.26753630442938064,-0.4669478946309849,-2.1528229394508664,0.19224092602812895,-0.4964544557694711
102.7,-2.1893017790999036,1.2561906724835594,-0.99704067891637,-0.9576904189660519,0.24547627801551097,-0.4469460603263536,-2.1088506914524814,0.16842714981049645,-0.4771027214078494
102.8,-2.1617539635412744,1.2144902315813413,-0.9789440762602014,-0.9123736219399211,0.2243106719263449,-0.4269558983672604,-2.0644348678199615,0.1454653043984047,-0.4579461247636181
102.9,-2.133431425161613,1.1732596352976234,-0.960860293106198,-0.8666385995637129,0.2040530969932445,-0.40696779872641137,-2.019572981177331,0.12334580505383042,-0.4391835233031597
103.0,-2.1043681402632304,1.1325474901312766,-0.9427758627626147,-0.8205120061649882,0.18471536997261281,-0.3869816750873201,-1.9743003310417955,0.10207305289796778,-0.4205763683636372
103.1,-2.0745570822804233,1.0923471659767063,-0.9246098049116582,-0.7740239568422356,0.16630995944731908,-0.3669813274537399,-1.9286415426171732,0.08165255039228439,-0.40184888777613653
103.2,-2.044062740477622,1.0527485428259535,-0.9064432385080907,-0.7271770520697387,0.14883775997801416,-0.3469843767192977,-1.8826250501084807,0.0620922958444313,-0.3834140922687325
103.3,-2.012833416533611,1.0136845644527515,-0.8883468659335132,-0.6799907311406568,0.13230605804849904,-0.3269872949459985,-1.8362542564974218,0.04339033263225102,-0.3647412626806355
103.4,-1.9808949445822623,0.9751874535094348,-0.8701785037130251,-0.6324840357817301,0.11672151959123361,-0.3069866609928804,-1.7895507053282278,0.025552256833908993,-0.3464490063799868
103.5,-1.9482714807148083,0.9372927811881934,-0.8518575297052751,-0.5846741416102434,0.102089902678908,-0.2869860231674688,-1.7425199510678024,0.008576190299238548,-0.32792198777420667
103.6,-1.9150005774354728,0.900039338301977,-0.8337613508446386,-0.5365622940102529,0.08841194006915078,-0.2669892764812529,-1.6951831162772988,-0.007524684541275702,-0.30922440568916826
103.7,-1.881010086332409,0.86333869782888,-0.815669278796124,-0.488184300884949,0.07569811258947572,-0.24699200551252545,-1.6475347905894755,-0.022749636531407227,-0.2907220280808525
103.8,-1.8463621047893097,0.8272598777660964,-0.7975762228891783,-0.4395820795994478,0.06395875874738775,-0.2270011926876994,-1.5996115528713748,-0.03708559859958937,-0.2720142033301555
103.9,-1.8110581155569632,0.7918199946831643,-0.7792463418846595,-0.39074080703958486,0.053190634359851184,-0.2070012739739531,-1.5514479144125557,-0.05051236339864357,-0.2528938576883134
104.0,-1.7751370849836212,0.7570443933857532,-0.7611506691799984,-0.3416875975535379,0.043400118183585225,-0.18700059771030222,-1.5030237322721958,-0.06303540323590782,-0.23443679199342773
104.1,-1.7385745279920766,0.722907224776405,-0.7430543101203498,-0.29245642825026447,0.03459393771814701,-0.16700315360775725,-1.4543696789283105,-0.07465177427681924,-0.21561477427838996
104.2,-1.7013746197123787,0.6894165033608737,-0.7248873897771748,-0.2430726352948209,0.026776181331137718,-0.1470032208140666,-1.4055137626560084,-0.08534758664442366,-0.19655964450894237
104.3,-1.6636396860419018,0.656664186707712,-0.7067215135517204,-0.19354249053103165,0.01994735045440232,-0.12700880340213974,-1.3564764427012035,-0.09511249257901666,-0.17758764417109363
104.4,-1.6252809330523428,0.6245727955212125,-0.6886235974115985,-0.14388619588868742,0.014110393670006365,-0.10701384567397756,-1.3072638407541104,-0.1039515019083756,-0.15902849527877272
104.5,-1.5863393515739517,0.5931773621344205,-0.6704508445520192,-0.09412274180057177,0.009267438927577858,-0.08701412821003476,-1.257896461043126,-0.11187850056300068,-0.14097461272180825
104.6,-1.546883350554537,0.5625298576137788,-0.6523558935734433,-0.044273197889043214,0.005420579320546519,-0.0670218035838064,-1.2083909219856805,-0.11889417378777623,-0.12213609817791879
104.7,-1.5068056965461423,0.5325525031110206,-0.6340514736546017,0.005644115441819009,0.002571105366181015,-0.04702223366395699,-1.1587629335169964,-0.12498324892483581,-0.10327909143367053
104.8,-1.4662600569322246,0.5033609385110417,-0.6159564274558067,0.05561213011676863,0.0007203594045304358,-0.027020914030778685,-1.1090297776309637,-0.13014292515937945,-0.08478281156828665
104.9,-1.4251624632560271,0.4748862726020191,-0.597857847805494,0.1056164980182129,-0.0001308130420759314,-0.007023883863878555,-1.0592090019419897,-0.1343803942966793,-0.06643044846610757
105.0,-1.3835028963431302,0.4471293581980739,-0.5795824784498286,0.15561779569607356,1.801487796119851e-05,0.012977220968368931,-1.0093061679510407,-0.13769698025507118,-0.0477980438389961
105.1,-1.3414248310410002,0.42018594969547307,-0.5614835784139335,0.205625102555604,0.001167570226041193,0.03299037669258607,-0.9593588694791001,-0.14008631468584007,-0.029230625422340294
105.2,-1.2988178291628965,0.3939791911093687,-0.5433754644617981,0.2555888091403323,0.0033169433598117517,0.05299185193743903,-0.9093589973371289,-0.141551132085618,-0.010836489846398855
105.3,-1.2557113225397878,0.36853283553978516,-0.5252026429664363,0.3054881883528777,0.006464296064017088,0.07298598815094667,-0.8593531534901295,-0.142085982606088,0.008054760261113694
105.4,-1.2122036946635502,0.3439040817347605,-0.5070291600559719,0.355315405111229,0.010608770000152893,0.09298578681721524,-0.8093621684073247,-0.1416885294756144,0.026484081128967073
105.5,-1.1682898432505564,0.32008566671214467,-0.48893491960694596,0.4050492115081573,0.01574868670047132,0.11298125806253333,-0.7593795989641987,-0.14036392312502333,0.045033133750853764
105.6,-1.1238616048745524,0.2970232558607658,-0.4707560067246238,0.4546702922399588,0.021882066060057794,0.13297651655117335,-0.7094308429619589,-0.13811225196345042,0.06362549262934063
105.7,-1.07909281737845,0.2748059431273844,-0.45257812110306106,0.5041593955772549,0.029006451905474573,0.15297626955389074,-0.6595323421071659,-0.13492543849777994,0.08270832949071405
105.8,-1.0343789310400444,0.25361197290406384,-0.4346638987688206,0.5534948729278344,0.03711836233401778,0.17296095732507566,-0.6097030829956059,-0.13079555030255882,0.10161944323662807
105.9,-0.9883161035989003,0.23280035619546527,-0.4162056726603318,0.6026685317437509,0.046217123740781095,0.19297050858170792,-0.5599567597052822,-0.12573027286350533,0.12006574295370485
106.0,-0.9424155486436947,0.21305967606454254,-0.3980971756469103,0.6516552712200439,0.05629918691392392,0.21297664457093088,-0.5103045874470626,-0.1197343509729175,0.13899403390310588
106.1,-0.8960769296335586,0.19412128676255036,-0.3798066852243943,0.7004161330726228,0.06735554554407085,0.2329754281538132,-0.46077327045021776,-0.11281202122085915,0.15739177829111864
106.2,-0.8499590515544238,0.17624185699273454,-0.36189318479292815,0.7489592342028752,0.07938835439445903,0.25299150111206775,-0.4113916144475518,-0.1049720141288137,0.17607353478865795
106.3,-0.802541407009544,0.1588382086685569,-0.3435971978336579,0.7972436478644659,0.09238786182092038,0.2729916183808274,-0.36214780771982835,-0.09621413595598054,0.19450499980577546
106.4,-0.755249814813862,0.14245699631336395,-0.32542241991283066,0.8452535365700391,0.10634888252078992,0.2929870612302927,-0.31308732026840885,-0.08654475544879525,0.21327960434368462
106.5,-0.7077119641690738,0.1269504911044443,-0.3072410900416002,0.8929753289207408,0.12126728934654406,0.31298682073431894,-0.2642200505478276,-0.07596712550473246,0.2316137134180939
106.6,-0.659945920241887,0.11232164832044271,-0.2891473466909068,0.9403885902348029,0.1371367022549471,0.3329821784060598,-0.2155545251058151,-0.06449206785623149,0.24987315231933793
106.7,-0.6118226129989719,0.09853490243568545,-0.2709644550124673,0.9874747651495215,0.15395089157963746,0.35297612129133754,-0.16710842980653823,-0.052122963886026295,0.2685073420118751
106.8,-0.5635218042724633,0.0856414730657669,-0.25278714265309504,1.0342163111430214,0.1717035333006896,0.3729759290311685,-0.11890193919829042,-0.03886365315951081,0.28675801874534357
106.9,-0.5150308174603124,0.07363425917883658,-0.2346932154258184,1.0805925757802357,0.19038695016111398,0.39297397164799247,-0.07094257124401455,-0.02472474247540505,0.304855251088531
107.0,-0.46628079379319176,0.06249743243997065,-0.21654087047090695,1.1265870151562885,0.20999440547395062,0.4129632297727139,-0.02325063805266383,-0.009708193151514995,0.32360438872248937
107.1,-0.4172981666664244,0.0522396612729502,-0.19823243613103708,1.1721801996826002,0.23051732167061967,0.4329628896715813,0.02415467227784979,0.006191862784897547,0.3422495983184964
107.2,-0.3682282365250413,0.04289548581251588,-0.18013991768905468,1.2173589665713738,0.25195045210873945,0.4529735218188973,0.07125583839031184,0.02296953856208522,0.3606979917231687
107.3,-0.3189395528260034,0.03442841386906171,-0.1620253579776621,1.2620973169761127,0.27428200230952776,0.4729744041456329,0.11804501645397884,0.040621404490318605,0.3793791820401017
107.4,-0.2694672670620728,0.026856653053013615,-0.14384997406234684,1.306375880054974,0.29750123891479807,0.4929622505303255,0.16448707451895808,0.05913593030697266,0.39791264685342015
107.5,-0.2198314520587685,0.02017907097272273,-0.1256303001429284,1.350183182255077,0.3216020410083055,0.5129620252157225,0.2105797341832829,0.07851351841860085,0.41666542910433224
107.6,-0.17018512041781275,0.014415427574144863,-0.10753520622848135,1.3934996966051092,0.3465740758097081,0.5329618913013314,0.2563071414822866,0.09873748112540043,0.43453494328892933
107.7,-0.12050480705603908,0.009557971632296457,-0.08943238792720236,1.4363163709471172,0.37241313569439,0.5529828245268181,0.30165572228874776,0.11979750829411025,0.4533582993864505
107.8,-0.07059745172962269,0.005590575825815366,-0.07125736182341423,1.4785985516004325,0.39909792465695837,0.5729787863860707,0.34661115312104246,0.14169332439725685,0.4716173732857836
107.9,-0.020703632472013546,0.0025324974357328494,-0.053119544247308616,1.5203392830022584,0.42662318807406374,0.5929787055290717,0.39115273445763493,0.1644102913583295,0.4900035864952335
108.0,0.029326364761313915,0.0003763998810011772,-0.03502386115292398,1.5615209879997023,0.45497752881108805,0.6129754711410695,0.43526617133111034,0.18794793363317192,0.5088331968301741
108.1,0.07922813235237028,-0.0008683711750099093,-0.01686203922808123,1.6021277124769713,0.48414982735329276,0.6329754550552377,0.4789323458858817,0.2123052136039265,0.5275036543544512
108.2,0.12920436247320907,-0.0012088953163381972,0.0012319029350703573,1.6421480333110434,0.5141323780701044,0.6529911995935265,0.522135325239411,0.23747494700830557,0.5462449318683841
108.3,0.1792070140150907,-0.0006460089110092614,0.019351617440880788,1.6815626258082246,0.5449124487139339,0.673005451661522,0.5648635723973569,0.26345698977031323,0.5652787112092544
108.4,0.22925887361537425,0.0008311528733468448,0.03766101233273402,1.7203460293009334,0.5764683512218761,0.6930060474838756,0.6070877708498099,0.29023260645210525,0.5837746794370241
108.5,0.2791567450542596,0.00321361740435814,0.05575049704504802,1.7584995484984154,0.6088014086928067,0.7130038329539079,0.648811843615511,0.3177845484223565,0.6018337903191484
108.6,0.32905660031486605,0.006502502222122141,0.07383792541400011,1.7960052562192848,0.6418950122569096,0.7329642011842965,0.6900291320886571,0.34611591719293267,0.6212164931743286
108.7,0.37890036142592104,0.010692765451074226,0.09189554371814071,1.8328431057056744,0.6757306564740194,0.752923216572501,0.7307109926753915,0.3752179410950584,0.6394822174680943
108.8,0.42866049476463547,0.015782263586693445,0.10995245994930675,1.8689890525554893,0.7102862320326008,0.7729045269011904,0.7708456396991326,0.40507047121152306,0.6580945272139045
108.9,0.4778720391960152,0.02171215040749314,0.12797574820785526,1.904433453242845,0.7455543416655271,0.7929005542758991,0.8104018754486775,0.4356542112884595,0.6768933305857038
109.0,0.5278437346913581,0.028659296625306085,0.14624223592001806,1.9391785899043492,0.7815360715674485,0.8128603991776584,0.8493826701079386,0.4669736427829755,0.6954829446144347
109.1,0.5772542708762873,0.03644428107739755,0.1643001793933491,1.9731987411299934,0.818204191769011,0.8328205724543094,0.887786422961741,0.4990227235150117,0.7139933322541536
109.2,0.6265162623804006,0.045120209499380524,0.18235833508092575,2.0064715405579485,0.8555345085900996,0.8528003707151457,0.9255898754031457,0.5317779416298586,0.732469623621785
109.3,0.6756148921385216,0.054687628986613876,0.20062141679757534,2.0389902882953894,0.8935214792530946,0.8727902932168358,0.962763993521626,0.5652256428195691,0.7516429083538421
109.4,0.7245055778225152,0.06514332276022135,0.2187014809167208,2.0707532883719906,0.9321616299548603,0.892753209840732,0.9993017727812465,0.5993696690948508,0.7703327705807689
109.5,0.7732231729452848,0.0764850933227144,0.23676225029585474,2.101738680901338,0.9714282156134464,0.9127171998209344,1.035202791641898,0.634199944170441,0.7888728339412205
109.6,0.8212441541811237,0.08857835603243362,0.25464337585168323,2.131934066869118,1.0113056170559591,0.9326822830005702,1.0704481421121697,0.6696937402336152,0.8075913620546272
109.7,0.870007544011197,0.101798579129672,0.2728926071779642,2.161312427536274,1.05175706721318,0.9526451352273965,1.1050244635679831,0.7058396987277007,0.826273719091439
109.8,0.9182030053800712,0.11583867207026315,0.29224881119167995,2.1898795717292217,1.092791779300754,0.9726454876564757,1.1388832550159513,0.7426048142362254,0.8457553517301115
109.9,0.9658741432034,0.13070461647555096,0.3103458709439264,2.2176254288884,1.1343970775245653,0.9926321515164787,1.1720481123437552,0.7800227211574985,0.8644859062695605
110.0,1.0133424111316847,0.14645663829550323,0.32842281599742323,2.2445410856658294,1.1765580058208895,1.0126020419790567,1.204513158596192,0.8180658864529557,0.8829050780450662
110.1,1.0605255887415472,0.16306513758024024,0.3464901392580256,2.2706072802575843,1.2192443546499963,1.0325737249817786,1.2362717523168119,0.8567113506052313,0.9014452943479517
110.2,1.1074177689481282,0.18052872240256682,0.3647433079357506,2.295808516280516,1.262431822792395,1.0525698028277695,1.2673028383267142,0.8959382085944935,0.920245641759674
110.3,1.1539347590320475,0.1988284634462609,0.3828308704383658,2.320150325949884,1.3061295233315218,1.0725433057020461,1.2975891356782165,0.9357272586593872,0.9387724583075885
110.4,1.200144988089415,0.21797836840227006,0.4009016431117025,2.3436145522113865,1.350304741971546,1.092517870209697,1.3271443651977495,0.9760829506696037,0.9570407123284492
110.5,1.2460016931846538,0.23796019544184877,0.4189733946625623,2.366191781220866,1.3949398758764224,1.1124935215770007,1.3559542233877546,1.0169742117176876,0.9753317391183343
110.6,1.2914898930383452,0.25876747170460057,0.4370461641100972,2.38786684386329,1.4400041698205732,1.1324737901562256,1.3840099223369589,1.0583866314511134,0.993699593100946
110.7,1.3366175733216124,0.2804149197817979,0.4556679612494313,2.4086349072127313,1.4854891587516952,1.152471422897573,1.4112921896211597,1.1002976965497915,1.0122054296623084
110.8,1.3812570375411066,0.30285089084762473,0.4737579831521416,2.4284971068177184,1.5313970212536312,1.1724506710081202,1.4377999643408657,1.1426978259448182,1.0302152860987064
110.9,1.425537804756286,0.32611790339336555,0.4918341443944534,2.4474381933190563,1.5776925855995003,1.1924310081386291,1.4635401688106942,1.1855879805158467,1.0485283505523286
111.0,1.4693908078663727,0.35018153073117464,0.5099112121835149,2.4654471168631695,1.6243481976840761,1.2124130067015206,1.4884856268974715,1.228945294741976,1.06736675091913
111.1,1.5128339041069916,0.3750548110193996,0.5282039583872816,2.482515610849891,1.6713433060505856,1.2324137271532523,1.5126138958075974,1.272752949402095,1.0860326677988974
111.2,1.5557295486413414,0.4006659786685267,0.5462999505522331,2.4986443001347647,1.7186804729338963,1.2524063009384798,1.5359149559921017,1.3169917686809849,1.1046195621649986
111.3,1.5982006377372184,0.4270777814777724,0.564385976505896,2.513823829182189,1.7663302562194263,1.2723912229057726,1.55839377423297,1.361668428965239,1.1232868969956653
111.4,1.6402188195866811,0.45428060499153944,0.582845743936024,2.5280446348911614,1.814263964767365,1.292391802191024,1.5800324596487394,1.4067409774025637,1.1416688932402612
111.5,1.6816491213547715,0.48219451267072694,0.6009419921342559,2.5413081574890253,1.862487335046222,1.312383142270728,1.600838226378806,1.4522066976911407,1.1599803600486462
111.6,1.7226186749740953,0.51088931275642,0.6190275193793172,2.5536068254454536,1.910972458585296,1.33237156674389,1.6208111783878725,1.4980630932180066,1.1784652278148446
111.7,1.7630649906609905,0.5403215539254109,0.6371123829046261,2.564931842111314,1.9596844264131636,1.3523624174728401,1.639935401841059,1.5442844378612532,1.1970066461016662
111.8,1.8026008208161353,0.5701960847861008,0.6550949039964059,2.5752779660374037,2.0086009492559893,1.3723627392378162,1.6581968520423414,1.5908394182966454,1.2154461941769963
111.9,1.8426867494284536,0.6016504112900675,0.6735523875616392,2.5846439118527993,2.057714422479538,1.3923574964175343,1.675598762799609,1.637713536070805,1.2334817063250325
112.0,1.8810937145929951,0.6329366527545922,0.6915466109487473,2.5930259782730394,2.107005412118644,1.4123527351546608,1.6921429751149766,1.6848991396608104,1.2519005906934806
112.1,1.9192972558514017,0.6652233676749572,0.7097263985253008,2.600420611448927,2.1564527365003054,1.4323447750022404,1.722574709568759,1.7801442271791803,1.2901205601566637
112.2,1.9568898125026852,0.6981837002242497,0.7280206899063845,2.6068253849128973,2.2060395221242515,1.4523447500994306,1.722574709568759,1.7801442271791803,1.2901205601566637
112.3,1.993850458364413,0.7318012903032405,0.7461160411899312,2.6122384886685244,2.2557565544326947,1.4723428718827685,1.7364305523600134,1.8281854846934142,1.30889434984095
112.4,2.030233882314815,0.7661172095565062,0.7642094381515391,2.6166570498118245,2.305578442819349,1.4923361872878729,1.7493785787957312,1.8764933473475314,1.327854362997257
112.5,2.0660087909167224,0.801105994852405,0.7827276854448459,2.6200770172589767,2.355459283911118,1.5123406241774855,1.7614016351975075,1.9250412609472773,1.3473625407923355
112.6,2.101082262245945,0.8367009473726771,0.8008216505184017,2.6224997505056784,2.4054192616349126,1.532340401762699,1.772494690853897,1.9737952128835483,1.3657848249883762
112.7,2.1355421141560984,0.8729622160873346,0.8189173254572897,2.623922925242689,2.455419716091356,1.5523413471684362,1.7826803970813732,2.0227687648360795,1.384283525464077
112.8,2.1693388691760913,0.9098396898377544,0.8370138682605562,2.624345891059382,2.505428391513521,1.5723367610077756,1.7919544182340381,2.071923090894575,1.4029304481712161
112.9,2.202482773678731,0.94734993793343,0.8551844985459949,2.6237688688911565,2.5554255733729967,1.5923367683489402,1.800304257565537,2.121222585130067,1.4218261942827244
113.0,2.2348789807358465,0.9853805751649775,0.8732805002188835,2.622192218616669,2.6054026264323302,1.6123330738378292,1.8077249142585166,2.1706734571178425,1.4407209676429915
113.1,2.2666240045374093,1.0240493437121099,0.8914584982000664,2.619616680195061,2.6553347447378437,1.6323287567021505,1.8142174203373622,2.2202498547225797,1.459128479072794
113.2,2.2976572098663555,1.0632819044780986,0.909637071910687,2.6160432454153404,2.7052053663415725,1.652323045366131,1.8197841857007162,2.2699395689082915,1.4779802883371689
113.3,2.327945539164945,1.1030353507840833,0.9278082099510699,2.6114733695832566,2.75499537130475,1.672322728874694,1.824415263206922,2.3197247797943166,1.4969549773984432
113.4,2.3575171820278,1.1433438507838531,0.9459035485640316,2.6059091217574863,2.8046825172135543,1.692314490655232,1.8281153945758442,2.3695877322538936,1.5151346255704379
113.5,2.386375163306897,1.184221441859718,0.9641722536547876,2.5993523698413297,2.85424927143674,1.7123135303514925,1.8308911888823756,2.4195108121822617,1.5338731608908498
113.6,2.4144389419213703,1.2255453127141225,0.9822669253722203,2.5918032875177293,2.9036896049425702,1.7323208799998804,1.8327418567182214,2.469476646932806,1.5521997881749254
113.7,2.4417861106231573,1.2674240184790262,1.0003714887307642,2.5832692526743655,2.9529570123836493,1.7523108692946943,1.8336726308015958,2.519485270204009,1.5705702976009137
113.8,2.4683740826687988,1.3098116253914298,1.018642181727743,2.573752268917521,3.0020414087949256,1.7723096760453225,1.8336768250844782,2.5694768587638435,1.5893980370210266
113.9,2.49415820014194,1.3526208261963186,1.036738520999595,2.563250682931883,3.0509468490955096,1.7923241382350237,1.832744334873774,2.619468286532093,1.6082816961850879
114.0,2.519186861626551,1.3959305972317864,1.0548478232772636,2.551777304881973,3.099613886751466,1.812320903487677,1.8308730991254165,2.6694545359940594,1.6269223382792388
114.1,2.543426573392509,1.4396960203844196,1.0730230585274954,2.5393335886130326,3.1480399283217073,1.8323156894906576,1.8280782789464607,2.7193764260490907,1.6449465301506687
114.2,2.566866498916478,1.483891932566868,1.0911979834651004,2.525924299202444,3.196206801407392,1.852308731720198,1.8243663068124831,2.769235892077922,1.663647921698564
114.3,2.5894864117323144,1.5284782049855952,1.1093689315703228,2.5115544599211366,3.244096631724996,1.872308263186973,1.8197269891968169,2.8190203346987346,1.6824495008337994
114.4,2.6112807944487417,1.5734323635998435,1.127497329681751,2.4962304532725073,3.291688208462348,1.8923023020662817,1.8141564463167537,2.8687091685826904,1.701163632669587
114.5,2.6322770421091857,1.6188515040122915,1.145759229866213,2.4799531455707235,3.3389766513141725,1.9123144419386136,1.8076570181228646,2.918285060024136,1.7198528267214515
114.6,2.6522294955129335,1.664127261052514,1.1636888479019865,2.4627317138298186,3.385932468371141,1.932316070917327,1.8002325427632568,2.9677443610744434,1.7383762629123751
114.7,2.671772524569529,1.7107542757011316,1.182155560048766,2.4445806157059202,3.432520105501984,1.9523144861681947,1.7918970934020497,3.0170543970186117,1.7565449499399812
114.8,2.6902420828026443,1.7571853770837498,1.2002494227721552,2.4254958892081477,3.47874826605088,1.9723304872939431,1.782659781241801,3.066193811321147,1.7750107570910114
114.9,2.7078844147497754,1.803983982706124,1.2183642313764353,2.40549151949988,3.5245811703366035,1.9923373069759227,1.7725135422182405,3.1151707443921848,1.7936333426338746
115.0,2.724686768390306,1.851139583530605,1.2365487435157825,2.384578662167088,3.5699959595900776,2.012331989720019,1.7614577926440598,3.1639417606028983,1.8124746586081184
115.1,2.7406109176674103,1.8985346954538755,1.2547277143732223,2.362761594889497,3.6149842228374434,2.0323315704645863,1.7494916975251733,3.212489289917503,1.8312027647192723
115.2,2.755659913560975,1.9461669793953047,1.2728211807906402,2.340049899961702,3.659526394714536,2.0523250234080823,1.7366215612959142,3.2608045995771646,1.8496996058179835
115.3,2.769868789683847,1.9941601377382308,1.2909980840848894,2.3164523194332545,3.7036051518900144,2.0723169614046077,1.7228530380389095,3.3088716573152337,1.8684840400422495
115.4,2.783190173737525,2.042350898845526,1.3091700463562355,2.291977486460046,3.747204588947674,2.0923166664422914,1.7081900126564633,3.3566718547506245,1.8870698312469545
115.5,2.79562529325961,2.090733177670899,1.3272635763955694,2.266636531921367,3.7903048685613148,2.1123096372810313,1.6926350750447208,3.4041908797071367,1.9059334332196627
115.6,2.80720127255095,2.139426260052259,1.345440566073805,2.2404385581895148,3.832890867857176,2.132299867975732,1.6761901964403694,3.4514093251087576,1.9247327973740491
115.7,2.817873847613426,2.1882386749710614,1.3636400454940325,2.213386655547584,3.874955240394031,2.1523077133292143,1.658860646042739,3.4983125194568228,1.9434748961762764
115.8,2.82767151220102,2.237331561139568,1.381983154023345,2.1855065163795953,3.9164592193986008,2.172306268575111,1.6406497758827354,3.544882428095216,1.9625041327583546
115.9,2.836555088326866,2.2864919614908046,1.4000805139824795,2.1567900867040963,3.957412800421343,2.1923424206743394,1.6215655694640285,3.591097174537499,1.9811702048775182
116.0,2.8445571558292886,2.335868581704078,1.4182129344737007,2.127268700807338,3.9977707512300737,2.2123445053589044,1.60160877312041,3.636963610344202,2.000005748031426
116.1,2.851661930574629,2.3854131451898613,1.436389388215264,2.0969489644397106,4.037526703547964,2.2323380006097224,1.5807948697714183,3.6824300095336633,2.0191407115627618
116.2,2.8578621015098,2.4350375043008436,1.4545657189269199,2.065839728207277,4.076669316098131,2.252337884622051,1.5591301209257173,3.7274926928216523,2.0375430729317774
116.3,2.8631538691591456,2.4847092834285758,1.472678039731664,2.033954146609135,4.1151818340916595,2.2723357380587674,1.5366349658334,3.772146668102682,2.055800590880453
116.4,2.8675529346178035,2.5345239838790627,1.490774858834621,2.0013126799763854,4.153042328484349,2.292267605311632,1.5133198865568849,3.816378128135852,2.074452450149621
116.5,2.8710342057166973,2.584535413906155,1.5095483821075757,1.9679070964211862,4.190259474609863,2.312293676905714,1.4891806771500218,3.860165516830841,2.0935865689380613
116.6,2.8735937997713776,2.6344707364393107,1.527675852597974,1.933756984396513,4.226805556823833,2.3323391711393113,1.464213419352448,3.9034974997124143,2.112383294226697
116.7,2.8752426440743224,2.6844695500928957,1.5459249420919738,1.898896031694896,4.262647011692769,2.352326111432923,1.4384337390834046,3.9463616291711547,2.1308518957693443
116.8,2.875982343630474,2.73449443258534,1.564139400924656,1.8633252617711662,4.297784208189631,2.3723260152414976,1.41187010211049,3.9887218412323286,2.1495442415273187
116.9,2.8758130887300974,2.784460404913263,1.5822262847132544,1.827058967048076,4.332203534914285,2.3923148109785224,1.3845215451831192,4.030579563670479,2.168175704252706
117.0,2.87472874017104,2.834511654520615,1.6005622282458651,1.7901117684138896,4.365890728387079,2.4123152205006106,1.3563938195527436,4.07192243834334,2.186940243675344
117.1,2.872740872576296,2.8844130449451097,1.6186482094992296,1.752495448167864,4.39883443586871,2.432325399125689,1.3275062665978588,4.112732664900416,2.2051226799280808
117.2,2.8698401294195333,2.934391799027604,1.6369301230986488,1.7142305201580905,4.431016633382596,2.4523266549578326,1.297865830120826,4.153004762510342,2.2239500402707337
117.3,2.866038795322728,2.9841944393665583,1.6550270107094252,1.675317925250207,4.462437284371419,2.472294908383702,1.2674875988997998,4.192718311370578,2.242121017519494
117.4,2.861330060931801,3.0339896646611297,1.6730862154971586,1.6357825501767227,4.493077720024589,2.4922538187808487,1.2363782774268646,4.231881762239408,2.260294506628311
117.5,2.855723648408959,3.083694278977061,1.6911430921691033,1.5956434409244515,4.522923090697131,2.5122129605100283,1.2045528881056264,4.27047081175838,2.2789570920608155
117.6,2.849220681054426,3.13328965946613,1.7092001196157034,1.5549286801970659,4.551952521927015,2.5321958257658057,1.1720191364483616,4.308464661446527,2.2974284393801914
117.7,2.8418879501931253,3.182335231282735,1.7272614928249366,1.5136427962464147,4.58016115338679,2.5521898924391926,1.1387974735145352,4.3458375045851785,2.3160083609425475
117.8,2.833523927947627,3.2320660095229123,1.7455260726140862,1.4717877611961296,4.607548721087697,2.5721503641017835,1.1048955648795022,4.38258153623277,2.334482125715133
117.9,2.8243347191066546,3.281234804272091,1.7635845373960943,1.4293943521141235,4.634095472751527,2.5921116068980243,1.0703007830218223,4.41870919974587,2.3531250142188815
118.0,2.814259072775887,3.33022972135049,1.7816438056089732,1.3864812268290576,4.659789734865183,2.6120736387512427,1.0350403415685152,4.454187595685143,2.371700679566533
118.1,2.8032969469344278,3.379060782447117,1.800106118574403,1.3430835002019774,4.68461097603679,2.632050810641106,0.999118468988746,4.488989248395775,2.3913663797077733
118.2,2.791420975037933,3.427665212074951,1.8186549687922229,1.2991770247227763,4.708572021060391,2.6520168720430846,0.9625545023596317,4.52307569591904,2.4103683761880252
118.3,2.7786633665539764,3.4760320371868754,1.8367174594486635,1.2548004260620997,4.731651995364125,2.671983038641922,0.9253237596312931,4.556480972333146,2.429256794556444
118.4,2.765034543698656,3.5241602192346977,1.8547814039998718,1.2099717917713846,4.753841415539596,2.691950217341027,0.887473015023026,4.589182148073001,2.4475418730070406
118.5,2.7505385696323055,3.5720344460762954,1.8728461312462532,1.164711285408483,4.775130328923858,2.7119176890298102,0.8490193335107693,4.621172448580401,2.4664674077538473
118.6,2.735172038086258,3.6196708513015303,1.8910631054016545,1.1190508501323682,4.795503205682468,2.731918442095589,0.8099737183731508,4.652431176684545,2.485397956276478
118.7,2.718945462815011,3.6669956928158776,1.9091591874977827,1.0729826531825812,4.814962962618593,2.751904362767702,0.7703555729833809,4.682933922357803,2.504506288231855
118.8,2.7018885438768465,3.7139525975024417,1.927236892969117,1.0265253062004542,4.833502589028748,2.771876288846361,0.7301556297704564,4.712686604334933,2.5233751878924653
118.9,2.683964692525183,3.76065197070196,1.9453061954728281,0.9797068986169567,4.851110739465605,2.791849232017705,0.6893970920263743,4.74168357128316,2.5418380658125206
119.0,2.665199618369466,3.8070251589912703,1.963488243367366,0.9325663061502212,4.867773074947624,2.811837219682706,0.64810256036776,4.7699122666214375,2.56081603163853
119.1,2.6455855678441234,3.853027895340153,1.9819739695280396,0.8850909823324509,4.883493097827162,2.831825072027891,0.6062987825429412,4.797347364945841,2.579676557225856
119.2,2.6251377967706224,3.898665084015239,2.000054636349065,0.8373015674552867,4.898264539778802,2.8518018203472795,0.5639799375031167,4.824000328138318,2.5980980823362434
119.3,2.603863754332664,3.943936892310033,2.0181286547661808,0.7892265512466266,4.912078416041641,2.871779543864447,0.5211683989375611,4.849870727147349,2.616401822116988
119.4,2.581774957428771,3.9888168709920047,2.036203391769458,0.7408851127959074,4.9249291610360135,2.891758289861698,0.47788759476353077,4.874948353032181,2.6349025928142944
119.5,2.5588785822955304,4.033290325690702,2.054278907897436,0.692312541310132,4.936807501479498,2.911747891412156,0.43415094454786585,4.899222328055522,2.6534156981459
119.6,2.535169597449512,4.077361811128061,2.0725868290446487,0.6435078777345523,4.9477131762662765,2.931741513579517,0.38998887307259306,4.9226758211609445,2.6718312825261195
119.7,2.5106879791053585,4.120939535160805,2.0906720693348615,0.5944831104140444,4.957643842774533,2.9517239721795856,0.34539303436576363,4.945314544927509,2.690330811604692
119.8,2.485404198348837,4.164100536317069,2.1087511745463816,0.5452696489724512,4.966592941489475,2.9717074285752303,0.30037668077735175,4.967124186346614,2.709165425715916
119.9,2.4593442366009257,4.206797430929933,2.126831276659977,0.49590020720775685,4.974554852296419,2.9916939833722824,0.2549609786232518,4.988089565835724,2.7277301678537276
120.0,2.432492837147791,4.249036815467567,2.1453720053183916,0.4463833458664659,4.981527711179913,3.0116906486998083,0.2091676150822134,5.008185285734508,2.7474154244729805
120.1,2.4049180923304267,4.290702491129358,2.1634626274072812,0.39672194293587854,4.9875112408332605,3.03167779016827,0.1629984957378034,5.027401896104287,2.7660773705834383
120.2,2.37656219386547,4.331910482192594,2.181546478468683,0.3469508270453903,4.992501031963915,3.051665922335896,0.11646186218011256,5.0457453980455895,2.785065455633332
120.3,2.347465759225606,4.372599003157708,2.1996310972785875,0.29710021623103045,4.996494337828702,3.071654561207454,0.06958625226738296,5.063204562639757,2.8039821486787253
120.4,2.317611782749447,4.412778926480265,2.218131593613573,0.24719102117348365,4.9994893715357085,3.0916553351013554,0.02239918190384462,5.079765156064355,2.8231737848014644
120.5,2.287082434811265,4.452328618162528,2.236227144199826,0.19721130482672905,5.001486667270436,3.11164754818019,-0.02508163609629299,5.095435953557162,2.8410878956794643
120.6,2.255805062958912,4.491366707225215,2.2543146950548003,0.1472005739992853,5.002484454221615,3.1316403071512187,-0.07286620822542231,5.110227657421906,2.860311358167143
120.7,2.223827290581245,4.529832094944117,2.2724033675448005,0.09718578712785822,5.0024823220716685,-3.131554988536371,-0.12092208453271665,5.1241123762079965,2.879339966986559
