s_m,curvature_1pm,speed_limit_mps,velocity_mps,time_s
0.000000000000000000e+00,0.000000000000000000e+00,2.200000000000000011e-01,0.000000000000000000e+00,0.000000000000000000e+00
5.000000000000136974e-02,6.591949208712111821e-14,2.200000000000000011e-01,2.200000000000000011e-01,4.545454545454670203e-01
9.999999999999877043e-02,2.463307335887125144e-13,2.200000000000000011e-01,2.200000000000000011e-01,6.818181818181825449e-01
1.500000000000005773e-01,3.781697177629434417e-13,2.200000000000000011e-01,2.200000000000000011e-01,9.090909090909179424e-01
1.999999999999988454e-01,1.307981500886561219e-12,2.200000000000000011e-01,2.200000000000000011e-01,1.136363636363637353e+00
2.499999999999993616e-01,9.332812300754577953e-13,2.200000000000000011e-01,2.200000000000000011e-01,1.363636363636366866e+00
3.000000000000011546e-01,3.781697177629434417e-13,2.200000000000000011e-01,2.200000000000000011e-01,1.590909090909102375e+00
3.499999999999994227e-01,1.307981500886561219e-12,2.200000000000000011e-01,2.200000000000000011e-01,1.818181818181821674e+00
3.999999999999999112e-01,1.620231726562376802e-12,2.200000000000000011e-01,2.200000000000000011e-01,2.045454545454551187e+00
4.499999999999986233e-01,9.957312752106856566e-13,2.200000000000000011e-01,2.200000000000000011e-01,2.272727272727272485e+00
5.000000000000000000e-01,6.210310043996619018e-13,2.200000000000000011e-01,2.200000000000000011e-01,2.500000000000006217e+00
5.500000000000004885e-01,1.620231726562376802e-12,2.200000000000000011e-01,2.200000000000000011e-01,2.727272727272735953e+00
5.999999999999992006e-01,9.957312752106856566e-13,2.200000000000000011e-01,2.200000000000000011e-01,2.954545454545457250e+00
6.500000000000005773e-01,6.591949208712111821e-14,2.200000000000000011e-01,2.200000000000000011e-01,3.181818181818190538e+00
6.999999999999979572e-01,2.463307335887125144e-13,2.200000000000000011e-01,2.200000000000000011e-01,3.409090909090906063e+00
7.499999999999997780e-01,3.087807787238423298e-13,2.200000000000000011e-01,2.200000000000000011e-01,3.636363636363641572e+00
8.000000000000011546e-01,6.591949208712111821e-14,2.200000000000000011e-01,2.200000000000000011e-01,3.863636363636374860e+00
8.499999999999985345e-01,2.463307335887125144e-13,2.200000000000000011e-01,2.200000000000000011e-01,4.090909090909089940e+00
9.000000000000003553e-01,3.087807787238423298e-13,2.200000000000000011e-01,2.200000000000000011e-01,4.318181818181825449e+00
9.500000000000017319e-01,6.591949208712111821e-14,2.200000000000000011e-01,2.200000000000000011e-01,4.545454545454559181e+00
9.999999999999991118e-01,2.463307335887125144e-13,2.200000000000000011e-01,2.200000000000000011e-01,4.772727272727274261e+00
1.050000000000000933e+00,3.781697177629434417e-13,2.200000000000000011e-01,2.200000000000000011e-01,5.000000000000009770e+00
1.099999999999999201e+00,6.869504964868231825e-13,2.200000000000000011e-01,2.200000000000000011e-01,5.227272727272729291e+00
1.150000000000000577e+00,3.122502256758036685e-13,2.200000000000000011e-01,2.200000000000000011e-01,5.454545454545463024e+00
1.200000000000001510e+00,9.957312752107113041e-13,2.200000000000000011e-01,2.200000000000000011e-01,5.681818181818194979e+00
1.249999999999999778e+00,1.307981500886561219e-12,2.200000000000000011e-01,2.200000000000000011e-01,5.909090909090914501e+00
1.300000000000000266e+00,1.620231726562376802e-12,2.200000000000000011e-01,2.200000000000000011e-01,6.136363636363643792e+00
1.349999999999998979e+00,9.957312752106856566e-13,2.200000000000000011e-01,2.200000000000000011e-01,6.363636363636365090e+00
1.400000000000000355e+00,0.000000000000000000e+00,2.200000000000000011e-01,2.200000000000000011e-01,6.590909090909098822e+00
1.450000000000001732e+00,3.747002708109992686e-13,2.200000000000000011e-01,2.200000000000000011e-01,6.818181818181832554e+00
1.499999999999999556e+00,3.781697177629529838e-13,2.200000000000000011e-01,2.200000000000000011e-01,7.045454545454550299e+00
1.550000000000000933e+00,6.869504964868231825e-13,2.200000000000000011e-01,2.200000000000000011e-01,7.272727272727284031e+00
1.599999999999999201e+00,9.992007221626649182e-13,2.200000000000000011e-01,2.200000000000000011e-01,7.500000000000003553e+00
1.650000000000000133e+00,3.087807787238503068e-13,2.200000000000000011e-01,2.200000000000000011e-01,7.727272727272735509e+00
1.700000000000001510e+00,6.591949208712111821e-14,2.200000000000000011e-01,2.200000000000000011e-01,7.954545454545469241e+00
1.749999999999998890e+00,2.463307335887125144e-13,2.200000000000000011e-01,2.200000000000000011e-01,8.181818181818185209e+00
1.800000000000000711e+00,3.781697177629434417e-13,2.200000000000000011e-01,2.200000000000000011e-01,8.409090909090920718e+00
1.849999999999998979e+00,6.869504964868231825e-13,2.200000000000000011e-01,2.200000000000000011e-01,8.636363636363640239e+00
1.900000000000000355e+00,3.122502256758036685e-13,2.200000000000000011e-01,2.200000000000000011e-01,8.863636363636373972e+00
1.950000000000001288e+00,9.957312752107113041e-13,2.200000000000000011e-01,2.200000000000000011e-01,9.090909090909105927e+00
1.999999999999999556e+00,6.869504964868231825e-13,2.200000000000000011e-01,2.200000000000000011e-01,9.318181818181825449e+00
2.050000000000000711e+00,3.122502256758036685e-13,2.200000000000000011e-01,2.200000000000000011e-01,9.545454545454559181e+00
2.100000000000001865e+00,9.957312752107113041e-13,2.200000000000000011e-01,2.200000000000000011e-01,9.772727272727291137e+00
2.149999999999999911e+00,6.869504964868231825e-13,2.200000000000000011e-01,2.200000000000000011e-01,1.000000000000001066e+01
2.200000000000001066e+00,3.747002708109992686e-13,2.200000000000000011e-01,2.200000000000000011e-01,1.022727272727274439e+01
2.249999999999999112e+00,3.781697177629529838e-13,2.200000000000000011e-01,2.200000000000000011e-01,1.045454545454546214e+01
2.300000000000000266e+00,6.869504964868231825e-13,2.200000000000000011e-01,2.200000000000000011e-01,1.068181818181819587e+01
2.349999999999998312e+00,9.992007221626649182e-13,2.200000000000000011e-01,2.200000000000000011e-01,1.090909090909091539e+01
2.399999999999999467e+00,3.087807787238503068e-13,2.200000000000000011e-01,2.200000000000000011e-01,1.113636363636364734e+01
2.450000000000000622e+00,6.869504964868231825e-13,2.200000000000000011e-01,2.200000000000000011e-01,1.136363636363638108e+01
2.499999999999998668e+00,9.992007221626649182e-13,2.200000000000000011e-01,2.200000000000000011e-01,1.159090909090910060e+01
2.549999999999999822e+00,0.000000000000000000e+00,2.200000000000000011e-01,2.200000000000000011e-01,1.181818181818183255e+01
2.600000000000000977e+00,1.307981500886526888e-12,2.200000000000000011e-01,2.200000000000000011e-01,1.204545454545456451e+01
2.649999999999999467e+00,1.307981500886526888e-12,2.200000000000000011e-01,2.200000000000000011e-01,1.227272727272728581e+01
2.700000000000000622e+00,6.869504964868410549e-13,2.200000000000000011e-01,2.200000000000000011e-01,1.250000000000001776e+01
2.749999999999998668e+00,6.591949208711940165e-14,2.200000000000000011e-01,2.200000000000000011e-01,1.272727272727273551e+01
2.800000000000000266e+00,6.210310043996460488e-13,2.200000000000000011e-01,2.200000000000000011e-01,1.295454545454547102e+01
2.850000000000001421e+00,1.307981500886526888e-12,2.200000000000000011e-01,2.200000000000000011e-01,1.318181818181820297e+01
2.899999999999999911e+00,1.307981500886526888e-12,2.200000000000000011e-01,2.200000000000000011e-01,1.340909090909092427e+01
2.950000000000001066e+00,6.869504964868410549e-13,2.200000000000000011e-01,2.200000000000000011e-01,1.363636363636365623e+01
2.999999999999999112e+00,6.591949208711940165e-14,2.200000000000000011e-01,2.200000000000000011e-01,1.386363636363637397e+01
3.050000000000000711e+00,6.210310043996460488e-13,2.200000000000000011e-01,2.200000000000000011e-01,1.409090909090910948e+01
3.100000000000001865e+00,1.748903231202763447e-02,2.200000000000000011e-01,2.200000000000000011e-01,1.431818181818184144e+01
3.149999824059418252e+00,9.238441464418215565e-01,2.200000000000000011e-01,2.200000000000000011e-01,1.454545374572464311e+01
3.199985622057668788e+00,1.646532995673151145e+00,2.200000000000000011e-01,2.200000000000000011e-01,1.477266191844396381e+01
3.249970068537107348e+00,1.696411504438273266e+00,2.200000000000000011e-01,2.200000000000000011e-01,1.499986394789595678e+01
3.299953856162192167e+00,1.726865349248575043e+00,2.200000000000000011e-01,2.200000000000000011e-01,1.522706298255543444e+01
3.349937278553183795e+00,1.710005198152474870e+00,2.200000000000000011e-01,2.200000000000000011e-01,1.545426035705994217e+01
3.399921480746230795e+00,1.661594830580319870e+00,2.200000000000000011e-01,2.200000000000000011e-01,1.568146127611924712e+01
3.449906871912268524e+00,1.323306757226469177e+00,2.200000000000000011e-01,2.200000000000000011e-01,1.590866759960123566e+01
3.499904261344068956e+00,1.431511738570412640e-01,2.200000000000000011e-01,2.200000000000000011e-01,1.613592846065487407e+01
3.549904261344068335e+00,0.000000000000000000e+00,2.200000000000000011e-01,2.200000000000000011e-01,1.636320118792760070e+01
3.599904261344067713e+00,3.573530360512157991e-13,2.200000000000000011e-01,2.200000000000000011e-01,1.659047391520032733e+01
3.649904261344068868e+00,3.538835890992622859e-13,2.200000000000000011e-01,2.200000000000000011e-01,1.681774664247306106e+01
3.699904261344068246e+00,0.000000000000000000e+00,2.200000000000000011e-01,2.200000000000000011e-01,1.704501936974578769e+01
3.749904261344067624e+00,3.573530360512157991e-13,2.200000000000000011e-01,2.200000000000000011e-01,1.727229209701851431e+01
3.799904261344068779e+00,3.538835890992622859e-13,2.200000000000000011e-01,2.200000000000000011e-01,1.749956482429124804e+01
3.849904261344068157e+00,3.573530360512157991e-13,2.200000000000000011e-01,2.200000000000000011e-01,1.772683755156397467e+01
3.899904261344069312e+00,3.538835890992622859e-13,2.200000000000000011e-01,2.200000000000000011e-01,1.795411027883670840e+01
3.949904261344068690e+00,0.000000000000000000e+00,2.200000000000000011e-01,2.200000000000000011e-01,1.818138300610943503e+01
3.999904261344068068e+00,0.000000000000000000e+00,2.200000000000000011e-01,2.200000000000000011e-01,1.840865573338216166e+01
4.049904261344067891e+00,3.573530360512157991e-13,2.200000000000000011e-01,2.200000000000000011e-01,1.863592846065488828e+01
4.099904261344068601e+00,3.538835890992622859e-13,2.200000000000000011e-01,2.200000000000000011e-01,1.886320118792762202e+01
4.149904261344068424e+00,0.000000000000000000e+00,2.200000000000000011e-01,2.200000000000000011e-01,1.909047391520034864e+01
4.199904261344068246e+00,3.573530360512157991e-13,2.200000000000000011e-01,2.200000000000000011e-01,1.931774664247307527e+01
4.249904261344068956e+00,3.538835890992622859e-13,2.200000000000000011e-01,2.200000000000000011e-01,1.954501936974580900e+01
4.299904261344068779e+00,0.000000000000000000e+00,2.200000000000000011e-01,2.200000000000000011e-01,1.977229209701853563e+01
4.349904261344068601e+00,3.573530360512157991e-13,2.200000000000000011e-01,2.200000000000000011e-01,1.999956482429126225e+01
4.399904261344069312e+00,3.538835890992622859e-13,2.200000000000000011e-01,2.200000000000000011e-01,2.022683755156399599e+01
4.449904261344069134e+00,0.000000000000000000e+00,2.200000000000000011e-01,2.200000000000000011e-01,2.045411027883672261e+01
4.499904261344068956e+00,0.000000000000000000e+00,2.200000000000000011e-01,2.200000000000000011e-01,2.068138300610944924e+01
4.549904261344068779e+00,3.573530360512157991e-13,2.200000000000000011e-01,2.200000000000000011e-01,2.090865573338217587e+01
4.599904261344069489e+00,3.538835890992622859e-13,2.200000000000000011e-01,2.200000000000000011e-01,2.113592846065490960e+01
4.649904261344069312e+00,0.000000000000000000e+00,2.200000000000000011e-01,2.200000000000000011e-01,2.136320118792763623e+01
4.699904261344069134e+00,3.573530360512157991e-13,2.200000000000000011e-01,2.200000000000000011e-01,2.159047391520036285e+01
4.749904261344069845e+00,3.538835890992622859e-13,2.200000000000000011e-01,2.200000000000000011e-01,2.181774664247309659e+01
4.799904261344069667e+00,3.573530360512157991e-13,2.200000000000000011e-01,2.200000000000000011e-01,2.204501936974582321e+01
4.849904261344070378e+00,3.538835890992622859e-13,2.200000000000000011e-01,2.200000000000000011e-01,2.227229209701855694e+01
4.899904261344070200e+00,0.000000000000000000e+00,2.200000000000000011e-01,2.200000000000000011e-01,2.249956482429128357e+01
4.949904261344070022e+00,0.000000000000000000e+00,2.200000000000000011e-01,2.200000000000000011e-01,2.272683755156401020e+01
4.999904261344069845e+00,3.573530360512157991e-13,2.200000000000000011e-01,2.200000000000000011e-01,2.295411027883673682e+01
5.049904261344070555e+00,3.538835890992622859e-13,2.200000000000000011e-01,2.200000000000000011e-01,2.318138300610947056e+01
5.099904261344070378e+00,0.000000000000000000e+00,2.200000000000000011e-01,2.200000000000000011e-01,2.340865573338219718e+01
5.149904261344070200e+00,1.585537257042857422e-12,2.200000000000000011e-01,2.200000000000000011e-01,2.363592846065492381e+01
5.199904261344069134e+00,1.585537257042857422e-12,2.200000000000000011e-01,2.200000000000000011e-01,2.386320118792764688e+01
5.249904261344068956e+00,1.231653667943501937e-12,2.200000000000000011e-01,2.200000000000000011e-01,2.409047391520037351e+01
5.299904261344070555e+00,1.585537257042688593e-12,2.200000000000000011e-01,2.200000000000000011e-01,2.431774664247310724e+01
5.349904261344071266e+00,8.743006318923414717e-13,2.200000000000000011e-01,2.200000000000000011e-01,2.454501936974584098e+01
5.399904261344069312e+00,1.231653667943633405e-12,2.200000000000000011e-01,2.200000000000000011e-01,2.477229209701855694e+01
5.449904261344069134e+00,0.000000000000000000e+00,2.200000000000000011e-01,2.200000000000000011e-01,2.499956482429128357e+01
5.499904261344068956e+00,8.743006318922483735e-13,2.200000000000000011e-01,2.200000000000000011e-01,2.522683755156401020e+01
5.549904261344071443e+00,2.105954299835805846e-12,2.200000000000000011e-01,2.200000000000000011e-01,2.545411027883675104e+01
5.599904261344069489e+00,8.743006318923414717e-13,2.200000000000000011e-01,2.200000000000000011e-01,2.568138300610946700e+01
5.649904261344070200e+00,3.538835890992622859e-13,2.200000000000000011e-01,2.200000000000000011e-01,2.590865573338220074e+01
5.699904261344070022e+00,0.000000000000000000e+00,2.200000000000000011e-01,2.200000000000000011e-01,2.613592846065492736e+01
5.749904261344069845e+00,3.573530360512157991e-13,2.200000000000000011e-01,2.200000000000000011e-01,2.636320118792765399e+01
5.799904261344070555e+00,3.538835890992622859e-13,2.200000000000000011e-01,2.200000000000000011e-01,2.659047391520038772e+01
5.849904261344070378e+00,2.848572021601926407e-02,2.200000000000000011e-01,2.200000000000000011e-01,2.681774664247311435e+01
5.899904017817114266e+00,1.367855875601552973e-01,2.200000000000000011e-01,2.200000000000000011e-01,2.704501826280513299e+01
5.949904017817114976e+00,2.148356844145573041e-01,2.200000000000000011e-01,2.200000000000000011e-01,2.727229099007786317e+01
5.999902437278557876e+00,1.598329163010851761e-01,2.200000000000000011e-01,2.200000000000000011e-01,2.749955653308441939e+01
6.049901666081471951e+00,2.929735121735907999e-01,2.200000000000000011e-01,2.200000000000000011e-01,2.772682575491584700e+01
6.099901666081470886e+00,2.061796915368961647e-01,2.200000000000000011e-01,2.200000000000000011e-01,2.795409848218857007e+01
6.149899974196830321e+00,1.657238351462770598e-01,2.200000000000000011e-01,2.200000000000000011e-01,2.818136351907656945e+01
6.199899317409959920e+00,3.052625549869214527e-01,2.200000000000000011e-01,2.200000000000000011e-01,2.840863326095443142e+01
6.249899317409958854e+00,2.038321614181171082e-01,2.200000000000000011e-01,2.200000000000000011e-01,2.863590598822715450e+01
6.299897560705630895e+00,1.708400819634473267e-01,2.200000000000000011e-01,2.200000000000000011e-01,2.886317073048020987e+01
6.349896921166135577e+00,3.106408254828473270e-01,2.200000000000000011e-01,2.200000000000000011e-01,2.909044055075522905e+01
6.399896921166137176e+00,2.068507031805233709e-01,2.200000000000000011e-01,2.200000000000000011e-01,2.931771327802796279e+01
6.449895131936673742e+00,1.750772571888881135e-01,2.200000000000000011e-01,2.200000000000000011e-01,2.954497787243949247e+01
6.499894421278507473e+00,3.100456313407239928e-01,2.200000000000000011e-01,2.200000000000000011e-01,2.977224736944782890e+01
6.549894421278508183e+00,2.141495402369691103e-01,2.200000000000000011e-01,2.200000000000000011e-01,2.999952009672055908e+01
6.599892629893053808e+00,1.783454071633941429e-01,2.200000000000000011e-01,2.200000000000000011e-01,3.022678468133212704e+01
6.649891782880505531e+00,3.045600246104709363e-01,2.200000000000000011e-01,2.200000000000000011e-01,3.045405355854781604e+01
6.699891782880504465e+00,2.245227307250164950e-01,2.200000000000000011e-01,2.200000000000000011e-01,3.068132628582053911e+01
6.749890023275884054e+00,1.805730034402182327e-01,2.200000000000000011e-01,2.200000000000000011e-01,3.090859101489044392e+01
6.799889004672522219e+00,2.953888128723702877e-01,2.200000000000000011e-01,2.200000000000000011e-01,3.113585911214788737e+01
6.849889004672522042e+00,2.366734048264751700e-01,2.200000000000000011e-01,2.200000000000000011e-01,3.136313183942061400e+01
6.899887313619636586e+00,1.817102547595156048e-01,2.200000000000000011e-01,2.200000000000000011e-01,3.159039688008931890e+01
6.949886118296934256e+00,2.838286352945112445e-01,2.200000000000000011e-01,2.200000000000000011e-01,3.181766417407703429e+01
6.999886118296934079e+00,2.492477852986131615e-01,2.200000000000000011e-01,2.200000000000000011e-01,3.204493690134975736e+01
7.049884529906541353e+00,1.817314872113171831e-01,2.200000000000000011e-01,2.200000000000000011e-01,3.227220240866615342e+01
7.099883177778555599e+00,2.712334238881905502e-01,2.200000000000000011e-01,2.200000000000000011e-01,3.249946898990258148e+01
7.149883177778556309e+00,2.608723386196675209e-01,2.200000000000000011e-01,2.200000000000000011e-01,3.272674171717530811e+01
7.199881715414645278e+00,1.806363938885501841e-01,2.200000000000000011e-01,2.200000000000000011e-01,3.295400779733935082e+01
7.249880243457081264e+00,2.589769702105452764e-01,2.200000000000000011e-01,2.200000000000000011e-01,3.318127383389587948e+01
7.299880243457081086e+00,2.701921168070374191e-01,2.200000000000000011e-01,2.200000000000000011e-01,3.340854656116860610e+01
7.349878911634612599e+00,1.784500470916823844e-01,2.200000000000000011e-01,2.200000000000000011e-01,3.363581323470283735e+01
7.399877365600807444e+00,2.484145745329413846e-01,2.200000000000000011e-01,2.200000000000000011e-01,3.386307893454917917e+01
7.449877365600808155e+00,2.759082349818115509e-01,2.200000000000000011e-01,2.200000000000000011e-01,3.409035166182191290e+01
7.499876144488724528e+00,1.752216720445203546e-01,2.200000000000000011e-01,2.200000000000000011e-01,3.431761883858516882e+01
7.549874572915985738e+00,2.408458332155070103e-01,2.200000000000000011e-01,2.200000000000000011e-01,3.454488442234544721e+01
7.599874572915985560e+00,2.768125036610093459e-01,2.200000000000000011e-01,2.200000000000000011e-01,3.477215714961817383e+01
7.649873417736210435e+00,1.710222873170391122e-01,2.200000000000000011e-01,2.200000000000000011e-01,3.499942462607373983e+01
7.699871870450197164e+00,2.374805092351695845e-01,2.200000000000000011e-01,2.200000000000000011e-01,3.522669032022822222e+01
7.749871870450197875e+00,2.718174879297756696e-01,2.200000000000000011e-01,2.200000000000000011e-01,3.545396304750094885e+01
7.799870717411712562e+00,1.659414090787336982e-01,2.200000000000000011e-01,2.200000000000000011e-01,3.568123053368965003e+01
7.849869250052940117e+00,2.394091474929123664e-01,2.200000000000000011e-01,2.200000000000000011e-01,3.590849659114977754e+01
7.899869250052939940e+00,2.599806621219955538e-01,2.200000000000000011e-01,2.200000000000000011e-01,3.613576931842250417e+01
7.949868029592288998e+00,1.600830828482997792e-01,2.200000000000000011e-01,2.200000000000000011e-01,3.636303649814681904e+01
7.999866714821068037e+00,2.475796798254018827e-01,2.200000000000000011e-01,2.200000000000000011e-01,3.659030324918672505e+01
8.049866714821067859e+00,1.205122653022235313e-01,2.200000000000000011e-01,2.200000000000000011e-01,3.681757597645945168e+01
8.099866377695137842e+00,4.475927451330816154e-02,2.200000000000000011e-01,2.200000000000000011e-01,3.704484717134158700e+01
8.149866377695138553e+00,1.799775606325830391e-14,2.200000000000000011e-01,2.200000000000000011e-01,3.727211989861431363e+01
8.199866377695141040e+00,3.599551212651852633e-14,2.200000000000000011e-01,2.200000000000000011e-01,3.749939262588704736e+01
8.249866377695139974e+00,3.621235256101562721e-14,2.200000000000000011e-01,2.200000000000000011e-01,3.772666535315976688e+01
8.299866377695142461e+00,3.599551212651852633e-14,2.200000000000000011e-01,2.200000000000000011e-01,3.795393808043250061e+01
8.349866377695141395e+00,1.456950879386016012e-12,2.200000000000000011e-01,2.200000000000000011e-01,3.818121080770522013e+01
8.399866377695143882e+00,1.438736282888183201e-12,2.200000000000000011e-01,2.200000000000000011e-01,3.840848353497795387e+01
8.449866377695144593e+00,0.000000000000000000e+00,2.200000000000000011e-01,2.200000000000000011e-01,3.863575626225068049e+01
8.499866377695145303e+00,1.821459649775733593e-14,2.200000000000000011e-01,2.200000000000000011e-01,3.886302898952340712e+01
8.549866377695144237e+00,3.621235256101562721e-14,2.200000000000000011e-01,2.200000000000000011e-01,3.909030171679612664e+01
8.599866377695146724e+00,3.599551212651852633e-14,2.200000000000000011e-01,2.200000000000000011e-01,3.931757444406886037e+01
8.649866377695145658e+00,3.621235256101562721e-14,2.200000000000000011e-01,2.200000000000000011e-01,3.954484717134157989e+01
8.699866377695148145e+00,3.599551212651852633e-14,2.200000000000000011e-01,2.200000000000000011e-01,3.977211989861431363e+01
8.749866377695147079e+00,3.621235256101562721e-14,2.200000000000000011e-01,2.200000000000000011e-01,3.999939262588703315e+01
8.799866377695149566e+00,1.348313821703112457e-12,2.200000000000000011e-01,2.200000000000000011e-01,4.022666535315976688e+01
8.849866377695144948e+00,1.311884628707456124e-12,2.200000000000000011e-01,2.200000000000000011e-01,4.045393808043247219e+01
8.899866377695150987e+00,7.242470512202354253e-14,2.200000000000000011e-01,2.200000000000000011e-01,4.068121080770522724e+01
8.949866377695149922e+00,0.000000000000000000e+00,2.200000000000000011e-01,2.200000000000000011e-01,4.090848353497794676e+01
8.999866377695148856e+00,3.621235256101562721e-14,2.200000000000000011e-01,2.200000000000000011e-01,4.113575626225066628e+01
9.049866377695151343e+00,3.599551212651852633e-14,2.200000000000000011e-01,2.200000000000000011e-01,4.136302898952340001e+01
9.099866377695150277e+00,0.000000000000000000e+00,2.200000000000000011e-01,2.200000000000000011e-01,4.159030171679611954e+01
9.149866377695149211e+00,7.220786468752646688e-14,2.200000000000000011e-01,2.200000000000000011e-01,4.181757444406883906e+01
9.199866377695155251e+00,1.084202172485497871e-13,2.200000000000000011e-01,2.200000000000000011e-01,4.204484717134159411e+01
9.249866377695150632e+00,1.493163231947190389e-12,2.200000000000000011e-01,2.200000000000000011e-01,4.227211989861429942e+01
9.299866377695153119e+00,1.456734038951518911e-12,2.200000000000000011e-01,2.200000000000000011e-01,4.249939262588703315e+01
9.349866377695152053e+00,3.621235256101562721e-14,2.200000000000000011e-01,2.200000000000000011e-01,4.272666535315975267e+01
9.399866377695154540e+00,3.599551212651852633e-14,2.200000000000000011e-01,2.200000000000000011e-01,4.295393808043248640e+01
9.449866377695153474e+00,3.621235256101562721e-14,2.200000000000000011e-01,2.200000000000000011e-01,4.318121080770520592e+01
9.499866377695155961e+00,3.599551212651852633e-14,2.200000000000000011e-01,2.200000000000000011e-01,4.340848353497793966e+01
9.549866377695154895e+00,7.220786468752646688e-14,2.200000000000000011e-01,2.200000000000000011e-01,4.363575626225065918e+01
9.599866377695160935e+00,1.084202172485497871e-13,2.200000000000000011e-01,2.200000000000000011e-01,4.386302898952341423e+01
9.649866377695156316e+00,7.242470512203896633e-14,2.200000000000000011e-01,2.200000000000000011e-01,4.409030171679611954e+01
9.699866377695158803e+00,3.599551212651852633e-14,2.200000000000000011e-01,2.200000000000000011e-01,4.431757444406885327e+01
9.749866377695157738e+00,1.456950879386016012e-12,2.200000000000000011e-01,2.200000000000000011e-01,4.454484717134157279e+01
9.799866377695160224e+00,1.456734038951518911e-12,2.200000000000000011e-01,2.200000000000000011e-01,4.477211989861430652e+01
9.849866377695159159e+00,3.621235256101562721e-14,2.200000000000000011e-01,2.200000000000000011e-01,4.499939262588702604e+01
9.899866377695161646e+00,3.599551212651852633e-14,2.200000000000000011e-01,2.200000000000000011e-01,4.522666535315975977e+01
9.949866377695160580e+00,0.000000000000000000e+00,2.200000000000000011e-01,2.200000000000000011e-01,4.545393808043247930e+01
9.999866377695159514e+00,3.621235256101562721e-14,2.200000000000000011e-01,2.200000000000000011e-01,4.568121080770519882e+01
1.004986637769516200e+01,0.000000000000000000e+00,2.200000000000000011e-01,2.200000000000000011e-01,4.590848353497793255e+01
1.009986637769516449e+01,3.599551212651852633e-14,2.200000000000000011e-01,2.200000000000000011e-01,4.613575626225066628e+01
1.014986637769516342e+01,3.621235256101562721e-14,2.200000000000000011e-01,2.200000000000000011e-01,4.636302898952338580e+01
1.019986637769516591e+01,1.384526174263984719e-12,2.200000000000000011e-01,2.200000000000000011e-01,4.659030171679611954e+01
1.024986637769516484e+01,1.384309333829487618e-12,2.200000000000000011e-01,2.200000000000000011e-01,4.681757444406883906e+01
1.029986637769516733e+01,3.599551212651852633e-14,2.200000000000000011e-01,2.200000000000000011e-01,4.704484717134157279e+01
1.034986637769516626e+01,0.000000000000000000e+00,2.200000000000000011e-01,2.200000000000000011e-01,4.727211989861429231e+01
1.039986637769516520e+01,3.621235256101562721e-14,2.200000000000000011e-01,2.200000000000000011e-01,4.749939262588701183e+01
1.044986637769516769e+01,3.599551212651852633e-14,2.200000000000000011e-01,2.200000000000000011e-01,4.772666535315974556e+01
1.049986637769516662e+01,3.621235256101562721e-14,2.200000000000000011e-01,2.200000000000000011e-01,4.795393808043246509e+01
1.054986637769516911e+01,0.000000000000000000e+00,2.200000000000000011e-01,2.200000000000000011e-01,4.818121080770519882e+01
1.059986637769517159e+01,3.599551212651852633e-14,2.200000000000000011e-01,2.200000000000000011e-01,4.840848353497793255e+01
1.064986637769517053e+01,0.000000000000000000e+00,2.200000000000000011e-01,2.200000000000000011e-01,4.863575626225065207e+01
1.069986637769516946e+01,1.456950879386016012e-12,2.200000000000000011e-01,2.200000000000000011e-01,4.886302898952337159e+01
1.074986637769517195e+01,1.456734038951518911e-12,2.200000000000000011e-01,2.200000000000000011e-01,4.909030171679610532e+01
1.079986637769517088e+01,3.621235256101562721e-14,2.200000000000000011e-01,2.200000000000000011e-01,4.931757444406882485e+01
1.084986637769517337e+01,3.599551212651852633e-14,2.200000000000000011e-01,2.200000000000000011e-01,4.954484717134155858e+01
1.089986637769517230e+01,3.621235256101562721e-14,2.200000000000000011e-01,2.200000000000000011e-01,4.977211989861427810e+01
1.094986637769517479e+01,3.599551212651852633e-14,2.200000000000000011e-01,2.200000000000000011e-01,4.999939262588701183e+01
1.099986637769517372e+01,3.621235256101562721e-14,2.200000000000000011e-01,2.200000000000000011e-01,5.022666535315973135e+01
1.104986637769517621e+01,3.599551212651852633e-14,2.200000000000000011e-01,2.200000000000000011e-01,5.045393808043246509e+01
1.109986637769517515e+01,1.799775606326022557e-14,2.200000000000000011e-01,2.200000000000000011e-01,5.068121080770518461e+01
1.114986637769517586e+01,1.420738526825000366e-12,2.200000000000000011e-01,2.200000000000000011e-01,5.090848353497791123e+01
1.119986637769517657e+01,1.420521686390503265e-12,2.200000000000000011e-01,2.200000000000000011e-01,5.113575626225063786e+01
1.124986637769517728e+01,0.000000000000000000e+00,2.200000000000000011e-01,2.200000000000000011e-01,5.136302898952336449e+01
1.129986637769517799e+01,1.799775606325830391e-14,2.200000000000000011e-01,2.200000000000000011e-01,5.159030171679609111e+01
1.134986637769518047e+01,3.599551212651852633e-14,2.200000000000000011e-01,2.200000000000000011e-01,5.181757444406882485e+01
1.139986637769517941e+01,1.799775606326022557e-14,2.200000000000000011e-01,2.200000000000000011e-01,5.204484717134154437e+01
1.144986637769518012e+01,0.000000000000000000e+00,2.200000000000000011e-01,2.200000000000000011e-01,5.227211989861427099e+01
1.149986637769518083e+01,0.000000000000000000e+00,2.200000000000000011e-01,2.200000000000000011e-01,5.249939262588699762e+01
1.154986637769518154e+01,0.000000000000000000e+00,2.200000000000000011e-01,2.200000000000000011e-01,5.272666535315972425e+01
1.159986637769518225e+01,1.420738526825000366e-12,2.200000000000000011e-01,2.200000000000000011e-01,5.295393808043245087e+01
1.164986637769518296e+01,1.420521686390503265e-12,2.200000000000000011e-01,2.200000000000000011e-01,5.318121080770517750e+01
1.169986637769518367e+01,0.000000000000000000e+00,2.200000000000000011e-01,2.200000000000000011e-01,5.340848353497790413e+01
1.174986637769518438e+01,0.000000000000000000e+00,2.200000000000000011e-01,2.200000000000000011e-01,5.363575626225063075e+01
1.179986637769518509e+01,0.000000000000000000e+00,2.200000000000000011e-01,2.200000000000000011e-01,5.386302898952335738e+01
1.184986637769518580e+01,0.000000000000000000e+00,2.200000000000000011e-01,2.200000000000000011e-01,5.409030171679608401e+01
1.189986637769518651e+01,0.000000000000000000e+00,2.200000000000000011e-01,2.200000000000000011e-01,5.431757444406881064e+01
1.194986637769518723e+01,0.000000000000000000e+00,2.200000000000000011e-01,2.200000000000000011e-01,5.454484717134153726e+01
1.199986637769518794e+01,0.000000000000000000e+00,2.200000000000000011e-01,2.200000000000000011e-01,5.477211989861426389e+01
1.204986637769518865e+01,0.000000000000000000e+00,2.200000000000000011e-01,2.200000000000000011e-01,5.499939262588699052e+01
1.209986637769518936e+01,1.420738526825000366e-12,2.200000000000000011e-01,2.200000000000000011e-01,5.522666535315971714e+01
1.214986637769519007e+01,1.420521686390503265e-12,2.200000000000000011e-01,2.200000000000000011e-01,5.545393808043244377e+01
1.219986637769519078e+01,0.000000000000000000e+00,2.200000000000000011e-01,2.200000000000000011e-01,5.568121080770517040e+01
1.224986637769519149e+01,0.000000000000000000e+00,2.200000000000000011e-01,2.200000000000000011e-01,5.590848353497789702e+01
1.229986637769519220e+01,0.000000000000000000e+00,2.200000000000000011e-01,2.200000000000000011e-01,5.613575626225062365e+01
1.234986637769519291e+01,0.000000000000000000e+00,2.200000000000000011e-01,2.200000000000000011e-01,5.636302898952335028e+01
1.239986637769519362e+01,0.000000000000000000e+00,2.200000000000000011e-01,2.200000000000000011e-01,5.659030171679607690e+01
1.244986637769519433e+01,2.308342686210653472e-01,2.200000000000000011e-01,2.200000000000000011e-01,5.681757444406880353e+01
1.249986627895720837e+01,6.843810893566846902e-03,2.200000000000000011e-01,2.200000000000000011e-01,5.704484672253250466e+01
1.254986627895720908e+01,1.473213911973137019e-12,2.200000000000000011e-01,2.200000000000000011e-01,5.727211944980523128e+01
1.259986627895721334e+01,3.551094427441834900e-01,2.200000000000000011e-01,2.200000000000000011e-01,5.749939217707797212e+01
1.264986346536914397e+01,1.267755892949496144e-01,2.200000000000000011e-01,2.200000000000000011e-01,5.772665211531402463e+01
1.269986346536914645e+01,8.716985466782655429e-14,2.200000000000000011e-01,2.200000000000000011e-01,5.795392484258676546e+01
1.274986346536914539e+01,2.604970374807924482e-01,2.200000000000000011e-01,2.200000000000000011e-01,5.818119756985949209e+01
1.279985972418026385e+01,2.298048537254702151e-01,2.200000000000000011e-01,2.200000000000000011e-01,5.840845329172820755e+01
1.284985972418026456e+01,1.415968037265972259e-12,2.200000000000000011e-01,2.200000000000000011e-01,5.863572601900094128e+01
1.289985972418026527e+01,1.756449306345742312e-01,2.200000000000000011e-01,2.200000000000000011e-01,5.886299874627367501e+01
1.294985618205029887e+01,3.226834471585904307e-01,2.200000000000000011e-01,2.200000000000000011e-01,5.909025537295564590e+01
1.299985618205029603e+01,1.578598363138981799e-13,2.200000000000000011e-01,2.200000000000000011e-01,5.931752810022835831e+01
1.304985618205029674e+01,1.004174065409584871e-01,2.200000000000000011e-01,2.200000000000000011e-01,5.954480082750109204e+01
1.309985363717247608e+01,4.054967637853368889e-01,2.200000000000000011e-01,2.200000000000000011e-01,5.977206198714736018e+01
1.314985363717247502e+01,0.000000000000000000e+00,2.200000000000000011e-01,2.200000000000000011e-01,5.999933471442007971e+01
1.319985363717247395e+01,3.456091678749650953e-02,2.200000000000000011e-01,2.200000000000000011e-01,6.022660744169279923e+01
1.324985260365477302e+01,4.784481530186170950e-01,2.200000000000000011e-01,2.200000000000000011e-01,6.045387547115779370e+01
1.329985260365477373e+01,2.289834988289452512e-13,2.200000000000000011e-01,2.200000000000000011e-01,6.068114819843052743e+01
1.334985260365477089e+01,2.289834988289452512e-13,2.200000000000000011e-01,2.200000000000000011e-01,6.090842092570324695e+01
1.339985260365477160e+01,4.972752438413582388e-01,2.200000000000000011e-01,2.200000000000000011e-01,6.113569365297598068e+01
1.344985191054612272e+01,2.229974321583932939e-02,2.200000000000000011e-01,2.200000000000000011e-01,6.136296322975484685e+01
1.349985191054612343e+01,0.000000000000000000e+00,2.200000000000000011e-01,2.200000000000000011e-01,6.159023595702757348e+01
1.354985191054612415e+01,4.548997986030409169e-01,2.200000000000000011e-01,2.200000000000000011e-01,6.181750868430030010e+01
1.359984990138213234e+01,7.066706250582190096e-02,2.200000000000000011e-01,2.200000000000000011e-01,6.204477227900942893e+01
1.364984990138213128e+01,0.000000000000000000e+00,2.200000000000000011e-01,2.200000000000000011e-01,6.227204500628214845e+01
1.369984990138213021e+01,4.197680467260900827e-01,2.200000000000000011e-01,2.200000000000000011e-01,6.249931773355486797e+01
1.374984698528305138e+01,1.111540484748371888e-01,2.200000000000000011e-01,2.200000000000000011e-01,6.272657720583178076e+01
1.379984698528305032e+01,3.400058012914375802e-13,2.200000000000000011e-01,2.200000000000000011e-01,6.295384993310450739e+01
1.384984698528305280e+01,3.911110902810012724e-01,2.200000000000000011e-01,2.200000000000000011e-01,6.318112266037724822e+01
1.389984345355159867e+01,1.444873903674193105e-01,2.200000000000000011e-01,2.200000000000000011e-01,6.340837933432518270e+01
1.394984345355159938e+01,1.746866540308660294e-12,2.200000000000000011e-01,2.200000000000000011e-01,6.363565206159791643e+01
1.399984345355159832e+01,3.680555298845911150e-01,2.200000000000000011e-01,2.200000000000000011e-01,6.386292478887063595e+01
1.404983950866389897e+01,1.715024397603918116e-01,2.200000000000000011e-01,2.200000000000000011e-01,6.409017958483563859e+01
1.409983950866389790e+01,1.360023205165901580e-12,2.200000000000000011e-01,2.200000000000000011e-01,6.431745231210835811e+01
1.414983950866389684e+01,3.496344161534985506e-01,2.200000000000000011e-01,2.200000000000000011e-01,6.454472503938107764e+01
1.419983528861527766e+01,1.931330473720782037e-01,2.200000000000000011e-01,2.200000000000000011e-01,6.477197858461462943e+01
1.424983528861527837e+01,4.492933802779966220e-13,2.200000000000000011e-01,2.200000000000000011e-01,6.499925131188736316e+01
1.429983528861527731e+01,3.348008590229967774e-01,2.200000000000000011e-01,2.200000000000000011e-01,6.522652403916008268e+01
1.434983088637809701e+01,2.103986720881319550e-01,2.200000000000000011e-01,2.200000000000000011e-01,6.545377675626380665e+01
1.439983088637809594e+01,1.821459649775556976e-12,2.200000000000000011e-01,2.200000000000000011e-01,6.568104948353652617e+01
1.444983088637809843e+01,3.224440183274273064e-01,2.200000000000000011e-01,2.200000000000000011e-01,6.590832221080925990e+01
1.449982636471759534e+01,2.243890085270674462e-01,2.200000000000000011e-01,2.200000000000000011e-01,6.613557438507970687e+01
1.454982636471759605e+01,5.221517662689649142e-13,2.200000000000000011e-01,2.200000000000000011e-01,6.636284711235244060e+01
1.459982636471760031e+01,3.114070752477485771e-01,2.200000000000000011e-01,2.200000000000000011e-01,6.659011983962518855e+01
1.464982176708018535e+01,2.362465060088636826e-01,2.200000000000000011e-01,2.200000000000000011e-01,6.681737166854603061e+01
1.469982176708018429e+01,0.000000000000000000e+00,2.200000000000000011e-01,2.200000000000000011e-01,6.704464439581875013e+01
1.474982176708018322e+01,3.005066751747812459e-01,2.200000000000000011e-01,2.200000000000000011e-01,6.727191712309146965e+01
1.479981712566924479e+01,2.471472656955270020e-01,2.200000000000000011e-01,2.200000000000000011e-01,6.749916875304174368e+01
1.484981712566924550e+01,1.292368989602742894e-12,2.200000000000000011e-01,2.200000000000000011e-01,6.772644148031447742e+01
1.489981712566924443e+01,2.885532474391210855e-01,2.200000000000000011e-01,2.200000000000000011e-01,6.795371420758719694e+01
1.494981246811487630e+01,2.582808941513221046e-01,2.200000000000000011e-01,2.200000000000000011e-01,6.818096576415824472e+01
1.499981246811487345e+01,6.487865800153334264e-13,2.200000000000000011e-01,2.200000000000000011e-01,6.840823849143096425e+01
1.504981246811487594e+01,2.743715552479050745e-01,2.200000000000000011e-01,2.200000000000000011e-01,6.863551121870369798e+01
1.509980782429400215e+01,2.708299516557861053e-01,2.200000000000000011e-01,2.200000000000000011e-01,6.886276283769971940e+01
1.514980782429399930e+01,1.325328735646264464e-12,2.200000000000000011e-01,2.200000000000000011e-01,6.909003556497243892e+01
1.519980782429400179e+01,2.568208145463580228e-01,2.200000000000000011e-01,2.200000000000000011e-01,6.931730829224518686e+01
1.524980323485008782e+01,2.859496565974821713e-01,2.200000000000000011e-01,2.200000000000000011e-01,6.954456015840921168e+01
1.529980323485008853e+01,5.412337245046870731e-13,2.200000000000000011e-01,2.200000000000000011e-01,6.977183288568194541e+01
1.534980323485009279e+01,2.348137453809430730e-01,2.200000000000000011e-01,2.200000000000000011e-01,6.999910561295469336e+01
1.539979876279735471e+01,3.047484910565325111e-01,2.200000000000000011e-01,2.200000000000000011e-01,7.022635801271496803e+01
1.544979876279735720e+01,4.891920202254470798e-13,2.200000000000000011e-01,2.200000000000000011e-01,7.045363073998770176e+01
1.549979876279735436e+01,2.073339811107564046e-01,2.200000000000000011e-01,2.200000000000000011e-01,7.068090346726042128e+01
1.554979450929053897e+01,3.282702985876563284e-01,2.200000000000000011e-01,2.200000000000000011e-01,7.090815686041126753e+01
1.559979450929053968e+01,7.632783294298336937e-13,2.200000000000000011e-01,2.200000000000000011e-01,7.113542958768400126e+01
1.564979450929053684e+01,1.734513533649755523e-01,2.200000000000000011e-01,2.200000000000000011e-01,7.136270231495672078e+01
1.569979063423057397e+01,3.574783792122914194e-01,2.200000000000000011e-01,2.200000000000000011e-01,7.158995742832051690e+01
1.574979063423057468e+01,0.000000000000000000e+00,2.200000000000000011e-01,2.200000000000000011e-01,7.181723015559325063e+01
1.579979063423057539e+01,1.323346854814372864e-01,2.200000000000000011e-01,2.200000000000000011e-01,7.204450288286598436e+01
1.584978738190086922e+01,3.932419765079621654e-01,2.200000000000000011e-01,2.200000000000000011e-01,7.227176082682187541e+01
1.589978738190086993e+01,0.000000000000000000e+00,2.200000000000000011e-01,2.200000000000000011e-01,7.249903355409460914e+01
1.594978738190087064e+01,8.326185366842306368e-02,2.200000000000000011e-01,2.200000000000000011e-01,7.272630628136734288e+01
1.599978511133653569e+01,4.363254277633371592e-01,2.200000000000000011e-01,2.200000000000000011e-01,7.295356868789309601e+01
1.604978511133653640e+01,1.134509153288821338e-12,2.200000000000000011e-01,2.200000000000000011e-01,7.318084141516582974e+01
1.609978511133653711e+01,2.562700338745418568e-02,2.200000000000000011e-01,2.200000000000000011e-01,7.340811414243854927e+01
1.614978433066595898e+01,4.873801207272112079e-01,2.200000000000000011e-01,2.200000000000000011e-01,7.363538332120864993e+01
1.619978433066595613e+01,1.113692471577188309e-12,2.200000000000000011e-01,2.200000000000000011e-01,7.386265604848136945e+01
1.624978433066595684e+01,1.998401444325254712e-12,2.200000000000000011e-01,2.200000000000000011e-01,7.408992877575410319e+01
1.629978433066595755e+01,4.648456410178704035e-01,2.200000000000000011e-01,2.200000000000000011e-01,7.431720150302683692e+01
1.634978313776761638e+01,4.105826944736699902e-02,2.200000000000000011e-01,2.200000000000000011e-01,7.454446880803438091e+01
1.639978313776762064e+01,1.269817584415070453e-12,2.200000000000000011e-01,2.200000000000000011e-01,7.477174153530712886e+01
1.644978313776761780e+01,3.811498400128127684e-01,2.200000000000000011e-01,2.200000000000000011e-01,7.499901426257983417e+01
1.649978034658507298e+01,1.171729243127188902e-01,2.200000000000000011e-01,2.200000000000000011e-01,7.522627430265916360e+01
1.654978034658507369e+01,1.068589661201672780e-12,2.200000000000000011e-01,2.200000000000000011e-01,7.545354702993189733e+01
1.659978034658507440e+01,2.873343963909488763e-01,2.200000000000000011e-01,2.200000000000000011e-01,7.568081975720461685e+01
1.664977670188399017e+01,2.029667851578026427e-01,2.200000000000000011e-01,2.200000000000000011e-01,7.590807591765424434e+01
1.669977670188398733e+01,1.044303532538107947e-12,2.200000000000000011e-01,2.200000000000000011e-01,7.613534864492696386e+01
1.674977670188398804e+01,1.833187839887214787e-01,2.200000000000000011e-01,2.200000000000000011e-01,7.636262137219969759e+01
1.679977328125344371e+01,2.985706361164007783e-01,2.200000000000000011e-01,2.200000000000000011e-01,7.658987855115177013e+01
1.684977328125344087e+01,9.887923813067865062e-13,2.200000000000000011e-01,2.200000000000000011e-01,7.681715127842448965e+01
1.689977328125344158e+01,3.473084999929728495e-02,2.200000000000000011e-01,2.200000000000000011e-01,7.704442400569722338e+01
1.694977284071766732e+01,2.029484480869564456e-01,2.200000000000000011e-01,2.200000000000000011e-01,7.727169473053461957e+01
1.699977284071766803e+01,0.000000000000000000e+00,2.200000000000000011e-01,2.200000000000000011e-01,7.749896745780735330e+01
1.704977284071766874e+01,0.000000000000000000e+00,2.200000000000000011e-01,2.200000000000000011e-01,7.772624018508008703e+01
1.709977284071766945e+01,1.009609063018538282e-12,2.200000000000000011e-01,2.200000000000000011e-01,7.795351291235282076e+01
1.714977284071766661e+01,1.009609063018538282e-12,2.200000000000000011e-01,2.200000000000000011e-01,7.818078563962554028e+01
1.719977284071766732e+01,1.009609063018538282e-12,2.200000000000000011e-01,2.200000000000000011e-01,7.840805836689827402e+01
1.724977284071766448e+01,1.009609063018538282e-12,2.200000000000000011e-01,2.200000000000000011e-01,7.863533109417099354e+01
1.729977284071766519e+01,0.000000000000000000e+00,2.200000000000000011e-01,2.200000000000000011e-01,7.886260382144372727e+01
1.734977284071766590e+01,0.000000000000000000e+00,2.200000000000000011e-01,2.200000000000000011e-01,7.908987654871646100e+01
1.739977284071766661e+01,1.009609063018538282e-12,2.200000000000000011e-01,2.200000000000000011e-01,7.931714927598919473e+01
1.744977284071766377e+01,1.009609063018538282e-12,2.200000000000000011e-01,2.200000000000000011e-01,7.954442200326191426e+01
1.749977284071766448e+01,0.000000000000000000e+00,2.200000000000000011e-01,2.200000000000000011e-01,7.977169473053464799e+01
1.754977284071766519e+01,0.000000000000000000e+00,2.200000000000000011e-01,2.200000000000000011e-01,7.999896745780738172e+01
1.759977284071766590e+01,0.000000000000000000e+00,2.200000000000000011e-01,2.200000000000000011e-01,8.022624018508011545e+01
1.764977284071766661e+01,1.009609063018538282e-12,2.200000000000000011e-01,2.200000000000000011e-01,8.045351291235284918e+01
1.769977284071766377e+01,1.009609063018538282e-12,2.200000000000000011e-01,2.200000000000000011e-01,8.068078563962556871e+01
1.774977284071766448e+01,0.000000000000000000e+00,2.200000000000000011e-01,2.200000000000000011e-01,8.090805836689830244e+01
1.779977284071766519e+01,1.009609063018538282e-12,2.200000000000000011e-01,2.200000000000000011e-01,8.113533109417103617e+01
1.784977284071766235e+01,1.009609063018538282e-12,2.200000000000000011e-01,2.200000000000000011e-01,8.136260382144375569e+01
1.789977284071766306e+01,1.009609063018538282e-12,2.200000000000000011e-01,2.200000000000000011e-01,8.158987654871648942e+01
1.794977284071766022e+01,1.009609063018538282e-12,2.200000000000000011e-01,2.200000000000000011e-01,8.181714927598920895e+01
1.799977284071766093e+01,0.000000000000000000e+00,2.200000000000000011e-01,2.200000000000000011e-01,8.204442200326194268e+01
1.804977284071766164e+01,0.000000000000000000e+00,2.200000000000000011e-01,2.200000000000000011e-01,8.227169473053467641e+01
1.809977284071766235e+01,9.992007221625261797e-13,2.200000000000000011e-01,2.200000000000000011e-01,8.249896745780741014e+01
1.814977284071766661e+01,9.922618282587696048e-13,2.200000000000000011e-01,2.200000000000000011e-01,8.272624018508015808e+01
1.819977284071766377e+01,6.938893903908004617e-15,2.200000000000000011e-01,2.200000000000000011e-01,8.295351291235286340e+01
1.824977284071766448e+01,0.000000000000000000e+00,2.200000000000000011e-01,2.200000000000000011e-01,8.318078563962559713e+01
1.829977284071766519e+01,1.009609063018386820e-12,2.200000000000000011e-01,2.200000000000000011e-01,8.340805836689833086e+01
1.834977284071766945e+01,4.028027911217986938e-12,2.200000000000000011e-01,2.200000000000000011e-01,8.363533109417107880e+01
1.839977284071766661e+01,3.011479954296298129e-12,2.200000000000000011e-01,2.200000000000000011e-01,8.386260382144379832e+01
1.844977284071766377e+01,1.016547956922446116e-12,2.200000000000000011e-01,2.200000000000000011e-01,8.408987654871650363e+01
1.849977284071766803e+01,3.025357742103661029e-12,2.200000000000000011e-01,2.200000000000000011e-01,8.431714927598925158e+01
1.854977284071766519e+01,3.035766082959064256e-12,2.200000000000000011e-01,2.200000000000000011e-01,8.454442200326195689e+01
1.859977284071767301e+01,2.022687572988573370e-12,2.200000000000000011e-01,2.200000000000000011e-01,8.477169473053471904e+01
1.864977284071767016e+01,6.938893903909047491e-15,2.200000000000000011e-01,2.200000000000000011e-01,8.499896745780743856e+01
1.869977284071766377e+01,2.026157019941137272e-12,2.200000000000000011e-01,2.200000000000000011e-01,8.522624018508012966e+01
1.874977284071766803e+01,2.008809785180761337e-12,2.200000000000000011e-01,2.200000000000000011e-01,8.545351291235287761e+01
1.879977284071767230e+01,1.002670169114479390e-12,2.200000000000000011e-01,2.200000000000000011e-01,8.568078563962562555e+01
1.884977284071767301e+01,1.009609063018538282e-12,2.200000000000000011e-01,2.200000000000000011e-01,8.590805836689835928e+01
1.889977284071767016e+01,2.008809785181366778e-12,2.200000000000000011e-01,2.200000000000000011e-01,8.613533109417107880e+01
1.894977284071766732e+01,2.008809785181366778e-12,2.200000000000000011e-01,2.200000000000000011e-01,8.636260382144379832e+01
1.899977284071766448e+01,2.026157019940526177e-12,2.200000000000000011e-01,2.200000000000000011e-01,8.658987654871651785e+01
1.904977284071767230e+01,3.032296636007111046e-12,2.200000000000000011e-01,2.200000000000000011e-01,8.681714927598928000e+01
1.909977284071766945e+01,1.009609063018689541e-12,2.200000000000000011e-01,2.200000000000000011e-01,8.704442200326198531e+01
1.914977284071766661e+01,2.019218126036924698e-12,2.200000000000000011e-01,2.200000000000000011e-01,8.727169473053470483e+01
1.919977284071767087e+01,2.026157019941137272e-12,2.200000000000000011e-01,2.200000000000000011e-01,8.749896745780745277e+01
1.924977284071766448e+01,2.033095913844739155e-12,2.200000000000000011e-01,2.200000000000000011e-01,8.772624018508014387e+01
1.929977284071767230e+01,2.022687572988573370e-12,2.200000000000000011e-01,2.200000000000000011e-01,8.795351291235290603e+01
1.934977284071766945e+01,1.009609063018538282e-12,2.200000000000000011e-01,2.200000000000000011e-01,8.818078563962562555e+01
1.939977284071767016e+01,1.009609063018538282e-12,2.200000000000000011e-01,2.200000000000000011e-01,8.840805836689835928e+01
1.944977284071766732e+01,1.009609063018538282e-12,2.200000000000000011e-01,2.200000000000000011e-01,8.863533109417107880e+01
1.949977284071766803e+01,0.000000000000000000e+00,2.200000000000000011e-01,2.200000000000000011e-01,8.886260382144381254e+01
1.954977284071766874e+01,1.009609063018538282e-12,2.200000000000000011e-01,2.200000000000000011e-01,8.908987654871654627e+01
1.959977284071766590e+01,2.019218126036924698e-12,2.200000000000000011e-01,2.200000000000000011e-01,8.931714927598926579e+01
1.964977284071767016e+01,3.025357742103661029e-12,2.200000000000000011e-01,2.200000000000000011e-01,8.954442200326201373e+01
1.969977284071766732e+01,2.015748679085273603e-12,2.200000000000000011e-01,2.200000000000000011e-01,8.977169473053471904e+01
1.974977284071766803e+01,0.000000000000000000e+00,2.200000000000000011e-01,2.200000000000000011e-01,8.999896745780745277e+01
1.979977284071766874e+01,1.009609063018538282e-12,2.200000000000000011e-01,2.200000000000000011e-01,9.022624018508018651e+01
1.984977284071766590e+01,2.019218126036924698e-12,2.200000000000000011e-01,2.200000000000000011e-01,9.045351291235290603e+01
1.989977284071767016e+01,1.006139616066433610e-12,2.200000000000000011e-01,2.200000000000000011e-01,9.068078563962565397e+01
1.994977284071767087e+01,0.000000000000000000e+00,2.200000000000000011e-01,2.200000000000000011e-01,9.090805836689838770e+01
1.999977284071767158e+01,1.009609063018538282e-12,2.200000000000000011e-01,2.200000000000000011e-01,9.113533109417112144e+01
2.004977284071766874e+01,1.009609063018538282e-12,2.200000000000000011e-01,2.200000000000000011e-01,9.136260382144384096e+01
2.009977284071766945e+01,1.009609063018538282e-12,2.200000000000000011e-01,2.200000000000000011e-01,9.158987654871657469e+01
2.014977284071766661e+01,3.028827189055160259e-12,2.200000000000000011e-01,2.200000000000000011e-01,9.181714927598929421e+01
2.019977284071767087e+01,4.034966805121896590e-12,2.200000000000000011e-01,2.200000000000000011e-01,9.204442200326204215e+01
2.024977284071766803e+01,1.009609063018689541e-12,2.200000000000000011e-01,2.200000000000000011e-01,9.227169473053474746e+01
2.029977284071766519e+01,2.019218126036924698e-12,2.200000000000000011e-01,2.200000000000000011e-01,9.249896745780746699e+01
2.034977284071766945e+01,3.025357742103661029e-12,2.200000000000000011e-01,2.200000000000000011e-01,9.272624018508021493e+01
2.039977284071766661e+01,3.035766082959064256e-12,2.200000000000000011e-01,2.200000000000000011e-01,9.295351291235292024e+01
2.044977284071767443e+01,2.033095913844739155e-12,2.200000000000000011e-01,2.200000000000000011e-01,9.318078563962568239e+01
2.049977284071766803e+01,1.040834085586357045e-14,2.200000000000000011e-01,2.200000000000000011e-01,9.340805836689837349e+01
2.054977284071766519e+01,2.019218126036924698e-12,2.200000000000000011e-01,2.200000000000000011e-01,9.363533109417109301e+01
2.059977284071766945e+01,1.006139616066433610e-12,2.200000000000000011e-01,2.200000000000000011e-01,9.386260382144384096e+01
2.064977284071767016e+01,9.992007221625261797e-13,2.200000000000000011e-01,2.200000000000000011e-01,9.408987654871657469e+01
2.069977284071767443e+01,9.922618282587696048e-13,2.200000000000000011e-01,2.200000000000000011e-01,9.431714927598932263e+01
2.074977284071767158e+01,6.938893903908004617e-15,2.200000000000000011e-01,2.200000000000000011e-01,9.454442200326202794e+01
2.079977284071767230e+01,1.009609063018538282e-12,2.200000000000000011e-01,2.200000000000000011e-01,9.477169473053476167e+01
2.084977284071766945e+01,1.009609063018538282e-12,2.200000000000000011e-01,2.200000000000000011e-01,9.499896745780748120e+01
2.089977284071767016e+01,9.992007221625261797e-13,2.200000000000000011e-01,2.200000000000000011e-01,9.522624018508021493e+01
2.094977284071767443e+01,9.922618282587696048e-13,2.200000000000000011e-01,2.200000000000000011e-01,9.545351291235296287e+01
2.099977284071767158e+01,6.938893903908004617e-15,2.200000000000000011e-01,2.200000000000000011e-01,9.568078563962566818e+01
2.104977284071767230e+01,1.009609063018538282e-12,2.200000000000000011e-01,2.200000000000000011e-01,9.590805836689840191e+01
2.109977284071766945e+01,2.026157019940526177e-12,2.200000000000000011e-01,2.200000000000000011e-01,9.613533109417112144e+01
2.114977284071767727e+01,2.022687572988573370e-12,2.200000000000000011e-01,2.200000000000000011e-01,9.636260382144388359e+01
2.119977284071767443e+01,6.938893903909047491e-15,2.200000000000000011e-01,2.200000000000000011e-01,9.658987654871660311e+01
2.124977284071766803e+01,2.026157019941137272e-12,2.200000000000000011e-01,2.200000000000000011e-01,9.681714927598929421e+01
2.129977284071767230e+01,2.008809785180761337e-12,2.200000000000000011e-01,2.200000000000000011e-01,9.704442200326204215e+01
2.134977284071767656e+01,1.002670169114479390e-12,2.200000000000000011e-01,2.200000000000000011e-01,9.727169473053479010e+01
2.139977284071767727e+01,1.009609063018538282e-12,2.200000000000000011e-01,2.200000000000000011e-01,9.749896745780752383e+01
2.144977284071767443e+01,2.008809785181366778e-12,2.200000000000000011e-01,2.200000000000000011e-01,9.772624018508024335e+01
2.149977284071767158e+01,3.011479954295846168e-12,2.200000000000000011e-01,2.200000000000000011e-01,9.795351291235296287e+01
2.154977284071767230e+01,2.008809785181063452e-12,2.200000000000000011e-01,2.200000000000000011e-01,9.818078563962569660e+01
2.159977284071767301e+01,0.000000000000000000e+00,2.200000000000000011e-01,2.200000000000000011e-01,9.840805836689843034e+01
2.164977284071767372e+01,1.009609063018538282e-12,2.200000000000000011e-01,2.200000000000000011e-01,9.863533109417116407e+01
2.169977284071767087e+01,2.008809785181366778e-12,2.200000000000000011e-01,2.200000000000000011e-01,9.886260382144388359e+01
2.174977284071766803e+01,2.008809785181366778e-12,2.200000000000000011e-01,2.200000000000000011e-01,9.908987654871660311e+01
2.179977284071766519e+01,2.026157019940526177e-12,2.200000000000000011e-01,2.200000000000000011e-01,9.931714927598932263e+01
2.184977284071767301e+01,2.022687572988573370e-12,2.200000000000000011e-01,2.200000000000000011e-01,9.954442200326208479e+01
2.189977284071767016e+01,1.009609063018538282e-12,2.200000000000000011e-01,2.200000000000000011e-01,9.977169473053480431e+01
2.194977284071767087e+01,6.938893903908004617e-15,2.200000000000000011e-01,2.200000000000000011e-01,9.999896745780753804e+01
2.199977284071766803e+01,9.922618282587696048e-13,2.200000000000000011e-01,2.200000000000000011e-01,1.002262401850802434e+02
2.204977284071767230e+01,1.002670169114479390e-12,2.200000000000000011e-01,2.200000000000000011e-01,1.004535129123529913e+02
2.209977284071767301e+01,1.009609063018538282e-12,2.200000000000000011e-01,2.200000000000000011e-01,1.006807856396257250e+02
2.214977284071767016e+01,2.019218126036924698e-12,2.200000000000000011e-01,2.200000000000000011e-01,1.009080583668984445e+02
2.219977284071767443e+01,3.025357742103661029e-12,2.200000000000000011e-01,2.200000000000000011e-01,1.011353310941711925e+02
2.224977284071767158e+01,2.015748679085273603e-12,2.200000000000000011e-01,2.200000000000000011e-01,1.013626038214438978e+02
2.229977284071767230e+01,0.000000000000000000e+00,2.200000000000000011e-01,2.200000000000000011e-01,1.015898765487166315e+02
2.234977284071767301e+01,1.009609063018538282e-12,2.200000000000000011e-01,2.200000000000000011e-01,1.018171492759893653e+02
2.239977284071767016e+01,2.019218126036924698e-12,2.200000000000000011e-01,2.200000000000000011e-01,1.020444220032620848e+02
2.244977284071767443e+01,3.025357742103661029e-12,2.200000000000000011e-01,2.200000000000000011e-01,1.022716947305348327e+02
2.249977284071767158e+01,4.034966805121896590e-12,2.200000000000000011e-01,2.200000000000000011e-01,1.024989674578075380e+02
2.254977284071767585e+01,3.025357742103207049e-12,2.200000000000000011e-01,2.200000000000000011e-01,1.027262401850802860e+02
2.259977284071767301e+01,1.009609063018538282e-12,2.200000000000000011e-01,2.200000000000000011e-01,1.029535129123530055e+02
2.264977284071767372e+01,1.009609063018538282e-12,2.200000000000000011e-01,2.200000000000000011e-01,1.031807856396257392e+02
2.269977284071767087e+01,1.009609063018538282e-12,2.200000000000000011e-01,2.200000000000000011e-01,1.034080583668984588e+02
2.274977284071767158e+01,0.000000000000000000e+00,2.200000000000000011e-01,2.200000000000000011e-01,1.036353310941711925e+02
2.279977284071767230e+01,1.009609063018538282e-12,2.200000000000000011e-01,2.200000000000000011e-01,1.038626038214439262e+02
2.284977284071766945e+01,2.019218126036924698e-12,2.200000000000000011e-01,2.200000000000000011e-01,1.040898765487166457e+02
2.289977284071767372e+01,3.025357742103661029e-12,2.200000000000000011e-01,2.200000000000000011e-01,1.043171492759893937e+02
2.294977284071767087e+01,2.015748679085273603e-12,2.200000000000000011e-01,2.200000000000000011e-01,1.045444220032620990e+02
2.299977284071767158e+01,0.000000000000000000e+00,2.200000000000000011e-01,2.200000000000000011e-01,1.047716947305348327e+02
2.304977284071767230e+01,1.009609063018538282e-12,2.200000000000000011e-01,2.200000000000000011e-01,1.049989674578075665e+02
2.309977284071766945e+01,2.019218126036924698e-12,2.200000000000000011e-01,2.200000000000000011e-01,1.052262401850802860e+02
2.314977284071767372e+01,2.008809785180761337e-12,2.200000000000000011e-01,2.200000000000000011e-01,1.054535129123530339e+02
2.319977284071767798e+01,2.001870891277157031e-12,2.200000000000000011e-01,2.200000000000000011e-01,1.056807856396257819e+02
2.324977284071767514e+01,2.008809785181366778e-12,2.200000000000000011e-01,2.200000000000000011e-01,1.059080583668985014e+02
2.329977284071767230e+01,1.009609063018538282e-12,2.200000000000000011e-01,2.200000000000000011e-01,1.061353310941712209e+02
2.334977284071767301e+01,2.008809785181063452e-12,2.200000000000000011e-01,2.200000000000000011e-01,1.063626038214439546e+02
2.339977284071767372e+01,3.011479954295846168e-12,2.200000000000000011e-01,2.200000000000000011e-01,1.065898765487166884e+02
2.344977284071767087e+01,0.000000000000000000e+00,2.200000000000000011e-01,2.200000000000000011e-01,1.068171492759894079e+02
2.349977284071766803e+01,3.011479954295846168e-12,2.200000000000000011e-01,2.200000000000000011e-01,1.070444220032621274e+02
2.354977284071766874e+01,3.018418848199298205e-12,2.200000000000000011e-01,2.200000000000000011e-01,1.072716947305348612e+02
2.359977284071767301e+01,2.026157019941137272e-12,2.200000000000000011e-01,2.200000000000000011e-01,1.074989674578076091e+02
2.364977284071766661e+01,1.379227725810334704e-01,2.200000000000000011e-01,2.200000000000000011e-01,1.077262401850803002e+02
2.369976794224313466e+01,2.986214100850126840e+00,2.200000000000000011e-01,2.200000000000000011e-01,1.079534906465597004e+02
2.374967491743337433e+01,4.202154074994133737e+00,2.200000000000000011e-01,2.200000000000000011e-01,1.081803405337880548e+02
2.379958607666511128e+01,1.964369046491228898e+00,2.200000000000000011e-01,2.200000000000000011e-01,1.084072094393868468e+02
2.384958607666511199e+01,2.700964452095773132e-12,2.200000000000000011e-01,2.200000000000000011e-01,1.086344821666595664e+02
2.389958607666511270e+01,2.700964452095773132e-12,2.200000000000000011e-01,2.200000000000000011e-01,1.088617548939323001e+02
2.394958607666511341e+01,0.000000000000000000e+00,2.200000000000000011e-01,2.200000000000000011e-01,1.090890276212050196e+02
2.399958607666511412e+01,3.143318938470159036e-12,2.200000000000000011e-01,2.200000000000000011e-01,1.093163003484777391e+02
2.404958607666511128e+01,3.587408148319884398e-12,2.200000000000000011e-01,2.200000000000000011e-01,1.095435730757504587e+02
2.409958607666511554e+01,3.587408148319884398e-12,2.200000000000000011e-01,2.200000000000000011e-01,1.097708458030231924e+02
2.414958607666511270e+01,3.587408148319884398e-12,2.200000000000000011e-01,2.200000000000000011e-01,1.099981185302959119e+02
2.419958607666511696e+01,4.473851844544901202e-12,2.200000000000000011e-01,2.200000000000000011e-01,1.102253912575686456e+02
2.424958607666510702e+01,4.473851844544901202e-12,2.200000000000000011e-01,2.200000000000000011e-01,1.104526639848413367e+02
2.429958607666511128e+01,3.587408148319884398e-12,2.200000000000000011e-01,2.200000000000000011e-01,1.106799367121140705e+02
2.434958607666510844e+01,3.587408148319884398e-12,2.200000000000000011e-01,2.200000000000000011e-01,1.109072094393867900e+02
2.439958607666511270e+01,3.587408148319884398e-12,2.200000000000000011e-01,2.200000000000000011e-01,1.111344821666595237e+02
2.444958607666510986e+01,2.700964452096320816e-12,2.200000000000000011e-01,2.200000000000000011e-01,1.113617548939322432e+02
2.449958607666510702e+01,4.649058915617800604e-13,2.200000000000000011e-01,2.200000000000000011e-01,1.115890276212049486e+02
2.454958607666511128e+01,8.864436962241107619e-13,2.200000000000000011e-01,2.200000000000000011e-01,1.118163003484776965e+02
2.459958607666510844e+01,8.864436962241107619e-13,2.200000000000000011e-01,2.200000000000000011e-01,1.120435730757504160e+02
2.464958607666511270e+01,8.864436962241107619e-13,2.200000000000000011e-01,2.200000000000000011e-01,1.122708458030231640e+02
2.469958607666510986e+01,4.423544863741118099e-13,2.200000000000000011e-01,2.200000000000000011e-01,1.124981185302958835e+02
2.474958607666511057e+01,0.000000000000000000e+00,2.200000000000000011e-01,2.200000000000000011e-01,1.127253912575686172e+02
2.479958607666511128e+01,0.000000000000000000e+00,2.200000000000000011e-01,2.200000000000000011e-01,1.129526639848413510e+02
2.484958607666511199e+01,0.000000000000000000e+00,2.200000000000000011e-01,2.200000000000000011e-01,1.131799367121140847e+02
2.489958607666511270e+01,0.000000000000000000e+00,2.200000000000000011e-01,2.200000000000000011e-01,1.134072094393868184e+02
2.494958607666511341e+01,1.351349587785920004e-12,2.200000000000000011e-01,2.200000000000000011e-01,1.136344821666595521e+02
2.499958607666511412e+01,2.700964452095773132e-12,2.200000000000000011e-01,2.200000000000000011e-01,1.138617548939322717e+02
2.504958607666511483e+01,2.700964452095773132e-12,2.200000000000000011e-01,2.200000000000000011e-01,1.140890276212050054e+02
2.509958607666511554e+01,2.700964452095773132e-12,2.200000000000000011e-01,2.200000000000000011e-01,1.143163003484777249e+02
2.514958607666511625e+01,2.700964452095773132e-12,2.200000000000000011e-01,2.200000000000000011e-01,1.145435730757504587e+02
2.519958607666511696e+01,2.700964452095773132e-12,2.200000000000000011e-01,2.200000000000000011e-01,1.147708458030231782e+02
2.524958607666511767e+01,2.256875242245958508e-12,2.200000000000000011e-01,2.200000000000000011e-01,1.149981185302959119e+02
2.529958607666511483e+01,8.864436962241697308e-13,2.200000000000000011e-01,2.200000000000000011e-01,1.152253912575686172e+02
2.534958607666511909e+01,8.864436962241697308e-13,2.200000000000000011e-01,2.200000000000000011e-01,1.154526639848413510e+02
2.539958607666511625e+01,1.814520755871663076e-12,2.200000000000000011e-01,2.200000000000000011e-01,1.156799367121140563e+02
2.544958607666512052e+01,9.280770596477402276e-13,2.200000000000000011e-01,2.200000000000000011e-01,1.159072094393868042e+02
2.549958607666511057e+01,9.280770596477402276e-13,2.200000000000000011e-01,2.200000000000000011e-01,1.161344821666594811e+02
2.554958607666511483e+01,1.814520755871663076e-12,2.200000000000000011e-01,2.200000000000000011e-01,1.163617548939322290e+02
2.559958607666511199e+01,1.814520755871663076e-12,2.200000000000000011e-01,2.200000000000000011e-01,1.165890276212049343e+02
2.564958607666511625e+01,1.814520755871663076e-12,2.200000000000000011e-01,2.200000000000000011e-01,1.168163003484776823e+02
2.569958607666511341e+01,0.000000000000000000e+00,2.200000000000000011e-01,2.200000000000000011e-01,1.170435730757503876e+02
2.574958607666511057e+01,1.814520755871663076e-12,2.200000000000000011e-01,2.200000000000000011e-01,1.172708458030230929e+02
2.579958607666511483e+01,1.814520755871663076e-12,2.200000000000000011e-01,2.200000000000000011e-01,1.174981185302958409e+02
2.584958607666511199e+01,1.814520755871663076e-12,2.200000000000000011e-01,2.200000000000000011e-01,1.177253912575685462e+02
2.589958607666511625e+01,1.814520755871663076e-12,2.200000000000000011e-01,2.200000000000000011e-01,1.179526639848412941e+02
2.594958607666511341e+01,2.256875242245958508e-12,2.200000000000000011e-01,2.200000000000000011e-01,1.181799367121139994e+02
2.599958607666511412e+01,2.700964452095773132e-12,2.200000000000000011e-01,2.200000000000000011e-01,1.184072094393867332e+02
2.604958607666511483e+01,2.700964452095773132e-12,2.200000000000000011e-01,2.200000000000000011e-01,1.186344821666594527e+02
2.609958607666511554e+01,2.700964452095773132e-12,2.200000000000000011e-01,2.200000000000000011e-01,1.188617548939321864e+02
2.614958607666511625e+01,2.700964452095773132e-12,2.200000000000000011e-01,2.200000000000000011e-01,1.190890276212049059e+02
2.619958607666511696e+01,2.256875242245958508e-12,2.200000000000000011e-01,2.200000000000000011e-01,1.193163003484776397e+02
2.624958607666511412e+01,4.649058915617800604e-13,2.200000000000000011e-01,2.200000000000000011e-01,1.195435730757503450e+02
2.629958607666511838e+01,8.864436962241107619e-13,2.200000000000000011e-01,2.200000000000000011e-01,1.197708458030230929e+02
2.634958607666511554e+01,8.864436962241107619e-13,2.200000000000000011e-01,2.200000000000000011e-01,1.199981185302958124e+02
2.639958607666511980e+01,8.864436962241107619e-13,2.200000000000000011e-01,2.200000000000000011e-01,1.202253912575685604e+02
2.644958607666511696e+01,0.000000000000000000e+00,2.200000000000000011e-01,2.200000000000000011e-01,1.204526639848412799e+02
2.649958607666511412e+01,0.000000000000000000e+00,2.200000000000000011e-01,2.200000000000000011e-01,1.206799367121139994e+02
2.654958607666511128e+01,8.864436962241107619e-13,2.200000000000000011e-01,2.200000000000000011e-01,1.209072094393867189e+02
2.659958607666511554e+01,8.864436962241107619e-13,2.200000000000000011e-01,2.200000000000000011e-01,1.211344821666594669e+02
2.664958607666511270e+01,1.772887392447862863e-12,2.200000000000000011e-01,2.200000000000000011e-01,1.213617548939321864e+02
2.669958607666512407e+01,1.307981500886500230e-12,2.200000000000000011e-01,2.200000000000000011e-01,1.215890276212049628e+02
2.674958607666511412e+01,9.280770596477402276e-13,2.200000000000000011e-01,2.200000000000000011e-01,1.218163003484776397e+02
2.679958607666511838e+01,1.814520755871663076e-12,2.200000000000000011e-01,2.200000000000000011e-01,1.220435730757503876e+02
2.684958607666511554e+01,1.814520755871663076e-12,2.200000000000000011e-01,2.200000000000000011e-01,1.222708458030230929e+02
2.689958607666511980e+01,1.814520755871663076e-12,2.200000000000000011e-01,2.200000000000000011e-01,1.224981185302958409e+02
2.694958607666511696e+01,2.700964452096320816e-12,2.200000000000000011e-01,2.200000000000000011e-01,1.227253912575685462e+02
2.699958607666511412e+01,6.288372600416075967e-12,2.200000000000000011e-01,2.200000000000000011e-01,1.229526639848412657e+02
2.704958607666511483e+01,6.286637876940098352e-12,2.200000000000000011e-01,2.200000000000000011e-01,1.231799367121139994e+02
2.709958607666511199e+01,3.587408148319884398e-12,2.200000000000000011e-01,2.200000000000000011e-01,1.234072094393867189e+02
2.714958607666511625e+01,3.587408148319884398e-12,2.200000000000000011e-01,2.200000000000000011e-01,1.236344821666594527e+02
2.719958607666511341e+01,3.143318938470159036e-12,2.200000000000000011e-01,2.200000000000000011e-01,1.238617548939321722e+02
2.724958607666511412e+01,2.700964452095773132e-12,2.200000000000000011e-01,2.200000000000000011e-01,1.240890276212048917e+02
2.729958607666511483e+01,2.700964452095773132e-12,2.200000000000000011e-01,2.200000000000000011e-01,1.243163003484776254e+02
2.734958607666511554e+01,2.700964452095773132e-12,2.200000000000000011e-01,2.200000000000000011e-01,1.245435730757503450e+02
2.739958607666511625e+01,2.700964452095773132e-12,2.200000000000000011e-01,2.200000000000000011e-01,1.247708458030230787e+02
2.744958607666511696e+01,4.423544863741413449e-13,2.200000000000000011e-01,2.200000000000000011e-01,1.249981185302957982e+02
2.749958607666511412e+01,1.814520755871663076e-12,2.200000000000000011e-01,2.200000000000000011e-01,1.252253912575685035e+02
2.754958607666511838e+01,1.814520755871663076e-12,2.200000000000000011e-01,2.200000000000000011e-01,1.254526639848412515e+02
2.759958607666511554e+01,1.814520755871663076e-12,2.200000000000000011e-01,2.200000000000000011e-01,1.256799367121139568e+02
2.764958607666511980e+01,1.814520755871663076e-12,2.200000000000000011e-01,2.200000000000000011e-01,1.259072094393867047e+02
2.769958607666511696e+01,2.700964452096320816e-12,2.200000000000000011e-01,2.200000000000000011e-01,1.261344821666594100e+02
2.774958607666511412e+01,2.700964452096320816e-12,2.200000000000000011e-01,2.200000000000000011e-01,1.263617548939321296e+02
2.779958607666511128e+01,1.814520755871663076e-12,2.200000000000000011e-01,2.200000000000000011e-01,1.265890276212048349e+02
2.784958607666511554e+01,1.814520755871663076e-12,2.200000000000000011e-01,2.200000000000000011e-01,1.268163003484775828e+02
2.789958607666511270e+01,1.814520755871663076e-12,2.200000000000000011e-01,2.200000000000000011e-01,1.270435730757502881e+02
2.794958607666511696e+01,1.814520755871663076e-12,2.200000000000000011e-01,2.200000000000000011e-01,1.272708458030230361e+02
2.799958607666511412e+01,4.649058915617800604e-13,2.200000000000000011e-01,2.200000000000000011e-01,1.274981185302957414e+02
2.804958607666511838e+01,8.864436962241107619e-13,2.200000000000000011e-01,2.200000000000000011e-01,1.277253912575684893e+02
2.809958607666511554e+01,8.864436962241107619e-13,2.200000000000000011e-01,2.200000000000000011e-01,1.279526639848412088e+02
2.814958607666511980e+01,8.864436962241107619e-13,2.200000000000000011e-01,2.200000000000000011e-01,1.281799367121139426e+02
2.819958607666511696e+01,0.000000000000000000e+00,2.200000000000000011e-01,2.200000000000000011e-01,1.284072094393866621e+02
2.824958607666511412e+01,8.864436962241107619e-13,2.200000000000000011e-01,2.200000000000000011e-01,1.286344821666593816e+02
2.829958607666511838e+01,8.864436962241107619e-13,2.200000000000000011e-01,2.200000000000000011e-01,1.288617548939321296e+02
2.834958607666511554e+01,8.864436962241107619e-13,2.200000000000000011e-01,2.200000000000000011e-01,1.290890276212048491e+02
2.839958607666511980e+01,8.864436962241107619e-13,2.200000000000000011e-01,2.200000000000000011e-01,1.293163003484775970e+02
2.844958607666511696e+01,1.791969350684206922e-12,2.200000000000000011e-01,2.200000000000000011e-01,1.295435730757503165e+02
2.849958607666511767e+01,2.700964452095773132e-12,2.200000000000000011e-01,2.200000000000000011e-01,1.297708458030230361e+02
2.854958607666511838e+01,2.700964452095773132e-12,2.200000000000000011e-01,2.200000000000000011e-01,1.299981185302957840e+02
2.859958607666511909e+01,2.700964452095773132e-12,2.200000000000000011e-01,2.200000000000000011e-01,1.302253912575685035e+02
2.864958607666511980e+01,2.700964452095773132e-12,2.200000000000000011e-01,2.200000000000000011e-01,1.304526639848412515e+02
2.869958607666512052e+01,3.143318938470159036e-12,2.200000000000000011e-01,2.200000000000000011e-01,1.306799367121139710e+02
2.874958607666511767e+01,6.288372600416075967e-12,2.200000000000000011e-01,2.200000000000000011e-01,1.309072094393866905e+02
2.879958607666511838e+01,6.286637876940098352e-12,2.200000000000000011e-01,2.200000000000000011e-01,1.311344821666594100e+02
2.884958607666511554e+01,3.587408148319884398e-12,2.200000000000000011e-01,2.200000000000000011e-01,1.313617548939321296e+02
2.889958607666511980e+01,3.587408148319884398e-12,2.200000000000000011e-01,2.200000000000000011e-01,1.315890276212048775e+02
2.894958607666511696e+01,2.700964452096320816e-12,2.200000000000000011e-01,2.200000000000000011e-01,1.318163003484775970e+02
2.899958607666511412e+01,2.700964452096320816e-12,2.200000000000000011e-01,2.200000000000000011e-01,1.320435730757503165e+02
2.904958607666511128e+01,3.587408148319884398e-12,2.200000000000000011e-01,2.200000000000000011e-01,1.322708458030230361e+02
2.909958607666511554e+01,3.587408148319884398e-12,2.200000000000000011e-01,2.200000000000000011e-01,1.324981185302957840e+02
2.914958607666511270e+01,3.587408148319884398e-12,2.200000000000000011e-01,2.200000000000000011e-01,1.327253912575685035e+02
2.919958607666511696e+01,8.864436962241697308e-13,2.200000000000000011e-01,2.200000000000000011e-01,1.329526639848412515e+02
2.924958607666511412e+01,2.700964452096320816e-12,2.200000000000000011e-01,2.200000000000000011e-01,1.331799367121139710e+02
2.929958607666511128e+01,3.587408148319884398e-12,2.200000000000000011e-01,2.200000000000000011e-01,1.334072094393866905e+02
2.934958607666511554e+01,3.587408148319884398e-12,2.200000000000000011e-01,2.200000000000000011e-01,1.336344821666594385e+02
2.939958607666511270e+01,3.587408148319884398e-12,2.200000000000000011e-01,2.200000000000000011e-01,1.338617548939321580e+02
2.944958607666511696e+01,3.587408148319884398e-12,2.200000000000000011e-01,2.200000000000000011e-01,1.340890276212049059e+02
2.949958607666511412e+01,3.143318938470159036e-12,2.200000000000000011e-01,2.200000000000000011e-01,1.343163003484776254e+02
2.954958607666511483e+01,2.700964452095773132e-12,2.200000000000000011e-01,2.200000000000000011e-01,1.345435730757503450e+02
2.959958607666511554e+01,2.700964452095773132e-12,2.200000000000000011e-01,2.200000000000000011e-01,1.347708458030230929e+02
2.964958607666511625e+01,2.700964452095773132e-12,2.200000000000000011e-01,2.200000000000000011e-01,1.349981185302958124e+02
2.969958607666511696e+01,2.700964452095773132e-12,2.200000000000000011e-01,2.200000000000000011e-01,1.352253912575685604e+02
2.974958607666511767e+01,1.349614864309943399e-12,2.200000000000000011e-01,2.200000000000000011e-01,1.354526639848412799e+02
2.979958607666511838e+01,0.000000000000000000e+00,2.200000000000000011e-01,2.200000000000000011e-01,1.356799367121139994e+02
2.984958607666511909e+01,0.000000000000000000e+00,2.200000000000000011e-01,2.200000000000000011e-01,1.359072094393867189e+02
2.989958607666511980e+01,0.000000000000000000e+00,2.200000000000000011e-01,2.200000000000000011e-01,1.361344821666594385e+02
2.994958607666512052e+01,4.440892098500887180e-13,2.200000000000000011e-01,2.200000000000000011e-01,1.363617548939321580e+02
2.999958607666511767e+01,8.864436962241107619e-13,2.200000000000000011e-01,2.200000000000000011e-01,1.365890276212048775e+02
3.004958607666512194e+01,8.864436962241107619e-13,2.200000000000000011e-01,2.200000000000000011e-01,1.368163003484776254e+02
3.009958607666511909e+01,0.000000000000000000e+00,2.200000000000000011e-01,2.200000000000000011e-01,1.370435730757503450e+02
3.014958607666511625e+01,1.328798182598043191e-12,2.200000000000000011e-01,2.200000000000000011e-01,1.372708458030230645e+02
3.019958607666512407e+01,4.215378046623602869e-13,2.200000000000000011e-01,2.200000000000000011e-01,1.374981185302958124e+02
3.024958607666511767e+01,1.814520755872030623e-12,2.200000000000000011e-01,2.200000000000000011e-01,1.377253912575685035e+02
3.029958607666511838e+01,2.700964452095773132e-12,2.200000000000000011e-01,2.200000000000000011e-01,1.379526639848412515e+02
3.034958607666511909e+01,2.288270516863469550e-01,2.200000000000000011e-01,2.200000000000000011e-01,1.381799367121139710e+02
3.039958441201821771e+01,5.790314878084094063e-01,2.200000000000000011e-01,2.200000000000000011e-01,1.384072018728098783e+02
3.044958256572479627e+01,5.863384101268684923e-01,2.200000000000000011e-01,2.200000000000000011e-01,1.386344662078397789e+02
3.049958072690954580e+01,5.863898158723735987e-01,2.200000000000000011e-01,2.200000000000000011e-01,1.388617305768613619e+02
3.054957890658628727e+01,5.841002868294058459e-01,2.200000000000000011e-01,2.200000000000000011e-01,1.390889950299374505e+02
3.059957714937541695e+01,2.829905138631322870e-01,2.200000000000000011e-01,2.200000000000000011e-01,1.393162597698880347e+02
3.064957714937541766e+01,1.399054483375212931e-12,2.200000000000000011e-01,2.200000000000000011e-01,1.395435324971607542e+02
3.069957714937541837e+01,2.304580137835579601e-12,2.200000000000000011e-01,2.200000000000000011e-01,1.397708052244334738e+02
3.074957714937541198e+01,2.305447499573568004e-12,2.200000000000000011e-01,2.200000000000000011e-01,1.399980779517061649e+02
3.079957714937541269e+01,1.399921845113201334e-12,2.200000000000000011e-01,2.200000000000000011e-01,1.402253506789788844e+02
3.084957714937541340e+01,1.399054483375212931e-12,2.200000000000000011e-01,2.200000000000000011e-01,1.404526234062516039e+02
3.089957714937541411e+01,2.798976328488465964e-12,2.200000000000000011e-01,2.200000000000000011e-01,1.406798961335243234e+02
3.094957714937541482e+01,0.000000000000000000e+00,2.200000000000000011e-01,2.200000000000000011e-01,1.409071688607970430e+02
3.099957714937541553e+01,2.798976328488465964e-12,2.200000000000000011e-01,2.200000000000000011e-01,1.411344415880697625e+02
3.104957714937541624e+01,1.399921845113201334e-12,2.200000000000000011e-01,2.200000000000000011e-01,1.413617143153424820e+02
3.109957714937541695e+01,1.399054483375212931e-12,2.200000000000000011e-01,2.200000000000000011e-01,1.415889870426152015e+02
3.114957714937541766e+01,2.798976328488465964e-12,2.200000000000000011e-01,2.200000000000000011e-01,1.418162597698879210e+02
3.119957714937541837e+01,3.293372519142527262e-12,2.200000000000000011e-01,2.200000000000000011e-01,1.420435324971606406e+02
3.124957714937541198e+01,1.893450674028971306e-12,2.200000000000000011e-01,2.200000000000000011e-01,1.422708052244333317e+02
3.129957714937541269e+01,1.399054483375212931e-12,2.200000000000000011e-01,2.200000000000000011e-01,1.424980779517060512e+02
3.134957714937541340e+01,2.798976328488465964e-12,2.200000000000000011e-01,2.200000000000000011e-01,1.427253506789787707e+02
3.139957714937541411e+01,0.000000000000000000e+00,2.200000000000000011e-01,2.200000000000000011e-01,1.429526234062514902e+02
3.144957714937541482e+01,2.798976328488465964e-12,2.200000000000000011e-01,2.200000000000000011e-01,1.431798961335242097e+02
3.149957714937541553e+01,0.000000000000000000e+00,2.200000000000000011e-01,2.200000000000000011e-01,1.434071688607969293e+02
3.154957714937541624e+01,1.399921845113201334e-12,2.200000000000000011e-01,2.200000000000000011e-01,1.436344415880696488e+02
3.159957714937541695e+01,1.399921845113253033e-12,2.200000000000000011e-01,2.200000000000000011e-01,1.438617143153423683e+02
3.164957714937541766e+01,2.798976328488465964e-12,2.200000000000000011e-01,2.200000000000000011e-01,1.440889870426150878e+02
3.169957714937541837e+01,9.055256544600303253e-13,2.200000000000000011e-01,2.200000000000000011e-01,1.443162597698878074e+02
3.174957714937541198e+01,9.055256544600303253e-13,2.200000000000000011e-01,2.200000000000000011e-01,1.445435324971604985e+02
3.179957714937541269e+01,2.798976328488465964e-12,2.200000000000000011e-01,2.200000000000000011e-01,1.447708052244332180e+02
3.184957714937541340e+01,2.798976328488465964e-12,2.200000000000000011e-01,2.200000000000000011e-01,1.449980779517059375e+02
3.189957714937541411e+01,2.798976328488465964e-12,2.200000000000000011e-01,2.200000000000000011e-01,1.452253506789786570e+02
3.194957714937541482e+01,3.293372519142527262e-12,2.200000000000000011e-01,2.200000000000000011e-01,1.454526234062513765e+02
3.199957714937540842e+01,2.387846864681935217e-12,2.200000000000000011e-01,2.200000000000000011e-01,1.456798961335240676e+02
3.204957714937541624e+01,4.119968255444828497e-13,2.200000000000000011e-01,2.200000000000000011e-01,1.459071688607968156e+02
3.209957714937540629e+01,2.305447499573568004e-12,2.200000000000000011e-01,2.200000000000000011e-01,1.461344415880695067e+02
3.214957714937541056e+01,1.399921845113201334e-12,2.200000000000000011e-01,2.200000000000000011e-01,1.463617143153422262e+02
3.219957714937540771e+01,1.399054483375212931e-12,2.200000000000000011e-01,2.200000000000000011e-01,1.465889870426149457e+02
3.224957714937541198e+01,0.000000000000000000e+00,2.200000000000000011e-01,2.200000000000000011e-01,1.468162597698876652e+02
3.229957714937541624e+01,2.798976328488465964e-12,2.200000000000000011e-01,2.200000000000000011e-01,1.470435324971603848e+02
3.234957714937541340e+01,4.943961906534923088e-13,2.200000000000000011e-01,2.200000000000000011e-01,1.472708052244331043e+02
3.239957714937540345e+01,1.811051308919714309e-12,2.200000000000000011e-01,2.200000000000000011e-01,1.474980779517057954e+02
3.244957714937541482e+01,4.119968255444675521e-13,2.200000000000000011e-01,2.200000000000000011e-01,1.477253506789785718e+02
3.249957714937541198e+01,2.387846864682023671e-12,2.200000000000000011e-01,2.200000000000000011e-01,1.479526234062512628e+02
3.254957714937541624e+01,3.786901348057218830e-12,2.200000000000000011e-01,2.200000000000000011e-01,1.481798961335240108e+02
3.259957714937541340e+01,1.893450674028971306e-12,2.200000000000000011e-01,2.200000000000000011e-01,1.484071688607967019e+02
3.264957714937541056e+01,1.399054483375212931e-12,2.200000000000000011e-01,2.200000000000000011e-01,1.486344415880694214e+02
3.269957714937541482e+01,0.000000000000000000e+00,2.200000000000000011e-01,2.200000000000000011e-01,1.488617143153421409e+02
3.274957714937541908e+01,2.798976328488465964e-12,2.200000000000000011e-01,2.200000000000000011e-01,1.490889870426148605e+02
3.279957714937541624e+01,0.000000000000000000e+00,2.200000000000000011e-01,2.200000000000000011e-01,1.493162597698875800e+02
3.284957714937541340e+01,3.293372519142527262e-12,2.200000000000000011e-01,2.200000000000000011e-01,1.495435324971602995e+02
3.289957714937541056e+01,2.387846864681935217e-12,2.200000000000000011e-01,2.200000000000000011e-01,1.497708052244329906e+02
3.294957714937541482e+01,4.119968255444828497e-13,2.200000000000000011e-01,2.200000000000000011e-01,1.499980779517057385e+02
3.299957714937540487e+01,1.811051308919714309e-12,2.200000000000000011e-01,2.200000000000000011e-01,1.502253506789784296e+02
3.304957714937541624e+01,9.879250195687155057e-13,2.200000000000000011e-01,2.200000000000000011e-01,1.504526234062512060e+02
3.309957714937541340e+01,1.893450674028971306e-12,2.200000000000000011e-01,2.200000000000000011e-01,1.506798961335238971e+02
3.314957714937541056e+01,1.399054483375212931e-12,2.200000000000000011e-01,2.200000000000000011e-01,1.509071688607966166e+02
3.319957714937541482e+01,2.798976328488465964e-12,2.200000000000000011e-01,2.200000000000000011e-01,1.511344415880693361e+02
3.324957714937541198e+01,0.000000000000000000e+00,2.200000000000000011e-01,2.200000000000000011e-01,1.513617143153420557e+02
3.329957714937540914e+01,2.798976328488465964e-12,2.200000000000000011e-01,2.200000000000000011e-01,1.515889870426147752e+02
3.334957714937541340e+01,4.943961906534557561e-13,2.200000000000000011e-01,2.200000000000000011e-01,1.518162597698874947e+02
3.339957714937541056e+01,3.786901348057218830e-12,2.200000000000000011e-01,2.200000000000000011e-01,1.520435324971601858e+02
3.344957714937541482e+01,3.786901348057218830e-12,2.200000000000000011e-01,2.200000000000000011e-01,1.522708052244329338e+02
3.349957714937541198e+01,3.786901348057218830e-12,2.200000000000000011e-01,2.200000000000000011e-01,1.524980779517056249e+02
3.354957714937541624e+01,3.786901348057218830e-12,2.200000000000000011e-01,2.200000000000000011e-01,1.527253506789783728e+02
3.359957714937541340e+01,3.292505157404538858e-12,2.200000000000000011e-01,2.200000000000000011e-01,1.529526234062510639e+02
3.364957714937541056e+01,8.938386634082466642e-02,2.200000000000000011e-01,2.200000000000000011e-01,1.531798961335237834e+02
3.369957600165100331e+01,9.528986162388342063e-01,2.200000000000000011e-01,2.200000000000000011e-01,1.534071636438673920e+02
3.374956842920388311e+01,1.244161155031259236e+00,2.200000000000000011e-01,2.200000000000000011e-01,1.536344019509259624e+02
3.379956033207906785e+01,1.290464104866806849e+00,2.200000000000000011e-01,2.200000000000000011e-01,1.538616378730858685e+02
3.384955151126619199e+01,1.322453634589349392e+00,2.200000000000000011e-01,2.200000000000000011e-01,1.540888705057546417e+02
3.389954194600625215e+01,1.338119242042806523e+00,2.200000000000000011e-01,2.200000000000000011e-01,1.543160997545730879e+02
3.394953182213161824e+01,1.336443233966557731e+00,2.200000000000000011e-01,2.200000000000000011e-01,1.545433264642338429e+02
3.399952147647897505e+01,1.317553700176983700e+00,2.200000000000000011e-01,2.200000000000000011e-01,1.547705521658127452e+02
3.404951130175530949e+01,1.282703672951963192e+00,2.200000000000000011e-01,2.200000000000000011e-01,1.549977786443415368e+02
3.409950167010207167e+01,1.234082244824989294e+00,2.200000000000000011e-01,2.200000000000000011e-01,1.552250075913722753e+02
3.414949292164527606e+01,8.529466329649267875e-01,2.200000000000000011e-01,2.200000000000000011e-01,1.554522405529322953e+02
3.419949244162732072e+01,5.196616666811016555e-02,2.200000000000000011e-01,2.200000000000000011e-01,1.556795110983052268e+02
3.424949244162731787e+01,0.000000000000000000e+00,2.200000000000000011e-01,2.200000000000000011e-01,1.559067838255779463e+02
3.429949244162731503e+01,0.000000000000000000e+00,2.200000000000000011e-01,2.200000000000000011e-01,1.561340565528506659e+02
3.434949244162731219e+01,0.000000000000000000e+00,2.200000000000000011e-01,2.200000000000000011e-01,1.563613292801233854e+02
3.439949244162730935e+01,2.001870891277050806e-12,2.200000000000000011e-01,2.200000000000000011e-01,1.565886020073961049e+02
3.444949244162731361e+01,1.998401444325097596e-12,2.200000000000000011e-01,2.200000000000000011e-01,1.568158747346688529e+02
3.449949244162731077e+01,0.000000000000000000e+00,2.200000000000000011e-01,2.200000000000000011e-01,1.570431474619415724e+02
3.454949244162730793e+01,0.000000000000000000e+00,2.200000000000000011e-01,2.200000000000000011e-01,1.572704201892142919e+02
3.459949244162730508e+01,0.000000000000000000e+00,2.200000000000000011e-01,2.200000000000000011e-01,1.574976929164870114e+02
3.464949244162730224e+01,2.001870891277050806e-12,2.200000000000000011e-01,2.200000000000000011e-01,1.577249656437597309e+02
3.469949244162730650e+01,1.998401444325097596e-12,2.200000000000000011e-01,2.200000000000000011e-01,1.579522383710324789e+02
3.474949244162730366e+01,0.000000000000000000e+00,2.200000000000000011e-01,2.200000000000000011e-01,1.581795110983051984e+02
3.479949244162730082e+01,0.000000000000000000e+00,2.200000000000000011e-01,2.200000000000000011e-01,1.584067838255779179e+02
3.484949244162729798e+01,0.000000000000000000e+00,2.200000000000000011e-01,2.200000000000000011e-01,1.586340565528506374e+02
3.489949244162729514e+01,2.001870891277050806e-12,2.200000000000000011e-01,2.200000000000000011e-01,1.588613292801233570e+02
3.494949244162729940e+01,4.000272335602753843e-12,2.200000000000000011e-01,2.200000000000000011e-01,1.590886020073961049e+02
3.499949244162729656e+01,3.996802888650800229e-12,2.200000000000000011e-01,2.200000000000000011e-01,1.593158747346687960e+02
3.504949244162730082e+01,1.998401444325097596e-12,2.200000000000000011e-01,2.200000000000000011e-01,1.595431474619415440e+02
3.509949244162729798e+01,0.000000000000000000e+00,2.200000000000000011e-01,2.200000000000000011e-01,1.597704201892142635e+02
3.514949244162729514e+01,0.000000000000000000e+00,2.200000000000000011e-01,2.200000000000000011e-01,1.599976929164869830e+02
3.519949244162729229e+01,0.000000000000000000e+00,2.200000000000000011e-01,2.200000000000000011e-01,1.602249656437597025e+02
3.524949244162728945e+01,1.734723475976386789e-14,2.200000000000000011e-01,2.200000000000000011e-01,1.604522383710324220e+02
3.529949244162730082e+01,2.040034807748536927e-12,2.200000000000000011e-01,2.200000000000000011e-01,1.606795110983051984e+02
3.534949244162729798e+01,2.019218126037425934e-12,2.200000000000000011e-01,2.200000000000000011e-01,1.609067838255778895e+02
3.539949244162729514e+01,2.019218126036820089e-12,2.200000000000000011e-01,2.200000000000000011e-01,1.611340565528506090e+02
3.544949244162729940e+01,4.041905699026199637e-12,2.200000000000000011e-01,2.200000000000000011e-01,1.613613292801233570e+02
3.549949244162729656e+01,2.036565360796583717e-12,2.200000000000000011e-01,2.200000000000000011e-01,1.615886020073960481e+02
3.554949244162730793e+01,2.040034807748536927e-12,2.200000000000000011e-01,2.200000000000000011e-01,1.618158747346688244e+02
3.559949244162730508e+01,2.019218126037425934e-12,2.200000000000000011e-01,2.200000000000000011e-01,1.620431474619415155e+02
3.564949244162730224e+01,2.019218126036820089e-12,2.200000000000000011e-01,2.200000000000000011e-01,1.622704201892142351e+02
3.569949244162730650e+01,4.041905699026199637e-12,2.200000000000000011e-01,2.200000000000000011e-01,1.624976929164869830e+02
3.574949244162730366e+01,2.036565360796583717e-12,2.200000000000000011e-01,2.200000000000000011e-01,1.627249656437596741e+02
3.579949244162731503e+01,2.081668171171664273e-14,2.200000000000000011e-01,2.200000000000000011e-01,1.629522383710324505e+02
3.584949244162731219e+01,2.019218126037425934e-12,2.200000000000000011e-01,2.200000000000000011e-01,1.631795110983051700e+02
3.589949244162730935e+01,4.038436252074246023e-12,2.200000000000000011e-01,2.200000000000000011e-01,1.634067838255778611e+02
3.594949244162731361e+01,4.041905699026199637e-12,2.200000000000000011e-01,2.200000000000000011e-01,1.636340565528506090e+02
3.599949244162731077e+01,2.036565360796583717e-12,2.200000000000000011e-01,2.200000000000000011e-01,1.638613292801233001e+02
3.604949244162732214e+01,2.081668171171664273e-14,2.200000000000000011e-01,2.200000000000000011e-01,1.640886020073960765e+02
3.609949244162731929e+01,2.081668171172919509e-14,2.200000000000000011e-01,2.200000000000000011e-01,1.643158747346687960e+02
3.614949244162730935e+01,4.163336342344584413e-14,2.200000000000000011e-01,2.200000000000000011e-01,1.645431474619414871e+02
3.619949244162732072e+01,2.081668171171664273e-14,2.200000000000000011e-01,2.200000000000000011e-01,1.647704201892142635e+02
3.624949244162731787e+01,2.001870891277050806e-12,2.200000000000000011e-01,2.200000000000000011e-01,1.649976929164869830e+02
3.629949244162732214e+01,4.000272335602753843e-12,2.200000000000000011e-01,2.200000000000000011e-01,1.652249656437597309e+02
3.634949244162731929e+01,4.021089017315688834e-12,2.200000000000000011e-01,2.200000000000000011e-01,1.654522383710324220e+02
3.639949244162731645e+01,2.036565360796583717e-12,2.200000000000000011e-01,2.200000000000000011e-01,1.656795110983051131e+02
3.644949244162732782e+01,2.081668171171664273e-14,2.200000000000000011e-01,2.200000000000000011e-01,1.659067838255778895e+02
3.649949244162732498e+01,0.000000000000000000e+00,2.200000000000000011e-01,2.200000000000000011e-01,1.661340565528506090e+02
3.654949244162732214e+01,0.000000000000000000e+00,2.200000000000000011e-01,2.200000000000000011e-01,1.663613292801233285e+02
3.659949244162731929e+01,0.000000000000000000e+00,2.200000000000000011e-01,2.200000000000000011e-01,1.665886020073960481e+02
3.664949244162731645e+01,2.001870891277050806e-12,2.200000000000000011e-01,2.200000000000000011e-01,1.668158747346687676e+02
3.669949244162732072e+01,1.998401444325097596e-12,2.200000000000000011e-01,2.200000000000000011e-01,1.670431474619415155e+02
3.674949244162731787e+01,0.000000000000000000e+00,2.200000000000000011e-01,2.200000000000000011e-01,1.672704201892142351e+02
3.679949244162731503e+01,0.000000000000000000e+00,2.200000000000000011e-01,2.200000000000000011e-01,1.674976929164869546e+02
3.684949244162731219e+01,0.000000000000000000e+00,2.200000000000000011e-01,2.200000000000000011e-01,1.677249656437596741e+02
3.689949244162730935e+01,2.001870891277050806e-12,2.200000000000000011e-01,2.200000000000000011e-01,1.679522383710323936e+02
3.694949244162731361e+01,1.998401444325097596e-12,2.200000000000000011e-01,2.200000000000000011e-01,1.681795110983051416e+02
3.699949244162731077e+01,0.000000000000000000e+00,2.200000000000000011e-01,2.200000000000000011e-01,1.684067838255778611e+02
3.704949244162730793e+01,0.000000000000000000e+00,2.200000000000000011e-01,2.200000000000000011e-01,1.686340565528505806e+02
3.709949244162730508e+01,0.000000000000000000e+00,2.200000000000000011e-01,2.200000000000000011e-01,1.688613292801233001e+02
3.714949244162730224e+01,2.001870891277050806e-12,2.200000000000000011e-01,2.200000000000000011e-01,1.690886020073960196e+02
3.719949244162730650e+01,1.998401444325097596e-12,2.200000000000000011e-01,2.200000000000000011e-01,1.693158747346687676e+02
3.724949244162730366e+01,0.000000000000000000e+00,2.200000000000000011e-01,2.200000000000000011e-01,1.695431474619414871e+02
3.729949244162730082e+01,0.000000000000000000e+00,2.200000000000000011e-01,2.200000000000000011e-01,1.697704201892142066e+02
3.734949244162729798e+01,0.000000000000000000e+00,2.200000000000000011e-01,2.200000000000000011e-01,1.699976929164869262e+02
3.739949244162729514e+01,0.000000000000000000e+00,2.200000000000000011e-01,2.200000000000000011e-01,1.702249656437596457e+02
3.744949244162729229e+01,0.000000000000000000e+00,2.200000000000000011e-01,2.200000000000000011e-01,1.704522383710323652e+02
3.749949244162728945e+01,2.001870891277050806e-12,2.200000000000000011e-01,2.200000000000000011e-01,1.706795110983050847e+02
3.754949244162729372e+01,1.998401444325097596e-12,2.200000000000000011e-01,2.200000000000000011e-01,1.709067838255778327e+02
3.759949244162729087e+01,0.000000000000000000e+00,2.200000000000000011e-01,2.200000000000000011e-01,1.711340565528505522e+02
3.764949244162728803e+01,0.000000000000000000e+00,2.200000000000000011e-01,2.200000000000000011e-01,1.713613292801232717e+02
3.769949244162728519e+01,0.000000000000000000e+00,2.200000000000000011e-01,2.200000000000000011e-01,1.715886020073959912e+02
3.774949244162728235e+01,1.734723475976386789e-14,2.200000000000000011e-01,2.200000000000000011e-01,1.718158747346687107e+02
3.779949244162729372e+01,2.040034807748536927e-12,2.200000000000000011e-01,2.200000000000000011e-01,1.720431474619414871e+02
3.784949244162729087e+01,2.019218126037425934e-12,2.200000000000000011e-01,2.200000000000000011e-01,1.722704201892141782e+02
3.789949244162728803e+01,0.000000000000000000e+00,2.200000000000000011e-01,2.200000000000000011e-01,1.724976929164868977e+02
3.794949244162728519e+01,0.000000000000000000e+00,2.200000000000000011e-01,2.200000000000000011e-01,1.727249656437596173e+02
3.799949244162728235e+01,1.734723475976386789e-14,2.200000000000000011e-01,2.200000000000000011e-01,1.729522383710323368e+02
3.804949244162729372e+01,2.040034807748536927e-12,2.200000000000000011e-01,2.200000000000000011e-01,1.731795110983051131e+02
3.809949244162729087e+01,2.019218126037425934e-12,2.200000000000000011e-01,2.200000000000000011e-01,1.734067838255778042e+02
3.814949244162728803e+01,2.019218126036820089e-12,2.200000000000000011e-01,2.200000000000000011e-01,1.736340565528505238e+02
3.819949244162729229e+01,4.041905699026199637e-12,2.200000000000000011e-01,2.200000000000000011e-01,1.738613292801232717e+02
3.824949244162728945e+01,2.036565360796583717e-12,2.200000000000000011e-01,2.200000000000000011e-01,1.740886020073959628e+02
3.829949244162730082e+01,2.081668171171664273e-14,2.200000000000000011e-01,2.200000000000000011e-01,1.743158747346687392e+02
3.834949244162729798e+01,0.000000000000000000e+00,2.200000000000000011e-01,2.200000000000000011e-01,1.745431474619414587e+02
3.839949244162729514e+01,0.000000000000000000e+00,2.200000000000000011e-01,2.200000000000000011e-01,1.747704201892141782e+02
3.844949244162729229e+01,2.019218126037425934e-12,2.200000000000000011e-01,2.200000000000000011e-01,1.749976929164868977e+02
3.849949244162728945e+01,2.036565360796583717e-12,2.200000000000000011e-01,2.200000000000000011e-01,1.752249656437595888e+02
3.854949244162730082e+01,1.977584762613380354e-12,2.200000000000000011e-01,2.200000000000000011e-01,1.754522383710323652e+02
3.859949244162729798e+01,3.996802888650800229e-12,2.200000000000000011e-01,2.200000000000000011e-01,1.756795110983050563e+02
3.864949244162730224e+01,1.998401444325097596e-12,2.200000000000000011e-01,2.200000000000000011e-01,1.759067838255778042e+02
3.869949244162729940e+01,0.000000000000000000e+00,2.200000000000000011e-01,2.200000000000000011e-01,1.761340565528505238e+02
3.874949244162729656e+01,2.001870891277050806e-12,2.200000000000000011e-01,2.200000000000000011e-01,1.763613292801232433e+02
3.879949244162730082e+01,4.000272335602753843e-12,2.200000000000000011e-01,2.200000000000000011e-01,1.765886020073959912e+02
3.884949244162729798e+01,3.996802888650800229e-12,2.200000000000000011e-01,2.200000000000000011e-01,1.768158747346686823e+02
3.889949244162730224e+01,1.998401444325097596e-12,2.200000000000000011e-01,2.200000000000000011e-01,1.770431474619414303e+02
3.894949244162729940e+01,0.000000000000000000e+00,2.200000000000000011e-01,2.200000000000000011e-01,1.772704201892141498e+02
3.899949244162729656e+01,0.000000000000000000e+00,2.200000000000000011e-01,2.200000000000000011e-01,1.774976929164868693e+02
3.904949244162729372e+01,0.000000000000000000e+00,2.200000000000000011e-01,2.200000000000000011e-01,1.777249656437595888e+02
3.909949244162729087e+01,2.001870891277050806e-12,2.200000000000000011e-01,2.200000000000000011e-01,1.779522383710323084e+02
3.914949244162729514e+01,1.998401444325097596e-12,2.200000000000000011e-01,2.200000000000000011e-01,1.781795110983050563e+02
3.919949244162729229e+01,0.000000000000000000e+00,2.200000000000000011e-01,2.200000000000000011e-01,1.784067838255777758e+02
3.924949244162728945e+01,0.000000000000000000e+00,2.200000000000000011e-01,2.200000000000000011e-01,1.786340565528504953e+02
3.929949244162728661e+01,0.000000000000000000e+00,2.200000000000000011e-01,2.200000000000000011e-01,1.788613292801232149e+02
3.934949244162728377e+01,2.001870891277050806e-12,2.200000000000000011e-01,2.200000000000000011e-01,1.790886020073959344e+02
3.939949244162728803e+01,1.998401444325097596e-12,2.200000000000000011e-01,2.200000000000000011e-01,1.793158747346686823e+02
3.944949244162728519e+01,0.000000000000000000e+00,2.200000000000000011e-01,2.200000000000000011e-01,1.795431474619414018e+02
3.949949244162728235e+01,0.000000000000000000e+00,2.200000000000000011e-01,2.200000000000000011e-01,1.797704201892141214e+02
3.954949244162727950e+01,0.000000000000000000e+00,2.200000000000000011e-01,2.200000000000000011e-01,1.799976929164868409e+02
3.959949244162727666e+01,1.734723475976386789e-14,2.200000000000000011e-01,2.200000000000000011e-01,1.802249656437595604e+02
3.964949244162728803e+01,2.040034807748536927e-12,2.200000000000000011e-01,2.200000000000000011e-01,1.804522383710323368e+02
3.969949244162728519e+01,4.017619570363733605e-12,2.200000000000000011e-01,2.200000000000000011e-01,1.806795110983050279e+02
3.974949244162728235e+01,3.996802888650800229e-12,2.200000000000000011e-01,2.200000000000000011e-01,1.809067838255777190e+02
3.979949244162728661e+01,1.998401444325097596e-12,2.200000000000000011e-01,2.200000000000000011e-01,1.811340565528504669e+02
3.984949244162728377e+01,1.734723475976386789e-14,2.200000000000000011e-01,2.200000000000000011e-01,1.813613292801231864e+02
3.989949244162729514e+01,2.040034807748536927e-12,2.200000000000000011e-01,2.200000000000000011e-01,1.815886020073959628e+02
3.994949244162729229e+01,4.017619570363733605e-12,2.200000000000000011e-01,2.200000000000000011e-01,1.818158747346686539e+02
3.999949244162728945e+01,1.977584762613380354e-12,2.200000000000000011e-01,2.200000000000000011e-01,1.820431474619413450e+02
4.004949244162730082e+01,2.040034807748536927e-12,2.200000000000000011e-01,2.200000000000000011e-01,1.822704201892141214e+02
4.009949244162729798e+01,4.038436252074246023e-12,2.200000000000000011e-01,2.200000000000000011e-01,1.824976929164868125e+02
4.014949244162730224e+01,4.041905699026199637e-12,2.200000000000000011e-01,2.200000000000000011e-01,1.827249656437595604e+02
4.019949244162729940e+01,2.019218126037425934e-12,2.200000000000000011e-01,2.200000000000000011e-01,1.829522383710322515e+02
4.024949244162729656e+01,1.734723475976386789e-14,2.200000000000000011e-01,2.200000000000000011e-01,1.831795110983049710e+02
4.029949244162730793e+01,2.040034807748536927e-12,2.200000000000000011e-01,2.200000000000000011e-01,1.834067838255777474e+02
4.034949244162730508e+01,4.038436252074246023e-12,2.200000000000000011e-01,2.200000000000000011e-01,1.836340565528504385e+02
4.039949244162730935e+01,2.022687572988773299e-12,2.200000000000000011e-01,2.200000000000000011e-01,1.838613292801231864e+02
4.044949244162730650e+01,2.019218126037425934e-12,2.200000000000000011e-01,2.200000000000000011e-01,1.840886020073959060e+02
4.049949244162730366e+01,2.036565360796583717e-12,2.200000000000000011e-01,2.200000000000000011e-01,1.843158747346685971e+02
4.054949244162731503e+01,2.081668171171664273e-14,2.200000000000000011e-01,2.200000000000000011e-01,1.845431474619413734e+02
4.059949244162731219e+01,0.000000000000000000e+00,2.200000000000000011e-01,2.200000000000000011e-01,1.847704201892140929e+02
4.064949244162730935e+01,0.000000000000000000e+00,2.200000000000000011e-01,2.200000000000000011e-01,1.849976929164868125e+02
4.069949244162730650e+01,2.019218126037425934e-12,2.200000000000000011e-01,2.200000000000000011e-01,1.852249656437595320e+02
4.074949244162730366e+01,2.036565360796583717e-12,2.200000000000000011e-01,2.200000000000000011e-01,1.854522383710322231e+02
4.079949244162731503e+01,1.977584762613380354e-12,2.200000000000000011e-01,2.200000000000000011e-01,1.856795110983049995e+02
4.084949244162731219e+01,3.996802888650800229e-12,2.200000000000000011e-01,2.200000000000000011e-01,1.859067838255776905e+02
4.089949244162731645e+01,1.998401444325097596e-12,2.200000000000000011e-01,2.200000000000000011e-01,1.861340565528504385e+02
4.094949244162731361e+01,0.000000000000000000e+00,2.200000000000000011e-01,2.200000000000000011e-01,1.863613292801231580e+02
4.099949244162731077e+01,2.001870891277050806e-12,2.200000000000000011e-01,2.200000000000000011e-01,1.865886020073958775e+02
4.104949244162731503e+01,2.570612753295948405e+00,2.200000000000000011e-01,2.200000000000000011e-01,1.868158747346686255e+02
4.109736436990835529e+01,1.332908923471580209e+01,7.502388065611308166e-02,7.502388065611308166e-02,1.871404039095583300e+02
4.114736436990835955e+01,0.000000000000000000e+00,2.200000000000000011e-01,2.200000000000000011e-01,1.874793595214823938e+02
4.119736436990835671e+01,0.000000000000000000e+00,2.200000000000000011e-01,2.200000000000000011e-01,1.877066322487551133e+02
4.124736436990835386e+01,0.000000000000000000e+00,2.200000000000000011e-01,2.200000000000000011e-01,1.879339049760278328e+02
4.129736436990835813e+01,0.000000000000000000e+00,2.200000000000000011e-01,2.200000000000000011e-01,1.881611777033005808e+02
4.134736436990835529e+01,0.000000000000000000e+00,2.200000000000000011e-01,2.200000000000000011e-01,1.883884504305733003e+02
4.139736436990835955e+01,0.000000000000000000e+00,2.200000000000000011e-01,2.200000000000000011e-01,1.886157231578460483e+02
4.144736436990835671e+01,0.000000000000000000e+00,2.200000000000000011e-01,2.200000000000000011e-01,1.888429958851187678e+02
4.149736436990835386e+01,0.000000000000000000e+00,2.200000000000000011e-01,2.200000000000000011e-01,1.890702686123914873e+02
4.154736436990835813e+01,0.000000000000000000e+00,2.200000000000000011e-01,2.200000000000000011e-01,1.892975413396642352e+02
4.159736436990835529e+01,0.000000000000000000e+00,2.200000000000000011e-01,2.200000000000000011e-01,1.895248140669369548e+02
4.164736436990835955e+01,0.000000000000000000e+00,2.200000000000000011e-01,2.200000000000000011e-01,1.897520867942097027e+02
4.169736436990835671e+01,0.000000000000000000e+00,2.200000000000000011e-01,2.200000000000000011e-01,1.899793595214824222e+02
4.174736436990835386e+01,0.000000000000000000e+00,2.200000000000000011e-01,2.200000000000000011e-01,1.902066322487551417e+02
4.179736436990835813e+01,0.000000000000000000e+00,2.200000000000000011e-01,2.200000000000000011e-01,1.904339049760278897e+02
4.184736436990835529e+01,0.000000000000000000e+00,2.200000000000000011e-01,2.200000000000000011e-01,1.906611777033006092e+02
4.189736436990835955e+01,0.000000000000000000e+00,2.200000000000000011e-01,2.200000000000000011e-01,1.908884504305733572e+02
4.194736436990835671e+01,0.000000000000000000e+00,2.200000000000000011e-01,2.200000000000000011e-01,1.911157231578460767e+02
4.199736436990835386e+01,0.000000000000000000e+00,2.200000000000000011e-01,2.200000000000000011e-01,1.913429958851187962e+02
4.204736436990835813e+01,0.000000000000000000e+00,2.200000000000000011e-01,2.200000000000000011e-01,1.915702686123915441e+02
4.209736436990835529e+01,0.000000000000000000e+00,2.200000000000000011e-01,2.200000000000000011e-01,1.917975413396642637e+02
4.214736436990835955e+01,0.000000000000000000e+00,2.200000000000000011e-01,2.200000000000000011e-01,1.920248140669370116e+02
4.219736436990835671e+01,0.000000000000000000e+00,2.200000000000000011e-01,2.200000000000000011e-01,1.922520867942097311e+02
4.224736436990835386e+01,0.000000000000000000e+00,2.200000000000000011e-01,2.200000000000000011e-01,1.924793595214824506e+02
4.228890629538317114e+01,0.000000000000000000e+00,2.200000000000000011e-01,0.000000000000000000e+00,1.928570133894353376e+02
