s_m,curvature_1pm,speed_limit_mps,velocity_mps,time_s
0.000000000000000000e+00,0.000000000000000000e+00,1.100000000000000089e+00,0.000000000000000000e+00,0.000000000000000000e+00
4.999999999999971134e-02,6.609296443471881407e-13,1.100000000000000089e+00,3.162277660168369975e-01,3.162277660168370530e-01
9.999999999999875655e-02,5.238864897449736292e-13,1.100000000000000089e+00,4.472135954999551521e-01,4.472135954999552077e-01
1.500000000000011047e-01,1.184816134092085938e-12,1.100000000000000089e+00,5.477225575051681838e-01,5.477225575051681838e-01
2.000000000000008160e-01,3.295974604356023346e-13,1.100000000000000089e+00,6.324555320336772146e-01,6.324555320336772146e-01
2.500000000000002220e-01,3.295974604356088475e-13,1.100000000000000089e+00,7.071067811865477948e-01,7.071067811865479058e-01
2.999999999999992673e-01,6.591949208712112326e-13,1.100000000000000089e+00,7.745966692414824051e-01,7.745966692414825161e-01
3.499999999999989786e-01,8.534839501805277991e-13,1.100000000000000089e+00,8.366600265340743414e-01,8.366600265340744524e-01
4.000000000000016875e-01,8.552186736565045052e-13,1.100000000000000089e+00,8.944271909999177428e-01,8.944271909999178538e-01
4.500000000000013989e-01,6.609296443471881407e-13,1.100000000000000089e+00,9.486832980505153223e-01,9.486832980505153223e-01
5.000000000000004441e-01,0.000000000000000000e+00,1.100000000000000089e+00,1.000000000000000444e+00,1.000000000000000444e+00
5.499999999999994893e-01,6.591949208712112326e-13,1.100000000000000089e+00,1.048808848170150965e+00,1.048808848170151187e+00
5.999999999999992006e-01,3.295974604356023346e-13,1.100000000000000089e+00,1.095445115010331483e+00,1.095445115010331705e+00
6.499999999999985789e-01,8.534839501805446618e-13,1.100000000000000089e+00,1.100000000000000089e+00,1.140993964907008884e+00
7.000000000000009548e-01,1.184816134092085938e-12,1.100000000000000089e+00,1.100000000000000089e+00,1.186448510361556519e+00
7.500000000000006661e-01,3.295974604356023346e-13,1.100000000000000089e+00,1.100000000000000089e+00,1.231903055816101711e+00
8.000000000000000444e-01,3.313321839115791922e-13,1.100000000000000089e+00,1.100000000000000089e+00,1.277357601270646681e+00
8.499999999999997558e-01,6.609296443471881407e-13,1.100000000000000089e+00,1.100000000000000089e+00,1.322812146725191873e+00
8.999999999999988010e-01,5.238864897449736292e-13,1.100000000000000089e+00,1.100000000000000089e+00,1.368266692179736399e+00
9.500000000000011768e-01,1.184816134092085938e-12,1.100000000000000089e+00,1.100000000000000089e+00,1.413721237634284034e+00
1.000000000000000888e+00,3.295974604356023346e-13,1.100000000000000089e+00,1.100000000000000089e+00,1.459175783088829226e+00
1.050000000000000266e+00,3.295974604356088475e-13,1.100000000000000089e+00,1.100000000000000089e+00,1.504630328543374196e+00
1.099999999999999423e+00,6.591949208712112326e-13,1.100000000000000089e+00,1.100000000000000089e+00,1.550084873997918722e+00
1.149999999999999023e+00,3.295974604356023346e-13,1.100000000000000089e+00,1.100000000000000089e+00,1.595539419452463914e+00
1.199999999999998401e+00,1.925543058334118045e-13,1.100000000000000089e+00,1.100000000000000089e+00,1.640993964907008884e+00
1.250000000000001332e+00,1.353084311261825977e-13,1.100000000000000089e+00,1.100000000000000089e+00,1.686448510361556963e+00
1.300000000000000488e+00,0.000000000000000000e+00,1.100000000000000089e+00,1.100000000000000089e+00,1.731903055816101489e+00
1.349999999999999645e+00,6.591949208712112326e-13,1.100000000000000089e+00,1.100000000000000089e+00,1.777357601270646015e+00
1.399999999999999467e+00,3.295974604356023346e-13,1.100000000000000089e+00,1.100000000000000089e+00,1.822812146725191207e+00
1.449999999999998845e+00,8.534839501805446618e-13,1.100000000000000089e+00,1.100000000000000089e+00,1.868266692179736177e+00
1.500000000000001110e+00,1.184816134092085938e-12,1.100000000000000089e+00,1.100000000000000089e+00,1.913721237634283812e+00
1.550000000000000711e+00,3.295974604356023346e-13,1.100000000000000089e+00,1.100000000000000089e+00,1.959175783088829004e+00
1.600000000000000089e+00,3.313321839115791922e-13,1.100000000000000089e+00,1.100000000000000089e+00,2.004630328543373974e+00
1.649999999999999911e+00,6.609296443471881407e-13,1.100000000000000089e+00,1.100000000000000089e+00,2.050084873997918944e+00
1.699999999999999067e+00,0.000000000000000000e+00,1.100000000000000089e+00,1.100000000000000089e+00,2.095539419452463470e+00
1.749999999999998224e+00,1.353084311261825977e-13,1.100000000000000089e+00,1.100000000000000089e+00,2.140993964907007996e+00
1.800000000000001155e+00,1.942890293093884854e-13,1.100000000000000089e+00,1.100000000000000089e+00,2.186448510361556075e+00
1.850000000000000533e+00,3.295974604356088475e-13,1.100000000000000089e+00,1.100000000000000089e+00,2.231903055816101045e+00
1.899999999999999689e+00,6.591949208712112326e-13,1.100000000000000089e+00,1.100000000000000089e+00,2.277357601270645571e+00
1.949999999999999289e+00,3.295974604356023346e-13,1.100000000000000089e+00,1.100000000000000089e+00,2.322812146725190541e+00
1.999999999999998668e+00,1.925543058334118045e-13,1.100000000000000089e+00,1.100000000000000089e+00,2.368266692179735511e+00
2.050000000000001599e+00,1.353084311261825977e-13,1.100000000000000089e+00,1.100000000000000089e+00,2.413721237634283590e+00
2.100000000000000533e+00,0.000000000000000000e+00,1.100000000000000089e+00,1.100000000000000089e+00,2.459175783088828116e+00
2.149999999999999467e+00,6.591949208712112326e-13,1.100000000000000089e+00,1.100000000000000089e+00,2.504630328543372642e+00
2.199999999999999289e+00,3.295974604356023346e-13,1.100000000000000089e+00,1.100000000000000089e+00,2.550084873997917612e+00
2.249999999999998668e+00,8.534839501805446618e-13,1.100000000000000089e+00,1.100000000000000089e+00,2.595539419452462582e+00
2.300000000000001155e+00,1.184816134092085938e-12,1.100000000000000089e+00,1.100000000000000089e+00,2.640993964907010216e+00
2.350000000000000977e+00,3.295974604356023346e-13,1.100000000000000089e+00,1.100000000000000089e+00,2.686448510361555186e+00
2.400000000000000355e+00,3.313321839115791922e-13,1.100000000000000089e+00,1.100000000000000089e+00,2.731903055816100157e+00
2.450000000000000178e+00,6.609296443471881407e-13,1.100000000000000089e+00,1.100000000000000089e+00,2.777357601270645127e+00
2.499999999999999112e+00,5.238864897449736292e-13,1.100000000000000089e+00,1.100000000000000089e+00,2.822812146725189653e+00
2.550000000000001599e+00,2.440346741309870962e-02,1.100000000000000089e+00,1.100000000000000089e+00,2.868266692179737287e+00
2.599999974953842941e+00,5.468426214312622352e-02,1.100000000000000089e+00,1.100000000000000089e+00,2.913721214865047759e+00
2.649999871129594897e+00,7.114998034339665989e-02,1.100000000000000089e+00,1.100000000000000089e+00,2.959175665933913457e+00
2.699999777561664427e+00,7.119506950704727888e-02,1.100000000000000089e+00,1.100000000000000089e+00,3.004630126326703898e+00
2.749999708126663833e+00,7.123696524807140995e-02,1.100000000000000089e+00,1.100000000000000089e+00,3.050084608658521379e+00
2.799999676660092085e+00,7.506990209014002824e-02,1.100000000000000089e+00,1.100000000000000089e+00,3.095539125507092759e+00
2.849999676660094128e+00,7.800966251822127884e-02,1.100000000000000089e+00,1.100000000000000089e+00,3.140993670961639950e+00
2.899999658160861582e+00,7.133590887130027147e-02,1.100000000000000089e+00,1.100000000000000089e+00,3.186448199598701514e+00
2.949999597850524680e+00,7.136554598477833078e-02,1.100000000000000089e+00,1.100000000000000089e+00,3.231902690225668007e+00
2.999999509478548099e+00,7.139194997932267472e-02,1.100000000000000089e+00,1.100000000000000089e+00,3.277357155342052852e+00
3.049999406769400956e+00,7.141511448057796807e-02,1.100000000000000089e+00,1.100000000000000089e+00,3.322811607424646319e+00
3.099999303425088115e+00,7.143503388052895031e-02,1.100000000000000089e+00,1.100000000000000089e+00,3.368266058929816342e+00
3.149999213127742781e+00,7.145170338207597338e-02,1.100000000000000089e+00,1.100000000000000089e+00,3.413720522295866200e+00
3.199999149542170684e+00,7.146511898288146480e-02,1.100000000000000089e+00,1.100000000000000089e+00,3.459175009945345991e+00
3.249999126318449338e+00,7.709974217754987647e-02,1.100000000000000089e+00,1.100000000000000089e+00,3.504629534287417858e+00
3.299999126318450049e+00,7.630024523125678027e-02,1.100000000000000089e+00,1.100000000000000089e+00,3.550084079741964160e+00
3.349999099496697497e+00,7.148503826397697991e-02,1.100000000000000089e+00,1.100000000000000089e+00,3.595538600813098284e+00
3.399999033360639356e+00,7.148603490631406931e-02,1.100000000000000089e+00,1.100000000000000089e+00,3.640993086143954560e+00
3.449998941543631403e+00,7.148376960560613724e-02,1.100000000000000089e+00,1.100000000000000089e+00,3.686447548128492624e+00
3.499998837680398545e+00,7.147824289119349139e-02,1.100000000000000089e+00,1.100000000000000089e+00,3.731901999161917338e+00
3.549998735409649164e+00,7.146945609531592247e-02,1.100000000000000089e+00,1.100000000000000089e+00,3.777356451643054225e+00
3.599998648376645072e+00,7.145741134867618360e-02,1.100000000000000089e+00,1.100000000000000089e+00,3.822810917976686707e+00
3.649998590235790541e+00,7.144211158620226987e-02,1.100000000000000089e+00,1.100000000000000089e+00,3.868265410575909780e+00
3.699998574653223127e+00,7.871899350973186882e-02,1.100000000000000089e+00,1.100000000000000089e+00,3.913719941864484575e+00
3.749998574653222505e+00,7.457433417848879920e-02,1.100000000000000089e+00,1.100000000000000089e+00,3.959174487319029545e+00
3.799998540649964340e+00,7.138267705132428365e-02,1.100000000000000089e+00,1.100000000000000089e+00,4.004629001861522042e+00
3.849998469499723353e+00,7.135501177921753369e-02,1.100000000000000089e+00,1.100000000000000089e+00,4.050083482634030396e+00
3.899998374920536026e+00,7.132411543307981550e-02,1.100000000000000089e+00,1.100000000000000089e+00,4.095537942107496221e+00
3.949998270658278354e+00,7.128999543934663730e-02,1.100000000000000089e+00,1.100000000000000089e+00,4.140992392778171549e+00
3.999998170489214022e+00,7.125266000060695437e-02,1.100000000000000089e+00,1.100000000000000089e+00,4.186446847169931651e+00
4.049998088222531045e+00,7.121211809568840645e-02,1.100000000000000089e+00,1.100000000000000089e+00,4.231901317836583409e+00
4.099998037702871301e+00,7.116837947575350987e-02,1.100000000000000089e+00,1.100000000000000089e+00,4.277355817364165702e+00
4.149998032812834303e+00,8.070856216750607603e-02,1.100000000000000089e+00,1.100000000000000089e+00,4.322810358373223139e+00
4.199998032812833237e+00,3.603070314777388761e-02,1.100000000000000089e+00,1.100000000000000089e+00,4.368264903827768109e+00
4.249998022016815646e+00,4.794140475426344680e-03,1.100000000000000089e+00,1.100000000000000089e+00,4.413719439467752359e+00
4.299998022016817245e+00,1.301042606982557661e-12,1.100000000000000089e+00,1.100000000000000089e+00,4.459173984922299105e+00
4.349998022016817067e+00,0.000000000000000000e+00,1.100000000000000089e+00,1.100000000000000089e+00,4.504628530376844076e+00
4.399998022016816890e+00,1.301042606982557661e-12,1.100000000000000089e+00,1.100000000000000089e+00,4.550083075831389046e+00
4.449998022016818489e+00,1.301042606982557661e-12,1.100000000000000089e+00,1.100000000000000089e+00,4.595537621285935792e+00
4.499998022016818311e+00,6.245004513516861979e-13,1.100000000000000089e+00,1.100000000000000089e+00,4.640992166740480762e+00
4.549998022016817245e+00,6.245004513516861979e-13,1.100000000000000089e+00,1.100000000000000089e+00,4.686446712195024844e+00
4.599998022016817067e+00,6.765421556309126606e-13,1.100000000000000089e+00,1.100000000000000089e+00,4.731901257649569814e+00
4.649998022016819554e+00,5.204170427930230694e-14,1.100000000000000089e+00,1.100000000000000089e+00,4.777355803104117449e+00
4.699998022016818489e+00,6.245004513516861979e-13,1.100000000000000089e+00,1.100000000000000089e+00,4.822810348558661531e+00
4.749998022016818311e+00,6.765421556309126606e-13,1.100000000000000089e+00,1.100000000000000089e+00,4.868264894013206501e+00
4.799998022016820798e+00,5.204170427930230694e-14,1.100000000000000089e+00,1.100000000000000089e+00,4.913719439467754135e+00
4.849998022016819732e+00,6.245004513516861979e-13,1.100000000000000089e+00,1.100000000000000089e+00,4.959173984922298217e+00
4.899998022016819554e+00,0.000000000000000000e+00,1.100000000000000089e+00,1.100000000000000089e+00,5.004628530376843187e+00
4.949998022016819377e+00,6.245004513516861979e-13,1.100000000000000089e+00,1.100000000000000089e+00,5.050083075831388157e+00
4.999998022016818311e+00,5.204170427930230694e-14,1.100000000000000089e+00,1.100000000000000089e+00,5.095537621285932239e+00
5.049998022016820798e+00,6.765421556309126606e-13,1.100000000000000089e+00,1.100000000000000089e+00,5.140992166740479874e+00
5.099998022016820620e+00,6.245004513516861979e-13,1.100000000000000089e+00,1.100000000000000089e+00,5.186446712195024844e+00
5.149998022016819554e+00,5.204170427930230694e-14,1.100000000000000089e+00,1.100000000000000089e+00,5.231901257649568926e+00
5.199998022016822041e+00,5.204170427930230694e-14,1.100000000000000089e+00,1.100000000000000089e+00,5.277355803104116561e+00
5.249998022016820975e+00,6.245004513516861979e-13,1.100000000000000089e+00,1.100000000000000089e+00,5.322810348558660642e+00
5.299998022016820798e+00,0.000000000000000000e+00,1.100000000000000089e+00,1.100000000000000089e+00,5.368264894013205613e+00
5.349998022016820620e+00,1.301042606982557661e-12,1.100000000000000089e+00,1.100000000000000089e+00,5.413719439467750583e+00
5.399998022016822219e+00,1.301042606982557661e-12,1.100000000000000089e+00,1.100000000000000089e+00,5.459173984922297329e+00
5.449998022016822041e+00,6.245004513516861979e-13,1.100000000000000089e+00,1.100000000000000089e+00,5.504628530376842299e+00
5.499998022016820975e+00,5.204170427930230694e-14,1.100000000000000089e+00,1.100000000000000089e+00,5.550083075831386381e+00
5.549998022016823462e+00,6.765421556309126606e-13,1.100000000000000089e+00,1.100000000000000089e+00,5.595537621285934016e+00
5.599998022016823285e+00,6.245004513516861979e-13,1.100000000000000089e+00,1.100000000000000089e+00,5.640992166740478986e+00
5.649998022016822219e+00,6.245004513516861979e-13,1.100000000000000089e+00,1.100000000000000089e+00,5.686446712195023068e+00
5.699998022016822041e+00,0.000000000000000000e+00,1.100000000000000089e+00,1.058475196346701397e+00,5.732775713412759266e+00
5.749998022016821864e+00,1.301042606982557661e-12,1.100000000000000089e+00,1.010133526461323372e+00,5.781117383298137291e+00
5.799998022016823462e+00,1.301042606982557661e-12,1.100000000000000089e+00,9.593590262676354730e-01,5.831891883491825190e+00
5.849998022016823285e+00,0.000000000000000000e+00,1.100000000000000089e+00,9.057426462749706975e-01,5.885508263484489966e+00
5.899998022016823107e+00,1.301042606982557661e-12,1.100000000000000089e+00,8.487459815994345957e-01,5.942504928160025734e+00
5.949998022016824706e+00,1.301042606982557661e-12,1.100000000000000089e+00,7.876355383558973910e-01,6.003615371403562939e+00
5.999998022016824528e+00,2.997878588153652379e-01,1.100000000000000089e+00,7.213665789882321988e-01,6.069884330771228242e+00
6.049987782080653353e+00,2.378742296279052315e+00,6.483750621002686287e-01,6.483750621002686287e-01,6.142875847659191813e+00
6.099945455603094757e+00,2.887739959718070182e+00,5.884654352427581836e-01,5.884654352427581836e-01,6.223658573693406026e+00
6.149901301247338026e+00,2.842868689283283956e+00,5.930913633558351217e-01,5.930913633558351217e-01,6.308217937582631052e+00
6.199860138373533225e+00,1.510159562153988944e+00,8.137454655429060546e-01,6.720677343390866199e-01,6.387194308565882217e+00
6.249860047939916008e+00,9.319742329567408737e-03,1.100000000000000089e+00,7.427481798513130284e-01,6.457874754078108737e+00
6.299860047939916718e+00,4.458510524905729966e-01,1.100000000000000089e+00,6.782959524903000581e-01,6.528245545332297617e+00
6.349841826533663358e+00,2.776837957146816027e+00,6.001015263913516140e-01,6.001015263913516140e-01,6.606439971431246505e+00
6.399787019551612666e+00,3.250502178042010915e+00,5.546573460742673101e-01,5.546573460742673101e-01,6.692943213292133819e+00
6.449731036892476510e+00,3.179924691016462024e+00,5.607787943327718905e-01,5.607787943327718905e-01,6.782493866228014312e+00
6.499682635234637296e+00,1.413026278042294859e+00,8.412496194086247492e-01,6.437204772707164624e-01,6.865435549165958662e+00
6.549682635234638006e+00,0.000000000000000000e+00,1.100000000000000089e+00,7.172001483948813316e-01,6.938915220290123642e+00
6.599682635234638717e+00,6.036837696399325039e-13,1.100000000000000089e+00,7.838214419481266404e-01,7.005536513843368951e+00
6.649682635234638539e+00,6.071532165918861181e-13,1.100000000000000089e+00,8.452076980586720190e-01,7.066922769953914774e+00
6.699682635234639250e+00,7.459310946700783455e-13,1.100000000000000089e+00,9.024278657364476208e-01,7.124142937631690486e+00
6.749682635234636408e+00,2.099015405931949105e-12,1.100000000000000089e+00,9.562301254706602194e-01,7.177945197365903418e+00
6.799682635234638894e+00,1.349614864309841819e-12,1.100000000000000089e+00,1.007162376609471721e+00,7.228877448504714920e+00
6.849682635234639605e+00,0.000000000000000000e+00,1.100000000000000089e+00,1.055640115218079433e+00,7.277355187113323076e+00
6.899682635234640316e+00,1.422473250301119395e-13,1.100000000000000089e+00,1.100000000000000089e+00,7.323745119873450449e+00
6.949682635234636585e+00,1.422473250301119395e-13,1.100000000000000089e+00,1.100000000000000089e+00,7.369199665327992754e+00
6.999682635234637296e+00,7.459310946699430401e-13,1.100000000000000089e+00,1.100000000000000089e+00,7.414654210782538613e+00
7.049682635234640671e+00,1.491862189340020982e-12,1.100000000000000089e+00,1.100000000000000089e+00,7.460108756237087135e+00
7.099682635234637829e+00,1.353084311262040396e-12,1.100000000000000089e+00,1.100000000000000089e+00,7.505563301691630329e+00
7.149682635234637651e+00,6.071532165918861181e-13,1.100000000000000089e+00,1.100000000000000089e+00,7.551017847146175299e+00
7.199682635234638362e+00,6.036837696399325039e-13,1.100000000000000089e+00,1.100000000000000089e+00,7.596472392600721157e+00
7.249682635234638184e+00,6.071532165918861181e-13,1.100000000000000089e+00,1.100000000000000089e+00,7.641926938055266127e+00
7.299682635234638894e+00,0.000000000000000000e+00,1.100000000000000089e+00,1.100000000000000089e+00,7.687381483509811986e+00
7.349682635234639605e+00,0.000000000000000000e+00,1.100000000000000089e+00,1.100000000000000089e+00,7.732836028964357844e+00
7.399682635234640316e+00,6.036837696399325039e-13,1.100000000000000089e+00,1.100000000000000089e+00,7.778290574418903702e+00
7.449682635234640138e+00,6.071532165918861181e-13,1.100000000000000089e+00,1.100000000000000089e+00,7.823745119873448672e+00
7.499682635234640848e+00,0.000000000000000000e+00,1.100000000000000089e+00,1.100000000000000089e+00,7.869199665327994531e+00
7.549682635234641559e+00,6.036837696399325039e-13,1.100000000000000089e+00,1.100000000000000089e+00,7.914654210782540389e+00
7.599682635234641381e+00,6.071532165918861181e-13,1.100000000000000089e+00,1.100000000000000089e+00,7.960108756237085359e+00
7.649682635234642092e+00,0.000000000000000000e+00,1.100000000000000089e+00,1.100000000000000089e+00,8.005563301691630329e+00
7.699682635234642802e+00,6.036837696399325039e-13,1.100000000000000089e+00,1.100000000000000089e+00,8.051017847146175299e+00
7.749682635234642625e+00,6.071532165918861181e-13,1.100000000000000089e+00,1.100000000000000089e+00,8.096472392600720269e+00
7.799682635234643335e+00,0.000000000000000000e+00,1.100000000000000089e+00,1.100000000000000089e+00,8.141926938055265239e+00
7.849682635234644046e+00,6.036837696399325039e-13,1.100000000000000089e+00,1.100000000000000089e+00,8.187381483509810209e+00
7.899682635234643868e+00,6.071532165918861181e-13,1.100000000000000089e+00,1.100000000000000089e+00,8.232836028964355179e+00
7.949682635234644579e+00,0.000000000000000000e+00,1.100000000000000089e+00,1.100000000000000089e+00,8.278290574418900150e+00
7.999682635234645289e+00,0.000000000000000000e+00,1.100000000000000089e+00,1.100000000000000089e+00,8.323745119873445120e+00
8.049682635234646000e+00,6.036837696399325039e-13,1.100000000000000089e+00,1.100000000000000089e+00,8.369199665327990090e+00
8.099682635234644934e+00,6.071532165918861181e-13,1.100000000000000089e+00,1.100000000000000089e+00,8.414654210782535060e+00
8.149682635234645645e+00,0.000000000000000000e+00,1.100000000000000089e+00,1.100000000000000089e+00,8.460108756237080030e+00
8.199682635234646355e+00,6.036837696399325039e-13,1.100000000000000089e+00,1.100000000000000089e+00,8.505563301691625000e+00
8.249682635234645289e+00,6.071532165918861181e-13,1.100000000000000089e+00,1.100000000000000089e+00,8.551017847146169970e+00
8.299682635234646000e+00,6.036837696399325039e-13,1.100000000000000089e+00,1.100000000000000089e+00,8.596472392600714940e+00
8.349682635234644934e+00,6.071532165918861181e-13,1.100000000000000089e+00,1.100000000000000089e+00,8.641926938055259910e+00
8.399682635234645645e+00,0.000000000000000000e+00,1.100000000000000089e+00,1.100000000000000089e+00,8.687381483509804880e+00
8.449682635234646355e+00,1.422473250301119395e-13,1.100000000000000089e+00,1.100000000000000089e+00,8.732836028964349850e+00
8.499682635234643513e+00,8.881784197001305840e-13,1.100000000000000089e+00,1.100000000000000089e+00,8.778290574418891268e+00
8.549682635234647776e+00,0.000000000000000000e+00,1.100000000000000089e+00,1.100000000000000089e+00,8.823745119873439791e+00
8.599682635234652039e+00,1.491862189340020982e-12,1.100000000000000089e+00,1.100000000000000089e+00,8.869199665327988313e+00
8.649682635234649197e+00,7.494005416220321616e-13,1.100000000000000089e+00,1.100000000000000089e+00,8.914654210782531507e+00
8.699682635234649908e+00,1.422473250301119395e-13,1.100000000000000089e+00,1.100000000000000089e+00,8.960108756237076477e+00
8.749682635234647066e+00,8.881784197001305840e-13,1.100000000000000089e+00,1.100000000000000089e+00,9.005563301691617895e+00
8.799682635234651329e+00,1.422473250300861406e-13,1.100000000000000089e+00,1.100000000000000089e+00,9.051017847146166417e+00
8.849682635234650263e+00,1.353084311262040396e-12,1.100000000000000089e+00,1.100000000000000089e+00,9.096472392600711387e+00
8.899682635234647421e+00,1.495331636291974596e-12,1.100000000000000089e+00,1.100000000000000089e+00,9.141926938055254581e+00
8.949682635234651684e+00,8.881784197001305840e-13,1.100000000000000089e+00,1.100000000000000089e+00,9.187381483509803104e+00
8.999682635234648842e+00,8.881784197001305840e-13,1.100000000000000089e+00,1.100000000000000089e+00,9.232836028964344521e+00
9.049682635234653105e+00,8.881784197001305840e-13,1.100000000000000089e+00,1.100000000000000089e+00,9.278290574418893044e+00
9.099682635234650263e+00,1.422473250301119395e-13,1.100000000000000089e+00,1.100000000000000089e+00,9.323745119873434462e+00
9.149682635234650974e+00,7.459310946699430401e-13,1.100000000000000089e+00,1.100000000000000089e+00,9.369199665327979432e+00
9.199682635234655237e+00,7.459310946699430401e-13,1.100000000000000089e+00,1.100000000000000089e+00,9.414654210782527954e+00
9.249682635234655947e+00,7.459310946700783455e-13,1.100000000000000089e+00,1.100000000000000089e+00,9.460108756237072924e+00
9.299682635234653105e+00,6.036837696400419600e-13,1.100000000000000089e+00,1.100000000000000089e+00,9.505563301691616118e+00
9.349682635234650263e+00,1.107010055567101137e-01,1.100000000000000089e+00,1.100000000000000089e+00,9.551017847146157536e+00
9.399682144235345760e+00,1.388251485288289344e-01,1.100000000000000089e+00,1.100000000000000089e+00,9.596471946237699058e+00
9.449680879627512908e+00,2.981816623316853598e-01,1.100000000000000089e+00,1.100000000000000089e+00,9.641925342048759617e+00
9.499680879627504737e+00,2.838704680946890213e-01,1.100000000000000089e+00,1.100000000000000089e+00,9.687379887503297482e+00
9.549679360726758048e+00,2.188918202396525625e-01,1.100000000000000089e+00,1.100000000000000089e+00,9.732833052138982310e+00
9.599677366279548707e+00,2.394446137940868524e-01,1.100000000000000089e+00,1.100000000000000089e+00,9.778285784459701091e+00
9.649677366279545865e+00,3.579866205146002844e-01,1.100000000000000089e+00,1.100000000000000089e+00,9.823740329914244285e+00
9.699676969319742881e+00,2.272152606974559286e-01,1.100000000000000089e+00,1.100000000000000089e+00,9.869194514496241410e+00
9.749674756206824000e+00,2.296116113616245846e-01,1.100000000000000089e+00,1.100000000000000089e+00,9.914647048029952003e+00
9.799673543137402021e+00,3.204994116602243870e-01,1.100000000000000089e+00,1.100000000000000089e+00,9.960100490694113518e+00
9.849673543137397402e+00,2.947492048576683676e-01,1.100000000000000089e+00,1.100000000000000089e+00,1.000555503614865493e+01
9.899671911000593738e+00,2.360974128222667612e-01,1.100000000000000089e+00,1.100000000000000089e+00,1.005100809784246962e+01
9.949669718196750168e+00,2.378824610006822771e-01,1.100000000000000089e+00,1.100000000000000089e+00,1.009646064983897595e+01
9.999669718196749102e+00,3.871088114902792032e-01,1.100000000000000089e+00,1.100000000000000089e+00,1.014191519529352092e+01
1.004966971800970299e+01,2.409845015285846659e-01,1.100000000000000089e+00,1.100000000000000089e+00,1.018736974057802591e+01
1.009966749471050917e+01,2.421886183380721203e-01,1.100000000000000089e+00,1.100000000000000089e+00,1.023282226485148527e+01
1.014966574997081494e+01,2.952258085642071594e-01,1.100000000000000089e+00,1.100000000000000089e+00,1.027827522417903516e+01
1.019966574997081743e+01,3.386891083407364000e-01,1.100000000000000089e+00,1.100000000000000089e+00,1.032372976963358191e+01
1.024966464950214018e+01,2.447231897259734279e-01,1.100000000000000089e+00,1.100000000000000089e+00,1.036918331466205778e+01
1.029966225792933621e+01,2.451474976635034941e-01,1.100000000000000089e+00,1.100000000000000089e+00,1.041463568595950839e+01
1.034966125325109232e+01,3.449776308986039486e-01,1.100000000000000089e+00,1.100000000000000089e+00,1.046008931807019593e+01
1.039966125325109125e+01,2.920009305203581373e-01,1.100000000000000089e+00,1.100000000000000089e+00,1.050554386352474090e+01
1.044965943599349778e+01,2.451877780407624996e-01,1.100000000000000089e+00,1.100000000000000089e+00,1.055099675692692962e+01
1.049965720034816741e+01,2.456752204411228879e-01,1.100000000000000089e+00,1.100000000000000089e+00,1.059644926997662928e+01
1.054965720034816989e+01,3.897994207883229145e-01,1.100000000000000089e+00,1.100000000000000089e+00,1.064190381543117780e+01
1.059965717914275096e+01,2.433588094731514162e-01,1.100000000000000089e+00,1.100000000000000089e+00,1.068735834160806952e+01
1.064965494682807901e+01,2.423491313045773587e-01,1.100000000000000089e+00,1.100000000000000089e+00,1.073281085768564047e+01
1.069965320305644774e+01,2.935537483370383449e-01,1.100000000000000089e+00,1.100000000000000089e+00,1.077826381789324905e+01
1.074965320305644134e+01,3.347539206172410187e-01,1.100000000000000089e+00,1.100000000000000089e+00,1.082371836334778870e+01
1.079965210738301096e+01,2.381111566210982744e-01,1.100000000000000089e+00,1.100000000000000089e+00,1.086917191273557926e+01
1.084964978994879914e+01,2.363718109694180614e-01,1.100000000000000089e+00,1.100000000000000089e+00,1.091462435143174936e+01
1.089964899420158240e+01,3.466120418858417151e-01,1.100000000000000089e+00,1.100000000000000089e+00,1.096007817347973479e+01
1.094964899420157955e+01,2.689442747584044890e-01,1.100000000000000089e+00,1.100000000000000089e+00,1.100553271893427798e+01
1.099964710966264825e+01,2.299552668760103946e-01,1.100000000000000089e+00,1.100000000000000089e+00,1.105098555117161396e+01
1.104964518986421318e+01,2.606873396676218091e-01,1.100000000000000089e+00,1.100000000000000089e+00,1.109643835135485546e+01
1.109964518986421034e+01,3.426362443734242702e-01,1.100000000000000089e+00,1.100000000000000089e+00,1.114189289680939865e+01
1.114964448116317008e+01,2.221095844746800996e-01,1.100000000000000089e+00,1.100000000000000089e+00,1.118734679799027099e+01
1.119964231104605012e+01,2.193301430051163847e-01,1.100000000000000089e+00,1.100000000000000089e+00,1.123279937061107070e+01
1.124964156776681357e+01,3.338577355414000247e-01,1.100000000000000089e+00,1.100000000000000089e+00,1.127825324035721977e+01
1.129964156776681428e+01,2.486578712400050462e-01,1.100000000000000089e+00,1.100000000000000089e+00,1.132370778581176474e+01
1.134963974353736305e+01,1.637720107190670238e-01,1.100000000000000089e+00,1.100000000000000089e+00,1.136916067287589982e+01
1.139963935133956774e+01,1.352807441469559557e-01,1.100000000000000089e+00,1.100000000000000089e+00,1.141461486178699403e+01
1.144963935133956845e+01,0.000000000000000000e+00,1.100000000000000089e+00,1.100000000000000089e+00,1.146006940724154077e+01
1.149963935133956916e+01,0.000000000000000000e+00,1.100000000000000089e+00,1.100000000000000089e+00,1.150552395269608752e+01
1.154963935133956632e+01,0.000000000000000000e+00,1.100000000000000089e+00,1.100000000000000089e+00,1.155097849815063071e+01
1.159963935133956703e+01,0.000000000000000000e+00,1.100000000000000089e+00,1.100000000000000089e+00,1.159643304360517746e+01
1.164963935133956774e+01,0.000000000000000000e+00,1.100000000000000089e+00,1.100000000000000089e+00,1.164188758905972421e+01
1.169963935133956845e+01,0.000000000000000000e+00,1.100000000000000089e+00,1.100000000000000089e+00,1.168734213451427095e+01
1.174963935133956916e+01,0.000000000000000000e+00,1.100000000000000089e+00,1.100000000000000089e+00,1.173279667996881770e+01
1.179963935133956632e+01,0.000000000000000000e+00,1.100000000000000089e+00,1.100000000000000089e+00,1.177825122542336089e+01
1.184963935133956703e+01,0.000000000000000000e+00,1.100000000000000089e+00,1.100000000000000089e+00,1.182370577087790764e+01
1.189963935133956774e+01,0.000000000000000000e+00,1.100000000000000089e+00,1.100000000000000089e+00,1.186916031633245439e+01
1.194963935133956845e+01,0.000000000000000000e+00,1.100000000000000089e+00,1.100000000000000089e+00,1.191461486178700113e+01
1.199963935133956916e+01,0.000000000000000000e+00,1.100000000000000089e+00,1.100000000000000089e+00,1.196006940724154788e+01
1.204963935133956632e+01,0.000000000000000000e+00,1.100000000000000089e+00,1.100000000000000089e+00,1.200552395269609107e+01
1.209963935133956703e+01,0.000000000000000000e+00,1.100000000000000089e+00,1.100000000000000089e+00,1.205097849815063782e+01
1.214963935133956774e+01,0.000000000000000000e+00,1.100000000000000089e+00,1.100000000000000089e+00,1.209643304360518457e+01
1.219963935133956845e+01,0.000000000000000000e+00,1.100000000000000089e+00,1.100000000000000089e+00,1.214188758905973131e+01
1.224963935133956916e+01,0.000000000000000000e+00,1.100000000000000089e+00,1.100000000000000089e+00,1.218734213451427806e+01
1.229963935133956632e+01,0.000000000000000000e+00,1.100000000000000089e+00,1.100000000000000089e+00,1.223279667996882125e+01
1.234963935133956703e+01,0.000000000000000000e+00,1.100000000000000089e+00,1.100000000000000089e+00,1.227825122542336800e+01
1.239963935133956774e+01,0.000000000000000000e+00,1.100000000000000089e+00,1.100000000000000089e+00,1.232370577087791474e+01
1.244963935133956845e+01,0.000000000000000000e+00,1.100000000000000089e+00,1.100000000000000089e+00,1.236916031633246149e+01
1.249963935133956916e+01,0.000000000000000000e+00,1.100000000000000089e+00,1.100000000000000089e+00,1.241461486178700824e+01
1.254963935133956632e+01,0.000000000000000000e+00,1.100000000000000089e+00,1.100000000000000089e+00,1.246006940724155143e+01
1.259963935133956703e+01,0.000000000000000000e+00,1.100000000000000089e+00,1.100000000000000089e+00,1.250552395269609818e+01
1.264963935133956774e+01,0.000000000000000000e+00,1.100000000000000089e+00,1.100000000000000089e+00,1.255097849815064492e+01
1.269963935133956845e+01,0.000000000000000000e+00,1.100000000000000089e+00,1.100000000000000089e+00,1.259643304360519167e+01
1.274963935133956916e+01,0.000000000000000000e+00,1.100000000000000089e+00,1.100000000000000089e+00,1.264188758905973842e+01
1.279963935133956632e+01,0.000000000000000000e+00,1.100000000000000089e+00,1.100000000000000089e+00,1.268734213451428161e+01
1.284963935133956703e+01,0.000000000000000000e+00,1.100000000000000089e+00,1.100000000000000089e+00,1.273279667996882836e+01
1.289963935133956774e+01,0.000000000000000000e+00,1.100000000000000089e+00,1.100000000000000089e+00,1.277825122542337510e+01
1.294963935133956845e+01,0.000000000000000000e+00,1.100000000000000089e+00,1.100000000000000089e+00,1.282370577087792185e+01
1.299963935133956916e+01,0.000000000000000000e+00,1.100000000000000089e+00,1.100000000000000089e+00,1.286916031633246860e+01
1.304963935133956632e+01,0.000000000000000000e+00,1.100000000000000089e+00,1.100000000000000089e+00,1.291461486178701179e+01
1.309963935133956703e+01,0.000000000000000000e+00,1.100000000000000089e+00,1.100000000000000089e+00,1.296006940724155854e+01
1.314963935133956774e+01,0.000000000000000000e+00,1.100000000000000089e+00,1.100000000000000089e+00,1.300552395269610528e+01
1.319963935133956845e+01,0.000000000000000000e+00,1.100000000000000089e+00,1.100000000000000089e+00,1.305097849815065203e+01
1.324963935133956916e+01,0.000000000000000000e+00,1.100000000000000089e+00,1.100000000000000089e+00,1.309643304360519878e+01
1.329963935133956632e+01,0.000000000000000000e+00,1.100000000000000089e+00,1.100000000000000089e+00,1.314188758905974197e+01
1.334963935133956703e+01,0.000000000000000000e+00,1.100000000000000089e+00,1.081003658486814567e+00,1.318773803942963418e+01
1.339963935133956774e+01,0.000000000000000000e+00,1.100000000000000089e+00,1.033716068203390126e+00,1.323502562971305885e+01
1.344963935133956845e+01,0.000000000000000000e+00,1.100000000000000089e+00,9.841589859681588726e-01,1.328458271194829088e+01
1.349963935133956916e+01,0.000000000000000000e+00,1.100000000000000089e+00,9.319704446289449606e-01,1.333677125328750535e+01
1.354963935133956632e+01,0.000000000000000000e+00,1.100000000000000089e+00,8.766806201016873468e-01,1.339206107781476263e+01
1.359963935133956703e+01,0.000000000000000000e+00,1.100000000000000089e+00,8.176606323297445078e-01,1.345108106558670613e+01
1.364963935133956774e+01,3.310708985741729338e-01,1.100000000000000089e+00,7.540350851663840670e-01,1.351470661275006613e+01
1.369962945655278119e+01,2.134067683731176945e+00,6.845353893228962594e-01,6.845353893228962594e-01,1.358420630859355427e+01
1.374959767145118050e+01,2.537050612845372033e+00,6.278204160271267931e-01,6.278204160271267931e-01,1.366035671642456428e+01
1.379956166877241230e+01,2.595945847017483210e+00,6.206577543188469548e-01,6.206577543188469548e-01,1.374039655774175195e+01
1.384952516743962825e+01,2.527667747326774794e+00,6.289845915694768363e-01,6.289845915694768363e-01,1.382036103530865034e+01
1.389949189385262684e+01,2.026466246611486444e+00,7.024740938945508439e-01,7.024740938945508439e-01,1.389541665206717447e+01
1.394948437908731798e+01,2.527652576180177690e-01,1.100000000000000089e+00,7.703601904708953230e-01,1.396330274864351928e+01
1.399948437908731336e+01,2.480654570646929869e-12,1.100000000000000089e+00,8.149802577709734930e-01,1.402638068254149672e+01
1.404948437908731762e+01,1.651456749129840786e-12,1.100000000000000089e+00,7.511276992339152025e-01,1.409023324107855579e+01
1.409948437908731478e+01,2.750440468914804315e-01,1.100000000000000089e+00,6.813169750978167460e-01,1.416004396521465480e+01
1.414947389030565006e+01,2.745640075039544215e+00,6.035012826165069288e-01,6.035012826165069288e-01,1.423785965769596373e+01
1.419941122290800273e+01,3.548252850224562494e+00,5.308755450030199219e-01,5.308755450030199219e-01,1.432590329784532202e+01
1.424934361894241519e+01,3.517557147311460852e+00,5.331868367635737016e-01,5.331868367635737016e-01,1.441975568261154628e+01
1.429928340004681608e+01,2.384756835624056492e+00,6.475569201434457911e-01,6.198126855000216651e-01,1.450638153134799424e+01
1.434928074968015999e+01,1.045785777763049984e-01,1.100000000000000089e+00,6.958178384990114651e-01,1.458238668434698404e+01
1.439928074968015892e+01,1.619653239120333668e-02,1.100000000000000089e+00,7.643052167645022488e-01,1.465087406261247516e+01
1.444928066568446212e+01,4.531390906964839482e-01,1.100000000000000089e+00,8.271410377813679382e-01,1.471370988362934007e+01
1.449927833407944355e+01,6.599612700227792672e-01,1.100000000000000089e+00,8.855267546336487161e-01,1.477209560048162018e+01
1.454927603817035475e+01,6.627386322420695253e-01,1.100000000000000089e+00,9.402941249172107607e-01,1.482686297076518223e+01
1.459927373415410479e+01,5.980605694360846547e-01,1.100000000000000089e+00,9.920425562047850976e-01,1.487861140205275667e+01
1.464927272566334793e+01,1.109416102251900155e-01,1.100000000000000089e+00,1.041223518914075719e+00,1.492779236476204652e+01
1.469927272566335041e+01,2.775557561562907507e-13,1.100000000000000089e+00,1.088184918265187928e+00,1.497475376411315828e+01
1.474927272566334935e+01,1.671406069103698266e-12,1.100000000000000089e+00,1.100000000000000089e+00,1.502045374091369112e+01
1.479927272566335006e+01,1.393850312947313609e-12,1.100000000000000089e+00,1.100000000000000089e+00,1.506590828636823787e+01
1.484927272566335077e+01,4.459106694998501382e-12,1.100000000000000089e+00,1.100000000000000089e+00,1.511136283182278284e+01
1.489927272566334970e+01,4.459106694998501382e-12,1.100000000000000089e+00,1.100000000000000089e+00,1.515681737727732781e+01
1.494927272566335041e+01,5.713311768129349209e-12,1.100000000000000089e+00,1.100000000000000089e+00,1.520227192273187278e+01
1.499927272566335112e+01,5.574533890051503525e-12,1.100000000000000089e+00,1.100000000000000089e+00,1.524772646818641952e+01
1.504927272566335006e+01,1.255072434869240128e-12,1.100000000000000089e+00,1.100000000000000089e+00,1.529318101364096449e+01
1.509927272566335077e+01,1.532628191025469890e-12,1.100000000000000089e+00,1.100000000000000089e+00,1.533863555909551124e+01
1.514927272566335148e+01,1.532628191025469890e-12,1.100000000000000089e+00,1.100000000000000089e+00,1.538409010455005621e+01
1.519927272566335219e+01,1.671406069103698266e-12,1.100000000000000089e+00,1.100000000000000089e+00,1.542954465000460296e+01
1.524927272566335112e+01,2.775557561562907507e-13,1.100000000000000089e+00,1.100000000000000089e+00,1.547499919545914615e+01
1.529927272566335361e+01,2.648055386078583509e-12,1.100000000000000089e+00,1.100000000000000089e+00,1.552045374091369290e+01
1.534927272566335255e+01,1.393850312947460022e-12,1.100000000000000089e+00,1.100000000000000089e+00,1.556590828636823787e+01
1.539927272566335148e+01,1.254205073131199419e-12,1.100000000000000089e+00,1.100000000000000089e+00,1.561136283182278284e+01
1.544927272566335397e+01,1.254205073131199419e-12,1.100000000000000089e+00,1.100000000000000089e+00,1.565681737727732958e+01
1.549927272566335290e+01,1.392982951209413457e-12,1.100000000000000089e+00,1.100000000000000089e+00,1.570227192273187455e+01
1.554927272566335361e+01,0.000000000000000000e+00,1.100000000000000089e+00,1.100000000000000089e+00,1.574772646818641952e+01
1.559927272566335432e+01,1.393850312947401861e-12,1.100000000000000089e+00,1.100000000000000089e+00,1.579318101364096449e+01
1.564927272566335326e+01,1.532628191025533706e-12,1.100000000000000089e+00,1.100000000000000089e+00,1.583863555909550946e+01
1.569927272566335397e+01,2.926478503972859432e-12,1.100000000000000089e+00,1.100000000000000089e+00,1.588409010455005443e+01
1.574927272566335468e+01,1.671406069103523581e-12,1.100000000000000089e+00,1.100000000000000089e+00,1.592954465000459940e+01
1.579927272566335716e+01,1.671406069103523581e-12,1.100000000000000089e+00,1.100000000000000089e+00,1.597499919545914793e+01
1.584927272566335787e+01,2.775557561563197808e-13,1.100000000000000089e+00,1.100000000000000089e+00,1.602045374091369467e+01
1.589927272566335503e+01,1.948961825259995277e-12,1.100000000000000089e+00,1.100000000000000089e+00,1.606590828636823787e+01
1.594927272566335752e+01,1.116294556791034976e-12,1.100000000000000089e+00,1.100000000000000089e+00,1.611136283182278461e+01
1.599927272566335645e+01,4.041905699025857132e-12,1.100000000000000089e+00,1.100000000000000089e+00,1.615681737727732781e+01
1.604927272566335716e+01,4.041905699025857132e-12,1.100000000000000089e+00,1.100000000000000089e+00,1.620227192273187455e+01
1.609927272566335432e+01,5.296978133894657820e-12,1.100000000000000089e+00,1.100000000000000089e+00,1.624772646818641775e+01
1.614927272566335859e+01,4.879777137923041892e-12,1.100000000000000089e+00,1.100000000000000089e+00,1.629318101364096805e+01
1.619927272566335219e+01,8.378714388969426236e-13,1.100000000000000089e+00,1.100000000000000089e+00,1.633863555909550769e+01
1.624927272566335290e+01,1.393850312947255650e-12,1.100000000000000089e+00,1.100000000000000089e+00,1.638409010455005443e+01
1.629927272566335361e+01,1.392982951209267247e-12,1.100000000000000089e+00,1.100000000000000089e+00,1.642954465000460118e+01
1.634927272566335432e+01,1.393850312947255650e-12,1.100000000000000089e+00,1.100000000000000089e+00,1.647499919545914793e+01
1.639927272566335503e+01,4.163336342344578860e-13,1.100000000000000089e+00,1.100000000000000089e+00,1.652045374091369467e+01
1.644927272566335219e+01,3.065256382051483829e-12,1.100000000000000089e+00,1.100000000000000089e+00,1.656590828636823787e+01
1.649927272566334935e+01,1.255072434869240128e-12,1.100000000000000089e+00,1.100000000000000089e+00,1.661136283182278106e+01
1.654927272566335006e+01,1.393850312947255650e-12,1.100000000000000089e+00,1.100000000000000089e+00,1.665681737727732781e+01
1.659927272566335077e+01,1.392982951209267247e-12,1.100000000000000089e+00,1.100000000000000089e+00,1.670227192273187455e+01
1.664927272566335148e+01,1.811051308919929586e-12,1.100000000000000089e+00,1.100000000000000089e+00,1.674772646818642130e+01
1.669927272566334864e+01,2.775557561563197808e-13,1.100000000000000089e+00,1.100000000000000089e+00,1.679318101364096449e+01
1.674927272566334935e+01,1.671406069103523581e-12,1.100000000000000089e+00,1.100000000000000089e+00,1.683863555909551124e+01
1.679927272566335361e+01,1.116294556791034976e-12,1.100000000000000089e+00,1.100000000000000089e+00,1.688409010455005799e+01
1.684927272566335077e+01,2.648922747816571912e-12,1.100000000000000089e+00,1.100000000000000089e+00,1.692954465000460118e+01
1.689927272566335148e+01,9.766493169750195384e-13,1.100000000000000089e+00,1.100000000000000089e+00,1.697499919545914793e+01
1.694927272566334864e+01,8.378714388968203438e-13,1.100000000000000089e+00,1.100000000000000089e+00,1.702045374091369112e+01
1.699927272566335290e+01,2.784231178942500737e-13,1.100000000000000089e+00,1.100000000000000089e+00,1.706590828636824142e+01
1.704927272566335361e+01,1.393850312947401861e-12,1.100000000000000089e+00,1.100000000000000089e+00,1.711136283182278817e+01
1.709927272566335432e+01,1.671406069103593051e-12,1.100000000000000089e+00,1.100000000000000089e+00,1.715681737727733136e+01
1.714927272566335503e+01,4.875440329233200849e-12,1.100000000000000089e+00,1.100000000000000089e+00,1.720227192273187811e+01
1.719927272566334864e+01,4.875440329233200849e-12,1.100000000000000089e+00,1.100000000000000089e+00,1.724772646818641775e+01
1.724927272566334935e+01,3.065256382050843249e-12,1.100000000000000089e+00,1.100000000000000089e+00,1.729318101364096449e+01
1.729927272566335006e+01,2.775557561562617206e-13,1.100000000000000089e+00,1.100000000000000089e+00,1.733863555909551124e+01
1.734927272566335432e+01,1.115427195053000124e-12,1.100000000000000089e+00,1.100000000000000089e+00,1.738409010455006154e+01
1.739927272566335503e+01,1.254205073131382789e-12,1.100000000000000089e+00,1.100000000000000089e+00,1.742954465000460473e+01
1.744927272566335219e+01,3.764349942869575267e-12,1.100000000000000089e+00,1.100000000000000089e+00,1.747499919545914793e+01
1.749927272566335645e+01,3.625572064791624166e-12,1.100000000000000089e+00,1.100000000000000089e+00,1.752045374091369823e+01
1.754927272566335006e+01,5.019422377738922024e-12,1.100000000000000089e+00,1.100000000000000089e+00,1.756590828636823787e+01
1.759927272566335432e+01,5.296978133894657820e-12,1.100000000000000089e+00,1.100000000000000089e+00,1.761136283182278817e+01
1.764927272566335148e+01,1.393850312947460022e-12,1.100000000000000089e+00,1.100000000000000089e+00,1.765681737727733136e+01
1.769927272566335219e+01,1.254205073131199419e-12,1.100000000000000089e+00,1.100000000000000089e+00,1.770227192273187455e+01
1.774927272566335290e+01,1.254205073131199419e-12,1.100000000000000089e+00,1.100000000000000089e+00,1.774772646818642130e+01
1.779927272566335361e+01,1.392982951209413457e-12,1.100000000000000089e+00,1.100000000000000089e+00,1.779318101364096449e+01
1.784927272566335432e+01,0.000000000000000000e+00,1.100000000000000089e+00,1.100000000000000089e+00,1.783863555909551124e+01
1.789927272566335503e+01,2.786833264156873479e-12,1.100000000000000089e+00,1.100000000000000089e+00,1.788409010455005799e+01
1.794927272566335219e+01,1.255072434869240128e-12,1.100000000000000089e+00,1.100000000000000089e+00,1.792954465000460118e+01
1.799927272566335290e+01,1.532628191025469890e-12,1.100000000000000089e+00,1.100000000000000089e+00,1.797499919545914793e+01
1.804927272566335361e+01,1.671406069103523581e-12,1.100000000000000089e+00,1.100000000000000089e+00,1.802045374091369467e+01
1.809927272566335787e+01,1.671406069103523581e-12,1.100000000000000089e+00,1.100000000000000089e+00,1.806590828636824142e+01
1.814927272566335859e+01,2.775557561563197808e-13,1.100000000000000089e+00,1.100000000000000089e+00,1.811136283182278817e+01
1.819927272566335574e+01,1.810183947181940981e-12,1.100000000000000089e+00,1.100000000000000089e+00,1.815681737727733136e+01
1.824927272566335645e+01,1.393850312947313609e-12,1.100000000000000089e+00,1.100000000000000089e+00,1.820227192273187811e+01
1.829927272566335716e+01,4.181550938841767152e-12,1.100000000000000089e+00,1.100000000000000089e+00,1.824772646818642485e+01
1.834927272566335787e+01,4.041905699025857132e-12,1.100000000000000089e+00,1.100000000000000089e+00,1.829318101364097160e+01
1.839927272566335503e+01,3.065256382051483829e-12,1.100000000000000089e+00,1.100000000000000089e+00,1.833863555909551479e+01
1.844927272566335219e+01,4.163336342344578860e-13,1.100000000000000089e+00,1.100000000000000089e+00,1.838409010455005799e+01
1.849927272566335290e+01,1.392982951209267247e-12,1.100000000000000089e+00,1.100000000000000089e+00,1.842954465000460473e+01
1.854927272566335361e+01,1.393850312947313609e-12,1.100000000000000089e+00,1.100000000000000089e+00,1.847499919545915148e+01
1.859927272566335432e+01,4.181550938841767152e-12,1.100000000000000089e+00,1.100000000000000089e+00,1.852045374091369823e+01
1.864927272566335503e+01,3.903127820947920168e-12,1.100000000000000089e+00,1.100000000000000089e+00,1.856590828636824497e+01
1.869927272566335219e+01,5.574533890052083521e-12,1.100000000000000089e+00,1.100000000000000089e+00,1.861136283182278817e+01
1.874927272566335290e+01,5.852089646207792660e-12,1.100000000000000089e+00,1.100000000000000089e+00,1.865681737727733491e+01
1.879927272566335361e+01,1.393850312947313609e-12,1.100000000000000089e+00,1.100000000000000089e+00,1.870227192273188166e+01
1.884927272566335432e+01,0.000000000000000000e+00,1.100000000000000089e+00,1.100000000000000089e+00,1.874772646818642841e+01
1.889927272566335503e+01,1.671406069103698266e-12,1.100000000000000089e+00,1.100000000000000089e+00,1.879318101364097515e+01
1.894927272566335219e+01,2.775557561562907507e-13,1.100000000000000089e+00,1.100000000000000089e+00,1.883863555909551835e+01
1.899927272566335290e+01,2.509277508000570612e-12,1.100000000000000089e+00,1.100000000000000089e+00,1.888409010455006509e+01
1.904927272566335006e+01,2.509277508000570612e-12,1.100000000000000089e+00,1.100000000000000089e+00,1.892954465000460829e+01
1.909927272566335077e+01,0.000000000000000000e+00,1.100000000000000089e+00,1.100000000000000089e+00,1.897499919545915503e+01
1.914927272566335148e+01,0.000000000000000000e+00,1.100000000000000089e+00,1.100000000000000089e+00,1.902045374091370178e+01
1.919927272566335219e+01,2.509277508000570612e-12,1.100000000000000089e+00,1.100000000000000089e+00,1.906590828636824853e+01
1.924927272566334935e+01,2.509277508000570612e-12,1.100000000000000089e+00,1.100000000000000089e+00,1.911136283182279172e+01
1.929927272566335006e+01,0.000000000000000000e+00,1.100000000000000089e+00,1.100000000000000089e+00,1.915681737727733847e+01
1.934927272566335077e+01,2.509277508000570612e-12,1.100000000000000089e+00,1.100000000000000089e+00,1.920227192273188521e+01
1.939927272566334793e+01,2.509277508000570612e-12,1.100000000000000089e+00,1.100000000000000089e+00,1.924772646818642841e+01
1.944927272566334864e+01,2.775557561562907507e-13,1.100000000000000089e+00,1.100000000000000089e+00,1.929318101364097515e+01
1.949927272566334580e+01,3.065256382051163539e-12,1.100000000000000089e+00,1.100000000000000089e+00,1.933863555909551835e+01
1.954927272566334651e+01,2.787700625894569461e-12,1.100000000000000089e+00,1.100000000000000089e+00,1.938409010455006509e+01
1.959927272566334722e+01,0.000000000000000000e+00,1.100000000000000089e+00,1.100000000000000089e+00,1.942954465000461184e+01
1.964927272566334793e+01,0.000000000000000000e+00,1.100000000000000089e+00,1.100000000000000089e+00,1.947499919545915859e+01
1.969927272566334864e+01,2.509277508000570612e-12,1.100000000000000089e+00,1.100000000000000089e+00,1.952045374091370533e+01
1.974927272566334580e+01,2.786833264157163477e-12,1.100000000000000089e+00,1.100000000000000089e+00,1.956590828636824853e+01
1.979927272566334295e+01,2.775557561562907507e-13,1.100000000000000089e+00,1.100000000000000089e+00,1.961136283182279172e+01
1.984927272566334366e+01,2.786833264156581058e-12,1.100000000000000089e+00,1.100000000000000089e+00,1.965681737727733847e+01
1.989927272566334437e+01,2.787700625894569461e-12,1.100000000000000089e+00,1.100000000000000089e+00,1.970227192273188521e+01
1.994927272566334508e+01,2.775557561562907507e-13,1.100000000000000089e+00,1.100000000000000089e+00,1.974772646818643196e+01
1.999927272566334224e+01,3.065256382051163539e-12,1.100000000000000089e+00,1.100000000000000089e+00,1.979318101364097515e+01
2.004927272566334295e+01,2.787700625894569461e-12,1.100000000000000089e+00,1.100000000000000089e+00,1.983863555909552190e+01
2.009927272566334366e+01,2.775557561562907507e-13,1.100000000000000089e+00,1.100000000000000089e+00,1.988409010455006865e+01
2.014927272566334082e+01,3.065256382051163539e-12,1.100000000000000089e+00,1.100000000000000089e+00,1.992954465000461184e+01
2.019927272566334153e+01,3.065256382051163539e-12,1.100000000000000089e+00,1.100000000000000089e+00,1.997499919545915859e+01
2.024927272566333869e+01,2.775557561562907507e-13,1.100000000000000089e+00,1.100000000000000089e+00,2.002045374091370178e+01
2.029927272566333940e+01,0.000000000000000000e+00,1.100000000000000089e+00,1.100000000000000089e+00,2.006590828636824853e+01
2.034927272566334011e+01,2.786833264156581058e-12,1.100000000000000089e+00,1.100000000000000089e+00,2.011136283182279527e+01
2.039927272566334082e+01,3.065256382051163539e-12,1.100000000000000089e+00,1.100000000000000089e+00,2.015681737727734202e+01
2.044927272566333798e+01,0.000000000000000000e+00,1.100000000000000089e+00,1.100000000000000089e+00,2.020227192273188521e+01
2.049927272566333514e+01,3.065256382051163539e-12,1.100000000000000089e+00,1.100000000000000089e+00,2.024772646818642841e+01
2.054927272566333585e+01,2.787700625894569461e-12,1.100000000000000089e+00,1.100000000000000089e+00,2.029318101364097515e+01
2.059927272566333656e+01,0.000000000000000000e+00,1.100000000000000089e+00,1.100000000000000089e+00,2.033863555909552190e+01
2.064927272566333727e+01,2.786833264156581058e-12,1.100000000000000089e+00,1.100000000000000089e+00,2.038409010455006865e+01
2.069927272566333798e+01,3.342812138207815373e-12,1.100000000000000089e+00,1.100000000000000089e+00,2.042954465000461539e+01
2.074927272566333158e+01,5.551115123126395615e-13,1.100000000000000089e+00,1.100000000000000089e+00,2.047499919545915503e+01
2.079927272566333230e+01,2.786833264156581058e-12,1.100000000000000089e+00,1.100000000000000089e+00,2.052045374091370178e+01
2.084927272566333301e+01,2.787700625894569461e-12,1.100000000000000089e+00,1.100000000000000089e+00,2.056590828636824853e+01
2.089927272566333372e+01,0.000000000000000000e+00,1.100000000000000089e+00,1.100000000000000089e+00,2.061136283182279527e+01
2.094927272566333443e+01,2.509277508000570612e-12,1.100000000000000089e+00,1.100000000000000089e+00,2.065681737727734202e+01
2.099927272566333158e+01,2.786833264157163477e-12,1.100000000000000089e+00,1.100000000000000089e+00,2.070227192273188521e+01
2.104927272566332874e+01,2.775557561562907507e-13,1.100000000000000089e+00,1.100000000000000089e+00,2.074772646818642841e+01
2.109927272566332945e+01,0.000000000000000000e+00,1.100000000000000089e+00,1.100000000000000089e+00,2.079318101364097515e+01
2.114927272566333016e+01,2.786833264156581058e-12,1.100000000000000089e+00,1.100000000000000089e+00,2.083863555909552190e+01
2.119927272566333087e+01,3.065256382051163539e-12,1.100000000000000089e+00,1.100000000000000089e+00,2.088409010455006865e+01
2.124927272566332803e+01,2.775557561562907507e-13,1.100000000000000089e+00,1.100000000000000089e+00,2.092954465000461184e+01
2.129927272566332874e+01,2.786833264156581058e-12,1.100000000000000089e+00,1.100000000000000089e+00,2.097499919545915859e+01
2.134927272566332945e+01,3.065256382051163539e-12,1.100000000000000089e+00,1.100000000000000089e+00,2.102045374091370533e+01
2.139927272566332661e+01,2.775557561562907507e-13,1.100000000000000089e+00,1.100000000000000089e+00,2.106590828636824853e+01
2.144927272566332732e+01,2.509277508000570612e-12,1.100000000000000089e+00,1.100000000000000089e+00,2.111136283182279527e+01
2.149927272566332448e+01,2.509277508000570612e-12,1.100000000000000089e+00,1.100000000000000089e+00,2.115681737727733847e+01
2.154927272566332519e+01,0.000000000000000000e+00,1.100000000000000089e+00,1.100000000000000089e+00,2.120227192273188521e+01
2.159927272566332590e+01,0.000000000000000000e+00,1.100000000000000089e+00,1.100000000000000089e+00,2.124772646818643196e+01
2.164927272566332661e+01,2.509277508000570612e-12,1.100000000000000089e+00,1.100000000000000089e+00,2.129318101364097870e+01
2.169927272566332377e+01,2.509277508000570612e-12,1.100000000000000089e+00,1.100000000000000089e+00,2.133863555909552190e+01
2.174927272566332448e+01,2.775557561562907507e-13,1.100000000000000089e+00,1.100000000000000089e+00,2.138409010455006865e+01
2.179927272566332164e+01,3.065256382051163539e-12,1.100000000000000089e+00,1.100000000000000089e+00,2.142954465000461184e+01
2.184927272566332235e+01,2.787700625894569461e-12,1.100000000000000089e+00,1.100000000000000089e+00,2.147499919545915859e+01
2.189927272566332306e+01,0.000000000000000000e+00,1.100000000000000089e+00,1.100000000000000089e+00,2.152045374091370533e+01
2.194927272566332377e+01,2.509277508000570612e-12,1.100000000000000089e+00,1.100000000000000089e+00,2.156590828636825208e+01
2.199927272566332093e+01,2.509277508000570612e-12,1.100000000000000089e+00,1.100000000000000089e+00,2.161136283182279527e+01
2.204927272566332164e+01,2.775557561562907507e-13,1.100000000000000089e+00,1.100000000000000089e+00,2.165681737727734202e+01
2.209927272566331879e+01,3.065256382051163539e-12,1.100000000000000089e+00,1.100000000000000089e+00,2.170227192273188521e+01
2.214927272566331951e+01,2.787700625894569461e-12,1.100000000000000089e+00,1.100000000000000089e+00,2.174772646818643196e+01
2.219927272566332022e+01,2.775557561562907507e-13,1.100000000000000089e+00,1.100000000000000089e+00,2.179318101364097870e+01
2.224927272566331737e+01,3.065256382051163539e-12,1.100000000000000089e+00,1.100000000000000089e+00,2.183863555909552190e+01
2.229927272566331808e+01,2.787700625894569461e-12,1.100000000000000089e+00,1.100000000000000089e+00,2.188409010455006865e+01
2.234927272566331879e+01,0.000000000000000000e+00,1.100000000000000089e+00,1.100000000000000089e+00,2.192954465000461539e+01
2.239927272566331951e+01,2.775557561562907507e-13,1.100000000000000089e+00,1.100000000000000089e+00,2.197499919545916214e+01
2.244927272566331666e+01,2.787700625895152285e-12,1.100000000000000089e+00,1.100000000000000089e+00,2.202045374091370533e+01
2.249927272566331382e+01,2.509277508000570612e-12,1.100000000000000089e+00,1.100000000000000089e+00,2.206590828636824853e+01
2.254927272566331453e+01,0.000000000000000000e+00,1.100000000000000089e+00,1.100000000000000089e+00,2.211136283182279527e+01
2.259927272566331524e+01,2.786833264156581058e-12,1.100000000000000089e+00,1.100000000000000089e+00,2.215681737727734202e+01
2.264927272566331595e+01,2.787700625894569461e-12,1.100000000000000089e+00,1.100000000000000089e+00,2.220227192273188876e+01
2.269927272566331666e+01,5.551115123126395615e-13,1.100000000000000089e+00,1.100000000000000089e+00,2.224772646818643551e+01
2.274927272566331027e+01,3.342812138207815373e-12,1.100000000000000089e+00,1.100000000000000089e+00,2.229318101364097515e+01
2.279927272566331098e+01,2.787700625894569461e-12,1.100000000000000089e+00,1.100000000000000089e+00,2.233863555909552190e+01
2.284927272566331169e+01,0.000000000000000000e+00,1.100000000000000089e+00,1.100000000000000089e+00,2.238409010455006865e+01
2.289927272566331240e+01,0.000000000000000000e+00,1.100000000000000089e+00,1.100000000000000089e+00,2.242954465000461539e+01
2.294927272566331311e+01,2.231721751844501600e-12,1.100000000000000089e+00,1.100000000000000089e+00,2.247499919545916214e+01
2.299927272566330672e+01,2.231721751844501600e-12,1.100000000000000089e+00,1.100000000000000089e+00,2.252045374091370178e+01
2.304927272566330743e+01,0.000000000000000000e+00,1.100000000000000089e+00,1.100000000000000089e+00,2.256590828636824853e+01
2.309927272566330814e+01,2.786833264156581058e-12,1.100000000000000089e+00,1.100000000000000089e+00,2.261136283182279527e+01
2.314927272566330885e+01,2.787700625894569461e-12,1.100000000000000089e+00,1.100000000000000089e+00,2.265681737727734202e+01
2.319927272566330956e+01,2.775557561562907507e-13,1.100000000000000089e+00,1.100000000000000089e+00,2.270227192273188876e+01
2.324927272566330672e+01,2.787700625895152285e-12,1.100000000000000089e+00,1.100000000000000089e+00,2.274772646818643196e+01
2.329927272566330387e+01,2.509277508000570612e-12,1.100000000000000089e+00,1.100000000000000089e+00,2.279318101364097515e+01
2.334927272566330458e+01,0.000000000000000000e+00,1.100000000000000089e+00,1.100000000000000089e+00,2.283863555909552190e+01
2.339927272566330529e+01,2.786833264156581058e-12,1.100000000000000089e+00,1.100000000000000089e+00,2.288409010455006865e+01
2.344927272566330601e+01,3.065256382051163539e-12,1.100000000000000089e+00,1.100000000000000089e+00,2.292954465000461539e+01
2.349927272566330316e+01,2.775557561562907507e-13,1.100000000000000089e+00,1.100000000000000089e+00,2.297499919545915859e+01
2.354927272566330387e+01,0.000000000000000000e+00,1.100000000000000089e+00,1.100000000000000089e+00,2.302045374091370533e+01
2.359927272566330458e+01,2.509277508000570612e-12,1.100000000000000089e+00,1.100000000000000089e+00,2.306590828636825208e+01
2.364927272566330174e+01,2.509277508000570612e-12,1.100000000000000089e+00,1.100000000000000089e+00,2.311136283182279527e+01
2.369927272566330245e+01,0.000000000000000000e+00,1.100000000000000089e+00,1.100000000000000089e+00,2.315681737727734202e+01
2.374927272566330316e+01,2.509277508000570612e-12,1.100000000000000089e+00,1.100000000000000089e+00,2.320227192273188876e+01
2.379927272566330032e+01,2.509277508000570612e-12,1.100000000000000089e+00,1.100000000000000089e+00,2.324772646818643196e+01
2.384927272566330103e+01,0.000000000000000000e+00,1.100000000000000089e+00,1.100000000000000089e+00,2.329318101364097870e+01
2.389927272566330174e+01,2.786833264156581058e-12,1.100000000000000089e+00,1.100000000000000089e+00,2.333863555909552545e+01
2.394927272566330245e+01,3.065256382051163539e-12,1.100000000000000089e+00,1.100000000000000089e+00,2.338409010455007220e+01
2.399927272566329961e+01,2.775557561562907507e-13,1.100000000000000089e+00,1.100000000000000089e+00,2.342954465000461539e+01
2.404927272566330032e+01,2.786833264156581058e-12,1.100000000000000089e+00,1.100000000000000089e+00,2.347499919545916214e+01
2.409927272566330103e+01,3.065256382051163539e-12,1.100000000000000089e+00,1.100000000000000089e+00,2.352045374091370888e+01
2.414927272566329819e+01,2.775557561562907507e-13,1.100000000000000089e+00,1.100000000000000089e+00,2.356590828636825208e+01
2.419927272566329890e+01,2.775557561562907507e-13,1.100000000000000089e+00,1.100000000000000089e+00,2.361136283182279882e+01
2.424927272566329606e+01,3.065256382051163539e-12,1.100000000000000089e+00,1.100000000000000089e+00,2.365681737727734202e+01
2.429927272566329677e+01,2.787700625894569461e-12,1.100000000000000089e+00,1.100000000000000089e+00,2.370227192273188876e+01
2.434927272566329748e+01,0.000000000000000000e+00,1.100000000000000089e+00,1.100000000000000089e+00,2.374772646818643551e+01
2.439927272566329819e+01,2.509277508000570612e-12,1.100000000000000089e+00,1.100000000000000089e+00,2.379318101364098226e+01
2.444927272566329535e+01,2.786833264157163477e-12,1.100000000000000089e+00,1.100000000000000089e+00,2.383863555909552545e+01
2.449927272566329250e+01,2.775557561562907507e-13,1.100000000000000089e+00,1.100000000000000089e+00,2.388409010455006865e+01
2.454927272566329322e+01,2.786833264156581058e-12,1.100000000000000089e+00,1.100000000000000089e+00,2.392954465000461539e+01
2.459927272566329393e+01,2.787700625894569461e-12,1.100000000000000089e+00,1.100000000000000089e+00,2.397499919545916214e+01
2.464927272566329464e+01,0.000000000000000000e+00,1.100000000000000089e+00,1.100000000000000089e+00,2.402045374091370888e+01
2.469927272566329535e+01,2.231721751844501600e-12,1.100000000000000089e+00,1.100000000000000089e+00,2.406590828636825563e+01
2.474927272566328895e+01,2.231721751844501600e-12,1.100000000000000089e+00,1.100000000000000089e+00,2.411136283182279527e+01
2.479927272566328966e+01,0.000000000000000000e+00,1.100000000000000089e+00,1.100000000000000089e+00,2.415681737727734202e+01
2.484927272566329037e+01,0.000000000000000000e+00,1.100000000000000089e+00,1.100000000000000089e+00,2.420227192273188876e+01
2.489927272566329108e+01,2.786833264156581058e-12,1.100000000000000089e+00,1.100000000000000089e+00,2.424772646818643551e+01
2.494927272566329179e+01,3.342812138207815373e-12,1.100000000000000089e+00,1.100000000000000089e+00,2.429318101364098226e+01
2.499927272566328540e+01,5.551115123126395615e-13,1.100000000000000089e+00,1.100000000000000089e+00,2.433863555909552190e+01
2.504927272566328611e+01,2.786833264156581058e-12,1.100000000000000089e+00,1.100000000000000089e+00,2.438409010455006865e+01
2.509927272566328682e+01,2.787700625894569461e-12,1.100000000000000089e+00,1.100000000000000089e+00,2.442954465000461539e+01
2.514927272566328753e+01,0.000000000000000000e+00,1.100000000000000089e+00,1.100000000000000089e+00,2.447499919545916214e+01
2.519927272566328824e+01,2.509277508000570612e-12,1.100000000000000089e+00,1.100000000000000089e+00,2.452045374091370888e+01
2.524927272566328540e+01,2.786833264157163477e-12,1.100000000000000089e+00,1.100000000000000089e+00,2.456590828636825208e+01
2.529927272566328256e+01,2.775557561562907507e-13,1.100000000000000089e+00,1.100000000000000089e+00,2.461136283182279527e+01
2.534927272566328327e+01,0.000000000000000000e+00,1.100000000000000089e+00,1.100000000000000089e+00,2.465681737727734202e+01
2.539927272566328398e+01,2.786833264156581058e-12,1.100000000000000089e+00,1.100000000000000089e+00,2.470227192273188876e+01
2.544927272566328469e+01,3.065256382051163539e-12,1.100000000000000089e+00,1.100000000000000089e+00,2.474772646818643551e+01
2.549927272566328185e+01,2.775557561562907507e-13,1.100000000000000089e+00,1.100000000000000089e+00,2.479318101364097870e+01
2.554927272566328256e+01,2.786833264156581058e-12,1.100000000000000089e+00,1.100000000000000089e+00,2.483863555909552545e+01
2.559927272566328327e+01,3.065256382051163539e-12,1.100000000000000089e+00,1.100000000000000089e+00,2.488409010455007220e+01
2.564927272566328043e+01,2.775557561562907507e-13,1.100000000000000089e+00,1.100000000000000089e+00,2.492954465000461539e+01
2.569927272566328114e+01,2.786833264156581058e-12,1.100000000000000089e+00,1.100000000000000089e+00,2.497499919545916214e+01
2.574927272566328185e+01,3.065256382051163539e-12,1.100000000000000089e+00,1.100000000000000089e+00,2.502045374091370888e+01
2.579927272566327900e+01,2.775557561562907507e-13,1.100000000000000089e+00,1.100000000000000089e+00,2.506590828636825208e+01
2.584927272566327972e+01,2.786833264156581058e-12,1.100000000000000089e+00,1.100000000000000089e+00,2.511136283182279882e+01
2.589927272566328043e+01,3.065256382051163539e-12,1.100000000000000089e+00,1.100000000000000089e+00,2.515681737727734557e+01
2.594927272566327758e+01,2.775557561562907507e-13,1.100000000000000089e+00,1.100000000000000089e+00,2.520227192273188876e+01
2.599927272566327829e+01,2.786833264156581058e-12,1.100000000000000089e+00,1.100000000000000089e+00,2.524772646818643551e+01
2.604927272566327900e+01,3.065256382051163539e-12,1.100000000000000089e+00,1.100000000000000089e+00,2.529318101364098226e+01
2.609927272566327616e+01,2.775557561562907507e-13,1.100000000000000089e+00,1.100000000000000089e+00,2.533863555909552545e+01
2.614927272566327687e+01,0.000000000000000000e+00,1.100000000000000089e+00,1.100000000000000089e+00,2.538409010455007220e+01
2.619927272566327758e+01,2.509277508000570612e-12,1.100000000000000089e+00,1.100000000000000089e+00,2.542954465000461894e+01
2.624927272566327474e+01,2.509277508000570612e-12,1.100000000000000089e+00,1.100000000000000089e+00,2.547499919545916214e+01
2.629927272566327545e+01,0.000000000000000000e+00,1.100000000000000089e+00,1.100000000000000089e+00,2.552045374091370888e+01
2.634927272566327616e+01,2.786833264156581058e-12,1.100000000000000089e+00,1.100000000000000089e+00,2.556590828636825563e+01
2.639927272566327687e+01,3.065256382051163539e-12,1.100000000000000089e+00,1.100000000000000089e+00,2.561136283182280238e+01
2.644927272566327403e+01,0.000000000000000000e+00,1.100000000000000089e+00,1.100000000000000089e+00,2.565681737727734557e+01
2.649927272566327119e+01,3.065256382051163539e-12,1.100000000000000089e+00,1.100000000000000089e+00,2.570227192273188876e+01
2.654927272566327190e+01,2.787700625894569461e-12,1.100000000000000089e+00,1.100000000000000089e+00,2.574772646818643551e+01
2.659927272566327261e+01,0.000000000000000000e+00,1.100000000000000089e+00,1.100000000000000089e+00,2.579318101364098226e+01
2.664927272566327332e+01,0.000000000000000000e+00,1.100000000000000089e+00,1.100000000000000089e+00,2.583863555909552900e+01
2.669927272566327403e+01,2.231721751844501600e-12,1.100000000000000089e+00,1.100000000000000089e+00,2.588409010455007575e+01
2.674927272566326764e+01,2.231721751844501600e-12,1.100000000000000089e+00,1.100000000000000089e+00,2.592954465000461539e+01
2.679927272566326835e+01,0.000000000000000000e+00,1.100000000000000089e+00,1.100000000000000089e+00,2.597499919545916214e+01
2.684927272566326906e+01,2.786833264156581058e-12,1.100000000000000089e+00,1.100000000000000089e+00,2.602045374091370888e+01
2.689927272566326977e+01,2.787700625894569461e-12,1.100000000000000089e+00,1.100000000000000089e+00,2.606590828636825563e+01
2.694927272566327048e+01,5.551115123126395615e-13,1.100000000000000089e+00,1.100000000000000089e+00,2.611136283182280238e+01
2.699927272566326408e+01,3.342812138207815373e-12,1.100000000000000089e+00,1.100000000000000089e+00,2.615681737727734202e+01
2.704927272566326479e+01,2.787700625894569461e-12,1.100000000000000089e+00,1.100000000000000089e+00,2.620227192273188876e+01
2.709927272566326550e+01,0.000000000000000000e+00,1.100000000000000089e+00,1.100000000000000089e+00,2.624772646818643551e+01
2.714927272566326621e+01,2.786833264156581058e-12,1.100000000000000089e+00,1.100000000000000089e+00,2.629318101364098226e+01
2.719927272566326693e+01,3.065256382051163539e-12,1.100000000000000089e+00,1.100000000000000089e+00,2.633863555909552900e+01
2.724927272566326408e+01,0.000000000000000000e+00,1.100000000000000089e+00,1.100000000000000089e+00,2.638409010455007220e+01
2.729927272566326124e+01,2.775557561562907507e-13,1.100000000000000089e+00,1.100000000000000089e+00,2.642954465000461539e+01
2.734927272566326195e+01,2.786833264156581058e-12,1.100000000000000089e+00,1.100000000000000089e+00,2.647499919545916214e+01
2.739927272566326266e+01,2.787700625894569461e-12,1.100000000000000089e+00,1.100000000000000089e+00,2.652045374091370888e+01
2.744927272566326337e+01,2.775557561562907507e-13,1.100000000000000089e+00,1.100000000000000089e+00,2.656590828636825563e+01
2.749927272566326053e+01,3.065256382051163539e-12,1.100000000000000089e+00,1.100000000000000089e+00,2.661136283182279882e+01
2.754927272566326124e+01,3.065256382051163539e-12,1.100000000000000089e+00,1.100000000000000089e+00,2.665681737727734557e+01
2.759927272566325840e+01,2.775557561562907507e-13,1.100000000000000089e+00,1.100000000000000089e+00,2.670227192273188876e+01
2.764927272566325911e+01,2.786833264156581058e-12,1.100000000000000089e+00,1.100000000000000089e+00,2.674772646818643551e+01
2.769927272566325982e+01,3.065256382051163539e-12,1.100000000000000089e+00,1.100000000000000089e+00,2.679318101364098226e+01
2.774927272566325698e+01,2.775557561562907507e-13,1.100000000000000089e+00,1.100000000000000089e+00,2.683863555909552545e+01
2.779927272566325769e+01,2.786833264156581058e-12,1.100000000000000089e+00,1.100000000000000089e+00,2.688409010455007220e+01
2.784927272566325840e+01,2.787700625894569461e-12,1.100000000000000089e+00,1.100000000000000089e+00,2.692954465000461894e+01
2.789927272566325911e+01,2.775557561562907507e-13,1.100000000000000089e+00,1.100000000000000089e+00,2.697499919545916569e+01
2.794927272566325627e+01,2.775557561562907507e-13,1.100000000000000089e+00,1.100000000000000089e+00,2.702045374091370888e+01
2.799927272566325698e+01,2.786833264156581058e-12,1.100000000000000089e+00,1.100000000000000089e+00,2.706590828636825563e+01
2.804927272566325769e+01,3.065256382051163539e-12,1.100000000000000089e+00,1.100000000000000089e+00,2.711136283182280238e+01
2.809927272566325485e+01,2.775557561562907507e-13,1.100000000000000089e+00,1.100000000000000089e+00,2.715681737727734557e+01
2.814927272566325556e+01,2.786833264156581058e-12,1.100000000000000089e+00,1.100000000000000089e+00,2.720227192273189232e+01
2.819927272566325627e+01,3.065256382051163539e-12,1.100000000000000089e+00,1.100000000000000089e+00,2.724772646818643906e+01
2.824927272566325342e+01,2.775557561562907507e-13,1.100000000000000089e+00,1.100000000000000089e+00,2.729318101364098226e+01
2.829927272566325414e+01,2.786833264156581058e-12,1.100000000000000089e+00,1.100000000000000089e+00,2.733863555909552900e+01
2.834927272566325485e+01,2.787700625894569461e-12,1.100000000000000089e+00,1.100000000000000089e+00,2.738409010455007575e+01
2.839927272566325556e+01,2.775557561562907507e-13,1.100000000000000089e+00,1.100000000000000089e+00,2.742954465000462250e+01
2.844927272566325271e+01,2.429894647445112466e-01,1.100000000000000089e+00,1.100000000000000089e+00,2.747499919545916569e+01
2.849927015212598747e+01,7.842056816421048016e-01,1.100000000000000089e+00,1.100000000000000089e+00,2.752045140133437684e+01
2.854926677393827816e+01,8.130851804242111847e-01,1.100000000000000089e+00,1.100000000000000089e+00,2.756590287570918818e+01
2.859926339992262356e+01,8.158781478120421538e-01,1.100000000000000089e+00,1.100000000000000089e+00,2.761135435387677717e+01
2.864925998588855194e+01,8.130205422705449880e-01,1.100000000000000089e+00,1.100000000000000089e+00,2.765680579566398478e+01
2.869925652657326154e+01,8.044496347507592571e-01,1.100000000000000089e+00,1.100000000000000089e+00,2.770225719628644967e+01
2.874925322784998016e+01,3.743333604159980732e-01,1.100000000000000089e+00,1.100000000000000089e+00,2.774770874290164713e+01
2.879925322784997732e+01,2.891133513149893784e-12,1.100000000000000089e+00,1.100000000000000089e+00,2.779316328835619032e+01
2.884925322784997803e+01,2.891133513149893784e-12,1.100000000000000089e+00,1.100000000000000089e+00,2.783861783381073707e+01
2.889925322784997519e+01,0.000000000000000000e+00,1.100000000000000089e+00,1.100000000000000089e+00,2.788407237926528026e+01
2.894925322784997235e+01,2.840392851477872271e-12,1.100000000000000089e+00,1.100000000000000089e+00,2.792952692471982346e+01
2.899925322784996951e+01,2.738911528132633712e-12,1.100000000000000089e+00,1.100000000000000089e+00,2.797498147017436665e+01
2.904925322784997377e+01,1.014813233446332943e-13,1.100000000000000089e+00,1.100000000000000089e+00,2.802043601562891695e+01
2.909925322784997093e+01,5.074066167232204927e-14,1.100000000000000089e+00,1.100000000000000089e+00,2.806589056108346014e+01
2.914925322784997164e+01,2.789652189805248145e-12,1.100000000000000089e+00,1.100000000000000089e+00,2.811134510653800689e+01
2.919925322784996879e+01,2.840392851477872271e-12,1.100000000000000089e+00,1.100000000000000089e+00,2.815679965199255008e+01
2.924925322784996595e+01,0.000000000000000000e+00,1.100000000000000089e+00,1.100000000000000089e+00,2.820225419744709328e+01
2.929925322784996311e+01,1.014813233446332943e-13,1.100000000000000089e+00,1.100000000000000089e+00,2.824770874290163647e+01
2.934925322784996737e+01,2.840392851476663408e-12,1.100000000000000089e+00,1.100000000000000089e+00,2.829316328835618677e+01
2.939925322784997164e+01,2.941874174821901563e-12,1.100000000000000089e+00,1.100000000000000089e+00,2.833861783381073707e+01
2.944925322784996879e+01,0.000000000000000000e+00,1.100000000000000089e+00,1.100000000000000089e+00,2.838407237926528026e+01
2.949925322784996595e+01,0.000000000000000000e+00,1.100000000000000089e+00,1.100000000000000089e+00,2.842952692471982346e+01
2.954925322784996311e+01,4.072151856951687632e-02,1.100000000000000089e+00,1.100000000000000089e+00,2.847498147017436665e+01
2.959925274762552050e+01,4.932077054741359490e-01,1.100000000000000089e+00,1.100000000000000089e+00,2.852043557906123894e+01
2.964924844343114430e+01,8.650661536242165717e-01,1.075165548575724328e+00,1.075165548575724328e+00,2.856640513373569590e+01
2.969924485922661361e+01,8.849768488903448915e-01,1.063001910766905977e+00,1.063001910766905977e+00,2.861317080269863311e+01
2.974923956325937269e+01,8.964110820691668646e-01,1.056200555396980878e+00,1.056200555396980878e+00,2.866035336767861708e+01
2.979923264788729398e+01,9.246068612553568489e-01,1.039971514980753131e+00,1.039971514980753131e+00,2.870805277683915691e+01
2.984922523365863611e+01,9.471047752886291304e-01,1.027545322984365850e+00,1.027545322984365850e+00,2.875641280453358206e+01
2.989921823540422707e+01,9.630754003152902643e-01,1.018989842888879949e+00,1.018989842888879949e+00,2.880526903977374786e+01
2.994921242559952290e+01,9.770262325800638248e-01,1.011688673427977525e+00,1.011688673427977525e+00,2.885450794174034073e+01
2.999920817363762282e+01,1.003704880491370188e+00,9.981526912161737819e-01,9.981526912161737819e-01,2.890425888121008668e+01
3.004920363821573304e+01,9.683252063971354850e-01,1.016223845793676972e+00,1.016223845793676972e+00,2.895389752985352771e+01
3.009919742499728201e+01,9.557894160831351682e-01,1.022866349852699086e+00,1.022866349852699086e+00,2.900293291523107442e+01
3.014919025359988325e+01,9.363933030985107653e-01,1.033405694774125028e+00,1.033405694774125028e+00,2.905155763756121345e+01
3.019918295226538163e+01,9.108686827895812188e-01,1.047784850154088065e+00,1.047784850154088065e+00,2.909960004173927572e+01
3.024917652457284234e+01,8.801284709721951538e-01,1.065925777503443861e+00,1.065925777503443861e+00,2.914690412551810894e+01
3.029917220963920599e+01,8.893570540018824744e-01,1.060380964765591516e+00,1.060380964765591516e+00,2.919392996997648027e+01
3.034916874171800671e+01,7.484992871912603540e-01,1.100000000000000089e+00,1.100000000000000089e+00,2.924021489184369926e+01
3.039916642058377860e+01,1.963411835786377513e-01,1.100000000000000089e+00,1.100000000000000089e+00,2.928566732717622045e+01
3.044916642058377931e+01,9.783840404510076546e-13,1.100000000000000089e+00,1.100000000000000089e+00,2.933112187263076720e+01
3.049916642058377647e+01,1.956768080901864252e-12,1.100000000000000089e+00,1.100000000000000089e+00,2.937657641808531039e+01
3.054916642058377718e+01,0.000000000000000000e+00,1.100000000000000089e+00,1.100000000000000089e+00,2.942203096353985714e+01
3.059916642058377789e+01,9.818534874028102114e-13,1.100000000000000089e+00,1.100000000000000089e+00,2.946748550899440389e+01
3.064916642058377860e+01,9.783840404508567992e-13,1.100000000000000089e+00,1.100000000000000089e+00,2.951294005444895063e+01
3.069916642058377931e+01,1.006139616066709295e-13,1.100000000000000089e+00,1.100000000000000089e+00,2.955839459990349738e+01
3.074916642058377292e+01,1.006139616066709295e-13,1.100000000000000089e+00,1.100000000000000089e+00,2.960384914535803702e+01
3.079916642058377363e+01,1.960237527853817866e-12,1.100000000000000089e+00,1.100000000000000089e+00,2.964930369081258377e+01
3.084916642058377079e+01,1.956768080901864252e-12,1.100000000000000089e+00,1.093806768711439892e+00,2.969488655682713585e+01
3.089916642058377150e+01,0.000000000000000000e+00,1.100000000000000089e+00,1.047097534749727332e+00,2.974159579078884974e+01
3.094916642058377221e+01,9.818534874028102114e-13,1.100000000000000089e+00,9.982050126496818665e-01,2.979048831288889687e+01
3.099916642058377292e+01,9.783840404508567992e-13,1.100000000000000089e+00,9.467910261926609783e-01,2.984190229934591798e+01
3.104916642058377363e+01,1.960237527853817866e-12,1.100000000000000089e+00,8.924198828348387513e-01,2.989627344270374110e+01
3.109916642058377079e+01,4.017619570362928234e-12,1.100000000000000089e+00,8.345137789629077929e-01,2.995417954657567350e+01
3.114916642058376794e+01,2.060851489460458945e-12,1.100000000000000089e+00,7.722779598557490965e-01,3.001641536568283186e+01
3.119916642058376866e+01,9.818534874028102114e-13,1.100000000000000089e+00,7.045659992356666512e-01,3.008412732630291586e+01
3.124916642058376937e+01,5.574264599585985192e-01,1.100000000000000089e+00,6.296135698021079197e-01,3.015907975573647448e+01
3.129913900125730919e+01,3.373044342552881325e+00,5.444888299422470102e-01,5.444888299422470102e-01,3.024420449559633539e+01
3.134905981401816888e+01,3.893005055125490887e+00,5.068244014683065402e-01,5.068244014683065402e-01,3.033917298123763473e+01
3.139898264518818038e+01,3.103139353787171206e+00,5.676744665009484381e-01,5.676744665009484381e-01,3.043209598498981805e+01
3.144896901974044567e+01,3.201505959654386557e-01,1.100000000000000089e+00,6.497900037871203738e-01,3.051421152227598910e+01
3.149896901974043928e+01,1.859020063527588307e-01,1.100000000000000089e+00,7.226527859364075823e-01,3.058707430442527553e+01
3.154896584145630101e+01,1.154957469697919459e+00,9.305013423757414470e-01,7.888096680780322112e-01,3.065323118656689871e+01
3.159895697284048666e+01,1.297634808258497641e+00,8.778569598014183128e-01,8.498252498141891653e-01,3.071424676830305600e+01
3.164894807955889178e+01,1.139556189450538159e+00,9.367681747701395167e-01,9.067442686108123651e-01,3.077116578709967953e+01
3.169894522089271049e+01,1.698316209704461011e-01,1.100000000000000089e+00,9.603017501422129731e-01,3.082472326863107881e+01
3.174894522089270765e+01,0.000000000000000000e+00,1.100000000000000089e+00,1.011028907265361765e+00,3.087545042575422727e+01
3.179894522089270481e+01,0.000000000000000000e+00,1.100000000000000089e+00,1.059329717947243177e+00,3.092375123643610735e+01
3.184894522089270552e+01,0.000000000000000000e+00,1.100000000000000089e+00,1.100000000000000089e+00,3.097006190366253975e+01
3.189894522089271334e+01,0.000000000000000000e+00,1.100000000000000089e+00,1.100000000000000089e+00,3.101551644911709360e+01
3.194894522089271049e+01,0.000000000000000000e+00,1.100000000000000089e+00,1.100000000000000089e+00,3.106097099457163679e+01
3.199894522089270765e+01,0.000000000000000000e+00,1.100000000000000089e+00,1.100000000000000089e+00,3.110642554002617999e+01
3.204894522089271192e+01,0.000000000000000000e+00,1.100000000000000089e+00,1.100000000000000089e+00,3.115188008548073029e+01
3.209894522089270197e+01,0.000000000000000000e+00,1.100000000000000089e+00,1.100000000000000089e+00,3.119733463093526993e+01
3.214894522089269913e+01,0.000000000000000000e+00,1.100000000000000089e+00,1.100000000000000089e+00,3.124278917638981667e+01
3.219894522089270339e+01,0.000000000000000000e+00,1.100000000000000089e+00,1.100000000000000089e+00,3.128824372184436697e+01
3.224894522089270055e+01,0.000000000000000000e+00,1.100000000000000089e+00,1.100000000000000089e+00,3.133369826729891017e+01
3.229894522089270481e+01,0.000000000000000000e+00,1.100000000000000089e+00,1.100000000000000089e+00,3.137915281275346047e+01
3.234894522089270197e+01,0.000000000000000000e+00,1.100000000000000089e+00,1.100000000000000089e+00,3.142460735820800011e+01
3.239894522089269913e+01,0.000000000000000000e+00,1.100000000000000089e+00,1.100000000000000089e+00,3.147006190366254685e+01
3.244894522089270339e+01,0.000000000000000000e+00,1.100000000000000089e+00,1.100000000000000089e+00,3.151551644911709715e+01
3.249894522089270055e+01,0.000000000000000000e+00,1.100000000000000089e+00,1.100000000000000089e+00,3.156097099457164035e+01
3.254894522089269771e+01,0.000000000000000000e+00,1.100000000000000089e+00,1.100000000000000089e+00,3.160642554002618354e+01
3.259894522089270197e+01,0.000000000000000000e+00,1.100000000000000089e+00,1.100000000000000089e+00,3.165188008548073029e+01
3.264894522089269913e+01,0.000000000000000000e+00,1.100000000000000089e+00,1.100000000000000089e+00,3.169733463093526993e+01
3.269894522089271049e+01,0.000000000000000000e+00,1.100000000000000089e+00,1.100000000000000089e+00,3.174278917638982378e+01
3.274894522089270765e+01,0.000000000000000000e+00,1.100000000000000089e+00,1.100000000000000089e+00,3.178824372184437053e+01
3.279894522089270481e+01,0.000000000000000000e+00,1.100000000000000089e+00,1.100000000000000089e+00,3.183369826729891372e+01
3.284894522089270197e+01,0.000000000000000000e+00,1.100000000000000089e+00,1.100000000000000089e+00,3.187915281275346047e+01
3.289894522089269913e+01,0.000000000000000000e+00,1.100000000000000089e+00,1.100000000000000089e+00,3.192460735820800011e+01
3.294894522089271049e+01,0.000000000000000000e+00,1.100000000000000089e+00,1.093343820055074689e+00,3.197019984538928838e+01
3.299894522089270765e+01,0.000000000000000000e+00,1.100000000000000089e+00,1.046613925405458279e+00,3.201692974003890413e+01
3.304894522089270481e+01,0.000000000000000000e+00,1.100000000000000089e+00,9.976977041432077975e-01,3.206584596130115727e+01
3.309894522089270197e+01,0.000000000000000000e+00,1.100000000000000089e+00,9.462561539311785674e-01,3.211728751151318306e+01
3.314894522089269913e+01,1.695808241964539553e-01,1.100000000000000089e+00,8.918524030649012113e-01,3.217169126237946131e+01
3.319894177882620312e+01,1.261716175603376344e+00,8.902647227629351123e-01,8.339110222233714342e-01,3.222963264322098809e+01
3.324892883625852846e+01,1.679448732301266345e+00,7.716433620014960804e-01,7.716433620014960804e-01,3.229190030344286555e+01
3.329891348654570038e+01,1.773600318432330347e+00,7.508827388443023443e-01,7.508827388443023443e-01,3.235756045896913946e+01
3.334889333820994750e+01,1.881680444870593716e+00,7.289992209544973178e-01,7.289992209544973178e-01,3.242510618629329144e+01
3.339887036400379117e+01,1.944069242500502614e+00,7.172063653676524764e-01,7.172063653676524764e-01,3.249422087685528737e+01
3.344884616732839788e+01,1.952020565711809041e+00,7.157441474648007507e-01,7.157441474648007507e-01,3.256397318564341958e+01
3.349882217792804795e+01,1.904335061253413119e+00,7.246500363017850388e-01,7.246500363017850388e-01,3.263336531616280922e+01
3.354879968958481840e+01,1.807757299645115889e+00,7.437550680067976927e-01,7.437550680067976927e-01,3.270143578460523770e+01
3.359878007210681261e+01,1.674851237996674458e+00,7.727017230798824965e-01,7.727017230798824965e-01,3.276735310294331072e+01
3.364876532999252134e+01,1.491456728080319705e+00,8.188317447495102597e-01,8.188317447495102597e-01,3.283016706054595346e+01
3.369875828247535310e+01,3.814585437053386596e-01,1.100000000000000089e+00,8.777649635154026742e-01,3.288910027931184743e+01
3.374875828247535026e+01,2.883110417073587889e-12,1.100000000000000089e+00,9.329905311283663849e-01,3.294432584692481214e+01
3.379875828247535452e+01,3.993333441698529960e-12,1.100000000000000089e+00,9.851250332699869050e-01,3.299646034906643166e+01
3.384875828247535168e+01,1.106753577673291178e-12,1.100000000000000089e+00,1.034635844717933795e+00,3.304597116051437666e+01
3.389875828247534884e+01,1.772887392448261106e-12,1.100000000000000089e+00,1.081883233614047368e+00,3.309321854941048713e+01
3.394875828247535310e+01,6.661338147751249233e-13,1.100000000000000089e+00,1.100000000000000089e+00,3.313905051624510634e+01
3.399875828247535026e+01,4.440892098500536295e-13,1.100000000000000089e+00,1.100000000000000089e+00,3.318450506169964598e+01
3.404875828247535452e+01,2.886579864024772887e-12,1.100000000000000089e+00,1.100000000000000089e+00,3.322995960715419272e+01
3.409875828247535878e+01,4.437422651549322014e-12,1.100000000000000089e+00,1.100000000000000089e+00,3.327541415260873947e+01
3.414875828247534884e+01,1.554312234475291656e-12,1.100000000000000089e+00,1.100000000000000089e+00,3.332086869806327911e+01
3.419875828247535310e+01,4.440892098500536295e-13,1.100000000000000089e+00,1.100000000000000089e+00,3.336632324351782586e+01
3.424875828247535026e+01,1.554312234475084255e-12,1.100000000000000089e+00,1.100000000000000089e+00,3.341177778897236550e+01
3.429875828247535452e+01,1.554312234475084255e-12,1.100000000000000089e+00,1.100000000000000089e+00,3.345723233442691935e+01
3.434875828247535168e+01,1.110223024625393224e-12,1.100000000000000089e+00,1.100000000000000089e+00,3.350268687988145899e+01
3.439875828247534884e+01,6.626643678230828557e-13,1.100000000000000089e+00,1.100000000000000089e+00,3.354814142533600574e+01
3.444875828247535310e+01,6.661338147750361670e-13,1.100000000000000089e+00,1.100000000000000089e+00,3.359359597079055249e+01
3.449875828247535026e+01,1.110223024625245196e-12,1.100000000000000089e+00,1.100000000000000089e+00,3.363905051624509923e+01
3.454875828247534741e+01,3.993333441698529960e-12,1.100000000000000089e+00,1.100000000000000089e+00,3.368450506169964598e+01
3.459875828247535168e+01,2.883110417073587889e-12,1.100000000000000089e+00,1.100000000000000089e+00,3.372995960715419272e+01
3.464875828247534884e+01,6.626643678230828557e-13,1.100000000000000089e+00,1.100000000000000089e+00,3.377541415260873947e+01
3.469875828247535310e+01,6.661338147750361670e-13,1.100000000000000089e+00,1.100000000000000089e+00,3.382086869806328622e+01
3.474875828247535026e+01,1.110223024625245196e-12,1.100000000000000089e+00,1.100000000000000089e+00,3.386632324351783296e+01
3.479875828247534741e+01,2.883110417073203783e-12,1.100000000000000089e+00,1.100000000000000089e+00,3.391177778897237971e+01
3.484875828247535168e+01,6.661338147751249233e-13,1.100000000000000089e+00,1.100000000000000089e+00,3.395723233442692646e+01
3.489875828247534884e+01,2.220446049250638218e-12,1.100000000000000089e+00,1.100000000000000089e+00,3.400268687988146610e+01
3.494875828247534599e+01,5.103556466324003963e-12,1.100000000000000089e+00,1.100000000000000089e+00,3.404814142533601284e+01
3.499875828247534315e+01,6.213779490948797804e-12,1.100000000000000089e+00,1.100000000000000089e+00,3.409359597079055959e+01
3.504875828247534741e+01,3.327199626923781367e-12,1.100000000000000089e+00,1.100000000000000089e+00,3.413905051624510634e+01
3.509875828247534457e+01,4.440892098500536295e-13,1.100000000000000089e+00,1.100000000000000089e+00,3.418450506169964598e+01
3.514875828247534884e+01,2.886579864024772887e-12,1.100000000000000089e+00,1.100000000000000089e+00,3.422995960715419272e+01
3.519875828247535310e+01,6.213779490948797804e-12,1.100000000000000089e+00,1.100000000000000089e+00,3.427541415260873947e+01
3.524875828247535026e+01,5.103556466324003963e-12,1.100000000000000089e+00,1.082133641928035628e+00,3.432124086004708374e+01
3.529875828247534741e+01,2.216976602298683796e-12,1.100000000000000089e+00,1.034897685277358370e+00,3.436847681669775767e+01
3.534875828247534457e+01,8.222007693723692350e-04,1.100000000000000089e+00,9.854000299332468238e-01,3.441797447204186966e+01
3.539875827140644304e+01,6.364832093977821348e-01,1.100000000000000089e+00,9.332809015137134567e-01,3.447009360046140358e+01
3.544875039581342691e+01,1.296968090649688765e+00,8.780825657740168877e-01,8.780825657740168877e-01,3.452529193620109993e+01
3.549874055782228055e+01,1.362496807804322474e+00,8.567068773443460294e-01,8.567068773443460294e-01,3.458292447738026709e+01
3.554872934617080915e+01,1.413907329104529653e+00,8.409874737377657228e-01,8.409874737377657228e-01,3.464181468728956048e+01
3.559871732949054035e+01,1.445840687322505813e+00,8.316484433882984639e-01,8.316484433882984639e-01,3.470158619262183919e+01
3.564870500742401305e+01,1.455808951019256670e+00,8.287963071854314023e-01,8.287963071854314023e-01,3.476179617903204644e+01
3.569869280177433524e+01,1.442992413075783853e+00,8.324688202208569976e-01,8.324688202208569976e-01,3.482197657230661747e+01
3.574868099984733760e+01,1.408391581381104318e+00,8.426326631913336751e-01,8.426326631913336751e-01,3.488166035692266576e+01
3.579866972644344969e+01,1.354646398867786594e+00,8.591856731418722193e-01,8.591856731418722193e-01,3.494040778669101854e+01
3.584865901187386328e+01,1.245840940976181699e+00,8.959189047009176177e-01,8.959189047009176177e-01,3.499737223890828375e+01
3.589865154917973911e+01,4.309316324721127467e-01,1.100000000000000089e+00,9.500819745749518042e-01,3.505153530878232004e+01
3.594865154917974337e+01,0.000000000000000000e+00,1.100000000000000089e+00,1.001326998743291563e+00,3.510278033295065825e+01
3.599865154917974053e+01,0.000000000000000000e+00,1.100000000000000089e+00,1.050074168053019896e+00,3.515152750226038592e+01
3.604865154917974479e+01,0.000000000000000000e+00,1.100000000000000089e+00,1.055281328935951723e+00,3.519902541895095283e+01
3.609865154917974195e+01,0.000000000000000000e+00,1.100000000000000089e+00,1.006786314567711171e+00,3.524752043331919538e+01
3.614865154917973911e+01,0.000000000000000000e+00,1.100000000000000089e+00,9.558340249231768171e-01,3.529847272296373006e+01
3.619865154917974337e+01,0.000000000000000000e+00,1.100000000000000089e+00,9.020081392098586726e-01,3.535229860867704588e+01
3.624865154917974053e+01,0.000000000000000000e+00,1.100000000000000089e+00,8.447595416453356210e-01,3.540954720624156948e+01
3.629865154917974479e+01,0.000000000000000000e+00,1.100000000000000089e+00,7.833381665671786953e-01,3.547096858131972397e+01
3.634865154917974195e+01,8.717732879454982431e-01,1.071021579171792748e+00,7.166719495004912899e-01,3.553763479838641359e+01
3.639862600398669201e+01,2.417387162056822802e+00,6.431716517283168066e-01,6.431716517283168066e-01,3.561113509615859130e+01
3.644859246248586970e+01,2.568697088528841821e+00,6.239410411237624743e-01,6.239410411237624743e-01,3.569000173332677406e+01
3.649855572823854999e+01,2.587573571735931388e+00,6.216610342169552883e-01,6.216610342169552883e-01,3.577022521198308880e+01
3.654851985171217876e+01,2.478449279227576074e+00,6.351992581285321737e-01,6.351992581285321737e-01,3.584973146065355820e+01
3.659848844271702717e+01,1.454988847778678762e+00,8.290298494519048322e-01,7.095176386367978427e-01,3.592404984116182476e+01
3.664848815295549400e+01,2.656879781733533993e-02,1.100000000000000089e+00,7.767977214266692521e-01,3.599132992395169595e+01
3.669848815295549826e+01,3.469446951953875914e-12,1.100000000000000089e+00,7.775488346273837781e-01,3.605566564085505377e+01
3.674848815295549542e+01,2.973316037823771973e-12,1.100000000000000089e+00,7.103394894206651600e-01,3.612287498606177394e+01
3.679848815295550679e+01,8.924011219893367430e-01,1.058570887984229048e+00,6.360677560059084801e-01,3.619714671947652818e+01
3.684844820890654660e+01,3.282325143605153706e+00,5.519620261651208004e-01,5.519620261651208004e-01,3.628125244931731430e+01
3.689838196490896394e+01,3.573934980524024141e+00,5.289646825021192544e-01,5.289646825021192544e-01,3.637364309079564606e+01
3.694831450798226768e+01,3.430422786515285871e+00,5.399159727888490634e-01,5.399159727888490634e-01,3.646707268525250356e+01
3.699825960268884728e+01,1.397429106666939314e+00,8.459313256383446111e-01,6.256192508912231665e-01,3.655277596335487544e+01
3.704825960268885154e+01,8.985867605560538286e-13,1.100000000000000089e+00,7.009988923569768771e-01,3.662815560482062693e+01
3.709825960268884160e+01,2.773551350141284511e-01,1.100000000000000089e+00,7.690249976988330349e-01,3.669618171016248453e+01
3.714825263179025683e+01,1.699252922107140407e+00,7.671335687026967776e-01,7.671335687026967776e-01,3.676127008084875314e+01
3.719823322437000002e+01,1.941901234735792237e+00,7.176066110635590523e-01,7.176066110635590523e-01,3.682859578976519543e+01
3.724821325333579125e+01,1.928054428372212081e+00,7.201788369679484880e-01,7.201788369679484880e-01,3.689811941588649091e+01
3.729819370562867675e+01,1.297436759090277336e+00,8.779239581368892820e-01,7.865230205164213118e-01,3.696446359943496418e+01
3.734819304065985079e+01,4.537639676523946841e-02,1.100000000000000089e+00,8.477128829176926450e-01,3.702565346183623518e+01
3.739819304065984795e+01,2.840176011043215631e-12,1.100000000000000089e+00,9.047746304271706563e-01,3.708271520934571441e+01
3.744819304065984511e+01,2.840176011043215631e-12,1.100000000000000089e+00,9.584451637233197818e-01,3.713638574264186332e+01
3.749819304065984227e+01,1.071191746415529696e-13,1.100000000000000089e+00,1.009265639891014255e+00,3.718720621880955690e+01
3.754819304065984653e+01,2.947512026118659781e-12,1.100000000000000089e+00,1.057646978847209818e+00,3.723558755776575424e+01
3.759819304065984369e+01,2.733056836402222942e-12,1.100000000000000089e+00,1.100000000000000089e+00,3.728193434247167204e+01
3.764819304065983374e+01,2.625937661760065819e-12,1.100000000000000089e+00,1.100000000000000089e+00,3.732738888792621168e+01
3.769819304065983800e+01,2.732839995966561407e-12,1.100000000000000089e+00,1.100000000000000089e+00,3.737284343338076553e+01
3.774819304065983516e+01,1.071191746415529696e-13,1.100000000000000089e+00,1.100000000000000089e+00,3.741829797883531228e+01
3.779819304065983943e+01,3.054631200760862949e-12,1.100000000000000089e+00,1.100000000000000089e+00,3.746375252428986613e+01
3.784819304065982948e+01,2.947295185685418395e-12,1.100000000000000089e+00,1.100000000000000089e+00,3.750920706974440577e+01
3.789819304065982664e+01,1.071191746415529696e-13,1.100000000000000089e+00,1.100000000000000089e+00,3.755466161519895252e+01
3.794819304065983090e+01,2.947512026118659781e-12,1.100000000000000089e+00,1.100000000000000089e+00,3.760011616065350637e+01
3.799819304065982806e+01,2.840176011043215631e-12,1.100000000000000089e+00,1.100000000000000089e+00,3.764557070610805312e+01
3.804819304065982521e+01,2.840176011043215631e-12,1.100000000000000089e+00,1.100000000000000089e+00,3.769102525156259986e+01
3.809819304065982237e+01,2.840176011043215631e-12,1.100000000000000089e+00,1.100000000000000089e+00,3.773647979701714661e+01
3.814819304065981953e+01,1.071191746415529696e-13,1.100000000000000089e+00,1.100000000000000089e+00,3.778193434247169336e+01
3.819819304065982379e+01,3.054631200760862949e-12,1.100000000000000089e+00,1.100000000000000089e+00,3.782738888792624721e+01
3.824819304065981385e+01,3.054414360326365848e-12,1.100000000000000089e+00,1.100000000000000089e+00,3.787284343338078685e+01
3.829819304065981811e+01,2.947512026118659781e-12,1.100000000000000089e+00,1.100000000000000089e+00,3.791829797883534070e+01
3.834819304065981527e+01,2.947295185684162680e-12,1.100000000000000089e+00,1.100000000000000089e+00,3.796375252428988745e+01
3.839819304065981953e+01,2.144551897176487310e-13,1.100000000000000089e+00,1.100000000000000089e+00,3.800920706974444130e+01
3.844819304065980958e+01,2.733056836402222942e-12,1.100000000000000089e+00,1.100000000000000089e+00,3.805466161519898094e+01
3.849819304065980674e+01,2.947295185684162680e-12,1.100000000000000089e+00,1.100000000000000089e+00,3.810011616065352769e+01
3.854819304065981100e+01,2.947512026118659781e-12,1.100000000000000089e+00,1.100000000000000089e+00,3.814557070610808154e+01
3.859819304065980816e+01,2.947295185684162680e-12,1.100000000000000089e+00,1.100000000000000089e+00,3.819102525156262828e+01
3.864819304065981243e+01,2.144551897176487310e-13,1.100000000000000089e+00,1.100000000000000089e+00,3.823647979701718214e+01
3.869819304065980248e+01,2.733056836402222942e-12,1.100000000000000089e+00,1.100000000000000089e+00,3.828193434247172178e+01
3.874819304065979964e+01,2.947295185684162680e-12,1.100000000000000089e+00,1.100000000000000089e+00,3.832738888792626852e+01
3.879819304065980390e+01,1.073360150760500453e-13,1.100000000000000089e+00,1.100000000000000089e+00,3.837284343338082238e+01
3.884819304065980106e+01,2.840176011043215631e-12,1.100000000000000089e+00,1.100000000000000089e+00,3.841829797883536912e+01
3.889819304065979821e+01,2.840176011043215631e-12,1.100000000000000089e+00,1.100000000000000089e+00,3.846375252428991587e+01
3.894819304065979537e+01,2.840176011043215631e-12,1.100000000000000089e+00,1.100000000000000089e+00,3.850920706974446261e+01
3.899819304065979253e+01,2.947295185684162680e-12,1.100000000000000089e+00,1.100000000000000089e+00,3.855466161519900936e+01
3.904819304065979679e+01,2.144551897176487310e-13,1.100000000000000089e+00,1.100000000000000089e+00,3.860011616065356321e+01
3.909819304065978685e+01,2.625937661760065819e-12,1.100000000000000089e+00,1.100000000000000089e+00,3.864557070610810285e+01
3.914819304065979111e+01,2.732839995966561407e-12,1.100000000000000089e+00,1.100000000000000089e+00,3.869102525156265671e+01
3.919819304065978827e+01,2.840176011043215631e-12,1.100000000000000089e+00,1.100000000000000089e+00,3.873647979701720345e+01
3.924819304065978542e+01,2.840176011043215631e-12,1.100000000000000089e+00,1.100000000000000089e+00,3.878193434247175020e+01
3.929819304065978258e+01,0.000000000000000000e+00,1.100000000000000089e+00,1.100000000000000089e+00,3.882738888792629695e+01
3.934819304065977974e+01,2.733056836401058104e-12,1.100000000000000089e+00,1.100000000000000089e+00,3.887284343338084369e+01
3.939819304065978400e+01,2.732839995966561407e-12,1.100000000000000089e+00,1.100000000000000089e+00,3.891829797883539754e+01
3.944819304065978116e+01,2.947295185685418395e-12,1.100000000000000089e+00,1.100000000000000089e+00,3.896375252428994429e+01
3.949819304065977121e+01,3.054414360326365848e-12,1.100000000000000089e+00,1.100000000000000089e+00,3.900920706974448393e+01
3.954819304065977548e+01,1.073360150760500453e-13,1.100000000000000089e+00,1.100000000000000089e+00,3.905466161519903778e+01
3.959819304065977263e+01,2.733056836401058104e-12,1.100000000000000089e+00,1.100000000000000089e+00,3.910011616065358453e+01
3.964819304065977690e+01,2.625720821325568718e-12,1.100000000000000089e+00,1.100000000000000089e+00,3.914557070610813838e+01
3.969819304065976695e+01,1.071191746415986100e-13,1.100000000000000089e+00,1.100000000000000089e+00,3.919102525156267802e+01
3.974819304065976411e+01,2.733056836401058104e-12,1.100000000000000089e+00,1.100000000000000089e+00,3.923647979701722477e+01
3.979819304065976837e+01,2.732839995966561407e-12,1.100000000000000089e+00,1.100000000000000089e+00,3.928193434247177862e+01
3.984819304065976553e+01,2.840176011043215631e-12,1.100000000000000089e+00,1.100000000000000089e+00,3.932738888792632537e+01
3.989819304065976269e+01,2.840176011043215631e-12,1.100000000000000089e+00,1.100000000000000089e+00,3.937284343338087211e+01
3.994819304065975984e+01,0.000000000000000000e+00,1.100000000000000089e+00,1.100000000000000089e+00,3.941829797883541886e+01
3.999819304065975700e+01,2.733056836401058104e-12,1.100000000000000089e+00,1.100000000000000089e+00,3.946375252428996561e+01
4.004819304065976127e+01,2.625720821325568718e-12,1.100000000000000089e+00,1.100000000000000089e+00,3.950920706974451946e+01
4.009819304065975132e+01,2.625937661760065819e-12,1.100000000000000089e+00,1.100000000000000089e+00,3.955466161519905910e+01
4.014819304065975558e+01,2.732839995966561407e-12,1.100000000000000089e+00,1.100000000000000089e+00,3.960011616065361295e+01
4.019819304065975274e+01,0.000000000000000000e+00,1.100000000000000089e+00,1.100000000000000089e+00,3.964557070610815970e+01
4.024819304065974990e+01,2.733056836401058104e-12,1.100000000000000089e+00,1.100000000000000089e+00,3.969102525156270644e+01
4.029819304065975416e+01,2.625720821325568718e-12,1.100000000000000089e+00,1.100000000000000089e+00,3.973647979701726030e+01
4.034819304065974421e+01,2.625937661760065819e-12,1.100000000000000089e+00,1.100000000000000089e+00,3.978193434247179994e+01
4.039819304065974848e+01,2.732839995966561407e-12,1.100000000000000089e+00,1.100000000000000089e+00,3.982738888792635379e+01
4.044819304065974563e+01,0.000000000000000000e+00,1.100000000000000089e+00,1.100000000000000089e+00,3.987284343338090054e+01
4.049819304065974279e+01,2.840176011043215631e-12,1.100000000000000089e+00,1.100000000000000089e+00,3.991829797883544728e+01
4.054819304065973995e+01,2.840176011043215631e-12,1.100000000000000089e+00,1.100000000000000089e+00,3.996375252428999403e+01
4.059819304065973711e+01,1.071191746415529696e-13,1.100000000000000089e+00,1.100000000000000089e+00,4.000920706974454077e+01
4.064819304065974137e+01,3.054631200760862949e-12,1.100000000000000089e+00,1.100000000000000089e+00,4.005466161519909463e+01
4.069819304065973142e+01,2.947295185685418395e-12,1.100000000000000089e+00,1.100000000000000089e+00,4.010011616065363427e+01
4.074819304065972858e+01,2.733056836401058104e-12,1.100000000000000089e+00,1.100000000000000089e+00,4.014557070610818101e+01
4.079819304065973284e+01,2.732839995966561407e-12,1.100000000000000089e+00,1.100000000000000089e+00,4.019102525156273487e+01
4.084819304065973000e+01,1.071191746415529696e-13,1.100000000000000089e+00,1.100000000000000089e+00,4.023647979701728161e+01
4.089819304065973427e+01,3.054631200760862949e-12,1.100000000000000089e+00,1.100000000000000089e+00,4.028193434247183546e+01
4.094819304065972432e+01,2.947295185685418395e-12,1.100000000000000089e+00,1.100000000000000089e+00,4.032738888792637511e+01
4.099819304065972148e+01,2.733056836401058104e-12,1.100000000000000089e+00,1.100000000000000089e+00,4.037284343338092185e+01
4.104819304065972574e+01,2.732839995966561407e-12,1.100000000000000089e+00,1.100000000000000089e+00,4.041829797883547570e+01
4.109819304065972290e+01,0.000000000000000000e+00,1.100000000000000089e+00,1.100000000000000089e+00,4.046375252429002245e+01
4.114819304065972005e+01,2.840176011043215631e-12,1.100000000000000089e+00,1.100000000000000089e+00,4.050920706974456920e+01
4.119819304065971721e+01,2.840176011043215631e-12,1.100000000000000089e+00,1.100000000000000089e+00,4.055466161519911594e+01
4.124819304065971437e+01,2.733056836401058104e-12,1.100000000000000089e+00,1.100000000000000089e+00,4.060011616065366269e+01
4.129819304065971863e+01,2.625720821325568718e-12,1.100000000000000089e+00,1.100000000000000089e+00,4.064557070610821654e+01
4.134819304065970869e+01,2.142383492831516048e-13,1.100000000000000089e+00,1.100000000000000089e+00,4.069102525156275618e+01
4.139819304065971295e+01,2.947512026118659781e-12,1.100000000000000089e+00,1.100000000000000089e+00,4.073647979701731003e+01
4.144819304065971011e+01,2.840176011043215631e-12,1.100000000000000089e+00,1.100000000000000089e+00,4.078193434247185678e+01
4.149819304065970726e+01,0.000000000000000000e+00,1.100000000000000089e+00,1.100000000000000089e+00,4.082738888792640353e+01
4.154819304065970442e+01,2.840176011043215631e-12,1.100000000000000089e+00,1.100000000000000089e+00,4.087284343338095027e+01
4.159819304065970158e+01,2.947295185684162680e-12,1.100000000000000089e+00,1.100000000000000089e+00,4.091829797883549702e+01
4.164819304065970584e+01,2.947512026118659781e-12,1.100000000000000089e+00,1.100000000000000089e+00,4.096375252429005087e+01
4.169819304065970300e+01,2.733056836402222942e-12,1.100000000000000089e+00,1.100000000000000089e+00,4.100920706974459762e+01
4.174819304065969305e+01,2.142383492831516048e-13,1.100000000000000089e+00,1.100000000000000089e+00,4.105466161519913726e+01
4.179819304065969732e+01,2.947512026118659781e-12,1.100000000000000089e+00,1.100000000000000089e+00,4.110011616065369111e+01
4.184819304065969447e+01,2.947295185684162680e-12,1.100000000000000089e+00,1.100000000000000089e+00,4.114557070610823786e+01
4.189819304065969874e+01,3.054631200760862949e-12,1.100000000000000089e+00,1.100000000000000089e+00,4.119102525156279171e+01
4.194819304065968879e+01,2.947295185685418395e-12,1.100000000000000089e+00,1.100000000000000089e+00,4.123647979701733135e+01
4.199819304065968595e+01,1.071191746415529696e-13,1.100000000000000089e+00,1.100000000000000089e+00,4.128193434247187810e+01
4.204819304065969021e+01,2.947512026118659781e-12,1.100000000000000089e+00,1.100000000000000089e+00,4.132738888792643195e+01
4.209819304065968737e+01,2.840176011043215631e-12,1.100000000000000089e+00,1.100000000000000089e+00,4.137284343338097869e+01
4.214819304065968453e+01,2.840176011043215631e-12,1.100000000000000089e+00,1.100000000000000089e+00,4.141829797883552544e+01
4.219819304065968169e+01,2.840176011043215631e-12,1.100000000000000089e+00,1.100000000000000089e+00,4.146375252429007219e+01
4.224819304065967884e+01,1.071191746415529696e-13,1.100000000000000089e+00,1.100000000000000089e+00,4.150920706974461893e+01
4.229819304065968311e+01,3.054631200760862949e-12,1.100000000000000089e+00,1.100000000000000089e+00,4.155466161519917279e+01
4.234819304065967316e+01,3.054414360326365848e-12,1.100000000000000089e+00,1.100000000000000089e+00,4.160011616065371243e+01
4.239819304065967742e+01,1.073360150760500453e-13,1.100000000000000089e+00,1.100000000000000089e+00,4.164557070610826628e+01
4.244819304065967458e+01,2.840176011043215631e-12,1.100000000000000089e+00,1.100000000000000089e+00,4.169102525156281303e+01
4.249819304065967174e+01,2.947295185684162680e-12,1.100000000000000089e+00,1.100000000000000089e+00,4.173647979701735977e+01
4.254819304065967600e+01,3.054631200760862949e-12,1.100000000000000089e+00,1.100000000000000089e+00,4.178193434247191362e+01
4.259819304065966605e+01,3.054414360326365848e-12,1.100000000000000089e+00,1.100000000000000089e+00,4.182738888792645326e+01
4.264819304065967032e+01,1.073360150760500453e-13,1.100000000000000089e+00,1.100000000000000089e+00,4.187284343338100712e+01
4.269819304065966747e+01,2.840176011043215631e-12,1.100000000000000089e+00,1.100000000000000089e+00,4.191829797883555386e+01
4.274819304065966463e+01,2.840176011043215631e-12,1.100000000000000089e+00,1.100000000000000089e+00,4.196375252429010061e+01
4.279819304065966179e+01,2.840176011043215631e-12,1.100000000000000089e+00,1.100000000000000089e+00,4.200920706974464736e+01
4.284819304065965895e+01,2.947295185684162680e-12,1.100000000000000089e+00,1.100000000000000089e+00,4.205466161519919410e+01
4.289819304065966321e+01,2.144551897176487310e-13,1.100000000000000089e+00,1.100000000000000089e+00,4.210011616065374795e+01
4.294819304065965326e+01,2.733056836402222942e-12,1.100000000000000089e+00,1.100000000000000089e+00,4.214557070610828760e+01
4.299819304065965042e+01,2.947295185684162680e-12,1.100000000000000089e+00,1.100000000000000089e+00,4.219102525156283434e+01
4.304819304065965468e+01,1.073360150760500453e-13,1.100000000000000089e+00,1.100000000000000089e+00,4.223647979701738819e+01
4.309819304065965184e+01,2.733056836401058104e-12,1.100000000000000089e+00,1.100000000000000089e+00,4.228193434247193494e+01
4.314819304065965611e+01,2.625720821325568718e-12,1.100000000000000089e+00,1.100000000000000089e+00,4.232738888792648879e+01
4.319819304065964616e+01,2.733056836402222942e-12,1.100000000000000089e+00,1.100000000000000089e+00,4.237284343338102843e+01
4.324819304065964332e+01,2.947295185684162680e-12,1.100000000000000089e+00,1.100000000000000089e+00,4.241829797883557518e+01
4.329819304065964758e+01,1.073360150760500453e-13,1.100000000000000089e+00,1.100000000000000089e+00,4.246375252429012903e+01
4.334819304065964474e+01,2.840176011043215631e-12,1.100000000000000089e+00,1.100000000000000089e+00,4.250920706974467578e+01
4.339819304065964189e+01,2.840176011043215631e-12,1.100000000000000089e+00,1.100000000000000089e+00,4.255466161519922252e+01
4.344819304065963905e+01,2.840176011043215631e-12,1.100000000000000089e+00,1.100000000000000089e+00,4.260011616065376927e+01
4.349819304065963621e+01,2.947295185684162680e-12,1.100000000000000089e+00,1.100000000000000089e+00,4.264557070610831602e+01
4.354819304065964047e+01,2.144551897176487310e-13,1.100000000000000089e+00,1.100000000000000089e+00,4.269102525156286987e+01
4.359819304065963053e+01,2.625937661760065819e-12,1.100000000000000089e+00,1.100000000000000089e+00,4.273647979701740951e+01
4.364819304065963479e+01,2.732839995966561407e-12,1.100000000000000089e+00,1.100000000000000089e+00,4.278193434247196336e+01
4.369819304065963195e+01,2.840176011043215631e-12,1.100000000000000089e+00,1.100000000000000089e+00,4.282738888792651011e+01
4.374819304065962910e+01,2.840176011043215631e-12,1.100000000000000089e+00,1.100000000000000089e+00,4.287284343338105685e+01
4.379819304065962626e+01,0.000000000000000000e+00,1.100000000000000089e+00,1.100000000000000089e+00,4.291829797883560360e+01
4.384819304065962342e+01,2.733056836401058104e-12,1.100000000000000089e+00,1.100000000000000089e+00,4.296375252429015035e+01
4.389819304065962768e+01,2.732839995966561407e-12,1.100000000000000089e+00,1.100000000000000089e+00,4.300920706974470420e+01
4.394819304065962484e+01,1.071191746415986100e-13,1.100000000000000089e+00,1.100000000000000089e+00,4.305466161519925095e+01
4.399819304065961489e+01,2.625937661760065819e-12,1.100000000000000089e+00,1.100000000000000089e+00,4.310011616065379059e+01
4.404819304065961916e+01,2.732839995966561407e-12,1.100000000000000089e+00,1.100000000000000089e+00,4.314557070610834444e+01
4.409819304065961632e+01,2.733056836401058104e-12,1.100000000000000089e+00,1.100000000000000089e+00,4.319102525156289119e+01
4.414819304065962058e+01,2.732839995966561407e-12,1.100000000000000089e+00,1.100000000000000089e+00,4.323647979701744504e+01
4.419819304065961774e+01,1.071191746415986100e-13,1.100000000000000089e+00,1.100000000000000089e+00,4.328193434247199178e+01
4.424819304065960779e+01,2.625937661760065819e-12,1.100000000000000089e+00,1.100000000000000089e+00,4.332738888792653142e+01
4.429819304065961205e+01,2.732839995966561407e-12,1.100000000000000089e+00,1.100000000000000089e+00,4.337284343338108528e+01
4.434819304065960921e+01,2.840176011043215631e-12,1.100000000000000089e+00,1.100000000000000089e+00,4.341829797883563202e+01
4.439819304065960637e+01,2.840176011043215631e-12,1.100000000000000089e+00,1.100000000000000089e+00,4.346375252429017877e+01
4.444819304065960353e+01,0.000000000000000000e+00,1.100000000000000089e+00,1.100000000000000089e+00,4.350920706974472552e+01
4.449819304065960068e+01,2.733056836401058104e-12,1.100000000000000089e+00,1.100000000000000089e+00,4.355466161519927226e+01
4.454819304065960495e+01,2.625720821325568718e-12,1.100000000000000089e+00,1.100000000000000089e+00,4.360011616065382611e+01
4.459819304065959500e+01,2.625937661760065819e-12,1.100000000000000089e+00,1.100000000000000089e+00,4.364557070610836575e+01
4.464819304065959926e+01,2.732839995966561407e-12,1.100000000000000089e+00,1.100000000000000089e+00,4.369102525156291961e+01
4.469819304065959642e+01,0.000000000000000000e+00,1.100000000000000089e+00,1.092163435810016514e+00,4.373664228830682532e+01
4.474819304065959358e+01,2.733056836401058104e-12,1.100000000000000089e+00,1.045380777764897795e+00,4.378342494635194271e+01
4.479819304065959784e+01,2.625720821325568718e-12,1.100000000000000089e+00,9.964040197230891183e-01,4.383240170439375305e+01
4.484819304065958789e+01,2.142383492831516048e-13,1.100000000000000089e+00,9.448920417277028028e-01,4.388391368238914225e+01
4.489819304065959216e+01,2.947512026118659781e-12,1.100000000000000089e+00,8.904049474931814423e-01,4.393840077662366639e+01
4.494819304065958931e+01,2.840176011043215631e-12,1.100000000000000089e+00,8.323586790082369014e-01,4.399644704510861004e+01
4.499819304065958647e+01,1.374356749841887104e-01,1.100000000000000089e+00,7.699486804458720579e-01,4.405885704367097588e+01
4.504818974807297138e+01,1.844391411139123527e+00,7.363316264572908887e-01,7.020167773590378912e-01,4.412678894675781294e+01
4.509815736659910357e+01,2.545226650035284699e+00,6.268112304683949310e-01,6.268112304683949310e-01,4.420199449364845634e+01
4.514812043775004469e+01,2.646746919653360841e+00,6.146725117592592991e-01,6.146725117592592991e-01,4.428248378150862408e+01
4.519808168855413300e+01,2.628691375441448042e+00,6.167798824665949864e-01,6.167798824665949864e-01,4.436362577455415135e+01
4.524804590535759274e+01,2.468007094798283507e+00,6.365416097515806948e-01,6.365416097515806948e-01,4.444335666102451654e+01
4.529801633585665854e+01,1.148092196984159319e+00,9.332792656578737800e-01,7.107222255869471983e-01,4.451753727685988338e+01
4.534801633585665570e+01,2.157996004114781691e-12,1.100000000000000089e+00,7.778985036258035946e-01,4.458471355489874099e+01
4.539801633585665996e+01,3.087807787238692394e-13,1.100000000000000089e+00,8.292231290201882432e-01,4.464693659886049204e+01
4.544801633585665712e+01,0.000000000000000000e+00,1.100000000000000089e+00,7.665578893352030798e-01,4.470960183854547410e+01
4.549801633585665428e+01,1.476412078960190506e-02,1.100000000000000089e+00,6.982914847698281635e-01,4.477786824311085212e+01
4.554801619346394403e+01,1.940528601262375252e+00,7.178603658211801797e-01,6.225843577279045471e-01,4.485357537015277529e+01
4.559795532032953247e+01,3.475443901322179840e+00,5.364075211593214432e-01,5.364075211593214432e-01,4.493975220672135862e+01
4.564788957706470995e+01,3.433691351935305835e+00,5.396589358760268684e-01,5.396589358760268684e-01,4.503256107815992948e+01
4.569783385490903527e+01,1.361090284269573347e+00,8.571494149408145358e-01,6.253961326707223600e-01,4.511829827495462553e+01
4.574783385490903242e+01,3.679681173558132894e-03,1.100000000000000089e+00,7.007997736582740611e-01,4.519370191594217800e+01
4.579783384019744119e+01,7.094469357727049008e-01,1.100000000000000089e+00,7.688434777874549875e-01,4.526174562007135904e+01
4.584782507540030849e+01,1.301042290834812265e+00,8.767066346130892862e-01,8.313259070557396102e-01,4.532422804933964500e+01
4.589781620935158202e+01,1.293863458845252445e+00,8.791354163142336420e-01,8.791354163142336420e-01,4.538268144231409451e+01
4.594780747000112342e+01,6.399347239047628033e-01,1.100000000000000089e+00,9.342706254170076718e-01,4.543781665141686688e+01
4.599780747000112058e+01,0.000000000000000000e+00,1.100000000000000089e+00,9.863374683733153736e-01,4.548988349437317424e+01
4.604780747000112484e+01,0.000000000000000000e+00,1.100000000000000089e+00,1.001863950246550727e+00,4.554018020931538047e+01
4.609780747000112200e+01,0.000000000000000000e+00,1.100000000000000089e+00,9.506478710877275251e-01,4.559139628847420056e+01
4.614780747000112626e+01,0.000000000000000000e+00,1.100000000000000089e+00,8.965106663077802018e-01,4.564553349325414899e+01
4.619780747000112342e+01,0.000000000000000000e+00,1.100000000000000089e+00,8.388869857159698684e-01,4.570315717384595899e+01
4.624780747000112058e+01,2.318530136828035604e-02,1.100000000000000089e+00,7.770015281861623047e-01,4.576504263137576345e+01
4.629780721223712447e+01,1.416292460828371347e+00,8.402790356243196035e-01,7.097407204970145322e-01,4.583230343906490845e+01
4.634777575808740124e+01,2.476505401729238720e+00,6.354485019504444443e-01,6.354485019504444443e-01,4.590659565761147576e+01
4.639774028302738174e+01,2.587035323016387611e+00,6.217257010674928086e-01,6.217257010674928086e-01,4.598608269261432469e+01
4.644770420251225573e+01,2.572014788628337101e+00,6.235384934313636940e-01,6.235384934313636940e-01,4.606632898846960700e+01
4.649767118866234483e+01,2.425054178277136430e+00,6.421541257463126984e-01,6.421541257463126984e-01,4.614528494569491812e+01
4.654764515274245440e+01,9.052897130196969622e-01,1.051008448937817308e+00,7.157582338843356817e-01,4.621888905383293888e+01
4.659764515274245866e+01,0.000000000000000000e+00,1.100000000000000089e+00,7.825022999156149295e-01,4.628563311986421525e+01
4.664764515274246293e+01,1.651456749130024559e-12,1.100000000000000089e+00,7.676240018741994353e-01,4.635014399222638559e+01
4.669764515274246008e+01,3.965577866083723380e-12,1.100000000000000089e+00,6.994616560279547368e-01,4.641830633807263240e+01
4.674764515274245724e+01,1.605040938215600343e+00,7.893269714742363607e-01,6.238963121011161794e-01,4.649387168199947240e+01
4.679758801586582706e+01,3.455892147775032619e+00,5.379227472478167460e-01,5.379227472478167460e-01,4.657984524685276995e+01
4.684752023470573334e+01,3.572107266056358643e+00,5.290999909761207043e-01,5.290999909761207043e-01,4.667343691467986133e+01
4.689745436827973890e+01,3.201828815679352847e+00,5.588573223360255859e-01,5.588573223360255859e-01,4.676523120286197610e+01
4.694742074498757489e+01,7.415643157290748855e-01,1.100000000000000089e+00,6.420702922143876057e-01,4.684844417274033646e+01
4.699742074498757205e+01,2.695760281667797474e-12,1.100000000000000089e+00,7.157194004246837382e-01,4.692209328095063370e+01
4.704742074498757631e+01,2.970572027384114633e-01,1.100000000000000089e+00,7.824667789397022899e-01,4.698884065946565158e+01
4.709741701543049430e+01,9.301564794744401343e-01,1.036864468288072327e+00,8.439471553540035531e-01,4.705032103587995351e+01
4.714741224895443139e+01,9.529814758542385356e-01,1.024372168735626420e+00,9.012420696338985238e-01,4.710761595015984682e+01
4.719740737607804704e+01,9.488473403754870139e-01,1.026601342124231042e+00,9.551060267453121977e-01,4.716147990727125716e+01
4.724740266463182081e+01,4.680460852397483884e-01,1.100000000000000089e+00,1.006090502605388570e+00,4.721246438313133353e+01
4.729740266463182508e+01,2.411265631607267088e-12,1.100000000000000089e+00,1.054617513334942913e+00,4.726099139386089121e+01
4.734740266463182223e+01,0.000000000000000000e+00,1.100000000000000089e+00,1.100000000000000089e+00,4.730740334372256939e+01
4.739740266463181939e+01,0.000000000000000000e+00,1.100000000000000089e+00,1.100000000000000089e+00,4.735285788917711614e+01
4.744740266463181655e+01,0.000000000000000000e+00,1.100000000000000089e+00,1.100000000000000089e+00,4.739831243463166288e+01
4.749740266463181371e+01,2.411265631607267088e-12,1.100000000000000089e+00,1.100000000000000089e+00,4.744376698008620963e+01
4.754740266463181797e+01,2.009677146919143136e-12,1.100000000000000089e+00,1.100000000000000089e+00,4.748922152554076348e+01
4.759740266463180802e+01,8.040443311152791688e-13,1.100000000000000089e+00,1.100000000000000089e+00,4.753467607099530312e+01
4.764740266463181229e+01,4.015884846885605643e-13,1.100000000000000089e+00,1.100000000000000089e+00,4.758013061644985697e+01
4.769740266463180944e+01,4.015884846887301000e-13,1.100000000000000089e+00,1.100000000000000089e+00,4.762558516190440372e+01
4.774740266463179950e+01,8.040443311152791688e-13,1.100000000000000089e+00,1.100000000000000089e+00,4.767103970735894336e+01
4.779740266463180376e+01,4.015884846885605643e-13,1.100000000000000089e+00,1.100000000000000089e+00,4.771649425281349721e+01
4.784740266463180092e+01,2.813721478034398071e-12,1.100000000000000089e+00,1.100000000000000089e+00,4.776194879826804396e+01
4.789740266463179807e+01,2.813721478034398071e-12,1.100000000000000089e+00,1.100000000000000089e+00,4.780740334372259071e+01
4.794740266463179523e+01,0.000000000000000000e+00,1.100000000000000089e+00,1.100000000000000089e+00,4.785285788917713745e+01
4.799740266463179239e+01,0.000000000000000000e+00,1.100000000000000089e+00,1.066743763162612213e+00,4.789901009309719626e+01
4.804740266463178955e+01,0.000000000000000000e+00,1.100000000000000089e+00,1.018794511295743499e+00,4.794695934496406409e+01
4.809740266463178671e+01,4.024558464265488164e-13,1.100000000000000089e+00,9.684741897677676681e-01,4.799727966649204092e+01
4.814740266463179097e+01,8.040443311152791688e-13,1.100000000000000089e+00,9.153918593948283666e-01,4.805036199686497866e+01
4.819740266463178102e+01,2.411265631608285311e-12,1.100000000000000089e+00,8.590356548166883099e-01,4.810671820144311539e+01
4.824740266463177818e+01,3.215309962722352386e-12,1.100000000000000089e+00,7.987128747217836500e-01,4.816704098153802249e+01
4.829740266463178244e+01,8.040443311152791688e-13,1.100000000000000089e+00,7.334454691702191331e-01,4.823230838708958856e+01
4.834740266463177250e+01,8.040443311152791688e-13,1.100000000000000089e+00,6.617720576197956284e-01,4.830398179864000952e+01
4.839740266463177676e+01,4.015884846885605643e-13,1.100000000000000089e+00,5.813280108908611687e-01,4.838442584536894486e+01
4.844740266463177392e+01,0.000000000000000000e+00,1.100000000000000089e+00,4.877932515383196499e-01,4.847796060472148838e+01
4.849740266463177107e+01,2.813721478034398071e-12,1.100000000000000089e+00,3.714057838083940633e-01,4.859434807245141741e+01
4.854740266463176823e+01,8.105455858360176021e-12,1.100000000000000089e+00,1.947877209844777191e-01,4.877096613527533719e+01
4.856637379275493061e+01,0.000000000000000000e+00,1.100000000000000089e+00,0.000000000000000000e+00,4.896575385625981625e+01
